root_correct,condition,multiplicity,method,root_confidence_mean,root_confidence_std,root_confidence_ci95_low,root_confidence_ci95_high,posterior_error_mean,posterior_error_std,posterior_error_ci95_low,posterior_error_ci95_high,decision_regret_mean,decision_regret_std,decision_regret_ci95_low,decision_regret_ci95_high,value_rmse_mean,value_rmse_std,value_rmse_ci95_low,value_rmse_ci95_high,reward_mean,reward_std,reward_ci95_low,reward_ci95_high,expected_reward_mean,expected_reward_std,expected_reward_ci95_low,expected_reward_ci95_high,brier_mean,brier_std,brier_ci95_low,brier_ci95_high,nll_mean,nll_std,nll_ci95_low,nll_ci95_high,action_flip_mean,action_flip_std,action_flip_ci95_low,action_flip_ci95_high,harmful_flip_mean,harmful_flip_std,harmful_flip_ci95_low,harmful_flip_ci95_high,helpful_flip_mean,helpful_flip_std,helpful_flip_ci95_low,helpful_flip_ci95_high,n_seeds
0,independent_rollout,1,belief_mixing,0.4424691254563428,0.01517223815584772,0.43680371862059386,0.44813453229209177,0.0,0.0,0.0,0.0,0.14294055996179084,0.062354923918108235,0.11965684871368479,0.16622427120989688,0.7710634819727332,0.05041206262379372,0.752239308422375,0.7898876555230915,0.3946864554111434,0.12683165846941089,0.3473267358034579,0.44204617501882887,0.757783950941988,0.08590413950472932,0.7257068180779982,0.7898610838059779,0.2832337546909587,0.015960578585380584,0.27727397670096765,0.2891935326809497,0.8246502118891942,0.053864997432309,0.8045366912915107,0.8447637324868776,0.0,0.0,0.0,0.0,0.0,0.0,0.0,0.0,0.0,0.0,0.0,0.0,30
0,independent_rollout,1,exact_dedup,0.4424728026028771,0.015180171741985883,0.43680443331737767,0.4481411718883765,3.6771465342893887e-06,2.0140561040822416e-05,-3.843462556104805e-06,1.1197755624683582e-05,0.14294055996179084,0.062354923918108235,0.11965684871368479,0.16622427120989688,0.7710748522108529,0.05040698298247389,0.7522525754297361,0.7898971289919697,0.3946864554111434,0.12683165846941089,0.3473267358034579,0.44204617501882887,0.757783950941988,0.08590413950472932,0.7257068180779982,0.7898610838059779,0.2832409345578817,0.01597146532919308,0.27727709139094175,0.2892047777248216,0.824806268770009,0.05415337501187941,0.8045850662144104,0.8450274713256075,0.0,0.0,0.0,0.0,0.0,0.0,0.0,0.0,0.0,0.0,0.0,0.0,30
0,independent_rollout,1,flat,0.4424691254563428,0.015172238155847721,0.43680371862059386,0.44813453229209177,4.255854927729765e-18,1.6226035133459045e-18,3.64996481832115e-18,4.861745037138379e-18,0.14294055996179084,0.062354923918108235,0.11965684871368479,0.16622427120989688,0.7710634819727332,0.05041206262379372,0.752239308422375,0.7898876555230915,0.3946864554111434,0.12683165846941089,0.3473267358034579,0.44204617501882887,0.757783950941988,0.08590413950472932,0.7257068180779982,0.7898610838059779,0.2832337546909587,0.015960578585380584,0.27727397670096765,0.2891935326809497,0.8246502118891942,0.053864997432309,0.8045366912915107,0.8447637324868776,0.0,0.0,0.0,0.0,0.0,0.0,0.0,0.0,0.0,0.0,0.0,0.0,30
0,independent_rollout,1,provenance,0.4424691254563428,0.01517223815584772,0.43680371862059386,0.44813453229209177,0.0,0.0,0.0,0.0,0.14294055996179084,0.062354923918108235,0.11965684871368479,0.16622427120989688,0.7710634819727332,0.05041206262379372,0.752239308422375,0.7898876555230915,0.3946864554111434,0.12683165846941089,0.3473267358034579,0.44204617501882887,0.757783950941988,0.08590413950472932,0.7257068180779982,0.7898610838059779,0.2832337546909587,0.015960578585380584,0.27727397670096765,0.2891935326809497,0.8246502118891942,0.053864997432309,0.8045366912915107,0.8447637324868776,0.0,0.0,0.0,0.0,0.0,0.0,0.0,0.0,0.0,0.0,0.0,0.0,30
0,independent_rollout,1,semantic_dedup,0.4424728026028771,0.015180171741985883,0.43680443331737767,0.4481411718883765,3.6771465342893887e-06,2.0140561040822416e-05,-3.843462556104805e-06,1.1197755624683582e-05,0.14294055996179084,0.062354923918108235,0.11965684871368479,0.16622427120989688,0.7710748522108529,0.05040698298247389,0.7522525754297361,0.7898971289919697,0.3946864554111434,0.12683165846941089,0.3473267358034579,0.44204617501882887,0.757783950941988,0.08590413950472932,0.7257068180779982,0.7898610838059779,0.2832409345578817,0.01597146532919308,0.27727709139094175,0.2892047777248216,0.824806268770009,0.05415337501187941,0.8045850662144104,0.8450274713256075,0.0,0.0,0.0,0.0,0.0,0.0,0.0,0.0,0.0,0.0,0.0,0.0,30
0,independent_rollout,1,source_average,0.4424691254563428,0.01517223815584772,0.43680371862059386,0.44813453229209177,0.0,0.0,0.0,0.0,0.14294055996179084,0.062354923918108235,0.11965684871368479,0.16622427120989688,0.7710634819727332,0.05041206262379372,0.752239308422375,0.7898876555230915,0.3946864554111434,0.12683165846941089,0.3473267358034579,0.44204617501882887,0.757783950941988,0.08590413950472932,0.7257068180779982,0.7898610838059779,0.2832337546909587,0.015960578585380584,0.27727397670096765,0.2891935326809497,0.8246502118891942,0.053864997432309,0.8045366912915107,0.8447637324868776,0.0,0.0,0.0,0.0,0.0,0.0,0.0,0.0,0.0,0.0,0.0,0.0,30
0,independent_rollout,1,trajectory_average,0.5,0.0,0.5,0.5,0.26814164671428303,0.012014169057499281,0.2636554822601635,0.27262781116840257,0.46037042424565366,0.12155265731115927,0.4149819160664125,0.5057589324248949,0.9062463855188247,0.06545899370736993,0.881803595562483,0.9306891754751665,0.31029202329491706,0.13031257800347626,0.26163250697165047,0.35895153961818366,0.44035408665812537,0.12645350448434484,0.3931355720691031,0.48757260124714763,0.25,0.0,0.25,0.25,0.693147180559945,3.387607712450221e-16,0.6931471805599448,0.6931471805599451,0.0,0.0,0.0,0.0,0.0,0.0,0.0,0.0,0.0,0.0,0.0,0.0,30
0,independent_rollout,2,belief_mixing,0.4424691254563428,0.01517223815584772,0.43680371862059386,0.44813453229209177,0.0,0.0,0.0,0.0,0.08142919293370596,0.04006559897297536,0.06646845240430793,0.09638993346310398,0.5427230030367661,0.04056787096266232,0.5275747110640973,0.557871295009435,0.4333517399282902,0.09850203880712441,0.3965704741545254,0.47013300570205496,0.8192953179700732,0.0602476436500314,0.7967984781059363,0.84179215783421,0.2832337546909587,0.015960578585380584,0.27727397670096765,0.2891935326809497,0.8246502118891942,0.053864997432309,0.8045366912915107,0.8447637324868776,0.11055555555555555,0.04621359151665724,0.09329911688160367,0.12781199422950743,0.04222222222222223,0.02688607059103857,0.032182798470216954,0.05226164597422751,0.06833333333333334,0.033433756772968594,0.055848963379429184,0.0808177032872375,30
0,independent_rollout,2,exact_dedup,0.44247095779715817,0.015176188679511557,0.4368040758116298,0.44813783978268656,1.832340815391611e-06,1.0036143976273949e-05,-1.9152169347369196e-06,5.579898565520141e-06,0.08142919293370596,0.04006559897297536,0.06646845240430793,0.09638993346310398,0.5427284823707912,0.040574643781835375,0.52757766138588,0.5578793033557023,0.4333517399282902,0.09850203880712441,0.3965704741545254,0.47013300570205496,0.8192953179700732,0.0602476436500314,0.7967984781059363,0.84179215783421,0.2832373263705911,0.015965983099555273,0.2772755303018411,0.28919912243934115,0.8247225159417721,0.0539971174017187,0.8045596609367228,0.8448853709468215,0.11055555555555555,0.04621359151665724,0.09329911688160367,0.12781199422950743,0.04222222222222223,0.02688607059103857,0.032182798470216954,0.05226164597422751,0.06833333333333334,0.033433756772968594,0.055848963379429184,0.0808177032872375,30
0,independent_rollout,2,flat,0.5629851311268573,0.015524129074284257,0.5571883260626947,0.5687819361910199,0.12051600567051456,0.006704241486687166,0.11801260075707733,0.12301941058395179,0.15586628923888807,0.058202407155170686,0.1341331532330538,0.17759942524472233,0.6286777460267238,0.04711109267806768,0.6110861749113538,0.6462693171420938,0.1722429538857568,0.11801055137380678,0.12817708980057033,0.21630881797094328,0.7448582216648909,0.07213089829589953,0.7179241015913277,0.7717923417384541,0.4012017799200843,0.016372526797917106,0.3950881779395056,0.407315381900663,1.2028090584081503,0.06587000821812143,1.1782127931111974,1.2274053237051032,0.175,0.05514696491615474,0.15440778487672419,0.1955922151232758,0.12000000000000001,0.03724208882536838,0.1060935754869172,0.13390642451308282,0.05500000000000002,0.030685026987539932,0.0435420226162647,0.06645797738373535,30
0,independent_rollout,2,provenance,0.4424691254563428,0.01517223815584772,0.43680371862059386,0.44813453229209177,0.0,0.0,0.0,0.0,0.08142919293370596,0.04006559897297536,0.06646845240430793,0.09638993346310398,0.5427230030367661,0.04056787096266232,0.5275747110640973,0.557871295009435,0.4333517399282902,0.09850203880712441,0.3965704741545254,0.47013300570205496,0.8192953179700732,0.0602476436500314,0.7967984781059363,0.84179215783421,0.2832337546909587,0.015960578585380584,0.27727397670096765,0.2891935326809497,0.8246502118891942,0.053864997432309,0.8045366912915107,0.8447637324868776,0.11055555555555555,0.04621359151665724,0.09329911688160367,0.12781199422950743,0.04222222222222223,0.02688607059103857,0.032182798470216954,0.05226164597422751,0.06833333333333334,0.033433756772968594,0.055848963379429184,0.0808177032872375,30
0,independent_rollout,2,semantic_dedup,0.44247095779715817,0.015176188679511557,0.4368040758116298,0.44813783978268656,1.832340815391611e-06,1.0036143976273949e-05,-1.9152169347369196e-06,5.579898565520141e-06,0.08142919293370596,0.04006559897297536,0.06646845240430793,0.09638993346310398,0.5427284823707912,0.040574643781835375,0.52757766138588,0.5578793033557023,0.4333517399282902,0.09850203880712441,0.3965704741545254,0.47013300570205496,0.8192953179700732,0.0602476436500314,0.7967984781059363,0.84179215783421,0.2832373263705911,0.015965983099555273,0.2772755303018411,0.28919912243934115,0.8247225159417721,0.0539971174017187,0.8045596609367228,0.8448853709468215,0.11055555555555555,0.04621359151665724,0.09329911688160367,0.12781199422950743,0.04222222222222223,0.02688607059103857,0.032182798470216954,0.05226164597422751,0.06833333333333334,0.033433756772968594,0.055848963379429184,0.0808177032872375,30
0,independent_rollout,2,source_average,0.4424691254563428,0.01517223815584772,0.43680371862059386,0.44813453229209177,0.0,0.0,0.0,0.0,0.08142919293370596,0.04006559897297536,0.06646845240430793,0.09638993346310398,0.5427230030367661,0.04056787096266232,0.5275747110640973,0.557871295009435,0.4333517399282902,0.09850203880712441,0.3965704741545254,0.47013300570205496,0.8192953179700732,0.0602476436500314,0.7967984781059363,0.84179215783421,0.2832337546909587,0.015960578585380584,0.27727397670096765,0.2891935326809497,0.8246502118891942,0.053864997432309,0.8045366912915107,0.8447637324868776,0.11055555555555555,0.04621359151665724,0.09329911688160367,0.12781199422950743,0.04222222222222223,0.02688607059103857,0.032182798470216954,0.05226164597422751,0.06833333333333334,0.033433756772968594,0.055848963379429184,0.0808177032872375,30
0,independent_rollout,2,trajectory_average,0.5,0.0,0.5,0.5,0.26814164671428303,0.012014169057499281,0.2636554822601635,0.27262781116840257,0.43371492294797814,0.10273977199860293,0.3953512615945718,0.4720785843013845,0.7783411432398027,0.0588932406240107,0.7563500457772258,0.8003322407023797,0.3380547828378419,0.11682354029450047,0.29443215597406824,0.38167740970161557,0.4670095879558007,0.10626895953389315,0.42732810631894685,0.5066910695926546,0.25,0.0,0.25,0.25,0.693147180559945,3.387607712450221e-16,0.6931471805599448,0.6931471805599451,0.17,0.04229978759581827,0.15420499972815732,0.1857950002718427,0.07666666666666669,0.031134364599327082,0.06504090386121382,0.08829242947211956,0.09333333333333334,0.033218191941495986,0.08092945661037028,0.1057372100562964,30
0,independent_rollout,4,belief_mixing,0.4424691254563428,0.01517223815584772,0.43680371862059386,0.44813453229209177,0.0,0.0,0.0,0.0,0.03940817797103742,0.021904225771276237,0.031229005647107948,0.04758735029496689,0.39070781464387566,0.020289806624277606,0.3831314763367353,0.39828415295101605,0.457707493909559,0.10475151803877689,0.41859263423915294,0.49682235357996507,0.8613163329327415,0.052319817051661124,0.8417797921715902,0.8808528736938928,0.2832337546909587,0.015960578585380584,0.27727397670096765,0.2891935326809497,0.8246502118891942,0.053864997432309,0.8045366912915107,0.8447637324868776,0.14055555555555552,0.048281449229688925,0.12252696612161504,0.158584144989496,0.04666666666666667,0.026406779577654582,0.03680621312035198,0.056527120212981355,0.09388888888888887,0.03877514839201105,0.07941001052560598,0.10836776725217176,30
0,independent_rollout,4,exact_dedup,0.442460796836433,0.015160198278945554,0.43679988576460516,0.4481217079082609,2.820531033263711e-05,6.597364747745734e-05,3.5703455002390054e-06,5.284027516503521e-05,0.03940817797103742,0.021904225771276237,0.031229005647107948,0.04758735029496689,0.3907453913766351,0.02027847344564936,0.38317328494794345,0.39831749780532677,0.457707493909559,0.10475151803877689,0.41859263423915294,0.49682235357996507,0.8613163329327415,0.052319817051661124,0.8417797921715902,0.8808528736938928,0.28322231961183836,0.01595947478943578,0.27726295378602683,0.2891816854376499,0.8246190828826382,0.0539222046981735,0.8044842007408137,0.8447539650244626,0.14055555555555552,0.048281449229688925,0.12252696612161504,0.158584144989496,0.04666666666666667,0.026406779577654582,0.03680621312035198,0.056527120212981355,0.09388888888888887,0.03877514839201105,0.07941001052560598,0.10836776725217176,30
0,independent_rollout,4,flat,0.7644683788914499,0.00964680376019177,0.7608662031672931,0.7680705546156067,0.32199925343510716,0.01128373265521659,0.3177858384161115,0.3262126684541028,0.3987564214566456,0.05140034402583979,0.3795632175659195,0.4179496253473717,0.8563799287905643,0.0414261987550347,0.8409111319528736,0.8718487256282551,-0.23363335332506358,0.09034023125121572,-0.2673669500704134,-0.19989975657971376,0.5019680894471334,0.06563911497726028,0.47745804110325396,0.5264781377910129,0.6450518144996358,0.01263645338300941,0.6403332852595625,0.6497703437397091,2.30943840612666,0.08547159685042893,2.2775227873441954,2.3413540249091245,0.32722222222222225,0.04621359151665725,0.30996578354827037,0.3444786608961741,0.26555555555555554,0.04033702209153871,0.25049346396802796,0.2806176471430831,0.061666666666666675,0.029409905282670193,0.05068482755264316,0.07264850578069018,30
0,independent_rollout,4,provenance,0.4424691254563428,0.01517223815584772,0.43680371862059386,0.44813453229209177,0.0,0.0,0.0,0.0,0.03940817797103742,0.021904225771276237,0.031229005647107948,0.04758735029496689,0.39070781464387566,0.020289806624277606,0.3831314763367353,0.39828415295101605,0.457707493909559,0.10475151803877689,0.41859263423915294,0.49682235357996507,0.8613163329327415,0.052319817051661124,0.8417797921715902,0.8808528736938928,0.2832337546909587,0.015960578585380584,0.27727397670096765,0.2891935326809497,0.8246502118891942,0.053864997432309,0.8045366912915107,0.8447637324868776,0.14055555555555552,0.048281449229688925,0.12252696612161504,0.158584144989496,0.04666666666666667,0.026406779577654582,0.03680621312035198,0.056527120212981355,0.09388888888888887,0.03877514839201105,0.07941001052560598,0.10836776725217176,30
0,independent_rollout,4,semantic_dedup,0.442460796836433,0.015160198278945554,0.43679988576460516,0.4481217079082609,2.820531033263711e-05,6.597364747745734e-05,3.5703455002390054e-06,5.284027516503521e-05,0.03940817797103742,0.021904225771276237,0.031229005647107948,0.04758735029496689,0.3907453913766351,0.02027847344564936,0.38317328494794345,0.39831749780532677,0.457707493909559,0.10475151803877689,0.41859263423915294,0.49682235357996507,0.8613163329327415,0.052319817051661124,0.8417797921715902,0.8808528736938928,0.28322231961183836,0.01595947478943578,0.27726295378602683,0.2891816854376499,0.8246190828826382,0.0539222046981735,0.8044842007408137,0.8447539650244626,0.14055555555555552,0.048281449229688925,0.12252696612161504,0.158584144989496,0.04666666666666667,0.026406779577654582,0.03680621312035198,0.056527120212981355,0.09388888888888887,0.03877514839201105,0.07941001052560598,0.10836776725217176,30
0,independent_rollout,4,source_average,0.4424691254563428,0.01517223815584772,0.43680371862059386,0.44813453229209177,0.0,0.0,0.0,0.0,0.03940817797103742,0.021904225771276237,0.031229005647107948,0.04758735029496689,0.39070781464387566,0.020289806624277606,0.3831314763367353,0.39828415295101605,0.457707493909559,0.10475151803877689,0.41859263423915294,0.49682235357996507,0.8613163329327415,0.052319817051661124,0.8417797921715902,0.8808528736938928,0.2832337546909587,0.015960578585380584,0.27727397670096765,0.2891935326809497,0.8246502118891942,0.053864997432309,0.8045366912915107,0.8447637324868776,0.14055555555555552,0.048281449229688925,0.12252696612161504,0.158584144989496,0.04666666666666667,0.026406779577654582,0.03680621312035198,0.056527120212981355,0.09388888888888887,0.03877514839201105,0.07941001052560598,0.10836776725217176,30
0,independent_rollout,4,trajectory_average,0.5,0.0,0.5,0.5,0.26814164671428303,0.012014169057499281,0.2636554822601635,0.27262781116840257,0.37930809328793225,0.10708000039308355,0.3393237640170951,0.4192924225587694,0.6941823400501829,0.04830396090884422,0.6761453446170971,0.7122193354832687,0.39178081377442225,0.1444357526689342,0.3378476173605671,0.4457140101882774,0.5214164176158468,0.11579191019556663,0.4781790077618794,0.5646538274698142,0.25,0.0,0.25,0.25,0.693147180559945,3.387607712450221e-16,0.6931471805599448,0.6931471805599451,0.23111111111111116,0.05061562260405796,0.21221092701492392,0.25001129520729837,0.0938888888888889,0.038026844050679,0.07968943195882211,0.10808834581895568,0.13722222222222222,0.038824522539845856,0.1227249072491406,0.15171953719530384,30
0,independent_rollout,8,belief_mixing,0.4424691254563428,0.01517223815584772,0.43680371862059386,0.44813453229209177,0.0,0.0,0.0,0.0,0.015051129350520399,0.012490891966284095,0.010386953636727468,0.019715305064313328,0.2766480629845913,0.015527942455391885,0.27084983398052137,0.2824462919886613,0.4883488217310027,0.09762089728483479,0.45189657960901325,0.5248010638529921,0.8856733815532587,0.04528122740508891,0.8687650933602594,0.902581669746258,0.2832337546909587,0.015960578585380584,0.27727397670096765,0.2891935326809497,0.8246502118891942,0.053864997432309,0.8045366912915107,0.8447637324868776,0.15444444444444444,0.05287397967518815,0.13470097595890615,0.17418791292998273,0.045,0.024033023257521137,0.03602592163079146,0.053974078369208534,0.10944444444444444,0.04435215513804856,0.09288307753744982,0.12600581135143907,30
0,independent_rollout,8,exact_dedup,0.4424634022497358,0.015180682492778309,0.43679484224675613,0.44813196225271545,5.457763481217333e-05,6.706340754132618e-05,2.95357468843327e-05,7.961952274001397e-05,0.015051129350520399,0.012490891966284095,0.010386953636727468,0.019715305064313328,0.2766946745920882,0.015478728897782812,0.2709148222324411,0.28247452695173525,0.4883488217310027,0.09762089728483479,0.45189657960901325,0.5248010638529921,0.8856733815532587,0.04528122740508891,0.8687650933602594,0.902581669746258,0.2832330573982627,0.01596417053999582,0.27727193815037543,0.28919417664615,0.824643435874646,0.05389963881917368,0.8045169799705214,0.8447698917787705,0.15444444444444444,0.05287397967518815,0.13470097595890615,0.17418791292998273,0.045,0.024033023257521137,0.03602592163079146,0.053974078369208534,0.10944444444444444,0.04435215513804856,0.09288307753744982,0.12600581135143907,30
0,independent_rollout,8,flat,0.905274270329786,0.0029787797604484256,0.9041619756871837,0.9063865649723883,0.4628051448734434,0.014922127434850758,0.4572331309157837,0.46837715883110304,0.5211096432057799,0.06848709321999787,0.4955361423087086,0.5466831441028511,1.083407369513676,0.043962719076487355,1.0669914204219433,1.099823318605409,-0.43001299899944384,0.10617380290073276,-0.4696589485655224,-0.39036704943336525,0.3796148676979992,0.06563991439242708,0.3551045208475906,0.4041252145484078,0.8505472714637935,0.004445105036263781,0.8488874419647182,0.8522071009628688,5.155391135527469,0.094641992912899,5.120051234578776,5.190731036476162,0.39277777777777784,0.05319006139220719,0.37291628243938757,0.4126392731161681,0.3327777777777779,0.04186351966111244,0.3171456826300251,0.34840987292553066,0.060000000000000005,0.03144051124149283,0.048259920159614556,0.07174007984038545,30
0,independent_rollout,8,provenance,0.4424691254563428,0.01517223815584772,0.43680371862059386,0.44813453229209177,0.0,0.0,0.0,0.0,0.015051129350520399,0.012490891966284095,0.010386953636727468,0.019715305064313328,0.2766480629845913,0.015527942455391885,0.27084983398052137,0.2824462919886613,0.4883488217310027,0.09762089728483479,0.45189657960901325,0.5248010638529921,0.8856733815532587,0.04528122740508891,0.8687650933602594,0.902581669746258,0.2832337546909587,0.015960578585380584,0.27727397670096765,0.2891935326809497,0.8246502118891942,0.053864997432309,0.8045366912915107,0.8447637324868776,0.15444444444444444,0.05287397967518815,0.13470097595890615,0.17418791292998273,0.045,0.024033023257521137,0.03602592163079146,0.053974078369208534,0.10944444444444444,0.04435215513804856,0.09288307753744982,0.12600581135143907,30
0,independent_rollout,8,semantic_dedup,0.4424634022497358,0.015180682492778309,0.43679484224675613,0.44813196225271545,5.457763481217333e-05,6.706340754132618e-05,2.95357468843327e-05,7.961952274001397e-05,0.015051129350520399,0.012490891966284095,0.010386953636727468,0.019715305064313328,0.2766946745920882,0.015478728897782812,0.2709148222324411,0.28247452695173525,0.4883488217310027,0.09762089728483479,0.45189657960901325,0.5248010638529921,0.8856733815532587,0.04528122740508891,0.8687650933602594,0.902581669746258,0.2832330573982627,0.01596417053999582,0.27727193815037543,0.28919417664615,0.824643435874646,0.05389963881917368,0.8045169799705214,0.8447698917787705,0.15444444444444444,0.05287397967518815,0.13470097595890615,0.17418791292998273,0.045,0.024033023257521137,0.03602592163079146,0.053974078369208534,0.10944444444444444,0.04435215513804856,0.09288307753744982,0.12600581135143907,30
0,independent_rollout,8,source_average,0.4424691254563428,0.01517223815584772,0.43680371862059386,0.44813453229209177,0.0,0.0,0.0,0.0,0.015051129350520399,0.012490891966284095,0.010386953636727468,0.019715305064313328,0.2766480629845913,0.015527942455391885,0.27084983398052137,0.2824462919886613,0.4883488217310027,0.09762089728483479,0.45189657960901325,0.5248010638529921,0.8856733815532587,0.04528122740508891,0.8687650933602594,0.902581669746258,0.2832337546909587,0.015960578585380584,0.27727397670096765,0.2891935326809497,0.8246502118891942,0.053864997432309,0.8045366912915107,0.8447637324868776,0.15444444444444444,0.05287397967518815,0.13470097595890615,0.17418791292998273,0.045,0.024033023257521137,0.03602592163079146,0.053974078369208534,0.10944444444444444,0.04435215513804856,0.09288307753744982,0.12600581135143907,30
0,independent_rollout,8,trajectory_average,0.5,0.0,0.5,0.5,0.26814164671428303,0.012014169057499281,0.2636554822601635,0.27262781116840257,0.3615540981970538,0.08426696054908951,0.33008829800207107,0.39301989839203655,0.6436133708998024,0.036858527518692896,0.6298501705324552,0.6573765712671497,0.42374229474469277,0.1404425128380412,0.37130019858923996,0.4761843909001456,0.5391704127067254,0.0948293668288688,0.5037605451879408,0.57458028022551,0.25,0.0,0.25,0.25,0.693147180559945,3.387607712450221e-16,0.6931471805599448,0.6931471805599451,0.2516666666666667,0.04781629918169064,0.2338117671151621,0.2695215662181713,0.09611111111111113,0.0323662391312996,0.0840253587957037,0.10819686342651856,0.1555555555555555,0.04273533745845911,0.13959791829213858,0.17151319281897243,30
0,independent_rollout,16,belief_mixing,0.4424691254563428,0.01517223815584772,0.43680371862059386,0.44813453229209177,0.0,0.0,0.0,0.0,0.0057744101901262505,0.0055670437708137625,0.0036956418825034388,0.007853178497749063,0.19180167495368047,0.014040772283908591,0.18655876441804597,0.19704458548931497,0.5057846767159666,0.09990530079947291,0.4684794243027795,0.5430899291291537,0.8949501007136528,0.044110139508598094,0.8784791039278863,0.9114210974994192,0.2832337546909587,0.015960578585380584,0.27727397670096765,0.2891935326809497,0.8246502118891942,0.053864997432309,0.8045366912915107,0.8447637324868776,0.15888888888888889,0.05391445852276846,0.1387568992164971,0.17902087856128068,0.043333333333333335,0.022994252155351957,0.03474713846836175,0.05191952819830492,0.11555555555555555,0.04526070359495752,0.09865493107920902,0.13245618003190207,30
0,independent_rollout,16,exact_dedup,0.44247310591858285,0.01517826571342873,0.4368054483558435,0.4481407634813222,7.505173452274286e-05,6.272496214161766e-05,5.162984873114334e-05,9.847362031434239e-05,0.006023907894919988,0.005466140004095362,0.003982817673011835,0.008064998116828141,0.1917953809986945,0.014027106980902145,0.18655757317106325,0.19703318882632576,0.5055114599865863,0.09999400631210999,0.4681730843906163,0.5428498355825564,0.8947006030088591,0.04405526089852491,0.8782500982328707,0.9111511077848475,0.2832423733468636,0.015955937915949587,0.27728432821131677,0.2892004184824104,0.8246525026348583,0.05385380549926435,0.8045431611736559,0.8447618440960608,0.1583333333333333,0.054094779884273206,0.13813401055796706,0.17853265610869953,0.043333333333333335,0.022994252155351957,0.03474713846836175,0.05191952819830492,0.11499999999999998,0.04513708366564106,0.09814553596388581,0.13185446403611414,30
0,independent_rollout,16,flat,0.9746304003340164,0.001591722384042099,0.9740360414277999,0.9752247592402329,0.5321612748776734,0.015303144735136352,0.5264469867218761,0.5378755630334707,0.5887267702500751,0.06770294032138265,0.5634460768575035,0.6140074636426468,1.1972550222084157,0.0475289935686781,1.179507404335935,1.2150026400808964,-0.5176007808561617,0.10151354454560464,-0.5555065613535572,-0.47969500035876617,0.3119977406537039,0.06675810652302468,0.28706985399965557,0.3369256273077522,0.9538976337298912,0.002483829176181156,0.9529701566728463,0.9548251107869361,11.194066020149878,0.09512050661675445,11.158547439247641,11.229584601052114,0.43444444444444436,0.04950585965807798,0.41595865264263276,0.45293023624625595,0.36666666666666675,0.04506274892853486,0.3498399596775623,0.3834933736557712,0.06777777777777777,0.03154189980275927,0.05599983882641836,0.07955571672913718,30
0,independent_rollout,16,provenance,0.4424691254563428,0.01517223815584772,0.43680371862059386,0.44813453229209177,0.0,0.0,0.0,0.0,0.0057744101901262505,0.0055670437708137625,0.0036956418825034388,0.007853178497749063,0.19180167495368047,0.014040772283908591,0.18655876441804597,0.19704458548931497,0.5057846767159666,0.09990530079947291,0.4684794243027795,0.5430899291291537,0.8949501007136528,0.044110139508598094,0.8784791039278863,0.9114210974994192,0.2832337546909587,0.015960578585380584,0.27727397670096765,0.2891935326809497,0.8246502118891942,0.053864997432309,0.8045366912915107,0.8447637324868776,0.15888888888888889,0.05391445852276846,0.1387568992164971,0.17902087856128068,0.043333333333333335,0.022994252155351957,0.03474713846836175,0.05191952819830492,0.11555555555555555,0.04526070359495752,0.09865493107920902,0.13245618003190207,30
0,independent_rollout,16,semantic_dedup,0.44247310591858285,0.01517826571342873,0.4368054483558435,0.4481407634813222,7.505173452274286e-05,6.272496214161766e-05,5.162984873114334e-05,9.847362031434239e-05,0.006023907894919988,0.005466140004095362,0.003982817673011835,0.008064998116828141,0.1917953809986945,0.014027106980902145,0.18655757317106325,0.19703318882632576,0.5055114599865863,0.09999400631210999,0.4681730843906163,0.5428498355825564,0.8947006030088591,0.04405526089852491,0.8782500982328707,0.9111511077848475,0.2832423733468636,0.015955937915949587,0.27728432821131677,0.2892004184824104,0.8246525026348583,0.05385380549926435,0.8045431611736559,0.8447618440960608,0.1583333333333333,0.054094779884273206,0.13813401055796706,0.17853265610869953,0.043333333333333335,0.022994252155351957,0.03474713846836175,0.05191952819830492,0.11499999999999998,0.04513708366564106,0.09814553596388581,0.13185446403611414,30
0,independent_rollout,16,source_average,0.4424691254563428,0.01517223815584772,0.43680371862059386,0.44813453229209177,0.0,0.0,0.0,0.0,0.0057744101901262505,0.0055670437708137625,0.0036956418825034388,0.007853178497749063,0.19180167495368047,0.014040772283908591,0.18655876441804597,0.19704458548931497,0.5057846767159666,0.09990530079947291,0.4684794243027795,0.5430899291291537,0.8949501007136528,0.044110139508598094,0.8784791039278863,0.9114210974994192,0.2832337546909587,0.015960578585380584,0.27727397670096765,0.2891935326809497,0.8246502118891942,0.053864997432309,0.8045366912915107,0.8447637324868776,0.15888888888888889,0.05391445852276846,0.1387568992164971,0.17902087856128068,0.043333333333333335,0.022994252155351957,0.03474713846836175,0.05191952819830492,0.11555555555555555,0.04526070359495752,0.09865493107920902,0.13245618003190207,30
0,independent_rollout,16,trajectory_average,0.5,0.0,0.5,0.5,0.26814164671428303,0.012014169057499281,0.2636554822601635,0.27262781116840257,0.35672756408457185,0.07234207964738604,0.32971458759839467,0.383740540570749,0.6132886972774833,0.03302157971048788,0.6009582367681403,0.6256191577868262,0.467045447969157,0.1691487708540655,0.4038842589071593,0.5302066370311547,0.5439969468192072,0.08327386872813954,0.5129019732045315,0.5750919204338829,0.25,0.0,0.25,0.25,0.693147180559945,3.387607712450221e-16,0.6931471805599448,0.6931471805599451,0.26555555555555554,0.04397259102185096,0.24913592021884226,0.2819751908922688,0.09611111111111112,0.035741551350993904,0.08276499649939524,0.109457225722827,0.16944444444444448,0.042679266578254674,0.15350774439178932,0.18538114449709964,30
0,new_real_evidence,1,belief_mixing,0.4424691254563428,0.01517223815584772,0.43680371862059386,0.44813453229209177,0.0,0.0,0.0,0.0,0.14294055996179084,0.062354923918108235,0.11965684871368479,0.16622427120989688,0.7710634819727332,0.05041206262379372,0.752239308422375,0.7898876555230915,0.3946864554111434,0.12683165846941089,0.3473267358034579,0.44204617501882887,0.757783950941988,0.08590413950472932,0.7257068180779982,0.7898610838059779,0.2832337546909587,0.015960578585380584,0.27727397670096765,0.2891935326809497,0.8246502118891942,0.053864997432309,0.8045366912915107,0.8447637324868776,0.0,0.0,0.0,0.0,0.0,0.0,0.0,0.0,0.0,0.0,0.0,0.0,30
0,new_real_evidence,1,exact_dedup,0.4424728026028771,0.015180171741985883,0.43680443331737767,0.4481411718883765,3.6771465342893887e-06,2.0140561040822416e-05,-3.843462556104805e-06,1.1197755624683582e-05,0.14294055996179084,0.062354923918108235,0.11965684871368479,0.16622427120989688,0.7710748522108529,0.05040698298247389,0.7522525754297361,0.7898971289919697,0.3946864554111434,0.12683165846941089,0.3473267358034579,0.44204617501882887,0.757783950941988,0.08590413950472932,0.7257068180779982,0.7898610838059779,0.2832409345578817,0.01597146532919308,0.27727709139094175,0.2892047777248216,0.824806268770009,0.05415337501187941,0.8045850662144104,0.8450274713256075,0.0,0.0,0.0,0.0,0.0,0.0,0.0,0.0,0.0,0.0,0.0,0.0,30
0,new_real_evidence,1,flat,0.4424691254563428,0.015172238155847721,0.43680371862059386,0.44813453229209177,4.255854927729765e-18,1.6226035133459045e-18,3.64996481832115e-18,4.861745037138379e-18,0.14294055996179084,0.062354923918108235,0.11965684871368479,0.16622427120989688,0.7710634819727332,0.05041206262379372,0.752239308422375,0.7898876555230915,0.3946864554111434,0.12683165846941089,0.3473267358034579,0.44204617501882887,0.757783950941988,0.08590413950472932,0.7257068180779982,0.7898610838059779,0.2832337546909587,0.015960578585380584,0.27727397670096765,0.2891935326809497,0.8246502118891942,0.053864997432309,0.8045366912915107,0.8447637324868776,0.0,0.0,0.0,0.0,0.0,0.0,0.0,0.0,0.0,0.0,0.0,0.0,30
0,new_real_evidence,1,provenance,0.4424691254563428,0.01517223815584772,0.43680371862059386,0.44813453229209177,0.0,0.0,0.0,0.0,0.14294055996179084,0.062354923918108235,0.11965684871368479,0.16622427120989688,0.7710634819727332,0.05041206262379372,0.752239308422375,0.7898876555230915,0.3946864554111434,0.12683165846941089,0.3473267358034579,0.44204617501882887,0.757783950941988,0.08590413950472932,0.7257068180779982,0.7898610838059779,0.2832337546909587,0.015960578585380584,0.27727397670096765,0.2891935326809497,0.8246502118891942,0.053864997432309,0.8045366912915107,0.8447637324868776,0.0,0.0,0.0,0.0,0.0,0.0,0.0,0.0,0.0,0.0,0.0,0.0,30
0,new_real_evidence,1,semantic_dedup,0.4424728026028771,0.015180171741985883,0.43680443331737767,0.4481411718883765,3.6771465342893887e-06,2.0140561040822416e-05,-3.843462556104805e-06,1.1197755624683582e-05,0.14294055996179084,0.062354923918108235,0.11965684871368479,0.16622427120989688,0.7710748522108529,0.05040698298247389,0.7522525754297361,0.7898971289919697,0.3946864554111434,0.12683165846941089,0.3473267358034579,0.44204617501882887,0.757783950941988,0.08590413950472932,0.7257068180779982,0.7898610838059779,0.2832409345578817,0.01597146532919308,0.27727709139094175,0.2892047777248216,0.824806268770009,0.05415337501187941,0.8045850662144104,0.8450274713256075,0.0,0.0,0.0,0.0,0.0,0.0,0.0,0.0,0.0,0.0,0.0,0.0,30
0,new_real_evidence,1,source_average,0.4424691254563428,0.01517223815584772,0.43680371862059386,0.44813453229209177,0.0,0.0,0.0,0.0,0.14294055996179084,0.062354923918108235,0.11965684871368479,0.16622427120989688,0.7710634819727332,0.05041206262379372,0.752239308422375,0.7898876555230915,0.3946864554111434,0.12683165846941089,0.3473267358034579,0.44204617501882887,0.757783950941988,0.08590413950472932,0.7257068180779982,0.7898610838059779,0.2832337546909587,0.015960578585380584,0.27727397670096765,0.2891935326809497,0.8246502118891942,0.053864997432309,0.8045366912915107,0.8447637324868776,0.0,0.0,0.0,0.0,0.0,0.0,0.0,0.0,0.0,0.0,0.0,0.0,30
0,new_real_evidence,1,trajectory_average,0.5,0.0,0.5,0.5,0.26814164671428303,0.012014169057499281,0.2636554822601635,0.27262781116840257,0.46037042424565366,0.12155265731115927,0.4149819160664125,0.5057589324248949,0.9062463855188247,0.06545899370736993,0.881803595562483,0.9306891754751665,0.31029202329491706,0.13031257800347626,0.26163250697165047,0.35895153961818366,0.44035408665812537,0.12645350448434484,0.3931355720691031,0.48757260124714763,0.25,0.0,0.25,0.25,0.693147180559945,3.387607712450221e-16,0.6931471805599448,0.6931471805599451,0.0,0.0,0.0,0.0,0.0,0.0,0.0,0.0,0.0,0.0,0.0,0.0,30
0,new_real_evidence,2,belief_mixing,0.40078083490597877,0.02012263953150555,0.39326691781714346,0.4082947519948141,0.0,0.0,0.0,0.0,0.12848822820194217,0.0540533210246797,0.10830438641917114,0.1486720699847132,0.7827394789646787,0.052020169389770984,0.7633148284793423,0.802164129450015,0.4771991028028841,0.10519832664684908,0.4379174020562675,0.5164808035495007,0.7932650029490486,0.07558519065189508,0.7650410289116,0.8214889769864971,0.2551241434516138,0.021166027802667724,0.24722061877930512,0.26302766812392253,0.749215253868298,0.06833665466067868,0.7236979276524815,0.7747325800841145,0.08555555555555558,0.023461606908369702,0.0767948475577641,0.09431626355334706,0.027222222222222228,0.01607175798888003,0.021220929160683407,0.03322351528376105,0.05833333333333335,0.024270979785952503,0.04927040053612689,0.06739626613053981,30
0,new_real_evidence,2,exact_dedup,0.40079365541879924,0.020131909985034824,0.39327627668572557,0.4083110341518729,1.2820512820512833e-05,7.022084070579059e-05,-1.3400380027342356e-05,3.904140566836802e-05,0.12848822820194217,0.0540533210246797,0.10830438641917114,0.1486720699847132,0.7827811383433854,0.052009044787965954,0.763360641852632,0.8022016348341388,0.4771991028028841,0.10519832664684908,0.4379174020562675,0.5164808035495007,0.7932650029490486,0.07558519065189508,0.7650410289116,0.8214889769864971,0.2551475162326789,0.021170323530574204,0.24724238750920807,0.2630526449561497,0.7493610117930022,0.06832940351592665,0.7238463931991347,0.7748756303868697,0.08555555555555558,0.023461606908369702,0.0767948475577641,0.09431626355334706,0.027222222222222228,0.01607175798888003,0.021220929160683407,0.03322351528376105,0.05833333333333335,0.024270979785952503,0.04927040053612689,0.06739626613053981,30
0,new_real_evidence,2,flat,0.40078083490597877,0.02012263953150555,0.39326691781714346,0.4082947519948141,2.1896065207885038e-18,8.23339532352237e-19,1.8821664867726342e-18,2.4970465548043733e-18,0.12848822820194217,0.0540533210246797,0.10830438641917114,0.1486720699847132,0.7827394789646787,0.05202016938977099,0.7633148284793423,0.802164129450015,0.4771991028028841,0.10519832664684908,0.4379174020562675,0.5164808035495007,0.7932650029490486,0.07558519065189508,0.7650410289116,0.8214889769864971,0.2551241434516138,0.021166027802667724,0.24722061877930512,0.26302766812392253,0.749215253868298,0.06833665466067868,0.7236979276524815,0.7747325800841145,0.08555555555555558,0.023461606908369702,0.0767948475577641,0.09431626355334706,0.027222222222222228,0.01607175798888003,0.021220929160683407,0.03322351528376105,0.05833333333333335,0.024270979785952503,0.04927040053612689,0.06739626613053981,30
0,new_real_evidence,2,provenance,0.40078083490597877,0.02012263953150555,0.39326691781714346,0.4082947519948141,0.0,0.0,0.0,0.0,0.12848822820194217,0.0540533210246797,0.10830438641917114,0.1486720699847132,0.7827394789646787,0.052020169389770984,0.7633148284793423,0.802164129450015,0.4771991028028841,0.10519832664684908,0.4379174020562675,0.5164808035495007,0.7932650029490486,0.07558519065189508,0.7650410289116,0.8214889769864971,0.2551241434516138,0.021166027802667724,0.24722061877930512,0.26302766812392253,0.749215253868298,0.06833665466067868,0.7236979276524815,0.7747325800841145,0.08555555555555558,0.023461606908369702,0.0767948475577641,0.09431626355334706,0.027222222222222228,0.01607175798888003,0.021220929160683407,0.03322351528376105,0.05833333333333335,0.024270979785952503,0.04927040053612689,0.06739626613053981,30
0,new_real_evidence,2,semantic_dedup,0.40079365541879924,0.020131909985034824,0.39327627668572557,0.4083110341518729,1.2820512820512833e-05,7.022084070579059e-05,-1.3400380027342356e-05,3.904140566836802e-05,0.12848822820194217,0.0540533210246797,0.10830438641917114,0.1486720699847132,0.7827811383433854,0.052009044787965954,0.763360641852632,0.8022016348341388,0.4771991028028841,0.10519832664684908,0.4379174020562675,0.5164808035495007,0.7932650029490486,0.07558519065189508,0.7650410289116,0.8214889769864971,0.2551475162326789,0.021170323530574204,0.24724238750920807,0.2630526449561497,0.7493610117930022,0.06832940351592665,0.7238463931991347,0.7748756303868697,0.08555555555555558,0.023461606908369702,0.0767948475577641,0.09431626355334706,0.027222222222222228,0.01607175798888003,0.021220929160683407,0.03322351528376105,0.05833333333333335,0.024270979785952503,0.04927040053612689,0.06739626613053981,30
0,new_real_evidence,2,source_average,0.40078083490597877,0.02012263953150555,0.39326691781714346,0.4082947519948141,0.0,0.0,0.0,0.0,0.12848822820194217,0.0540533210246797,0.10830438641917114,0.1486720699847132,0.7827394789646787,0.052020169389770984,0.7633148284793423,0.802164129450015,0.4771991028028841,0.10519832664684908,0.4379174020562675,0.5164808035495007,0.7932650029490486,0.07558519065189508,0.7650410289116,0.8214889769864971,0.2551241434516138,0.021166027802667724,0.24722061877930512,0.26302766812392253,0.749215253868298,0.06833665466067868,0.7236979276524815,0.7747325800841145,0.08555555555555558,0.023461606908369702,0.0767948475577641,0.09431626355334706,0.027222222222222228,0.01607175798888003,0.021220929160683407,0.03322351528376105,0.05833333333333335,0.024270979785952503,0.04927040053612689,0.06739626613053981,30
0,new_real_evidence,2,trajectory_average,0.5,0.0,0.5,0.5,0.285828053093384,0.017592432693869186,0.2792589307649894,0.29239717542177857,0.4872756531434112,0.13100973110117045,0.43835581557520564,0.5361954907116168,0.9362305471348074,0.06546947269400351,0.9117838442605496,0.9606772500090651,0.31029202329491706,0.13031257800347626,0.26163250697165047,0.35895153961818366,0.4344775780075794,0.129644592129051,0.38606749170909094,0.4828876643060679,0.25,0.0,0.25,0.25,0.693147180559945,3.387607712450221e-16,0.6931471805599448,0.6931471805599451,0.0,0.0,0.0,0.0,0.0,0.0,0.0,0.0,0.0,0.0,0.0,0.0,30
0,new_real_evidence,4,belief_mixing,0.3305728947524073,0.023857531714314657,0.32166434600238125,0.33948144350243337,0.0,0.0,0.0,0.0,0.12200410371825629,0.06259705007203516,0.0986299810784043,0.14537822635810826,0.8050070302281364,0.04967846403147467,0.7864567868940672,0.8235572735622055,0.5897841603211403,0.11945389751235845,0.5451793419303526,0.6343889787119281,0.8274588784721442,0.0814982795240174,0.797026920762649,0.8578908361816393,0.20397417150570993,0.022789409279507705,0.19546446622764976,0.2124838767837701,0.6067445540463537,0.07956756176684912,0.5770335381957331,0.6364555698969744,0.12222222222222222,0.0369667276445434,0.10841861926388441,0.13602582518056003,0.025555555555555564,0.01843146845409236,0.018673132125334148,0.03243797898577698,0.09666666666666668,0.03168329871753447,0.08483592849279926,0.10849740484053409,30
0,new_real_evidence,4,exact_dedup,0.33058571526522784,0.023860299010689135,0.3216761331897533,0.3394952973407024,1.2820512820512833e-05,7.022084070579059e-05,-1.3400380027342356e-05,3.904140566836802e-05,0.12200410371825629,0.06259705007203516,0.0986299810784043,0.14537822635810826,0.8050486896068433,0.04965866118367374,0.7865058407776683,0.8235915384360183,0.5897841603211403,0.11945389751235845,0.5451793419303526,0.6343889787119281,0.8274588784721442,0.0814982795240174,0.797026920762649,0.8578908361816393,0.20399754428677502,0.0227782322803456,0.19549201256879253,0.2125030760047575,0.6068903119710579,0.07947761284582407,0.5772128835995428,0.636567740342573,0.12222222222222222,0.0369667276445434,0.10841861926388441,0.13602582518056003,0.025555555555555564,0.01843146845409236,0.018673132125334148,0.03243797898577698,0.09666666666666668,0.03168329871753447,0.08483592849279926,0.10849740484053409,30
0,new_real_evidence,4,flat,0.3305728947524073,0.023857531714314657,0.32166434600238125,0.33948144350243337,2.4980018054066025e-18,1.1939978648902626e-18,2.0521556753805097e-18,2.9438479354326953e-18,0.12200410371825629,0.06259705007203516,0.0986299810784043,0.14537822635810826,0.8050070302281364,0.04967846403147464,0.7864567868940672,0.8235572735622055,0.5897841603211403,0.11945389751235845,0.5451793419303526,0.6343889787119281,0.8274588784721442,0.0814982795240174,0.797026920762649,0.8578908361816393,0.20397417150570993,0.022789409279507705,0.19546446622764976,0.2124838767837701,0.6067445540463537,0.07956756176684912,0.5770335381957331,0.6364555698969744,0.12222222222222222,0.0369667276445434,0.10841861926388441,0.13602582518056003,0.025555555555555564,0.01843146845409236,0.018673132125334148,0.03243797898577698,0.09666666666666668,0.03168329871753447,0.08483592849279926,0.10849740484053409,30
0,new_real_evidence,4,provenance,0.3305728947524073,0.023857531714314657,0.32166434600238125,0.33948144350243337,0.0,0.0,0.0,0.0,0.12200410371825629,0.06259705007203516,0.0986299810784043,0.14537822635810826,0.8050070302281364,0.04967846403147467,0.7864567868940672,0.8235572735622055,0.5897841603211403,0.11945389751235845,0.5451793419303526,0.6343889787119281,0.8274588784721442,0.0814982795240174,0.797026920762649,0.8578908361816393,0.20397417150570993,0.022789409279507705,0.19546446622764976,0.2124838767837701,0.6067445540463537,0.07956756176684912,0.5770335381957331,0.6364555698969744,0.12222222222222222,0.0369667276445434,0.10841861926388441,0.13602582518056003,0.025555555555555564,0.01843146845409236,0.018673132125334148,0.03243797898577698,0.09666666666666668,0.03168329871753447,0.08483592849279926,0.10849740484053409,30
0,new_real_evidence,4,semantic_dedup,0.33058571526522784,0.023860299010689135,0.3216761331897533,0.3394952973407024,1.2820512820512833e-05,7.022084070579059e-05,-1.3400380027342356e-05,3.904140566836802e-05,0.12200410371825629,0.06259705007203516,0.0986299810784043,0.14537822635810826,0.8050486896068433,0.04965866118367374,0.7865058407776683,0.8235915384360183,0.5897841603211403,0.11945389751235845,0.5451793419303526,0.6343889787119281,0.8274588784721442,0.0814982795240174,0.797026920762649,0.8578908361816393,0.20399754428677502,0.0227782322803456,0.19549201256879253,0.2125030760047575,0.6068903119710579,0.07947761284582407,0.5772128835995428,0.636567740342573,0.12222222222222222,0.0369667276445434,0.10841861926388441,0.13602582518056003,0.025555555555555564,0.01843146845409236,0.018673132125334148,0.03243797898577698,0.09666666666666668,0.03168329871753447,0.08483592849279926,0.10849740484053409,30
0,new_real_evidence,4,source_average,0.3305728947524073,0.023857531714314657,0.32166434600238125,0.33948144350243337,0.0,0.0,0.0,0.0,0.12200410371825629,0.06259705007203516,0.0986299810784043,0.14537822635810826,0.8050070302281364,0.04967846403147467,0.7864567868940672,0.8235572735622055,0.5897841603211403,0.11945389751235845,0.5451793419303526,0.6343889787119281,0.8274588784721442,0.0814982795240174,0.797026920762649,0.8578908361816393,0.20397417150570993,0.022789409279507705,0.19546446622764976,0.2124838767837701,0.6067445540463537,0.07956756176684912,0.5770335381957331,0.6364555698969744,0.12222222222222222,0.0369667276445434,0.10841861926388441,0.13602582518056003,0.025555555555555564,0.01843146845409236,0.018673132125334148,0.03243797898577698,0.09666666666666668,0.03168329871753447,0.08483592849279926,0.10849740484053409,30
0,new_real_evidence,4,trajectory_average,0.5,0.0,0.5,0.5,0.3150706313899965,0.01452943313309819,0.3096452518944812,0.32049601088551183,0.5268163653012556,0.13888883271357114,0.47495442283883904,0.5786783077636722,0.9738198936807871,0.060306040433635265,0.9513012480992856,0.9963385392622887,0.31029202329491706,0.13031257800347626,0.26163250697165047,0.35895153961818366,0.42264661688914484,0.14488337395433987,0.3685462759403757,0.476746957837914,0.25,0.0,0.25,0.25,0.693147180559945,3.387607712450221e-16,0.6931471805599448,0.6931471805599451,0.0,0.0,0.0,0.0,0.0,0.0,0.0,0.0,0.0,0.0,0.0,0.0,30
0,new_real_evidence,8,belief_mixing,0.2620753781588658,0.02379117011996518,0.25319160923541484,0.2709591470823167,0.0,0.0,0.0,0.0,0.1291492513168381,0.0652801582577316,0.10477323961486117,0.15352526301881503,0.8363200682310263,0.05383296278187661,0.8162185095684032,0.8564216268936494,0.6541777597076487,0.11195690215059846,0.6123723653921891,0.6959831540231083,0.8580246981321787,0.09007771525020172,0.8243891264726048,0.8916602697917527,0.16207434138213433,0.024317617971821956,0.15299399360011695,0.17115468916415172,0.49009136809214154,0.08282004803506406,0.459165853909248,0.5210168822750351,0.14999999999999997,0.052886055495757894,0.13025202232895453,0.1697479776710454,0.026666666666666672,0.019865447775614584,0.01924878655780464,0.034084546775528704,0.12333333333333335,0.04497764451088037,0.10653840485604635,0.14012826181062035,30
0,new_real_evidence,8,exact_dedup,0.26208138585622803,0.023784315185829775,0.2532001766072503,0.27096259510520576,6.007697362245333e-06,3.290551363966055e-05,-6.2794233639812755e-06,1.8294818088471943e-05,0.1291492513168381,0.0652801582577316,0.10477323961486117,0.15352526301881503,0.8363117002441559,0.05382929897859814,0.8162115096681608,0.856411890820151,0.6541777597076487,0.11195690215059846,0.6123723653921891,0.6959831540231083,0.8580246981321787,0.09007771525020172,0.8243891264726048,0.8916602697917527,0.16207481441851354,0.02431699980754962,0.15299469746282898,0.1711549313741981,0.49009762206687746,0.08281222116864695,0.45917503048393565,0.5210202136498192,0.14999999999999997,0.052886055495757894,0.13025202232895453,0.1697479776710454,0.026666666666666672,0.019865447775614584,0.01924878655780464,0.034084546775528704,0.12333333333333335,0.04497764451088037,0.10653840485604635,0.14012826181062035,30
0,new_real_evidence,8,flat,0.2620753781588658,0.02379117011996518,0.25319160923541484,0.2709591470823167,2.0739582890567163e-18,1.6791828091209697e-18,1.4469411233922411e-18,2.7009754547211915e-18,0.1291492513168381,0.0652801582577316,0.10477323961486117,0.15352526301881503,0.8363200682310263,0.05383296278187661,0.8162185095684032,0.8564216268936494,0.6541777597076487,0.11195690215059846,0.6123723653921891,0.6959831540231083,0.8580246981321787,0.09007771525020172,0.8243891264726048,0.8916602697917527,0.16207434138213436,0.024317617971821952,0.15299399360011698,0.17115468916415175,0.4900913680921416,0.08282004803506404,0.4591658539092481,0.5210168822750352,0.14999999999999997,0.052886055495757894,0.13025202232895453,0.1697479776710454,0.026666666666666672,0.019865447775614584,0.01924878655780464,0.034084546775528704,0.12333333333333335,0.04497764451088037,0.10653840485604635,0.14012826181062035,30
0,new_real_evidence,8,provenance,0.2620753781588658,0.02379117011996518,0.25319160923541484,0.2709591470823167,0.0,0.0,0.0,0.0,0.1291492513168381,0.0652801582577316,0.10477323961486117,0.15352526301881503,0.8363200682310263,0.05383296278187661,0.8162185095684032,0.8564216268936494,0.6541777597076487,0.11195690215059846,0.6123723653921891,0.6959831540231083,0.8580246981321787,0.09007771525020172,0.8243891264726048,0.8916602697917527,0.16207434138213433,0.024317617971821956,0.15299399360011695,0.17115468916415172,0.49009136809214154,0.08282004803506406,0.459165853909248,0.5210168822750351,0.14999999999999997,0.052886055495757894,0.13025202232895453,0.1697479776710454,0.026666666666666672,0.019865447775614584,0.01924878655780464,0.034084546775528704,0.12333333333333335,0.04497764451088037,0.10653840485604635,0.14012826181062035,30
0,new_real_evidence,8,semantic_dedup,0.26208138585622803,0.023784315185829775,0.2532001766072503,0.27096259510520576,6.007697362245333e-06,3.290551363966055e-05,-6.2794233639812755e-06,1.8294818088471943e-05,0.1291492513168381,0.0652801582577316,0.10477323961486117,0.15352526301881503,0.8363117002441559,0.05382929897859814,0.8162115096681608,0.856411890820151,0.6541777597076487,0.11195690215059846,0.6123723653921891,0.6959831540231083,0.8580246981321787,0.09007771525020172,0.8243891264726048,0.8916602697917527,0.16207481441851354,0.02431699980754962,0.15299469746282898,0.1711549313741981,0.49009762206687746,0.08281222116864695,0.45917503048393565,0.5210202136498192,0.14999999999999997,0.052886055495757894,0.13025202232895453,0.1697479776710454,0.026666666666666672,0.019865447775614584,0.01924878655780464,0.034084546775528704,0.12333333333333335,0.04497764451088037,0.10653840485604635,0.14012826181062035,30
0,new_real_evidence,8,source_average,0.2620753781588658,0.02379117011996518,0.25319160923541484,0.2709591470823167,0.0,0.0,0.0,0.0,0.1291492513168381,0.0652801582577316,0.10477323961486117,0.15352526301881503,0.8363200682310263,0.05383296278187661,0.8162185095684032,0.8564216268936494,0.6541777597076487,0.11195690215059846,0.6123723653921891,0.6959831540231083,0.8580246981321787,0.09007771525020172,0.8243891264726048,0.8916602697917527,0.16207434138213433,0.024317617971821956,0.15299399360011695,0.17115468916415172,0.49009136809214154,0.08282004803506406,0.459165853909248,0.5210168822750351,0.14999999999999997,0.052886055495757894,0.13025202232895453,0.1697479776710454,0.026666666666666672,0.019865447775614584,0.01924878655780464,0.034084546775528704,0.12333333333333335,0.04497764451088037,0.10653840485604635,0.14012826181062035,30
0,new_real_evidence,8,trajectory_average,0.5,0.0,0.5,0.5,0.35606714578283977,0.01339722394940325,0.35106454014461,0.3610697514210695,0.5771374950970698,0.13240844044812106,0.5276953708751719,0.6265796193189677,1.0290881844191881,0.048615273562454896,1.0109349429307937,1.0472414259075826,0.31029202329491706,0.13031257800347626,0.26163250697165047,0.35895153961818366,0.41003645435194713,0.14548091521106626,0.3557129878309502,0.4643599208729441,0.25,0.0,0.25,0.25,0.693147180559945,3.387607712450221e-16,0.6931471805599448,0.6931471805599451,0.0,0.0,0.0,0.0,0.0,0.0,0.0,0.0,0.0,0.0,0.0,0.0,30
0,new_real_evidence,16,belief_mixing,0.19985801910162515,0.023921760644148783,0.1909254868750416,0.2087905513282087,0.0,0.0,0.0,0.0,0.12558633014724463,0.061030939098834655,0.10279700295562991,0.14837565733885935,0.8602051451376053,0.05542328307256389,0.8395097511190286,0.8809005391561819,0.7508084739478483,0.10871627968161691,0.7102131479492226,0.791403799946474,0.8918163863670298,0.08201216681601305,0.8611925399891015,0.922440232744958,0.12366889142334353,0.02170899529088587,0.11556261935887405,0.131775163487813,0.3786138350550068,0.07849657611669544,0.34930273181853344,0.40792493829148013,0.18333333333333332,0.05449173018911981,0.16298578687814935,0.2036808797885173,0.027222222222222224,0.021657086004395608,0.019135333403882945,0.0353091110405615,0.15611111111111106,0.050378516169525746,0.13729946401264298,0.17492275820957914,30
0,new_real_evidence,16,exact_dedup,0.19986402679898743,0.023916668637589546,0.19093339595890152,0.20879465763907334,6.007697362245333e-06,3.290551363966055e-05,-6.2794233639812755e-06,1.8294818088471943e-05,0.12558633014724463,0.061030939098834655,0.10279700295562991,0.14837565733885935,0.8601967771507351,0.05541278991563963,0.8395053013413478,0.8808882529601223,0.7508084739478483,0.10871627968161691,0.7102131479492226,0.791403799946474,0.8918163863670298,0.08201216681601305,0.8611925399891015,0.922440232744958,0.12366936445972272,0.021708614092398677,0.1155632347371077,0.13177549418233775,0.37862008902974265,0.0784913373646111,0.34931094197544654,0.40792923608403875,0.18333333333333332,0.05449173018911981,0.16298578687814935,0.2036808797885173,0.027222222222222224,0.021657086004395608,0.019135333403882945,0.0353091110405615,0.15611111111111106,0.050378516169525746,0.13729946401264298,0.17492275820957914,30
0,new_real_evidence,16,flat,0.19985801910162515,0.023921760644148783,0.1909254868750416,0.2087905513282087,1.6499147727068299e-18,1.2276431984500736e-18,1.1915052686562306e-18,2.108324276757429e-18,0.12558633014724463,0.061030939098834655,0.10279700295562991,0.14837565733885935,0.8602051451376054,0.055423283072563875,0.8395097511190287,0.880900539156182,0.7508084739478483,0.10871627968161691,0.7102131479492226,0.791403799946474,0.8918163863670298,0.08201216681601305,0.8611925399891015,0.922440232744958,0.12366889142334353,0.021708995290885866,0.11556261935887406,0.131775163487813,0.3786138350550068,0.07849657611669544,0.34930273181853344,0.40792493829148013,0.18333333333333332,0.05449173018911981,0.16298578687814935,0.2036808797885173,0.027222222222222224,0.021657086004395608,0.019135333403882945,0.0353091110405615,0.15611111111111106,0.050378516169525746,0.13729946401264298,0.17492275820957914,30
0,new_real_evidence,16,provenance,0.19985801910162515,0.023921760644148783,0.1909254868750416,0.2087905513282087,0.0,0.0,0.0,0.0,0.12558633014724463,0.061030939098834655,0.10279700295562991,0.14837565733885935,0.8602051451376053,0.05542328307256389,0.8395097511190286,0.8809005391561819,0.7508084739478483,0.10871627968161691,0.7102131479492226,0.791403799946474,0.8918163863670298,0.08201216681601305,0.8611925399891015,0.922440232744958,0.12366889142334353,0.02170899529088587,0.11556261935887405,0.131775163487813,0.3786138350550068,0.07849657611669544,0.34930273181853344,0.40792493829148013,0.18333333333333332,0.05449173018911981,0.16298578687814935,0.2036808797885173,0.027222222222222224,0.021657086004395608,0.019135333403882945,0.0353091110405615,0.15611111111111106,0.050378516169525746,0.13729946401264298,0.17492275820957914,30
0,new_real_evidence,16,semantic_dedup,0.19986402679898743,0.023916668637589546,0.19093339595890152,0.20879465763907334,6.007697362245333e-06,3.290551363966055e-05,-6.2794233639812755e-06,1.8294818088471943e-05,0.12558633014724463,0.061030939098834655,0.10279700295562991,0.14837565733885935,0.8601967771507351,0.05541278991563963,0.8395053013413478,0.8808882529601223,0.7508084739478483,0.10871627968161691,0.7102131479492226,0.791403799946474,0.8918163863670298,0.08201216681601305,0.8611925399891015,0.922440232744958,0.12366936445972272,0.021708614092398677,0.1155632347371077,0.13177549418233775,0.37862008902974265,0.0784913373646111,0.34931094197544654,0.40792923608403875,0.18333333333333332,0.05449173018911981,0.16298578687814935,0.2036808797885173,0.027222222222222224,0.021657086004395608,0.019135333403882945,0.0353091110405615,0.15611111111111106,0.050378516169525746,0.13729946401264298,0.17492275820957914,30
0,new_real_evidence,16,source_average,0.19985801910162515,0.023921760644148783,0.1909254868750416,0.2087905513282087,0.0,0.0,0.0,0.0,0.12558633014724463,0.061030939098834655,0.10279700295562991,0.14837565733885935,0.8602051451376053,0.05542328307256389,0.8395097511190286,0.8809005391561819,0.7508084739478483,0.10871627968161691,0.7102131479492226,0.791403799946474,0.8918163863670298,0.08201216681601305,0.8611925399891015,0.922440232744958,0.12366889142334353,0.02170899529088587,0.11556261935887405,0.131775163487813,0.3786138350550068,0.07849657611669544,0.34930273181853344,0.40792493829148013,0.18333333333333332,0.05449173018911981,0.16298578687814935,0.2036808797885173,0.027222222222222224,0.021657086004395608,0.019135333403882945,0.0353091110405615,0.15611111111111106,0.050378516169525746,0.13729946401264298,0.17492275820957914,30
0,new_real_evidence,16,trajectory_average,0.5,0.0,0.5,0.5,0.38804190873476746,0.014678613109878214,0.38256082452044105,0.3935229929490939,0.6395818913059886,0.12899345256422673,0.5914149445168915,0.6877488380950858,1.0804739397642316,0.053781790277795206,1.0603914892286657,1.1005563902997975,0.31029202329491706,0.13031257800347626,0.26163250697165047,0.35895153961818366,0.3778208252082861,0.12753659551217272,0.33019787778280524,0.4254437726337669,0.25,0.0,0.25,0.25,0.693147180559945,3.387607712450221e-16,0.6931471805599448,0.6931471805599451,0.0,0.0,0.0,0.0,0.0,0.0,0.0,0.0,0.0,0.0,0.0,0.0,30
0,paraphrase_duplication,1,belief_mixing,0.4424691254563428,0.01517223815584772,0.43680371862059386,0.44813453229209177,0.0,0.0,0.0,0.0,0.14294055996179084,0.062354923918108235,0.11965684871368479,0.16622427120989688,0.7710634819727332,0.05041206262379372,0.752239308422375,0.7898876555230915,0.3946864554111434,0.12683165846941089,0.3473267358034579,0.44204617501882887,0.757783950941988,0.08590413950472932,0.7257068180779982,0.7898610838059779,0.2832337546909587,0.015960578585380584,0.27727397670096765,0.2891935326809497,0.8246502118891942,0.053864997432309,0.8045366912915107,0.8447637324868776,0.0,0.0,0.0,0.0,0.0,0.0,0.0,0.0,0.0,0.0,0.0,0.0,30
0,paraphrase_duplication,1,exact_dedup,0.4424728026028771,0.015180171741985883,0.43680443331737767,0.4481411718883765,3.6771465342893887e-06,2.0140561040822416e-05,-3.843462556104805e-06,1.1197755624683582e-05,0.14294055996179084,0.062354923918108235,0.11965684871368479,0.16622427120989688,0.7710748522108529,0.05040698298247389,0.7522525754297361,0.7898971289919697,0.3946864554111434,0.12683165846941089,0.3473267358034579,0.44204617501882887,0.757783950941988,0.08590413950472932,0.7257068180779982,0.7898610838059779,0.2832409345578817,0.01597146532919308,0.27727709139094175,0.2892047777248216,0.824806268770009,0.05415337501187941,0.8045850662144104,0.8450274713256075,0.0,0.0,0.0,0.0,0.0,0.0,0.0,0.0,0.0,0.0,0.0,0.0,30
0,paraphrase_duplication,1,flat,0.4424691254563428,0.015172238155847721,0.43680371862059386,0.44813453229209177,4.255854927729765e-18,1.6226035133459045e-18,3.64996481832115e-18,4.861745037138379e-18,0.14294055996179084,0.062354923918108235,0.11965684871368479,0.16622427120989688,0.7710634819727332,0.05041206262379372,0.752239308422375,0.7898876555230915,0.3946864554111434,0.12683165846941089,0.3473267358034579,0.44204617501882887,0.757783950941988,0.08590413950472932,0.7257068180779982,0.7898610838059779,0.2832337546909587,0.015960578585380584,0.27727397670096765,0.2891935326809497,0.8246502118891942,0.053864997432309,0.8045366912915107,0.8447637324868776,0.0,0.0,0.0,0.0,0.0,0.0,0.0,0.0,0.0,0.0,0.0,0.0,30
0,paraphrase_duplication,1,provenance,0.4424691254563428,0.01517223815584772,0.43680371862059386,0.44813453229209177,0.0,0.0,0.0,0.0,0.14294055996179084,0.062354923918108235,0.11965684871368479,0.16622427120989688,0.7710634819727332,0.05041206262379372,0.752239308422375,0.7898876555230915,0.3946864554111434,0.12683165846941089,0.3473267358034579,0.44204617501882887,0.757783950941988,0.08590413950472932,0.7257068180779982,0.7898610838059779,0.2832337546909587,0.015960578585380584,0.27727397670096765,0.2891935326809497,0.8246502118891942,0.053864997432309,0.8045366912915107,0.8447637324868776,0.0,0.0,0.0,0.0,0.0,0.0,0.0,0.0,0.0,0.0,0.0,0.0,30
0,paraphrase_duplication,1,semantic_dedup,0.4424728026028771,0.015180171741985883,0.43680443331737767,0.4481411718883765,3.6771465342893887e-06,2.0140561040822416e-05,-3.843462556104805e-06,1.1197755624683582e-05,0.14294055996179084,0.062354923918108235,0.11965684871368479,0.16622427120989688,0.7710748522108529,0.05040698298247389,0.7522525754297361,0.7898971289919697,0.3946864554111434,0.12683165846941089,0.3473267358034579,0.44204617501882887,0.757783950941988,0.08590413950472932,0.7257068180779982,0.7898610838059779,0.2832409345578817,0.01597146532919308,0.27727709139094175,0.2892047777248216,0.824806268770009,0.05415337501187941,0.8045850662144104,0.8450274713256075,0.0,0.0,0.0,0.0,0.0,0.0,0.0,0.0,0.0,0.0,0.0,0.0,30
0,paraphrase_duplication,1,source_average,0.4424691254563428,0.01517223815584772,0.43680371862059386,0.44813453229209177,0.0,0.0,0.0,0.0,0.14294055996179084,0.062354923918108235,0.11965684871368479,0.16622427120989688,0.7710634819727332,0.05041206262379372,0.752239308422375,0.7898876555230915,0.3946864554111434,0.12683165846941089,0.3473267358034579,0.44204617501882887,0.757783950941988,0.08590413950472932,0.7257068180779982,0.7898610838059779,0.2832337546909587,0.015960578585380584,0.27727397670096765,0.2891935326809497,0.8246502118891942,0.053864997432309,0.8045366912915107,0.8447637324868776,0.0,0.0,0.0,0.0,0.0,0.0,0.0,0.0,0.0,0.0,0.0,0.0,30
0,paraphrase_duplication,1,trajectory_average,0.5,0.0,0.5,0.5,0.26814164671428303,0.012014169057499281,0.2636554822601635,0.27262781116840257,0.46037042424565366,0.12155265731115927,0.4149819160664125,0.5057589324248949,0.9062463855188247,0.06545899370736993,0.881803595562483,0.9306891754751665,0.31029202329491706,0.13031257800347626,0.26163250697165047,0.35895153961818366,0.44035408665812537,0.12645350448434484,0.3931355720691031,0.48757260124714763,0.25,0.0,0.25,0.25,0.693147180559945,3.387607712450221e-16,0.6931471805599448,0.6931471805599451,0.0,0.0,0.0,0.0,0.0,0.0,0.0,0.0,0.0,0.0,0.0,0.0,30
0,paraphrase_duplication,2,belief_mixing,0.4424691254563428,0.01517223815584772,0.43680371862059386,0.44813453229209177,0.0,0.0,0.0,0.0,0.14294055996179084,0.062354923918108235,0.11965684871368479,0.16622427120989688,0.7710634819727332,0.05041206262379372,0.752239308422375,0.7898876555230915,0.3946864554111434,0.12683165846941089,0.3473267358034579,0.44204617501882887,0.757783950941988,0.08590413950472932,0.7257068180779982,0.7898610838059779,0.2832337546909587,0.015960578585380584,0.27727397670096765,0.2891935326809497,0.8246502118891942,0.053864997432309,0.8045366912915107,0.8447637324868776,0.0,0.0,0.0,0.0,0.0,0.0,0.0,0.0,0.0,0.0,0.0,0.0,30
0,paraphrase_duplication,2,exact_dedup,0.4424728026028771,0.015180171741985883,0.43680443331737767,0.4481411718883765,3.6771465342893887e-06,2.0140561040822416e-05,-3.843462556104805e-06,1.1197755624683582e-05,0.14294055996179084,0.062354923918108235,0.11965684871368479,0.16622427120989688,0.7710748522108529,0.05040698298247389,0.7522525754297361,0.7898971289919697,0.3946864554111434,0.12683165846941089,0.3473267358034579,0.44204617501882887,0.757783950941988,0.08590413950472932,0.7257068180779982,0.7898610838059779,0.2832409345578817,0.01597146532919308,0.27727709139094175,0.2892047777248216,0.824806268770009,0.05415337501187941,0.8045850662144104,0.8450274713256075,0.0,0.0,0.0,0.0,0.0,0.0,0.0,0.0,0.0,0.0,0.0,0.0,30
0,paraphrase_duplication,2,flat,0.5629851311268573,0.015524129074284257,0.5571883260626947,0.5687819361910199,0.12051600567051456,0.006704241486687166,0.11801260075707733,0.12301941058395179,0.21389168433432879,0.07120179137513281,0.18730449848668423,0.24047887018197334,0.8263818937103007,0.0413065087360408,0.8109577898602109,0.8418059975603904,0.14978249821444917,0.13013811942964928,0.1011881257932596,0.19837687063563875,0.6868328265694501,0.09400019255027596,0.651732577814734,0.7219330753241662,0.4012017799200843,0.016372526797917106,0.3950881779395056,0.407315381900663,1.2028090584081503,0.06587000821812143,1.1782127931111974,1.2274053237051032,0.09833333333333333,0.031057356406706288,0.08673632585958571,0.10993034080708095,0.09111111111111111,0.031783912812386544,0.07924280301678158,0.10297941920544065,0.007222222222222223,0.010434371926321542,0.0033259637117173226,0.011118480732727122,30
0,paraphrase_duplication,2,provenance,0.4424691254563428,0.01517223815584772,0.43680371862059386,0.44813453229209177,0.0,0.0,0.0,0.0,0.14294055996179084,0.062354923918108235,0.11965684871368479,0.16622427120989688,0.7710634819727332,0.05041206262379372,0.752239308422375,0.7898876555230915,0.3946864554111434,0.12683165846941089,0.3473267358034579,0.44204617501882887,0.757783950941988,0.08590413950472932,0.7257068180779982,0.7898610838059779,0.2832337546909587,0.015960578585380584,0.27727397670096765,0.2891935326809497,0.8246502118891942,0.053864997432309,0.8045366912915107,0.8447637324868776,0.0,0.0,0.0,0.0,0.0,0.0,0.0,0.0,0.0,0.0,0.0,0.0,30
0,paraphrase_duplication,2,semantic_dedup,0.4424728026028771,0.015180171741985883,0.43680443331737767,0.4481411718883765,3.6771465342893887e-06,2.0140561040822416e-05,-3.843462556104805e-06,1.1197755624683582e-05,0.14294055996179084,0.062354923918108235,0.11965684871368479,0.16622427120989688,0.7710748522108529,0.05040698298247389,0.7522525754297361,0.7898971289919697,0.3946864554111434,0.12683165846941089,0.3473267358034579,0.44204617501882887,0.757783950941988,0.08590413950472932,0.7257068180779982,0.7898610838059779,0.2832409345578817,0.01597146532919308,0.27727709139094175,0.2892047777248216,0.824806268770009,0.05415337501187941,0.8045850662144104,0.8450274713256075,0.0,0.0,0.0,0.0,0.0,0.0,0.0,0.0,0.0,0.0,0.0,0.0,30
0,paraphrase_duplication,2,source_average,0.4424691254563428,0.01517223815584772,0.43680371862059386,0.44813453229209177,0.0,0.0,0.0,0.0,0.14294055996179084,0.062354923918108235,0.11965684871368479,0.16622427120989688,0.7710634819727332,0.05041206262379372,0.752239308422375,0.7898876555230915,0.3946864554111434,0.12683165846941089,0.3473267358034579,0.44204617501882887,0.757783950941988,0.08590413950472932,0.7257068180779982,0.7898610838059779,0.2832337546909587,0.015960578585380584,0.27727397670096765,0.2891935326809497,0.8246502118891942,0.053864997432309,0.8045366912915107,0.8447637324868776,0.0,0.0,0.0,0.0,0.0,0.0,0.0,0.0,0.0,0.0,0.0,0.0,30
0,paraphrase_duplication,2,trajectory_average,0.5,0.0,0.5,0.5,0.26814164671428303,0.012014169057499281,0.2636554822601635,0.27262781116840257,0.46037042424565366,0.12155265731115927,0.4149819160664125,0.5057589324248949,0.9062463855188247,0.06545899370736993,0.881803595562483,0.9306891754751665,0.31029202329491706,0.13031257800347626,0.26163250697165047,0.35895153961818366,0.44035408665812537,0.12645350448434484,0.3931355720691031,0.48757260124714763,0.25,0.0,0.25,0.25,0.693147180559945,3.387607712450221e-16,0.6931471805599448,0.6931471805599451,0.0,0.0,0.0,0.0,0.0,0.0,0.0,0.0,0.0,0.0,0.0,0.0,30
0,paraphrase_duplication,4,belief_mixing,0.4424691254563428,0.01517223815584772,0.43680371862059386,0.44813453229209177,0.0,0.0,0.0,0.0,0.14294055996179084,0.062354923918108235,0.11965684871368479,0.16622427120989688,0.7710634819727332,0.05041206262379372,0.752239308422375,0.7898876555230915,0.3946864554111434,0.12683165846941089,0.3473267358034579,0.44204617501882887,0.757783950941988,0.08590413950472932,0.7257068180779982,0.7898610838059779,0.2832337546909587,0.015960578585380584,0.27727397670096765,0.2891935326809497,0.8246502118891942,0.053864997432309,0.8045366912915107,0.8447637324868776,0.0,0.0,0.0,0.0,0.0,0.0,0.0,0.0,0.0,0.0,0.0,0.0,30
0,paraphrase_duplication,4,exact_dedup,0.4424728026028771,0.015180171741985883,0.43680443331737767,0.4481411718883765,3.6771465342893887e-06,2.0140561040822416e-05,-3.843462556104805e-06,1.1197755624683582e-05,0.14294055996179084,0.062354923918108235,0.11965684871368479,0.16622427120989688,0.7710748522108529,0.05040698298247389,0.7522525754297361,0.7898971289919697,0.3946864554111434,0.12683165846941089,0.3473267358034579,0.44204617501882887,0.757783950941988,0.08590413950472932,0.7257068180779982,0.7898610838059779,0.2832409345578817,0.01597146532919308,0.27727709139094175,0.2892047777248216,0.824806268770009,0.05415337501187941,0.8045850662144104,0.8450274713256075,0.0,0.0,0.0,0.0,0.0,0.0,0.0,0.0,0.0,0.0,0.0,0.0,30
0,paraphrase_duplication,4,flat,0.7644683788914499,0.00964680376019177,0.7608662031672931,0.7680705546156067,0.32199925343510716,0.01128373265521659,0.3177858384161115,0.3262126684541028,0.4638185529624859,0.0754544551871105,0.4356433963498798,0.49199370957509203,1.1248269739320966,0.060209385776038835,1.1023444197928878,1.1473095280713055,-0.2722208811907919,0.10691822541231825,-0.3121448026910374,-0.23229695969054645,0.4369059579412932,0.0799004951963359,0.4070706227049703,0.46674129317761615,0.6450518144996358,0.01263645338300941,0.6403332852595625,0.6497703437397091,2.30943840612666,0.08547159685042893,2.2775227873441954,2.3413540249091245,0.2677777777777778,0.05377214118207713,0.24769893027376724,0.28785662528178835,0.2527777777777777,0.05415377093766267,0.23255642738106203,0.2729991281744934,0.015000000000000001,0.01474560782713181,0.009493899547120712,0.02050610045287929,30
0,paraphrase_duplication,4,provenance,0.4424691254563428,0.01517223815584772,0.43680371862059386,0.44813453229209177,0.0,0.0,0.0,0.0,0.14294055996179084,0.062354923918108235,0.11965684871368479,0.16622427120989688,0.7710634819727332,0.05041206262379372,0.752239308422375,0.7898876555230915,0.3946864554111434,0.12683165846941089,0.3473267358034579,0.44204617501882887,0.757783950941988,0.08590413950472932,0.7257068180779982,0.7898610838059779,0.2832337546909587,0.015960578585380584,0.27727397670096765,0.2891935326809497,0.8246502118891942,0.053864997432309,0.8045366912915107,0.8447637324868776,0.0,0.0,0.0,0.0,0.0,0.0,0.0,0.0,0.0,0.0,0.0,0.0,30
0,paraphrase_duplication,4,semantic_dedup,0.4424728026028771,0.015180171741985883,0.43680443331737767,0.4481411718883765,3.6771465342893887e-06,2.0140561040822416e-05,-3.843462556104805e-06,1.1197755624683582e-05,0.14294055996179084,0.062354923918108235,0.11965684871368479,0.16622427120989688,0.7710748522108529,0.05040698298247389,0.7522525754297361,0.7898971289919697,0.3946864554111434,0.12683165846941089,0.3473267358034579,0.44204617501882887,0.757783950941988,0.08590413950472932,0.7257068180779982,0.7898610838059779,0.2832409345578817,0.01597146532919308,0.27727709139094175,0.2892047777248216,0.824806268770009,0.05415337501187941,0.8045850662144104,0.8450274713256075,0.0,0.0,0.0,0.0,0.0,0.0,0.0,0.0,0.0,0.0,0.0,0.0,30
0,paraphrase_duplication,4,source_average,0.4424691254563428,0.01517223815584772,0.43680371862059386,0.44813453229209177,0.0,0.0,0.0,0.0,0.14294055996179084,0.062354923918108235,0.11965684871368479,0.16622427120989688,0.7710634819727332,0.05041206262379372,0.752239308422375,0.7898876555230915,0.3946864554111434,0.12683165846941089,0.3473267358034579,0.44204617501882887,0.757783950941988,0.08590413950472932,0.7257068180779982,0.7898610838059779,0.2832337546909587,0.015960578585380584,0.27727397670096765,0.2891935326809497,0.8246502118891942,0.053864997432309,0.8045366912915107,0.8447637324868776,0.0,0.0,0.0,0.0,0.0,0.0,0.0,0.0,0.0,0.0,0.0,0.0,30
0,paraphrase_duplication,4,trajectory_average,0.5,0.0,0.5,0.5,0.26814164671428303,0.012014169057499281,0.2636554822601635,0.27262781116840257,0.46037042424565366,0.12155265731115927,0.4149819160664125,0.5057589324248949,0.9062463855188247,0.06545899370736993,0.881803595562483,0.9306891754751665,0.31029202329491706,0.13031257800347626,0.26163250697165047,0.35895153961818366,0.44035408665812537,0.12645350448434484,0.3931355720691031,0.48757260124714763,0.25,0.0,0.25,0.25,0.693147180559945,3.387607712450221e-16,0.6931471805599448,0.6931471805599451,0.0,0.0,0.0,0.0,0.0,0.0,0.0,0.0,0.0,0.0,0.0,0.0,30
0,paraphrase_duplication,8,belief_mixing,0.4424691254563428,0.01517223815584772,0.43680371862059386,0.44813453229209177,0.0,0.0,0.0,0.0,0.14294055996179084,0.062354923918108235,0.11965684871368479,0.16622427120989688,0.7710634819727332,0.05041206262379372,0.752239308422375,0.7898876555230915,0.3946864554111434,0.12683165846941089,0.3473267358034579,0.44204617501882887,0.757783950941988,0.08590413950472932,0.7257068180779982,0.7898610838059779,0.2832337546909587,0.015960578585380584,0.27727397670096765,0.2891935326809497,0.8246502118891942,0.053864997432309,0.8045366912915107,0.8447637324868776,0.0,0.0,0.0,0.0,0.0,0.0,0.0,0.0,0.0,0.0,0.0,0.0,30
0,paraphrase_duplication,8,exact_dedup,0.4424728026028771,0.015180171741985883,0.43680443331737767,0.4481411718883765,3.6771465342893887e-06,2.0140561040822416e-05,-3.843462556104805e-06,1.1197755624683582e-05,0.14294055996179084,0.062354923918108235,0.11965684871368479,0.16622427120989688,0.7710748522108529,0.05040698298247389,0.7522525754297361,0.7898971289919697,0.3946864554111434,0.12683165846941089,0.3473267358034579,0.44204617501882887,0.757783950941988,0.08590413950472932,0.7257068180779982,0.7898610838059779,0.2832409345578817,0.01597146532919308,0.27727709139094175,0.2892047777248216,0.824806268770009,0.05415337501187941,0.8045850662144104,0.8450274713256075,0.0,0.0,0.0,0.0,0.0,0.0,0.0,0.0,0.0,0.0,0.0,0.0,30
0,paraphrase_duplication,8,flat,0.905274270329786,0.0029787797604484256,0.9041619756871837,0.9063865649723883,0.4628051448734434,0.014922127434850758,0.4572331309157837,0.46837715883110304,0.6100881924581898,0.08000836337568377,0.5802125785817375,0.6399638063346421,1.3814594459904725,0.08275500982011542,1.3505582174761646,1.4123606745047805,-0.5051416948492576,0.1217568293574012,-0.5506064421235201,-0.4596769475749953,0.2906363184455891,0.08646603238456636,0.2583493713320674,0.32292326555911083,0.8505472714637935,0.004445105036263781,0.8488874419647182,0.8522071009628688,5.155391135527469,0.094641992912899,5.120051234578776,5.190731036476162,0.3611111111111111,0.06006594928152453,0.33868211703918905,0.38354010518303316,0.3438888888888888,0.05944883071868316,0.32169033067543906,0.36608744710233854,0.017222222222222226,0.01665708536856717,0.011002364325095689,0.023442080119348764,30
0,paraphrase_duplication,8,provenance,0.4424691254563428,0.01517223815584772,0.43680371862059386,0.44813453229209177,0.0,0.0,0.0,0.0,0.14294055996179084,0.062354923918108235,0.11965684871368479,0.16622427120989688,0.7710634819727332,0.05041206262379372,0.752239308422375,0.7898876555230915,0.3946864554111434,0.12683165846941089,0.3473267358034579,0.44204617501882887,0.757783950941988,0.08590413950472932,0.7257068180779982,0.7898610838059779,0.2832337546909587,0.015960578585380584,0.27727397670096765,0.2891935326809497,0.8246502118891942,0.053864997432309,0.8045366912915107,0.8447637324868776,0.0,0.0,0.0,0.0,0.0,0.0,0.0,0.0,0.0,0.0,0.0,0.0,30
0,paraphrase_duplication,8,semantic_dedup,0.4424728026028771,0.015180171741985883,0.43680443331737767,0.4481411718883765,3.6771465342893887e-06,2.0140561040822416e-05,-3.843462556104805e-06,1.1197755624683582e-05,0.14294055996179084,0.062354923918108235,0.11965684871368479,0.16622427120989688,0.7710748522108529,0.05040698298247389,0.7522525754297361,0.7898971289919697,0.3946864554111434,0.12683165846941089,0.3473267358034579,0.44204617501882887,0.757783950941988,0.08590413950472932,0.7257068180779982,0.7898610838059779,0.2832409345578817,0.01597146532919308,0.27727709139094175,0.2892047777248216,0.824806268770009,0.05415337501187941,0.8045850662144104,0.8450274713256075,0.0,0.0,0.0,0.0,0.0,0.0,0.0,0.0,0.0,0.0,0.0,0.0,30
0,paraphrase_duplication,8,source_average,0.4424691254563428,0.01517223815584772,0.43680371862059386,0.44813453229209177,0.0,0.0,0.0,0.0,0.14294055996179084,0.062354923918108235,0.11965684871368479,0.16622427120989688,0.7710634819727332,0.05041206262379372,0.752239308422375,0.7898876555230915,0.3946864554111434,0.12683165846941089,0.3473267358034579,0.44204617501882887,0.757783950941988,0.08590413950472932,0.7257068180779982,0.7898610838059779,0.2832337546909587,0.015960578585380584,0.27727397670096765,0.2891935326809497,0.8246502118891942,0.053864997432309,0.8045366912915107,0.8447637324868776,0.0,0.0,0.0,0.0,0.0,0.0,0.0,0.0,0.0,0.0,0.0,0.0,30
0,paraphrase_duplication,8,trajectory_average,0.5,0.0,0.5,0.5,0.26814164671428303,0.012014169057499281,0.2636554822601635,0.27262781116840257,0.46037042424565366,0.12155265731115927,0.4149819160664125,0.5057589324248949,0.9062463855188247,0.06545899370736993,0.881803595562483,0.9306891754751665,0.31029202329491706,0.13031257800347626,0.26163250697165047,0.35895153961818366,0.44035408665812537,0.12645350448434484,0.3931355720691031,0.48757260124714763,0.25,0.0,0.25,0.25,0.693147180559945,3.387607712450221e-16,0.6931471805599448,0.6931471805599451,0.0,0.0,0.0,0.0,0.0,0.0,0.0,0.0,0.0,0.0,0.0,0.0,30
0,paraphrase_duplication,16,belief_mixing,0.4424691254563428,0.01517223815584772,0.43680371862059386,0.44813453229209177,0.0,0.0,0.0,0.0,0.14294055996179084,0.062354923918108235,0.11965684871368479,0.16622427120989688,0.7710634819727332,0.05041206262379372,0.752239308422375,0.7898876555230915,0.3946864554111434,0.12683165846941089,0.3473267358034579,0.44204617501882887,0.757783950941988,0.08590413950472932,0.7257068180779982,0.7898610838059779,0.2832337546909587,0.015960578585380584,0.27727397670096765,0.2891935326809497,0.8246502118891942,0.053864997432309,0.8045366912915107,0.8447637324868776,0.0,0.0,0.0,0.0,0.0,0.0,0.0,0.0,0.0,0.0,0.0,0.0,30
0,paraphrase_duplication,16,exact_dedup,0.4424728026028771,0.015180171741985883,0.43680443331737767,0.4481411718883765,3.6771465342893887e-06,2.0140561040822416e-05,-3.843462556104805e-06,1.1197755624683582e-05,0.14294055996179084,0.062354923918108235,0.11965684871368479,0.16622427120989688,0.7710748522108529,0.05040698298247389,0.7522525754297361,0.7898971289919697,0.3946864554111434,0.12683165846941089,0.3473267358034579,0.44204617501882887,0.757783950941988,0.08590413950472932,0.7257068180779982,0.7898610838059779,0.2832409345578817,0.01597146532919308,0.27727709139094175,0.2892047777248216,0.824806268770009,0.05415337501187941,0.8045850662144104,0.8450274713256075,0.0,0.0,0.0,0.0,0.0,0.0,0.0,0.0,0.0,0.0,0.0,0.0,30
0,paraphrase_duplication,16,flat,0.9746304003340164,0.001591722384042099,0.9740360414277999,0.9752247592402329,0.5321612748776734,0.015303144735136352,0.5264469867218761,0.5378755630334707,0.7008090917638694,0.08805929109538524,0.6679272120702846,0.7336909714574542,1.5196618495007146,0.08901319285111754,1.4864237770376751,1.552899921963754,-0.638511548450341,0.13402420773059825,-0.6885570100910887,-0.5884660868095932,0.19991541913990954,0.0904725540829664,0.1661324122371508,0.23369842604266827,0.9538976337298912,0.002483829176181156,0.9529701566728463,0.9548251107869361,11.194066020149878,0.09512050661675445,11.158547439247641,11.229584601052114,0.41222222222222216,0.06250415056460909,0.3888827888285449,0.43556165561589943,0.3933333333333333,0.0616814210370467,0.3703011121941399,0.4163655544725267,0.018888888888888893,0.01736101532540626,0.012406179226030774,0.02537159855174701,30
0,paraphrase_duplication,16,provenance,0.4424691254563428,0.01517223815584772,0.43680371862059386,0.44813453229209177,0.0,0.0,0.0,0.0,0.14294055996179084,0.062354923918108235,0.11965684871368479,0.16622427120989688,0.7710634819727332,0.05041206262379372,0.752239308422375,0.7898876555230915,0.3946864554111434,0.12683165846941089,0.3473267358034579,0.44204617501882887,0.757783950941988,0.08590413950472932,0.7257068180779982,0.7898610838059779,0.2832337546909587,0.015960578585380584,0.27727397670096765,0.2891935326809497,0.8246502118891942,0.053864997432309,0.8045366912915107,0.8447637324868776,0.0,0.0,0.0,0.0,0.0,0.0,0.0,0.0,0.0,0.0,0.0,0.0,30
0,paraphrase_duplication,16,semantic_dedup,0.4424728026028771,0.015180171741985883,0.43680443331737767,0.4481411718883765,3.6771465342893887e-06,2.0140561040822416e-05,-3.843462556104805e-06,1.1197755624683582e-05,0.14294055996179084,0.062354923918108235,0.11965684871368479,0.16622427120989688,0.7710748522108529,0.05040698298247389,0.7522525754297361,0.7898971289919697,0.3946864554111434,0.12683165846941089,0.3473267358034579,0.44204617501882887,0.757783950941988,0.08590413950472932,0.7257068180779982,0.7898610838059779,0.2832409345578817,0.01597146532919308,0.27727709139094175,0.2892047777248216,0.824806268770009,0.05415337501187941,0.8045850662144104,0.8450274713256075,0.0,0.0,0.0,0.0,0.0,0.0,0.0,0.0,0.0,0.0,0.0,0.0,30
0,paraphrase_duplication,16,source_average,0.4424691254563428,0.01517223815584772,0.43680371862059386,0.44813453229209177,0.0,0.0,0.0,0.0,0.14294055996179084,0.062354923918108235,0.11965684871368479,0.16622427120989688,0.7710634819727332,0.05041206262379372,0.752239308422375,0.7898876555230915,0.3946864554111434,0.12683165846941089,0.3473267358034579,0.44204617501882887,0.757783950941988,0.08590413950472932,0.7257068180779982,0.7898610838059779,0.2832337546909587,0.015960578585380584,0.27727397670096765,0.2891935326809497,0.8246502118891942,0.053864997432309,0.8045366912915107,0.8447637324868776,0.0,0.0,0.0,0.0,0.0,0.0,0.0,0.0,0.0,0.0,0.0,0.0,30
0,paraphrase_duplication,16,trajectory_average,0.5,0.0,0.5,0.5,0.26814164671428303,0.012014169057499281,0.2636554822601635,0.27262781116840257,0.46037042424565366,0.12155265731115927,0.4149819160664125,0.5057589324248949,0.9062463855188247,0.06545899370736993,0.881803595562483,0.9306891754751665,0.31029202329491706,0.13031257800347626,0.26163250697165047,0.35895153961818366,0.44035408665812537,0.12645350448434484,0.3931355720691031,0.48757260124714763,0.25,0.0,0.25,0.25,0.693147180559945,3.387607712450221e-16,0.6931471805599448,0.6931471805599451,0.0,0.0,0.0,0.0,0.0,0.0,0.0,0.0,0.0,0.0,0.0,0.0,30
0,pure_duplication,1,belief_mixing,0.4424691254563428,0.01517223815584772,0.43680371862059386,0.44813453229209177,0.0,0.0,0.0,0.0,0.14294055996179084,0.062354923918108235,0.11965684871368479,0.16622427120989688,0.7710634819727332,0.05041206262379372,0.752239308422375,0.7898876555230915,0.3946864554111434,0.12683165846941089,0.3473267358034579,0.44204617501882887,0.757783950941988,0.08590413950472932,0.7257068180779982,0.7898610838059779,0.2832337546909587,0.015960578585380584,0.27727397670096765,0.2891935326809497,0.8246502118891942,0.053864997432309,0.8045366912915107,0.8447637324868776,0.0,0.0,0.0,0.0,0.0,0.0,0.0,0.0,0.0,0.0,0.0,0.0,30
0,pure_duplication,1,exact_dedup,0.4424728026028771,0.015180171741985883,0.43680443331737767,0.4481411718883765,3.6771465342893887e-06,2.0140561040822416e-05,-3.843462556104805e-06,1.1197755624683582e-05,0.14294055996179084,0.062354923918108235,0.11965684871368479,0.16622427120989688,0.7710748522108529,0.05040698298247389,0.7522525754297361,0.7898971289919697,0.3946864554111434,0.12683165846941089,0.3473267358034579,0.44204617501882887,0.757783950941988,0.08590413950472932,0.7257068180779982,0.7898610838059779,0.2832409345578817,0.01597146532919308,0.27727709139094175,0.2892047777248216,0.824806268770009,0.05415337501187941,0.8045850662144104,0.8450274713256075,0.0,0.0,0.0,0.0,0.0,0.0,0.0,0.0,0.0,0.0,0.0,0.0,30
0,pure_duplication,1,flat,0.4424691254563428,0.015172238155847721,0.43680371862059386,0.44813453229209177,4.255854927729765e-18,1.6226035133459045e-18,3.64996481832115e-18,4.861745037138379e-18,0.14294055996179084,0.062354923918108235,0.11965684871368479,0.16622427120989688,0.7710634819727332,0.05041206262379372,0.752239308422375,0.7898876555230915,0.3946864554111434,0.12683165846941089,0.3473267358034579,0.44204617501882887,0.757783950941988,0.08590413950472932,0.7257068180779982,0.7898610838059779,0.2832337546909587,0.015960578585380584,0.27727397670096765,0.2891935326809497,0.8246502118891942,0.053864997432309,0.8045366912915107,0.8447637324868776,0.0,0.0,0.0,0.0,0.0,0.0,0.0,0.0,0.0,0.0,0.0,0.0,30
0,pure_duplication,1,provenance,0.4424691254563428,0.01517223815584772,0.43680371862059386,0.44813453229209177,0.0,0.0,0.0,0.0,0.14294055996179084,0.062354923918108235,0.11965684871368479,0.16622427120989688,0.7710634819727332,0.05041206262379372,0.752239308422375,0.7898876555230915,0.3946864554111434,0.12683165846941089,0.3473267358034579,0.44204617501882887,0.757783950941988,0.08590413950472932,0.7257068180779982,0.7898610838059779,0.2832337546909587,0.015960578585380584,0.27727397670096765,0.2891935326809497,0.8246502118891942,0.053864997432309,0.8045366912915107,0.8447637324868776,0.0,0.0,0.0,0.0,0.0,0.0,0.0,0.0,0.0,0.0,0.0,0.0,30
0,pure_duplication,1,semantic_dedup,0.4424728026028771,0.015180171741985883,0.43680443331737767,0.4481411718883765,3.6771465342893887e-06,2.0140561040822416e-05,-3.843462556104805e-06,1.1197755624683582e-05,0.14294055996179084,0.062354923918108235,0.11965684871368479,0.16622427120989688,0.7710748522108529,0.05040698298247389,0.7522525754297361,0.7898971289919697,0.3946864554111434,0.12683165846941089,0.3473267358034579,0.44204617501882887,0.757783950941988,0.08590413950472932,0.7257068180779982,0.7898610838059779,0.2832409345578817,0.01597146532919308,0.27727709139094175,0.2892047777248216,0.824806268770009,0.05415337501187941,0.8045850662144104,0.8450274713256075,0.0,0.0,0.0,0.0,0.0,0.0,0.0,0.0,0.0,0.0,0.0,0.0,30
0,pure_duplication,1,source_average,0.4424691254563428,0.01517223815584772,0.43680371862059386,0.44813453229209177,0.0,0.0,0.0,0.0,0.14294055996179084,0.062354923918108235,0.11965684871368479,0.16622427120989688,0.7710634819727332,0.05041206262379372,0.752239308422375,0.7898876555230915,0.3946864554111434,0.12683165846941089,0.3473267358034579,0.44204617501882887,0.757783950941988,0.08590413950472932,0.7257068180779982,0.7898610838059779,0.2832337546909587,0.015960578585380584,0.27727397670096765,0.2891935326809497,0.8246502118891942,0.053864997432309,0.8045366912915107,0.8447637324868776,0.0,0.0,0.0,0.0,0.0,0.0,0.0,0.0,0.0,0.0,0.0,0.0,30
0,pure_duplication,1,trajectory_average,0.5,0.0,0.5,0.5,0.26814164671428303,0.012014169057499281,0.2636554822601635,0.27262781116840257,0.46037042424565366,0.12155265731115927,0.4149819160664125,0.5057589324248949,0.9062463855188247,0.06545899370736993,0.881803595562483,0.9306891754751665,0.31029202329491706,0.13031257800347626,0.26163250697165047,0.35895153961818366,0.44035408665812537,0.12645350448434484,0.3931355720691031,0.48757260124714763,0.25,0.0,0.25,0.25,0.693147180559945,3.387607712450221e-16,0.6931471805599448,0.6931471805599451,0.0,0.0,0.0,0.0,0.0,0.0,0.0,0.0,0.0,0.0,0.0,0.0,30
0,pure_duplication,2,belief_mixing,0.4424691254563428,0.01517223815584772,0.43680371862059386,0.44813453229209177,0.0,0.0,0.0,0.0,0.14294055996179084,0.062354923918108235,0.11965684871368479,0.16622427120989688,0.7710634819727332,0.05041206262379372,0.752239308422375,0.7898876555230915,0.3946864554111434,0.12683165846941089,0.3473267358034579,0.44204617501882887,0.757783950941988,0.08590413950472932,0.7257068180779982,0.7898610838059779,0.2832337546909587,0.015960578585380584,0.27727397670096765,0.2891935326809497,0.8246502118891942,0.053864997432309,0.8045366912915107,0.8447637324868776,0.0,0.0,0.0,0.0,0.0,0.0,0.0,0.0,0.0,0.0,0.0,0.0,30
0,pure_duplication,2,exact_dedup,0.4424728026028771,0.015180171741985883,0.43680443331737767,0.4481411718883765,3.6771465342893887e-06,2.0140561040822416e-05,-3.843462556104805e-06,1.1197755624683582e-05,0.14294055996179084,0.062354923918108235,0.11965684871368479,0.16622427120989688,0.7710748522108529,0.05040698298247389,0.7522525754297361,0.7898971289919697,0.3946864554111434,0.12683165846941089,0.3473267358034579,0.44204617501882887,0.757783950941988,0.08590413950472932,0.7257068180779982,0.7898610838059779,0.2832409345578817,0.01597146532919308,0.27727709139094175,0.2892047777248216,0.824806268770009,0.05415337501187941,0.8045850662144104,0.8450274713256075,0.0,0.0,0.0,0.0,0.0,0.0,0.0,0.0,0.0,0.0,0.0,0.0,30
0,pure_duplication,2,flat,0.5629851311268573,0.015524129074284257,0.5571883260626947,0.5687819361910199,0.12051600567051456,0.006704241486687166,0.11801260075707733,0.12301941058395179,0.21389168433432879,0.07120179137513281,0.18730449848668423,0.24047887018197334,0.8263818937103007,0.0413065087360408,0.8109577898602109,0.8418059975603904,0.14978249821444917,0.13013811942964928,0.1011881257932596,0.19837687063563875,0.6868328265694501,0.09400019255027596,0.651732577814734,0.7219330753241662,0.4012017799200843,0.016372526797917106,0.3950881779395056,0.407315381900663,1.2028090584081503,0.06587000821812143,1.1782127931111974,1.2274053237051032,0.09833333333333333,0.031057356406706288,0.08673632585958571,0.10993034080708095,0.09111111111111111,0.031783912812386544,0.07924280301678158,0.10297941920544065,0.007222222222222223,0.010434371926321542,0.0033259637117173226,0.011118480732727122,30
0,pure_duplication,2,provenance,0.4424691254563428,0.01517223815584772,0.43680371862059386,0.44813453229209177,0.0,0.0,0.0,0.0,0.14294055996179084,0.062354923918108235,0.11965684871368479,0.16622427120989688,0.7710634819727332,0.05041206262379372,0.752239308422375,0.7898876555230915,0.3946864554111434,0.12683165846941089,0.3473267358034579,0.44204617501882887,0.757783950941988,0.08590413950472932,0.7257068180779982,0.7898610838059779,0.2832337546909587,0.015960578585380584,0.27727397670096765,0.2891935326809497,0.8246502118891942,0.053864997432309,0.8045366912915107,0.8447637324868776,0.0,0.0,0.0,0.0,0.0,0.0,0.0,0.0,0.0,0.0,0.0,0.0,30
0,pure_duplication,2,semantic_dedup,0.4424728026028771,0.015180171741985883,0.43680443331737767,0.4481411718883765,3.6771465342893887e-06,2.0140561040822416e-05,-3.843462556104805e-06,1.1197755624683582e-05,0.14294055996179084,0.062354923918108235,0.11965684871368479,0.16622427120989688,0.7710748522108529,0.05040698298247389,0.7522525754297361,0.7898971289919697,0.3946864554111434,0.12683165846941089,0.3473267358034579,0.44204617501882887,0.757783950941988,0.08590413950472932,0.7257068180779982,0.7898610838059779,0.2832409345578817,0.01597146532919308,0.27727709139094175,0.2892047777248216,0.824806268770009,0.05415337501187941,0.8045850662144104,0.8450274713256075,0.0,0.0,0.0,0.0,0.0,0.0,0.0,0.0,0.0,0.0,0.0,0.0,30
0,pure_duplication,2,source_average,0.4424691254563428,0.01517223815584772,0.43680371862059386,0.44813453229209177,0.0,0.0,0.0,0.0,0.14294055996179084,0.062354923918108235,0.11965684871368479,0.16622427120989688,0.7710634819727332,0.05041206262379372,0.752239308422375,0.7898876555230915,0.3946864554111434,0.12683165846941089,0.3473267358034579,0.44204617501882887,0.757783950941988,0.08590413950472932,0.7257068180779982,0.7898610838059779,0.2832337546909587,0.015960578585380584,0.27727397670096765,0.2891935326809497,0.8246502118891942,0.053864997432309,0.8045366912915107,0.8447637324868776,0.0,0.0,0.0,0.0,0.0,0.0,0.0,0.0,0.0,0.0,0.0,0.0,30
0,pure_duplication,2,trajectory_average,0.5,0.0,0.5,0.5,0.26814164671428303,0.012014169057499281,0.2636554822601635,0.27262781116840257,0.46037042424565366,0.12155265731115927,0.4149819160664125,0.5057589324248949,0.9062463855188247,0.06545899370736993,0.881803595562483,0.9306891754751665,0.31029202329491706,0.13031257800347626,0.26163250697165047,0.35895153961818366,0.44035408665812537,0.12645350448434484,0.3931355720691031,0.48757260124714763,0.25,0.0,0.25,0.25,0.693147180559945,3.387607712450221e-16,0.6931471805599448,0.6931471805599451,0.0,0.0,0.0,0.0,0.0,0.0,0.0,0.0,0.0,0.0,0.0,0.0,30
0,pure_duplication,4,belief_mixing,0.4424691254563428,0.01517223815584772,0.43680371862059386,0.44813453229209177,0.0,0.0,0.0,0.0,0.14294055996179084,0.062354923918108235,0.11965684871368479,0.16622427120989688,0.7710634819727332,0.05041206262379372,0.752239308422375,0.7898876555230915,0.3946864554111434,0.12683165846941089,0.3473267358034579,0.44204617501882887,0.757783950941988,0.08590413950472932,0.7257068180779982,0.7898610838059779,0.2832337546909587,0.015960578585380584,0.27727397670096765,0.2891935326809497,0.8246502118891942,0.053864997432309,0.8045366912915107,0.8447637324868776,0.0,0.0,0.0,0.0,0.0,0.0,0.0,0.0,0.0,0.0,0.0,0.0,30
0,pure_duplication,4,exact_dedup,0.4424728026028771,0.015180171741985883,0.43680443331737767,0.4481411718883765,3.6771465342893887e-06,2.0140561040822416e-05,-3.843462556104805e-06,1.1197755624683582e-05,0.14294055996179084,0.062354923918108235,0.11965684871368479,0.16622427120989688,0.7710748522108529,0.05040698298247389,0.7522525754297361,0.7898971289919697,0.3946864554111434,0.12683165846941089,0.3473267358034579,0.44204617501882887,0.757783950941988,0.08590413950472932,0.7257068180779982,0.7898610838059779,0.2832409345578817,0.01597146532919308,0.27727709139094175,0.2892047777248216,0.824806268770009,0.05415337501187941,0.8045850662144104,0.8450274713256075,0.0,0.0,0.0,0.0,0.0,0.0,0.0,0.0,0.0,0.0,0.0,0.0,30
0,pure_duplication,4,flat,0.7644683788914499,0.00964680376019177,0.7608662031672931,0.7680705546156067,0.32199925343510716,0.01128373265521659,0.3177858384161115,0.3262126684541028,0.4638185529624859,0.0754544551871105,0.4356433963498798,0.49199370957509203,1.1248269739320966,0.060209385776038835,1.1023444197928878,1.1473095280713055,-0.2722208811907919,0.10691822541231825,-0.3121448026910374,-0.23229695969054645,0.4369059579412932,0.0799004951963359,0.4070706227049703,0.46674129317761615,0.6450518144996358,0.01263645338300941,0.6403332852595625,0.6497703437397091,2.30943840612666,0.08547159685042893,2.2775227873441954,2.3413540249091245,0.2677777777777778,0.05377214118207713,0.24769893027376724,0.28785662528178835,0.2527777777777777,0.05415377093766267,0.23255642738106203,0.2729991281744934,0.015000000000000001,0.01474560782713181,0.009493899547120712,0.02050610045287929,30
0,pure_duplication,4,provenance,0.4424691254563428,0.01517223815584772,0.43680371862059386,0.44813453229209177,0.0,0.0,0.0,0.0,0.14294055996179084,0.062354923918108235,0.11965684871368479,0.16622427120989688,0.7710634819727332,0.05041206262379372,0.752239308422375,0.7898876555230915,0.3946864554111434,0.12683165846941089,0.3473267358034579,0.44204617501882887,0.757783950941988,0.08590413950472932,0.7257068180779982,0.7898610838059779,0.2832337546909587,0.015960578585380584,0.27727397670096765,0.2891935326809497,0.8246502118891942,0.053864997432309,0.8045366912915107,0.8447637324868776,0.0,0.0,0.0,0.0,0.0,0.0,0.0,0.0,0.0,0.0,0.0,0.0,30
0,pure_duplication,4,semantic_dedup,0.4424728026028771,0.015180171741985883,0.43680443331737767,0.4481411718883765,3.6771465342893887e-06,2.0140561040822416e-05,-3.843462556104805e-06,1.1197755624683582e-05,0.14294055996179084,0.062354923918108235,0.11965684871368479,0.16622427120989688,0.7710748522108529,0.05040698298247389,0.7522525754297361,0.7898971289919697,0.3946864554111434,0.12683165846941089,0.3473267358034579,0.44204617501882887,0.757783950941988,0.08590413950472932,0.7257068180779982,0.7898610838059779,0.2832409345578817,0.01597146532919308,0.27727709139094175,0.2892047777248216,0.824806268770009,0.05415337501187941,0.8045850662144104,0.8450274713256075,0.0,0.0,0.0,0.0,0.0,0.0,0.0,0.0,0.0,0.0,0.0,0.0,30
0,pure_duplication,4,source_average,0.4424691254563428,0.01517223815584772,0.43680371862059386,0.44813453229209177,0.0,0.0,0.0,0.0,0.14294055996179084,0.062354923918108235,0.11965684871368479,0.16622427120989688,0.7710634819727332,0.05041206262379372,0.752239308422375,0.7898876555230915,0.3946864554111434,0.12683165846941089,0.3473267358034579,0.44204617501882887,0.757783950941988,0.08590413950472932,0.7257068180779982,0.7898610838059779,0.2832337546909587,0.015960578585380584,0.27727397670096765,0.2891935326809497,0.8246502118891942,0.053864997432309,0.8045366912915107,0.8447637324868776,0.0,0.0,0.0,0.0,0.0,0.0,0.0,0.0,0.0,0.0,0.0,0.0,30
0,pure_duplication,4,trajectory_average,0.5,0.0,0.5,0.5,0.26814164671428303,0.012014169057499281,0.2636554822601635,0.27262781116840257,0.46037042424565366,0.12155265731115927,0.4149819160664125,0.5057589324248949,0.9062463855188247,0.06545899370736993,0.881803595562483,0.9306891754751665,0.31029202329491706,0.13031257800347626,0.26163250697165047,0.35895153961818366,0.44035408665812537,0.12645350448434484,0.3931355720691031,0.48757260124714763,0.25,0.0,0.25,0.25,0.693147180559945,3.387607712450221e-16,0.6931471805599448,0.6931471805599451,0.0,0.0,0.0,0.0,0.0,0.0,0.0,0.0,0.0,0.0,0.0,0.0,30
0,pure_duplication,8,belief_mixing,0.4424691254563428,0.01517223815584772,0.43680371862059386,0.44813453229209177,0.0,0.0,0.0,0.0,0.14294055996179084,0.062354923918108235,0.11965684871368479,0.16622427120989688,0.7710634819727332,0.05041206262379372,0.752239308422375,0.7898876555230915,0.3946864554111434,0.12683165846941089,0.3473267358034579,0.44204617501882887,0.757783950941988,0.08590413950472932,0.7257068180779982,0.7898610838059779,0.2832337546909587,0.015960578585380584,0.27727397670096765,0.2891935326809497,0.8246502118891942,0.053864997432309,0.8045366912915107,0.8447637324868776,0.0,0.0,0.0,0.0,0.0,0.0,0.0,0.0,0.0,0.0,0.0,0.0,30
0,pure_duplication,8,exact_dedup,0.4424728026028771,0.015180171741985883,0.43680443331737767,0.4481411718883765,3.6771465342893887e-06,2.0140561040822416e-05,-3.843462556104805e-06,1.1197755624683582e-05,0.14294055996179084,0.062354923918108235,0.11965684871368479,0.16622427120989688,0.7710748522108529,0.05040698298247389,0.7522525754297361,0.7898971289919697,0.3946864554111434,0.12683165846941089,0.3473267358034579,0.44204617501882887,0.757783950941988,0.08590413950472932,0.7257068180779982,0.7898610838059779,0.2832409345578817,0.01597146532919308,0.27727709139094175,0.2892047777248216,0.824806268770009,0.05415337501187941,0.8045850662144104,0.8450274713256075,0.0,0.0,0.0,0.0,0.0,0.0,0.0,0.0,0.0,0.0,0.0,0.0,30
0,pure_duplication,8,flat,0.905274270329786,0.0029787797604484256,0.9041619756871837,0.9063865649723883,0.4628051448734434,0.014922127434850758,0.4572331309157837,0.46837715883110304,0.6100881924581898,0.08000836337568377,0.5802125785817375,0.6399638063346421,1.3814594459904725,0.08275500982011542,1.3505582174761646,1.4123606745047805,-0.5051416948492576,0.1217568293574012,-0.5506064421235201,-0.4596769475749953,0.2906363184455891,0.08646603238456636,0.2583493713320674,0.32292326555911083,0.8505472714637935,0.004445105036263781,0.8488874419647182,0.8522071009628688,5.155391135527469,0.094641992912899,5.120051234578776,5.190731036476162,0.3611111111111111,0.06006594928152453,0.33868211703918905,0.38354010518303316,0.3438888888888888,0.05944883071868316,0.32169033067543906,0.36608744710233854,0.017222222222222226,0.01665708536856717,0.011002364325095689,0.023442080119348764,30
0,pure_duplication,8,provenance,0.4424691254563428,0.01517223815584772,0.43680371862059386,0.44813453229209177,0.0,0.0,0.0,0.0,0.14294055996179084,0.062354923918108235,0.11965684871368479,0.16622427120989688,0.7710634819727332,0.05041206262379372,0.752239308422375,0.7898876555230915,0.3946864554111434,0.12683165846941089,0.3473267358034579,0.44204617501882887,0.757783950941988,0.08590413950472932,0.7257068180779982,0.7898610838059779,0.2832337546909587,0.015960578585380584,0.27727397670096765,0.2891935326809497,0.8246502118891942,0.053864997432309,0.8045366912915107,0.8447637324868776,0.0,0.0,0.0,0.0,0.0,0.0,0.0,0.0,0.0,0.0,0.0,0.0,30
0,pure_duplication,8,semantic_dedup,0.4424728026028771,0.015180171741985883,0.43680443331737767,0.4481411718883765,3.6771465342893887e-06,2.0140561040822416e-05,-3.843462556104805e-06,1.1197755624683582e-05,0.14294055996179084,0.062354923918108235,0.11965684871368479,0.16622427120989688,0.7710748522108529,0.05040698298247389,0.7522525754297361,0.7898971289919697,0.3946864554111434,0.12683165846941089,0.3473267358034579,0.44204617501882887,0.757783950941988,0.08590413950472932,0.7257068180779982,0.7898610838059779,0.2832409345578817,0.01597146532919308,0.27727709139094175,0.2892047777248216,0.824806268770009,0.05415337501187941,0.8045850662144104,0.8450274713256075,0.0,0.0,0.0,0.0,0.0,0.0,0.0,0.0,0.0,0.0,0.0,0.0,30
0,pure_duplication,8,source_average,0.4424691254563428,0.01517223815584772,0.43680371862059386,0.44813453229209177,0.0,0.0,0.0,0.0,0.14294055996179084,0.062354923918108235,0.11965684871368479,0.16622427120989688,0.7710634819727332,0.05041206262379372,0.752239308422375,0.7898876555230915,0.3946864554111434,0.12683165846941089,0.3473267358034579,0.44204617501882887,0.757783950941988,0.08590413950472932,0.7257068180779982,0.7898610838059779,0.2832337546909587,0.015960578585380584,0.27727397670096765,0.2891935326809497,0.8246502118891942,0.053864997432309,0.8045366912915107,0.8447637324868776,0.0,0.0,0.0,0.0,0.0,0.0,0.0,0.0,0.0,0.0,0.0,0.0,30
0,pure_duplication,8,trajectory_average,0.5,0.0,0.5,0.5,0.26814164671428303,0.012014169057499281,0.2636554822601635,0.27262781116840257,0.46037042424565366,0.12155265731115927,0.4149819160664125,0.5057589324248949,0.9062463855188247,0.06545899370736993,0.881803595562483,0.9306891754751665,0.31029202329491706,0.13031257800347626,0.26163250697165047,0.35895153961818366,0.44035408665812537,0.12645350448434484,0.3931355720691031,0.48757260124714763,0.25,0.0,0.25,0.25,0.693147180559945,3.387607712450221e-16,0.6931471805599448,0.6931471805599451,0.0,0.0,0.0,0.0,0.0,0.0,0.0,0.0,0.0,0.0,0.0,0.0,30
0,pure_duplication,16,belief_mixing,0.4424691254563428,0.01517223815584772,0.43680371862059386,0.44813453229209177,0.0,0.0,0.0,0.0,0.14294055996179084,0.062354923918108235,0.11965684871368479,0.16622427120989688,0.7710634819727332,0.05041206262379372,0.752239308422375,0.7898876555230915,0.3946864554111434,0.12683165846941089,0.3473267358034579,0.44204617501882887,0.757783950941988,0.08590413950472932,0.7257068180779982,0.7898610838059779,0.2832337546909587,0.015960578585380584,0.27727397670096765,0.2891935326809497,0.8246502118891942,0.053864997432309,0.8045366912915107,0.8447637324868776,0.0,0.0,0.0,0.0,0.0,0.0,0.0,0.0,0.0,0.0,0.0,0.0,30
0,pure_duplication,16,exact_dedup,0.4424728026028771,0.015180171741985883,0.43680443331737767,0.4481411718883765,3.6771465342893887e-06,2.0140561040822416e-05,-3.843462556104805e-06,1.1197755624683582e-05,0.14294055996179084,0.062354923918108235,0.11965684871368479,0.16622427120989688,0.7710748522108529,0.05040698298247389,0.7522525754297361,0.7898971289919697,0.3946864554111434,0.12683165846941089,0.3473267358034579,0.44204617501882887,0.757783950941988,0.08590413950472932,0.7257068180779982,0.7898610838059779,0.2832409345578817,0.01597146532919308,0.27727709139094175,0.2892047777248216,0.824806268770009,0.05415337501187941,0.8045850662144104,0.8450274713256075,0.0,0.0,0.0,0.0,0.0,0.0,0.0,0.0,0.0,0.0,0.0,0.0,30
0,pure_duplication,16,flat,0.9746304003340164,0.001591722384042099,0.9740360414277999,0.9752247592402329,0.5321612748776734,0.015303144735136352,0.5264469867218761,0.5378755630334707,0.7008090917638694,0.08805929109538524,0.6679272120702846,0.7336909714574542,1.5196618495007146,0.08901319285111754,1.4864237770376751,1.552899921963754,-0.638511548450341,0.13402420773059825,-0.6885570100910887,-0.5884660868095932,0.19991541913990954,0.0904725540829664,0.1661324122371508,0.23369842604266827,0.9538976337298912,0.002483829176181156,0.9529701566728463,0.9548251107869361,11.194066020149878,0.09512050661675445,11.158547439247641,11.229584601052114,0.41222222222222216,0.06250415056460909,0.3888827888285449,0.43556165561589943,0.3933333333333333,0.0616814210370467,0.3703011121941399,0.4163655544725267,0.018888888888888893,0.01736101532540626,0.012406179226030774,0.02537159855174701,30
0,pure_duplication,16,provenance,0.4424691254563428,0.01517223815584772,0.43680371862059386,0.44813453229209177,0.0,0.0,0.0,0.0,0.14294055996179084,0.062354923918108235,0.11965684871368479,0.16622427120989688,0.7710634819727332,0.05041206262379372,0.752239308422375,0.7898876555230915,0.3946864554111434,0.12683165846941089,0.3473267358034579,0.44204617501882887,0.757783950941988,0.08590413950472932,0.7257068180779982,0.7898610838059779,0.2832337546909587,0.015960578585380584,0.27727397670096765,0.2891935326809497,0.8246502118891942,0.053864997432309,0.8045366912915107,0.8447637324868776,0.0,0.0,0.0,0.0,0.0,0.0,0.0,0.0,0.0,0.0,0.0,0.0,30
0,pure_duplication,16,semantic_dedup,0.4424728026028771,0.015180171741985883,0.43680443331737767,0.4481411718883765,3.6771465342893887e-06,2.0140561040822416e-05,-3.843462556104805e-06,1.1197755624683582e-05,0.14294055996179084,0.062354923918108235,0.11965684871368479,0.16622427120989688,0.7710748522108529,0.05040698298247389,0.7522525754297361,0.7898971289919697,0.3946864554111434,0.12683165846941089,0.3473267358034579,0.44204617501882887,0.757783950941988,0.08590413950472932,0.7257068180779982,0.7898610838059779,0.2832409345578817,0.01597146532919308,0.27727709139094175,0.2892047777248216,0.824806268770009,0.05415337501187941,0.8045850662144104,0.8450274713256075,0.0,0.0,0.0,0.0,0.0,0.0,0.0,0.0,0.0,0.0,0.0,0.0,30
0,pure_duplication,16,source_average,0.4424691254563428,0.01517223815584772,0.43680371862059386,0.44813453229209177,0.0,0.0,0.0,0.0,0.14294055996179084,0.062354923918108235,0.11965684871368479,0.16622427120989688,0.7710634819727332,0.05041206262379372,0.752239308422375,0.7898876555230915,0.3946864554111434,0.12683165846941089,0.3473267358034579,0.44204617501882887,0.757783950941988,0.08590413950472932,0.7257068180779982,0.7898610838059779,0.2832337546909587,0.015960578585380584,0.27727397670096765,0.2891935326809497,0.8246502118891942,0.053864997432309,0.8045366912915107,0.8447637324868776,0.0,0.0,0.0,0.0,0.0,0.0,0.0,0.0,0.0,0.0,0.0,0.0,30
0,pure_duplication,16,trajectory_average,0.5,0.0,0.5,0.5,0.26814164671428303,0.012014169057499281,0.2636554822601635,0.27262781116840257,0.46037042424565366,0.12155265731115927,0.4149819160664125,0.5057589324248949,0.9062463855188247,0.06545899370736993,0.881803595562483,0.9306891754751665,0.31029202329491706,0.13031257800347626,0.26163250697165047,0.35895153961818366,0.44035408665812537,0.12645350448434484,0.3931355720691031,0.48757260124714763,0.25,0.0,0.25,0.25,0.693147180559945,3.387607712450221e-16,0.6931471805599448,0.6931471805599451,0.0,0.0,0.0,0.0,0.0,0.0,0.0,0.0,0.0,0.0,0.0,0.0,30
0,selective_duplication,1,belief_mixing,0.4424691254563428,0.01517223815584772,0.43680371862059386,0.44813453229209177,0.0,0.0,0.0,0.0,0.14294055996179084,0.062354923918108235,0.11965684871368479,0.16622427120989688,0.7710634819727332,0.05041206262379372,0.752239308422375,0.7898876555230915,0.3946864554111434,0.12683165846941089,0.3473267358034579,0.44204617501882887,0.757783950941988,0.08590413950472932,0.7257068180779982,0.7898610838059779,0.2832337546909587,0.015960578585380584,0.27727397670096765,0.2891935326809497,0.8246502118891942,0.053864997432309,0.8045366912915107,0.8447637324868776,0.0,0.0,0.0,0.0,0.0,0.0,0.0,0.0,0.0,0.0,0.0,0.0,30
0,selective_duplication,1,exact_dedup,0.4424728026028771,0.015180171741985883,0.43680443331737767,0.4481411718883765,3.6771465342893887e-06,2.0140561040822416e-05,-3.843462556104805e-06,1.1197755624683582e-05,0.14294055996179084,0.062354923918108235,0.11965684871368479,0.16622427120989688,0.7710748522108529,0.05040698298247389,0.7522525754297361,0.7898971289919697,0.3946864554111434,0.12683165846941089,0.3473267358034579,0.44204617501882887,0.757783950941988,0.08590413950472932,0.7257068180779982,0.7898610838059779,0.2832409345578817,0.01597146532919308,0.27727709139094175,0.2892047777248216,0.824806268770009,0.05415337501187941,0.8045850662144104,0.8450274713256075,0.0,0.0,0.0,0.0,0.0,0.0,0.0,0.0,0.0,0.0,0.0,0.0,30
0,selective_duplication,1,flat,0.4424691254563428,0.015172238155847721,0.43680371862059386,0.44813453229209177,4.255854927729765e-18,1.6226035133459045e-18,3.64996481832115e-18,4.861745037138379e-18,0.14294055996179084,0.062354923918108235,0.11965684871368479,0.16622427120989688,0.7710634819727332,0.05041206262379372,0.752239308422375,0.7898876555230915,0.3946864554111434,0.12683165846941089,0.3473267358034579,0.44204617501882887,0.757783950941988,0.08590413950472932,0.7257068180779982,0.7898610838059779,0.2832337546909587,0.015960578585380584,0.27727397670096765,0.2891935326809497,0.8246502118891942,0.053864997432309,0.8045366912915107,0.8447637324868776,0.0,0.0,0.0,0.0,0.0,0.0,0.0,0.0,0.0,0.0,0.0,0.0,30
0,selective_duplication,1,provenance,0.4424691254563428,0.01517223815584772,0.43680371862059386,0.44813453229209177,0.0,0.0,0.0,0.0,0.14294055996179084,0.062354923918108235,0.11965684871368479,0.16622427120989688,0.7710634819727332,0.05041206262379372,0.752239308422375,0.7898876555230915,0.3946864554111434,0.12683165846941089,0.3473267358034579,0.44204617501882887,0.757783950941988,0.08590413950472932,0.7257068180779982,0.7898610838059779,0.2832337546909587,0.015960578585380584,0.27727397670096765,0.2891935326809497,0.8246502118891942,0.053864997432309,0.8045366912915107,0.8447637324868776,0.0,0.0,0.0,0.0,0.0,0.0,0.0,0.0,0.0,0.0,0.0,0.0,30
0,selective_duplication,1,semantic_dedup,0.4424728026028771,0.015180171741985883,0.43680443331737767,0.4481411718883765,3.6771465342893887e-06,2.0140561040822416e-05,-3.843462556104805e-06,1.1197755624683582e-05,0.14294055996179084,0.062354923918108235,0.11965684871368479,0.16622427120989688,0.7710748522108529,0.05040698298247389,0.7522525754297361,0.7898971289919697,0.3946864554111434,0.12683165846941089,0.3473267358034579,0.44204617501882887,0.757783950941988,0.08590413950472932,0.7257068180779982,0.7898610838059779,0.2832409345578817,0.01597146532919308,0.27727709139094175,0.2892047777248216,0.824806268770009,0.05415337501187941,0.8045850662144104,0.8450274713256075,0.0,0.0,0.0,0.0,0.0,0.0,0.0,0.0,0.0,0.0,0.0,0.0,30
0,selective_duplication,1,source_average,0.4424691254563428,0.01517223815584772,0.43680371862059386,0.44813453229209177,0.0,0.0,0.0,0.0,0.14294055996179084,0.062354923918108235,0.11965684871368479,0.16622427120989688,0.7710634819727332,0.05041206262379372,0.752239308422375,0.7898876555230915,0.3946864554111434,0.12683165846941089,0.3473267358034579,0.44204617501882887,0.757783950941988,0.08590413950472932,0.7257068180779982,0.7898610838059779,0.2832337546909587,0.015960578585380584,0.27727397670096765,0.2891935326809497,0.8246502118891942,0.053864997432309,0.8045366912915107,0.8447637324868776,0.0,0.0,0.0,0.0,0.0,0.0,0.0,0.0,0.0,0.0,0.0,0.0,30
0,selective_duplication,1,trajectory_average,0.5,0.0,0.5,0.5,0.26814164671428303,0.012014169057499281,0.2636554822601635,0.27262781116840257,0.46037042424565366,0.12155265731115927,0.4149819160664125,0.5057589324248949,0.9062463855188247,0.06545899370736993,0.881803595562483,0.9306891754751665,0.31029202329491706,0.13031257800347626,0.26163250697165047,0.35895153961818366,0.44035408665812537,0.12645350448434484,0.3931355720691031,0.48757260124714763,0.25,0.0,0.25,0.25,0.693147180559945,3.387607712450221e-16,0.6931471805599448,0.6931471805599451,0.0,0.0,0.0,0.0,0.0,0.0,0.0,0.0,0.0,0.0,0.0,0.0,30
0,selective_duplication,2,belief_mixing,0.4424691254563428,0.01517223815584772,0.43680371862059386,0.44813453229209177,0.0,0.0,0.0,0.0,0.14294055996179084,0.062354923918108235,0.11965684871368479,0.16622427120989688,0.7710634819727332,0.05041206262379372,0.752239308422375,0.7898876555230915,0.3946864554111434,0.12683165846941089,0.3473267358034579,0.44204617501882887,0.757783950941988,0.08590413950472932,0.7257068180779982,0.7898610838059779,0.2832337546909587,0.015960578585380584,0.27727397670096765,0.2891935326809497,0.8246502118891942,0.053864997432309,0.8045366912915107,0.8447637324868776,0.0,0.0,0.0,0.0,0.0,0.0,0.0,0.0,0.0,0.0,0.0,0.0,30
0,selective_duplication,2,exact_dedup,0.4424728026028771,0.015180171741985883,0.43680443331737767,0.4481411718883765,3.6771465342893887e-06,2.0140561040822416e-05,-3.843462556104805e-06,1.1197755624683582e-05,0.14294055996179084,0.062354923918108235,0.11965684871368479,0.16622427120989688,0.7710748522108529,0.05040698298247389,0.7522525754297361,0.7898971289919697,0.3946864554111434,0.12683165846941089,0.3473267358034579,0.44204617501882887,0.757783950941988,0.08590413950472932,0.7257068180779982,0.7898610838059779,0.2832409345578817,0.01597146532919308,0.27727709139094175,0.2892047777248216,0.824806268770009,0.05415337501187941,0.8045850662144104,0.8450274713256075,0.0,0.0,0.0,0.0,0.0,0.0,0.0,0.0,0.0,0.0,0.0,0.0,30
0,selective_duplication,2,flat,0.45715451761165965,0.015274789333184042,0.4514508175369616,0.4628582176863577,0.01468539215531687,0.0009863991684147019,0.014317064652537735,0.015053719658096007,0.16113836681194854,0.07552457200737868,0.13293702814836433,0.18933970547553275,0.7919381704045229,0.047694229853545926,0.7741288522892574,0.8097474885197883,0.2968703218310788,0.14105072829169624,0.2442011142927601,0.34953952936939753,0.7395861440918305,0.09761879083897226,0.7031346885296529,0.7760375996540082,0.29662997146588804,0.015999901609886125,0.2906555100172308,0.3026044329145453,0.8650717451166746,0.05542614506222744,0.8443752824135943,0.885768207819755,0.05333333333333333,0.03228227987410015,0.04127893191980184,0.06538773474686482,0.045000000000000005,0.02973381268620352,0.03389721187375577,0.05610278812624424,0.008333333333333333,0.013666806839763351,0.0032300637894781244,0.013436602877188543,30
0,selective_duplication,2,provenance,0.4424691254563428,0.01517223815584772,0.43680371862059386,0.44813453229209177,0.0,0.0,0.0,0.0,0.14294055996179084,0.062354923918108235,0.11965684871368479,0.16622427120989688,0.7710634819727332,0.05041206262379372,0.752239308422375,0.7898876555230915,0.3946864554111434,0.12683165846941089,0.3473267358034579,0.44204617501882887,0.757783950941988,0.08590413950472932,0.7257068180779982,0.7898610838059779,0.2832337546909587,0.015960578585380584,0.27727397670096765,0.2891935326809497,0.8246502118891942,0.053864997432309,0.8045366912915107,0.8447637324868776,0.0,0.0,0.0,0.0,0.0,0.0,0.0,0.0,0.0,0.0,0.0,0.0,30
0,selective_duplication,2,semantic_dedup,0.4424728026028771,0.015180171741985883,0.43680443331737767,0.4481411718883765,3.6771465342893887e-06,2.0140561040822416e-05,-3.843462556104805e-06,1.1197755624683582e-05,0.14294055996179084,0.062354923918108235,0.11965684871368479,0.16622427120989688,0.7710748522108529,0.05040698298247389,0.7522525754297361,0.7898971289919697,0.3946864554111434,0.12683165846941089,0.3473267358034579,0.44204617501882887,0.757783950941988,0.08590413950472932,0.7257068180779982,0.7898610838059779,0.2832409345578817,0.01597146532919308,0.27727709139094175,0.2892047777248216,0.824806268770009,0.05415337501187941,0.8045850662144104,0.8450274713256075,0.0,0.0,0.0,0.0,0.0,0.0,0.0,0.0,0.0,0.0,0.0,0.0,30
0,selective_duplication,2,source_average,0.4424691254563428,0.01517223815584772,0.43680371862059386,0.44813453229209177,0.0,0.0,0.0,0.0,0.14294055996179084,0.062354923918108235,0.11965684871368479,0.16622427120989688,0.7710634819727332,0.05041206262379372,0.752239308422375,0.7898876555230915,0.3946864554111434,0.12683165846941089,0.3473267358034579,0.44204617501882887,0.757783950941988,0.08590413950472932,0.7257068180779982,0.7898610838059779,0.2832337546909587,0.015960578585380584,0.27727397670096765,0.2891935326809497,0.8246502118891942,0.053864997432309,0.8045366912915107,0.8447637324868776,0.0,0.0,0.0,0.0,0.0,0.0,0.0,0.0,0.0,0.0,0.0,0.0,30
0,selective_duplication,2,trajectory_average,0.5555555555555556,0.0,0.5555555555555556,0.5555555555555556,0.2782508584901615,0.012256668116749816,0.2736741433991598,0.2828275735811632,0.5058171380218351,0.12473646725698284,0.45923977567055196,0.5523945003731183,0.9433459634993159,0.06737278209620662,0.9181885532141261,0.9685033737845057,0.15911629051158727,0.14956190269313963,0.10326895822075113,0.2149636228024234,0.39490737288194383,0.12984028425904404,0.34642421394120065,0.443390531822687,0.30864197530864196,0.0,0.30864197530864196,0.30864197530864196,0.8109302162163285,2.2584051416334807e-16,0.8109302162163284,0.8109302162163287,0.0761111111111111,0.040984842851357214,0.06080711927634798,0.09141510294587422,0.0661111111111111,0.04343562932978622,0.04989198056541882,0.08233024165680339,0.010000000000000002,0.012835534965649315,0.005207132475253381,0.014792867524746622,30
0,selective_duplication,4,belief_mixing,0.4424691254563428,0.01517223815584772,0.43680371862059386,0.44813453229209177,0.0,0.0,0.0,0.0,0.14294055996179084,0.062354923918108235,0.11965684871368479,0.16622427120989688,0.7710634819727332,0.05041206262379372,0.752239308422375,0.7898876555230915,0.3946864554111434,0.12683165846941089,0.3473267358034579,0.44204617501882887,0.757783950941988,0.08590413950472932,0.7257068180779982,0.7898610838059779,0.2832337546909587,0.015960578585380584,0.27727397670096765,0.2891935326809497,0.8246502118891942,0.053864997432309,0.8045366912915107,0.8447637324868776,0.0,0.0,0.0,0.0,0.0,0.0,0.0,0.0,0.0,0.0,0.0,0.0,30
0,selective_duplication,4,exact_dedup,0.4424728026028771,0.015180171741985883,0.43680443331737767,0.4481411718883765,3.6771465342893887e-06,2.0140561040822416e-05,-3.843462556104805e-06,1.1197755624683582e-05,0.14294055996179084,0.062354923918108235,0.11965684871368479,0.16622427120989688,0.7710748522108529,0.05040698298247389,0.7522525754297361,0.7898971289919697,0.3946864554111434,0.12683165846941089,0.3473267358034579,0.44204617501882887,0.757783950941988,0.08590413950472932,0.7257068180779982,0.7898610838059779,0.2832409345578817,0.01597146532919308,0.27727709139094175,0.2892047777248216,0.824806268770009,0.05415337501187941,0.8045850662144104,0.8450274713256075,0.0,0.0,0.0,0.0,0.0,0.0,0.0,0.0,0.0,0.0,0.0,0.0,30
0,selective_duplication,4,flat,0.48705477462181335,0.015454709715629834,0.4812838911721821,0.4928256580714446,0.04458564916547049,0.0028674558762319556,0.0435149235444024,0.04565637478653858,0.21199879999412732,0.07634905786919037,0.18348959325007233,0.24050800673818232,0.8836664557893102,0.04879392151297422,0.8654465060598726,0.9018864055187479,0.14657585607479762,0.13893148551677476,0.09469798679391485,0.1984537253556804,0.6887257109096516,0.09491365139664892,0.6532843710160239,0.7241670508032794,0.3247014350752369,0.016082199536256662,0.3186962430758304,0.33070662707464343,0.9516894995112486,0.05848217529494365,0.9298518963651536,0.9735271026573435,0.12166666666666665,0.03967057838338169,0.1068534292495687,0.1364799040837646,0.10444444444444446,0.03499680700633373,0.09137642194134059,0.11751246694754834,0.017222222222222226,0.02075367914266233,0.009472671070043528,0.024971773374400923,30
0,selective_duplication,4,provenance,0.4424691254563428,0.01517223815584772,0.43680371862059386,0.44813453229209177,0.0,0.0,0.0,0.0,0.14294055996179084,0.062354923918108235,0.11965684871368479,0.16622427120989688,0.7710634819727332,0.05041206262379372,0.752239308422375,0.7898876555230915,0.3946864554111434,0.12683165846941089,0.3473267358034579,0.44204617501882887,0.757783950941988,0.08590413950472932,0.7257068180779982,0.7898610838059779,0.2832337546909587,0.015960578585380584,0.27727397670096765,0.2891935326809497,0.8246502118891942,0.053864997432309,0.8045366912915107,0.8447637324868776,0.0,0.0,0.0,0.0,0.0,0.0,0.0,0.0,0.0,0.0,0.0,0.0,30
0,selective_duplication,4,semantic_dedup,0.4424728026028771,0.015180171741985883,0.43680443331737767,0.4481411718883765,3.6771465342893887e-06,2.0140561040822416e-05,-3.843462556104805e-06,1.1197755624683582e-05,0.14294055996179084,0.062354923918108235,0.11965684871368479,0.16622427120989688,0.7710748522108529,0.05040698298247389,0.7522525754297361,0.7898971289919697,0.3946864554111434,0.12683165846941089,0.3473267358034579,0.44204617501882887,0.757783950941988,0.08590413950472932,0.7257068180779982,0.7898610838059779,0.2832409345578817,0.01597146532919308,0.27727709139094175,0.2892047777248216,0.824806268770009,0.05415337501187941,0.8045850662144104,0.8450274713256075,0.0,0.0,0.0,0.0,0.0,0.0,0.0,0.0,0.0,0.0,0.0,0.0,30
0,selective_duplication,4,source_average,0.4424691254563428,0.01517223815584772,0.43680371862059386,0.44813453229209177,0.0,0.0,0.0,0.0,0.14294055996179084,0.062354923918108235,0.11965684871368479,0.16622427120989688,0.7710634819727332,0.05041206262379372,0.752239308422375,0.7898876555230915,0.3946864554111434,0.12683165846941089,0.3473267358034579,0.44204617501882887,0.757783950941988,0.08590413950472932,0.7257068180779982,0.7898610838059779,0.2832337546909587,0.015960578585380584,0.27727397670096765,0.2891935326809497,0.8246502118891942,0.053864997432309,0.8045366912915107,0.8447637324868776,0.0,0.0,0.0,0.0,0.0,0.0,0.0,0.0,0.0,0.0,0.0,0.0,30
0,selective_duplication,4,trajectory_average,0.6363636363636365,1.1292025708167404e-16,0.6363636363636365,0.6363636363636365,0.3029693888227269,0.013069615837278215,0.29808911406401634,0.30784966358143745,0.5482364531360264,0.12052473479300013,0.5032317775331777,0.5932411287388751,1.0417110391123452,0.07365175449074655,1.0142090220024995,1.0692130562221909,-0.034213738932274904,0.159397468138377,-0.09373373171884858,0.025306253854298764,0.3524880577677525,0.12405217806098137,0.3061662132015735,0.3988099023339315,0.40495867768595045,5.646012854083702e-17,0.40495867768595045,0.40495867768595045,1.0116009116784805,4.516810283266961e-16,1.0116009116784803,1.0116009116784808,0.16277777777777783,0.04887299462982442,0.14452830166125574,0.1810272538942999,0.145,0.05012436640277554,0.12628325398409207,0.1637167460159079,0.017777777777777778,0.015740552925030814,0.011900158719605612,0.023655396835949943,30
0,selective_duplication,8,belief_mixing,0.4424691254563428,0.01517223815584772,0.43680371862059386,0.44813453229209177,0.0,0.0,0.0,0.0,0.14294055996179084,0.062354923918108235,0.11965684871368479,0.16622427120989688,0.7710634819727332,0.05041206262379372,0.752239308422375,0.7898876555230915,0.3946864554111434,0.12683165846941089,0.3473267358034579,0.44204617501882887,0.757783950941988,0.08590413950472932,0.7257068180779982,0.7898610838059779,0.2832337546909587,0.015960578585380584,0.27727397670096765,0.2891935326809497,0.8246502118891942,0.053864997432309,0.8045366912915107,0.8447637324868776,0.0,0.0,0.0,0.0,0.0,0.0,0.0,0.0,0.0,0.0,0.0,0.0,30
0,selective_duplication,8,exact_dedup,0.4424728026028771,0.015180171741985883,0.43680443331737767,0.4481411718883765,3.6771465342893887e-06,2.0140561040822416e-05,-3.843462556104805e-06,1.1197755624683582e-05,0.14294055996179084,0.062354923918108235,0.11965684871368479,0.16622427120989688,0.7710748522108529,0.05040698298247389,0.7522525754297361,0.7898971289919697,0.3946864554111434,0.12683165846941089,0.3473267358034579,0.44204617501882887,0.757783950941988,0.08590413950472932,0.7257068180779982,0.7898610838059779,0.2832409345578817,0.01597146532919308,0.27727709139094175,0.2892047777248216,0.824806268770009,0.05415337501187941,0.8045850662144104,0.8450274713256075,0.0,0.0,0.0,0.0,0.0,0.0,0.0,0.0,0.0,0.0,0.0,0.0,30
0,selective_duplication,8,flat,0.5478458100892788,0.015576526498116463,0.542029439505507,0.5536621806730506,0.10537668463293597,0.0060599980211397345,0.10311384418310045,0.10763952508277148,0.33488049054915153,0.08107595667805136,0.3046062307820333,0.36515475031626976,1.059541111032006,0.0630780921904228,1.035987364313109,1.0830948577509032,-0.06066330553168924,0.1389368012981912,-0.11254315975797458,-0.008783451305403908,0.5658440203546273,0.09605998995769585,0.5299746306075023,0.6017134101017524,0.3853154605912551,0.016306611497006556,0.3792264717885427,0.3914044493939675,1.148605788054414,0.0644124473721839,1.1245537849220324,1.1726577911867957,0.21722222222222223,0.039021394400316906,0.20265139408828575,0.23179305035615871,0.1916666666666667,0.0368152683634702,0.17791961953335061,0.2054137137999828,0.02555555555555556,0.022630351797478757,0.017105243317382293,0.03400586779372883,30
0,selective_duplication,8,provenance,0.4424691254563428,0.01517223815584772,0.43680371862059386,0.44813453229209177,0.0,0.0,0.0,0.0,0.14294055996179084,0.062354923918108235,0.11965684871368479,0.16622427120989688,0.7710634819727332,0.05041206262379372,0.752239308422375,0.7898876555230915,0.3946864554111434,0.12683165846941089,0.3473267358034579,0.44204617501882887,0.757783950941988,0.08590413950472932,0.7257068180779982,0.7898610838059779,0.2832337546909587,0.015960578585380584,0.27727397670096765,0.2891935326809497,0.8246502118891942,0.053864997432309,0.8045366912915107,0.8447637324868776,0.0,0.0,0.0,0.0,0.0,0.0,0.0,0.0,0.0,0.0,0.0,0.0,30
0,selective_duplication,8,semantic_dedup,0.4424728026028771,0.015180171741985883,0.43680443331737767,0.4481411718883765,3.6771465342893887e-06,2.0140561040822416e-05,-3.843462556104805e-06,1.1197755624683582e-05,0.14294055996179084,0.062354923918108235,0.11965684871368479,0.16622427120989688,0.7710748522108529,0.05040698298247389,0.7522525754297361,0.7898971289919697,0.3946864554111434,0.12683165846941089,0.3473267358034579,0.44204617501882887,0.757783950941988,0.08590413950472932,0.7257068180779982,0.7898610838059779,0.2832409345578817,0.01597146532919308,0.27727709139094175,0.2892047777248216,0.824806268770009,0.05415337501187941,0.8045850662144104,0.8450274713256075,0.0,0.0,0.0,0.0,0.0,0.0,0.0,0.0,0.0,0.0,0.0,0.0,30
0,selective_duplication,8,source_average,0.4424691254563428,0.01517223815584772,0.43680371862059386,0.44813453229209177,0.0,0.0,0.0,0.0,0.14294055996179084,0.062354923918108235,0.11965684871368479,0.16622427120989688,0.7710634819727332,0.05041206262379372,0.752239308422375,0.7898876555230915,0.3946864554111434,0.12683165846941089,0.3473267358034579,0.44204617501882887,0.757783950941988,0.08590413950472932,0.7257068180779982,0.7898610838059779,0.2832337546909587,0.015960578585380584,0.27727397670096765,0.2891935326809497,0.8246502118891942,0.053864997432309,0.8045366912915107,0.8447637324868776,0.0,0.0,0.0,0.0,0.0,0.0,0.0,0.0,0.0,0.0,0.0,0.0,30
0,selective_duplication,8,trajectory_average,0.7333333333333335,2.2584051416334807e-16,0.7333333333333334,0.7333333333333336,0.34800469116035476,0.014146988939178007,0.34272211867381674,0.3532872636468928,0.5986658717121114,0.10656538558892227,0.5588737027672146,0.6384580406570082,1.1676588560641084,0.0836416930929383,1.1364265345743676,1.198891177553849,-0.18164563156418229,0.10580565295086979,-0.2211541116797348,-0.14213715144862976,0.30205863919166764,0.10893581850033686,0.2613813360508753,0.34273594233245996,0.5377777777777778,1.1292025708167404e-16,0.5377777777777778,0.5377777777777778,1.3217558399823188,4.516810283266961e-16,1.3217558399823186,1.321755839982319,0.23722222222222225,0.044567597573934054,0.22058040778754986,0.2538640366568946,0.21055555555555558,0.04209170187268452,0.19483825576970276,0.2262728553414084,0.026666666666666672,0.016141139937050075,0.020639465959900925,0.03269386737343242,30
0,selective_duplication,16,belief_mixing,0.4424691254563428,0.01517223815584772,0.43680371862059386,0.44813453229209177,0.0,0.0,0.0,0.0,0.14294055996179084,0.062354923918108235,0.11965684871368479,0.16622427120989688,0.7710634819727332,0.05041206262379372,0.752239308422375,0.7898876555230915,0.3946864554111434,0.12683165846941089,0.3473267358034579,0.44204617501882887,0.757783950941988,0.08590413950472932,0.7257068180779982,0.7898610838059779,0.2832337546909587,0.015960578585380584,0.27727397670096765,0.2891935326809497,0.8246502118891942,0.053864997432309,0.8045366912915107,0.8447637324868776,0.0,0.0,0.0,0.0,0.0,0.0,0.0,0.0,0.0,0.0,0.0,0.0,30
0,selective_duplication,16,exact_dedup,0.4424728026028771,0.015180171741985883,0.43680443331737767,0.4481411718883765,3.6771465342893887e-06,2.0140561040822416e-05,-3.843462556104805e-06,1.1197755624683582e-05,0.14294055996179084,0.062354923918108235,0.11965684871368479,0.16622427120989688,0.7710748522108529,0.05040698298247389,0.7522525754297361,0.7898971289919697,0.3946864554111434,0.12683165846941089,0.3473267358034579,0.44204617501882887,0.757783950941988,0.08590413950472932,0.7257068180779982,0.7898610838059779,0.2832409345578817,0.01597146532919308,0.27727709139094175,0.2892047777248216,0.824806268770009,0.05415337501187941,0.8045850662144104,0.8450274713256075,0.0,0.0,0.0,0.0,0.0,0.0,0.0,0.0,0.0,0.0,0.0,0.0,30
0,selective_duplication,16,flat,0.66316944455289,0.013807345619741234,0.6580136969661385,0.6683251921396414,0.2207003190965472,0.009426111246322842,0.2171805513114057,0.22422008688168868,0.5171553967973408,0.09563482003634736,0.4814447681080122,0.5528660254866694,1.296281917496889,0.08688698660146096,1.2638377834954846,1.3287260514982933,-0.3279732044614879,0.14240744157948554,-0.38114901706728843,-0.2747973918556874,0.38356911410643824,0.10443105925008402,0.3445739157143081,0.42256431249856835,0.5146284389259266,0.016212076122436147,0.5085747502122194,0.5206821276396337,1.6357828677887174,0.07569097365568708,1.6075193937284882,1.6640463418489466,0.32555555555555554,0.05444483540402282,0.30522551990090874,0.34588559121020235,0.29555555555555557,0.04950585965807797,0.27706976375374404,0.3140413473573671,0.03000000000000001,0.02248882225544018,0.02160253576135651,0.03839746423864351,30
0,selective_duplication,16,provenance,0.4424691254563428,0.01517223815584772,0.43680371862059386,0.44813453229209177,0.0,0.0,0.0,0.0,0.14294055996179084,0.062354923918108235,0.11965684871368479,0.16622427120989688,0.7710634819727332,0.05041206262379372,0.752239308422375,0.7898876555230915,0.3946864554111434,0.12683165846941089,0.3473267358034579,0.44204617501882887,0.757783950941988,0.08590413950472932,0.7257068180779982,0.7898610838059779,0.2832337546909587,0.015960578585380584,0.27727397670096765,0.2891935326809497,0.8246502118891942,0.053864997432309,0.8045366912915107,0.8447637324868776,0.0,0.0,0.0,0.0,0.0,0.0,0.0,0.0,0.0,0.0,0.0,0.0,30
0,selective_duplication,16,semantic_dedup,0.4424728026028771,0.015180171741985883,0.43680443331737767,0.4481411718883765,3.6771465342893887e-06,2.0140561040822416e-05,-3.843462556104805e-06,1.1197755624683582e-05,0.14294055996179084,0.062354923918108235,0.11965684871368479,0.16622427120989688,0.7710748522108529,0.05040698298247389,0.7522525754297361,0.7898971289919697,0.3946864554111434,0.12683165846941089,0.3473267358034579,0.44204617501882887,0.757783950941988,0.08590413950472932,0.7257068180779982,0.7898610838059779,0.2832409345578817,0.01597146532919308,0.27727709139094175,0.2892047777248216,0.824806268770009,0.05415337501187941,0.8045850662144104,0.8450274713256075,0.0,0.0,0.0,0.0,0.0,0.0,0.0,0.0,0.0,0.0,0.0,0.0,30
0,selective_duplication,16,source_average,0.4424691254563428,0.01517223815584772,0.43680371862059386,0.44813453229209177,0.0,0.0,0.0,0.0,0.14294055996179084,0.062354923918108235,0.11965684871368479,0.16622427120989688,0.7710634819727332,0.05041206262379372,0.752239308422375,0.7898876555230915,0.3946864554111434,0.12683165846941089,0.3473267358034579,0.44204617501882887,0.757783950941988,0.08590413950472932,0.7257068180779982,0.7898610838059779,0.2832337546909587,0.015960578585380584,0.27727397670096765,0.2891935326809497,0.8246502118891942,0.053864997432309,0.8045366912915107,0.8447637324868776,0.0,0.0,0.0,0.0,0.0,0.0,0.0,0.0,0.0,0.0,0.0,0.0,30
0,selective_duplication,16,trajectory_average,0.8260869565217389,2.2584051416334807e-16,0.8260869565217388,0.826086956521739,0.40493721606110084,0.014953637529697897,0.39935343604065543,0.41052099608154624,0.6218658846527775,0.09935119113155529,0.5847675401900279,0.6589642291155271,1.2748438647256506,0.09285324442741397,1.2401718934385544,1.3095158360127468,-0.2599372565726705,0.11703956834887677,-0.3036405496376602,-0.21623396350768087,0.27885862625100166,0.10003751995077532,0.2415040023953213,0.316213250106682,0.6824196597353495,2.2584051416334807e-16,0.6824196597353493,0.6824196597353496,1.7491998548092598,6.775215424900442e-16,1.7491998548092595,1.74919985480926,0.2755555555555556,0.04946714791516478,0.25708421895611244,0.2940268921549988,0.245,0.04837394251222702,0.2269368730067509,0.2630631269932491,0.03055555555555556,0.018090520227304365,0.023800444285533573,0.03731066682557755,30
1,independent_rollout,1,belief_mixing,0.5553997037702506,0.01928955712666418,0.5481968647638082,0.562602542776693,0.0,0.0,0.0,0.0,0.13910591771731912,0.03784225873853921,0.12497538607556075,0.1532364493590775,0.7737373943041974,0.05075166673940238,0.7547864104930027,0.7926883781153922,0.708460868915873,0.13278411416443175,0.658878465822886,0.75804327200886,0.7880414444871596,0.05806549655773716,0.7663594317385942,0.809723457235725,0.28591412493302754,0.02132755216184624,0.27795028607376565,0.2938779637922894,0.830751158581405,0.06675681067065542,0.8058237558065837,0.8556785613562263,0.0,0.0,0.0,0.0,0.0,0.0,0.0,0.0,0.0,0.0,0.0,0.0,30
1,independent_rollout,1,exact_dedup,0.5553997037702506,0.01928955712666418,0.5481968647638082,0.562602542776693,0.0,0.0,0.0,0.0,0.13910591771731912,0.03784225873853921,0.12497538607556075,0.1532364493590775,0.7737373943041974,0.05075166673940239,0.7547864104930027,0.7926883781153922,0.708460868915873,0.13278411416443175,0.658878465822886,0.75804327200886,0.7880414444871596,0.05806549655773716,0.7663594317385942,0.809723457235725,0.28591412493302754,0.02132755216184624,0.27795028607376565,0.2938779637922894,0.830751158581405,0.06675681067065542,0.8058237558065837,0.8556785613562263,0.0,0.0,0.0,0.0,0.0,0.0,0.0,0.0,0.0,0.0,0.0,0.0,30
1,independent_rollout,1,flat,0.5553997037702506,0.019289557126664178,0.5481968647638082,0.562602542776693,3.3923481307990885e-18,2.008451208380042e-18,2.6423801242107595e-18,4.142316137387417e-18,0.13910591771731912,0.03784225873853921,0.12497538607556075,0.1532364493590775,0.7737373943041974,0.05075166673940239,0.7547864104930027,0.7926883781153922,0.708460868915873,0.13278411416443175,0.658878465822886,0.75804327200886,0.7880414444871596,0.05806549655773716,0.7663594317385942,0.809723457235725,0.28591412493302754,0.02132755216184624,0.27795028607376565,0.2938779637922894,0.830751158581405,0.06675681067065542,0.8058237558065837,0.8556785613562263,0.0,0.0,0.0,0.0,0.0,0.0,0.0,0.0,0.0,0.0,0.0,0.0,30
1,independent_rollout,1,provenance,0.5553997037702506,0.01928955712666418,0.5481968647638082,0.562602542776693,0.0,0.0,0.0,0.0,0.13910591771731912,0.03784225873853921,0.12497538607556075,0.1532364493590775,0.7737373943041974,0.05075166673940238,0.7547864104930027,0.7926883781153922,0.708460868915873,0.13278411416443175,0.658878465822886,0.75804327200886,0.7880414444871596,0.05806549655773716,0.7663594317385942,0.809723457235725,0.28591412493302754,0.02132755216184624,0.27795028607376565,0.2938779637922894,0.830751158581405,0.06675681067065542,0.8058237558065837,0.8556785613562263,0.0,0.0,0.0,0.0,0.0,0.0,0.0,0.0,0.0,0.0,0.0,0.0,30
1,independent_rollout,1,semantic_dedup,0.5553997037702506,0.01928955712666418,0.5481968647638082,0.562602542776693,0.0,0.0,0.0,0.0,0.13910591771731912,0.03784225873853921,0.12497538607556075,0.1532364493590775,0.7737373943041974,0.05075166673940239,0.7547864104930027,0.7926883781153922,0.708460868915873,0.13278411416443175,0.658878465822886,0.75804327200886,0.7880414444871596,0.05806549655773716,0.7663594317385942,0.809723457235725,0.28591412493302754,0.02132755216184624,0.27795028607376565,0.2938779637922894,0.830751158581405,0.06675681067065542,0.8058237558065837,0.8556785613562263,0.0,0.0,0.0,0.0,0.0,0.0,0.0,0.0,0.0,0.0,0.0,0.0,30
1,independent_rollout,1,source_average,0.5553997037702506,0.01928955712666418,0.5481968647638082,0.562602542776693,0.0,0.0,0.0,0.0,0.13910591771731912,0.03784225873853921,0.12497538607556075,0.1532364493590775,0.7737373943041974,0.05075166673940238,0.7547864104930027,0.7926883781153922,0.708460868915873,0.13278411416443175,0.658878465822886,0.75804327200886,0.7880414444871596,0.05806549655773716,0.7663594317385942,0.809723457235725,0.28591412493302754,0.02132755216184624,0.27795028607376565,0.2938779637922894,0.830751158581405,0.06675681067065542,0.8058237558065837,0.8556785613562263,0.0,0.0,0.0,0.0,0.0,0.0,0.0,0.0,0.0,0.0,0.0,0.0,30
1,independent_rollout,1,trajectory_average,0.5,0.0,0.5,0.5,0.26955713662193154,0.008740403994002945,0.2662934161328258,0.27282085711103726,0.46221598281488496,0.09510226420831853,0.42670421373990863,0.4977277518898613,0.9212998352796592,0.06993007430162733,0.8951875163914816,0.9474121541678368,0.6523822042938121,0.14939397622298278,0.5965975767774567,0.7081668318101675,0.4649313793895937,0.10490923431832762,0.42575762749253676,0.5041051312866507,0.25,0.0,0.25,0.25,0.693147180559945,3.387607712450221e-16,0.6931471805599448,0.6931471805599451,0.0,0.0,0.0,0.0,0.0,0.0,0.0,0.0,0.0,0.0,0.0,0.0,30
1,independent_rollout,2,belief_mixing,0.5553997037702506,0.01928955712666418,0.5481968647638082,0.562602542776693,0.0,0.0,0.0,0.0,0.07679582249003375,0.027272508111460224,0.06661210059642944,0.08697954438363806,0.5412932008346167,0.03813880745204871,0.5270519360833862,0.5555344655858473,0.7295622531416418,0.12830992022357315,0.6816505415232174,0.7774739647600662,0.8503515397144449,0.04865146097222987,0.8321847856251671,0.8685182938037227,0.28591412493302754,0.02132755216184624,0.27795028607376565,0.2938779637922894,0.830751158581405,0.06675681067065542,0.8058237558065837,0.8556785613562263,0.12166666666666666,0.0290823905587733,0.11080712356042488,0.13252620977290844,0.048333333333333346,0.02069204966986668,0.04060679500450171,0.05605987166216498,0.07333333333333333,0.031134364599327082,0.061707570527880465,0.0849590961387862,30
1,independent_rollout,2,exact_dedup,0.5554142625356673,0.019266941297276248,0.5482198684187063,0.5626086566526283,1.4558765416692611e-05,7.974164228148643e-05,-1.5217253166383592e-05,4.433478399976882e-05,0.07679582249003375,0.027272508111460224,0.06661210059642944,0.08697954438363806,0.5412622663408279,0.03814720726666173,0.5270178650472732,0.5555066676343825,0.7295622531416418,0.12830992022357315,0.6816505415232174,0.7774739647600662,0.8503515397144449,0.04865146097222987,0.8321847856251671,0.8685182938037227,0.2858928231891565,0.021296098143351403,0.2779407294534263,0.2938449169248867,0.8306968771002349,0.066711692093625,0.8057863218789585,0.8556074323215113,0.12166666666666666,0.0290823905587733,0.11080712356042488,0.13252620977290844,0.048333333333333346,0.02069204966986668,0.04060679500450171,0.05605987166216498,0.07333333333333333,0.031134364599327082,0.061707570527880465,0.0849590961387862,30
1,independent_rollout,2,flat,0.6624959872864874,0.01856415510410461,0.6555640178468856,0.6694279567260892,0.10709628351623682,0.00538269120817671,0.10508635358682976,0.10910621344564388,0.12016913334775377,0.03844459517462483,0.10581368558436802,0.13452458111113952,0.6181410393907297,0.036292278712286026,0.6045892798026268,0.6316927989788327,0.9081381857807931,0.10030704774971352,0.8706829185909623,0.9455934529706239,0.8069782288567248,0.04838388823247285,0.7889113880705014,0.8250450696429481,0.19608988424244847,0.017326256749241566,0.1896201536452352,0.20255961483966173,0.5717660993356565,0.045833964308328444,0.5546514157909749,0.5888807828803381,0.1605555555555556,0.04186351966111244,0.14492346040780282,0.17618765070330836,0.038888888888888896,0.022882899190251507,0.030344273904432027,0.047433503873345766,0.12166666666666665,0.039428386996546355,0.10694386499968297,0.13638946833365032,30
1,independent_rollout,2,provenance,0.5553997037702506,0.01928955712666418,0.5481968647638082,0.562602542776693,0.0,0.0,0.0,0.0,0.07679582249003375,0.027272508111460224,0.06661210059642944,0.08697954438363806,0.5412932008346167,0.03813880745204871,0.5270519360833862,0.5555344655858473,0.7295622531416418,0.12830992022357315,0.6816505415232174,0.7774739647600662,0.8503515397144449,0.04865146097222987,0.8321847856251671,0.8685182938037227,0.28591412493302754,0.02132755216184624,0.27795028607376565,0.2938779637922894,0.830751158581405,0.06675681067065542,0.8058237558065837,0.8556785613562263,0.12166666666666666,0.0290823905587733,0.11080712356042488,0.13252620977290844,0.048333333333333346,0.02069204966986668,0.04060679500450171,0.05605987166216498,0.07333333333333333,0.031134364599327082,0.061707570527880465,0.0849590961387862,30
1,independent_rollout,2,semantic_dedup,0.5554142625356673,0.019266941297276248,0.5482198684187063,0.5626086566526283,1.4558765416692611e-05,7.974164228148643e-05,-1.5217253166383592e-05,4.433478399976882e-05,0.07679582249003375,0.027272508111460224,0.06661210059642944,0.08697954438363806,0.5412622663408279,0.03814720726666173,0.5270178650472732,0.5555066676343825,0.7295622531416418,0.12830992022357315,0.6816505415232174,0.7774739647600662,0.8503515397144449,0.04865146097222987,0.8321847856251671,0.8685182938037227,0.2858928231891565,0.021296098143351403,0.2779407294534263,0.2938449169248867,0.8306968771002349,0.066711692093625,0.8057863218789585,0.8556074323215113,0.12166666666666666,0.0290823905587733,0.11080712356042488,0.13252620977290844,0.048333333333333346,0.02069204966986668,0.04060679500450171,0.05605987166216498,0.07333333333333333,0.031134364599327082,0.061707570527880465,0.0849590961387862,30
1,independent_rollout,2,source_average,0.5553997037702506,0.01928955712666418,0.5481968647638082,0.562602542776693,0.0,0.0,0.0,0.0,0.07679582249003375,0.027272508111460224,0.06661210059642944,0.08697954438363806,0.5412932008346167,0.03813880745204871,0.5270519360833862,0.5555344655858473,0.7295622531416418,0.12830992022357315,0.6816505415232174,0.7774739647600662,0.8503515397144449,0.04865146097222987,0.8321847856251671,0.8685182938037227,0.28591412493302754,0.02132755216184624,0.27795028607376565,0.2938779637922894,0.830751158581405,0.06675681067065542,0.8058237558065837,0.8556785613562263,0.12166666666666666,0.0290823905587733,0.11080712356042488,0.13252620977290844,0.048333333333333346,0.02069204966986668,0.04060679500450171,0.05605987166216498,0.07333333333333333,0.031134364599327082,0.061707570527880465,0.0849590961387862,30
1,independent_rollout,2,trajectory_average,0.5,0.0,0.5,0.5,0.26955713662193154,0.008740403994002945,0.2662934161328258,0.27282085711103726,0.43831195528315964,0.10102958557618563,0.4005868880348843,0.476037022531435,0.7873516021322631,0.05230423156266344,0.7678208810883479,0.8068823231761783,0.63998576714642,0.15812363408301638,0.5809414318133295,0.6990301024795105,0.48883540692131905,0.1152035406550361,0.44581769786446734,0.5318531159781708,0.25,0.0,0.25,0.25,0.693147180559945,3.387607712450221e-16,0.6931471805599448,0.6931471805599451,0.17722222222222228,0.043874458076650885,0.16083923032946484,0.19360521411497972,0.08444444444444446,0.03961822922400074,0.06965075452471349,0.09923813436417543,0.0927777777777778,0.03236623913129961,0.08069202546237038,0.10486353009318523,30
1,independent_rollout,4,belief_mixing,0.5553997037702506,0.01928955712666418,0.5481968647638082,0.562602542776693,0.0,0.0,0.0,0.0,0.03543138917670079,0.025221586876924818,0.026013493858079502,0.04484928449532207,0.38982237592362057,0.026780315980558956,0.37982244159215883,0.3998223102550823,0.7275669514814995,0.12682337731358623,0.6802103241082185,0.7749235788547806,0.8917159730277778,0.048974620067492744,0.8734285493491797,0.910003396706376,0.28591412493302754,0.02132755216184624,0.27795028607376565,0.2938779637922894,0.830751158581405,0.06675681067065542,0.8058237558065837,0.8556785613562263,0.14333333333333334,0.03855632293559872,0.1289361657383537,0.15773050092831298,0.05888888888888889,0.026163841758830037,0.04911914981497392,0.06865862796280386,0.08444444444444446,0.03388433484883757,0.07179182587192216,0.09709706301696676,30
1,independent_rollout,4,exact_dedup,0.5554162450499492,0.019276080451784243,0.5482184383166102,0.5626140517832883,1.6541279698617667e-05,5.679464234362375e-05,-4.6661882874728755e-06,3.7748747684708206e-05,0.03543138917670079,0.025221586876924818,0.026013493858079502,0.04484928449532207,0.3898271588901257,0.026798596999943206,0.3798203983138397,0.3998339194664117,0.7275669514814995,0.12682337731358623,0.6802103241082185,0.7749235788547806,0.8917159730277778,0.048974620067492744,0.8734285493491797,0.910003396706376,0.285898579707451,0.021310755672219184,0.2779410127604918,0.2938561466544101,0.8307111536989356,0.06673048918372099,0.8057935795288641,0.855628727869007,0.14333333333333334,0.03855632293559872,0.1289361657383537,0.15773050092831298,0.05888888888888889,0.026163841758830037,0.04911914981497392,0.06865862796280386,0.08444444444444446,0.03388433484883757,0.07179182587192216,0.09709706301696676,30
1,independent_rollout,4,flat,0.8024923106192973,0.010448817291562267,0.7985906581207638,0.8063939631178307,0.24709260684904655,0.014262351422714651,0.24176695730320427,0.2524182563948888,0.2504268507080044,0.06489665175197801,0.22619404268876253,0.2746596587272463,0.725766024118933,0.04592836308546257,0.7086160914915671,0.7429159567462988,1.1635651140257484,0.08733817377125658,1.1309525039663157,1.196177724085181,0.6767205114964744,0.06561267797846616,0.652220334890182,0.7012206881027667,0.09915626214603862,0.007445858159970953,0.0963759330156751,0.10193659127640214,0.29987243478870695,0.017612088492892305,0.29329597286433423,0.3064488967130797,0.25833333333333336,0.05320206546850359,0.2384673555991879,0.2781993110674788,0.043888888888888894,0.03047621185686169,0.032508884356396775,0.05526889342138101,0.2144444444444445,0.04888279307172388,0.19619130952958647,0.23269757935930252,30
1,independent_rollout,4,provenance,0.5553997037702506,0.01928955712666418,0.5481968647638082,0.562602542776693,0.0,0.0,0.0,0.0,0.03543138917670079,0.025221586876924818,0.026013493858079502,0.04484928449532207,0.38982237592362057,0.026780315980558956,0.37982244159215883,0.3998223102550823,0.7275669514814995,0.12682337731358623,0.6802103241082185,0.7749235788547806,0.8917159730277778,0.048974620067492744,0.8734285493491797,0.910003396706376,0.28591412493302754,0.02132755216184624,0.27795028607376565,0.2938779637922894,0.830751158581405,0.06675681067065542,0.8058237558065837,0.8556785613562263,0.14333333333333334,0.03855632293559872,0.1289361657383537,0.15773050092831298,0.05888888888888889,0.026163841758830037,0.04911914981497392,0.06865862796280386,0.08444444444444446,0.03388433484883757,0.07179182587192216,0.09709706301696676,30
1,independent_rollout,4,semantic_dedup,0.5554162450499492,0.019276080451784243,0.5482184383166102,0.5626140517832883,1.6541279698617667e-05,5.679464234362375e-05,-4.6661882874728755e-06,3.7748747684708206e-05,0.03543138917670079,0.025221586876924818,0.026013493858079502,0.04484928449532207,0.3898271588901257,0.026798596999943206,0.3798203983138397,0.3998339194664117,0.7275669514814995,0.12682337731358623,0.6802103241082185,0.7749235788547806,0.8917159730277778,0.048974620067492744,0.8734285493491797,0.910003396706376,0.285898579707451,0.021310755672219184,0.2779410127604918,0.2938561466544101,0.8307111536989356,0.06673048918372099,0.8057935795288641,0.855628727869007,0.14333333333333334,0.03855632293559872,0.1289361657383537,0.15773050092831298,0.05888888888888889,0.026163841758830037,0.04911914981497392,0.06865862796280386,0.08444444444444446,0.03388433484883757,0.07179182587192216,0.09709706301696676,30
1,independent_rollout,4,source_average,0.5553997037702506,0.01928955712666418,0.5481968647638082,0.562602542776693,0.0,0.0,0.0,0.0,0.03543138917670079,0.025221586876924818,0.026013493858079502,0.04484928449532207,0.38982237592362057,0.026780315980558956,0.37982244159215883,0.3998223102550823,0.7275669514814995,0.12682337731358623,0.6802103241082185,0.7749235788547806,0.8917159730277778,0.048974620067492744,0.8734285493491797,0.910003396706376,0.28591412493302754,0.02132755216184624,0.27795028607376565,0.2938779637922894,0.830751158581405,0.06675681067065542,0.8058237558065837,0.8556785613562263,0.14333333333333334,0.03855632293559872,0.1289361657383537,0.15773050092831298,0.05888888888888889,0.026163841758830037,0.04911914981497392,0.06865862796280386,0.08444444444444446,0.03388433484883757,0.07179182587192216,0.09709706301696676,30
1,independent_rollout,4,trajectory_average,0.5,0.0,0.5,0.5,0.26955713662193154,0.008740403994002945,0.2662934161328258,0.27282085711103726,0.39938275507873333,0.07743227654259245,0.37046906783457906,0.4282964423228876,0.7002188638769405,0.03921110915320312,0.6855771950900428,0.7148605326638383,0.6764345060486353,0.16184747717541675,0.6159996648525182,0.7368693472447524,0.5277646071257452,0.09061971373468122,0.49392664990595303,0.5616025643455375,0.25,0.0,0.25,0.25,0.693147180559945,3.387607712450221e-16,0.6931471805599448,0.6931471805599451,0.23555555555555555,0.046265379204099316,0.2182797790413043,0.2528313320698068,0.11111111111111113,0.03995527512378201,0.09619156618403268,0.12603065603818958,0.12444444444444445,0.041691563443032376,0.1088765588037765,0.1400123300851124,30
1,independent_rollout,8,belief_mixing,0.5553997037702506,0.01928955712666418,0.5481968647638082,0.562602542776693,0.0,0.0,0.0,0.0,0.015779853437372957,0.010895891971832232,0.011711260509637488,0.01984844636510843,0.27382834196054795,0.01879701636551403,0.2668094206969226,0.2808472632241733,0.7314287179534972,0.12027543150957051,0.686517133726595,0.7763403021803994,0.9113675087671055,0.040887688980948654,0.8960997947837627,0.9266352227504483,0.28591412493302754,0.02132755216184624,0.27795028607376565,0.2938779637922894,0.830751158581405,0.06675681067065542,0.8058237558065837,0.8556785613562263,0.16055555555555553,0.04023002189358228,0.1455334184985792,0.17557769261253187,0.0638888888888889,0.02701047523960326,0.053803011677668336,0.07397476610010946,0.09666666666666666,0.03775297811195613,0.08256947295876801,0.11076386037456531,30
1,independent_rollout,8,exact_dedup,0.5553769481134585,0.019270152857364484,0.548181354780252,0.562572541446665,4.4636650918474114e-05,7.777259008105327e-05,1.559588851063669e-05,7.367741332631154e-05,0.015779853437372957,0.010895891971832232,0.011711260509637488,0.01984844636510843,0.27392932146738974,0.018822864563790218,0.2669007483279039,0.2809578946068756,0.7314287179534972,0.12027543150957051,0.686517133726595,0.7763403021803994,0.9113675087671055,0.040887688980948654,0.8960997947837627,0.9266352227504483,0.2859361038843451,0.021308344592430643,0.27797943724937524,0.29389277051931495,0.8308216329835324,0.06669940015169254,0.8059156676488063,0.8557275983182585,0.16055555555555553,0.04023002189358228,0.1455334184985792,0.17557769261253187,0.0638888888888889,0.02701047523960326,0.053803011677668336,0.07397476610010946,0.09666666666666666,0.03775297811195613,0.08256947295876801,0.11076386037456531,30
1,independent_rollout,8,flat,0.9099840059315187,0.0031806548526281697,0.908796329890638,0.9111716819723995,0.3545843021612683,0.018793166084736204,0.3475668186161136,0.361601785706423,0.3208967380858778,0.05598456336952294,0.29999175855997523,0.3418017176117804,0.8580936506756608,0.055580037968484965,0.8373397234169803,0.8788475779343413,1.2508530314870812,0.08340304265231238,1.21970982353641,1.2819962394377522,0.606250624118601,0.05237144728810042,0.586694804310321,0.625806443926881,0.038112834377516676,0.0022788115908401554,0.03726191214498147,0.03896375661005188,0.12303547413342336,0.005405851915895919,0.1210168958536223,0.12505405241322443,0.3127777777777778,0.051543853540488425,0.2935309865535987,0.3320245690019569,0.05333333333333335,0.020247510608066236,0.04577278861820669,0.06089387804846001,0.2594444444444444,0.05282867076372031,0.23971789458449805,0.2791709943043908,30
1,independent_rollout,8,provenance,0.5553997037702506,0.01928955712666418,0.5481968647638082,0.562602542776693,0.0,0.0,0.0,0.0,0.015779853437372957,0.010895891971832232,0.011711260509637488,0.01984844636510843,0.27382834196054795,0.01879701636551403,0.2668094206969226,0.2808472632241733,0.7314287179534972,0.12027543150957051,0.686517133726595,0.7763403021803994,0.9113675087671055,0.040887688980948654,0.8960997947837627,0.9266352227504483,0.28591412493302754,0.02132755216184624,0.27795028607376565,0.2938779637922894,0.830751158581405,0.06675681067065542,0.8058237558065837,0.8556785613562263,0.16055555555555553,0.04023002189358228,0.1455334184985792,0.17557769261253187,0.0638888888888889,0.02701047523960326,0.053803011677668336,0.07397476610010946,0.09666666666666666,0.03775297811195613,0.08256947295876801,0.11076386037456531,30
1,independent_rollout,8,semantic_dedup,0.5553769481134585,0.019270152857364484,0.548181354780252,0.562572541446665,4.4636650918474114e-05,7.777259008105327e-05,1.559588851063669e-05,7.367741332631154e-05,0.015779853437372957,0.010895891971832232,0.011711260509637488,0.01984844636510843,0.27392932146738974,0.018822864563790218,0.2669007483279039,0.2809578946068756,0.7314287179534972,0.12027543150957051,0.686517133726595,0.7763403021803994,0.9113675087671055,0.040887688980948654,0.8960997947837627,0.9266352227504483,0.2859361038843451,0.021308344592430643,0.27797943724937524,0.29389277051931495,0.8308216329835324,0.06669940015169254,0.8059156676488063,0.8557275983182585,0.16055555555555553,0.04023002189358228,0.1455334184985792,0.17557769261253187,0.0638888888888889,0.02701047523960326,0.053803011677668336,0.07397476610010946,0.09666666666666666,0.03775297811195613,0.08256947295876801,0.11076386037456531,30
1,independent_rollout,8,source_average,0.5553997037702506,0.01928955712666418,0.5481968647638082,0.562602542776693,0.0,0.0,0.0,0.0,0.015779853437372957,0.010895891971832232,0.011711260509637488,0.01984844636510843,0.27382834196054795,0.01879701636551403,0.2668094206969226,0.2808472632241733,0.7314287179534972,0.12027543150957051,0.686517133726595,0.7763403021803994,0.9113675087671055,0.040887688980948654,0.8960997947837627,0.9266352227504483,0.28591412493302754,0.02132755216184624,0.27795028607376565,0.2938779637922894,0.830751158581405,0.06675681067065542,0.8058237558065837,0.8556785613562263,0.16055555555555553,0.04023002189358228,0.1455334184985792,0.17557769261253187,0.0638888888888889,0.02701047523960326,0.053803011677668336,0.07397476610010946,0.09666666666666666,0.03775297811195613,0.08256947295876801,0.11076386037456531,30
1,independent_rollout,8,trajectory_average,0.5,0.0,0.5,0.5,0.26955713662193154,0.008740403994002945,0.2662934161328258,0.27282085711103726,0.38909862083045166,0.07835799626999132,0.3598392641591686,0.4183579775017347,0.6496939816810763,0.02767935385253492,0.6393583410910408,0.6600296222711117,0.6295332482803662,0.15825433073055403,0.5704401100170313,0.688626386543701,0.5380487413740269,0.08978993985710436,0.5045206268122434,0.5715768559358104,0.25,0.0,0.25,0.25,0.693147180559945,3.387607712450221e-16,0.6931471805599448,0.6931471805599451,0.24888888888888888,0.05604003312721278,0.22796319661506043,0.26981458116271734,0.12722222222222224,0.04703535259099135,0.10965893292016507,0.1447855115242794,0.12166666666666667,0.04291799183312874,0.10564082513884239,0.13769250819449097,30
1,independent_rollout,16,belief_mixing,0.5553997037702506,0.01928955712666418,0.5481968647638082,0.562602542776693,0.0,0.0,0.0,0.0,0.008941085083426293,0.00827576597032072,0.005850863283734685,0.012031306883117902,0.1926455609491457,0.014640323194765612,0.18717877442409828,0.19811234747419312,0.7360482152128789,0.11285274075263342,0.6939083092658747,0.7781881211598831,0.9182062771210524,0.042197183359011195,0.9024495899008909,0.933962964341214,0.28591412493302754,0.02132755216184624,0.27795028607376565,0.2938779637922894,0.830751158581405,0.06675681067065542,0.8058237558065837,0.8556785613562263,0.16444444444444448,0.041461179122183535,0.14896258572299434,0.1799263031658946,0.0627777777777778,0.025776572174212045,0.05315264754333894,0.07240290801221665,0.10166666666666667,0.04137252498645434,0.08621791194354679,0.11711542138978655,30
1,independent_rollout,16,exact_dedup,0.5553973904051014,0.01928987046602418,0.5481944343958192,0.5626003464143836,9.33248128985546e-05,7.342005068991747e-05,6.590931540984864e-05,0.00012074031038726056,0.008941085083426293,0.00827576597032072,0.005850863283734685,0.012031306883117902,0.19259686333624879,0.014662503854122402,0.18712179441688018,0.1980719322556174,0.7360482152128789,0.11285274075263342,0.6939083092658747,0.7781881211598831,0.9182062771210524,0.042197183359011195,0.9024495899008909,0.933962964341214,0.28591111253390195,0.021324886609742407,0.2779482690081535,0.2938739560596504,0.8307446721809487,0.06674538736967114,0.805821534936817,0.8556678094250805,0.16444444444444448,0.041461179122183535,0.14896258572299434,0.1799263031658946,0.0627777777777778,0.025776572174212045,0.05315264754333894,0.07240290801221665,0.10166666666666667,0.04137252498645434,0.08621791194354679,0.11711542138978655,30
1,independent_rollout,16,flat,0.9756061728413227,0.001382292257187561,0.9750900164296956,0.9761223292529497,0.420206469071072,0.01938153285445532,0.41296928576343966,0.42744365237870435,0.40821945913982205,0.056659870705252115,0.38706231571056043,0.42937660256908367,0.9596220247146051,0.05061575749912934,0.9407217902477704,0.9785222591814399,1.3562888775450985,0.0810313604570593,1.326031270280575,1.386546484809622,0.5189279030646566,0.05669766341870005,0.4977566476042688,0.5400991585250444,0.0043225168183207395,0.0006225605266154616,0.004090048897179172,0.004554984739462307,0.026963795640752797,0.0017652123638266573,0.02630465451141865,0.027622936770086943,0.3527777777777778,0.04895132724794996,0.3344990517809393,0.3710565037746163,0.051111111111111114,0.024343224778007377,0.04202120159052133,0.0602010206317009,0.30166666666666664,0.052949408370096956,0.28189503264356175,0.32143830068977153,30
1,independent_rollout,16,provenance,0.5553997037702506,0.01928955712666418,0.5481968647638082,0.562602542776693,0.0,0.0,0.0,0.0,0.008941085083426293,0.00827576597032072,0.005850863283734685,0.012031306883117902,0.1926455609491457,0.014640323194765612,0.18717877442409828,0.19811234747419312,0.7360482152128789,0.11285274075263342,0.6939083092658747,0.7781881211598831,0.9182062771210524,0.042197183359011195,0.9024495899008909,0.933962964341214,0.28591412493302754,0.02132755216184624,0.27795028607376565,0.2938779637922894,0.830751158581405,0.06675681067065542,0.8058237558065837,0.8556785613562263,0.16444444444444448,0.041461179122183535,0.14896258572299434,0.1799263031658946,0.0627777777777778,0.025776572174212045,0.05315264754333894,0.07240290801221665,0.10166666666666667,0.04137252498645434,0.08621791194354679,0.11711542138978655,30
1,independent_rollout,16,semantic_dedup,0.5553973904051014,0.01928987046602418,0.5481944343958192,0.5626003464143836,9.33248128985546e-05,7.342005068991747e-05,6.590931540984864e-05,0.00012074031038726056,0.008941085083426293,0.00827576597032072,0.005850863283734685,0.012031306883117902,0.19259686333624879,0.014662503854122402,0.18712179441688018,0.1980719322556174,0.7360482152128789,0.11285274075263342,0.6939083092658747,0.7781881211598831,0.9182062771210524,0.042197183359011195,0.9024495899008909,0.933962964341214,0.28591111253390195,0.021324886609742407,0.2779482690081535,0.2938739560596504,0.8307446721809487,0.06674538736967114,0.805821534936817,0.8556678094250805,0.16444444444444448,0.041461179122183535,0.14896258572299434,0.1799263031658946,0.0627777777777778,0.025776572174212045,0.05315264754333894,0.07240290801221665,0.10166666666666667,0.04137252498645434,0.08621791194354679,0.11711542138978655,30
1,independent_rollout,16,source_average,0.5553997037702506,0.01928955712666418,0.5481968647638082,0.562602542776693,0.0,0.0,0.0,0.0,0.008941085083426293,0.00827576597032072,0.005850863283734685,0.012031306883117902,0.1926455609491457,0.014640323194765612,0.18717877442409828,0.19811234747419312,0.7360482152128789,0.11285274075263342,0.6939083092658747,0.7781881211598831,0.9182062771210524,0.042197183359011195,0.9024495899008909,0.933962964341214,0.28591412493302754,0.02132755216184624,0.27795028607376565,0.2938779637922894,0.830751158581405,0.06675681067065542,0.8058237558065837,0.8556785613562263,0.16444444444444448,0.041461179122183535,0.14896258572299434,0.1799263031658946,0.0627777777777778,0.025776572174212045,0.05315264754333894,0.07240290801221665,0.10166666666666667,0.04137252498645434,0.08621791194354679,0.11711542138978655,30
1,independent_rollout,16,trajectory_average,0.5,0.0,0.5,0.5,0.26955713662193154,0.008740403994002945,0.2662934161328258,0.27282085711103726,0.360818554443014,0.07238913755033452,0.33378800624709287,0.3878491026389351,0.6244613616070583,0.02454198466124102,0.6152972339263277,0.633625489287789,0.6824541446755888,0.1348723761010735,0.6320919717603015,0.7328163175908762,0.5663288077614648,0.08103227342444938,0.5360708595893151,0.5965867559336144,0.25,0.0,0.25,0.25,0.693147180559945,3.387607712450221e-16,0.6931471805599448,0.6931471805599451,0.25722222222222224,0.05513538428500728,0.23663433137768441,0.27781011306676007,0.12277777777777774,0.045587550674505845,0.1057551065961464,0.13980044895940907,0.13444444444444445,0.04418988401543473,0.11794367057045246,0.15094521831843644,30
1,new_real_evidence,1,belief_mixing,0.5553997037702506,0.01928955712666418,0.5481968647638082,0.562602542776693,0.0,0.0,0.0,0.0,0.13910591771731912,0.03784225873853921,0.12497538607556075,0.1532364493590775,0.7737373943041974,0.05075166673940238,0.7547864104930027,0.7926883781153922,0.708460868915873,0.13278411416443175,0.658878465822886,0.75804327200886,0.7880414444871596,0.05806549655773716,0.7663594317385942,0.809723457235725,0.28591412493302754,0.02132755216184624,0.27795028607376565,0.2938779637922894,0.830751158581405,0.06675681067065542,0.8058237558065837,0.8556785613562263,0.0,0.0,0.0,0.0,0.0,0.0,0.0,0.0,0.0,0.0,0.0,0.0,30
1,new_real_evidence,1,exact_dedup,0.5553997037702506,0.01928955712666418,0.5481968647638082,0.562602542776693,0.0,0.0,0.0,0.0,0.13910591771731912,0.03784225873853921,0.12497538607556075,0.1532364493590775,0.7737373943041974,0.05075166673940239,0.7547864104930027,0.7926883781153922,0.708460868915873,0.13278411416443175,0.658878465822886,0.75804327200886,0.7880414444871596,0.05806549655773716,0.7663594317385942,0.809723457235725,0.28591412493302754,0.02132755216184624,0.27795028607376565,0.2938779637922894,0.830751158581405,0.06675681067065542,0.8058237558065837,0.8556785613562263,0.0,0.0,0.0,0.0,0.0,0.0,0.0,0.0,0.0,0.0,0.0,0.0,30
1,new_real_evidence,1,flat,0.5553997037702506,0.019289557126664178,0.5481968647638082,0.562602542776693,3.3923481307990885e-18,2.008451208380042e-18,2.6423801242107595e-18,4.142316137387417e-18,0.13910591771731912,0.03784225873853921,0.12497538607556075,0.1532364493590775,0.7737373943041974,0.05075166673940239,0.7547864104930027,0.7926883781153922,0.708460868915873,0.13278411416443175,0.658878465822886,0.75804327200886,0.7880414444871596,0.05806549655773716,0.7663594317385942,0.809723457235725,0.28591412493302754,0.02132755216184624,0.27795028607376565,0.2938779637922894,0.830751158581405,0.06675681067065542,0.8058237558065837,0.8556785613562263,0.0,0.0,0.0,0.0,0.0,0.0,0.0,0.0,0.0,0.0,0.0,0.0,30
1,new_real_evidence,1,provenance,0.5553997037702506,0.01928955712666418,0.5481968647638082,0.562602542776693,0.0,0.0,0.0,0.0,0.13910591771731912,0.03784225873853921,0.12497538607556075,0.1532364493590775,0.7737373943041974,0.05075166673940238,0.7547864104930027,0.7926883781153922,0.708460868915873,0.13278411416443175,0.658878465822886,0.75804327200886,0.7880414444871596,0.05806549655773716,0.7663594317385942,0.809723457235725,0.28591412493302754,0.02132755216184624,0.27795028607376565,0.2938779637922894,0.830751158581405,0.06675681067065542,0.8058237558065837,0.8556785613562263,0.0,0.0,0.0,0.0,0.0,0.0,0.0,0.0,0.0,0.0,0.0,0.0,30
1,new_real_evidence,1,semantic_dedup,0.5553997037702506,0.01928955712666418,0.5481968647638082,0.562602542776693,0.0,0.0,0.0,0.0,0.13910591771731912,0.03784225873853921,0.12497538607556075,0.1532364493590775,0.7737373943041974,0.05075166673940239,0.7547864104930027,0.7926883781153922,0.708460868915873,0.13278411416443175,0.658878465822886,0.75804327200886,0.7880414444871596,0.05806549655773716,0.7663594317385942,0.809723457235725,0.28591412493302754,0.02132755216184624,0.27795028607376565,0.2938779637922894,0.830751158581405,0.06675681067065542,0.8058237558065837,0.8556785613562263,0.0,0.0,0.0,0.0,0.0,0.0,0.0,0.0,0.0,0.0,0.0,0.0,30
1,new_real_evidence,1,source_average,0.5553997037702506,0.01928955712666418,0.5481968647638082,0.562602542776693,0.0,0.0,0.0,0.0,0.13910591771731912,0.03784225873853921,0.12497538607556075,0.1532364493590775,0.7737373943041974,0.05075166673940238,0.7547864104930027,0.7926883781153922,0.708460868915873,0.13278411416443175,0.658878465822886,0.75804327200886,0.7880414444871596,0.05806549655773716,0.7663594317385942,0.809723457235725,0.28591412493302754,0.02132755216184624,0.27795028607376565,0.2938779637922894,0.830751158581405,0.06675681067065542,0.8058237558065837,0.8556785613562263,0.0,0.0,0.0,0.0,0.0,0.0,0.0,0.0,0.0,0.0,0.0,0.0,30
1,new_real_evidence,1,trajectory_average,0.5,0.0,0.5,0.5,0.26955713662193154,0.008740403994002945,0.2662934161328258,0.27282085711103726,0.46221598281488496,0.09510226420831853,0.42670421373990863,0.4977277518898613,0.9212998352796592,0.06993007430162733,0.8951875163914816,0.9474121541678368,0.6523822042938121,0.14939397622298278,0.5965975767774567,0.7081668318101675,0.4649313793895937,0.10490923431832762,0.42575762749253676,0.5041051312866507,0.25,0.0,0.25,0.25,0.693147180559945,3.387607712450221e-16,0.6931471805599448,0.6931471805599451,0.0,0.0,0.0,0.0,0.0,0.0,0.0,0.0,0.0,0.0,0.0,0.0,30
1,new_real_evidence,2,belief_mixing,0.6011105152244732,0.02041044151896409,0.5934891311073497,0.6087318993415968,0.0,0.0,0.0,0.0,0.1412498830748741,0.05317077867782946,0.12139558802036585,0.16110417812938235,0.7825458029641249,0.053460278350097215,0.7625834069554024,0.8025081989728474,0.7767499424608785,0.14796125659672876,0.72150030124522,0.8319995836765369,0.8228888235404032,0.07072940022368075,0.796478031447661,0.8492996156331453,0.2537856071666907,0.01930721037594067,0.24657617632863477,0.2609950380047466,0.7492867321796864,0.05963748894858111,0.7270177278254429,0.77155573653393,0.0811111111111111,0.030554684766414594,0.06970180431262267,0.09252041790959954,0.027777777777777783,0.020684333074532192,0.020054120872998925,0.03550143468255664,0.05333333333333334,0.027473428472446812,0.04307458654393699,0.06359208012272968,30
1,new_real_evidence,2,exact_dedup,0.6011105152244732,0.02041044151896409,0.5934891311073497,0.6087318993415968,0.0,0.0,0.0,0.0,0.1412498830748741,0.05317077867782946,0.12139558802036585,0.16110417812938235,0.7825458029641249,0.053460278350097215,0.7625834069554024,0.8025081989728474,0.7767499424608785,0.14796125659672876,0.72150030124522,0.8319995836765369,0.8228888235404032,0.07072940022368075,0.796478031447661,0.8492996156331453,0.2537856071666907,0.01930721037594067,0.24657617632863477,0.2609950380047466,0.7492867321796864,0.05963748894858111,0.7270177278254429,0.77155573653393,0.0811111111111111,0.030554684766414594,0.06970180431262267,0.09252041790959954,0.027777777777777783,0.020684333074532192,0.020054120872998925,0.03550143468255664,0.05333333333333334,0.027473428472446812,0.04307458654393699,0.06359208012272968,30
1,new_real_evidence,2,flat,0.6011105152244732,0.02041044151896409,0.5934891311073497,0.6087318993415968,2.7755575615628914e-19,4.94958778242797e-19,9.273511091813721e-20,4.623764013944411e-19,0.1412498830748741,0.05317077867782946,0.12139558802036585,0.16110417812938235,0.7825458029641249,0.053460278350097215,0.7625834069554024,0.8025081989728474,0.7767499424608785,0.14796125659672876,0.72150030124522,0.8319995836765369,0.8228888235404032,0.07072940022368075,0.796478031447661,0.8492996156331453,0.2537856071666907,0.01930721037594067,0.24657617632863477,0.2609950380047466,0.7492867321796864,0.05963748894858111,0.7270177278254429,0.77155573653393,0.0811111111111111,0.030554684766414594,0.06970180431262267,0.09252041790959954,0.027777777777777783,0.020684333074532192,0.020054120872998925,0.03550143468255664,0.05333333333333334,0.027473428472446812,0.04307458654393699,0.06359208012272968,30
1,new_real_evidence,2,provenance,0.6011105152244732,0.02041044151896409,0.5934891311073497,0.6087318993415968,0.0,0.0,0.0,0.0,0.1412498830748741,0.05317077867782946,0.12139558802036585,0.16110417812938235,0.7825458029641249,0.053460278350097215,0.7625834069554024,0.8025081989728474,0.7767499424608785,0.14796125659672876,0.72150030124522,0.8319995836765369,0.8228888235404032,0.07072940022368075,0.796478031447661,0.8492996156331453,0.2537856071666907,0.01930721037594067,0.24657617632863477,0.2609950380047466,0.7492867321796864,0.05963748894858111,0.7270177278254429,0.77155573653393,0.0811111111111111,0.030554684766414594,0.06970180431262267,0.09252041790959954,0.027777777777777783,0.020684333074532192,0.020054120872998925,0.03550143468255664,0.05333333333333334,0.027473428472446812,0.04307458654393699,0.06359208012272968,30
1,new_real_evidence,2,semantic_dedup,0.6011105152244732,0.02041044151896409,0.5934891311073497,0.6087318993415968,0.0,0.0,0.0,0.0,0.1412498830748741,0.05317077867782946,0.12139558802036585,0.16110417812938235,0.7825458029641249,0.053460278350097215,0.7625834069554024,0.8025081989728474,0.7767499424608785,0.14796125659672876,0.72150030124522,0.8319995836765369,0.8228888235404032,0.07072940022368075,0.796478031447661,0.8492996156331453,0.2537856071666907,0.01930721037594067,0.24657617632863477,0.2609950380047466,0.7492867321796864,0.05963748894858111,0.7270177278254429,0.77155573653393,0.0811111111111111,0.030554684766414594,0.06970180431262267,0.09252041790959954,0.027777777777777783,0.020684333074532192,0.020054120872998925,0.03550143468255664,0.05333333333333334,0.027473428472446812,0.04307458654393699,0.06359208012272968,30
1,new_real_evidence,2,source_average,0.6011105152244732,0.02041044151896409,0.5934891311073497,0.6087318993415968,0.0,0.0,0.0,0.0,0.1412498830748741,0.05317077867782946,0.12139558802036585,0.16110417812938235,0.7825458029641249,0.053460278350097215,0.7625834069554024,0.8025081989728474,0.7767499424608785,0.14796125659672876,0.72150030124522,0.8319995836765369,0.8228888235404032,0.07072940022368075,0.796478031447661,0.8492996156331453,0.2537856071666907,0.01930721037594067,0.24657617632863477,0.2609950380047466,0.7492867321796864,0.05963748894858111,0.7270177278254429,0.77155573653393,0.0811111111111111,0.030554684766414594,0.06970180431262267,0.09252041790959954,0.027777777777777783,0.020684333074532192,0.020054120872998925,0.03550143468255664,0.05333333333333334,0.027473428472446812,0.04307458654393699,0.06359208012272968,30
1,new_real_evidence,2,trajectory_average,0.5,0.0,0.5,0.5,0.2881387005781459,0.013274746566906585,0.28318182874615444,0.29309557241013734,0.48346834182126214,0.11894766795281304,0.43905255265461696,0.5278841309879073,0.9492062054427464,0.07539584507719858,0.9210529342048575,0.9773594766806353,0.6523822042938121,0.14939397622298278,0.5965975767774567,0.7081668318101675,0.480670364794015,0.11609257057168777,0.43732068651052397,0.5240200430775059,0.25,0.0,0.25,0.25,0.693147180559945,3.387607712450221e-16,0.6931471805599448,0.6931471805599451,0.0,0.0,0.0,0.0,0.0,0.0,0.0,0.0,0.0,0.0,0.0,0.0,30
1,new_real_evidence,4,belief_mixing,0.6669486576948291,0.024330763538944502,0.6578634012773771,0.6760339141122812,0.0,0.0,0.0,0.0,0.13570004906795344,0.057232803656121996,0.11432896895888607,0.15707112917702082,0.8009744674346432,0.057344121970005255,0.7795618203840382,0.8223871144852481,0.8552528505570781,0.13163579354213933,0.806099237431421,0.9044064636827353,0.8879343496910619,0.07731110280716529,0.8590659094633301,0.9168027899187937,0.2081421448669175,0.02279139046642902,0.19963169980150286,0.21665258993233216,0.6219965552503044,0.06810336368311631,0.59656634131716,0.6474267691834488,0.1238888888888889,0.04168007447112185,0.10832529330083739,0.13945248447694042,0.03888888888888889,0.02601699022431412,0.029173985079154502,0.04860379269862328,0.08499999999999999,0.0359197701142069,0.07158733740841494,0.09841266259158504,30
1,new_real_evidence,4,exact_dedup,0.6669486576948291,0.024330763538944502,0.6578634012773771,0.6760339141122812,0.0,0.0,0.0,0.0,0.13570004906795344,0.057232803656121996,0.11432896895888607,0.15707112917702082,0.800974467434643,0.05734412197000526,0.779561820384038,0.8223871144852479,0.8552528505570781,0.13163579354213933,0.806099237431421,0.9044064636827353,0.8879343496910619,0.07731110280716529,0.8590659094633301,0.9168027899187937,0.2081421448669175,0.02279139046642902,0.19963169980150286,0.21665258993233216,0.6219965552503044,0.06810336368311631,0.59656634131716,0.6474267691834488,0.1238888888888889,0.04168007447112185,0.10832529330083739,0.13945248447694042,0.03888888888888889,0.02601699022431412,0.029173985079154502,0.04860379269862328,0.08499999999999999,0.0359197701142069,0.07158733740841494,0.09841266259158504,30
1,new_real_evidence,4,flat,0.6669486576948291,0.024330763538944502,0.6578634012773771,0.6760339141122812,1.8503717077085944e-19,3.764008569389134e-19,4.448678090886153e-20,3.2558756063285736e-19,0.13570004906795344,0.057232803656121996,0.11432896895888607,0.15707112917702082,0.800974467434643,0.05734412197000526,0.779561820384038,0.8223871144852479,0.8552528505570781,0.13163579354213933,0.806099237431421,0.9044064636827353,0.8879343496910619,0.07731110280716529,0.8590659094633301,0.9168027899187937,0.2081421448669175,0.02279139046642902,0.19963169980150286,0.21665258993233216,0.6219965552503044,0.06810336368311631,0.59656634131716,0.6474267691834488,0.1238888888888889,0.04168007447112185,0.10832529330083739,0.13945248447694042,0.03888888888888889,0.02601699022431412,0.029173985079154502,0.04860379269862328,0.08499999999999999,0.0359197701142069,0.07158733740841494,0.09841266259158504,30
1,new_real_evidence,4,provenance,0.6669486576948291,0.024330763538944502,0.6578634012773771,0.6760339141122812,0.0,0.0,0.0,0.0,0.13570004906795344,0.057232803656121996,0.11432896895888607,0.15707112917702082,0.8009744674346432,0.057344121970005255,0.7795618203840382,0.8223871144852481,0.8552528505570781,0.13163579354213933,0.806099237431421,0.9044064636827353,0.8879343496910619,0.07731110280716529,0.8590659094633301,0.9168027899187937,0.2081421448669175,0.02279139046642902,0.19963169980150286,0.21665258993233216,0.6219965552503044,0.06810336368311631,0.59656634131716,0.6474267691834488,0.1238888888888889,0.04168007447112185,0.10832529330083739,0.13945248447694042,0.03888888888888889,0.02601699022431412,0.029173985079154502,0.04860379269862328,0.08499999999999999,0.0359197701142069,0.07158733740841494,0.09841266259158504,30
1,new_real_evidence,4,semantic_dedup,0.6669486576948291,0.024330763538944502,0.6578634012773771,0.6760339141122812,0.0,0.0,0.0,0.0,0.13570004906795344,0.057232803656121996,0.11432896895888607,0.15707112917702082,0.800974467434643,0.05734412197000526,0.779561820384038,0.8223871144852479,0.8552528505570781,0.13163579354213933,0.806099237431421,0.9044064636827353,0.8879343496910619,0.07731110280716529,0.8590659094633301,0.9168027899187937,0.2081421448669175,0.02279139046642902,0.19963169980150286,0.21665258993233216,0.6219965552503044,0.06810336368311631,0.59656634131716,0.6474267691834488,0.1238888888888889,0.04168007447112185,0.10832529330083739,0.13945248447694042,0.03888888888888889,0.02601699022431412,0.029173985079154502,0.04860379269862328,0.08499999999999999,0.0359197701142069,0.07158733740841494,0.09841266259158504,30
1,new_real_evidence,4,source_average,0.6669486576948291,0.024330763538944502,0.6578634012773771,0.6760339141122812,0.0,0.0,0.0,0.0,0.13570004906795344,0.057232803656121996,0.11432896895888607,0.15707112917702082,0.8009744674346432,0.057344121970005255,0.7795618203840382,0.8223871144852481,0.8552528505570781,0.13163579354213933,0.806099237431421,0.9044064636827353,0.8879343496910619,0.07731110280716529,0.8590659094633301,0.9168027899187937,0.2081421448669175,0.02279139046642902,0.19963169980150286,0.21665258993233216,0.6219965552503044,0.06810336368311631,0.59656634131716,0.6474267691834488,0.1238888888888889,0.04168007447112185,0.10832529330083739,0.13945248447694042,0.03888888888888889,0.02601699022431412,0.029173985079154502,0.04860379269862328,0.08499999999999999,0.0359197701142069,0.07158733740841494,0.09841266259158504,30
1,new_real_evidence,4,trajectory_average,0.5,0.0,0.5,0.5,0.31877010680360673,0.012226125517708429,0.3142047965065196,0.32333541710069386,0.5147522721154909,0.13762907707593697,0.4633607301389825,0.5661438140919993,0.9926377055113732,0.07375955840915809,0.965095433756826,1.0201799772659204,0.6523822042938121,0.14939397622298278,0.5965975767774567,0.7081668318101675,0.5088821266435243,0.13653697972554604,0.4578983805195891,0.5598658727674595,0.25,0.0,0.25,0.25,0.693147180559945,3.387607712450221e-16,0.6931471805599448,0.6931471805599451,0.0,0.0,0.0,0.0,0.0,0.0,0.0,0.0,0.0,0.0,0.0,0.0,30
1,new_real_evidence,8,belief_mixing,0.738912359783779,0.024718870336301255,0.7296821819064764,0.7481425376610816,0.0,0.0,0.0,0.0,0.13287510493551963,0.04968056067389713,0.11432407870230332,0.15142613116873593,0.8336102328647405,0.05426984550487647,0.8133455395123056,0.8538749262171753,0.9509479732043938,0.12179384279012397,0.9054694048872103,0.9964265415215774,0.9705642792912775,0.058470483933766415,0.9487310417711933,0.9923975168113618,0.16189960992025973,0.021829197439581498,0.1537484536358158,0.17005076620470366,0.48768625101622093,0.07429456793476112,0.4599442034215896,0.5154282986108523,0.16444444444444445,0.048092609681764556,0.14648636885656155,0.18240252003232735,0.04444444444444444,0.02914271046823724,0.033562377513840135,0.055326511375048744,0.12000000000000001,0.03997125403868745,0.10507448844803713,0.1349255115519629,30
1,new_real_evidence,8,exact_dedup,0.738912359783779,0.024718870336301255,0.7296821819064764,0.7481425376610816,0.0,0.0,0.0,0.0,0.13287510493551963,0.04968056067389713,0.11432407870230332,0.15142613116873593,0.8336102328647405,0.05426984550487647,0.8133455395123056,0.8538749262171753,0.9509479732043938,0.12179384279012397,0.9054694048872103,0.9964265415215774,0.9705642792912775,0.058470483933766415,0.9487310417711933,0.9923975168113618,0.16189960992025973,0.021829197439581498,0.1537484536358158,0.17005076620470366,0.48768625101622093,0.07429456793476112,0.4599442034215896,0.5154282986108523,0.16444444444444445,0.048092609681764556,0.14648636885656155,0.18240252003232735,0.04444444444444444,0.02914271046823724,0.033562377513840135,0.055326511375048744,0.12000000000000001,0.03997125403868745,0.10507448844803713,0.1349255115519629,30
1,new_real_evidence,8,flat,0.738912359783779,0.024718870336301255,0.7296821819064764,0.7481425376610816,4.317533984653386e-19,8.669938897473162e-19,1.0801255950191526e-19,7.55494237428762e-19,0.13287510493551963,0.04968056067389713,0.11432407870230332,0.15142613116873593,0.8336102328647405,0.05426984550487647,0.8133455395123056,0.8538749262171753,0.9509479732043938,0.12179384279012397,0.9054694048872103,0.9964265415215774,0.9705642792912775,0.058470483933766415,0.9487310417711933,0.9923975168113618,0.16189960992025973,0.021829197439581498,0.1537484536358158,0.17005076620470366,0.48768625101622093,0.07429456793476112,0.4599442034215896,0.5154282986108523,0.16444444444444445,0.048092609681764556,0.14648636885656155,0.18240252003232735,0.04444444444444444,0.02914271046823724,0.033562377513840135,0.055326511375048744,0.12000000000000001,0.03997125403868745,0.10507448844803713,0.1349255115519629,30
1,new_real_evidence,8,provenance,0.738912359783779,0.024718870336301255,0.7296821819064764,0.7481425376610816,0.0,0.0,0.0,0.0,0.13287510493551963,0.04968056067389713,0.11432407870230332,0.15142613116873593,0.8336102328647405,0.05426984550487647,0.8133455395123056,0.8538749262171753,0.9509479732043938,0.12179384279012397,0.9054694048872103,0.9964265415215774,0.9705642792912775,0.058470483933766415,0.9487310417711933,0.9923975168113618,0.16189960992025973,0.021829197439581498,0.1537484536358158,0.17005076620470366,0.48768625101622093,0.07429456793476112,0.4599442034215896,0.5154282986108523,0.16444444444444445,0.048092609681764556,0.14648636885656155,0.18240252003232735,0.04444444444444444,0.02914271046823724,0.033562377513840135,0.055326511375048744,0.12000000000000001,0.03997125403868745,0.10507448844803713,0.1349255115519629,30
1,new_real_evidence,8,semantic_dedup,0.738912359783779,0.024718870336301255,0.7296821819064764,0.7481425376610816,0.0,0.0,0.0,0.0,0.13287510493551963,0.04968056067389713,0.11432407870230332,0.15142613116873593,0.8336102328647405,0.05426984550487647,0.8133455395123056,0.8538749262171753,0.9509479732043938,0.12179384279012397,0.9054694048872103,0.9964265415215774,0.9705642792912775,0.058470483933766415,0.9487310417711933,0.9923975168113618,0.16189960992025973,0.021829197439581498,0.1537484536358158,0.17005076620470366,0.48768625101622093,0.07429456793476112,0.4599442034215896,0.5154282986108523,0.16444444444444445,0.048092609681764556,0.14648636885656155,0.18240252003232735,0.04444444444444444,0.02914271046823724,0.033562377513840135,0.055326511375048744,0.12000000000000001,0.03997125403868745,0.10507448844803713,0.1349255115519629,30
1,new_real_evidence,8,source_average,0.738912359783779,0.024718870336301255,0.7296821819064764,0.7481425376610816,0.0,0.0,0.0,0.0,0.13287510493551963,0.04968056067389713,0.11432407870230332,0.15142613116873593,0.8336102328647405,0.05426984550487647,0.8133455395123056,0.8538749262171753,0.9509479732043938,0.12179384279012397,0.9054694048872103,0.9964265415215774,0.9705642792912775,0.058470483933766415,0.9487310417711933,0.9923975168113618,0.16189960992025973,0.021829197439581498,0.1537484536358158,0.17005076620470366,0.48768625101622093,0.07429456793476112,0.4599442034215896,0.5154282986108523,0.16444444444444445,0.048092609681764556,0.14648636885656155,0.18240252003232735,0.04444444444444444,0.02914271046823724,0.033562377513840135,0.055326511375048744,0.12000000000000001,0.03997125403868745,0.10507448844803713,0.1349255115519629,30
1,new_real_evidence,8,trajectory_average,0.5,0.0,0.5,0.5,0.3561775220528337,0.013018740121821457,0.3513162445984867,0.3610387995071807,0.5637720803217617,0.15069394122893776,0.5075020378946119,0.6200421227489116,1.0458191443318612,0.06888638388929363,1.0200965458485247,1.0715417428151977,0.6523822042938121,0.14939397622298278,0.5965975767774567,0.7081668318101675,0.5396673039050356,0.14915422627185287,0.4839722004917195,0.5953624073183517,0.25,0.0,0.25,0.25,0.693147180559945,3.387607712450221e-16,0.6931471805599448,0.6931471805599451,0.0,0.0,0.0,0.0,0.0,0.0,0.0,0.0,0.0,0.0,0.0,0.0,30
1,new_real_evidence,16,belief_mixing,0.8036260920054874,0.01941727294723859,0.7963755631278815,0.8108766208830933,0.0,0.0,0.0,0.0,0.13416958519763797,0.04719323315687568,0.11654734232340476,0.1517918280718712,0.8584721259784275,0.056814118700537104,0.8372573854011438,0.8796868665557112,1.0214051909327297,0.12690842983295292,0.9740168044267704,1.0687935774386892,1.0349731663644732,0.05827725374697565,1.0132120821819435,1.056734250547003,0.12229879469948517,0.01933799213893338,0.11507786976222754,0.12951971963674277,0.36987268359479775,0.07143159493328693,0.3431996876882896,0.39654567950130587,0.20111111111111113,0.0454718415949168,0.18413164640987698,0.21809057581234528,0.052777777777777785,0.02440217522703628,0.04366585579775596,0.06188969975779961,0.14833333333333332,0.045559526973886495,0.13132112637348792,0.16534554029317872,30
1,new_real_evidence,16,exact_dedup,0.8036260920054874,0.01941727294723859,0.7963755631278815,0.8108766208830933,0.0,0.0,0.0,0.0,0.13416958519763797,0.04719323315687568,0.11654734232340476,0.1517918280718712,0.8584721259784275,0.05681411870053711,0.8372573854011438,0.8796868665557112,1.0214051909327297,0.12690842983295292,0.9740168044267704,1.0687935774386892,1.0349731663644732,0.05827725374697565,1.0132120821819435,1.056734250547003,0.12229879469948517,0.01933799213893338,0.11507786976222754,0.12951971963674277,0.36987268359479775,0.07143159493328693,0.3431996876882896,0.39654567950130587,0.20111111111111113,0.0454718415949168,0.18413164640987698,0.21809057581234528,0.052777777777777785,0.02440217522703628,0.04366585579775596,0.06188969975779961,0.14833333333333332,0.045559526973886495,0.13132112637348792,0.16534554029317872,30
1,new_real_evidence,16,flat,0.8036260920054874,0.01941727294723859,0.7963755631278815,0.8108766208830933,2.1587669923266927e-19,5.7922399800522615e-19,-4.0909618004360337e-22,4.3216249464538215e-19,0.13416958519763797,0.04719323315687568,0.11654734232340476,0.1517918280718712,0.8584721259784275,0.05681411870053711,0.8372573854011438,0.8796868665557112,1.0214051909327297,0.12690842983295292,0.9740168044267704,1.0687935774386892,1.0349731663644732,0.05827725374697565,1.0132120821819435,1.056734250547003,0.12229879469948517,0.01933799213893338,0.11507786976222754,0.12951971963674277,0.36987268359479775,0.07143159493328693,0.3431996876882896,0.39654567950130587,0.20111111111111113,0.0454718415949168,0.18413164640987698,0.21809057581234528,0.052777777777777785,0.02440217522703628,0.04366585579775596,0.06188969975779961,0.14833333333333332,0.045559526973886495,0.13132112637348792,0.16534554029317872,30
1,new_real_evidence,16,provenance,0.8036260920054874,0.01941727294723859,0.7963755631278815,0.8108766208830933,0.0,0.0,0.0,0.0,0.13416958519763797,0.04719323315687568,0.11654734232340476,0.1517918280718712,0.8584721259784275,0.056814118700537104,0.8372573854011438,0.8796868665557112,1.0214051909327297,0.12690842983295292,0.9740168044267704,1.0687935774386892,1.0349731663644732,0.05827725374697565,1.0132120821819435,1.056734250547003,0.12229879469948517,0.01933799213893338,0.11507786976222754,0.12951971963674277,0.36987268359479775,0.07143159493328693,0.3431996876882896,0.39654567950130587,0.20111111111111113,0.0454718415949168,0.18413164640987698,0.21809057581234528,0.052777777777777785,0.02440217522703628,0.04366585579775596,0.06188969975779961,0.14833333333333332,0.045559526973886495,0.13132112637348792,0.16534554029317872,30
1,new_real_evidence,16,semantic_dedup,0.8036260920054874,0.01941727294723859,0.7963755631278815,0.8108766208830933,0.0,0.0,0.0,0.0,0.13416958519763797,0.04719323315687568,0.11654734232340476,0.1517918280718712,0.8584721259784275,0.05681411870053711,0.8372573854011438,0.8796868665557112,1.0214051909327297,0.12690842983295292,0.9740168044267704,1.0687935774386892,1.0349731663644732,0.05827725374697565,1.0132120821819435,1.056734250547003,0.12229879469948517,0.01933799213893338,0.11507786976222754,0.12951971963674277,0.36987268359479775,0.07143159493328693,0.3431996876882896,0.39654567950130587,0.20111111111111113,0.0454718415949168,0.18413164640987698,0.21809057581234528,0.052777777777777785,0.02440217522703628,0.04366585579775596,0.06188969975779961,0.14833333333333332,0.045559526973886495,0.13132112637348792,0.16534554029317872,30
1,new_real_evidence,16,source_average,0.8036260920054874,0.01941727294723859,0.7963755631278815,0.8108766208830933,0.0,0.0,0.0,0.0,0.13416958519763797,0.04719323315687568,0.11654734232340476,0.1517918280718712,0.8584721259784275,0.056814118700537104,0.8372573854011438,0.8796868665557112,1.0214051909327297,0.12690842983295292,0.9740168044267704,1.0687935774386892,1.0349731663644732,0.05827725374697565,1.0132120821819435,1.056734250547003,0.12229879469948517,0.01933799213893338,0.11507786976222754,0.12951971963674277,0.36987268359479775,0.07143159493328693,0.3431996876882896,0.39654567950130587,0.20111111111111113,0.0454718415949168,0.18413164640987698,0.21809057581234528,0.052777777777777785,0.02440217522703628,0.04366585579775596,0.06188969975779961,0.14833333333333332,0.045559526973886495,0.13132112637348792,0.16534554029317872,30
1,new_real_evidence,16,trajectory_average,0.5,0.0,0.5,0.5,0.3928410729081051,0.010885626959564132,0.38877631299894444,0.39690583281726577,0.6021752190776285,0.1488910458772713,0.5465783888387236,0.6577720493165334,1.0938187358657898,0.07142925702613337,1.06714661294816,1.1204908587834197,0.6523822042938121,0.14939397622298278,0.5965975767774567,0.7081668318101675,0.5669675324844825,0.1569280666827678,0.5083696293555527,0.6255654356134123,0.25,0.0,0.25,0.25,0.693147180559945,3.387607712450221e-16,0.6931471805599448,0.6931471805599451,0.0,0.0,0.0,0.0,0.0,0.0,0.0,0.0,0.0,0.0,0.0,0.0,30
1,paraphrase_duplication,1,belief_mixing,0.5553997037702506,0.01928955712666418,0.5481968647638082,0.562602542776693,0.0,0.0,0.0,0.0,0.13910591771731912,0.03784225873853921,0.12497538607556075,0.1532364493590775,0.7737373943041974,0.05075166673940238,0.7547864104930027,0.7926883781153922,0.708460868915873,0.13278411416443175,0.658878465822886,0.75804327200886,0.7880414444871596,0.05806549655773716,0.7663594317385942,0.809723457235725,0.28591412493302754,0.02132755216184624,0.27795028607376565,0.2938779637922894,0.830751158581405,0.06675681067065542,0.8058237558065837,0.8556785613562263,0.0,0.0,0.0,0.0,0.0,0.0,0.0,0.0,0.0,0.0,0.0,0.0,30
1,paraphrase_duplication,1,exact_dedup,0.5553997037702506,0.01928955712666418,0.5481968647638082,0.562602542776693,0.0,0.0,0.0,0.0,0.13910591771731912,0.03784225873853921,0.12497538607556075,0.1532364493590775,0.7737373943041974,0.05075166673940239,0.7547864104930027,0.7926883781153922,0.708460868915873,0.13278411416443175,0.658878465822886,0.75804327200886,0.7880414444871596,0.05806549655773716,0.7663594317385942,0.809723457235725,0.28591412493302754,0.02132755216184624,0.27795028607376565,0.2938779637922894,0.830751158581405,0.06675681067065542,0.8058237558065837,0.8556785613562263,0.0,0.0,0.0,0.0,0.0,0.0,0.0,0.0,0.0,0.0,0.0,0.0,30
1,paraphrase_duplication,1,flat,0.5553997037702506,0.019289557126664178,0.5481968647638082,0.562602542776693,3.3923481307990885e-18,2.008451208380042e-18,2.6423801242107595e-18,4.142316137387417e-18,0.13910591771731912,0.03784225873853921,0.12497538607556075,0.1532364493590775,0.7737373943041974,0.05075166673940239,0.7547864104930027,0.7926883781153922,0.708460868915873,0.13278411416443175,0.658878465822886,0.75804327200886,0.7880414444871596,0.05806549655773716,0.7663594317385942,0.809723457235725,0.28591412493302754,0.02132755216184624,0.27795028607376565,0.2938779637922894,0.830751158581405,0.06675681067065542,0.8058237558065837,0.8556785613562263,0.0,0.0,0.0,0.0,0.0,0.0,0.0,0.0,0.0,0.0,0.0,0.0,30
1,paraphrase_duplication,1,provenance,0.5553997037702506,0.01928955712666418,0.5481968647638082,0.562602542776693,0.0,0.0,0.0,0.0,0.13910591771731912,0.03784225873853921,0.12497538607556075,0.1532364493590775,0.7737373943041974,0.05075166673940238,0.7547864104930027,0.7926883781153922,0.708460868915873,0.13278411416443175,0.658878465822886,0.75804327200886,0.7880414444871596,0.05806549655773716,0.7663594317385942,0.809723457235725,0.28591412493302754,0.02132755216184624,0.27795028607376565,0.2938779637922894,0.830751158581405,0.06675681067065542,0.8058237558065837,0.8556785613562263,0.0,0.0,0.0,0.0,0.0,0.0,0.0,0.0,0.0,0.0,0.0,0.0,30
1,paraphrase_duplication,1,semantic_dedup,0.5553997037702506,0.01928955712666418,0.5481968647638082,0.562602542776693,0.0,0.0,0.0,0.0,0.13910591771731912,0.03784225873853921,0.12497538607556075,0.1532364493590775,0.7737373943041974,0.05075166673940239,0.7547864104930027,0.7926883781153922,0.708460868915873,0.13278411416443175,0.658878465822886,0.75804327200886,0.7880414444871596,0.05806549655773716,0.7663594317385942,0.809723457235725,0.28591412493302754,0.02132755216184624,0.27795028607376565,0.2938779637922894,0.830751158581405,0.06675681067065542,0.8058237558065837,0.8556785613562263,0.0,0.0,0.0,0.0,0.0,0.0,0.0,0.0,0.0,0.0,0.0,0.0,30
1,paraphrase_duplication,1,source_average,0.5553997037702506,0.01928955712666418,0.5481968647638082,0.562602542776693,0.0,0.0,0.0,0.0,0.13910591771731912,0.03784225873853921,0.12497538607556075,0.1532364493590775,0.7737373943041974,0.05075166673940238,0.7547864104930027,0.7926883781153922,0.708460868915873,0.13278411416443175,0.658878465822886,0.75804327200886,0.7880414444871596,0.05806549655773716,0.7663594317385942,0.809723457235725,0.28591412493302754,0.02132755216184624,0.27795028607376565,0.2938779637922894,0.830751158581405,0.06675681067065542,0.8058237558065837,0.8556785613562263,0.0,0.0,0.0,0.0,0.0,0.0,0.0,0.0,0.0,0.0,0.0,0.0,30
1,paraphrase_duplication,1,trajectory_average,0.5,0.0,0.5,0.5,0.26955713662193154,0.008740403994002945,0.2662934161328258,0.27282085711103726,0.46221598281488496,0.09510226420831853,0.42670421373990863,0.4977277518898613,0.9212998352796592,0.06993007430162733,0.8951875163914816,0.9474121541678368,0.6523822042938121,0.14939397622298278,0.5965975767774567,0.7081668318101675,0.4649313793895937,0.10490923431832762,0.42575762749253676,0.5041051312866507,0.25,0.0,0.25,0.25,0.693147180559945,3.387607712450221e-16,0.6931471805599448,0.6931471805599451,0.0,0.0,0.0,0.0,0.0,0.0,0.0,0.0,0.0,0.0,0.0,0.0,30
1,paraphrase_duplication,2,belief_mixing,0.5553997037702506,0.01928955712666418,0.5481968647638082,0.562602542776693,0.0,0.0,0.0,0.0,0.13910591771731912,0.03784225873853921,0.12497538607556075,0.1532364493590775,0.7737373943041974,0.05075166673940238,0.7547864104930027,0.7926883781153922,0.708460868915873,0.13278411416443175,0.658878465822886,0.75804327200886,0.7880414444871596,0.05806549655773716,0.7663594317385942,0.809723457235725,0.28591412493302754,0.02132755216184624,0.27795028607376565,0.2938779637922894,0.830751158581405,0.06675681067065542,0.8058237558065837,0.8556785613562263,0.0,0.0,0.0,0.0,0.0,0.0,0.0,0.0,0.0,0.0,0.0,0.0,30
1,paraphrase_duplication,2,exact_dedup,0.5553997037702506,0.01928955712666418,0.5481968647638082,0.562602542776693,0.0,0.0,0.0,0.0,0.13910591771731912,0.03784225873853921,0.12497538607556075,0.1532364493590775,0.7737373943041974,0.05075166673940239,0.7547864104930027,0.7926883781153922,0.708460868915873,0.13278411416443175,0.658878465822886,0.75804327200886,0.7880414444871596,0.05806549655773716,0.7663594317385942,0.809723457235725,0.28591412493302754,0.02132755216184624,0.27795028607376565,0.2938779637922894,0.830751158581405,0.06675681067065542,0.8058237558065837,0.8556785613562263,0.0,0.0,0.0,0.0,0.0,0.0,0.0,0.0,0.0,0.0,0.0,0.0,30
1,paraphrase_duplication,2,flat,0.6624959872864874,0.01856415510410461,0.6555640178468856,0.6694279567260892,0.10709628351623682,0.00538269120817671,0.10508635358682976,0.10910621344564388,0.18953821887271946,0.048024727757492475,0.1716054908119347,0.2074709469335042,0.8374701094253486,0.055570500283824056,0.816719743596651,0.8582204752540462,0.8708421854809568,0.11086938426731718,0.8294428770169486,0.912241493944965,0.7376091433317594,0.06228717058844115,0.7143507315927369,0.760867555070782,0.19608988424244847,0.017326256749241566,0.1896201536452352,0.20255961483966173,0.5717660993356565,0.045833964308328444,0.5546514157909749,0.5888807828803381,0.0811111111111111,0.031783912812386544,0.06924280301678157,0.09297941920544064,0.015555555555555555,0.015740552925030814,0.00967793649738339,0.02143317461372772,0.06555555555555556,0.026957229261384233,0.05548956071935967,0.07562155039175146,30
1,paraphrase_duplication,2,provenance,0.5553997037702506,0.01928955712666418,0.5481968647638082,0.562602542776693,0.0,0.0,0.0,0.0,0.13910591771731912,0.03784225873853921,0.12497538607556075,0.1532364493590775,0.7737373943041974,0.05075166673940238,0.7547864104930027,0.7926883781153922,0.708460868915873,0.13278411416443175,0.658878465822886,0.75804327200886,0.7880414444871596,0.05806549655773716,0.7663594317385942,0.809723457235725,0.28591412493302754,0.02132755216184624,0.27795028607376565,0.2938779637922894,0.830751158581405,0.06675681067065542,0.8058237558065837,0.8556785613562263,0.0,0.0,0.0,0.0,0.0,0.0,0.0,0.0,0.0,0.0,0.0,0.0,30
1,paraphrase_duplication,2,semantic_dedup,0.5553997037702506,0.01928955712666418,0.5481968647638082,0.562602542776693,0.0,0.0,0.0,0.0,0.13910591771731912,0.03784225873853921,0.12497538607556075,0.1532364493590775,0.7737373943041974,0.05075166673940239,0.7547864104930027,0.7926883781153922,0.708460868915873,0.13278411416443175,0.658878465822886,0.75804327200886,0.7880414444871596,0.05806549655773716,0.7663594317385942,0.809723457235725,0.28591412493302754,0.02132755216184624,0.27795028607376565,0.2938779637922894,0.830751158581405,0.06675681067065542,0.8058237558065837,0.8556785613562263,0.0,0.0,0.0,0.0,0.0,0.0,0.0,0.0,0.0,0.0,0.0,0.0,30
1,paraphrase_duplication,2,source_average,0.5553997037702506,0.01928955712666418,0.5481968647638082,0.562602542776693,0.0,0.0,0.0,0.0,0.13910591771731912,0.03784225873853921,0.12497538607556075,0.1532364493590775,0.7737373943041974,0.05075166673940238,0.7547864104930027,0.7926883781153922,0.708460868915873,0.13278411416443175,0.658878465822886,0.75804327200886,0.7880414444871596,0.05806549655773716,0.7663594317385942,0.809723457235725,0.28591412493302754,0.02132755216184624,0.27795028607376565,0.2938779637922894,0.830751158581405,0.06675681067065542,0.8058237558065837,0.8556785613562263,0.0,0.0,0.0,0.0,0.0,0.0,0.0,0.0,0.0,0.0,0.0,0.0,30
1,paraphrase_duplication,2,trajectory_average,0.5,0.0,0.5,0.5,0.26955713662193154,0.008740403994002945,0.2662934161328258,0.27282085711103726,0.46221598281488496,0.09510226420831853,0.42670421373990863,0.4977277518898613,0.9212998352796592,0.06993007430162733,0.8951875163914816,0.9474121541678368,0.6523822042938121,0.14939397622298278,0.5965975767774567,0.7081668318101675,0.4649313793895937,0.10490923431832762,0.42575762749253676,0.5041051312866507,0.25,0.0,0.25,0.25,0.693147180559945,3.387607712450221e-16,0.6931471805599448,0.6931471805599451,0.0,0.0,0.0,0.0,0.0,0.0,0.0,0.0,0.0,0.0,0.0,0.0,30
1,paraphrase_duplication,4,belief_mixing,0.5553997037702506,0.01928955712666418,0.5481968647638082,0.562602542776693,0.0,0.0,0.0,0.0,0.13910591771731912,0.03784225873853921,0.12497538607556075,0.1532364493590775,0.7737373943041974,0.05075166673940238,0.7547864104930027,0.7926883781153922,0.708460868915873,0.13278411416443175,0.658878465822886,0.75804327200886,0.7880414444871596,0.05806549655773716,0.7663594317385942,0.809723457235725,0.28591412493302754,0.02132755216184624,0.27795028607376565,0.2938779637922894,0.830751158581405,0.06675681067065542,0.8058237558065837,0.8556785613562263,0.0,0.0,0.0,0.0,0.0,0.0,0.0,0.0,0.0,0.0,0.0,0.0,30
1,paraphrase_duplication,4,exact_dedup,0.5553997037702506,0.01928955712666418,0.5481968647638082,0.562602542776693,0.0,0.0,0.0,0.0,0.13910591771731912,0.03784225873853921,0.12497538607556075,0.1532364493590775,0.7737373943041974,0.05075166673940239,0.7547864104930027,0.7926883781153922,0.708460868915873,0.13278411416443175,0.658878465822886,0.75804327200886,0.7880414444871596,0.05806549655773716,0.7663594317385942,0.809723457235725,0.28591412493302754,0.02132755216184624,0.27795028607376565,0.2938779637922894,0.830751158581405,0.06675681067065542,0.8058237558065837,0.8556785613562263,0.0,0.0,0.0,0.0,0.0,0.0,0.0,0.0,0.0,0.0,0.0,0.0,30
1,paraphrase_duplication,4,flat,0.8024923106192973,0.010448817291562267,0.7985906581207638,0.8063939631178307,0.24709260684904655,0.014262351422714651,0.24176695730320427,0.2524182563948888,0.31283750574983743,0.07180172245708293,0.2860263019545608,0.33964870954511406,1.0339159279541152,0.06915306072578623,1.008093750703501,1.0597381052047294,1.0493980036618984,0.11220495418506307,1.0074999851945343,1.0912960221292625,0.6143098564546413,0.0734247689032807,0.586892597156111,0.6417271157531717,0.09915626214603862,0.007445858159970953,0.0963759330156751,0.10193659127640214,0.29987243478870695,0.017612088492892305,0.29329597286433423,0.3064488967130797,0.17833333333333334,0.04380162526070154,0.16197753766100878,0.1946891290056579,0.03555555555555556,0.025795145424255563,0.025923489955570915,0.04518762115554021,0.14277777777777775,0.040750463254150146,0.12756130472294264,0.15799425083261287,30
1,paraphrase_duplication,4,provenance,0.5553997037702506,0.01928955712666418,0.5481968647638082,0.562602542776693,0.0,0.0,0.0,0.0,0.13910591771731912,0.03784225873853921,0.12497538607556075,0.1532364493590775,0.7737373943041974,0.05075166673940238,0.7547864104930027,0.7926883781153922,0.708460868915873,0.13278411416443175,0.658878465822886,0.75804327200886,0.7880414444871596,0.05806549655773716,0.7663594317385942,0.809723457235725,0.28591412493302754,0.02132755216184624,0.27795028607376565,0.2938779637922894,0.830751158581405,0.06675681067065542,0.8058237558065837,0.8556785613562263,0.0,0.0,0.0,0.0,0.0,0.0,0.0,0.0,0.0,0.0,0.0,0.0,30
1,paraphrase_duplication,4,semantic_dedup,0.5553997037702506,0.01928955712666418,0.5481968647638082,0.562602542776693,0.0,0.0,0.0,0.0,0.13910591771731912,0.03784225873853921,0.12497538607556075,0.1532364493590775,0.7737373943041974,0.05075166673940239,0.7547864104930027,0.7926883781153922,0.708460868915873,0.13278411416443175,0.658878465822886,0.75804327200886,0.7880414444871596,0.05806549655773716,0.7663594317385942,0.809723457235725,0.28591412493302754,0.02132755216184624,0.27795028607376565,0.2938779637922894,0.830751158581405,0.06675681067065542,0.8058237558065837,0.8556785613562263,0.0,0.0,0.0,0.0,0.0,0.0,0.0,0.0,0.0,0.0,0.0,0.0,30
1,paraphrase_duplication,4,source_average,0.5553997037702506,0.01928955712666418,0.5481968647638082,0.562602542776693,0.0,0.0,0.0,0.0,0.13910591771731912,0.03784225873853921,0.12497538607556075,0.1532364493590775,0.7737373943041974,0.05075166673940238,0.7547864104930027,0.7926883781153922,0.708460868915873,0.13278411416443175,0.658878465822886,0.75804327200886,0.7880414444871596,0.05806549655773716,0.7663594317385942,0.809723457235725,0.28591412493302754,0.02132755216184624,0.27795028607376565,0.2938779637922894,0.830751158581405,0.06675681067065542,0.8058237558065837,0.8556785613562263,0.0,0.0,0.0,0.0,0.0,0.0,0.0,0.0,0.0,0.0,0.0,0.0,30
1,paraphrase_duplication,4,trajectory_average,0.5,0.0,0.5,0.5,0.26955713662193154,0.008740403994002945,0.2662934161328258,0.27282085711103726,0.46221598281488496,0.09510226420831853,0.42670421373990863,0.4977277518898613,0.9212998352796592,0.06993007430162733,0.8951875163914816,0.9474121541678368,0.6523822042938121,0.14939397622298278,0.5965975767774567,0.7081668318101675,0.4649313793895937,0.10490923431832762,0.42575762749253676,0.5041051312866507,0.25,0.0,0.25,0.25,0.693147180559945,3.387607712450221e-16,0.6931471805599448,0.6931471805599451,0.0,0.0,0.0,0.0,0.0,0.0,0.0,0.0,0.0,0.0,0.0,0.0,30
1,paraphrase_duplication,8,belief_mixing,0.5553997037702506,0.01928955712666418,0.5481968647638082,0.562602542776693,0.0,0.0,0.0,0.0,0.13910591771731912,0.03784225873853921,0.12497538607556075,0.1532364493590775,0.7737373943041974,0.05075166673940238,0.7547864104930027,0.7926883781153922,0.708460868915873,0.13278411416443175,0.658878465822886,0.75804327200886,0.7880414444871596,0.05806549655773716,0.7663594317385942,0.809723457235725,0.28591412493302754,0.02132755216184624,0.27795028607376565,0.2938779637922894,0.830751158581405,0.06675681067065542,0.8058237558065837,0.8556785613562263,0.0,0.0,0.0,0.0,0.0,0.0,0.0,0.0,0.0,0.0,0.0,0.0,30
1,paraphrase_duplication,8,exact_dedup,0.5553997037702506,0.01928955712666418,0.5481968647638082,0.562602542776693,0.0,0.0,0.0,0.0,0.13910591771731912,0.03784225873853921,0.12497538607556075,0.1532364493590775,0.7737373943041974,0.05075166673940239,0.7547864104930027,0.7926883781153922,0.708460868915873,0.13278411416443175,0.658878465822886,0.75804327200886,0.7880414444871596,0.05806549655773716,0.7663594317385942,0.809723457235725,0.28591412493302754,0.02132755216184624,0.27795028607376565,0.2938779637922894,0.830751158581405,0.06675681067065542,0.8058237558065837,0.8556785613562263,0.0,0.0,0.0,0.0,0.0,0.0,0.0,0.0,0.0,0.0,0.0,0.0,30
1,paraphrase_duplication,8,flat,0.9099840059315187,0.0031806548526281697,0.908796329890638,0.9111716819723995,0.3545843021612683,0.018793166084736204,0.3475668186161136,0.361601785706423,0.42710498512875367,0.07115917399887033,0.4005337128709381,0.45367625738656925,1.2229391166287369,0.08294107618452776,1.191968409792113,1.2539098234653607,1.1809727995416426,0.10654753509681435,1.141187296080043,1.220758303003242,0.5000423770757251,0.0731438961835795,0.47272999737437915,0.527354756777071,0.038112834377516676,0.0022788115908401554,0.03726191214498147,0.03896375661005188,0.12303547413342336,0.005405851915895919,0.1210168958536223,0.12505405241322443,0.25277777777777777,0.04290311042081135,0.23675749306063643,0.2687980624949191,0.05555555555555556,0.027796928264559793,0.04517601195854425,0.06593509915256687,0.19722222222222227,0.040134671124964605,0.18223568972739237,0.21220875471705217,30
1,paraphrase_duplication,8,provenance,0.5553997037702506,0.01928955712666418,0.5481968647638082,0.562602542776693,0.0,0.0,0.0,0.0,0.13910591771731912,0.03784225873853921,0.12497538607556075,0.1532364493590775,0.7737373943041974,0.05075166673940238,0.7547864104930027,0.7926883781153922,0.708460868915873,0.13278411416443175,0.658878465822886,0.75804327200886,0.7880414444871596,0.05806549655773716,0.7663594317385942,0.809723457235725,0.28591412493302754,0.02132755216184624,0.27795028607376565,0.2938779637922894,0.830751158581405,0.06675681067065542,0.8058237558065837,0.8556785613562263,0.0,0.0,0.0,0.0,0.0,0.0,0.0,0.0,0.0,0.0,0.0,0.0,30
1,paraphrase_duplication,8,semantic_dedup,0.5553997037702506,0.01928955712666418,0.5481968647638082,0.562602542776693,0.0,0.0,0.0,0.0,0.13910591771731912,0.03784225873853921,0.12497538607556075,0.1532364493590775,0.7737373943041974,0.05075166673940239,0.7547864104930027,0.7926883781153922,0.708460868915873,0.13278411416443175,0.658878465822886,0.75804327200886,0.7880414444871596,0.05806549655773716,0.7663594317385942,0.809723457235725,0.28591412493302754,0.02132755216184624,0.27795028607376565,0.2938779637922894,0.830751158581405,0.06675681067065542,0.8058237558065837,0.8556785613562263,0.0,0.0,0.0,0.0,0.0,0.0,0.0,0.0,0.0,0.0,0.0,0.0,30
1,paraphrase_duplication,8,source_average,0.5553997037702506,0.01928955712666418,0.5481968647638082,0.562602542776693,0.0,0.0,0.0,0.0,0.13910591771731912,0.03784225873853921,0.12497538607556075,0.1532364493590775,0.7737373943041974,0.05075166673940238,0.7547864104930027,0.7926883781153922,0.708460868915873,0.13278411416443175,0.658878465822886,0.75804327200886,0.7880414444871596,0.05806549655773716,0.7663594317385942,0.809723457235725,0.28591412493302754,0.02132755216184624,0.27795028607376565,0.2938779637922894,0.830751158581405,0.06675681067065542,0.8058237558065837,0.8556785613562263,0.0,0.0,0.0,0.0,0.0,0.0,0.0,0.0,0.0,0.0,0.0,0.0,30
1,paraphrase_duplication,8,trajectory_average,0.5,0.0,0.5,0.5,0.26955713662193154,0.008740403994002945,0.2662934161328258,0.27282085711103726,0.46221598281488496,0.09510226420831853,0.42670421373990863,0.4977277518898613,0.9212998352796592,0.06993007430162733,0.8951875163914816,0.9474121541678368,0.6523822042938121,0.14939397622298278,0.5965975767774567,0.7081668318101675,0.4649313793895937,0.10490923431832762,0.42575762749253676,0.5041051312866507,0.25,0.0,0.25,0.25,0.693147180559945,3.387607712450221e-16,0.6931471805599448,0.6931471805599451,0.0,0.0,0.0,0.0,0.0,0.0,0.0,0.0,0.0,0.0,0.0,0.0,30
1,paraphrase_duplication,16,belief_mixing,0.5553997037702506,0.01928955712666418,0.5481968647638082,0.562602542776693,0.0,0.0,0.0,0.0,0.13910591771731912,0.03784225873853921,0.12497538607556075,0.1532364493590775,0.7737373943041974,0.05075166673940238,0.7547864104930027,0.7926883781153922,0.708460868915873,0.13278411416443175,0.658878465822886,0.75804327200886,0.7880414444871596,0.05806549655773716,0.7663594317385942,0.809723457235725,0.28591412493302754,0.02132755216184624,0.27795028607376565,0.2938779637922894,0.830751158581405,0.06675681067065542,0.8058237558065837,0.8556785613562263,0.0,0.0,0.0,0.0,0.0,0.0,0.0,0.0,0.0,0.0,0.0,0.0,30
1,paraphrase_duplication,16,exact_dedup,0.5553997037702506,0.01928955712666418,0.5481968647638082,0.562602542776693,0.0,0.0,0.0,0.0,0.13910591771731912,0.03784225873853921,0.12497538607556075,0.1532364493590775,0.7737373943041974,0.05075166673940239,0.7547864104930027,0.7926883781153922,0.708460868915873,0.13278411416443175,0.658878465822886,0.75804327200886,0.7880414444871596,0.05806549655773716,0.7663594317385942,0.809723457235725,0.28591412493302754,0.02132755216184624,0.27795028607376565,0.2938779637922894,0.830751158581405,0.06675681067065542,0.8058237558065837,0.8556785613562263,0.0,0.0,0.0,0.0,0.0,0.0,0.0,0.0,0.0,0.0,0.0,0.0,30
1,paraphrase_duplication,16,flat,0.9756061728413227,0.001382292257187561,0.9750900164296956,0.9761223292529497,0.420206469071072,0.01938153285445532,0.41296928576343966,0.42744365237870435,0.497220208420175,0.07112331902957555,0.47066232462792734,0.5237780922124227,1.3509646667981374,0.08508981379864429,1.3191916081501196,1.3827377254461553,1.259742748192449,0.09918017265010212,1.222708263080173,1.296777233304725,0.4299271537843037,0.06287994931742998,0.40644739483013703,0.45340691273847034,0.0043225168183207395,0.0006225605266154616,0.004090048897179172,0.004554984739462307,0.026963795640752797,0.0017652123638266573,0.02630465451141865,0.027622936770086943,0.2972222222222222,0.0401346711249646,0.2822356897273923,0.3122087547170521,0.06611111111111112,0.02951826933911439,0.05508880819340735,0.07713341402881489,0.23111111111111113,0.0352150844260901,0.21796158247995448,0.24426063974226778,30
1,paraphrase_duplication,16,provenance,0.5553997037702506,0.01928955712666418,0.5481968647638082,0.562602542776693,0.0,0.0,0.0,0.0,0.13910591771731912,0.03784225873853921,0.12497538607556075,0.1532364493590775,0.7737373943041974,0.05075166673940238,0.7547864104930027,0.7926883781153922,0.708460868915873,0.13278411416443175,0.658878465822886,0.75804327200886,0.7880414444871596,0.05806549655773716,0.7663594317385942,0.809723457235725,0.28591412493302754,0.02132755216184624,0.27795028607376565,0.2938779637922894,0.830751158581405,0.06675681067065542,0.8058237558065837,0.8556785613562263,0.0,0.0,0.0,0.0,0.0,0.0,0.0,0.0,0.0,0.0,0.0,0.0,30
1,paraphrase_duplication,16,semantic_dedup,0.5553997037702506,0.01928955712666418,0.5481968647638082,0.562602542776693,0.0,0.0,0.0,0.0,0.13910591771731912,0.03784225873853921,0.12497538607556075,0.1532364493590775,0.7737373943041974,0.05075166673940239,0.7547864104930027,0.7926883781153922,0.708460868915873,0.13278411416443175,0.658878465822886,0.75804327200886,0.7880414444871596,0.05806549655773716,0.7663594317385942,0.809723457235725,0.28591412493302754,0.02132755216184624,0.27795028607376565,0.2938779637922894,0.830751158581405,0.06675681067065542,0.8058237558065837,0.8556785613562263,0.0,0.0,0.0,0.0,0.0,0.0,0.0,0.0,0.0,0.0,0.0,0.0,30
1,paraphrase_duplication,16,source_average,0.5553997037702506,0.01928955712666418,0.5481968647638082,0.562602542776693,0.0,0.0,0.0,0.0,0.13910591771731912,0.03784225873853921,0.12497538607556075,0.1532364493590775,0.7737373943041974,0.05075166673940238,0.7547864104930027,0.7926883781153922,0.708460868915873,0.13278411416443175,0.658878465822886,0.75804327200886,0.7880414444871596,0.05806549655773716,0.7663594317385942,0.809723457235725,0.28591412493302754,0.02132755216184624,0.27795028607376565,0.2938779637922894,0.830751158581405,0.06675681067065542,0.8058237558065837,0.8556785613562263,0.0,0.0,0.0,0.0,0.0,0.0,0.0,0.0,0.0,0.0,0.0,0.0,30
1,paraphrase_duplication,16,trajectory_average,0.5,0.0,0.5,0.5,0.26955713662193154,0.008740403994002945,0.2662934161328258,0.27282085711103726,0.46221598281488496,0.09510226420831853,0.42670421373990863,0.4977277518898613,0.9212998352796592,0.06993007430162733,0.8951875163914816,0.9474121541678368,0.6523822042938121,0.14939397622298278,0.5965975767774567,0.7081668318101675,0.4649313793895937,0.10490923431832762,0.42575762749253676,0.5041051312866507,0.25,0.0,0.25,0.25,0.693147180559945,3.387607712450221e-16,0.6931471805599448,0.6931471805599451,0.0,0.0,0.0,0.0,0.0,0.0,0.0,0.0,0.0,0.0,0.0,0.0,30
1,pure_duplication,1,belief_mixing,0.5553997037702506,0.01928955712666418,0.5481968647638082,0.562602542776693,0.0,0.0,0.0,0.0,0.13910591771731912,0.03784225873853921,0.12497538607556075,0.1532364493590775,0.7737373943041974,0.05075166673940238,0.7547864104930027,0.7926883781153922,0.708460868915873,0.13278411416443175,0.658878465822886,0.75804327200886,0.7880414444871596,0.05806549655773716,0.7663594317385942,0.809723457235725,0.28591412493302754,0.02132755216184624,0.27795028607376565,0.2938779637922894,0.830751158581405,0.06675681067065542,0.8058237558065837,0.8556785613562263,0.0,0.0,0.0,0.0,0.0,0.0,0.0,0.0,0.0,0.0,0.0,0.0,30
1,pure_duplication,1,exact_dedup,0.5553997037702506,0.01928955712666418,0.5481968647638082,0.562602542776693,0.0,0.0,0.0,0.0,0.13910591771731912,0.03784225873853921,0.12497538607556075,0.1532364493590775,0.7737373943041974,0.05075166673940239,0.7547864104930027,0.7926883781153922,0.708460868915873,0.13278411416443175,0.658878465822886,0.75804327200886,0.7880414444871596,0.05806549655773716,0.7663594317385942,0.809723457235725,0.28591412493302754,0.02132755216184624,0.27795028607376565,0.2938779637922894,0.830751158581405,0.06675681067065542,0.8058237558065837,0.8556785613562263,0.0,0.0,0.0,0.0,0.0,0.0,0.0,0.0,0.0,0.0,0.0,0.0,30
1,pure_duplication,1,flat,0.5553997037702506,0.019289557126664178,0.5481968647638082,0.562602542776693,3.3923481307990885e-18,2.008451208380042e-18,2.6423801242107595e-18,4.142316137387417e-18,0.13910591771731912,0.03784225873853921,0.12497538607556075,0.1532364493590775,0.7737373943041974,0.05075166673940239,0.7547864104930027,0.7926883781153922,0.708460868915873,0.13278411416443175,0.658878465822886,0.75804327200886,0.7880414444871596,0.05806549655773716,0.7663594317385942,0.809723457235725,0.28591412493302754,0.02132755216184624,0.27795028607376565,0.2938779637922894,0.830751158581405,0.06675681067065542,0.8058237558065837,0.8556785613562263,0.0,0.0,0.0,0.0,0.0,0.0,0.0,0.0,0.0,0.0,0.0,0.0,30
1,pure_duplication,1,provenance,0.5553997037702506,0.01928955712666418,0.5481968647638082,0.562602542776693,0.0,0.0,0.0,0.0,0.13910591771731912,0.03784225873853921,0.12497538607556075,0.1532364493590775,0.7737373943041974,0.05075166673940238,0.7547864104930027,0.7926883781153922,0.708460868915873,0.13278411416443175,0.658878465822886,0.75804327200886,0.7880414444871596,0.05806549655773716,0.7663594317385942,0.809723457235725,0.28591412493302754,0.02132755216184624,0.27795028607376565,0.2938779637922894,0.830751158581405,0.06675681067065542,0.8058237558065837,0.8556785613562263,0.0,0.0,0.0,0.0,0.0,0.0,0.0,0.0,0.0,0.0,0.0,0.0,30
1,pure_duplication,1,semantic_dedup,0.5553997037702506,0.01928955712666418,0.5481968647638082,0.562602542776693,0.0,0.0,0.0,0.0,0.13910591771731912,0.03784225873853921,0.12497538607556075,0.1532364493590775,0.7737373943041974,0.05075166673940239,0.7547864104930027,0.7926883781153922,0.708460868915873,0.13278411416443175,0.658878465822886,0.75804327200886,0.7880414444871596,0.05806549655773716,0.7663594317385942,0.809723457235725,0.28591412493302754,0.02132755216184624,0.27795028607376565,0.2938779637922894,0.830751158581405,0.06675681067065542,0.8058237558065837,0.8556785613562263,0.0,0.0,0.0,0.0,0.0,0.0,0.0,0.0,0.0,0.0,0.0,0.0,30
1,pure_duplication,1,source_average,0.5553997037702506,0.01928955712666418,0.5481968647638082,0.562602542776693,0.0,0.0,0.0,0.0,0.13910591771731912,0.03784225873853921,0.12497538607556075,0.1532364493590775,0.7737373943041974,0.05075166673940238,0.7547864104930027,0.7926883781153922,0.708460868915873,0.13278411416443175,0.658878465822886,0.75804327200886,0.7880414444871596,0.05806549655773716,0.7663594317385942,0.809723457235725,0.28591412493302754,0.02132755216184624,0.27795028607376565,0.2938779637922894,0.830751158581405,0.06675681067065542,0.8058237558065837,0.8556785613562263,0.0,0.0,0.0,0.0,0.0,0.0,0.0,0.0,0.0,0.0,0.0,0.0,30
1,pure_duplication,1,trajectory_average,0.5,0.0,0.5,0.5,0.26955713662193154,0.008740403994002945,0.2662934161328258,0.27282085711103726,0.46221598281488496,0.09510226420831853,0.42670421373990863,0.4977277518898613,0.9212998352796592,0.06993007430162733,0.8951875163914816,0.9474121541678368,0.6523822042938121,0.14939397622298278,0.5965975767774567,0.7081668318101675,0.4649313793895937,0.10490923431832762,0.42575762749253676,0.5041051312866507,0.25,0.0,0.25,0.25,0.693147180559945,3.387607712450221e-16,0.6931471805599448,0.6931471805599451,0.0,0.0,0.0,0.0,0.0,0.0,0.0,0.0,0.0,0.0,0.0,0.0,30
1,pure_duplication,2,belief_mixing,0.5553997037702506,0.01928955712666418,0.5481968647638082,0.562602542776693,0.0,0.0,0.0,0.0,0.13910591771731912,0.03784225873853921,0.12497538607556075,0.1532364493590775,0.7737373943041974,0.05075166673940238,0.7547864104930027,0.7926883781153922,0.708460868915873,0.13278411416443175,0.658878465822886,0.75804327200886,0.7880414444871596,0.05806549655773716,0.7663594317385942,0.809723457235725,0.28591412493302754,0.02132755216184624,0.27795028607376565,0.2938779637922894,0.830751158581405,0.06675681067065542,0.8058237558065837,0.8556785613562263,0.0,0.0,0.0,0.0,0.0,0.0,0.0,0.0,0.0,0.0,0.0,0.0,30
1,pure_duplication,2,exact_dedup,0.5553997037702506,0.01928955712666418,0.5481968647638082,0.562602542776693,0.0,0.0,0.0,0.0,0.13910591771731912,0.03784225873853921,0.12497538607556075,0.1532364493590775,0.7737373943041974,0.05075166673940239,0.7547864104930027,0.7926883781153922,0.708460868915873,0.13278411416443175,0.658878465822886,0.75804327200886,0.7880414444871596,0.05806549655773716,0.7663594317385942,0.809723457235725,0.28591412493302754,0.02132755216184624,0.27795028607376565,0.2938779637922894,0.830751158581405,0.06675681067065542,0.8058237558065837,0.8556785613562263,0.0,0.0,0.0,0.0,0.0,0.0,0.0,0.0,0.0,0.0,0.0,0.0,30
1,pure_duplication,2,flat,0.6624959872864874,0.01856415510410461,0.6555640178468856,0.6694279567260892,0.10709628351623682,0.00538269120817671,0.10508635358682976,0.10910621344564388,0.18953821887271946,0.048024727757492475,0.1716054908119347,0.2074709469335042,0.8374701094253486,0.055570500283824056,0.816719743596651,0.8582204752540462,0.8708421854809568,0.11086938426731718,0.8294428770169486,0.912241493944965,0.7376091433317594,0.06228717058844115,0.7143507315927369,0.760867555070782,0.19608988424244847,0.017326256749241566,0.1896201536452352,0.20255961483966173,0.5717660993356565,0.045833964308328444,0.5546514157909749,0.5888807828803381,0.0811111111111111,0.031783912812386544,0.06924280301678157,0.09297941920544064,0.015555555555555555,0.015740552925030814,0.00967793649738339,0.02143317461372772,0.06555555555555556,0.026957229261384233,0.05548956071935967,0.07562155039175146,30
1,pure_duplication,2,provenance,0.5553997037702506,0.01928955712666418,0.5481968647638082,0.562602542776693,0.0,0.0,0.0,0.0,0.13910591771731912,0.03784225873853921,0.12497538607556075,0.1532364493590775,0.7737373943041974,0.05075166673940238,0.7547864104930027,0.7926883781153922,0.708460868915873,0.13278411416443175,0.658878465822886,0.75804327200886,0.7880414444871596,0.05806549655773716,0.7663594317385942,0.809723457235725,0.28591412493302754,0.02132755216184624,0.27795028607376565,0.2938779637922894,0.830751158581405,0.06675681067065542,0.8058237558065837,0.8556785613562263,0.0,0.0,0.0,0.0,0.0,0.0,0.0,0.0,0.0,0.0,0.0,0.0,30
1,pure_duplication,2,semantic_dedup,0.5553997037702506,0.01928955712666418,0.5481968647638082,0.562602542776693,0.0,0.0,0.0,0.0,0.13910591771731912,0.03784225873853921,0.12497538607556075,0.1532364493590775,0.7737373943041974,0.05075166673940239,0.7547864104930027,0.7926883781153922,0.708460868915873,0.13278411416443175,0.658878465822886,0.75804327200886,0.7880414444871596,0.05806549655773716,0.7663594317385942,0.809723457235725,0.28591412493302754,0.02132755216184624,0.27795028607376565,0.2938779637922894,0.830751158581405,0.06675681067065542,0.8058237558065837,0.8556785613562263,0.0,0.0,0.0,0.0,0.0,0.0,0.0,0.0,0.0,0.0,0.0,0.0,30
1,pure_duplication,2,source_average,0.5553997037702506,0.01928955712666418,0.5481968647638082,0.562602542776693,0.0,0.0,0.0,0.0,0.13910591771731912,0.03784225873853921,0.12497538607556075,0.1532364493590775,0.7737373943041974,0.05075166673940238,0.7547864104930027,0.7926883781153922,0.708460868915873,0.13278411416443175,0.658878465822886,0.75804327200886,0.7880414444871596,0.05806549655773716,0.7663594317385942,0.809723457235725,0.28591412493302754,0.02132755216184624,0.27795028607376565,0.2938779637922894,0.830751158581405,0.06675681067065542,0.8058237558065837,0.8556785613562263,0.0,0.0,0.0,0.0,0.0,0.0,0.0,0.0,0.0,0.0,0.0,0.0,30
1,pure_duplication,2,trajectory_average,0.5,0.0,0.5,0.5,0.26955713662193154,0.008740403994002945,0.2662934161328258,0.27282085711103726,0.46221598281488496,0.09510226420831853,0.42670421373990863,0.4977277518898613,0.9212998352796592,0.06993007430162733,0.8951875163914816,0.9474121541678368,0.6523822042938121,0.14939397622298278,0.5965975767774567,0.7081668318101675,0.4649313793895937,0.10490923431832762,0.42575762749253676,0.5041051312866507,0.25,0.0,0.25,0.25,0.693147180559945,3.387607712450221e-16,0.6931471805599448,0.6931471805599451,0.0,0.0,0.0,0.0,0.0,0.0,0.0,0.0,0.0,0.0,0.0,0.0,30
1,pure_duplication,4,belief_mixing,0.5553997037702506,0.01928955712666418,0.5481968647638082,0.562602542776693,0.0,0.0,0.0,0.0,0.13910591771731912,0.03784225873853921,0.12497538607556075,0.1532364493590775,0.7737373943041974,0.05075166673940238,0.7547864104930027,0.7926883781153922,0.708460868915873,0.13278411416443175,0.658878465822886,0.75804327200886,0.7880414444871596,0.05806549655773716,0.7663594317385942,0.809723457235725,0.28591412493302754,0.02132755216184624,0.27795028607376565,0.2938779637922894,0.830751158581405,0.06675681067065542,0.8058237558065837,0.8556785613562263,0.0,0.0,0.0,0.0,0.0,0.0,0.0,0.0,0.0,0.0,0.0,0.0,30
1,pure_duplication,4,exact_dedup,0.5553997037702506,0.01928955712666418,0.5481968647638082,0.562602542776693,0.0,0.0,0.0,0.0,0.13910591771731912,0.03784225873853921,0.12497538607556075,0.1532364493590775,0.7737373943041974,0.05075166673940239,0.7547864104930027,0.7926883781153922,0.708460868915873,0.13278411416443175,0.658878465822886,0.75804327200886,0.7880414444871596,0.05806549655773716,0.7663594317385942,0.809723457235725,0.28591412493302754,0.02132755216184624,0.27795028607376565,0.2938779637922894,0.830751158581405,0.06675681067065542,0.8058237558065837,0.8556785613562263,0.0,0.0,0.0,0.0,0.0,0.0,0.0,0.0,0.0,0.0,0.0,0.0,30
1,pure_duplication,4,flat,0.8024923106192973,0.010448817291562267,0.7985906581207638,0.8063939631178307,0.24709260684904655,0.014262351422714651,0.24176695730320427,0.2524182563948888,0.31283750574983743,0.07180172245708293,0.2860263019545608,0.33964870954511406,1.0339159279541152,0.06915306072578623,1.008093750703501,1.0597381052047294,1.0493980036618984,0.11220495418506307,1.0074999851945343,1.0912960221292625,0.6143098564546413,0.0734247689032807,0.586892597156111,0.6417271157531717,0.09915626214603862,0.007445858159970953,0.0963759330156751,0.10193659127640214,0.29987243478870695,0.017612088492892305,0.29329597286433423,0.3064488967130797,0.17833333333333334,0.04380162526070154,0.16197753766100878,0.1946891290056579,0.03555555555555556,0.025795145424255563,0.025923489955570915,0.04518762115554021,0.14277777777777775,0.040750463254150146,0.12756130472294264,0.15799425083261287,30
1,pure_duplication,4,provenance,0.5553997037702506,0.01928955712666418,0.5481968647638082,0.562602542776693,0.0,0.0,0.0,0.0,0.13910591771731912,0.03784225873853921,0.12497538607556075,0.1532364493590775,0.7737373943041974,0.05075166673940238,0.7547864104930027,0.7926883781153922,0.708460868915873,0.13278411416443175,0.658878465822886,0.75804327200886,0.7880414444871596,0.05806549655773716,0.7663594317385942,0.809723457235725,0.28591412493302754,0.02132755216184624,0.27795028607376565,0.2938779637922894,0.830751158581405,0.06675681067065542,0.8058237558065837,0.8556785613562263,0.0,0.0,0.0,0.0,0.0,0.0,0.0,0.0,0.0,0.0,0.0,0.0,30
1,pure_duplication,4,semantic_dedup,0.5553997037702506,0.01928955712666418,0.5481968647638082,0.562602542776693,0.0,0.0,0.0,0.0,0.13910591771731912,0.03784225873853921,0.12497538607556075,0.1532364493590775,0.7737373943041974,0.05075166673940239,0.7547864104930027,0.7926883781153922,0.708460868915873,0.13278411416443175,0.658878465822886,0.75804327200886,0.7880414444871596,0.05806549655773716,0.7663594317385942,0.809723457235725,0.28591412493302754,0.02132755216184624,0.27795028607376565,0.2938779637922894,0.830751158581405,0.06675681067065542,0.8058237558065837,0.8556785613562263,0.0,0.0,0.0,0.0,0.0,0.0,0.0,0.0,0.0,0.0,0.0,0.0,30
1,pure_duplication,4,source_average,0.5553997037702506,0.01928955712666418,0.5481968647638082,0.562602542776693,0.0,0.0,0.0,0.0,0.13910591771731912,0.03784225873853921,0.12497538607556075,0.1532364493590775,0.7737373943041974,0.05075166673940238,0.7547864104930027,0.7926883781153922,0.708460868915873,0.13278411416443175,0.658878465822886,0.75804327200886,0.7880414444871596,0.05806549655773716,0.7663594317385942,0.809723457235725,0.28591412493302754,0.02132755216184624,0.27795028607376565,0.2938779637922894,0.830751158581405,0.06675681067065542,0.8058237558065837,0.8556785613562263,0.0,0.0,0.0,0.0,0.0,0.0,0.0,0.0,0.0,0.0,0.0,0.0,30
1,pure_duplication,4,trajectory_average,0.5,0.0,0.5,0.5,0.26955713662193154,0.008740403994002945,0.2662934161328258,0.27282085711103726,0.46221598281488496,0.09510226420831853,0.42670421373990863,0.4977277518898613,0.9212998352796592,0.06993007430162733,0.8951875163914816,0.9474121541678368,0.6523822042938121,0.14939397622298278,0.5965975767774567,0.7081668318101675,0.4649313793895937,0.10490923431832762,0.42575762749253676,0.5041051312866507,0.25,0.0,0.25,0.25,0.693147180559945,3.387607712450221e-16,0.6931471805599448,0.6931471805599451,0.0,0.0,0.0,0.0,0.0,0.0,0.0,0.0,0.0,0.0,0.0,0.0,30
1,pure_duplication,8,belief_mixing,0.5553997037702506,0.01928955712666418,0.5481968647638082,0.562602542776693,0.0,0.0,0.0,0.0,0.13910591771731912,0.03784225873853921,0.12497538607556075,0.1532364493590775,0.7737373943041974,0.05075166673940238,0.7547864104930027,0.7926883781153922,0.708460868915873,0.13278411416443175,0.658878465822886,0.75804327200886,0.7880414444871596,0.05806549655773716,0.7663594317385942,0.809723457235725,0.28591412493302754,0.02132755216184624,0.27795028607376565,0.2938779637922894,0.830751158581405,0.06675681067065542,0.8058237558065837,0.8556785613562263,0.0,0.0,0.0,0.0,0.0,0.0,0.0,0.0,0.0,0.0,0.0,0.0,30
1,pure_duplication,8,exact_dedup,0.5553997037702506,0.01928955712666418,0.5481968647638082,0.562602542776693,0.0,0.0,0.0,0.0,0.13910591771731912,0.03784225873853921,0.12497538607556075,0.1532364493590775,0.7737373943041974,0.05075166673940239,0.7547864104930027,0.7926883781153922,0.708460868915873,0.13278411416443175,0.658878465822886,0.75804327200886,0.7880414444871596,0.05806549655773716,0.7663594317385942,0.809723457235725,0.28591412493302754,0.02132755216184624,0.27795028607376565,0.2938779637922894,0.830751158581405,0.06675681067065542,0.8058237558065837,0.8556785613562263,0.0,0.0,0.0,0.0,0.0,0.0,0.0,0.0,0.0,0.0,0.0,0.0,30
1,pure_duplication,8,flat,0.9099840059315187,0.0031806548526281697,0.908796329890638,0.9111716819723995,0.3545843021612683,0.018793166084736204,0.3475668186161136,0.361601785706423,0.42710498512875367,0.07115917399887033,0.4005337128709381,0.45367625738656925,1.2229391166287369,0.08294107618452776,1.191968409792113,1.2539098234653607,1.1809727995416426,0.10654753509681435,1.141187296080043,1.220758303003242,0.5000423770757251,0.0731438961835795,0.47272999737437915,0.527354756777071,0.038112834377516676,0.0022788115908401554,0.03726191214498147,0.03896375661005188,0.12303547413342336,0.005405851915895919,0.1210168958536223,0.12505405241322443,0.25277777777777777,0.04290311042081135,0.23675749306063643,0.2687980624949191,0.05555555555555556,0.027796928264559793,0.04517601195854425,0.06593509915256687,0.19722222222222227,0.040134671124964605,0.18223568972739237,0.21220875471705217,30
1,pure_duplication,8,provenance,0.5553997037702506,0.01928955712666418,0.5481968647638082,0.562602542776693,0.0,0.0,0.0,0.0,0.13910591771731912,0.03784225873853921,0.12497538607556075,0.1532364493590775,0.7737373943041974,0.05075166673940238,0.7547864104930027,0.7926883781153922,0.708460868915873,0.13278411416443175,0.658878465822886,0.75804327200886,0.7880414444871596,0.05806549655773716,0.7663594317385942,0.809723457235725,0.28591412493302754,0.02132755216184624,0.27795028607376565,0.2938779637922894,0.830751158581405,0.06675681067065542,0.8058237558065837,0.8556785613562263,0.0,0.0,0.0,0.0,0.0,0.0,0.0,0.0,0.0,0.0,0.0,0.0,30
1,pure_duplication,8,semantic_dedup,0.5553997037702506,0.01928955712666418,0.5481968647638082,0.562602542776693,0.0,0.0,0.0,0.0,0.13910591771731912,0.03784225873853921,0.12497538607556075,0.1532364493590775,0.7737373943041974,0.05075166673940239,0.7547864104930027,0.7926883781153922,0.708460868915873,0.13278411416443175,0.658878465822886,0.75804327200886,0.7880414444871596,0.05806549655773716,0.7663594317385942,0.809723457235725,0.28591412493302754,0.02132755216184624,0.27795028607376565,0.2938779637922894,0.830751158581405,0.06675681067065542,0.8058237558065837,0.8556785613562263,0.0,0.0,0.0,0.0,0.0,0.0,0.0,0.0,0.0,0.0,0.0,0.0,30
1,pure_duplication,8,source_average,0.5553997037702506,0.01928955712666418,0.5481968647638082,0.562602542776693,0.0,0.0,0.0,0.0,0.13910591771731912,0.03784225873853921,0.12497538607556075,0.1532364493590775,0.7737373943041974,0.05075166673940238,0.7547864104930027,0.7926883781153922,0.708460868915873,0.13278411416443175,0.658878465822886,0.75804327200886,0.7880414444871596,0.05806549655773716,0.7663594317385942,0.809723457235725,0.28591412493302754,0.02132755216184624,0.27795028607376565,0.2938779637922894,0.830751158581405,0.06675681067065542,0.8058237558065837,0.8556785613562263,0.0,0.0,0.0,0.0,0.0,0.0,0.0,0.0,0.0,0.0,0.0,0.0,30
1,pure_duplication,8,trajectory_average,0.5,0.0,0.5,0.5,0.26955713662193154,0.008740403994002945,0.2662934161328258,0.27282085711103726,0.46221598281488496,0.09510226420831853,0.42670421373990863,0.4977277518898613,0.9212998352796592,0.06993007430162733,0.8951875163914816,0.9474121541678368,0.6523822042938121,0.14939397622298278,0.5965975767774567,0.7081668318101675,0.4649313793895937,0.10490923431832762,0.42575762749253676,0.5041051312866507,0.25,0.0,0.25,0.25,0.693147180559945,3.387607712450221e-16,0.6931471805599448,0.6931471805599451,0.0,0.0,0.0,0.0,0.0,0.0,0.0,0.0,0.0,0.0,0.0,0.0,30
1,pure_duplication,16,belief_mixing,0.5553997037702506,0.01928955712666418,0.5481968647638082,0.562602542776693,0.0,0.0,0.0,0.0,0.13910591771731912,0.03784225873853921,0.12497538607556075,0.1532364493590775,0.7737373943041974,0.05075166673940238,0.7547864104930027,0.7926883781153922,0.708460868915873,0.13278411416443175,0.658878465822886,0.75804327200886,0.7880414444871596,0.05806549655773716,0.7663594317385942,0.809723457235725,0.28591412493302754,0.02132755216184624,0.27795028607376565,0.2938779637922894,0.830751158581405,0.06675681067065542,0.8058237558065837,0.8556785613562263,0.0,0.0,0.0,0.0,0.0,0.0,0.0,0.0,0.0,0.0,0.0,0.0,30
1,pure_duplication,16,exact_dedup,0.5553997037702506,0.01928955712666418,0.5481968647638082,0.562602542776693,0.0,0.0,0.0,0.0,0.13910591771731912,0.03784225873853921,0.12497538607556075,0.1532364493590775,0.7737373943041974,0.05075166673940239,0.7547864104930027,0.7926883781153922,0.708460868915873,0.13278411416443175,0.658878465822886,0.75804327200886,0.7880414444871596,0.05806549655773716,0.7663594317385942,0.809723457235725,0.28591412493302754,0.02132755216184624,0.27795028607376565,0.2938779637922894,0.830751158581405,0.06675681067065542,0.8058237558065837,0.8556785613562263,0.0,0.0,0.0,0.0,0.0,0.0,0.0,0.0,0.0,0.0,0.0,0.0,30
1,pure_duplication,16,flat,0.9756061728413227,0.001382292257187561,0.9750900164296956,0.9761223292529497,0.420206469071072,0.01938153285445532,0.41296928576343966,0.42744365237870435,0.497220208420175,0.07112331902957555,0.47066232462792734,0.5237780922124227,1.3509646667981374,0.08508981379864429,1.3191916081501196,1.3827377254461553,1.259742748192449,0.09918017265010212,1.222708263080173,1.296777233304725,0.4299271537843037,0.06287994931742998,0.40644739483013703,0.45340691273847034,0.0043225168183207395,0.0006225605266154616,0.004090048897179172,0.004554984739462307,0.026963795640752797,0.0017652123638266573,0.02630465451141865,0.027622936770086943,0.2972222222222222,0.0401346711249646,0.2822356897273923,0.3122087547170521,0.06611111111111112,0.02951826933911439,0.05508880819340735,0.07713341402881489,0.23111111111111113,0.0352150844260901,0.21796158247995448,0.24426063974226778,30
1,pure_duplication,16,provenance,0.5553997037702506,0.01928955712666418,0.5481968647638082,0.562602542776693,0.0,0.0,0.0,0.0,0.13910591771731912,0.03784225873853921,0.12497538607556075,0.1532364493590775,0.7737373943041974,0.05075166673940238,0.7547864104930027,0.7926883781153922,0.708460868915873,0.13278411416443175,0.658878465822886,0.75804327200886,0.7880414444871596,0.05806549655773716,0.7663594317385942,0.809723457235725,0.28591412493302754,0.02132755216184624,0.27795028607376565,0.2938779637922894,0.830751158581405,0.06675681067065542,0.8058237558065837,0.8556785613562263,0.0,0.0,0.0,0.0,0.0,0.0,0.0,0.0,0.0,0.0,0.0,0.0,30
1,pure_duplication,16,semantic_dedup,0.5553997037702506,0.01928955712666418,0.5481968647638082,0.562602542776693,0.0,0.0,0.0,0.0,0.13910591771731912,0.03784225873853921,0.12497538607556075,0.1532364493590775,0.7737373943041974,0.05075166673940239,0.7547864104930027,0.7926883781153922,0.708460868915873,0.13278411416443175,0.658878465822886,0.75804327200886,0.7880414444871596,0.05806549655773716,0.7663594317385942,0.809723457235725,0.28591412493302754,0.02132755216184624,0.27795028607376565,0.2938779637922894,0.830751158581405,0.06675681067065542,0.8058237558065837,0.8556785613562263,0.0,0.0,0.0,0.0,0.0,0.0,0.0,0.0,0.0,0.0,0.0,0.0,30
1,pure_duplication,16,source_average,0.5553997037702506,0.01928955712666418,0.5481968647638082,0.562602542776693,0.0,0.0,0.0,0.0,0.13910591771731912,0.03784225873853921,0.12497538607556075,0.1532364493590775,0.7737373943041974,0.05075166673940238,0.7547864104930027,0.7926883781153922,0.708460868915873,0.13278411416443175,0.658878465822886,0.75804327200886,0.7880414444871596,0.05806549655773716,0.7663594317385942,0.809723457235725,0.28591412493302754,0.02132755216184624,0.27795028607376565,0.2938779637922894,0.830751158581405,0.06675681067065542,0.8058237558065837,0.8556785613562263,0.0,0.0,0.0,0.0,0.0,0.0,0.0,0.0,0.0,0.0,0.0,0.0,30
1,pure_duplication,16,trajectory_average,0.5,0.0,0.5,0.5,0.26955713662193154,0.008740403994002945,0.2662934161328258,0.27282085711103726,0.46221598281488496,0.09510226420831853,0.42670421373990863,0.4977277518898613,0.9212998352796592,0.06993007430162733,0.8951875163914816,0.9474121541678368,0.6523822042938121,0.14939397622298278,0.5965975767774567,0.7081668318101675,0.4649313793895937,0.10490923431832762,0.42575762749253676,0.5041051312866507,0.25,0.0,0.25,0.25,0.693147180559945,3.387607712450221e-16,0.6931471805599448,0.6931471805599451,0.0,0.0,0.0,0.0,0.0,0.0,0.0,0.0,0.0,0.0,0.0,0.0,30
1,selective_duplication,1,belief_mixing,0.5553997037702506,0.01928955712666418,0.5481968647638082,0.562602542776693,0.0,0.0,0.0,0.0,0.13910591771731912,0.03784225873853921,0.12497538607556075,0.1532364493590775,0.7737373943041974,0.05075166673940238,0.7547864104930027,0.7926883781153922,0.708460868915873,0.13278411416443175,0.658878465822886,0.75804327200886,0.7880414444871596,0.05806549655773716,0.7663594317385942,0.809723457235725,0.28591412493302754,0.02132755216184624,0.27795028607376565,0.2938779637922894,0.830751158581405,0.06675681067065542,0.8058237558065837,0.8556785613562263,0.0,0.0,0.0,0.0,0.0,0.0,0.0,0.0,0.0,0.0,0.0,0.0,30
1,selective_duplication,1,exact_dedup,0.5553997037702506,0.01928955712666418,0.5481968647638082,0.562602542776693,0.0,0.0,0.0,0.0,0.13910591771731912,0.03784225873853921,0.12497538607556075,0.1532364493590775,0.7737373943041974,0.05075166673940239,0.7547864104930027,0.7926883781153922,0.708460868915873,0.13278411416443175,0.658878465822886,0.75804327200886,0.7880414444871596,0.05806549655773716,0.7663594317385942,0.809723457235725,0.28591412493302754,0.02132755216184624,0.27795028607376565,0.2938779637922894,0.830751158581405,0.06675681067065542,0.8058237558065837,0.8556785613562263,0.0,0.0,0.0,0.0,0.0,0.0,0.0,0.0,0.0,0.0,0.0,0.0,30
1,selective_duplication,1,flat,0.5553997037702506,0.019289557126664178,0.5481968647638082,0.562602542776693,3.3923481307990885e-18,2.008451208380042e-18,2.6423801242107595e-18,4.142316137387417e-18,0.13910591771731912,0.03784225873853921,0.12497538607556075,0.1532364493590775,0.7737373943041974,0.05075166673940239,0.7547864104930027,0.7926883781153922,0.708460868915873,0.13278411416443175,0.658878465822886,0.75804327200886,0.7880414444871596,0.05806549655773716,0.7663594317385942,0.809723457235725,0.28591412493302754,0.02132755216184624,0.27795028607376565,0.2938779637922894,0.830751158581405,0.06675681067065542,0.8058237558065837,0.8556785613562263,0.0,0.0,0.0,0.0,0.0,0.0,0.0,0.0,0.0,0.0,0.0,0.0,30
1,selective_duplication,1,provenance,0.5553997037702506,0.01928955712666418,0.5481968647638082,0.562602542776693,0.0,0.0,0.0,0.0,0.13910591771731912,0.03784225873853921,0.12497538607556075,0.1532364493590775,0.7737373943041974,0.05075166673940238,0.7547864104930027,0.7926883781153922,0.708460868915873,0.13278411416443175,0.658878465822886,0.75804327200886,0.7880414444871596,0.05806549655773716,0.7663594317385942,0.809723457235725,0.28591412493302754,0.02132755216184624,0.27795028607376565,0.2938779637922894,0.830751158581405,0.06675681067065542,0.8058237558065837,0.8556785613562263,0.0,0.0,0.0,0.0,0.0,0.0,0.0,0.0,0.0,0.0,0.0,0.0,30
1,selective_duplication,1,semantic_dedup,0.5553997037702506,0.01928955712666418,0.5481968647638082,0.562602542776693,0.0,0.0,0.0,0.0,0.13910591771731912,0.03784225873853921,0.12497538607556075,0.1532364493590775,0.7737373943041974,0.05075166673940239,0.7547864104930027,0.7926883781153922,0.708460868915873,0.13278411416443175,0.658878465822886,0.75804327200886,0.7880414444871596,0.05806549655773716,0.7663594317385942,0.809723457235725,0.28591412493302754,0.02132755216184624,0.27795028607376565,0.2938779637922894,0.830751158581405,0.06675681067065542,0.8058237558065837,0.8556785613562263,0.0,0.0,0.0,0.0,0.0,0.0,0.0,0.0,0.0,0.0,0.0,0.0,30
1,selective_duplication,1,source_average,0.5553997037702506,0.01928955712666418,0.5481968647638082,0.562602542776693,0.0,0.0,0.0,0.0,0.13910591771731912,0.03784225873853921,0.12497538607556075,0.1532364493590775,0.7737373943041974,0.05075166673940238,0.7547864104930027,0.7926883781153922,0.708460868915873,0.13278411416443175,0.658878465822886,0.75804327200886,0.7880414444871596,0.05806549655773716,0.7663594317385942,0.809723457235725,0.28591412493302754,0.02132755216184624,0.27795028607376565,0.2938779637922894,0.830751158581405,0.06675681067065542,0.8058237558065837,0.8556785613562263,0.0,0.0,0.0,0.0,0.0,0.0,0.0,0.0,0.0,0.0,0.0,0.0,30
1,selective_duplication,1,trajectory_average,0.5,0.0,0.5,0.5,0.26955713662193154,0.008740403994002945,0.2662934161328258,0.27282085711103726,0.46221598281488496,0.09510226420831853,0.42670421373990863,0.4977277518898613,0.9212998352796592,0.06993007430162733,0.8951875163914816,0.9474121541678368,0.6523822042938121,0.14939397622298278,0.5965975767774567,0.7081668318101675,0.4649313793895937,0.10490923431832762,0.42575762749253676,0.5041051312866507,0.25,0.0,0.25,0.25,0.693147180559945,3.387607712450221e-16,0.6931471805599448,0.6931471805599451,0.0,0.0,0.0,0.0,0.0,0.0,0.0,0.0,0.0,0.0,0.0,0.0,30
1,selective_duplication,2,belief_mixing,0.5553997037702506,0.01928955712666418,0.5481968647638082,0.562602542776693,0.0,0.0,0.0,0.0,0.13910591771731912,0.03784225873853921,0.12497538607556075,0.1532364493590775,0.7737373943041974,0.05075166673940238,0.7547864104930027,0.7926883781153922,0.708460868915873,0.13278411416443175,0.658878465822886,0.75804327200886,0.7880414444871596,0.05806549655773716,0.7663594317385942,0.809723457235725,0.28591412493302754,0.02132755216184624,0.27795028607376565,0.2938779637922894,0.830751158581405,0.06675681067065542,0.8058237558065837,0.8556785613562263,0.0,0.0,0.0,0.0,0.0,0.0,0.0,0.0,0.0,0.0,0.0,0.0,30
1,selective_duplication,2,exact_dedup,0.5553997037702506,0.01928955712666418,0.5481968647638082,0.562602542776693,0.0,0.0,0.0,0.0,0.13910591771731912,0.03784225873853921,0.12497538607556075,0.1532364493590775,0.7737373943041974,0.05075166673940239,0.7547864104930027,0.7926883781153922,0.708460868915873,0.13278411416443175,0.658878465822886,0.75804327200886,0.7880414444871596,0.05806549655773716,0.7663594317385942,0.809723457235725,0.28591412493302754,0.02132755216184624,0.27795028607376565,0.2938779637922894,0.830751158581405,0.06675681067065542,0.8058237558065837,0.8556785613562263,0.0,0.0,0.0,0.0,0.0,0.0,0.0,0.0,0.0,0.0,0.0,0.0,30
1,selective_duplication,2,flat,0.569870103554678,0.019448531599464355,0.5626079025045042,0.5771323046048519,0.014470399784427398,0.000684226236688067,0.014214905508717174,0.014725894060137622,0.15713883116686475,0.04255667129823593,0.14124790894410616,0.17302975338962334,0.8046739855404932,0.0553082844642161,0.7840215327079922,0.8253264383729941,0.7701019319272336,0.12493411772193709,0.7234507656794035,0.8167530981750638,0.770008531037614,0.061020654899440474,0.7472230440291647,0.7927940180460633,0.27291303203299694,0.021031781831774215,0.2650596356300549,0.28076642843593896,0.7922448599697632,0.06412690599567744,0.7682994797396675,0.816190240199859,0.05722222222222222,0.02757203499318448,0.046926655152858064,0.06751778929158639,0.01944444444444445,0.016425457610876243,0.013311077773483223,0.02557781111540568,0.03777777777777779,0.02313268960204966,0.029139889520652162,0.04641566603490342,30
1,selective_duplication,2,provenance,0.5553997037702506,0.01928955712666418,0.5481968647638082,0.562602542776693,0.0,0.0,0.0,0.0,0.13910591771731912,0.03784225873853921,0.12497538607556075,0.1532364493590775,0.7737373943041974,0.05075166673940238,0.7547864104930027,0.7926883781153922,0.708460868915873,0.13278411416443175,0.658878465822886,0.75804327200886,0.7880414444871596,0.05806549655773716,0.7663594317385942,0.809723457235725,0.28591412493302754,0.02132755216184624,0.27795028607376565,0.2938779637922894,0.830751158581405,0.06675681067065542,0.8058237558065837,0.8556785613562263,0.0,0.0,0.0,0.0,0.0,0.0,0.0,0.0,0.0,0.0,0.0,0.0,30
1,selective_duplication,2,semantic_dedup,0.5553997037702506,0.01928955712666418,0.5481968647638082,0.562602542776693,0.0,0.0,0.0,0.0,0.13910591771731912,0.03784225873853921,0.12497538607556075,0.1532364493590775,0.7737373943041974,0.05075166673940239,0.7547864104930027,0.7926883781153922,0.708460868915873,0.13278411416443175,0.658878465822886,0.75804327200886,0.7880414444871596,0.05806549655773716,0.7663594317385942,0.809723457235725,0.28591412493302754,0.02132755216184624,0.27795028607376565,0.2938779637922894,0.830751158581405,0.06675681067065542,0.8058237558065837,0.8556785613562263,0.0,0.0,0.0,0.0,0.0,0.0,0.0,0.0,0.0,0.0,0.0,0.0,30
1,selective_duplication,2,source_average,0.5553997037702506,0.01928955712666418,0.5481968647638082,0.562602542776693,0.0,0.0,0.0,0.0,0.13910591771731912,0.03784225873853921,0.12497538607556075,0.1532364493590775,0.7737373943041974,0.05075166673940238,0.7547864104930027,0.7926883781153922,0.708460868915873,0.13278411416443175,0.658878465822886,0.75804327200886,0.7880414444871596,0.05806549655773716,0.7663594317385942,0.809723457235725,0.28591412493302754,0.02132755216184624,0.27795028607376565,0.2938779637922894,0.830751158581405,0.06675681067065542,0.8058237558065837,0.8556785613562263,0.0,0.0,0.0,0.0,0.0,0.0,0.0,0.0,0.0,0.0,0.0,0.0,30
1,selective_duplication,2,trajectory_average,0.5555555555555556,0.0,0.5555555555555556,0.5555555555555556,0.26274327147473314,0.010268599572385908,0.25890891337849264,0.26657762957097364,0.4539376576593105,0.09262315332883515,0.419351603800437,0.48852371151818397,0.9383984488576101,0.07447494206574165,0.9105890484555582,0.9662078492596621,0.8059666936392418,0.1656306713947422,0.7441191845050807,0.8678142027734028,0.47320970454516825,0.09115937017615149,0.43917023629838997,0.5072491727919465,0.1975308641975308,0.0,0.1975308641975308,0.1975308641975308,0.5877866649021188,1.1292025708167404e-16,0.5877866649021188,0.5877866649021188,0.07888888888888891,0.04397259102185096,0.06246925355217564,0.09530852422560218,0.014444444444444446,0.013655120812111435,0.009345538535028786,0.019543350353860105,0.06444444444444444,0.04052654712298306,0.049311583047106256,0.07957730584178263,30
1,selective_duplication,4,belief_mixing,0.5553997037702506,0.01928955712666418,0.5481968647638082,0.562602542776693,0.0,0.0,0.0,0.0,0.13910591771731912,0.03784225873853921,0.12497538607556075,0.1532364493590775,0.7737373943041974,0.05075166673940238,0.7547864104930027,0.7926883781153922,0.708460868915873,0.13278411416443175,0.658878465822886,0.75804327200886,0.7880414444871596,0.05806549655773716,0.7663594317385942,0.809723457235725,0.28591412493302754,0.02132755216184624,0.27795028607376565,0.2938779637922894,0.830751158581405,0.06675681067065542,0.8058237558065837,0.8556785613562263,0.0,0.0,0.0,0.0,0.0,0.0,0.0,0.0,0.0,0.0,0.0,0.0,30
1,selective_duplication,4,exact_dedup,0.5553997037702506,0.01928955712666418,0.5481968647638082,0.562602542776693,0.0,0.0,0.0,0.0,0.13910591771731912,0.03784225873853921,0.12497538607556075,0.1532364493590775,0.7737373943041974,0.05075166673940239,0.7547864104930027,0.7926883781153922,0.708460868915873,0.13278411416443175,0.658878465822886,0.75804327200886,0.7880414444871596,0.05806549655773716,0.7663594317385942,0.809723457235725,0.28591412493302754,0.02132755216184624,0.27795028607376565,0.2938779637922894,0.830751158581405,0.06675681067065542,0.8058237558065837,0.8556785613562263,0.0,0.0,0.0,0.0,0.0,0.0,0.0,0.0,0.0,0.0,0.0,0.0,30
1,selective_duplication,4,flat,0.5980233364611472,0.019542121236718005,0.5907261884660859,0.6053204844562086,0.04262363269089654,0.0020169655703460277,0.041870485369299534,0.04337678001249355,0.19977582854135437,0.047026872584168725,0.18221570572588452,0.2173359513568242,0.9020369327660069,0.059364810909410454,0.8798697480649489,0.924204117467065,0.8459565619871656,0.10963655209394498,0.8050176006222874,0.8868955233520438,0.7273715336631242,0.0620689348103108,0.7041946125029157,0.7505484548233328,0.24835693332850717,0.020222583506874576,0.24080569654593706,0.25590817011107725,0.7207447798445159,0.058820121157604946,0.6987809856394113,0.7427085740496205,0.1227777777777778,0.04863723983060427,0.10461633395005468,0.14093922160550093,0.043888888888888894,0.0281904216407999,0.033362412450415865,0.05441536532736192,0.07888888888888888,0.03660217246795881,0.0652214130706747,0.09255636470710307,30
1,selective_duplication,4,provenance,0.5553997037702506,0.01928955712666418,0.5481968647638082,0.562602542776693,0.0,0.0,0.0,0.0,0.13910591771731912,0.03784225873853921,0.12497538607556075,0.1532364493590775,0.7737373943041974,0.05075166673940238,0.7547864104930027,0.7926883781153922,0.708460868915873,0.13278411416443175,0.658878465822886,0.75804327200886,0.7880414444871596,0.05806549655773716,0.7663594317385942,0.809723457235725,0.28591412493302754,0.02132755216184624,0.27795028607376565,0.2938779637922894,0.830751158581405,0.06675681067065542,0.8058237558065837,0.8556785613562263,0.0,0.0,0.0,0.0,0.0,0.0,0.0,0.0,0.0,0.0,0.0,0.0,30
1,selective_duplication,4,semantic_dedup,0.5553997037702506,0.01928955712666418,0.5481968647638082,0.562602542776693,0.0,0.0,0.0,0.0,0.13910591771731912,0.03784225873853921,0.12497538607556075,0.1532364493590775,0.7737373943041974,0.05075166673940239,0.7547864104930027,0.7926883781153922,0.708460868915873,0.13278411416443175,0.658878465822886,0.75804327200886,0.7880414444871596,0.05806549655773716,0.7663594317385942,0.809723457235725,0.28591412493302754,0.02132755216184624,0.27795028607376565,0.2938779637922894,0.830751158581405,0.06675681067065542,0.8058237558065837,0.8556785613562263,0.0,0.0,0.0,0.0,0.0,0.0,0.0,0.0,0.0,0.0,0.0,0.0,30
1,selective_duplication,4,source_average,0.5553997037702506,0.01928955712666418,0.5481968647638082,0.562602542776693,0.0,0.0,0.0,0.0,0.13910591771731912,0.03784225873853921,0.12497538607556075,0.1532364493590775,0.7737373943041974,0.05075166673940238,0.7547864104930027,0.7926883781153922,0.708460868915873,0.13278411416443175,0.658878465822886,0.75804327200886,0.7880414444871596,0.05806549655773716,0.7663594317385942,0.809723457235725,0.28591412493302754,0.02132755216184624,0.27795028607376565,0.2938779637922894,0.830751158581405,0.06675681067065542,0.8058237558065837,0.8556785613562263,0.0,0.0,0.0,0.0,0.0,0.0,0.0,0.0,0.0,0.0,0.0,0.0,30
1,selective_duplication,4,trajectory_average,0.6363636363636365,1.1292025708167404e-16,0.6363636363636365,0.6363636363636365,0.2612783296589141,0.01348141876203729,0.2562442851609636,0.26631237415686465,0.46078909113189215,0.08332941563717858,0.4296733759605033,0.491904806303281,1.0146456423322303,0.07703764543453945,0.9858793127655787,1.043411971898882,0.910603951670123,0.15016550102605355,0.8545312320576398,0.9666766712826061,0.4663582710725864,0.08737368379494334,0.43373240135239277,0.49898414079278,0.1322314049586777,0.0,0.1322314049586777,0.1322314049586777,0.4519851237430572,0.0,0.4519851237430572,0.4519851237430572,0.1527777777777778,0.05105840194017579,0.13371225716025448,0.1718432983953011,0.03722222222222223,0.020845781721516188,0.02943827940188826,0.04500616504255621,0.11555555555555556,0.04219398127925505,0.09980006401162535,0.1313110470994858,30
1,selective_duplication,8,belief_mixing,0.5553997037702506,0.01928955712666418,0.5481968647638082,0.562602542776693,0.0,0.0,0.0,0.0,0.13910591771731912,0.03784225873853921,0.12497538607556075,0.1532364493590775,0.7737373943041974,0.05075166673940238,0.7547864104930027,0.7926883781153922,0.708460868915873,0.13278411416443175,0.658878465822886,0.75804327200886,0.7880414444871596,0.05806549655773716,0.7663594317385942,0.809723457235725,0.28591412493302754,0.02132755216184624,0.27795028607376565,0.2938779637922894,0.830751158581405,0.06675681067065542,0.8058237558065837,0.8556785613562263,0.0,0.0,0.0,0.0,0.0,0.0,0.0,0.0,0.0,0.0,0.0,0.0,30
1,selective_duplication,8,exact_dedup,0.5553997037702506,0.01928955712666418,0.5481968647638082,0.562602542776693,0.0,0.0,0.0,0.0,0.13910591771731912,0.03784225873853921,0.12497538607556075,0.1532364493590775,0.7737373943041974,0.05075166673940239,0.7547864104930027,0.7926883781153922,0.708460868915873,0.13278411416443175,0.658878465822886,0.75804327200886,0.7880414444871596,0.05806549655773716,0.7663594317385942,0.809723457235725,0.28591412493302754,0.02132755216184624,0.27795028607376565,0.2938779637922894,0.830751158581405,0.06675681067065542,0.8058237558065837,0.8556785613562263,0.0,0.0,0.0,0.0,0.0,0.0,0.0,0.0,0.0,0.0,0.0,0.0,30
1,selective_duplication,8,flat,0.650372122364643,0.01888088260308457,0.643321884933242,0.657422359796044,0.0949724185943923,0.004697642542089369,0.09321829004088021,0.0967265471479044,0.2824737018710631,0.07096509046440473,0.2559749015960606,0.30897250214606553,1.0544193146304037,0.06384148076588586,1.0305805139326978,1.0782581153281097,0.9395717579587449,0.0981846835936926,0.9029089945692078,0.976234521348282,0.6446736603334157,0.08009252957948401,0.6147666182799567,0.6745807023868746,0.2054791088625186,0.017974030590412672,0.1987674955377807,0.21219072218725651,0.5983925854238306,0.04835362542315001,0.5803370449563239,0.6164481258913372,0.19111111111111115,0.04946714791516479,0.17263977451166798,0.20958244771055431,0.062222222222222213,0.029010941697684724,0.051389358559175286,0.07305508588526914,0.1288888888888889,0.03961822922400073,0.11409519896915792,0.14368257880861984,30
1,selective_duplication,8,provenance,0.5553997037702506,0.01928955712666418,0.5481968647638082,0.562602542776693,0.0,0.0,0.0,0.0,0.13910591771731912,0.03784225873853921,0.12497538607556075,0.1532364493590775,0.7737373943041974,0.05075166673940238,0.7547864104930027,0.7926883781153922,0.708460868915873,0.13278411416443175,0.658878465822886,0.75804327200886,0.7880414444871596,0.05806549655773716,0.7663594317385942,0.809723457235725,0.28591412493302754,0.02132755216184624,0.27795028607376565,0.2938779637922894,0.830751158581405,0.06675681067065542,0.8058237558065837,0.8556785613562263,0.0,0.0,0.0,0.0,0.0,0.0,0.0,0.0,0.0,0.0,0.0,0.0,30
1,selective_duplication,8,semantic_dedup,0.5553997037702506,0.01928955712666418,0.5481968647638082,0.562602542776693,0.0,0.0,0.0,0.0,0.13910591771731912,0.03784225873853921,0.12497538607556075,0.1532364493590775,0.7737373943041974,0.05075166673940239,0.7547864104930027,0.7926883781153922,0.708460868915873,0.13278411416443175,0.658878465822886,0.75804327200886,0.7880414444871596,0.05806549655773716,0.7663594317385942,0.809723457235725,0.28591412493302754,0.02132755216184624,0.27795028607376565,0.2938779637922894,0.830751158581405,0.06675681067065542,0.8058237558065837,0.8556785613562263,0.0,0.0,0.0,0.0,0.0,0.0,0.0,0.0,0.0,0.0,0.0,0.0,30
1,selective_duplication,8,source_average,0.5553997037702506,0.01928955712666418,0.5481968647638082,0.562602542776693,0.0,0.0,0.0,0.0,0.13910591771731912,0.03784225873853921,0.12497538607556075,0.1532364493590775,0.7737373943041974,0.05075166673940238,0.7547864104930027,0.7926883781153922,0.708460868915873,0.13278411416443175,0.658878465822886,0.75804327200886,0.7880414444871596,0.05806549655773716,0.7663594317385942,0.809723457235725,0.28591412493302754,0.02132755216184624,0.27795028607376565,0.2938779637922894,0.830751158581405,0.06675681067065542,0.8058237558065837,0.8556785613562263,0.0,0.0,0.0,0.0,0.0,0.0,0.0,0.0,0.0,0.0,0.0,0.0,30
1,selective_duplication,8,trajectory_average,0.7333333333333335,2.2584051416334807e-16,0.7333333333333334,0.7333333333333336,0.28111623163635097,0.015549895284619076,0.27530980531112836,0.28692265796157357,0.48120934917776853,0.08164581875614317,0.4507222994135851,0.511696398941952,1.1231729613275914,0.0784772403135606,1.0938690781986677,1.152476844456515,0.9881585180939637,0.1339173619214639,0.9381529533340336,1.0381640828538938,0.44593801302671016,0.08980946304587974,0.41240260838642884,0.4794734176669915,0.0711111111111111,0.0,0.0711111111111111,0.0711111111111111,0.31015492830383967,5.646012854083702e-17,0.31015492830383967,0.31015492830383967,0.22500000000000003,0.05004786980512408,0.2063118182830963,0.24368818171690376,0.06666666666666668,0.031562138431599954,0.054881170487098584,0.07845216284623477,0.15833333333333335,0.041465029350090075,0.14285003691315498,0.17381662975351173,30
1,selective_duplication,16,belief_mixing,0.5553997037702506,0.01928955712666418,0.5481968647638082,0.562602542776693,0.0,0.0,0.0,0.0,0.13910591771731912,0.03784225873853921,0.12497538607556075,0.1532364493590775,0.7737373943041974,0.05075166673940238,0.7547864104930027,0.7926883781153922,0.708460868915873,0.13278411416443175,0.658878465822886,0.75804327200886,0.7880414444871596,0.05806549655773716,0.7663594317385942,0.809723457235725,0.28591412493302754,0.02132755216184624,0.27795028607376565,0.2938779637922894,0.830751158581405,0.06675681067065542,0.8058237558065837,0.8556785613562263,0.0,0.0,0.0,0.0,0.0,0.0,0.0,0.0,0.0,0.0,0.0,0.0,30
1,selective_duplication,16,exact_dedup,0.5553997037702506,0.01928955712666418,0.5481968647638082,0.562602542776693,0.0,0.0,0.0,0.0,0.13910591771731912,0.03784225873853921,0.12497538607556075,0.1532364493590775,0.7737373943041974,0.05075166673940239,0.7547864104930027,0.7926883781153922,0.708460868915873,0.13278411416443175,0.658878465822886,0.75804327200886,0.7880414444871596,0.05806549655773716,0.7663594317385942,0.809723457235725,0.28591412493302754,0.02132755216184624,0.27795028607376565,0.2938779637922894,0.830751158581405,0.06675681067065542,0.8058237558065837,0.8556785613562263,0.0,0.0,0.0,0.0,0.0,0.0,0.0,0.0,0.0,0.0,0.0,0.0,30
1,selective_duplication,16,flat,0.7355208787844333,0.015306584864156812,0.7298053060633485,0.7412364515055181,0.18012117501418246,0.009973497498738115,0.17639700984321208,0.18384534018515283,0.38586442877949956,0.07158604354435451,0.35913376081380505,0.41259509674519407,1.2372585968536458,0.07293551635118686,1.2100240274604919,1.2644931662467997,1.05209773991391,0.1055747553327706,1.0126754783859184,1.0915200014419015,0.5412829334249791,0.07258710215359142,0.514178464031341,0.5683874028186172,0.14327242126238043,0.012452165084645151,0.138622706403849,0.14792213612091187,0.4223202834483309,0.030322076409584675,0.410997834037744,0.4336427328589178,0.2594444444444444,0.05336983903881829,0.23951581902955765,0.2793730698593312,0.08000000000000003,0.025671069931298633,0.07041426495050679,0.08958573504949327,0.17944444444444446,0.048082650213943326,0.16149008778296486,0.19739880110592406,30
1,selective_duplication,16,provenance,0.5553997037702506,0.01928955712666418,0.5481968647638082,0.562602542776693,0.0,0.0,0.0,0.0,0.13910591771731912,0.03784225873853921,0.12497538607556075,0.1532364493590775,0.7737373943041974,0.05075166673940238,0.7547864104930027,0.7926883781153922,0.708460868915873,0.13278411416443175,0.658878465822886,0.75804327200886,0.7880414444871596,0.05806549655773716,0.7663594317385942,0.809723457235725,0.28591412493302754,0.02132755216184624,0.27795028607376565,0.2938779637922894,0.830751158581405,0.06675681067065542,0.8058237558065837,0.8556785613562263,0.0,0.0,0.0,0.0,0.0,0.0,0.0,0.0,0.0,0.0,0.0,0.0,30
1,selective_duplication,16,semantic_dedup,0.5553997037702506,0.01928955712666418,0.5481968647638082,0.562602542776693,0.0,0.0,0.0,0.0,0.13910591771731912,0.03784225873853921,0.12497538607556075,0.1532364493590775,0.7737373943041974,0.05075166673940239,0.7547864104930027,0.7926883781153922,0.708460868915873,0.13278411416443175,0.658878465822886,0.75804327200886,0.7880414444871596,0.05806549655773716,0.7663594317385942,0.809723457235725,0.28591412493302754,0.02132755216184624,0.27795028607376565,0.2938779637922894,0.830751158581405,0.06675681067065542,0.8058237558065837,0.8556785613562263,0.0,0.0,0.0,0.0,0.0,0.0,0.0,0.0,0.0,0.0,0.0,0.0,30
1,selective_duplication,16,source_average,0.5553997037702506,0.01928955712666418,0.5481968647638082,0.562602542776693,0.0,0.0,0.0,0.0,0.13910591771731912,0.03784225873853921,0.12497538607556075,0.1532364493590775,0.7737373943041974,0.05075166673940238,0.7547864104930027,0.7926883781153922,0.708460868915873,0.13278411416443175,0.658878465822886,0.75804327200886,0.7880414444871596,0.05806549655773716,0.7663594317385942,0.809723457235725,0.28591412493302754,0.02132755216184624,0.27795028607376565,0.2938779637922894,0.830751158581405,0.06675681067065542,0.8058237558065837,0.8556785613562263,0.0,0.0,0.0,0.0,0.0,0.0,0.0,0.0,0.0,0.0,0.0,0.0,30
1,selective_duplication,16,trajectory_average,0.8260869565217389,2.2584051416334807e-16,0.8260869565217388,0.826086956521739,0.3141959024809454,0.01782778301845675,0.3075388988970618,0.320852906064829,0.4921801973068735,0.08054930840098037,0.46210259123832664,0.5222578033754204,1.220153753702864,0.08063174657867737,1.190045364712862,1.250262142692866,1.0208521368758583,0.13164524409380648,0.9716949948562129,1.0700092788955036,0.4349671648976052,0.08811688721148991,0.40206377846081354,0.4678705513343968,0.030245746691871404,3.5287580338023136e-18,0.030245746691871404,0.030245746691871404,0.19105523676270922,5.646012854083702e-17,0.1910552367627092,0.19105523676270925,0.25666666666666665,0.05816478111754662,0.2349475804541831,0.27838575287915024,0.07944444444444446,0.035201481740553535,0.06629999513954357,0.09258889374934534,0.17722222222222225,0.04703535259099134,0.1596589329201651,0.19478551152427942,30
