cohort,task,variation,method,duplication,step,trace_file,snapshot_id,unique_samples,constant_value,constant_success,example_values_only,empty_imagined_actions,max_branch_value_difference,score_range,top_two_margin,belief_sensitive_winner,mixture_action_id,selected_action_id,rank_zero_match,direct_action_match,candidate_repaired
main_27_pairs,find-plant,152,flat,1,0,results_submission/scienceworld_local_qwen_grid150_155_v9_m1/episodes/find-plant-v152-flat-m1-trace.jsonl,7423eadc5b959e13b195a037,8,True,True,True,True,0.0,0.0,0.0,False,0,0,True,True,4
main_27_pairs,find-plant,152,flat,1,1,results_submission/scienceworld_local_qwen_grid150_155_v9_m1/episodes/find-plant-v152-flat-m1-trace.jsonl,dd9e25902e5590c0cb1ab23c,8,True,True,True,True,0.0,0.0,0.0,False,0,2,False,False,2
main_27_pairs,find-plant,152,flat,1,2,results_submission/scienceworld_local_qwen_grid150_155_v9_m1/episodes/find-plant-v152-flat-m1-trace.jsonl,8320019bc3493a7a725387a7,8,True,True,True,True,0.0,0.0,0.0,False,0,0,True,True,1
main_27_pairs,find-plant,152,flat,1,3,results_submission/scienceworld_local_qwen_grid150_155_v9_m1/episodes/find-plant-v152-flat-m1-trace.jsonl,68cb4d856ae2e4fb5113d0b4,8,True,True,True,True,0.0,0.0,0.0,False,0,0,True,True,3
main_27_pairs,find-plant,152,flat,1,4,results_submission/scienceworld_local_qwen_grid150_155_v9_m1/episodes/find-plant-v152-flat-m1-trace.jsonl,2b67e3ecc09162ac57bada80,8,True,True,True,True,0.0,0.0,0.0,False,0,0,True,True,2
main_27_pairs,find-plant,152,flat,1,5,results_submission/scienceworld_local_qwen_grid150_155_v9_m1/episodes/find-plant-v152-flat-m1-trace.jsonl,aeb6de4ab7d3546905e73c9c,8,True,True,True,False,0.0,0.0,0.0,False,0,3,False,False,0
main_27_pairs,find-plant,152,flat,1,6,results_submission/scienceworld_local_qwen_grid150_155_v9_m1/episodes/find-plant-v152-flat-m1-trace.jsonl,c076c954b82817f7e6a0ef95,8,True,True,True,True,0.0,0.0,0.0,False,0,1,False,False,0
main_27_pairs,find-plant,152,flat,1,7,results_submission/scienceworld_local_qwen_grid150_155_v9_m1/episodes/find-plant-v152-flat-m1-trace.jsonl,598af0ce1d416eb307e0e777,8,True,True,True,True,0.0,0.0,0.0,False,0,2,False,False,2
main_27_pairs,find-plant,153,flat,1,0,results_submission/scienceworld_local_qwen_grid150_155_v9_m1/episodes/find-plant-v153-flat-m1-trace.jsonl,22885bdda94b44b8e39a41da,8,True,True,True,True,0.0,0.0,0.0,False,0,0,True,True,3
main_27_pairs,find-plant,153,flat,1,1,results_submission/scienceworld_local_qwen_grid150_155_v9_m1/episodes/find-plant-v153-flat-m1-trace.jsonl,c289e6b8401ce9dec016fc60,8,True,True,True,True,0.0,0.0,0.0,False,0,3,False,False,3
main_27_pairs,find-plant,153,flat,1,2,results_submission/scienceworld_local_qwen_grid150_155_v9_m1/episodes/find-plant-v153-flat-m1-trace.jsonl,8e1255174371e8e7ce113e77,8,True,True,True,True,0.0,0.0,0.0,False,0,3,False,False,3
main_27_pairs,find-plant,153,flat,1,3,results_submission/scienceworld_local_qwen_grid150_155_v9_m1/episodes/find-plant-v153-flat-m1-trace.jsonl,57638250aeaa1eccb982d6a9,8,True,True,True,True,0.0,0.0,0.0,False,0,3,False,False,3
main_27_pairs,find-plant,153,flat,1,4,results_submission/scienceworld_local_qwen_grid150_155_v9_m1/episodes/find-plant-v153-flat-m1-trace.jsonl,d8e0fa86a167ca8755c89771,8,True,True,True,True,0.0,0.0,0.0,False,0,3,False,False,3
main_27_pairs,find-plant,153,flat,1,5,results_submission/scienceworld_local_qwen_grid150_155_v9_m1/episodes/find-plant-v153-flat-m1-trace.jsonl,b41baf215f8fc6677d7e0866,8,True,True,True,True,0.0,0.0,0.0,False,0,3,False,False,3
main_27_pairs,find-plant,153,flat,1,6,results_submission/scienceworld_local_qwen_grid150_155_v9_m1/episodes/find-plant-v153-flat-m1-trace.jsonl,1ff1fd081ed89223760f5d4a,8,True,True,True,True,0.0,0.0,0.0,False,0,3,False,False,3
main_27_pairs,find-plant,153,flat,1,7,results_submission/scienceworld_local_qwen_grid150_155_v9_m1/episodes/find-plant-v153-flat-m1-trace.jsonl,633a6c7f856d83431d6a6992,8,True,True,True,False,0.0,0.0,0.0,False,0,1,False,False,3
main_27_pairs,find-plant,154,flat,1,0,results_submission/scienceworld_local_qwen_grid150_155_v9_m1/episodes/find-plant-v154-flat-m1-trace.jsonl,7815094301c7af27538d2d98,8,True,True,True,True,0.0,0.0,0.0,False,0,1,False,False,1
main_27_pairs,find-plant,154,flat,1,1,results_submission/scienceworld_local_qwen_grid150_155_v9_m1/episodes/find-plant-v154-flat-m1-trace.jsonl,279616acc1ee5f12e4b0d16c,8,True,True,True,True,0.0,0.0,0.0,False,0,0,True,True,3
main_27_pairs,find-plant,154,flat,1,2,results_submission/scienceworld_local_qwen_grid150_155_v9_m1/episodes/find-plant-v154-flat-m1-trace.jsonl,68cdd076f4c25dd37affe240,8,True,True,True,True,0.0,0.0,0.0,False,0,0,True,True,3
main_27_pairs,find-plant,154,flat,1,3,results_submission/scienceworld_local_qwen_grid150_155_v9_m1/episodes/find-plant-v154-flat-m1-trace.jsonl,7186d44ef7effad3fdae3498,8,False,False,False,False,0.0,1.1,0.0,False,0,0,True,True,3
main_27_pairs,find-plant,154,flat,1,4,results_submission/scienceworld_local_qwen_grid150_155_v9_m1/episodes/find-plant-v154-flat-m1-trace.jsonl,6de302a3ae46b56a54e48e35,8,True,True,True,True,0.0,0.0,0.0,False,0,1,False,False,2
main_27_pairs,find-plant,154,flat,1,5,results_submission/scienceworld_local_qwen_grid150_155_v9_m1/episodes/find-plant-v154-flat-m1-trace.jsonl,e46c2c7450adeedf438ec390,8,True,True,True,True,0.0,0.0,0.0,False,0,1,False,False,2
main_27_pairs,find-plant,154,flat,1,6,results_submission/scienceworld_local_qwen_grid150_155_v9_m1/episodes/find-plant-v154-flat-m1-trace.jsonl,1321beae5c91c53f28f24700,8,True,True,True,True,0.0,0.0,0.0,False,0,1,False,False,2
main_27_pairs,find-plant,154,flat,1,7,results_submission/scienceworld_local_qwen_grid150_155_v9_m1/episodes/find-plant-v154-flat-m1-trace.jsonl,e50e7b6c81b5f084c4b01ce8,8,True,True,True,True,0.0,0.0,0.0,False,0,1,False,False,2
main_27_pairs,find-plant,152,flat,4,0,results_submission/scienceworld_local_qwen_grid150_155_v9_m4/episodes/find-plant-v152-flat-m4-trace.jsonl,7423eadc5b959e13b195a037,8,True,True,True,True,0.0,0.0,0.0,False,0,0,True,True,4
main_27_pairs,find-plant,152,flat,4,1,results_submission/scienceworld_local_qwen_grid150_155_v9_m4/episodes/find-plant-v152-flat-m4-trace.jsonl,dd9e25902e5590c0cb1ab23c,8,True,True,True,True,0.0,0.0,0.0,False,0,2,False,False,2
main_27_pairs,find-plant,152,flat,4,2,results_submission/scienceworld_local_qwen_grid150_155_v9_m4/episodes/find-plant-v152-flat-m4-trace.jsonl,8320019bc3493a7a725387a7,8,True,True,True,True,0.0,0.0,0.0,False,0,0,True,True,1
main_27_pairs,find-plant,152,flat,4,3,results_submission/scienceworld_local_qwen_grid150_155_v9_m4/episodes/find-plant-v152-flat-m4-trace.jsonl,68cb4d856ae2e4fb5113d0b4,8,True,True,True,True,0.0,0.0,0.0,False,0,3,False,False,3
main_27_pairs,find-plant,152,flat,4,4,results_submission/scienceworld_local_qwen_grid150_155_v9_m4/episodes/find-plant-v152-flat-m4-trace.jsonl,f5e6224c21533ff69d2aa740,8,True,True,True,True,0.0,0.0,0.0,False,0,3,False,False,0
main_27_pairs,find-plant,152,flat,4,5,results_submission/scienceworld_local_qwen_grid150_155_v9_m4/episodes/find-plant-v152-flat-m4-trace.jsonl,80bbb8ffcaa90aea29271809,8,True,True,True,True,0.0,0.0,0.0,False,0,0,True,True,0
main_27_pairs,find-plant,152,flat,4,6,results_submission/scienceworld_local_qwen_grid150_155_v9_m4/episodes/find-plant-v152-flat-m4-trace.jsonl,32fee4a38022e48413a0218a,8,True,True,True,True,0.0,0.0,0.0,False,0,0,True,True,0
main_27_pairs,find-plant,152,flat,4,7,results_submission/scienceworld_local_qwen_grid150_155_v9_m4/episodes/find-plant-v152-flat-m4-trace.jsonl,18608bd1f6b9d1388ff9b155,8,True,True,True,True,0.0,0.0,0.0,False,0,0,True,True,0
main_27_pairs,find-plant,153,flat,4,0,results_submission/scienceworld_local_qwen_grid150_155_v9_m4/episodes/find-plant-v153-flat-m4-trace.jsonl,22885bdda94b44b8e39a41da,8,True,True,True,True,0.0,0.0,0.0,False,0,0,True,True,3
main_27_pairs,find-plant,153,flat,4,1,results_submission/scienceworld_local_qwen_grid150_155_v9_m4/episodes/find-plant-v153-flat-m4-trace.jsonl,c289e6b8401ce9dec016fc60,8,True,True,True,True,0.0,0.0,0.0,False,0,3,False,False,3
main_27_pairs,find-plant,153,flat,4,2,results_submission/scienceworld_local_qwen_grid150_155_v9_m4/episodes/find-plant-v153-flat-m4-trace.jsonl,8e1255174371e8e7ce113e77,8,True,True,True,True,0.0,0.0,0.0,False,0,3,False,False,3
main_27_pairs,find-plant,153,flat,4,3,results_submission/scienceworld_local_qwen_grid150_155_v9_m4/episodes/find-plant-v153-flat-m4-trace.jsonl,57638250aeaa1eccb982d6a9,8,True,True,True,True,0.0,0.0,0.0,False,0,3,False,False,3
main_27_pairs,find-plant,153,flat,4,4,results_submission/scienceworld_local_qwen_grid150_155_v9_m4/episodes/find-plant-v153-flat-m4-trace.jsonl,d8e0fa86a167ca8755c89771,8,True,True,True,True,0.0,0.0,0.0,False,0,3,False,False,3
main_27_pairs,find-plant,153,flat,4,5,results_submission/scienceworld_local_qwen_grid150_155_v9_m4/episodes/find-plant-v153-flat-m4-trace.jsonl,b41baf215f8fc6677d7e0866,8,True,True,True,True,0.0,0.0,0.0,False,0,3,False,False,3
main_27_pairs,find-plant,153,flat,4,6,results_submission/scienceworld_local_qwen_grid150_155_v9_m4/episodes/find-plant-v153-flat-m4-trace.jsonl,1ff1fd081ed89223760f5d4a,8,True,True,True,True,0.0,0.0,0.0,False,0,3,False,False,3
main_27_pairs,find-plant,153,flat,4,7,results_submission/scienceworld_local_qwen_grid150_155_v9_m4/episodes/find-plant-v153-flat-m4-trace.jsonl,633a6c7f856d83431d6a6992,8,True,True,True,False,0.0,0.0,0.0,False,0,1,False,False,3
main_27_pairs,find-plant,154,flat,4,0,results_submission/scienceworld_local_qwen_grid150_155_v9_m4/episodes/find-plant-v154-flat-m4-trace.jsonl,7815094301c7af27538d2d98,8,True,True,True,True,0.0,0.0,0.0,False,0,0,True,True,1
main_27_pairs,find-plant,154,flat,4,1,results_submission/scienceworld_local_qwen_grid150_155_v9_m4/episodes/find-plant-v154-flat-m4-trace.jsonl,fed5a4a3701d266e78ee4a97,8,True,True,True,True,0.0,0.0,0.0,False,0,0,True,True,2
main_27_pairs,find-plant,154,flat,4,2,results_submission/scienceworld_local_qwen_grid150_155_v9_m4/episodes/find-plant-v154-flat-m4-trace.jsonl,e7bb80d4920ce45b253e9f35,8,True,True,True,True,0.0,0.0,0.0,False,0,2,False,False,2
main_27_pairs,find-plant,154,flat,4,3,results_submission/scienceworld_local_qwen_grid150_155_v9_m4/episodes/find-plant-v154-flat-m4-trace.jsonl,1cf8516bae633bd4fa978653,8,True,True,True,True,0.0,0.0,0.0,False,0,0,True,True,2
main_27_pairs,find-plant,154,flat,4,4,results_submission/scienceworld_local_qwen_grid150_155_v9_m4/episodes/find-plant-v154-flat-m4-trace.jsonl,cb89cb005cab40799e56b8b7,8,True,True,True,True,0.0,0.0,0.0,False,0,1,False,False,2
main_27_pairs,find-plant,154,flat,4,5,results_submission/scienceworld_local_qwen_grid150_155_v9_m4/episodes/find-plant-v154-flat-m4-trace.jsonl,c83bc64d67e6bcdfd0cdba77,8,True,True,True,True,0.0,0.0,0.0,False,0,1,False,False,2
main_27_pairs,find-plant,154,flat,4,6,results_submission/scienceworld_local_qwen_grid150_155_v9_m4/episodes/find-plant-v154-flat-m4-trace.jsonl,6d7a4180e2a57a94e671ebd0,8,True,True,True,True,0.0,0.0,0.0,False,0,0,True,True,2
main_27_pairs,find-plant,154,flat,4,7,results_submission/scienceworld_local_qwen_grid150_155_v9_m4/episodes/find-plant-v154-flat-m4-trace.jsonl,e7b4d64eab8aa2e568a67be8,8,True,True,True,True,0.0,0.0,0.0,False,0,1,False,False,2
main_27_pairs,find-plant,158,flat,1,0,results_submission/scienceworld_local_qwen_value_grid_v9_m1/episodes/find-plant-v158-flat-m1-trace.jsonl,7e0a207fa578f2324439e9fa,8,True,True,True,True,0.0,0.0,0.0,False,0,1,False,False,1
main_27_pairs,find-plant,158,flat,1,1,results_submission/scienceworld_local_qwen_value_grid_v9_m1/episodes/find-plant-v158-flat-m1-trace.jsonl,386e4e32c1d1dae69debeca1,8,True,True,True,True,0.0,0.0,0.0,False,0,3,False,False,2
main_27_pairs,find-plant,158,flat,1,2,results_submission/scienceworld_local_qwen_value_grid_v9_m1/episodes/find-plant-v158-flat-m1-trace.jsonl,1bd9802c6fba492165e70da4,8,True,True,True,True,0.0,0.0,0.0,False,0,0,True,True,3
main_27_pairs,find-plant,158,flat,1,3,results_submission/scienceworld_local_qwen_value_grid_v9_m1/episodes/find-plant-v158-flat-m1-trace.jsonl,ca4b09cdf0b18265084ea24b,8,True,True,True,True,0.0,0.0,0.0,False,0,1,False,False,1
main_27_pairs,find-plant,158,flat,1,4,results_submission/scienceworld_local_qwen_value_grid_v9_m1/episodes/find-plant-v158-flat-m1-trace.jsonl,abf2c388fff8843646d0ad89,8,True,True,True,True,0.0,0.0,0.0,False,0,1,False,False,2
main_27_pairs,find-plant,158,flat,1,5,results_submission/scienceworld_local_qwen_value_grid_v9_m1/episodes/find-plant-v158-flat-m1-trace.jsonl,ee42c75e07cdb8e9930a75ed,8,True,True,True,True,0.0,0.0,0.0,False,0,1,False,False,2
main_27_pairs,find-plant,158,flat,1,6,results_submission/scienceworld_local_qwen_value_grid_v9_m1/episodes/find-plant-v158-flat-m1-trace.jsonl,105e5071a88d5d33f0630b76,8,True,True,True,True,0.0,0.0,0.0,False,0,1,False,False,3
main_27_pairs,find-plant,158,flat,1,7,results_submission/scienceworld_local_qwen_value_grid_v9_m1/episodes/find-plant-v158-flat-m1-trace.jsonl,5b805c2cf4d3246979fe655a,8,True,True,True,False,0.0,0.0,0.0,False,0,3,False,False,2
main_27_pairs,find-plant,161,flat,1,0,results_submission/scienceworld_local_qwen_value_grid_v9_m1/episodes/find-plant-v161-flat-m1-trace.jsonl,f76b89283c314477728227fa,8,True,True,True,False,0.0,0.0,0.0,False,0,0,True,True,4
main_27_pairs,find-plant,161,flat,1,1,results_submission/scienceworld_local_qwen_value_grid_v9_m1/episodes/find-plant-v161-flat-m1-trace.jsonl,92faa075086b847dc4a14086,8,True,True,True,True,0.0,0.0,0.0,False,0,3,False,False,2
main_27_pairs,find-plant,161,flat,1,2,results_submission/scienceworld_local_qwen_value_grid_v9_m1/episodes/find-plant-v161-flat-m1-trace.jsonl,6dbe2c4fdeb72b8e8ea63615,8,True,True,True,True,0.0,0.0,0.0,False,0,0,True,True,1
main_27_pairs,find-plant,161,flat,1,3,results_submission/scienceworld_local_qwen_value_grid_v9_m1/episodes/find-plant-v161-flat-m1-trace.jsonl,3aba9b9fe02c15906d6f180d,8,True,True,True,True,0.0,0.0,0.0,False,0,0,True,True,1
main_27_pairs,find-plant,161,flat,1,4,results_submission/scienceworld_local_qwen_value_grid_v9_m1/episodes/find-plant-v161-flat-m1-trace.jsonl,b8bab6070814d44e99d76cb0,8,True,True,True,False,0.0,0.0,0.0,False,0,0,True,True,0
main_27_pairs,find-plant,158,flat,4,0,results_submission/scienceworld_local_qwen_value_grid_m4/episodes/find-plant-v158-flat-m4-trace.jsonl,7e0a207fa578f2324439e9fa,8,True,True,True,True,0.0,0.0,0.0,False,0,3,False,False,1
main_27_pairs,find-plant,158,flat,4,1,results_submission/scienceworld_local_qwen_value_grid_m4/episodes/find-plant-v158-flat-m4-trace.jsonl,d3f8ce9aef5c387bcf946898,8,True,True,True,True,0.0,0.0,0.0,False,0,0,True,True,1
main_27_pairs,find-plant,158,flat,4,2,results_submission/scienceworld_local_qwen_value_grid_m4/episodes/find-plant-v158-flat-m4-trace.jsonl,90908d2c115eefd8947053c3,8,True,True,True,True,0.0,0.0,0.0,False,0,3,False,False,2
main_27_pairs,find-plant,158,flat,4,3,results_submission/scienceworld_local_qwen_value_grid_m4/episodes/find-plant-v158-flat-m4-trace.jsonl,0e6a893989e20bb492accb05,8,True,True,True,True,0.0,0.0,0.0,False,0,0,True,True,1
main_27_pairs,find-plant,158,flat,4,4,results_submission/scienceworld_local_qwen_value_grid_m4/episodes/find-plant-v158-flat-m4-trace.jsonl,4aff901c6ab0c4bcd756e92f,8,True,True,True,True,0.0,0.0,0.0,False,0,2,False,False,2
main_27_pairs,find-plant,158,flat,4,5,results_submission/scienceworld_local_qwen_value_grid_m4/episodes/find-plant-v158-flat-m4-trace.jsonl,42eb5f6dabceaff5892e0b87,8,True,True,True,True,0.0,0.0,0.0,False,0,2,False,False,1
main_27_pairs,find-plant,158,flat,4,6,results_submission/scienceworld_local_qwen_value_grid_m4/episodes/find-plant-v158-flat-m4-trace.jsonl,691ab2dc36afc11256495101,8,True,True,True,True,0.0,0.0,0.0,False,0,0,True,True,1
main_27_pairs,find-plant,158,flat,4,7,results_submission/scienceworld_local_qwen_value_grid_m4/episodes/find-plant-v158-flat-m4-trace.jsonl,13d80bea3bf3ce1f1de954b1,8,True,True,True,True,0.0,0.0,0.0,False,0,0,True,True,0
main_27_pairs,find-plant,161,flat,4,0,results_submission/scienceworld_local_qwen_value161_v9_m4/episodes/find-plant-v161-flat-m4-trace.jsonl,f76b89283c314477728227fa,8,True,True,True,False,0.0,0.0,0.0,False,0,0,True,True,4
main_27_pairs,find-plant,161,flat,4,1,results_submission/scienceworld_local_qwen_value161_v9_m4/episodes/find-plant-v161-flat-m4-trace.jsonl,92faa075086b847dc4a14086,8,True,True,True,True,0.0,0.0,0.0,False,0,3,False,False,2
main_27_pairs,find-plant,161,flat,4,2,results_submission/scienceworld_local_qwen_value161_v9_m4/episodes/find-plant-v161-flat-m4-trace.jsonl,6dbe2c4fdeb72b8e8ea63615,8,True,True,True,True,0.0,0.0,0.0,False,0,0,True,True,1
main_27_pairs,find-plant,161,flat,4,3,results_submission/scienceworld_local_qwen_value161_v9_m4/episodes/find-plant-v161-flat-m4-trace.jsonl,3aba9b9fe02c15906d6f180d,8,True,True,True,True,0.0,0.0,0.0,False,0,0,True,True,1
main_27_pairs,find-plant,161,flat,4,4,results_submission/scienceworld_local_qwen_value161_v9_m4/episodes/find-plant-v161-flat-m4-trace.jsonl,b8bab6070814d44e99d76cb0,8,True,True,True,False,0.0,0.0,0.0,False,0,0,True,True,0
main_27_pairs,find-plant,152,provenance_value,1,0,results_submission/scienceworld_local_qwen_provenance_value_current_m1/episodes/find-plant-v152-provenance_value-m1-trace.jsonl,7423eadc5b959e13b195a037,8,True,True,True,True,0.0,0.0,0.0,False,0,0,True,True,4
main_27_pairs,find-plant,152,provenance_value,1,1,results_submission/scienceworld_local_qwen_provenance_value_current_m1/episodes/find-plant-v152-provenance_value-m1-trace.jsonl,dd9e25902e5590c0cb1ab23c,8,True,True,True,True,0.0,0.0,0.0,False,0,0,True,True,2
main_27_pairs,find-plant,152,provenance_value,1,2,results_submission/scienceworld_local_qwen_provenance_value_current_m1/episodes/find-plant-v152-provenance_value-m1-trace.jsonl,aa7129fdf9a551efc7804d57,8,True,True,True,True,0.0,0.0,0.0,False,0,0,True,True,1
main_27_pairs,find-plant,152,provenance_value,1,3,results_submission/scienceworld_local_qwen_provenance_value_current_m1/episodes/find-plant-v152-provenance_value-m1-trace.jsonl,3a324c42b5052dd192480b45,8,True,True,True,True,0.0,0.0,0.0,False,0,0,True,True,0
main_27_pairs,find-plant,152,provenance_value,1,4,results_submission/scienceworld_local_qwen_provenance_value_current_m1/episodes/find-plant-v152-provenance_value-m1-trace.jsonl,a17e88558413e5138a2059e6,8,True,True,True,True,0.0,0.0,0.0,False,0,0,True,True,2
main_27_pairs,find-plant,152,provenance_value,1,5,results_submission/scienceworld_local_qwen_provenance_value_current_m1/episodes/find-plant-v152-provenance_value-m1-trace.jsonl,e9d4d8b0c894e6f5180cec5a,8,True,True,True,True,0.0,0.0,0.0,False,0,0,True,True,0
main_27_pairs,find-plant,153,provenance_value,1,0,results_submission/scienceworld_local_qwen_provenance_value_current_m1/episodes/find-plant-v153-provenance_value-m1-trace.jsonl,22885bdda94b44b8e39a41da,8,True,True,True,True,0.0,0.0,0.0,False,0,0,True,True,3
main_27_pairs,find-plant,153,provenance_value,1,1,results_submission/scienceworld_local_qwen_provenance_value_current_m1/episodes/find-plant-v153-provenance_value-m1-trace.jsonl,c289e6b8401ce9dec016fc60,8,True,True,True,True,0.0,0.0,0.0,False,0,0,True,True,3
main_27_pairs,find-plant,153,provenance_value,1,2,results_submission/scienceworld_local_qwen_provenance_value_current_m1/episodes/find-plant-v153-provenance_value-m1-trace.jsonl,5be9b55a0c0a9f27b8f4c4ee,8,True,True,True,True,0.0,0.0,0.0,False,0,0,True,True,1
main_27_pairs,find-plant,153,provenance_value,1,3,results_submission/scienceworld_local_qwen_provenance_value_current_m1/episodes/find-plant-v153-provenance_value-m1-trace.jsonl,6217fcdb9a249eb1d6995f70,8,True,True,True,True,0.0,0.0,0.0,False,0,0,True,True,3
main_27_pairs,find-plant,153,provenance_value,1,4,results_submission/scienceworld_local_qwen_provenance_value_current_m1/episodes/find-plant-v153-provenance_value-m1-trace.jsonl,966e73f64f9cba0b51cbf948,8,True,True,True,True,0.0,0.0,0.0,False,0,0,True,True,2
main_27_pairs,find-plant,153,provenance_value,1,5,results_submission/scienceworld_local_qwen_provenance_value_current_m1/episodes/find-plant-v153-provenance_value-m1-trace.jsonl,5dcef68c5a08e81ae4ef0238,8,True,True,True,False,0.0,0.0,0.0,False,0,0,True,True,0
main_27_pairs,find-plant,154,provenance_value,1,0,results_submission/scienceworld_local_qwen_provenance_value_current_m1/episodes/find-plant-v154-provenance_value-m1-trace.jsonl,7815094301c7af27538d2d98,8,True,True,True,True,0.0,0.0,0.0,False,0,0,True,True,1
main_27_pairs,find-plant,154,provenance_value,1,1,results_submission/scienceworld_local_qwen_provenance_value_current_m1/episodes/find-plant-v154-provenance_value-m1-trace.jsonl,fed5a4a3701d266e78ee4a97,8,True,True,True,True,0.0,0.0,0.0,False,0,0,True,True,2
main_27_pairs,find-plant,154,provenance_value,1,2,results_submission/scienceworld_local_qwen_provenance_value_current_m1/episodes/find-plant-v154-provenance_value-m1-trace.jsonl,e7bb80d4920ce45b253e9f35,8,True,True,True,True,0.0,0.0,0.0,False,0,0,True,True,2
main_27_pairs,find-plant,154,provenance_value,1,3,results_submission/scienceworld_local_qwen_provenance_value_current_m1/episodes/find-plant-v154-provenance_value-m1-trace.jsonl,654a626aabf69a663917e3e3,8,True,True,True,True,0.0,0.0,0.0,False,0,0,True,True,4
main_27_pairs,find-plant,154,provenance_value,1,4,results_submission/scienceworld_local_qwen_provenance_value_current_m1/episodes/find-plant-v154-provenance_value-m1-trace.jsonl,5c9d396acc94f9526eb7c882,8,True,True,True,False,0.0,0.0,0.0,False,0,0,True,True,3
main_27_pairs,find-plant,154,provenance_value,1,5,results_submission/scienceworld_local_qwen_provenance_value_current_m1/episodes/find-plant-v154-provenance_value-m1-trace.jsonl,c504c0292d31e6a5d5d84303,8,True,True,True,True,0.0,0.0,0.0,False,0,0,True,True,3
main_27_pairs,find-plant,154,provenance_value,1,6,results_submission/scienceworld_local_qwen_provenance_value_current_m1/episodes/find-plant-v154-provenance_value-m1-trace.jsonl,ad511c8ab981fe3b0610c9cc,8,True,True,True,True,0.0,0.0,0.0,False,0,0,True,True,3
main_27_pairs,find-plant,154,provenance_value,1,7,results_submission/scienceworld_local_qwen_provenance_value_current_m1/episodes/find-plant-v154-provenance_value-m1-trace.jsonl,194e6a267e222ca9d3df4871,8,True,True,True,True,0.0,0.0,0.0,False,0,0,True,True,2
main_27_pairs,find-plant,158,provenance_value,1,0,results_submission/scienceworld_local_qwen_provenance_value_158_m1/episodes/find-plant-v158-provenance_value-m1-trace.jsonl,7e0a207fa578f2324439e9fa,8,True,True,True,True,0.0,0.0,0.0,False,0,0,True,True,1
main_27_pairs,find-plant,158,provenance_value,1,1,results_submission/scienceworld_local_qwen_provenance_value_158_m1/episodes/find-plant-v158-provenance_value-m1-trace.jsonl,33b60c74fdb863cef61ca307,8,True,True,True,True,0.0,0.0,0.0,False,0,0,True,True,3
main_27_pairs,find-plant,158,provenance_value,1,2,results_submission/scienceworld_local_qwen_provenance_value_158_m1/episodes/find-plant-v158-provenance_value-m1-trace.jsonl,04bd63adc0ebd70a9c35f000,8,True,True,True,True,0.0,0.0,0.0,False,0,0,True,True,1
main_27_pairs,find-plant,158,provenance_value,1,3,results_submission/scienceworld_local_qwen_provenance_value_158_m1/episodes/find-plant-v158-provenance_value-m1-trace.jsonl,612b619cd343b036dbfe6e07,8,True,True,True,True,0.0,0.0,0.0,False,0,0,True,True,0
main_27_pairs,find-plant,161,provenance_value,1,0,results_submission/scienceworld_local_qwen_provenance_value_161_m1/episodes/find-plant-v161-provenance_value-m1-trace.jsonl,f76b89283c314477728227fa,8,True,True,True,False,0.0,0.0,0.0,False,0,0,True,True,4
main_27_pairs,find-plant,161,provenance_value,1,1,results_submission/scienceworld_local_qwen_provenance_value_161_m1/episodes/find-plant-v161-provenance_value-m1-trace.jsonl,92faa075086b847dc4a14086,8,True,True,True,True,0.0,0.0,0.0,False,0,0,True,True,2
main_27_pairs,find-plant,161,provenance_value,1,2,results_submission/scienceworld_local_qwen_provenance_value_161_m1/episodes/find-plant-v161-provenance_value-m1-trace.jsonl,5a70bdddda00d2395896b229,8,True,True,True,True,0.0,0.0,0.0,False,0,0,True,True,1
main_27_pairs,find-plant,161,provenance_value,1,3,results_submission/scienceworld_local_qwen_provenance_value_161_m1/episodes/find-plant-v161-provenance_value-m1-trace.jsonl,1c670d13faf00bb1083eba18,8,True,True,True,True,0.0,0.0,0.0,False,0,0,True,True,0
main_27_pairs,find-plant,152,provenance_value,4,0,results_submission/scienceworld_local_qwen_provenance_value_current_m4/episodes/find-plant-v152-provenance_value-m4-trace.jsonl,7423eadc5b959e13b195a037,8,True,True,True,True,0.0,0.0,0.0,False,0,0,True,True,4
main_27_pairs,find-plant,152,provenance_value,4,1,results_submission/scienceworld_local_qwen_provenance_value_current_m4/episodes/find-plant-v152-provenance_value-m4-trace.jsonl,dd9e25902e5590c0cb1ab23c,8,True,True,True,True,0.0,0.0,0.0,False,0,0,True,True,2
main_27_pairs,find-plant,152,provenance_value,4,2,results_submission/scienceworld_local_qwen_provenance_value_current_m4/episodes/find-plant-v152-provenance_value-m4-trace.jsonl,aa7129fdf9a551efc7804d57,8,True,True,True,True,0.0,0.0,0.0,False,0,0,True,True,1
main_27_pairs,find-plant,152,provenance_value,4,3,results_submission/scienceworld_local_qwen_provenance_value_current_m4/episodes/find-plant-v152-provenance_value-m4-trace.jsonl,3a324c42b5052dd192480b45,8,True,True,True,True,0.0,0.0,0.0,False,0,0,True,True,0
main_27_pairs,find-plant,152,provenance_value,4,4,results_submission/scienceworld_local_qwen_provenance_value_current_m4/episodes/find-plant-v152-provenance_value-m4-trace.jsonl,a17e88558413e5138a2059e6,8,True,True,True,True,0.0,0.0,0.0,False,0,0,True,True,2
main_27_pairs,find-plant,152,provenance_value,4,5,results_submission/scienceworld_local_qwen_provenance_value_current_m4/episodes/find-plant-v152-provenance_value-m4-trace.jsonl,e9d4d8b0c894e6f5180cec5a,8,True,True,True,True,0.0,0.0,0.0,False,0,0,True,True,0
main_27_pairs,find-plant,153,provenance_value,4,0,results_submission/scienceworld_local_qwen_provenance_value_current_m4/episodes/find-plant-v153-provenance_value-m4-trace.jsonl,22885bdda94b44b8e39a41da,8,True,True,True,True,0.0,0.0,0.0,False,0,0,True,True,3
main_27_pairs,find-plant,153,provenance_value,4,1,results_submission/scienceworld_local_qwen_provenance_value_current_m4/episodes/find-plant-v153-provenance_value-m4-trace.jsonl,c289e6b8401ce9dec016fc60,8,True,True,True,True,0.0,0.0,0.0,False,0,0,True,True,3
main_27_pairs,find-plant,153,provenance_value,4,2,results_submission/scienceworld_local_qwen_provenance_value_current_m4/episodes/find-plant-v153-provenance_value-m4-trace.jsonl,5be9b55a0c0a9f27b8f4c4ee,8,True,True,True,True,0.0,0.0,0.0,False,0,0,True,True,1
main_27_pairs,find-plant,153,provenance_value,4,3,results_submission/scienceworld_local_qwen_provenance_value_current_m4/episodes/find-plant-v153-provenance_value-m4-trace.jsonl,6217fcdb9a249eb1d6995f70,8,True,True,True,True,0.0,0.0,0.0,False,0,0,True,True,3
main_27_pairs,find-plant,153,provenance_value,4,4,results_submission/scienceworld_local_qwen_provenance_value_current_m4/episodes/find-plant-v153-provenance_value-m4-trace.jsonl,966e73f64f9cba0b51cbf948,8,True,True,True,True,0.0,0.0,0.0,False,0,0,True,True,2
main_27_pairs,find-plant,153,provenance_value,4,5,results_submission/scienceworld_local_qwen_provenance_value_current_m4/episodes/find-plant-v153-provenance_value-m4-trace.jsonl,5dcef68c5a08e81ae4ef0238,8,True,True,True,False,0.0,0.0,0.0,False,0,0,True,True,0
main_27_pairs,find-plant,154,provenance_value,4,0,results_submission/scienceworld_local_qwen_provenance_value_current_m4/episodes/find-plant-v154-provenance_value-m4-trace.jsonl,7815094301c7af27538d2d98,8,True,True,True,True,0.0,0.0,0.0,False,0,0,True,True,1
main_27_pairs,find-plant,154,provenance_value,4,1,results_submission/scienceworld_local_qwen_provenance_value_current_m4/episodes/find-plant-v154-provenance_value-m4-trace.jsonl,fed5a4a3701d266e78ee4a97,8,True,True,True,True,0.0,0.0,0.0,False,0,0,True,True,2
main_27_pairs,find-plant,154,provenance_value,4,2,results_submission/scienceworld_local_qwen_provenance_value_current_m4/episodes/find-plant-v154-provenance_value-m4-trace.jsonl,e7bb80d4920ce45b253e9f35,8,True,True,True,True,0.0,0.0,0.0,False,0,0,True,True,2
main_27_pairs,find-plant,154,provenance_value,4,3,results_submission/scienceworld_local_qwen_provenance_value_current_m4/episodes/find-plant-v154-provenance_value-m4-trace.jsonl,654a626aabf69a663917e3e3,8,True,True,True,True,0.0,0.0,0.0,False,0,0,True,True,4
main_27_pairs,find-plant,154,provenance_value,4,4,results_submission/scienceworld_local_qwen_provenance_value_current_m4/episodes/find-plant-v154-provenance_value-m4-trace.jsonl,5c9d396acc94f9526eb7c882,8,True,True,True,False,0.0,0.0,0.0,False,0,0,True,True,3
main_27_pairs,find-plant,154,provenance_value,4,5,results_submission/scienceworld_local_qwen_provenance_value_current_m4/episodes/find-plant-v154-provenance_value-m4-trace.jsonl,c504c0292d31e6a5d5d84303,8,True,True,True,True,0.0,0.0,0.0,False,0,0,True,True,3
main_27_pairs,find-plant,154,provenance_value,4,6,results_submission/scienceworld_local_qwen_provenance_value_current_m4/episodes/find-plant-v154-provenance_value-m4-trace.jsonl,ad511c8ab981fe3b0610c9cc,8,True,True,True,True,0.0,0.0,0.0,False,0,0,True,True,3
main_27_pairs,find-plant,154,provenance_value,4,7,results_submission/scienceworld_local_qwen_provenance_value_current_m4/episodes/find-plant-v154-provenance_value-m4-trace.jsonl,194e6a267e222ca9d3df4871,8,True,True,True,True,0.0,0.0,0.0,False,0,0,True,True,2
main_27_pairs,find-plant,158,provenance_value,4,0,results_submission/scienceworld_local_qwen_provenance_value_158_m4/episodes/find-plant-v158-provenance_value-m4-trace.jsonl,7e0a207fa578f2324439e9fa,8,True,True,True,True,0.0,0.0,0.0,False,0,0,True,True,1
main_27_pairs,find-plant,158,provenance_value,4,1,results_submission/scienceworld_local_qwen_provenance_value_158_m4/episodes/find-plant-v158-provenance_value-m4-trace.jsonl,33b60c74fdb863cef61ca307,8,True,True,True,True,0.0,0.0,0.0,False,0,0,True,True,3
main_27_pairs,find-plant,158,provenance_value,4,2,results_submission/scienceworld_local_qwen_provenance_value_158_m4/episodes/find-plant-v158-provenance_value-m4-trace.jsonl,04bd63adc0ebd70a9c35f000,8,True,True,True,True,0.0,0.0,0.0,False,0,0,True,True,1
main_27_pairs,find-plant,158,provenance_value,4,3,results_submission/scienceworld_local_qwen_provenance_value_158_m4/episodes/find-plant-v158-provenance_value-m4-trace.jsonl,612b619cd343b036dbfe6e07,8,True,True,True,True,0.0,0.0,0.0,False,0,0,True,True,0
main_27_pairs,find-plant,161,provenance_value,4,0,results_submission/scienceworld_local_qwen_provenance_value_161_m4/episodes/find-plant-v161-provenance_value-m4-trace.jsonl,f76b89283c314477728227fa,8,True,True,True,False,0.0,0.0,0.0,False,0,0,True,True,4
main_27_pairs,find-plant,161,provenance_value,4,1,results_submission/scienceworld_local_qwen_provenance_value_161_m4/episodes/find-plant-v161-provenance_value-m4-trace.jsonl,92faa075086b847dc4a14086,8,True,True,True,True,0.0,0.0,0.0,False,0,0,True,True,2
main_27_pairs,find-plant,161,provenance_value,4,2,results_submission/scienceworld_local_qwen_provenance_value_161_m4/episodes/find-plant-v161-provenance_value-m4-trace.jsonl,5a70bdddda00d2395896b229,8,True,True,True,True,0.0,0.0,0.0,False,0,0,True,True,1
main_27_pairs,find-plant,161,provenance_value,4,3,results_submission/scienceworld_local_qwen_provenance_value_161_m4/episodes/find-plant-v161-provenance_value-m4-trace.jsonl,1c670d13faf00bb1083eba18,8,True,True,True,True,0.0,0.0,0.0,False,0,0,True,True,0
main_27_pairs,find-animal,150,flat,1,0,results_submission/scienceworld_local_qwen_animal150_155_v9_m1/episodes/find-animal-v150-flat-m1-trace.jsonl,6a0a52e1c86950394dcd3881,8,True,True,True,False,0.0,0.0,0.0,False,0,2,False,False,4
main_27_pairs,find-animal,150,flat,1,1,results_submission/scienceworld_local_qwen_animal150_155_v9_m1/episodes/find-animal-v150-flat-m1-trace.jsonl,1efd443487656eab49937d6c,8,True,True,True,True,0.0,0.0,0.0,False,0,0,True,True,4
main_27_pairs,find-animal,150,flat,1,2,results_submission/scienceworld_local_qwen_animal150_155_v9_m1/episodes/find-animal-v150-flat-m1-trace.jsonl,2f662a2de1757bb60065e36a,8,True,True,True,True,0.0,0.0,0.0,False,0,0,True,True,3
main_27_pairs,find-animal,150,flat,1,3,results_submission/scienceworld_local_qwen_animal150_155_v9_m1/episodes/find-animal-v150-flat-m1-trace.jsonl,255a46183c330f4089abffdc,8,True,True,True,True,0.0,0.0,0.0,False,0,0,True,True,2
main_27_pairs,find-animal,150,flat,1,4,results_submission/scienceworld_local_qwen_animal150_155_v9_m1/episodes/find-animal-v150-flat-m1-trace.jsonl,581046dbeb3b28eaf115b318,8,True,True,True,True,0.0,0.0,0.0,False,0,1,False,False,2
main_27_pairs,find-animal,150,flat,1,5,results_submission/scienceworld_local_qwen_animal150_155_v9_m1/episodes/find-animal-v150-flat-m1-trace.jsonl,58bd0225293731e50f59d526,8,True,True,True,True,0.0,0.0,0.0,False,0,0,True,True,2
main_27_pairs,find-animal,150,flat,1,6,results_submission/scienceworld_local_qwen_animal150_155_v9_m1/episodes/find-animal-v150-flat-m1-trace.jsonl,0abb9538e65cfeb35b54130f,8,True,True,True,True,0.0,0.0,0.0,False,0,2,False,False,3
main_27_pairs,find-animal,150,flat,1,7,results_submission/scienceworld_local_qwen_animal150_155_v9_m1/episodes/find-animal-v150-flat-m1-trace.jsonl,f93217fd5823f93db7532c03,8,True,True,True,True,0.0,0.0,0.0,False,0,0,True,True,1
main_27_pairs,find-animal,150,provenance_value,1,0,results_submission/scienceworld_local_qwen_animal150_155_v9_m1/episodes/find-animal-v150-provenance_value-m1-trace.jsonl,6a0a52e1c86950394dcd3881,8,True,True,True,False,0.0,0.0,0.0,False,0,0,True,True,4
main_27_pairs,find-animal,150,provenance_value,1,1,results_submission/scienceworld_local_qwen_animal150_155_v9_m1/episodes/find-animal-v150-provenance_value-m1-trace.jsonl,deb817cd592ebccd6e51df0f,8,True,True,True,True,0.0,0.0,0.0,False,0,0,True,True,2
main_27_pairs,find-animal,150,provenance_value,1,2,results_submission/scienceworld_local_qwen_animal150_155_v9_m1/episodes/find-animal-v150-provenance_value-m1-trace.jsonl,2513a980873f2c23bf5a2b79,8,True,True,True,False,0.0,0.0,0.0,False,0,0,True,True,2
main_27_pairs,find-animal,150,provenance_value,1,3,results_submission/scienceworld_local_qwen_animal150_155_v9_m1/episodes/find-animal-v150-provenance_value-m1-trace.jsonl,b22a4c04869df40614b39837,8,True,True,True,True,0.0,0.0,0.0,False,0,0,True,True,2
main_27_pairs,find-animal,150,provenance_value,1,4,results_submission/scienceworld_local_qwen_animal150_155_v9_m1/episodes/find-animal-v150-provenance_value-m1-trace.jsonl,6eb9e1d64fb046bbf655d2cf,8,True,True,True,True,0.0,0.0,0.0,False,0,0,True,True,1
main_27_pairs,find-animal,150,provenance_value,1,5,results_submission/scienceworld_local_qwen_animal150_155_v9_m1/episodes/find-animal-v150-provenance_value-m1-trace.jsonl,f028506014d85ef8c19f5d1a,8,True,True,True,True,0.0,0.0,0.0,False,0,0,True,True,1
main_27_pairs,find-animal,153,flat,1,0,results_submission/scienceworld_local_qwen_animal150_155_v9_m1/episodes/find-animal-v153-flat-m1-trace.jsonl,86a69c5b00c6e376ff072258,8,True,True,True,True,0.0,0.0,0.0,False,0,0,True,True,1
main_27_pairs,find-animal,153,flat,1,1,results_submission/scienceworld_local_qwen_animal150_155_v9_m1/episodes/find-animal-v153-flat-m1-trace.jsonl,ccbe124f8c5213763d295b09,8,True,True,True,True,0.0,0.0,0.0,False,0,1,False,False,2
main_27_pairs,find-animal,153,flat,1,2,results_submission/scienceworld_local_qwen_animal150_155_v9_m1/episodes/find-animal-v153-flat-m1-trace.jsonl,eb7e8aba966fc44470c55d38,8,True,True,True,True,0.0,0.0,0.0,False,0,0,True,True,3
main_27_pairs,find-animal,153,flat,1,3,results_submission/scienceworld_local_qwen_animal150_155_v9_m1/episodes/find-animal-v153-flat-m1-trace.jsonl,0fe0f96535981f8535f567ad,8,True,True,True,True,0.0,0.0,0.0,False,0,0,True,True,3
main_27_pairs,find-animal,153,flat,1,4,results_submission/scienceworld_local_qwen_animal150_155_v9_m1/episodes/find-animal-v153-flat-m1-trace.jsonl,8476221fae8c98bc5e9c990f,8,True,True,True,True,0.0,0.0,0.0,False,0,1,False,False,2
main_27_pairs,find-animal,153,flat,1,5,results_submission/scienceworld_local_qwen_animal150_155_v9_m1/episodes/find-animal-v153-flat-m1-trace.jsonl,1dcc9f27e1f161e1da1852b2,8,True,True,True,True,0.0,0.0,0.0,False,0,2,False,False,3
main_27_pairs,find-animal,153,flat,1,6,results_submission/scienceworld_local_qwen_animal150_155_v9_m1/episodes/find-animal-v153-flat-m1-trace.jsonl,dd4fe869e1f1d60304a86384,8,True,True,True,True,0.0,0.0,0.0,False,0,1,False,False,2
main_27_pairs,find-animal,153,flat,1,7,results_submission/scienceworld_local_qwen_animal150_155_v9_m1/episodes/find-animal-v153-flat-m1-trace.jsonl,8ae8280e987f2cd5022928cf,8,True,True,True,True,0.0,0.0,0.0,False,0,2,False,False,3
main_27_pairs,find-animal,153,provenance_value,1,0,results_submission/scienceworld_local_qwen_animal150_155_v9_m1/episodes/find-animal-v153-provenance_value-m1-trace.jsonl,86a69c5b00c6e376ff072258,8,True,True,True,True,0.0,0.0,0.0,False,0,0,True,True,1
main_27_pairs,find-animal,153,provenance_value,1,1,results_submission/scienceworld_local_qwen_animal150_155_v9_m1/episodes/find-animal-v153-provenance_value-m1-trace.jsonl,ccbe124f8c5213763d295b09,8,True,True,True,True,0.0,0.0,0.0,False,0,0,True,True,2
main_27_pairs,find-animal,153,provenance_value,1,2,results_submission/scienceworld_local_qwen_animal150_155_v9_m1/episodes/find-animal-v153-provenance_value-m1-trace.jsonl,603f346503a93fbda5eb7efc,8,True,True,True,True,0.0,0.0,0.0,False,0,0,True,True,2
main_27_pairs,find-animal,153,provenance_value,1,3,results_submission/scienceworld_local_qwen_animal150_155_v9_m1/episodes/find-animal-v153-provenance_value-m1-trace.jsonl,3db4523d64f87c25ac2af96a,8,True,True,True,True,0.0,0.0,0.0,False,0,0,True,True,3
main_27_pairs,find-animal,153,provenance_value,1,4,results_submission/scienceworld_local_qwen_animal150_155_v9_m1/episodes/find-animal-v153-provenance_value-m1-trace.jsonl,7bc230307f1434f7f9d1a5d1,8,True,True,True,True,0.0,0.0,0.0,False,0,0,True,True,0
main_27_pairs,find-animal,155,flat,1,0,results_submission/scienceworld_local_qwen_animal150_155_v9_m1/episodes/find-animal-v155-flat-m1-trace.jsonl,0bd838f4b537fbe99533d33e,8,True,True,True,True,0.0,0.0,0.0,False,0,3,False,False,2
main_27_pairs,find-animal,155,flat,1,1,results_submission/scienceworld_local_qwen_animal150_155_v9_m1/episodes/find-animal-v155-flat-m1-trace.jsonl,f61455da4559a16a0bb25cf0,8,True,True,True,True,0.0,0.0,0.0,False,0,1,False,False,2
main_27_pairs,find-animal,155,flat,1,2,results_submission/scienceworld_local_qwen_animal150_155_v9_m1/episodes/find-animal-v155-flat-m1-trace.jsonl,ec6ae70bb440a4e2f787bb80,8,True,True,True,True,0.0,0.0,0.0,False,0,1,False,False,1
main_27_pairs,find-animal,155,flat,1,3,results_submission/scienceworld_local_qwen_animal150_155_v9_m1/episodes/find-animal-v155-flat-m1-trace.jsonl,3a459f04f74e018b481875ca,8,True,True,True,True,0.0,0.0,0.0,False,0,2,False,False,3
main_27_pairs,find-animal,155,flat,1,4,results_submission/scienceworld_local_qwen_animal150_155_v9_m1/episodes/find-animal-v155-flat-m1-trace.jsonl,dbfb3e67f77dcad27f96d6e2,8,True,True,True,True,0.0,0.0,0.0,False,0,2,False,False,2
main_27_pairs,find-animal,155,flat,1,5,results_submission/scienceworld_local_qwen_animal150_155_v9_m1/episodes/find-animal-v155-flat-m1-trace.jsonl,7f4a7f0959093bdef0673cae,8,True,True,True,True,0.0,0.0,0.0,False,0,2,False,False,3
main_27_pairs,find-animal,155,flat,1,6,results_submission/scienceworld_local_qwen_animal150_155_v9_m1/episodes/find-animal-v155-flat-m1-trace.jsonl,f0ca80587286b312725f3071,8,True,True,True,True,0.0,0.0,0.0,False,0,0,True,True,3
main_27_pairs,find-animal,155,flat,1,7,results_submission/scienceworld_local_qwen_animal150_155_v9_m1/episodes/find-animal-v155-flat-m1-trace.jsonl,a07abc42e93697ddcc740d7b,8,True,True,True,True,0.0,0.0,0.0,False,0,3,False,False,4
main_27_pairs,find-animal,155,provenance_value,1,0,results_submission/scienceworld_local_qwen_animal150_155_v9_m1/episodes/find-animal-v155-provenance_value-m1-trace.jsonl,0bd838f4b537fbe99533d33e,8,True,True,True,True,0.0,0.0,0.0,False,0,0,True,True,2
main_27_pairs,find-animal,155,provenance_value,1,1,results_submission/scienceworld_local_qwen_animal150_155_v9_m1/episodes/find-animal-v155-provenance_value-m1-trace.jsonl,4a69545738c8575c5157defa,8,True,True,True,True,0.0,0.0,0.0,False,0,0,True,True,4
main_27_pairs,find-animal,155,provenance_value,1,2,results_submission/scienceworld_local_qwen_animal150_155_v9_m1/episodes/find-animal-v155-provenance_value-m1-trace.jsonl,9aafe4b17f36d7a3e6ef5d05,8,True,True,True,True,0.0,0.0,0.0,False,0,0,True,True,4
main_27_pairs,find-animal,155,provenance_value,1,3,results_submission/scienceworld_local_qwen_animal150_155_v9_m1/episodes/find-animal-v155-provenance_value-m1-trace.jsonl,758c86797b909576045fc236,8,True,True,True,True,0.0,0.0,0.0,False,0,0,True,True,3
main_27_pairs,find-animal,155,provenance_value,1,4,results_submission/scienceworld_local_qwen_animal150_155_v9_m1/episodes/find-animal-v155-provenance_value-m1-trace.jsonl,e5fa8a409f1288c58886819a,8,True,True,True,True,0.0,0.0,0.0,False,0,0,True,True,0
main_27_pairs,find-animal,155,provenance_value,1,5,results_submission/scienceworld_local_qwen_animal150_155_v9_m1/episodes/find-animal-v155-provenance_value-m1-trace.jsonl,834cdebb38ee47d362422405,8,True,True,True,True,0.0,0.0,0.0,False,0,0,True,True,2
main_27_pairs,find-animal,155,provenance_value,1,6,results_submission/scienceworld_local_qwen_animal150_155_v9_m1/episodes/find-animal-v155-provenance_value-m1-trace.jsonl,826182496a4519da1390ae3a,8,True,True,True,True,0.0,0.0,0.0,False,0,0,True,True,2
main_27_pairs,find-animal,155,provenance_value,1,7,results_submission/scienceworld_local_qwen_animal150_155_v9_m1/episodes/find-animal-v155-provenance_value-m1-trace.jsonl,4c9a0589574f851455201f90,8,True,True,True,True,0.0,0.0,0.0,False,0,0,True,True,2
main_27_pairs,find-animal,150,flat,4,0,results_submission/scienceworld_local_qwen_animal150_155_v9_m4/episodes/find-animal-v150-flat-m4-trace.jsonl,6a0a52e1c86950394dcd3881,8,True,True,True,False,0.0,0.0,0.0,False,0,0,True,True,4
main_27_pairs,find-animal,150,flat,4,1,results_submission/scienceworld_local_qwen_animal150_155_v9_m4/episodes/find-animal-v150-flat-m4-trace.jsonl,deb817cd592ebccd6e51df0f,8,True,True,True,True,0.0,0.0,0.0,False,0,2,False,False,2
main_27_pairs,find-animal,150,flat,4,2,results_submission/scienceworld_local_qwen_animal150_155_v9_m4/episodes/find-animal-v150-flat-m4-trace.jsonl,9be95bd28740eadb9f26fb73,8,True,True,True,True,0.0,0.0,0.0,False,0,0,True,True,2
main_27_pairs,find-animal,150,flat,4,3,results_submission/scienceworld_local_qwen_animal150_155_v9_m4/episodes/find-animal-v150-flat-m4-trace.jsonl,f64af53bdee780d99e9c7110,8,True,True,True,True,0.0,0.0,0.0,False,0,1,False,False,2
main_27_pairs,find-animal,150,flat,4,4,results_submission/scienceworld_local_qwen_animal150_155_v9_m4/episodes/find-animal-v150-flat-m4-trace.jsonl,acc3ec554226e9a0c13d6e56,8,True,True,True,True,0.0,0.0,0.0,False,0,1,False,False,0
main_27_pairs,find-animal,150,flat,4,5,results_submission/scienceworld_local_qwen_animal150_155_v9_m4/episodes/find-animal-v150-flat-m4-trace.jsonl,6c8b9c03ed76cd5e60e47d2a,8,True,True,True,True,0.0,0.0,0.0,False,0,0,True,True,1
main_27_pairs,find-animal,150,flat,4,6,results_submission/scienceworld_local_qwen_animal150_155_v9_m4/episodes/find-animal-v150-flat-m4-trace.jsonl,bc137883f029392a73ca66f4,8,True,True,True,True,0.0,0.0,0.0,False,0,0,True,True,3
main_27_pairs,find-animal,150,flat,4,7,results_submission/scienceworld_local_qwen_animal150_155_v9_m4/episodes/find-animal-v150-flat-m4-trace.jsonl,7f5be28216f496932054723e,8,True,True,True,True,0.0,0.0,0.0,False,0,0,True,True,3
main_27_pairs,find-animal,150,provenance_value,4,0,results_submission/scienceworld_local_qwen_animal150_155_v9_m4/episodes/find-animal-v150-provenance_value-m4-trace.jsonl,6a0a52e1c86950394dcd3881,8,True,True,True,False,0.0,0.0,0.0,False,0,0,True,True,4
main_27_pairs,find-animal,150,provenance_value,4,1,results_submission/scienceworld_local_qwen_animal150_155_v9_m4/episodes/find-animal-v150-provenance_value-m4-trace.jsonl,deb817cd592ebccd6e51df0f,8,True,True,True,True,0.0,0.0,0.0,False,0,0,True,True,2
main_27_pairs,find-animal,150,provenance_value,4,2,results_submission/scienceworld_local_qwen_animal150_155_v9_m4/episodes/find-animal-v150-provenance_value-m4-trace.jsonl,2513a980873f2c23bf5a2b79,8,True,True,True,False,0.0,0.0,0.0,False,0,0,True,True,2
main_27_pairs,find-animal,150,provenance_value,4,3,results_submission/scienceworld_local_qwen_animal150_155_v9_m4/episodes/find-animal-v150-provenance_value-m4-trace.jsonl,b22a4c04869df40614b39837,8,True,True,True,True,0.0,0.0,0.0,False,0,0,True,True,2
main_27_pairs,find-animal,150,provenance_value,4,4,results_submission/scienceworld_local_qwen_animal150_155_v9_m4/episodes/find-animal-v150-provenance_value-m4-trace.jsonl,6eb9e1d64fb046bbf655d2cf,8,True,True,True,True,0.0,0.0,0.0,False,0,0,True,True,1
main_27_pairs,find-animal,150,provenance_value,4,5,results_submission/scienceworld_local_qwen_animal150_155_v9_m4/episodes/find-animal-v150-provenance_value-m4-trace.jsonl,f028506014d85ef8c19f5d1a,8,True,True,True,True,0.0,0.0,0.0,False,0,0,True,True,1
main_27_pairs,find-animal,153,flat,4,0,results_submission/scienceworld_local_qwen_animal150_155_v9_m4/episodes/find-animal-v153-flat-m4-trace.jsonl,86a69c5b00c6e376ff072258,8,True,True,True,True,0.0,0.0,0.0,False,0,0,True,True,1
main_27_pairs,find-animal,153,flat,4,1,results_submission/scienceworld_local_qwen_animal150_155_v9_m4/episodes/find-animal-v153-flat-m4-trace.jsonl,ccbe124f8c5213763d295b09,8,True,True,True,True,0.0,0.0,0.0,False,0,1,False,False,2
main_27_pairs,find-animal,153,flat,4,2,results_submission/scienceworld_local_qwen_animal150_155_v9_m4/episodes/find-animal-v153-flat-m4-trace.jsonl,eb7e8aba966fc44470c55d38,8,True,True,True,True,0.0,0.0,0.0,False,0,0,True,True,3
main_27_pairs,find-animal,153,flat,4,3,results_submission/scienceworld_local_qwen_animal150_155_v9_m4/episodes/find-animal-v153-flat-m4-trace.jsonl,0fe0f96535981f8535f567ad,8,True,True,True,True,0.0,0.0,0.0,False,0,0,True,True,3
main_27_pairs,find-animal,153,flat,4,4,results_submission/scienceworld_local_qwen_animal150_155_v9_m4/episodes/find-animal-v153-flat-m4-trace.jsonl,8476221fae8c98bc5e9c990f,8,True,True,True,True,0.0,0.0,0.0,False,0,1,False,False,2
main_27_pairs,find-animal,153,flat,4,5,results_submission/scienceworld_local_qwen_animal150_155_v9_m4/episodes/find-animal-v153-flat-m4-trace.jsonl,1dcc9f27e1f161e1da1852b2,8,True,True,True,True,0.0,0.0,0.0,False,0,2,False,False,3
main_27_pairs,find-animal,153,flat,4,6,results_submission/scienceworld_local_qwen_animal150_155_v9_m4/episodes/find-animal-v153-flat-m4-trace.jsonl,dd4fe869e1f1d60304a86384,8,True,True,True,True,0.0,0.0,0.0,False,0,1,False,False,2
main_27_pairs,find-animal,153,flat,4,7,results_submission/scienceworld_local_qwen_animal150_155_v9_m4/episodes/find-animal-v153-flat-m4-trace.jsonl,8ae8280e987f2cd5022928cf,8,True,True,True,True,0.0,0.0,0.0,False,0,2,False,False,3
main_27_pairs,find-animal,153,provenance_value,4,0,results_submission/scienceworld_local_qwen_animal150_155_v9_m4/episodes/find-animal-v153-provenance_value-m4-trace.jsonl,86a69c5b00c6e376ff072258,8,True,True,True,True,0.0,0.0,0.0,False,0,0,True,True,1
main_27_pairs,find-animal,153,provenance_value,4,1,results_submission/scienceworld_local_qwen_animal150_155_v9_m4/episodes/find-animal-v153-provenance_value-m4-trace.jsonl,ccbe124f8c5213763d295b09,8,True,True,True,True,0.0,0.0,0.0,False,0,0,True,True,2
main_27_pairs,find-animal,153,provenance_value,4,2,results_submission/scienceworld_local_qwen_animal150_155_v9_m4/episodes/find-animal-v153-provenance_value-m4-trace.jsonl,603f346503a93fbda5eb7efc,8,True,True,True,True,0.0,0.0,0.0,False,0,0,True,True,2
main_27_pairs,find-animal,153,provenance_value,4,3,results_submission/scienceworld_local_qwen_animal150_155_v9_m4/episodes/find-animal-v153-provenance_value-m4-trace.jsonl,3db4523d64f87c25ac2af96a,8,True,True,True,True,0.0,0.0,0.0,False,0,0,True,True,3
main_27_pairs,find-animal,153,provenance_value,4,4,results_submission/scienceworld_local_qwen_animal150_155_v9_m4/episodes/find-animal-v153-provenance_value-m4-trace.jsonl,7bc230307f1434f7f9d1a5d1,8,True,True,True,True,0.0,0.0,0.0,False,0,0,True,True,0
main_27_pairs,find-animal,155,flat,4,0,results_submission/scienceworld_local_qwen_animal150_155_v9_m4/episodes/find-animal-v155-flat-m4-trace.jsonl,0bd838f4b537fbe99533d33e,8,True,True,True,True,0.0,0.0,0.0,False,0,3,False,False,2
main_27_pairs,find-animal,155,flat,4,1,results_submission/scienceworld_local_qwen_animal150_155_v9_m4/episodes/find-animal-v155-flat-m4-trace.jsonl,f61455da4559a16a0bb25cf0,8,True,True,True,True,0.0,0.0,0.0,False,0,1,False,False,2
main_27_pairs,find-animal,155,flat,4,2,results_submission/scienceworld_local_qwen_animal150_155_v9_m4/episodes/find-animal-v155-flat-m4-trace.jsonl,ec6ae70bb440a4e2f787bb80,8,True,True,True,True,0.0,0.0,0.0,False,0,0,True,True,1
main_27_pairs,find-animal,155,flat,4,3,results_submission/scienceworld_local_qwen_animal150_155_v9_m4/episodes/find-animal-v155-flat-m4-trace.jsonl,e003982be63114ef6d290f7d,8,True,True,True,True,0.0,0.0,0.0,False,0,1,False,False,3
main_27_pairs,find-animal,155,flat,4,4,results_submission/scienceworld_local_qwen_animal150_155_v9_m4/episodes/find-animal-v155-flat-m4-trace.jsonl,aa4ac0bd4947839030d906c9,8,True,True,True,True,0.0,0.0,0.0,False,0,0,True,True,3
main_27_pairs,find-animal,155,flat,4,5,results_submission/scienceworld_local_qwen_animal150_155_v9_m4/episodes/find-animal-v155-flat-m4-trace.jsonl,e9141a09bff6177bf015cc0e,8,True,True,True,True,0.0,0.0,0.0,False,0,0,True,True,3
main_27_pairs,find-animal,155,flat,4,6,results_submission/scienceworld_local_qwen_animal150_155_v9_m4/episodes/find-animal-v155-flat-m4-trace.jsonl,be4837f99f8640e4a2bc3a0a,8,True,True,True,True,0.0,0.0,0.0,False,0,3,False,False,2
main_27_pairs,find-animal,155,flat,4,7,results_submission/scienceworld_local_qwen_animal150_155_v9_m4/episodes/find-animal-v155-flat-m4-trace.jsonl,583185ae840e7dc9082e0d39,8,True,True,True,True,0.0,0.0,0.0,False,0,1,False,False,3
main_27_pairs,find-animal,155,provenance_value,4,0,results_submission/scienceworld_local_qwen_animal150_155_v9_m4/episodes/find-animal-v155-provenance_value-m4-trace.jsonl,0bd838f4b537fbe99533d33e,8,True,True,True,True,0.0,0.0,0.0,False,0,0,True,True,2
main_27_pairs,find-animal,155,provenance_value,4,1,results_submission/scienceworld_local_qwen_animal150_155_v9_m4/episodes/find-animal-v155-provenance_value-m4-trace.jsonl,4a69545738c8575c5157defa,8,True,True,True,True,0.0,0.0,0.0,False,0,0,True,True,4
main_27_pairs,find-animal,155,provenance_value,4,2,results_submission/scienceworld_local_qwen_animal150_155_v9_m4/episodes/find-animal-v155-provenance_value-m4-trace.jsonl,9aafe4b17f36d7a3e6ef5d05,8,True,True,True,True,0.0,0.0,0.0,False,0,0,True,True,4
main_27_pairs,find-animal,155,provenance_value,4,3,results_submission/scienceworld_local_qwen_animal150_155_v9_m4/episodes/find-animal-v155-provenance_value-m4-trace.jsonl,758c86797b909576045fc236,8,True,True,True,True,0.0,0.0,0.0,False,0,0,True,True,3
main_27_pairs,find-animal,155,provenance_value,4,4,results_submission/scienceworld_local_qwen_animal150_155_v9_m4/episodes/find-animal-v155-provenance_value-m4-trace.jsonl,e5fa8a409f1288c58886819a,8,True,True,True,True,0.0,0.0,0.0,False,0,0,True,True,0
main_27_pairs,find-animal,155,provenance_value,4,5,results_submission/scienceworld_local_qwen_animal150_155_v9_m4/episodes/find-animal-v155-provenance_value-m4-trace.jsonl,834cdebb38ee47d362422405,8,True,True,True,True,0.0,0.0,0.0,False,0,0,True,True,2
main_27_pairs,find-animal,155,provenance_value,4,6,results_submission/scienceworld_local_qwen_animal150_155_v9_m4/episodes/find-animal-v155-provenance_value-m4-trace.jsonl,826182496a4519da1390ae3a,8,True,True,True,True,0.0,0.0,0.0,False,0,0,True,True,2
main_27_pairs,find-animal,155,provenance_value,4,7,results_submission/scienceworld_local_qwen_animal150_155_v9_m4/episodes/find-animal-v155-provenance_value-m4-trace.jsonl,4c9a0589574f851455201f90,8,True,True,True,True,0.0,0.0,0.0,False,0,0,True,True,2
main_27_pairs,find-animal,162,flat,1,0,results_submission/scienceworld_local_qwen_expansion_162_164_m1/episodes/find-animal-v162-flat-m1-trace.jsonl,89e24fb8717fe925f92e336a,8,True,True,True,True,0.0,0.0,0.0,False,0,0,True,True,0
main_27_pairs,find-animal,162,flat,1,1,results_submission/scienceworld_local_qwen_expansion_162_164_m1/episodes/find-animal-v162-flat-m1-trace.jsonl,f36f34ad933a9ac99dc35d48,8,True,True,True,False,0.0,0.0,0.0,False,0,1,False,False,0
main_27_pairs,find-animal,162,flat,1,2,results_submission/scienceworld_local_qwen_expansion_162_164_m1/episodes/find-animal-v162-flat-m1-trace.jsonl,8d0147e3a864f57c35f018ee,8,True,True,True,True,0.0,0.0,0.0,False,0,0,True,True,4
main_27_pairs,find-animal,162,flat,1,3,results_submission/scienceworld_local_qwen_expansion_162_164_m1/episodes/find-animal-v162-flat-m1-trace.jsonl,4cd56464ee534565a672db95,8,True,True,True,True,0.0,0.0,0.0,False,0,0,True,True,4
main_27_pairs,find-animal,162,flat,1,4,results_submission/scienceworld_local_qwen_expansion_162_164_m1/episodes/find-animal-v162-flat-m1-trace.jsonl,09e3445deb51f8bf7b63375d,8,True,True,True,True,0.0,0.0,0.0,False,0,0,True,True,4
main_27_pairs,find-animal,162,flat,1,5,results_submission/scienceworld_local_qwen_expansion_162_164_m1/episodes/find-animal-v162-flat-m1-trace.jsonl,499835afbff190481ffa3ef7,8,True,True,True,True,0.0,0.0,0.0,False,0,0,True,True,2
main_27_pairs,find-animal,162,flat,1,6,results_submission/scienceworld_local_qwen_expansion_162_164_m1/episodes/find-animal-v162-flat-m1-trace.jsonl,a2a6e29b6fa962f60b4e3018,8,True,True,True,True,0.0,0.0,0.0,False,0,2,False,False,4
main_27_pairs,find-animal,162,flat,1,7,results_submission/scienceworld_local_qwen_expansion_162_164_m1/episodes/find-animal-v162-flat-m1-trace.jsonl,88c381e1dee1a20302ad0d63,8,True,True,True,True,0.0,0.0,0.0,False,0,2,False,False,2
main_27_pairs,find-animal,162,provenance_value,1,0,results_submission/scienceworld_local_qwen_expansion_162_164_m1/episodes/find-animal-v162-provenance_value-m1-trace.jsonl,89e24fb8717fe925f92e336a,8,True,True,True,True,0.0,0.0,0.0,False,0,0,True,True,0
main_27_pairs,find-animal,162,provenance_value,1,1,results_submission/scienceworld_local_qwen_expansion_162_164_m1/episodes/find-animal-v162-provenance_value-m1-trace.jsonl,f36f34ad933a9ac99dc35d48,8,True,True,True,False,0.0,0.0,0.0,False,0,0,True,True,0
main_27_pairs,find-animal,162,provenance_value,1,2,results_submission/scienceworld_local_qwen_expansion_162_164_m1/episodes/find-animal-v162-provenance_value-m1-trace.jsonl,8c50239384c3fdb93f608d91,8,True,True,True,False,0.0,0.0,0.0,False,0,0,True,True,0
main_27_pairs,find-animal,162,provenance_value,1,3,results_submission/scienceworld_local_qwen_expansion_162_164_m1/episodes/find-animal-v162-provenance_value-m1-trace.jsonl,b6a2e6fb1c43c22bf542911e,8,True,True,True,True,0.0,0.0,0.0,False,0,0,True,True,2
main_27_pairs,find-animal,162,provenance_value,1,4,results_submission/scienceworld_local_qwen_expansion_162_164_m1/episodes/find-animal-v162-provenance_value-m1-trace.jsonl,84a0b09b5dd8161f0b4da5c3,8,True,True,True,True,0.0,0.0,0.0,False,0,0,True,True,3
main_27_pairs,find-animal,162,provenance_value,1,5,results_submission/scienceworld_local_qwen_expansion_162_164_m1/episodes/find-animal-v162-provenance_value-m1-trace.jsonl,14d1cc83e1ed805064ef1bdd,8,True,True,True,True,0.0,0.0,0.0,False,0,0,True,True,4
main_27_pairs,find-animal,162,provenance_value,1,6,results_submission/scienceworld_local_qwen_expansion_162_164_m1/episodes/find-animal-v162-provenance_value-m1-trace.jsonl,17ef85615b9892d5cc87e1cf,8,True,True,True,True,0.0,0.0,0.0,False,0,0,True,True,2
main_27_pairs,find-animal,162,provenance_value,1,7,results_submission/scienceworld_local_qwen_expansion_162_164_m1/episodes/find-animal-v162-provenance_value-m1-trace.jsonl,01e1b03b3f3ffc46748b6a62,8,True,True,True,False,0.0,0.0,0.0,False,0,0,True,True,1
main_27_pairs,find-animal,163,flat,1,0,results_submission/scienceworld_local_qwen_expansion_162_164_m1/episodes/find-animal-v163-flat-m1-trace.jsonl,f46a1bf7e8d98f526f6b0593,8,True,True,True,True,0.0,0.0,0.0,False,0,0,True,True,1
main_27_pairs,find-animal,163,flat,1,1,results_submission/scienceworld_local_qwen_expansion_162_164_m1/episodes/find-animal-v163-flat-m1-trace.jsonl,bf72df7887036100cc5a1e0e,8,True,True,True,True,0.0,0.0,0.0,False,0,1,False,False,3
main_27_pairs,find-animal,163,flat,1,2,results_submission/scienceworld_local_qwen_expansion_162_164_m1/episodes/find-animal-v163-flat-m1-trace.jsonl,59639f41924bf20690417f64,8,True,True,True,True,0.0,0.0,0.0,False,0,0,True,True,2
main_27_pairs,find-animal,163,flat,1,3,results_submission/scienceworld_local_qwen_expansion_162_164_m1/episodes/find-animal-v163-flat-m1-trace.jsonl,6d94fcaa77e3a20794c7ead6,8,True,True,True,True,0.0,0.0,0.0,False,0,0,True,True,1
main_27_pairs,find-animal,163,flat,1,4,results_submission/scienceworld_local_qwen_expansion_162_164_m1/episodes/find-animal-v163-flat-m1-trace.jsonl,938915a06a1ca9da1e4ae957,8,True,True,True,True,0.0,0.0,0.0,False,0,2,False,False,2
main_27_pairs,find-animal,163,flat,1,5,results_submission/scienceworld_local_qwen_expansion_162_164_m1/episodes/find-animal-v163-flat-m1-trace.jsonl,a2b467b487b361dae813c0f9,8,True,True,True,True,0.0,0.0,0.0,False,0,1,False,False,2
main_27_pairs,find-animal,163,flat,1,6,results_submission/scienceworld_local_qwen_expansion_162_164_m1/episodes/find-animal-v163-flat-m1-trace.jsonl,ad165c702c6886d1a824628a,8,True,True,True,True,0.0,0.0,0.0,False,0,0,True,True,0
main_27_pairs,find-animal,163,flat,1,7,results_submission/scienceworld_local_qwen_expansion_162_164_m1/episodes/find-animal-v163-flat-m1-trace.jsonl,561ede23dc68451484b1764d,8,True,True,True,True,0.0,0.0,0.0,False,0,0,True,True,2
main_27_pairs,find-animal,163,provenance_value,1,0,results_submission/scienceworld_local_qwen_expansion_162_164_m1/episodes/find-animal-v163-provenance_value-m1-trace.jsonl,f46a1bf7e8d98f526f6b0593,8,True,True,True,True,0.0,0.0,0.0,False,0,0,True,True,1
main_27_pairs,find-animal,163,provenance_value,1,1,results_submission/scienceworld_local_qwen_expansion_162_164_m1/episodes/find-animal-v163-provenance_value-m1-trace.jsonl,bf72df7887036100cc5a1e0e,8,True,True,True,True,0.0,0.0,0.0,False,0,0,True,True,3
main_27_pairs,find-animal,163,provenance_value,1,2,results_submission/scienceworld_local_qwen_expansion_162_164_m1/episodes/find-animal-v163-provenance_value-m1-trace.jsonl,6078c27d20aeeae71e51c573,8,True,True,True,True,0.0,0.0,0.0,False,0,0,True,True,3
main_27_pairs,find-animal,163,provenance_value,1,3,results_submission/scienceworld_local_qwen_expansion_162_164_m1/episodes/find-animal-v163-provenance_value-m1-trace.jsonl,0c0768fccfdb5b4786e58b38,8,True,True,True,False,0.0,0.0,0.0,False,0,0,True,True,3
main_27_pairs,find-animal,164,flat,1,0,results_submission/scienceworld_local_qwen_expansion_162_164_m1/episodes/find-animal-v164-flat-m1-trace.jsonl,6a136cca1915e7a598468e04,8,True,True,True,True,0.0,0.0,0.0,False,0,0,True,True,0
main_27_pairs,find-animal,164,flat,1,1,results_submission/scienceworld_local_qwen_expansion_162_164_m1/episodes/find-animal-v164-flat-m1-trace.jsonl,a6d6e5914781fff292e1ec0a,8,True,True,True,False,0.0,0.0,0.0,False,0,1,False,False,2
main_27_pairs,find-animal,164,flat,1,2,results_submission/scienceworld_local_qwen_expansion_162_164_m1/episodes/find-animal-v164-flat-m1-trace.jsonl,ccaf6669395af97ce68aabe6,8,True,True,True,False,0.0,0.0,0.0,False,0,1,False,False,4
main_27_pairs,find-animal,164,flat,1,3,results_submission/scienceworld_local_qwen_expansion_162_164_m1/episodes/find-animal-v164-flat-m1-trace.jsonl,6e09e63cd83cf269699b4446,8,True,True,True,False,0.0,0.0,0.0,False,0,1,False,False,4
main_27_pairs,find-animal,164,flat,1,4,results_submission/scienceworld_local_qwen_expansion_162_164_m1/episodes/find-animal-v164-flat-m1-trace.jsonl,15bb6ae977a2ee05237bc4fb,8,True,True,True,False,0.0,0.0,0.0,False,0,3,False,False,4
main_27_pairs,find-animal,164,flat,1,5,results_submission/scienceworld_local_qwen_expansion_162_164_m1/episodes/find-animal-v164-flat-m1-trace.jsonl,7385b717031e0456167a2441,8,True,True,True,True,0.0,0.0,0.0,False,0,3,False,False,4
main_27_pairs,find-animal,164,flat,1,6,results_submission/scienceworld_local_qwen_expansion_162_164_m1/episodes/find-animal-v164-flat-m1-trace.jsonl,2bdf666abf033463a8f994d6,8,True,True,True,False,0.0,0.0,0.0,False,0,3,False,False,4
main_27_pairs,find-animal,164,flat,1,7,results_submission/scienceworld_local_qwen_expansion_162_164_m1/episodes/find-animal-v164-flat-m1-trace.jsonl,454d17d9879e4bd991d75141,8,True,True,True,True,0.0,0.0,0.0,False,0,2,False,False,3
main_27_pairs,find-animal,164,provenance_value,1,0,results_submission/scienceworld_local_qwen_expansion_162_164_m1/episodes/find-animal-v164-provenance_value-m1-trace.jsonl,6a136cca1915e7a598468e04,8,True,True,True,True,0.0,0.0,0.0,False,0,0,True,True,0
main_27_pairs,find-animal,164,provenance_value,1,1,results_submission/scienceworld_local_qwen_expansion_162_164_m1/episodes/find-animal-v164-provenance_value-m1-trace.jsonl,a6d6e5914781fff292e1ec0a,8,True,True,True,False,0.0,0.0,0.0,False,0,0,True,True,2
main_27_pairs,find-animal,164,provenance_value,1,2,results_submission/scienceworld_local_qwen_expansion_162_164_m1/episodes/find-animal-v164-provenance_value-m1-trace.jsonl,2d263bec8eedf3796fc5b3ba,8,True,True,True,True,0.0,0.0,0.0,False,0,0,True,True,4
main_27_pairs,find-animal,164,provenance_value,1,3,results_submission/scienceworld_local_qwen_expansion_162_164_m1/episodes/find-animal-v164-provenance_value-m1-trace.jsonl,778c93b3559b759a939a5264,8,True,True,True,True,0.0,0.0,0.0,False,0,0,True,True,3
main_27_pairs,find-animal,164,provenance_value,1,4,results_submission/scienceworld_local_qwen_expansion_162_164_m1/episodes/find-animal-v164-provenance_value-m1-trace.jsonl,0b1dcec4e11a767ba4456656,8,True,True,True,True,0.0,0.0,0.0,False,0,0,True,True,1
main_27_pairs,find-animal,164,provenance_value,1,5,results_submission/scienceworld_local_qwen_expansion_162_164_m1/episodes/find-animal-v164-provenance_value-m1-trace.jsonl,5b01043091310138fc90278e,8,True,True,True,True,0.0,0.0,0.0,False,0,0,True,True,3
main_27_pairs,find-animal,164,provenance_value,1,6,results_submission/scienceworld_local_qwen_expansion_162_164_m1/episodes/find-animal-v164-provenance_value-m1-trace.jsonl,3129a32c94896e8210352515,8,True,True,True,True,0.0,0.0,0.0,False,0,0,True,True,3
main_27_pairs,find-animal,164,provenance_value,1,7,results_submission/scienceworld_local_qwen_expansion_162_164_m1/episodes/find-animal-v164-provenance_value-m1-trace.jsonl,083b335f6e1d062e70f75cda,8,True,True,True,True,0.0,0.0,0.0,False,0,0,True,True,3
main_27_pairs,find-plant,162,flat,1,0,results_submission/scienceworld_local_qwen_expansion_162_164_m1/episodes/find-plant-v162-flat-m1-trace.jsonl,ae2293f03025fde758f31a60,8,True,True,True,True,0.0,0.0,0.0,False,0,0,True,True,1
main_27_pairs,find-plant,162,flat,1,1,results_submission/scienceworld_local_qwen_expansion_162_164_m1/episodes/find-plant-v162-flat-m1-trace.jsonl,5267d04a0720e36a57472831,8,True,True,True,True,0.0,0.0,0.0,False,0,1,False,False,2
main_27_pairs,find-plant,162,flat,1,2,results_submission/scienceworld_local_qwen_expansion_162_164_m1/episodes/find-plant-v162-flat-m1-trace.jsonl,47f44ee6096b8e57b76e0774,8,True,True,True,True,0.0,0.0,0.0,False,0,3,False,False,3
main_27_pairs,find-plant,162,flat,1,3,results_submission/scienceworld_local_qwen_expansion_162_164_m1/episodes/find-plant-v162-flat-m1-trace.jsonl,8b9f0b40f50f61f1efeb91c9,8,True,True,True,True,0.0,0.0,0.0,False,0,3,False,False,2
main_27_pairs,find-plant,162,flat,1,4,results_submission/scienceworld_local_qwen_expansion_162_164_m1/episodes/find-plant-v162-flat-m1-trace.jsonl,82d4e238a9fef01f243c7c72,8,True,True,True,True,0.0,0.0,0.0,False,0,1,False,False,1
main_27_pairs,find-plant,162,flat,1,5,results_submission/scienceworld_local_qwen_expansion_162_164_m1/episodes/find-plant-v162-flat-m1-trace.jsonl,4d4f106dc9f9ef4e355e8fed,8,True,True,True,True,0.0,0.0,0.0,False,0,1,False,False,1
main_27_pairs,find-plant,162,flat,1,6,results_submission/scienceworld_local_qwen_expansion_162_164_m1/episodes/find-plant-v162-flat-m1-trace.jsonl,cf653b276cb85c74e7770cbb,8,True,True,True,True,0.0,0.0,0.0,False,0,1,False,False,1
main_27_pairs,find-plant,162,flat,1,7,results_submission/scienceworld_local_qwen_expansion_162_164_m1/episodes/find-plant-v162-flat-m1-trace.jsonl,628c82e8946f9908c12dc782,8,True,True,True,True,0.0,0.0,0.0,False,0,1,False,False,2
main_27_pairs,find-plant,162,provenance_value,1,0,results_submission/scienceworld_local_qwen_expansion_162_164_m1/episodes/find-plant-v162-provenance_value-m1-trace.jsonl,ae2293f03025fde758f31a60,8,True,True,True,True,0.0,0.0,0.0,False,0,0,True,True,1
main_27_pairs,find-plant,162,provenance_value,1,1,results_submission/scienceworld_local_qwen_expansion_162_164_m1/episodes/find-plant-v162-provenance_value-m1-trace.jsonl,5267d04a0720e36a57472831,8,True,True,True,True,0.0,0.0,0.0,False,0,0,True,True,2
main_27_pairs,find-plant,162,provenance_value,1,2,results_submission/scienceworld_local_qwen_expansion_162_164_m1/episodes/find-plant-v162-provenance_value-m1-trace.jsonl,b449b188e60cfdf1e2ff16e2,8,True,True,True,True,0.0,0.0,0.0,False,0,0,True,True,1
main_27_pairs,find-plant,162,provenance_value,1,3,results_submission/scienceworld_local_qwen_expansion_162_164_m1/episodes/find-plant-v162-provenance_value-m1-trace.jsonl,40f1840b59865a96efafb8b2,8,True,True,True,True,0.0,0.0,0.0,False,0,0,True,True,0
main_27_pairs,find-plant,162,provenance_value,1,4,results_submission/scienceworld_local_qwen_expansion_162_164_m1/episodes/find-plant-v162-provenance_value-m1-trace.jsonl,be6b633f94c4c2ac0b6c369c,8,True,True,True,True,0.0,0.0,0.0,False,0,0,True,True,0
main_27_pairs,find-plant,163,flat,1,0,results_submission/scienceworld_local_qwen_expansion_162_164_m1/episodes/find-plant-v163-flat-m1-trace.jsonl,3e36b8dcda84685ad545f133,8,True,True,True,True,0.0,0.0,0.0,False,0,0,True,True,0
main_27_pairs,find-plant,163,flat,1,1,results_submission/scienceworld_local_qwen_expansion_162_164_m1/episodes/find-plant-v163-flat-m1-trace.jsonl,9ae61a4879f0b7d737d65d3d,8,True,True,True,True,0.0,0.0,0.0,False,0,3,False,False,2
main_27_pairs,find-plant,163,flat,1,2,results_submission/scienceworld_local_qwen_expansion_162_164_m1/episodes/find-plant-v163-flat-m1-trace.jsonl,88f207e40b8a07ed20b1b0bb,8,True,True,True,True,0.0,0.0,0.0,False,0,1,False,False,2
main_27_pairs,find-plant,163,flat,1,3,results_submission/scienceworld_local_qwen_expansion_162_164_m1/episodes/find-plant-v163-flat-m1-trace.jsonl,a3dd04d1c06dc67af8914ccc,8,True,True,True,True,0.0,0.0,0.0,False,0,1,False,False,0
main_27_pairs,find-plant,163,flat,1,4,results_submission/scienceworld_local_qwen_expansion_162_164_m1/episodes/find-plant-v163-flat-m1-trace.jsonl,23981617be50780192941e94,8,True,True,True,True,0.0,0.0,0.0,False,0,1,False,False,0
main_27_pairs,find-plant,163,flat,1,5,results_submission/scienceworld_local_qwen_expansion_162_164_m1/episodes/find-plant-v163-flat-m1-trace.jsonl,be8e430b8eb025f281623a0d,8,True,True,True,True,0.0,0.0,0.0,False,0,1,False,False,0
main_27_pairs,find-plant,163,flat,1,6,results_submission/scienceworld_local_qwen_expansion_162_164_m1/episodes/find-plant-v163-flat-m1-trace.jsonl,034322b4c65c3e162ba8178d,8,True,True,True,True,0.0,0.0,0.0,False,0,1,False,False,2
main_27_pairs,find-plant,163,flat,1,7,results_submission/scienceworld_local_qwen_expansion_162_164_m1/episodes/find-plant-v163-flat-m1-trace.jsonl,286276248062c0d435238f5d,8,True,True,True,False,0.0,0.0,0.0,False,0,1,False,False,2
main_27_pairs,find-plant,163,provenance_value,1,0,results_submission/scienceworld_local_qwen_expansion_162_164_m1/episodes/find-plant-v163-provenance_value-m1-trace.jsonl,3e36b8dcda84685ad545f133,8,True,True,True,True,0.0,0.0,0.0,False,0,0,True,True,0
main_27_pairs,find-plant,163,provenance_value,1,1,results_submission/scienceworld_local_qwen_expansion_162_164_m1/episodes/find-plant-v163-provenance_value-m1-trace.jsonl,9ae61a4879f0b7d737d65d3d,8,True,True,True,True,0.0,0.0,0.0,False,0,0,True,True,2
main_27_pairs,find-plant,163,provenance_value,1,2,results_submission/scienceworld_local_qwen_expansion_162_164_m1/episodes/find-plant-v163-provenance_value-m1-trace.jsonl,efc4315d02243c4ba1c3748b,8,True,True,True,False,0.0,0.0,0.0,False,0,0,True,True,2
main_27_pairs,find-plant,163,provenance_value,1,3,results_submission/scienceworld_local_qwen_expansion_162_164_m1/episodes/find-plant-v163-provenance_value-m1-trace.jsonl,3f0df798814e091d8504c9ad,8,True,True,True,True,0.0,0.0,0.0,False,0,0,True,True,3
main_27_pairs,find-plant,163,provenance_value,1,4,results_submission/scienceworld_local_qwen_expansion_162_164_m1/episodes/find-plant-v163-provenance_value-m1-trace.jsonl,b5c1bae07863dc8bfb51e25f,8,True,True,True,True,0.0,0.0,0.0,False,0,0,True,True,3
main_27_pairs,find-plant,163,provenance_value,1,5,results_submission/scienceworld_local_qwen_expansion_162_164_m1/episodes/find-plant-v163-provenance_value-m1-trace.jsonl,75a2fb39b883b00e7e567006,8,True,True,True,True,0.0,0.0,0.0,False,0,0,True,True,0
main_27_pairs,find-plant,164,flat,1,0,results_submission/scienceworld_local_qwen_expansion_162_164_m1/episodes/find-plant-v164-flat-m1-trace.jsonl,99e489352eabcff7b162f46e,8,True,True,True,True,0.0,0.0,0.0,False,0,0,True,True,2
main_27_pairs,find-plant,164,flat,1,1,results_submission/scienceworld_local_qwen_expansion_162_164_m1/episodes/find-plant-v164-flat-m1-trace.jsonl,edf7d7ed44c338aeedd58ec3,8,True,True,True,True,0.0,0.0,0.0,False,0,0,True,True,3
main_27_pairs,find-plant,164,flat,1,2,results_submission/scienceworld_local_qwen_expansion_162_164_m1/episodes/find-plant-v164-flat-m1-trace.jsonl,d82ede6293f6640aca380310,8,True,True,True,True,0.0,0.0,0.0,False,0,0,True,True,0
main_27_pairs,find-plant,164,flat,1,3,results_submission/scienceworld_local_qwen_expansion_162_164_m1/episodes/find-plant-v164-flat-m1-trace.jsonl,224d63d2b6598df3b9fee5e2,8,True,True,True,True,0.0,0.0,0.0,False,0,0,True,True,0
main_27_pairs,find-plant,164,flat,1,4,results_submission/scienceworld_local_qwen_expansion_162_164_m1/episodes/find-plant-v164-flat-m1-trace.jsonl,f883dd404b5a8569df91ca00,8,True,True,True,True,0.0,0.0,0.0,False,0,0,True,True,0
main_27_pairs,find-plant,164,flat,1,5,results_submission/scienceworld_local_qwen_expansion_162_164_m1/episodes/find-plant-v164-flat-m1-trace.jsonl,62efaee018ec4d89aaaef74d,8,True,True,True,True,0.0,0.0,0.0,False,0,0,True,True,0
main_27_pairs,find-plant,164,flat,1,6,results_submission/scienceworld_local_qwen_expansion_162_164_m1/episodes/find-plant-v164-flat-m1-trace.jsonl,1bd1ee11e4c5e3d2b382e422,8,True,True,True,False,0.0,0.0,0.0,False,0,0,True,True,0
main_27_pairs,find-plant,164,flat,1,7,results_submission/scienceworld_local_qwen_expansion_162_164_m1/episodes/find-plant-v164-flat-m1-trace.jsonl,390c978b27b4a0902dadbce1,8,True,True,True,True,0.0,0.0,0.0,False,0,0,True,True,0
main_27_pairs,find-plant,164,provenance_value,1,0,results_submission/scienceworld_local_qwen_expansion_162_164_m1/episodes/find-plant-v164-provenance_value-m1-trace.jsonl,99e489352eabcff7b162f46e,8,True,True,True,True,0.0,0.0,0.0,False,0,0,True,True,2
main_27_pairs,find-plant,164,provenance_value,1,1,results_submission/scienceworld_local_qwen_expansion_162_164_m1/episodes/find-plant-v164-provenance_value-m1-trace.jsonl,edf7d7ed44c338aeedd58ec3,8,True,True,True,True,0.0,0.0,0.0,False,0,0,True,True,3
main_27_pairs,find-plant,164,provenance_value,1,2,results_submission/scienceworld_local_qwen_expansion_162_164_m1/episodes/find-plant-v164-provenance_value-m1-trace.jsonl,d82ede6293f6640aca380310,8,True,True,True,True,0.0,0.0,0.0,False,0,0,True,True,0
main_27_pairs,find-plant,164,provenance_value,1,3,results_submission/scienceworld_local_qwen_expansion_162_164_m1/episodes/find-plant-v164-provenance_value-m1-trace.jsonl,224d63d2b6598df3b9fee5e2,8,True,True,True,True,0.0,0.0,0.0,False,0,0,True,True,0
main_27_pairs,find-plant,164,provenance_value,1,4,results_submission/scienceworld_local_qwen_expansion_162_164_m1/episodes/find-plant-v164-provenance_value-m1-trace.jsonl,f883dd404b5a8569df91ca00,8,True,True,True,True,0.0,0.0,0.0,False,0,0,True,True,0
main_27_pairs,find-plant,164,provenance_value,1,5,results_submission/scienceworld_local_qwen_expansion_162_164_m1/episodes/find-plant-v164-provenance_value-m1-trace.jsonl,62efaee018ec4d89aaaef74d,8,True,True,True,True,0.0,0.0,0.0,False,0,0,True,True,0
main_27_pairs,find-plant,164,provenance_value,1,6,results_submission/scienceworld_local_qwen_expansion_162_164_m1/episodes/find-plant-v164-provenance_value-m1-trace.jsonl,1bd1ee11e4c5e3d2b382e422,8,True,True,True,False,0.0,0.0,0.0,False,0,0,True,True,0
main_27_pairs,find-plant,164,provenance_value,1,7,results_submission/scienceworld_local_qwen_expansion_162_164_m1/episodes/find-plant-v164-provenance_value-m1-trace.jsonl,390c978b27b4a0902dadbce1,8,True,True,True,True,0.0,0.0,0.0,False,0,0,True,True,0
main_27_pairs,find-animal,162,flat,4,0,results_submission/scienceworld_local_qwen_expansion_162_164_m4/episodes/find-animal-v162-flat-m4-trace.jsonl,89e24fb8717fe925f92e336a,8,True,True,True,True,0.0,0.0,0.0,False,0,0,True,True,0
main_27_pairs,find-animal,162,flat,4,1,results_submission/scienceworld_local_qwen_expansion_162_164_m4/episodes/find-animal-v162-flat-m4-trace.jsonl,f36f34ad933a9ac99dc35d48,8,True,True,True,False,0.0,0.0,0.0,False,0,0,True,True,0
main_27_pairs,find-animal,162,flat,4,2,results_submission/scienceworld_local_qwen_expansion_162_164_m4/episodes/find-animal-v162-flat-m4-trace.jsonl,8c50239384c3fdb93f608d91,8,True,True,True,False,0.0,0.0,0.0,False,0,3,False,False,0
main_27_pairs,find-animal,162,flat,4,3,results_submission/scienceworld_local_qwen_expansion_162_164_m4/episodes/find-animal-v162-flat-m4-trace.jsonl,706c8bcbbaf78aff805a7303,8,True,True,True,False,0.0,0.0,0.0,False,0,1,False,False,0
main_27_pairs,find-animal,162,flat,4,4,results_submission/scienceworld_local_qwen_expansion_162_164_m4/episodes/find-animal-v162-flat-m4-trace.jsonl,6bf294348ba1c3b3a7fb31aa,8,True,True,True,True,0.0,0.0,0.0,False,0,0,True,True,3
main_27_pairs,find-animal,162,flat,4,5,results_submission/scienceworld_local_qwen_expansion_162_164_m4/episodes/find-animal-v162-flat-m4-trace.jsonl,21bdd4825f1c005769bece96,8,True,True,True,True,0.0,0.0,0.0,False,0,0,True,True,4
main_27_pairs,find-animal,162,flat,4,6,results_submission/scienceworld_local_qwen_expansion_162_164_m4/episodes/find-animal-v162-flat-m4-trace.jsonl,a0fbef5c213af166808b8b3e,8,True,True,True,True,0.0,0.0,0.0,False,0,0,True,True,4
main_27_pairs,find-animal,162,flat,4,7,results_submission/scienceworld_local_qwen_expansion_162_164_m4/episodes/find-animal-v162-flat-m4-trace.jsonl,e580c18d52c40b5b7caf2053,8,True,True,True,False,0.0,0.0,0.0,False,0,0,True,True,1
main_27_pairs,find-animal,162,provenance_value,4,0,results_submission/scienceworld_local_qwen_expansion_162_164_m4/episodes/find-animal-v162-provenance_value-m4-trace.jsonl,89e24fb8717fe925f92e336a,8,True,True,True,True,0.0,0.0,0.0,False,0,0,True,True,0
main_27_pairs,find-animal,162,provenance_value,4,1,results_submission/scienceworld_local_qwen_expansion_162_164_m4/episodes/find-animal-v162-provenance_value-m4-trace.jsonl,f36f34ad933a9ac99dc35d48,8,True,True,True,False,0.0,0.0,0.0,False,0,0,True,True,0
main_27_pairs,find-animal,162,provenance_value,4,2,results_submission/scienceworld_local_qwen_expansion_162_164_m4/episodes/find-animal-v162-provenance_value-m4-trace.jsonl,8c50239384c3fdb93f608d91,8,True,True,True,False,0.0,0.0,0.0,False,0,0,True,True,0
main_27_pairs,find-animal,162,provenance_value,4,3,results_submission/scienceworld_local_qwen_expansion_162_164_m4/episodes/find-animal-v162-provenance_value-m4-trace.jsonl,b6a2e6fb1c43c22bf542911e,8,True,True,True,True,0.0,0.0,0.0,False,0,0,True,True,2
main_27_pairs,find-animal,162,provenance_value,4,4,results_submission/scienceworld_local_qwen_expansion_162_164_m4/episodes/find-animal-v162-provenance_value-m4-trace.jsonl,84a0b09b5dd8161f0b4da5c3,8,True,True,True,True,0.0,0.0,0.0,False,0,0,True,True,3
main_27_pairs,find-animal,162,provenance_value,4,5,results_submission/scienceworld_local_qwen_expansion_162_164_m4/episodes/find-animal-v162-provenance_value-m4-trace.jsonl,14d1cc83e1ed805064ef1bdd,8,True,True,True,True,0.0,0.0,0.0,False,0,0,True,True,4
main_27_pairs,find-animal,162,provenance_value,4,6,results_submission/scienceworld_local_qwen_expansion_162_164_m4/episodes/find-animal-v162-provenance_value-m4-trace.jsonl,17ef85615b9892d5cc87e1cf,8,True,True,True,True,0.0,0.0,0.0,False,0,0,True,True,2
main_27_pairs,find-animal,162,provenance_value,4,7,results_submission/scienceworld_local_qwen_expansion_162_164_m4/episodes/find-animal-v162-provenance_value-m4-trace.jsonl,01e1b03b3f3ffc46748b6a62,8,True,True,True,False,0.0,0.0,0.0,False,0,0,True,True,1
main_27_pairs,find-animal,163,flat,4,0,results_submission/scienceworld_local_qwen_expansion_162_164_m4/episodes/find-animal-v163-flat-m4-trace.jsonl,f46a1bf7e8d98f526f6b0593,8,True,True,True,True,0.0,0.0,0.0,False,0,0,True,True,1
main_27_pairs,find-animal,163,flat,4,1,results_submission/scienceworld_local_qwen_expansion_162_164_m4/episodes/find-animal-v163-flat-m4-trace.jsonl,bf72df7887036100cc5a1e0e,8,True,True,True,True,0.0,0.0,0.0,False,0,3,False,False,3
main_27_pairs,find-animal,163,flat,4,2,results_submission/scienceworld_local_qwen_expansion_162_164_m4/episodes/find-animal-v163-flat-m4-trace.jsonl,98438abd0cb5f9c272bee1f6,8,True,True,True,True,0.0,0.0,0.0,False,0,1,False,False,2
main_27_pairs,find-animal,163,flat,4,3,results_submission/scienceworld_local_qwen_expansion_162_164_m4/episodes/find-animal-v163-flat-m4-trace.jsonl,3bcd69178a41afb7c4b9764d,8,True,True,True,True,0.0,0.0,0.0,False,0,2,False,False,3
main_27_pairs,find-animal,163,flat,4,4,results_submission/scienceworld_local_qwen_expansion_162_164_m4/episodes/find-animal-v163-flat-m4-trace.jsonl,a390a0621c6eef4eff93ea41,8,True,True,True,True,0.0,0.0,0.0,False,0,0,True,True,3
main_27_pairs,find-animal,163,flat,4,5,results_submission/scienceworld_local_qwen_expansion_162_164_m4/episodes/find-animal-v163-flat-m4-trace.jsonl,fc41233d99ba993663769f23,8,True,True,True,True,0.0,0.0,0.0,False,0,1,False,False,2
main_27_pairs,find-animal,163,flat,4,6,results_submission/scienceworld_local_qwen_expansion_162_164_m4/episodes/find-animal-v163-flat-m4-trace.jsonl,a892847aac2176e13e837b0b,8,True,True,True,True,0.0,0.0,0.0,False,0,1,False,False,2
main_27_pairs,find-animal,163,flat,4,7,results_submission/scienceworld_local_qwen_expansion_162_164_m4/episodes/find-animal-v163-flat-m4-trace.jsonl,b93db5ce030166af055c103b,8,True,True,True,True,0.0,0.0,0.0,False,0,0,True,True,0
main_27_pairs,find-animal,163,provenance_value,4,0,results_submission/scienceworld_local_qwen_expansion_162_164_m4/episodes/find-animal-v163-provenance_value-m4-trace.jsonl,f46a1bf7e8d98f526f6b0593,8,True,True,True,True,0.0,0.0,0.0,False,0,0,True,True,1
main_27_pairs,find-animal,163,provenance_value,4,1,results_submission/scienceworld_local_qwen_expansion_162_164_m4/episodes/find-animal-v163-provenance_value-m4-trace.jsonl,bf72df7887036100cc5a1e0e,8,True,True,True,True,0.0,0.0,0.0,False,0,0,True,True,3
main_27_pairs,find-animal,163,provenance_value,4,2,results_submission/scienceworld_local_qwen_expansion_162_164_m4/episodes/find-animal-v163-provenance_value-m4-trace.jsonl,6078c27d20aeeae71e51c573,8,True,True,True,True,0.0,0.0,0.0,False,0,0,True,True,3
main_27_pairs,find-animal,163,provenance_value,4,3,results_submission/scienceworld_local_qwen_expansion_162_164_m4/episodes/find-animal-v163-provenance_value-m4-trace.jsonl,0c0768fccfdb5b4786e58b38,8,True,True,True,False,0.0,0.0,0.0,False,0,0,True,True,3
main_27_pairs,find-animal,164,flat,4,0,results_submission/scienceworld_local_qwen_expansion_162_164_m4/episodes/find-animal-v164-flat-m4-trace.jsonl,6a136cca1915e7a598468e04,8,True,True,True,True,0.0,0.0,0.0,False,0,3,False,False,0
main_27_pairs,find-animal,164,flat,4,1,results_submission/scienceworld_local_qwen_expansion_162_164_m4/episodes/find-animal-v164-flat-m4-trace.jsonl,c402f7f8729ea5c5169ac54c,8,True,True,True,True,0.0,0.0,0.0,False,0,0,True,True,3
main_27_pairs,find-animal,164,flat,4,2,results_submission/scienceworld_local_qwen_expansion_162_164_m4/episodes/find-animal-v164-flat-m4-trace.jsonl,55ec259d962429fb401aeba7,8,True,True,True,True,0.0,0.0,0.0,False,0,0,True,True,3
main_27_pairs,find-animal,164,flat,4,3,results_submission/scienceworld_local_qwen_expansion_162_164_m4/episodes/find-animal-v164-flat-m4-trace.jsonl,c1c35b8441a7060d26f43efd,8,True,True,True,True,0.0,0.0,0.0,False,0,1,False,False,2
main_27_pairs,find-animal,164,flat,4,4,results_submission/scienceworld_local_qwen_expansion_162_164_m4/episodes/find-animal-v164-flat-m4-trace.jsonl,1ee5b727fe7f442d96d650a1,8,True,True,True,True,0.0,0.0,0.0,False,0,1,False,False,2
main_27_pairs,find-animal,164,flat,4,5,results_submission/scienceworld_local_qwen_expansion_162_164_m4/episodes/find-animal-v164-flat-m4-trace.jsonl,ce32f79b82bb15c49bd3f72e,8,True,True,True,True,0.0,0.0,0.0,False,0,1,False,False,2
main_27_pairs,find-animal,164,flat,4,6,results_submission/scienceworld_local_qwen_expansion_162_164_m4/episodes/find-animal-v164-flat-m4-trace.jsonl,e0275d12fd3ccc3caaedc944,8,True,True,True,True,0.0,0.0,0.0,False,0,1,False,False,2
main_27_pairs,find-animal,164,flat,4,7,results_submission/scienceworld_local_qwen_expansion_162_164_m4/episodes/find-animal-v164-flat-m4-trace.jsonl,8da7559cb2cccb066df19b79,8,True,True,True,True,0.0,0.0,0.0,False,0,3,False,False,3
main_27_pairs,find-animal,164,provenance_value,4,0,results_submission/scienceworld_local_qwen_expansion_162_164_m4/episodes/find-animal-v164-provenance_value-m4-trace.jsonl,6a136cca1915e7a598468e04,8,True,True,True,True,0.0,0.0,0.0,False,0,0,True,True,0
main_27_pairs,find-animal,164,provenance_value,4,1,results_submission/scienceworld_local_qwen_expansion_162_164_m4/episodes/find-animal-v164-provenance_value-m4-trace.jsonl,a6d6e5914781fff292e1ec0a,8,True,True,True,False,0.0,0.0,0.0,False,0,0,True,True,2
main_27_pairs,find-animal,164,provenance_value,4,2,results_submission/scienceworld_local_qwen_expansion_162_164_m4/episodes/find-animal-v164-provenance_value-m4-trace.jsonl,2d263bec8eedf3796fc5b3ba,8,True,True,True,True,0.0,0.0,0.0,False,0,0,True,True,4
main_27_pairs,find-animal,164,provenance_value,4,3,results_submission/scienceworld_local_qwen_expansion_162_164_m4/episodes/find-animal-v164-provenance_value-m4-trace.jsonl,778c93b3559b759a939a5264,8,True,True,True,True,0.0,0.0,0.0,False,0,0,True,True,3
main_27_pairs,find-animal,164,provenance_value,4,4,results_submission/scienceworld_local_qwen_expansion_162_164_m4/episodes/find-animal-v164-provenance_value-m4-trace.jsonl,0b1dcec4e11a767ba4456656,8,True,True,True,True,0.0,0.0,0.0,False,0,0,True,True,1
main_27_pairs,find-animal,164,provenance_value,4,5,results_submission/scienceworld_local_qwen_expansion_162_164_m4/episodes/find-animal-v164-provenance_value-m4-trace.jsonl,5b01043091310138fc90278e,8,True,True,True,True,0.0,0.0,0.0,False,0,0,True,True,3
main_27_pairs,find-animal,164,provenance_value,4,6,results_submission/scienceworld_local_qwen_expansion_162_164_m4/episodes/find-animal-v164-provenance_value-m4-trace.jsonl,3129a32c94896e8210352515,8,True,True,True,True,0.0,0.0,0.0,False,0,0,True,True,3
main_27_pairs,find-animal,164,provenance_value,4,7,results_submission/scienceworld_local_qwen_expansion_162_164_m4/episodes/find-animal-v164-provenance_value-m4-trace.jsonl,083b335f6e1d062e70f75cda,8,True,True,True,True,0.0,0.0,0.0,False,0,0,True,True,3
main_27_pairs,find-plant,162,flat,4,0,results_submission/scienceworld_local_qwen_expansion_162_164_m4/episodes/find-plant-v162-flat-m4-trace.jsonl,ae2293f03025fde758f31a60,8,True,True,True,True,0.0,0.0,0.0,False,0,0,True,True,1
main_27_pairs,find-plant,162,flat,4,1,results_submission/scienceworld_local_qwen_expansion_162_164_m4/episodes/find-plant-v162-flat-m4-trace.jsonl,5267d04a0720e36a57472831,8,True,True,True,True,0.0,0.0,0.0,False,0,1,False,False,2
main_27_pairs,find-plant,162,flat,4,2,results_submission/scienceworld_local_qwen_expansion_162_164_m4/episodes/find-plant-v162-flat-m4-trace.jsonl,47f44ee6096b8e57b76e0774,8,True,True,True,True,0.0,0.0,0.0,False,0,3,False,False,3
main_27_pairs,find-plant,162,flat,4,3,results_submission/scienceworld_local_qwen_expansion_162_164_m4/episodes/find-plant-v162-flat-m4-trace.jsonl,8b9f0b40f50f61f1efeb91c9,8,True,True,True,True,0.0,0.0,0.0,False,0,3,False,False,2
main_27_pairs,find-plant,162,flat,4,4,results_submission/scienceworld_local_qwen_expansion_162_164_m4/episodes/find-plant-v162-flat-m4-trace.jsonl,82d4e238a9fef01f243c7c72,8,True,True,True,True,0.0,0.0,0.0,False,0,3,False,False,1
main_27_pairs,find-plant,162,flat,4,5,results_submission/scienceworld_local_qwen_expansion_162_164_m4/episodes/find-plant-v162-flat-m4-trace.jsonl,f88ea0331e6f1fe33940cc11,8,True,True,True,True,0.0,0.0,0.0,False,0,1,False,False,3
main_27_pairs,find-plant,162,flat,4,6,results_submission/scienceworld_local_qwen_expansion_162_164_m4/episodes/find-plant-v162-flat-m4-trace.jsonl,c15d514e536fe0a5435aafcd,8,True,True,True,True,0.0,0.0,0.0,False,0,1,False,False,2
main_27_pairs,find-plant,162,flat,4,7,results_submission/scienceworld_local_qwen_expansion_162_164_m4/episodes/find-plant-v162-flat-m4-trace.jsonl,c7b56fb9289bbf3b3554be62,8,True,True,True,True,0.0,0.0,0.0,False,0,1,False,False,3
main_27_pairs,find-plant,162,provenance_value,4,0,results_submission/scienceworld_local_qwen_expansion_162_164_m4/episodes/find-plant-v162-provenance_value-m4-trace.jsonl,ae2293f03025fde758f31a60,8,True,True,True,True,0.0,0.0,0.0,False,0,0,True,True,1
main_27_pairs,find-plant,162,provenance_value,4,1,results_submission/scienceworld_local_qwen_expansion_162_164_m4/episodes/find-plant-v162-provenance_value-m4-trace.jsonl,5267d04a0720e36a57472831,8,True,True,True,True,0.0,0.0,0.0,False,0,0,True,True,2
main_27_pairs,find-plant,162,provenance_value,4,2,results_submission/scienceworld_local_qwen_expansion_162_164_m4/episodes/find-plant-v162-provenance_value-m4-trace.jsonl,b449b188e60cfdf1e2ff16e2,8,True,True,True,True,0.0,0.0,0.0,False,0,0,True,True,1
main_27_pairs,find-plant,162,provenance_value,4,3,results_submission/scienceworld_local_qwen_expansion_162_164_m4/episodes/find-plant-v162-provenance_value-m4-trace.jsonl,40f1840b59865a96efafb8b2,8,True,True,True,True,0.0,0.0,0.0,False,0,0,True,True,0
main_27_pairs,find-plant,162,provenance_value,4,4,results_submission/scienceworld_local_qwen_expansion_162_164_m4/episodes/find-plant-v162-provenance_value-m4-trace.jsonl,be6b633f94c4c2ac0b6c369c,8,True,True,True,True,0.0,0.0,0.0,False,0,0,True,True,0
main_27_pairs,find-plant,163,flat,4,0,results_submission/scienceworld_local_qwen_expansion_162_164_m4/episodes/find-plant-v163-flat-m4-trace.jsonl,3e36b8dcda84685ad545f133,8,True,True,True,True,0.0,0.0,0.0,False,0,0,True,True,0
main_27_pairs,find-plant,163,flat,4,1,results_submission/scienceworld_local_qwen_expansion_162_164_m4/episodes/find-plant-v163-flat-m4-trace.jsonl,9ae61a4879f0b7d737d65d3d,8,True,True,True,True,0.0,0.0,0.0,False,0,3,False,False,2
main_27_pairs,find-plant,163,flat,4,2,results_submission/scienceworld_local_qwen_expansion_162_164_m4/episodes/find-plant-v163-flat-m4-trace.jsonl,88f207e40b8a07ed20b1b0bb,8,True,True,True,True,0.0,0.0,0.0,False,0,1,False,False,2
main_27_pairs,find-plant,163,flat,4,3,results_submission/scienceworld_local_qwen_expansion_162_164_m4/episodes/find-plant-v163-flat-m4-trace.jsonl,a3dd04d1c06dc67af8914ccc,8,True,True,True,True,0.0,0.0,0.0,False,0,1,False,False,0
main_27_pairs,find-plant,163,flat,4,4,results_submission/scienceworld_local_qwen_expansion_162_164_m4/episodes/find-plant-v163-flat-m4-trace.jsonl,23981617be50780192941e94,8,True,True,True,True,0.0,0.0,0.0,False,0,1,False,False,0
main_27_pairs,find-plant,163,flat,4,5,results_submission/scienceworld_local_qwen_expansion_162_164_m4/episodes/find-plant-v163-flat-m4-trace.jsonl,be8e430b8eb025f281623a0d,8,True,True,True,True,0.0,0.0,0.0,False,0,1,False,False,0
main_27_pairs,find-plant,163,flat,4,6,results_submission/scienceworld_local_qwen_expansion_162_164_m4/episodes/find-plant-v163-flat-m4-trace.jsonl,034322b4c65c3e162ba8178d,8,True,True,True,True,0.0,0.0,0.0,False,0,1,False,False,2
main_27_pairs,find-plant,163,flat,4,7,results_submission/scienceworld_local_qwen_expansion_162_164_m4/episodes/find-plant-v163-flat-m4-trace.jsonl,286276248062c0d435238f5d,8,True,True,True,False,0.0,0.0,0.0,False,0,0,True,True,2
main_27_pairs,find-plant,163,provenance_value,4,0,results_submission/scienceworld_local_qwen_expansion_162_164_m4/episodes/find-plant-v163-provenance_value-m4-trace.jsonl,3e36b8dcda84685ad545f133,8,True,True,True,True,0.0,0.0,0.0,False,0,0,True,True,0
main_27_pairs,find-plant,163,provenance_value,4,1,results_submission/scienceworld_local_qwen_expansion_162_164_m4/episodes/find-plant-v163-provenance_value-m4-trace.jsonl,9ae61a4879f0b7d737d65d3d,8,True,True,True,True,0.0,0.0,0.0,False,0,0,True,True,2
main_27_pairs,find-plant,163,provenance_value,4,2,results_submission/scienceworld_local_qwen_expansion_162_164_m4/episodes/find-plant-v163-provenance_value-m4-trace.jsonl,efc4315d02243c4ba1c3748b,8,True,True,True,False,0.0,0.0,0.0,False,0,0,True,True,2
main_27_pairs,find-plant,163,provenance_value,4,3,results_submission/scienceworld_local_qwen_expansion_162_164_m4/episodes/find-plant-v163-provenance_value-m4-trace.jsonl,3f0df798814e091d8504c9ad,8,True,True,True,True,0.0,0.0,0.0,False,0,0,True,True,3
main_27_pairs,find-plant,163,provenance_value,4,4,results_submission/scienceworld_local_qwen_expansion_162_164_m4/episodes/find-plant-v163-provenance_value-m4-trace.jsonl,b5c1bae07863dc8bfb51e25f,8,True,True,True,True,0.0,0.0,0.0,False,0,0,True,True,3
main_27_pairs,find-plant,163,provenance_value,4,5,results_submission/scienceworld_local_qwen_expansion_162_164_m4/episodes/find-plant-v163-provenance_value-m4-trace.jsonl,75a2fb39b883b00e7e567006,8,True,True,True,True,0.0,0.0,0.0,False,0,0,True,True,0
main_27_pairs,find-plant,164,flat,4,0,results_submission/scienceworld_local_qwen_expansion_162_164_m4/episodes/find-plant-v164-flat-m4-trace.jsonl,99e489352eabcff7b162f46e,8,True,True,True,True,0.0,0.0,0.0,False,0,0,True,True,2
main_27_pairs,find-plant,164,flat,4,1,results_submission/scienceworld_local_qwen_expansion_162_164_m4/episodes/find-plant-v164-flat-m4-trace.jsonl,edf7d7ed44c338aeedd58ec3,8,True,True,True,True,0.0,0.0,0.0,False,0,0,True,True,3
main_27_pairs,find-plant,164,flat,4,2,results_submission/scienceworld_local_qwen_expansion_162_164_m4/episodes/find-plant-v164-flat-m4-trace.jsonl,d82ede6293f6640aca380310,8,True,True,True,True,0.0,0.0,0.0,False,0,0,True,True,0
main_27_pairs,find-plant,164,flat,4,3,results_submission/scienceworld_local_qwen_expansion_162_164_m4/episodes/find-plant-v164-flat-m4-trace.jsonl,224d63d2b6598df3b9fee5e2,8,True,True,True,True,0.0,0.0,0.0,False,0,0,True,True,0
main_27_pairs,find-plant,164,flat,4,4,results_submission/scienceworld_local_qwen_expansion_162_164_m4/episodes/find-plant-v164-flat-m4-trace.jsonl,f883dd404b5a8569df91ca00,8,True,True,True,True,0.0,0.0,0.0,False,0,0,True,True,0
main_27_pairs,find-plant,164,flat,4,5,results_submission/scienceworld_local_qwen_expansion_162_164_m4/episodes/find-plant-v164-flat-m4-trace.jsonl,62efaee018ec4d89aaaef74d,8,True,True,True,True,0.0,0.0,0.0,False,0,0,True,True,0
main_27_pairs,find-plant,164,flat,4,6,results_submission/scienceworld_local_qwen_expansion_162_164_m4/episodes/find-plant-v164-flat-m4-trace.jsonl,1bd1ee11e4c5e3d2b382e422,8,True,True,True,False,0.0,0.0,0.0,False,0,0,True,True,0
main_27_pairs,find-plant,164,flat,4,7,results_submission/scienceworld_local_qwen_expansion_162_164_m4/episodes/find-plant-v164-flat-m4-trace.jsonl,390c978b27b4a0902dadbce1,8,True,True,True,True,0.0,0.0,0.0,False,0,0,True,True,0
main_27_pairs,find-plant,164,provenance_value,4,0,results_submission/scienceworld_local_qwen_expansion_162_164_m4/episodes/find-plant-v164-provenance_value-m4-trace.jsonl,99e489352eabcff7b162f46e,8,True,True,True,True,0.0,0.0,0.0,False,0,0,True,True,2
main_27_pairs,find-plant,164,provenance_value,4,1,results_submission/scienceworld_local_qwen_expansion_162_164_m4/episodes/find-plant-v164-provenance_value-m4-trace.jsonl,edf7d7ed44c338aeedd58ec3,8,True,True,True,True,0.0,0.0,0.0,False,0,0,True,True,3
main_27_pairs,find-plant,164,provenance_value,4,2,results_submission/scienceworld_local_qwen_expansion_162_164_m4/episodes/find-plant-v164-provenance_value-m4-trace.jsonl,d82ede6293f6640aca380310,8,True,True,True,True,0.0,0.0,0.0,False,0,0,True,True,0
main_27_pairs,find-plant,164,provenance_value,4,3,results_submission/scienceworld_local_qwen_expansion_162_164_m4/episodes/find-plant-v164-provenance_value-m4-trace.jsonl,224d63d2b6598df3b9fee5e2,8,True,True,True,True,0.0,0.0,0.0,False,0,0,True,True,0
main_27_pairs,find-plant,164,provenance_value,4,4,results_submission/scienceworld_local_qwen_expansion_162_164_m4/episodes/find-plant-v164-provenance_value-m4-trace.jsonl,f883dd404b5a8569df91ca00,8,True,True,True,True,0.0,0.0,0.0,False,0,0,True,True,0
main_27_pairs,find-plant,164,provenance_value,4,5,results_submission/scienceworld_local_qwen_expansion_162_164_m4/episodes/find-plant-v164-provenance_value-m4-trace.jsonl,62efaee018ec4d89aaaef74d,8,True,True,True,True,0.0,0.0,0.0,False,0,0,True,True,0
main_27_pairs,find-plant,164,provenance_value,4,6,results_submission/scienceworld_local_qwen_expansion_162_164_m4/episodes/find-plant-v164-provenance_value-m4-trace.jsonl,1bd1ee11e4c5e3d2b382e422,8,True,True,True,False,0.0,0.0,0.0,False,0,0,True,True,0
main_27_pairs,find-plant,164,provenance_value,4,7,results_submission/scienceworld_local_qwen_expansion_162_164_m4/episodes/find-plant-v164-provenance_value-m4-trace.jsonl,390c978b27b4a0902dadbce1,8,True,True,True,True,0.0,0.0,0.0,False,0,0,True,True,0
main_27_pairs,find-animal,165,flat,1,0,results_submission/scienceworld_local_qwen_expansion_165_167_m1/episodes/find-animal-v165-flat-m1-trace.jsonl,b4d316f979110a49fb9909de,8,True,True,True,True,0.0,0.0,0.0,False,0,0,True,True,1
main_27_pairs,find-animal,165,flat,1,1,results_submission/scienceworld_local_qwen_expansion_165_167_m1/episodes/find-animal-v165-flat-m1-trace.jsonl,d6b7ab4189aaaf8e3dfe2cdc,8,True,True,True,True,0.0,0.0,0.0,False,0,1,False,False,3
main_27_pairs,find-animal,165,flat,1,2,results_submission/scienceworld_local_qwen_expansion_165_167_m1/episodes/find-animal-v165-flat-m1-trace.jsonl,a5105dd96eed7f3c8efa6556,8,True,True,True,True,0.0,0.0,0.0,False,0,0,True,True,3
main_27_pairs,find-animal,165,flat,1,3,results_submission/scienceworld_local_qwen_expansion_165_167_m1/episodes/find-animal-v165-flat-m1-trace.jsonl,4f6c8d0887fe74c97b1e7855,8,True,True,True,True,0.0,0.0,0.0,False,0,0,True,True,3
main_27_pairs,find-animal,165,flat,1,4,results_submission/scienceworld_local_qwen_expansion_165_167_m1/episodes/find-animal-v165-flat-m1-trace.jsonl,842e465294cd8bf499cbe6bf,8,True,True,True,True,0.0,0.0,0.0,False,0,0,True,True,0
main_27_pairs,find-animal,165,flat,1,5,results_submission/scienceworld_local_qwen_expansion_165_167_m1/episodes/find-animal-v165-flat-m1-trace.jsonl,33ae95bf63ef0ae7b2d61840,8,True,True,True,True,0.0,0.0,0.0,False,0,3,False,False,0
main_27_pairs,find-animal,165,flat,1,6,results_submission/scienceworld_local_qwen_expansion_165_167_m1/episodes/find-animal-v165-flat-m1-trace.jsonl,8802fe9fc1ab4d105c23f52c,8,True,True,True,True,0.0,0.0,0.0,False,0,3,False,False,0
main_27_pairs,find-animal,165,flat,1,7,results_submission/scienceworld_local_qwen_expansion_165_167_m1/episodes/find-animal-v165-flat-m1-trace.jsonl,376b8f8674f7b0d008b3b95e,8,True,True,True,True,0.0,0.0,0.0,False,0,0,True,True,1
main_27_pairs,find-animal,165,provenance_value,1,0,results_submission/scienceworld_local_qwen_expansion_165_167_m1/episodes/find-animal-v165-provenance_value-m1-trace.jsonl,b4d316f979110a49fb9909de,8,True,True,True,True,0.0,0.0,0.0,False,0,0,True,True,1
main_27_pairs,find-animal,165,provenance_value,1,1,results_submission/scienceworld_local_qwen_expansion_165_167_m1/episodes/find-animal-v165-provenance_value-m1-trace.jsonl,d6b7ab4189aaaf8e3dfe2cdc,8,True,True,True,True,0.0,0.0,0.0,False,0,0,True,True,3
main_27_pairs,find-animal,165,provenance_value,1,2,results_submission/scienceworld_local_qwen_expansion_165_167_m1/episodes/find-animal-v165-provenance_value-m1-trace.jsonl,353ecd4662455ceed82a01d9,8,True,True,True,True,0.0,0.0,0.0,False,0,0,True,True,3
main_27_pairs,find-animal,165,provenance_value,1,3,results_submission/scienceworld_local_qwen_expansion_165_167_m1/episodes/find-animal-v165-provenance_value-m1-trace.jsonl,0436fa684759710a7fda89f4,8,True,True,True,True,0.0,0.0,0.0,False,0,0,True,True,3
main_27_pairs,find-animal,165,provenance_value,1,4,results_submission/scienceworld_local_qwen_expansion_165_167_m1/episodes/find-animal-v165-provenance_value-m1-trace.jsonl,9086c32167b5f67f190b93de,8,True,True,True,True,0.0,0.0,0.0,False,0,0,True,True,3
main_27_pairs,find-animal,165,provenance_value,1,5,results_submission/scienceworld_local_qwen_expansion_165_167_m1/episodes/find-animal-v165-provenance_value-m1-trace.jsonl,1e23e40bb4cd2895c7bb16f6,8,True,True,True,True,0.0,0.0,0.0,False,0,0,True,True,0
main_27_pairs,find-animal,165,provenance_value,1,6,results_submission/scienceworld_local_qwen_expansion_165_167_m1/episodes/find-animal-v165-provenance_value-m1-trace.jsonl,89802623650ca9a6b8735178,8,True,True,True,True,0.0,0.0,0.0,False,0,0,True,True,0
main_27_pairs,find-animal,165,provenance_value,1,7,results_submission/scienceworld_local_qwen_expansion_165_167_m1/episodes/find-animal-v165-provenance_value-m1-trace.jsonl,be461d3546b1da2ef5b30c6d,8,True,True,True,True,0.0,0.0,0.0,False,0,0,True,True,0
main_27_pairs,find-animal,166,flat,1,0,results_submission/scienceworld_local_qwen_expansion_165_167_m1/episodes/find-animal-v166-flat-m1-trace.jsonl,2660b1fe6d1a7c4f27aaa0b3,8,True,True,True,True,0.0,0.0,0.0,False,0,1,False,False,0
main_27_pairs,find-animal,166,flat,1,1,results_submission/scienceworld_local_qwen_expansion_165_167_m1/episodes/find-animal-v166-flat-m1-trace.jsonl,f10024448cd7520eff19e383,8,True,True,True,True,0.0,0.0,0.0,False,0,2,False,False,3
main_27_pairs,find-animal,166,flat,1,2,results_submission/scienceworld_local_qwen_expansion_165_167_m1/episodes/find-animal-v166-flat-m1-trace.jsonl,07f6c8cf6ed43b268ef8db9f,8,True,True,True,True,0.0,0.0,0.0,False,0,2,False,False,3
main_27_pairs,find-animal,166,flat,1,3,results_submission/scienceworld_local_qwen_expansion_165_167_m1/episodes/find-animal-v166-flat-m1-trace.jsonl,5849a4595a0b8b36b6f659a2,8,True,True,True,True,0.0,0.0,0.0,False,0,1,False,False,2
main_27_pairs,find-animal,166,flat,1,4,results_submission/scienceworld_local_qwen_expansion_165_167_m1/episodes/find-animal-v166-flat-m1-trace.jsonl,49818e8fddaa19b2ad3556dd,8,True,True,True,True,0.0,0.0,0.0,False,0,1,False,False,2
main_27_pairs,find-animal,166,flat,1,5,results_submission/scienceworld_local_qwen_expansion_165_167_m1/episodes/find-animal-v166-flat-m1-trace.jsonl,14816e4048d884db133b5685,8,True,True,True,True,0.0,0.0,0.0,False,0,1,False,False,2
main_27_pairs,find-animal,166,flat,1,6,results_submission/scienceworld_local_qwen_expansion_165_167_m1/episodes/find-animal-v166-flat-m1-trace.jsonl,f3ac68d2b9a45e9c87b4778c,8,True,True,True,True,0.0,0.0,0.0,False,0,1,False,False,2
main_27_pairs,find-animal,166,flat,1,7,results_submission/scienceworld_local_qwen_expansion_165_167_m1/episodes/find-animal-v166-flat-m1-trace.jsonl,39f0ada847cac47f7cfee62f,8,True,True,True,True,0.0,0.0,0.0,False,0,1,False,False,2
main_27_pairs,find-animal,166,provenance_value,1,0,results_submission/scienceworld_local_qwen_expansion_165_167_m1/episodes/find-animal-v166-provenance_value-m1-trace.jsonl,2660b1fe6d1a7c4f27aaa0b3,8,True,True,True,True,0.0,0.0,0.0,False,0,0,True,True,0
main_27_pairs,find-animal,166,provenance_value,1,1,results_submission/scienceworld_local_qwen_expansion_165_167_m1/episodes/find-animal-v166-provenance_value-m1-trace.jsonl,bab347153a23a3130453737c,8,True,True,True,True,0.0,0.0,0.0,False,0,0,True,True,2
main_27_pairs,find-animal,166,provenance_value,1,2,results_submission/scienceworld_local_qwen_expansion_165_167_m1/episodes/find-animal-v166-provenance_value-m1-trace.jsonl,5003d97268c3c7a3b9163e1f,8,True,True,True,True,0.0,0.0,0.0,False,0,0,True,True,3
main_27_pairs,find-animal,166,provenance_value,1,3,results_submission/scienceworld_local_qwen_expansion_165_167_m1/episodes/find-animal-v166-provenance_value-m1-trace.jsonl,9c37969480f5980aeb0139c0,8,True,True,True,True,0.0,0.0,0.0,False,0,0,True,True,4
main_27_pairs,find-animal,166,provenance_value,1,4,results_submission/scienceworld_local_qwen_expansion_165_167_m1/episodes/find-animal-v166-provenance_value-m1-trace.jsonl,c9e7f9f793e502ac71820952,8,True,True,True,True,0.0,0.0,0.0,False,0,0,True,True,2
main_27_pairs,find-animal,166,provenance_value,1,5,results_submission/scienceworld_local_qwen_expansion_165_167_m1/episodes/find-animal-v166-provenance_value-m1-trace.jsonl,941f8344fbbc4679c65d5e14,8,True,True,True,True,0.0,0.0,0.0,False,0,0,True,True,0
main_27_pairs,find-animal,166,provenance_value,1,6,results_submission/scienceworld_local_qwen_expansion_165_167_m1/episodes/find-animal-v166-provenance_value-m1-trace.jsonl,82a1973e3e9200960f079341,8,True,True,True,True,0.0,0.0,0.0,False,0,0,True,True,0
main_27_pairs,find-animal,166,provenance_value,1,7,results_submission/scienceworld_local_qwen_expansion_165_167_m1/episodes/find-animal-v166-provenance_value-m1-trace.jsonl,2ab16324caefb00f6436a49f,8,True,True,True,True,0.0,0.0,0.0,False,0,0,True,True,0
main_27_pairs,find-animal,167,flat,1,0,results_submission/scienceworld_local_qwen_expansion_165_167_m1/episodes/find-animal-v167-flat-m1-trace.jsonl,13f8839ed8ae74ecd56adcf3,8,True,True,True,True,0.0,0.0,0.0,False,0,0,True,True,2
main_27_pairs,find-animal,167,flat,1,1,results_submission/scienceworld_local_qwen_expansion_165_167_m1/episodes/find-animal-v167-flat-m1-trace.jsonl,ed023b6586949eeaeadec869,8,True,True,True,True,0.0,0.0,0.0,False,0,0,True,True,1
main_27_pairs,find-animal,167,flat,1,2,results_submission/scienceworld_local_qwen_expansion_165_167_m1/episodes/find-animal-v167-flat-m1-trace.jsonl,2550ee5f111169df4bd65971,8,True,True,True,False,0.0,0.0,0.0,False,0,3,False,False,4
main_27_pairs,find-animal,167,flat,1,3,results_submission/scienceworld_local_qwen_expansion_165_167_m1/episodes/find-animal-v167-flat-m1-trace.jsonl,64aab6c0824f96b6c03af7f2,8,True,True,True,True,0.0,0.0,0.0,False,0,3,False,False,2
main_27_pairs,find-animal,167,flat,1,4,results_submission/scienceworld_local_qwen_expansion_165_167_m1/episodes/find-animal-v167-flat-m1-trace.jsonl,04410f94276cfda28e8ced42,8,True,True,True,True,0.0,0.0,0.0,False,0,3,False,False,2
main_27_pairs,find-animal,167,flat,1,5,results_submission/scienceworld_local_qwen_expansion_165_167_m1/episodes/find-animal-v167-flat-m1-trace.jsonl,3631ca9d67b23ae762da9de8,8,True,True,True,True,0.0,0.0,0.0,False,0,3,False,False,2
main_27_pairs,find-animal,167,flat,1,6,results_submission/scienceworld_local_qwen_expansion_165_167_m1/episodes/find-animal-v167-flat-m1-trace.jsonl,5910e9be0c7fa6e00dd22e44,8,True,True,True,True,0.0,0.0,0.0,False,0,0,True,True,1
main_27_pairs,find-animal,167,flat,1,7,results_submission/scienceworld_local_qwen_expansion_165_167_m1/episodes/find-animal-v167-flat-m1-trace.jsonl,f789d0c83019de16a1c5d520,8,True,True,True,True,0.0,0.0,0.0,False,0,3,False,False,2
main_27_pairs,find-animal,167,provenance_value,1,0,results_submission/scienceworld_local_qwen_expansion_165_167_m1/episodes/find-animal-v167-provenance_value-m1-trace.jsonl,13f8839ed8ae74ecd56adcf3,8,True,True,True,True,0.0,0.0,0.0,False,0,0,True,True,2
main_27_pairs,find-animal,167,provenance_value,1,1,results_submission/scienceworld_local_qwen_expansion_165_167_m1/episodes/find-animal-v167-provenance_value-m1-trace.jsonl,ed023b6586949eeaeadec869,8,True,True,True,True,0.0,0.0,0.0,False,0,0,True,True,1
main_27_pairs,find-animal,167,provenance_value,1,2,results_submission/scienceworld_local_qwen_expansion_165_167_m1/episodes/find-animal-v167-provenance_value-m1-trace.jsonl,2550ee5f111169df4bd65971,8,True,True,True,False,0.0,0.0,0.0,False,0,0,True,True,4
main_27_pairs,find-animal,167,provenance_value,1,3,results_submission/scienceworld_local_qwen_expansion_165_167_m1/episodes/find-animal-v167-provenance_value-m1-trace.jsonl,ef488dff62ad7a0128689695,8,True,True,True,False,0.0,0.0,0.0,False,0,0,True,True,4
main_27_pairs,find-animal,167,provenance_value,1,4,results_submission/scienceworld_local_qwen_expansion_165_167_m1/episodes/find-animal-v167-provenance_value-m1-trace.jsonl,6b286851bd76f755b7efca79,8,True,True,True,True,0.0,0.0,0.0,False,0,0,True,True,4
main_27_pairs,find-animal,167,provenance_value,1,5,results_submission/scienceworld_local_qwen_expansion_165_167_m1/episodes/find-animal-v167-provenance_value-m1-trace.jsonl,3f7af72586746ae7a46df4b7,8,True,True,True,True,0.0,0.0,0.0,False,0,0,True,True,4
main_27_pairs,find-animal,167,provenance_value,1,6,results_submission/scienceworld_local_qwen_expansion_165_167_m1/episodes/find-animal-v167-provenance_value-m1-trace.jsonl,f2650d8aa80f85a4229625f3,8,True,True,True,True,0.0,0.0,0.0,False,0,0,True,True,3
main_27_pairs,find-animal,167,provenance_value,1,7,results_submission/scienceworld_local_qwen_expansion_165_167_m1/episodes/find-animal-v167-provenance_value-m1-trace.jsonl,22f7adbcf99bfff1c3f458ae,8,True,True,True,True,0.0,0.0,0.0,False,0,0,True,True,3
main_27_pairs,find-plant,165,flat,1,0,results_submission/scienceworld_local_qwen_expansion_165_167_m1/episodes/find-plant-v165-flat-m1-trace.jsonl,cbc75916fc5313576510c423,8,True,True,True,True,0.0,0.0,0.0,False,0,0,True,True,0
main_27_pairs,find-plant,165,flat,1,1,results_submission/scienceworld_local_qwen_expansion_165_167_m1/episodes/find-plant-v165-flat-m1-trace.jsonl,e830caecee306fa6fb4e5eeb,8,True,True,True,True,0.0,0.0,0.0,False,0,1,False,False,2
main_27_pairs,find-plant,165,flat,1,2,results_submission/scienceworld_local_qwen_expansion_165_167_m1/episodes/find-plant-v165-flat-m1-trace.jsonl,2da66716bb124e97cf942abd,8,True,True,True,True,0.0,0.0,0.0,False,0,1,False,False,2
main_27_pairs,find-plant,165,flat,1,3,results_submission/scienceworld_local_qwen_expansion_165_167_m1/episodes/find-plant-v165-flat-m1-trace.jsonl,685435a79c0ef95db8d4387b,8,True,True,True,True,0.0,0.0,0.0,False,0,1,False,False,2
main_27_pairs,find-plant,165,flat,1,4,results_submission/scienceworld_local_qwen_expansion_165_167_m1/episodes/find-plant-v165-flat-m1-trace.jsonl,2f207fa978215b35585dc5bb,8,True,True,True,True,0.0,0.0,0.0,False,0,1,False,False,0
main_27_pairs,find-plant,165,flat,1,5,results_submission/scienceworld_local_qwen_expansion_165_167_m1/episodes/find-plant-v165-flat-m1-trace.jsonl,046d9dcaf22e8b5044d025b2,8,True,True,True,True,0.0,0.0,0.0,False,0,1,False,False,0
main_27_pairs,find-plant,165,flat,1,6,results_submission/scienceworld_local_qwen_expansion_165_167_m1/episodes/find-plant-v165-flat-m1-trace.jsonl,a8457e6385bda05ac0a6e6b8,8,True,True,True,True,0.0,0.0,0.0,False,0,1,False,False,2
main_27_pairs,find-plant,165,flat,1,7,results_submission/scienceworld_local_qwen_expansion_165_167_m1/episodes/find-plant-v165-flat-m1-trace.jsonl,6019462ed38fb9bec91a8edf,8,True,True,True,False,0.0,0.0,0.0,False,0,1,False,False,0
main_27_pairs,find-plant,165,provenance_value,1,0,results_submission/scienceworld_local_qwen_expansion_165_167_m1/episodes/find-plant-v165-provenance_value-m1-trace.jsonl,cbc75916fc5313576510c423,8,True,True,True,True,0.0,0.0,0.0,False,0,0,True,True,0
main_27_pairs,find-plant,165,provenance_value,1,1,results_submission/scienceworld_local_qwen_expansion_165_167_m1/episodes/find-plant-v165-provenance_value-m1-trace.jsonl,e830caecee306fa6fb4e5eeb,8,True,True,True,True,0.0,0.0,0.0,False,0,0,True,True,2
main_27_pairs,find-plant,165,provenance_value,1,2,results_submission/scienceworld_local_qwen_expansion_165_167_m1/episodes/find-plant-v165-provenance_value-m1-trace.jsonl,397bb8f68b257a7b29065e7c,8,True,True,True,False,0.0,0.0,0.0,False,0,0,True,True,1
main_27_pairs,find-plant,165,provenance_value,1,3,results_submission/scienceworld_local_qwen_expansion_165_167_m1/episodes/find-plant-v165-provenance_value-m1-trace.jsonl,831080c35056b02258d68406,8,True,True,True,True,0.0,0.0,0.0,False,0,0,True,True,3
main_27_pairs,find-plant,165,provenance_value,1,4,results_submission/scienceworld_local_qwen_expansion_165_167_m1/episodes/find-plant-v165-provenance_value-m1-trace.jsonl,4bfca99b0fad9e68f095f703,8,True,True,True,True,0.0,0.0,0.0,False,0,0,True,True,4
main_27_pairs,find-plant,165,provenance_value,1,5,results_submission/scienceworld_local_qwen_expansion_165_167_m1/episodes/find-plant-v165-provenance_value-m1-trace.jsonl,0be480580b942efe53838f18,8,True,True,True,True,0.0,0.0,0.0,False,0,0,True,True,0
main_27_pairs,find-plant,165,provenance_value,1,6,results_submission/scienceworld_local_qwen_expansion_165_167_m1/episodes/find-plant-v165-provenance_value-m1-trace.jsonl,594ca4de6004a07b75b8d1cf,8,True,True,True,True,0.0,0.0,0.0,False,0,0,True,True,1
main_27_pairs,find-plant,165,provenance_value,1,7,results_submission/scienceworld_local_qwen_expansion_165_167_m1/episodes/find-plant-v165-provenance_value-m1-trace.jsonl,50227767fc6bb7c1a6bb564b,8,True,True,True,False,0.0,0.0,0.0,False,0,0,True,True,0
main_27_pairs,find-plant,166,flat,1,0,results_submission/scienceworld_local_qwen_expansion_165_167_m1/episodes/find-plant-v166-flat-m1-trace.jsonl,7395590a08b650a22f19f8e9,8,True,True,True,True,0.0,0.0,0.0,False,0,1,False,False,1
main_27_pairs,find-plant,166,flat,1,1,results_submission/scienceworld_local_qwen_expansion_165_167_m1/episodes/find-plant-v166-flat-m1-trace.jsonl,29fa8ceecc0d1b6f0431a37e,8,True,True,True,True,0.0,0.0,0.0,False,0,0,True,True,3
main_27_pairs,find-plant,166,flat,1,2,results_submission/scienceworld_local_qwen_expansion_165_167_m1/episodes/find-plant-v166-flat-m1-trace.jsonl,3ebe60d8d225118bf53b665d,8,True,True,True,False,0.0,0.0,0.0,False,0,2,False,False,3
main_27_pairs,find-plant,166,flat,1,3,results_submission/scienceworld_local_qwen_expansion_165_167_m1/episodes/find-plant-v166-flat-m1-trace.jsonl,0b3d85524eacb652f15a5ba6,8,True,True,True,True,0.0,0.0,0.0,False,0,2,False,False,3
main_27_pairs,find-plant,166,flat,1,4,results_submission/scienceworld_local_qwen_expansion_165_167_m1/episodes/find-plant-v166-flat-m1-trace.jsonl,fe8a8783c27a5c17fbaac00e,8,True,True,True,True,0.0,0.0,0.0,False,0,0,True,True,3
main_27_pairs,find-plant,166,flat,1,5,results_submission/scienceworld_local_qwen_expansion_165_167_m1/episodes/find-plant-v166-flat-m1-trace.jsonl,698855a08e15184ba7220f3c,8,True,True,True,True,0.0,0.0,0.0,False,0,0,True,True,2
main_27_pairs,find-plant,166,flat,1,6,results_submission/scienceworld_local_qwen_expansion_165_167_m1/episodes/find-plant-v166-flat-m1-trace.jsonl,fbecb5b563cffb74bba11ed9,8,True,True,True,True,0.0,0.0,0.0,False,0,0,True,True,3
main_27_pairs,find-plant,166,flat,1,7,results_submission/scienceworld_local_qwen_expansion_165_167_m1/episodes/find-plant-v166-flat-m1-trace.jsonl,2d7f62a64875628711f10ff6,8,True,True,True,True,0.0,0.0,0.0,False,0,0,True,True,3
main_27_pairs,find-plant,166,provenance_value,1,0,results_submission/scienceworld_local_qwen_expansion_165_167_m1/episodes/find-plant-v166-provenance_value-m1-trace.jsonl,7395590a08b650a22f19f8e9,8,True,True,True,True,0.0,0.0,0.0,False,0,0,True,True,1
main_27_pairs,find-plant,166,provenance_value,1,1,results_submission/scienceworld_local_qwen_expansion_165_167_m1/episodes/find-plant-v166-provenance_value-m1-trace.jsonl,1fe576bd546b15a551f16e7e,8,True,True,True,True,0.0,0.0,0.0,False,0,0,True,True,3
main_27_pairs,find-plant,166,provenance_value,1,2,results_submission/scienceworld_local_qwen_expansion_165_167_m1/episodes/find-plant-v166-provenance_value-m1-trace.jsonl,50dc65bc15f7fbe3fce25348,8,True,True,True,False,0.0,0.0,0.0,False,0,0,True,True,3
main_27_pairs,find-plant,166,provenance_value,1,3,results_submission/scienceworld_local_qwen_expansion_165_167_m1/episodes/find-plant-v166-provenance_value-m1-trace.jsonl,097170ef4217a916dae4a7ed,8,True,True,True,False,0.0,0.0,0.0,False,0,0,True,True,1
main_27_pairs,find-plant,166,provenance_value,1,4,results_submission/scienceworld_local_qwen_expansion_165_167_m1/episodes/find-plant-v166-provenance_value-m1-trace.jsonl,e67bb9f2eb3cce8ca933f586,8,True,True,True,True,0.0,0.0,0.0,False,0,0,True,True,4
main_27_pairs,find-plant,166,provenance_value,1,5,results_submission/scienceworld_local_qwen_expansion_165_167_m1/episodes/find-plant-v166-provenance_value-m1-trace.jsonl,e7b034575cec9d29dbc152c9,8,True,True,True,True,0.0,0.0,0.0,False,0,0,True,True,2
main_27_pairs,find-plant,166,provenance_value,1,6,results_submission/scienceworld_local_qwen_expansion_165_167_m1/episodes/find-plant-v166-provenance_value-m1-trace.jsonl,f083830a40e5cf3972d83eb3,8,True,True,True,True,0.0,0.0,0.0,False,0,0,True,True,1
main_27_pairs,find-plant,166,provenance_value,1,7,results_submission/scienceworld_local_qwen_expansion_165_167_m1/episodes/find-plant-v166-provenance_value-m1-trace.jsonl,4a82601b0456ea2d44e7700b,8,True,True,True,True,0.0,0.0,0.0,False,0,0,True,True,4
main_27_pairs,find-plant,167,flat,1,0,results_submission/scienceworld_local_qwen_expansion_165_167_m1/episodes/find-plant-v167-flat-m1-trace.jsonl,b93caf7efc22bd674f515196,8,True,True,True,True,0.0,0.0,0.0,False,0,0,True,True,3
main_27_pairs,find-plant,167,flat,1,1,results_submission/scienceworld_local_qwen_expansion_165_167_m1/episodes/find-plant-v167-flat-m1-trace.jsonl,5a7b24245efe918f43ee5398,8,True,True,True,True,0.0,0.0,0.0,False,0,3,False,False,3
main_27_pairs,find-plant,167,flat,1,2,results_submission/scienceworld_local_qwen_expansion_165_167_m1/episodes/find-plant-v167-flat-m1-trace.jsonl,3de68aa505d5e7ac4b00655a,8,True,True,True,True,0.0,0.0,0.0,False,0,3,False,False,3
main_27_pairs,find-plant,167,flat,1,3,results_submission/scienceworld_local_qwen_expansion_165_167_m1/episodes/find-plant-v167-flat-m1-trace.jsonl,12a6d02e78765fd7a8aa7a4c,8,True,True,True,True,0.0,0.0,0.0,False,0,3,False,False,3
main_27_pairs,find-plant,167,flat,1,4,results_submission/scienceworld_local_qwen_expansion_165_167_m1/episodes/find-plant-v167-flat-m1-trace.jsonl,702a1c081ab61dcff9ac0889,8,True,True,True,True,0.0,0.0,0.0,False,0,0,True,True,2
main_27_pairs,find-plant,167,flat,1,5,results_submission/scienceworld_local_qwen_expansion_165_167_m1/episodes/find-plant-v167-flat-m1-trace.jsonl,ed0037748c9f025658de4dd5,8,True,True,True,True,0.0,0.0,0.0,False,0,3,False,False,3
main_27_pairs,find-plant,167,flat,1,6,results_submission/scienceworld_local_qwen_expansion_165_167_m1/episodes/find-plant-v167-flat-m1-trace.jsonl,9cbd204ff12d3445c0a3bd97,8,True,True,True,True,0.0,0.0,0.0,False,0,3,False,False,3
main_27_pairs,find-plant,167,flat,1,7,results_submission/scienceworld_local_qwen_expansion_165_167_m1/episodes/find-plant-v167-flat-m1-trace.jsonl,9bf38d52fe045f1cbf0ffd20,8,True,True,True,True,0.0,0.0,0.0,False,0,3,False,False,3
main_27_pairs,find-plant,167,provenance_value,1,0,results_submission/scienceworld_local_qwen_expansion_165_167_m1/episodes/find-plant-v167-provenance_value-m1-trace.jsonl,b93caf7efc22bd674f515196,8,True,True,True,True,0.0,0.0,0.0,False,0,0,True,True,3
main_27_pairs,find-plant,167,provenance_value,1,1,results_submission/scienceworld_local_qwen_expansion_165_167_m1/episodes/find-plant-v167-provenance_value-m1-trace.jsonl,5a7b24245efe918f43ee5398,8,True,True,True,True,0.0,0.0,0.0,False,0,0,True,True,3
main_27_pairs,find-plant,167,provenance_value,1,2,results_submission/scienceworld_local_qwen_expansion_165_167_m1/episodes/find-plant-v167-provenance_value-m1-trace.jsonl,6ef3d7f3bb7d6bca7a4cdb0c,8,True,True,True,False,0.0,0.0,0.0,False,0,0,True,True,1
main_27_pairs,find-plant,167,provenance_value,1,3,results_submission/scienceworld_local_qwen_expansion_165_167_m1/episodes/find-plant-v167-provenance_value-m1-trace.jsonl,d101c9fe0729721db0a861f9,8,True,True,True,False,0.0,0.0,0.0,False,0,0,True,True,3
main_27_pairs,find-plant,167,provenance_value,1,4,results_submission/scienceworld_local_qwen_expansion_165_167_m1/episodes/find-plant-v167-provenance_value-m1-trace.jsonl,9ddc622122dcbbf7d8bad336,8,True,True,True,True,0.0,0.0,0.0,False,0,0,True,True,3
main_27_pairs,find-plant,167,provenance_value,1,5,results_submission/scienceworld_local_qwen_expansion_165_167_m1/episodes/find-plant-v167-provenance_value-m1-trace.jsonl,1829dc9188616889aef798ec,8,True,True,True,False,0.0,0.0,0.0,False,0,0,True,True,0
main_27_pairs,find-animal,165,flat,4,0,results_submission/scienceworld_local_qwen_expansion_165_167_m4/episodes/find-animal-v165-flat-m4-trace.jsonl,b4d316f979110a49fb9909de,8,True,True,True,True,0.0,0.0,0.0,False,0,0,True,True,1
main_27_pairs,find-animal,165,flat,4,1,results_submission/scienceworld_local_qwen_expansion_165_167_m4/episodes/find-animal-v165-flat-m4-trace.jsonl,d6b7ab4189aaaf8e3dfe2cdc,8,True,True,True,True,0.0,0.0,0.0,False,0,3,False,False,3
main_27_pairs,find-animal,165,flat,4,2,results_submission/scienceworld_local_qwen_expansion_165_167_m4/episodes/find-animal-v165-flat-m4-trace.jsonl,71fbfbc963d25f5d2916cc9a,8,True,True,True,True,0.0,0.0,0.0,False,0,3,False,False,4
main_27_pairs,find-animal,165,flat,4,3,results_submission/scienceworld_local_qwen_expansion_165_167_m4/episodes/find-animal-v165-flat-m4-trace.jsonl,5757f8bdc548492554696c09,8,True,True,True,True,0.0,0.0,0.0,False,0,1,False,False,4
main_27_pairs,find-animal,165,flat,4,4,results_submission/scienceworld_local_qwen_expansion_165_167_m4/episodes/find-animal-v165-flat-m4-trace.jsonl,8478ebd0511c304aae110932,8,True,True,True,True,0.0,0.0,0.0,False,0,0,True,True,3
main_27_pairs,find-animal,165,flat,4,5,results_submission/scienceworld_local_qwen_expansion_165_167_m4/episodes/find-animal-v165-flat-m4-trace.jsonl,dda0c3f982553a48c9930066,8,True,True,True,True,0.0,0.0,0.0,False,0,1,False,False,2
main_27_pairs,find-animal,165,flat,4,6,results_submission/scienceworld_local_qwen_expansion_165_167_m4/episodes/find-animal-v165-flat-m4-trace.jsonl,be7032b98ecec5e8fa26477e,8,True,True,True,True,0.0,0.0,0.0,False,0,1,False,False,2
main_27_pairs,find-animal,165,flat,4,7,results_submission/scienceworld_local_qwen_expansion_165_167_m4/episodes/find-animal-v165-flat-m4-trace.jsonl,01f025795289ad3d33a6d82b,8,True,True,True,True,0.0,0.0,0.0,False,0,3,False,False,3
main_27_pairs,find-animal,165,provenance_value,4,0,results_submission/scienceworld_local_qwen_expansion_165_167_m4/episodes/find-animal-v165-provenance_value-m4-trace.jsonl,b4d316f979110a49fb9909de,8,True,True,True,True,0.0,0.0,0.0,False,0,0,True,True,1
main_27_pairs,find-animal,165,provenance_value,4,1,results_submission/scienceworld_local_qwen_expansion_165_167_m4/episodes/find-animal-v165-provenance_value-m4-trace.jsonl,d6b7ab4189aaaf8e3dfe2cdc,8,True,True,True,True,0.0,0.0,0.0,False,0,0,True,True,3
main_27_pairs,find-animal,165,provenance_value,4,2,results_submission/scienceworld_local_qwen_expansion_165_167_m4/episodes/find-animal-v165-provenance_value-m4-trace.jsonl,353ecd4662455ceed82a01d9,8,True,True,True,True,0.0,0.0,0.0,False,0,0,True,True,3
main_27_pairs,find-animal,165,provenance_value,4,3,results_submission/scienceworld_local_qwen_expansion_165_167_m4/episodes/find-animal-v165-provenance_value-m4-trace.jsonl,0436fa684759710a7fda89f4,8,True,True,True,True,0.0,0.0,0.0,False,0,0,True,True,3
main_27_pairs,find-animal,165,provenance_value,4,4,results_submission/scienceworld_local_qwen_expansion_165_167_m4/episodes/find-animal-v165-provenance_value-m4-trace.jsonl,9086c32167b5f67f190b93de,8,True,True,True,True,0.0,0.0,0.0,False,0,0,True,True,3
main_27_pairs,find-animal,165,provenance_value,4,5,results_submission/scienceworld_local_qwen_expansion_165_167_m4/episodes/find-animal-v165-provenance_value-m4-trace.jsonl,1e23e40bb4cd2895c7bb16f6,8,True,True,True,True,0.0,0.0,0.0,False,0,0,True,True,0
main_27_pairs,find-animal,165,provenance_value,4,6,results_submission/scienceworld_local_qwen_expansion_165_167_m4/episodes/find-animal-v165-provenance_value-m4-trace.jsonl,89802623650ca9a6b8735178,8,True,True,True,True,0.0,0.0,0.0,False,0,0,True,True,0
main_27_pairs,find-animal,165,provenance_value,4,7,results_submission/scienceworld_local_qwen_expansion_165_167_m4/episodes/find-animal-v165-provenance_value-m4-trace.jsonl,be461d3546b1da2ef5b30c6d,8,True,True,True,True,0.0,0.0,0.0,False,0,0,True,True,0
main_27_pairs,find-animal,166,flat,4,0,results_submission/scienceworld_local_qwen_expansion_165_167_m4/episodes/find-animal-v166-flat-m4-trace.jsonl,2660b1fe6d1a7c4f27aaa0b3,8,True,True,True,True,0.0,0.0,0.0,False,0,0,True,True,0
main_27_pairs,find-animal,166,flat,4,1,results_submission/scienceworld_local_qwen_expansion_165_167_m4/episodes/find-animal-v166-flat-m4-trace.jsonl,bab347153a23a3130453737c,8,True,True,True,True,0.0,0.0,0.0,False,0,0,True,True,2
main_27_pairs,find-animal,166,flat,4,2,results_submission/scienceworld_local_qwen_expansion_165_167_m4/episodes/find-animal-v166-flat-m4-trace.jsonl,5003d97268c3c7a3b9163e1f,8,True,True,True,True,0.0,0.0,0.0,False,0,2,False,False,3
main_27_pairs,find-animal,166,flat,4,3,results_submission/scienceworld_local_qwen_expansion_165_167_m4/episodes/find-animal-v166-flat-m4-trace.jsonl,aa8a4d09ed2ce9b26b2b97f6,8,True,True,True,False,0.0,0.0,0.0,False,0,3,False,False,3
main_27_pairs,find-animal,166,flat,4,4,results_submission/scienceworld_local_qwen_expansion_165_167_m4/episodes/find-animal-v166-flat-m4-trace.jsonl,9b0f4737708051fbd8c1dd54,8,True,True,True,True,0.0,0.0,0.0,False,0,1,False,False,0
main_27_pairs,find-animal,166,flat,4,5,results_submission/scienceworld_local_qwen_expansion_165_167_m4/episodes/find-animal-v166-flat-m4-trace.jsonl,9e4d8c8962b3f64f940c3ffd,8,True,True,True,True,0.0,0.0,0.0,False,0,1,False,False,2
main_27_pairs,find-animal,166,flat,4,6,results_submission/scienceworld_local_qwen_expansion_165_167_m4/episodes/find-animal-v166-flat-m4-trace.jsonl,1b65a4ce7d02a7ce980aa214,8,True,True,True,True,0.0,0.0,0.0,False,0,1,False,False,2
main_27_pairs,find-animal,166,flat,4,7,results_submission/scienceworld_local_qwen_expansion_165_167_m4/episodes/find-animal-v166-flat-m4-trace.jsonl,ff929df5a8381f5a1bcff361,8,True,True,True,False,0.0,0.0,0.0,False,0,3,False,False,2
main_27_pairs,find-animal,166,provenance_value,4,0,results_submission/scienceworld_local_qwen_expansion_165_167_m4/episodes/find-animal-v166-provenance_value-m4-trace.jsonl,2660b1fe6d1a7c4f27aaa0b3,8,True,True,True,True,0.0,0.0,0.0,False,0,0,True,True,0
main_27_pairs,find-animal,166,provenance_value,4,1,results_submission/scienceworld_local_qwen_expansion_165_167_m4/episodes/find-animal-v166-provenance_value-m4-trace.jsonl,bab347153a23a3130453737c,8,True,True,True,True,0.0,0.0,0.0,False,0,0,True,True,2
main_27_pairs,find-animal,166,provenance_value,4,2,results_submission/scienceworld_local_qwen_expansion_165_167_m4/episodes/find-animal-v166-provenance_value-m4-trace.jsonl,5003d97268c3c7a3b9163e1f,8,True,True,True,True,0.0,0.0,0.0,False,0,0,True,True,3
main_27_pairs,find-animal,166,provenance_value,4,3,results_submission/scienceworld_local_qwen_expansion_165_167_m4/episodes/find-animal-v166-provenance_value-m4-trace.jsonl,9c37969480f5980aeb0139c0,8,True,True,True,True,0.0,0.0,0.0,False,0,0,True,True,4
main_27_pairs,find-animal,166,provenance_value,4,4,results_submission/scienceworld_local_qwen_expansion_165_167_m4/episodes/find-animal-v166-provenance_value-m4-trace.jsonl,c9e7f9f793e502ac71820952,8,True,True,True,True,0.0,0.0,0.0,False,0,0,True,True,2
main_27_pairs,find-animal,166,provenance_value,4,5,results_submission/scienceworld_local_qwen_expansion_165_167_m4/episodes/find-animal-v166-provenance_value-m4-trace.jsonl,941f8344fbbc4679c65d5e14,8,True,True,True,True,0.0,0.0,0.0,False,0,0,True,True,0
main_27_pairs,find-animal,166,provenance_value,4,6,results_submission/scienceworld_local_qwen_expansion_165_167_m4/episodes/find-animal-v166-provenance_value-m4-trace.jsonl,82a1973e3e9200960f079341,8,True,True,True,True,0.0,0.0,0.0,False,0,0,True,True,0
main_27_pairs,find-animal,166,provenance_value,4,7,results_submission/scienceworld_local_qwen_expansion_165_167_m4/episodes/find-animal-v166-provenance_value-m4-trace.jsonl,2ab16324caefb00f6436a49f,8,True,True,True,True,0.0,0.0,0.0,False,0,0,True,True,0
main_27_pairs,find-animal,167,flat,4,0,results_submission/scienceworld_local_qwen_expansion_165_167_m4/episodes/find-animal-v167-flat-m4-trace.jsonl,13f8839ed8ae74ecd56adcf3,8,True,True,True,True,0.0,0.0,0.0,False,0,0,True,True,2
main_27_pairs,find-animal,167,flat,4,1,results_submission/scienceworld_local_qwen_expansion_165_167_m4/episodes/find-animal-v167-flat-m4-trace.jsonl,ed023b6586949eeaeadec869,8,True,True,True,True,0.0,0.0,0.0,False,0,0,True,True,1
main_27_pairs,find-animal,167,flat,4,2,results_submission/scienceworld_local_qwen_expansion_165_167_m4/episodes/find-animal-v167-flat-m4-trace.jsonl,2550ee5f111169df4bd65971,8,True,True,True,False,0.0,0.0,0.0,False,0,3,False,False,4
main_27_pairs,find-animal,167,flat,4,3,results_submission/scienceworld_local_qwen_expansion_165_167_m4/episodes/find-animal-v167-flat-m4-trace.jsonl,64aab6c0824f96b6c03af7f2,8,True,True,True,True,0.0,0.0,0.0,False,0,3,False,False,2
main_27_pairs,find-animal,167,flat,4,4,results_submission/scienceworld_local_qwen_expansion_165_167_m4/episodes/find-animal-v167-flat-m4-trace.jsonl,04410f94276cfda28e8ced42,8,True,True,True,True,0.0,0.0,0.0,False,0,3,False,False,2
main_27_pairs,find-animal,167,flat,4,5,results_submission/scienceworld_local_qwen_expansion_165_167_m4/episodes/find-animal-v167-flat-m4-trace.jsonl,3631ca9d67b23ae762da9de8,8,True,True,True,True,0.0,0.0,0.0,False,0,3,False,False,2
main_27_pairs,find-animal,167,flat,4,6,results_submission/scienceworld_local_qwen_expansion_165_167_m4/episodes/find-animal-v167-flat-m4-trace.jsonl,5910e9be0c7fa6e00dd22e44,8,True,True,True,True,0.0,0.0,0.0,False,0,0,True,True,1
main_27_pairs,find-animal,167,flat,4,7,results_submission/scienceworld_local_qwen_expansion_165_167_m4/episodes/find-animal-v167-flat-m4-trace.jsonl,f789d0c83019de16a1c5d520,8,True,True,True,True,0.0,0.0,0.0,False,0,3,False,False,2
main_27_pairs,find-animal,167,provenance_value,4,0,results_submission/scienceworld_local_qwen_expansion_165_167_m4/episodes/find-animal-v167-provenance_value-m4-trace.jsonl,13f8839ed8ae74ecd56adcf3,8,True,True,True,True,0.0,0.0,0.0,False,0,0,True,True,2
main_27_pairs,find-animal,167,provenance_value,4,1,results_submission/scienceworld_local_qwen_expansion_165_167_m4/episodes/find-animal-v167-provenance_value-m4-trace.jsonl,ed023b6586949eeaeadec869,8,True,True,True,True,0.0,0.0,0.0,False,0,0,True,True,1
main_27_pairs,find-animal,167,provenance_value,4,2,results_submission/scienceworld_local_qwen_expansion_165_167_m4/episodes/find-animal-v167-provenance_value-m4-trace.jsonl,2550ee5f111169df4bd65971,8,True,True,True,False,0.0,0.0,0.0,False,0,0,True,True,4
main_27_pairs,find-animal,167,provenance_value,4,3,results_submission/scienceworld_local_qwen_expansion_165_167_m4/episodes/find-animal-v167-provenance_value-m4-trace.jsonl,ef488dff62ad7a0128689695,8,True,True,True,False,0.0,0.0,0.0,False,0,0,True,True,4
main_27_pairs,find-animal,167,provenance_value,4,4,results_submission/scienceworld_local_qwen_expansion_165_167_m4/episodes/find-animal-v167-provenance_value-m4-trace.jsonl,6b286851bd76f755b7efca79,8,True,True,True,True,0.0,0.0,0.0,False,0,0,True,True,4
main_27_pairs,find-animal,167,provenance_value,4,5,results_submission/scienceworld_local_qwen_expansion_165_167_m4/episodes/find-animal-v167-provenance_value-m4-trace.jsonl,3f7af72586746ae7a46df4b7,8,True,True,True,True,0.0,0.0,0.0,False,0,0,True,True,4
main_27_pairs,find-animal,167,provenance_value,4,6,results_submission/scienceworld_local_qwen_expansion_165_167_m4/episodes/find-animal-v167-provenance_value-m4-trace.jsonl,f2650d8aa80f85a4229625f3,8,True,True,True,True,0.0,0.0,0.0,False,0,0,True,True,3
main_27_pairs,find-animal,167,provenance_value,4,7,results_submission/scienceworld_local_qwen_expansion_165_167_m4/episodes/find-animal-v167-provenance_value-m4-trace.jsonl,22f7adbcf99bfff1c3f458ae,8,True,True,True,True,0.0,0.0,0.0,False,0,0,True,True,3
main_27_pairs,find-plant,165,flat,4,0,results_submission/scienceworld_local_qwen_expansion_165_167_m4/episodes/find-plant-v165-flat-m4-trace.jsonl,cbc75916fc5313576510c423,8,True,True,True,True,0.0,0.0,0.0,False,0,0,True,True,0
main_27_pairs,find-plant,165,flat,4,1,results_submission/scienceworld_local_qwen_expansion_165_167_m4/episodes/find-plant-v165-flat-m4-trace.jsonl,e830caecee306fa6fb4e5eeb,8,True,True,True,True,0.0,0.0,0.0,False,0,0,True,True,2
main_27_pairs,find-plant,165,flat,4,2,results_submission/scienceworld_local_qwen_expansion_165_167_m4/episodes/find-plant-v165-flat-m4-trace.jsonl,397bb8f68b257a7b29065e7c,8,True,True,True,False,0.0,0.0,0.0,False,0,0,True,True,1
main_27_pairs,find-plant,165,flat,4,3,results_submission/scienceworld_local_qwen_expansion_165_167_m4/episodes/find-plant-v165-flat-m4-trace.jsonl,831080c35056b02258d68406,8,True,True,True,True,0.0,0.0,0.0,False,0,0,True,True,3
main_27_pairs,find-plant,165,flat,4,4,results_submission/scienceworld_local_qwen_expansion_165_167_m4/episodes/find-plant-v165-flat-m4-trace.jsonl,4bfca99b0fad9e68f095f703,8,True,True,True,True,0.0,0.0,0.0,False,0,0,True,True,4
main_27_pairs,find-plant,165,flat,4,5,results_submission/scienceworld_local_qwen_expansion_165_167_m4/episodes/find-plant-v165-flat-m4-trace.jsonl,0be480580b942efe53838f18,8,True,True,True,True,0.0,0.0,0.0,False,0,1,False,False,0
main_27_pairs,find-plant,165,flat,4,6,results_submission/scienceworld_local_qwen_expansion_165_167_m4/episodes/find-plant-v165-flat-m4-trace.jsonl,cc1433978926022a8997a4f3,8,True,True,True,True,0.0,0.0,0.0,False,0,1,False,False,3
main_27_pairs,find-plant,165,flat,4,7,results_submission/scienceworld_local_qwen_expansion_165_167_m4/episodes/find-plant-v165-flat-m4-trace.jsonl,587e3d2d2a04bc90517adda2,8,True,True,True,True,0.0,0.0,0.0,False,0,2,False,False,2
main_27_pairs,find-plant,165,provenance_value,4,0,results_submission/scienceworld_local_qwen_expansion_165_167_m4/episodes/find-plant-v165-provenance_value-m4-trace.jsonl,cbc75916fc5313576510c423,8,True,True,True,True,0.0,0.0,0.0,False,0,0,True,True,0
main_27_pairs,find-plant,165,provenance_value,4,1,results_submission/scienceworld_local_qwen_expansion_165_167_m4/episodes/find-plant-v165-provenance_value-m4-trace.jsonl,e830caecee306fa6fb4e5eeb,8,True,True,True,True,0.0,0.0,0.0,False,0,0,True,True,2
main_27_pairs,find-plant,165,provenance_value,4,2,results_submission/scienceworld_local_qwen_expansion_165_167_m4/episodes/find-plant-v165-provenance_value-m4-trace.jsonl,397bb8f68b257a7b29065e7c,8,True,True,True,False,0.0,0.0,0.0,False,0,0,True,True,1
main_27_pairs,find-plant,165,provenance_value,4,3,results_submission/scienceworld_local_qwen_expansion_165_167_m4/episodes/find-plant-v165-provenance_value-m4-trace.jsonl,831080c35056b02258d68406,8,True,True,True,True,0.0,0.0,0.0,False,0,0,True,True,3
main_27_pairs,find-plant,165,provenance_value,4,4,results_submission/scienceworld_local_qwen_expansion_165_167_m4/episodes/find-plant-v165-provenance_value-m4-trace.jsonl,4bfca99b0fad9e68f095f703,8,True,True,True,True,0.0,0.0,0.0,False,0,0,True,True,4
main_27_pairs,find-plant,165,provenance_value,4,5,results_submission/scienceworld_local_qwen_expansion_165_167_m4/episodes/find-plant-v165-provenance_value-m4-trace.jsonl,0be480580b942efe53838f18,8,True,True,True,True,0.0,0.0,0.0,False,0,0,True,True,0
main_27_pairs,find-plant,165,provenance_value,4,6,results_submission/scienceworld_local_qwen_expansion_165_167_m4/episodes/find-plant-v165-provenance_value-m4-trace.jsonl,594ca4de6004a07b75b8d1cf,8,True,True,True,True,0.0,0.0,0.0,False,0,0,True,True,1
main_27_pairs,find-plant,165,provenance_value,4,7,results_submission/scienceworld_local_qwen_expansion_165_167_m4/episodes/find-plant-v165-provenance_value-m4-trace.jsonl,50227767fc6bb7c1a6bb564b,8,True,True,True,False,0.0,0.0,0.0,False,0,0,True,True,0
main_27_pairs,find-plant,166,provenance_value,4,0,results_submission/scienceworld_local_qwen_expansion_165_167_m4/episodes/find-plant-v166-provenance_value-m4-trace.jsonl,7395590a08b650a22f19f8e9,8,True,True,True,True,0.0,0.0,0.0,False,0,0,True,True,1
main_27_pairs,find-plant,166,provenance_value,4,1,results_submission/scienceworld_local_qwen_expansion_165_167_m4/episodes/find-plant-v166-provenance_value-m4-trace.jsonl,1fe576bd546b15a551f16e7e,8,True,True,True,True,0.0,0.0,0.0,False,0,0,True,True,3
main_27_pairs,find-plant,166,provenance_value,4,2,results_submission/scienceworld_local_qwen_expansion_165_167_m4/episodes/find-plant-v166-provenance_value-m4-trace.jsonl,50dc65bc15f7fbe3fce25348,8,True,True,True,False,0.0,0.0,0.0,False,0,0,True,True,3
main_27_pairs,find-plant,166,provenance_value,4,3,results_submission/scienceworld_local_qwen_expansion_165_167_m4/episodes/find-plant-v166-provenance_value-m4-trace.jsonl,097170ef4217a916dae4a7ed,8,True,True,True,False,0.0,0.0,0.0,False,0,0,True,True,1
main_27_pairs,find-plant,166,provenance_value,4,4,results_submission/scienceworld_local_qwen_expansion_165_167_m4/episodes/find-plant-v166-provenance_value-m4-trace.jsonl,e67bb9f2eb3cce8ca933f586,8,True,True,True,True,0.0,0.0,0.0,False,0,0,True,True,4
main_27_pairs,find-plant,166,provenance_value,4,5,results_submission/scienceworld_local_qwen_expansion_165_167_m4/episodes/find-plant-v166-provenance_value-m4-trace.jsonl,e7b034575cec9d29dbc152c9,8,True,True,True,True,0.0,0.0,0.0,False,0,0,True,True,2
main_27_pairs,find-plant,166,provenance_value,4,6,results_submission/scienceworld_local_qwen_expansion_165_167_m4/episodes/find-plant-v166-provenance_value-m4-trace.jsonl,f083830a40e5cf3972d83eb3,8,True,True,True,True,0.0,0.0,0.0,False,0,0,True,True,1
main_27_pairs,find-plant,166,provenance_value,4,7,results_submission/scienceworld_local_qwen_expansion_165_167_m4/episodes/find-plant-v166-provenance_value-m4-trace.jsonl,4a82601b0456ea2d44e7700b,8,True,True,True,True,0.0,0.0,0.0,False,0,0,True,True,4
main_27_pairs,find-plant,167,flat,4,0,results_submission/scienceworld_local_qwen_expansion_165_167_m4/episodes/find-plant-v167-flat-m4-trace.jsonl,b93caf7efc22bd674f515196,8,True,True,True,True,0.0,0.0,0.0,False,0,0,True,True,3
main_27_pairs,find-plant,167,flat,4,1,results_submission/scienceworld_local_qwen_expansion_165_167_m4/episodes/find-plant-v167-flat-m4-trace.jsonl,5a7b24245efe918f43ee5398,8,True,True,True,True,0.0,0.0,0.0,False,0,3,False,False,3
main_27_pairs,find-plant,167,flat,4,2,results_submission/scienceworld_local_qwen_expansion_165_167_m4/episodes/find-plant-v167-flat-m4-trace.jsonl,3de68aa505d5e7ac4b00655a,8,True,True,True,True,0.0,0.0,0.0,False,0,3,False,False,3
main_27_pairs,find-plant,167,flat,4,3,results_submission/scienceworld_local_qwen_expansion_165_167_m4/episodes/find-plant-v167-flat-m4-trace.jsonl,12a6d02e78765fd7a8aa7a4c,8,True,True,True,True,0.0,0.0,0.0,False,0,3,False,False,3
main_27_pairs,find-plant,167,flat,4,4,results_submission/scienceworld_local_qwen_expansion_165_167_m4/episodes/find-plant-v167-flat-m4-trace.jsonl,702a1c081ab61dcff9ac0889,8,True,True,True,True,0.0,0.0,0.0,False,0,0,True,True,2
main_27_pairs,find-plant,167,flat,4,5,results_submission/scienceworld_local_qwen_expansion_165_167_m4/episodes/find-plant-v167-flat-m4-trace.jsonl,ed0037748c9f025658de4dd5,8,True,True,True,True,0.0,0.0,0.0,False,0,3,False,False,3
main_27_pairs,find-plant,167,flat,4,6,results_submission/scienceworld_local_qwen_expansion_165_167_m4/episodes/find-plant-v167-flat-m4-trace.jsonl,9cbd204ff12d3445c0a3bd97,8,True,True,True,True,0.0,0.0,0.0,False,0,3,False,False,3
main_27_pairs,find-plant,167,flat,4,7,results_submission/scienceworld_local_qwen_expansion_165_167_m4/episodes/find-plant-v167-flat-m4-trace.jsonl,9bf38d52fe045f1cbf0ffd20,8,True,True,True,True,0.0,0.0,0.0,False,0,3,False,False,3
main_27_pairs,find-plant,167,provenance_value,4,0,results_submission/scienceworld_local_qwen_expansion_165_167_m4/episodes/find-plant-v167-provenance_value-m4-trace.jsonl,b93caf7efc22bd674f515196,8,True,True,True,True,0.0,0.0,0.0,False,0,0,True,True,3
main_27_pairs,find-plant,167,provenance_value,4,1,results_submission/scienceworld_local_qwen_expansion_165_167_m4/episodes/find-plant-v167-provenance_value-m4-trace.jsonl,5a7b24245efe918f43ee5398,8,True,True,True,True,0.0,0.0,0.0,False,0,0,True,True,3
main_27_pairs,find-plant,167,provenance_value,4,2,results_submission/scienceworld_local_qwen_expansion_165_167_m4/episodes/find-plant-v167-provenance_value-m4-trace.jsonl,6ef3d7f3bb7d6bca7a4cdb0c,8,True,True,True,False,0.0,0.0,0.0,False,0,0,True,True,1
main_27_pairs,find-plant,167,provenance_value,4,3,results_submission/scienceworld_local_qwen_expansion_165_167_m4/episodes/find-plant-v167-provenance_value-m4-trace.jsonl,d101c9fe0729721db0a861f9,8,True,True,True,False,0.0,0.0,0.0,False,0,0,True,True,3
main_27_pairs,find-plant,167,provenance_value,4,4,results_submission/scienceworld_local_qwen_expansion_165_167_m4/episodes/find-plant-v167-provenance_value-m4-trace.jsonl,9ddc622122dcbbf7d8bad336,8,True,True,True,True,0.0,0.0,0.0,False,0,0,True,True,3
main_27_pairs,find-plant,167,provenance_value,4,5,results_submission/scienceworld_local_qwen_expansion_165_167_m4/episodes/find-plant-v167-provenance_value-m4-trace.jsonl,1829dc9188616889aef798ec,8,True,True,True,False,0.0,0.0,0.0,False,0,0,True,True,0
main_27_pairs,find-animal,170,flat,1,0,results_submission/scienceworld_local_qwen_expansion_170_171_retry_m1/episodes/find-animal-v170-flat-m1-trace.jsonl,42b3743598032e1616c52c46,8,True,True,True,True,0.0,0.0,0.0,False,0,0,True,True,4
main_27_pairs,find-animal,170,provenance_value,1,0,results_submission/scienceworld_local_qwen_expansion_170_171_retry_m1/episodes/find-animal-v170-provenance_value-m1-trace.jsonl,42b3743598032e1616c52c46,8,True,True,True,True,0.0,0.0,0.0,False,0,0,True,True,4
main_27_pairs,find-animal,171,flat,1,0,results_submission/scienceworld_local_qwen_expansion_170_171_retry_m1/episodes/find-animal-v171-flat-m1-trace.jsonl,a514863f20efa8b08e9766e5,8,True,True,True,True,0.0,0.0,0.0,False,0,0,True,True,4
main_27_pairs,find-animal,171,provenance_value,1,0,results_submission/scienceworld_local_qwen_expansion_170_171_retry_m1/episodes/find-animal-v171-provenance_value-m1-trace.jsonl,a514863f20efa8b08e9766e5,8,True,True,True,True,0.0,0.0,0.0,False,0,0,True,True,4
main_27_pairs,find-plant,170,flat,1,0,results_submission/scienceworld_local_qwen_expansion_170_171_retry_m1/episodes/find-plant-v170-flat-m1-trace.jsonl,017ab4657136405e8c08d1bc,8,True,True,True,True,0.0,0.0,0.0,False,0,0,True,True,1
main_27_pairs,find-plant,170,flat,1,1,results_submission/scienceworld_local_qwen_expansion_170_171_retry_m1/episodes/find-plant-v170-flat-m1-trace.jsonl,987ce69d293b7ebc91aee2c7,8,True,True,True,True,0.0,0.0,0.0,False,0,0,True,True,0
main_27_pairs,find-plant,170,flat,1,2,results_submission/scienceworld_local_qwen_expansion_170_171_retry_m1/episodes/find-plant-v170-flat-m1-trace.jsonl,3ad14a1bf72ca2fcba8aa139,8,True,True,True,True,0.0,0.0,0.0,False,0,1,False,False,1
main_27_pairs,find-plant,170,flat,1,3,results_submission/scienceworld_local_qwen_expansion_170_171_retry_m1/episodes/find-plant-v170-flat-m1-trace.jsonl,e1aee16152ec0ba0673659f6,8,True,True,True,True,0.0,0.0,0.0,False,0,1,False,False,1
main_27_pairs,find-plant,170,flat,1,4,results_submission/scienceworld_local_qwen_expansion_170_171_retry_m1/episodes/find-plant-v170-flat-m1-trace.jsonl,8d1b3a250917564561fe6f55,8,True,True,True,True,0.0,0.0,0.0,False,0,1,False,False,2
main_27_pairs,find-plant,170,flat,1,5,results_submission/scienceworld_local_qwen_expansion_170_171_retry_m1/episodes/find-plant-v170-flat-m1-trace.jsonl,71b9d84b3102be763ce5881a,8,True,True,True,True,0.0,0.0,0.0,False,0,1,False,False,2
main_27_pairs,find-plant,170,flat,1,6,results_submission/scienceworld_local_qwen_expansion_170_171_retry_m1/episodes/find-plant-v170-flat-m1-trace.jsonl,91910bb1e84d22ab7602820b,8,True,True,True,True,0.0,0.0,0.0,False,0,1,False,False,2
main_27_pairs,find-plant,170,flat,1,7,results_submission/scienceworld_local_qwen_expansion_170_171_retry_m1/episodes/find-plant-v170-flat-m1-trace.jsonl,dc81b0a492bc5f557e8c9df6,8,True,True,True,True,0.0,0.0,0.0,False,0,1,False,False,2
main_27_pairs,find-plant,170,provenance_value,1,0,results_submission/scienceworld_local_qwen_expansion_170_171_retry_m1/episodes/find-plant-v170-provenance_value-m1-trace.jsonl,017ab4657136405e8c08d1bc,8,True,True,True,True,0.0,0.0,0.0,False,0,0,True,True,1
main_27_pairs,find-plant,170,provenance_value,1,1,results_submission/scienceworld_local_qwen_expansion_170_171_retry_m1/episodes/find-plant-v170-provenance_value-m1-trace.jsonl,987ce69d293b7ebc91aee2c7,8,True,True,True,True,0.0,0.0,0.0,False,0,0,True,True,0
main_27_pairs,find-plant,170,provenance_value,1,2,results_submission/scienceworld_local_qwen_expansion_170_171_retry_m1/episodes/find-plant-v170-provenance_value-m1-trace.jsonl,3ad14a1bf72ca2fcba8aa139,8,True,True,True,True,0.0,0.0,0.0,False,0,0,True,True,1
main_27_pairs,find-plant,170,provenance_value,1,3,results_submission/scienceworld_local_qwen_expansion_170_171_retry_m1/episodes/find-plant-v170-provenance_value-m1-trace.jsonl,9b76939728c9dafa0aa0e9fb,8,True,True,True,True,0.0,0.0,0.0,False,0,0,True,True,0
main_27_pairs,find-plant,170,provenance_value,1,4,results_submission/scienceworld_local_qwen_expansion_170_171_retry_m1/episodes/find-plant-v170-provenance_value-m1-trace.jsonl,e1e82ad228955409fd3c1120,8,True,True,True,True,0.0,0.0,0.0,False,0,0,True,True,1
main_27_pairs,find-plant,170,provenance_value,1,5,results_submission/scienceworld_local_qwen_expansion_170_171_retry_m1/episodes/find-plant-v170-provenance_value-m1-trace.jsonl,3d7ac2b5b65b6ac5a07fcda7,8,True,True,True,True,0.0,0.0,0.0,False,0,0,True,True,1
main_27_pairs,find-plant,170,provenance_value,1,6,results_submission/scienceworld_local_qwen_expansion_170_171_retry_m1/episodes/find-plant-v170-provenance_value-m1-trace.jsonl,435d3f3db1ba8d40dcaf8df1,8,True,True,True,True,0.0,0.0,0.0,False,0,0,True,True,3
main_27_pairs,find-plant,170,provenance_value,1,7,results_submission/scienceworld_local_qwen_expansion_170_171_retry_m1/episodes/find-plant-v170-provenance_value-m1-trace.jsonl,5b56f422f55de7bf143f1adc,8,True,True,True,True,0.0,0.0,0.0,False,0,0,True,True,1
main_27_pairs,find-plant,171,flat,1,0,results_submission/scienceworld_local_qwen_expansion_170_171_retry_m1/episodes/find-plant-v171-flat-m1-trace.jsonl,c418b372e50963be786483a6,8,True,True,True,True,0.0,0.0,0.0,False,0,1,False,False,4
main_27_pairs,find-plant,171,flat,1,1,results_submission/scienceworld_local_qwen_expansion_170_171_retry_m1/episodes/find-plant-v171-flat-m1-trace.jsonl,73e8ae1e9c592a6cd4bc4fc0,8,True,True,True,True,0.0,0.0,0.0,False,0,1,False,False,4
main_27_pairs,find-plant,171,flat,1,2,results_submission/scienceworld_local_qwen_expansion_170_171_retry_m1/episodes/find-plant-v171-flat-m1-trace.jsonl,dfa4f853f01fdf5d88ce04b0,8,True,True,True,True,0.0,0.0,0.0,False,0,1,False,False,4
main_27_pairs,find-plant,171,flat,1,3,results_submission/scienceworld_local_qwen_expansion_170_171_retry_m1/episodes/find-plant-v171-flat-m1-trace.jsonl,254e41bce6e14d3e4a86aa0b,8,True,True,True,True,0.0,0.0,0.0,False,0,1,False,False,4
main_27_pairs,find-plant,171,flat,1,4,results_submission/scienceworld_local_qwen_expansion_170_171_retry_m1/episodes/find-plant-v171-flat-m1-trace.jsonl,bbaaf5700d8a76c51fc81c1f,8,True,True,True,True,0.0,0.0,0.0,False,0,1,False,False,0
main_27_pairs,find-plant,171,flat,1,5,results_submission/scienceworld_local_qwen_expansion_170_171_retry_m1/episodes/find-plant-v171-flat-m1-trace.jsonl,a98642c871ccd32e26905e96,8,True,True,True,True,0.0,0.0,0.0,False,0,2,False,False,4
main_27_pairs,find-plant,171,flat,1,6,results_submission/scienceworld_local_qwen_expansion_170_171_retry_m1/episodes/find-plant-v171-flat-m1-trace.jsonl,58db545a00f502c7dec46609,8,True,True,True,True,0.0,0.0,0.0,False,0,2,False,False,4
main_27_pairs,find-plant,171,flat,1,7,results_submission/scienceworld_local_qwen_expansion_170_171_retry_m1/episodes/find-plant-v171-flat-m1-trace.jsonl,e45be9a31fa131d68bc497b3,8,True,True,True,False,0.0,0.0,0.0,False,0,2,False,False,4
main_27_pairs,find-plant,171,provenance_value,1,0,results_submission/scienceworld_local_qwen_expansion_170_171_retry_m1/episodes/find-plant-v171-provenance_value-m1-trace.jsonl,c418b372e50963be786483a6,8,True,True,True,True,0.0,0.0,0.0,False,0,0,True,True,4
main_27_pairs,find-plant,171,provenance_value,1,1,results_submission/scienceworld_local_qwen_expansion_170_171_retry_m1/episodes/find-plant-v171-provenance_value-m1-trace.jsonl,ae6c99a50ec995db06eca434,8,True,True,True,False,0.0,0.0,0.0,False,0,0,True,True,1
main_27_pairs,find-plant,171,provenance_value,1,2,results_submission/scienceworld_local_qwen_expansion_170_171_retry_m1/episodes/find-plant-v171-provenance_value-m1-trace.jsonl,3690be13470054f68dc58ec8,8,True,True,True,True,0.0,0.0,0.0,False,0,0,True,True,3
main_27_pairs,find-plant,171,provenance_value,1,3,results_submission/scienceworld_local_qwen_expansion_170_171_retry_m1/episodes/find-plant-v171-provenance_value-m1-trace.jsonl,d572f46ac9d18405a25b4c26,8,True,True,True,True,0.0,0.0,0.0,False,0,0,True,True,3
main_27_pairs,find-plant,171,provenance_value,1,4,results_submission/scienceworld_local_qwen_expansion_170_171_retry_m1/episodes/find-plant-v171-provenance_value-m1-trace.jsonl,fb01494f5ffe3e592fe95fa7,8,True,True,True,True,0.0,0.0,0.0,False,0,0,True,True,1
main_27_pairs,find-plant,171,provenance_value,1,5,results_submission/scienceworld_local_qwen_expansion_170_171_retry_m1/episodes/find-plant-v171-provenance_value-m1-trace.jsonl,62e31d5cb8e85e44461cbdd5,8,True,True,True,True,0.0,0.0,0.0,False,0,0,True,True,2
main_27_pairs,find-plant,171,provenance_value,1,6,results_submission/scienceworld_local_qwen_expansion_170_171_retry_m1/episodes/find-plant-v171-provenance_value-m1-trace.jsonl,d7fb731df51b87fd33e980b3,8,True,True,True,True,0.0,0.0,0.0,False,0,0,True,True,0
main_27_pairs,find-animal,170,flat,4,0,results_submission/scienceworld_local_qwen_expansion_170_171_retry_m4/episodes/find-animal-v170-flat-m4-trace.jsonl,42b3743598032e1616c52c46,8,True,True,True,True,0.0,0.0,0.0,False,0,0,True,True,4
main_27_pairs,find-animal,170,provenance_value,4,0,results_submission/scienceworld_local_qwen_expansion_170_171_retry_m4/episodes/find-animal-v170-provenance_value-m4-trace.jsonl,42b3743598032e1616c52c46,8,True,True,True,True,0.0,0.0,0.0,False,0,0,True,True,4
main_27_pairs,find-animal,171,flat,4,0,results_submission/scienceworld_local_qwen_expansion_170_171_retry_m4/episodes/find-animal-v171-flat-m4-trace.jsonl,a514863f20efa8b08e9766e5,8,True,True,True,True,0.0,0.0,0.0,False,0,0,True,True,4
main_27_pairs,find-animal,171,provenance_value,4,0,results_submission/scienceworld_local_qwen_expansion_170_171_retry_m4/episodes/find-animal-v171-provenance_value-m4-trace.jsonl,a514863f20efa8b08e9766e5,8,True,True,True,True,0.0,0.0,0.0,False,0,0,True,True,4
main_27_pairs,find-plant,170,flat,4,0,results_submission/scienceworld_local_qwen_expansion_170_171_retry_m4/episodes/find-plant-v170-flat-m4-trace.jsonl,017ab4657136405e8c08d1bc,8,True,True,True,True,0.0,0.0,0.0,False,0,0,True,True,1
main_27_pairs,find-plant,170,flat,4,1,results_submission/scienceworld_local_qwen_expansion_170_171_retry_m4/episodes/find-plant-v170-flat-m4-trace.jsonl,987ce69d293b7ebc91aee2c7,8,True,True,True,True,0.0,0.0,0.0,False,0,0,True,True,0
main_27_pairs,find-plant,170,flat,4,2,results_submission/scienceworld_local_qwen_expansion_170_171_retry_m4/episodes/find-plant-v170-flat-m4-trace.jsonl,3ad14a1bf72ca2fcba8aa139,8,True,True,True,True,0.0,0.0,0.0,False,0,1,False,False,1
main_27_pairs,find-plant,170,flat,4,3,results_submission/scienceworld_local_qwen_expansion_170_171_retry_m4/episodes/find-plant-v170-flat-m4-trace.jsonl,e1aee16152ec0ba0673659f6,8,True,True,True,True,0.0,0.0,0.0,False,0,1,False,False,1
main_27_pairs,find-plant,170,flat,4,4,results_submission/scienceworld_local_qwen_expansion_170_171_retry_m4/episodes/find-plant-v170-flat-m4-trace.jsonl,8d1b3a250917564561fe6f55,8,True,True,True,True,0.0,0.0,0.0,False,0,1,False,False,2
main_27_pairs,find-plant,170,flat,4,5,results_submission/scienceworld_local_qwen_expansion_170_171_retry_m4/episodes/find-plant-v170-flat-m4-trace.jsonl,71b9d84b3102be763ce5881a,8,True,True,True,True,0.0,0.0,0.0,False,0,1,False,False,2
main_27_pairs,find-plant,170,flat,4,6,results_submission/scienceworld_local_qwen_expansion_170_171_retry_m4/episodes/find-plant-v170-flat-m4-trace.jsonl,91910bb1e84d22ab7602820b,8,True,True,True,True,0.0,0.0,0.0,False,0,1,False,False,2
main_27_pairs,find-plant,170,flat,4,7,results_submission/scienceworld_local_qwen_expansion_170_171_retry_m4/episodes/find-plant-v170-flat-m4-trace.jsonl,dc81b0a492bc5f557e8c9df6,8,True,True,True,True,0.0,0.0,0.0,False,0,1,False,False,2
main_27_pairs,find-plant,170,provenance_value,4,0,results_submission/scienceworld_local_qwen_expansion_170_171_retry_m4/episodes/find-plant-v170-provenance_value-m4-trace.jsonl,017ab4657136405e8c08d1bc,8,True,True,True,True,0.0,0.0,0.0,False,0,0,True,True,1
main_27_pairs,find-plant,170,provenance_value,4,1,results_submission/scienceworld_local_qwen_expansion_170_171_retry_m4/episodes/find-plant-v170-provenance_value-m4-trace.jsonl,987ce69d293b7ebc91aee2c7,8,True,True,True,True,0.0,0.0,0.0,False,0,0,True,True,0
main_27_pairs,find-plant,170,provenance_value,4,2,results_submission/scienceworld_local_qwen_expansion_170_171_retry_m4/episodes/find-plant-v170-provenance_value-m4-trace.jsonl,3ad14a1bf72ca2fcba8aa139,8,True,True,True,True,0.0,0.0,0.0,False,0,0,True,True,1
main_27_pairs,find-plant,170,provenance_value,4,3,results_submission/scienceworld_local_qwen_expansion_170_171_retry_m4/episodes/find-plant-v170-provenance_value-m4-trace.jsonl,9b76939728c9dafa0aa0e9fb,8,True,True,True,True,0.0,0.0,0.0,False,0,0,True,True,0
main_27_pairs,find-plant,170,provenance_value,4,4,results_submission/scienceworld_local_qwen_expansion_170_171_retry_m4/episodes/find-plant-v170-provenance_value-m4-trace.jsonl,e1e82ad228955409fd3c1120,8,True,True,True,True,0.0,0.0,0.0,False,0,0,True,True,1
main_27_pairs,find-plant,170,provenance_value,4,5,results_submission/scienceworld_local_qwen_expansion_170_171_retry_m4/episodes/find-plant-v170-provenance_value-m4-trace.jsonl,3d7ac2b5b65b6ac5a07fcda7,8,True,True,True,True,0.0,0.0,0.0,False,0,0,True,True,1
main_27_pairs,find-plant,170,provenance_value,4,6,results_submission/scienceworld_local_qwen_expansion_170_171_retry_m4/episodes/find-plant-v170-provenance_value-m4-trace.jsonl,435d3f3db1ba8d40dcaf8df1,8,True,True,True,True,0.0,0.0,0.0,False,0,0,True,True,3
main_27_pairs,find-plant,170,provenance_value,4,7,results_submission/scienceworld_local_qwen_expansion_170_171_retry_m4/episodes/find-plant-v170-provenance_value-m4-trace.jsonl,5b56f422f55de7bf143f1adc,8,True,True,True,True,0.0,0.0,0.0,False,0,0,True,True,1
main_27_pairs,find-plant,171,flat,4,0,results_submission/scienceworld_local_qwen_expansion_170_171_retry_m4/episodes/find-plant-v171-flat-m4-trace.jsonl,c418b372e50963be786483a6,8,True,True,True,True,0.0,0.0,0.0,False,0,2,False,False,4
main_27_pairs,find-plant,171,flat,4,1,results_submission/scienceworld_local_qwen_expansion_170_171_retry_m4/episodes/find-plant-v171-flat-m4-trace.jsonl,ebb068829d77d7408cb7b2fb,8,True,True,True,True,0.0,0.0,0.0,False,0,0,True,True,1
main_27_pairs,find-plant,171,flat,4,2,results_submission/scienceworld_local_qwen_expansion_170_171_retry_m4/episodes/find-plant-v171-flat-m4-trace.jsonl,9e9d1c7c1cebe05255c29bee,8,True,True,True,True,0.0,0.0,0.0,False,0,1,False,False,1
main_27_pairs,find-plant,171,flat,4,3,results_submission/scienceworld_local_qwen_expansion_170_171_retry_m4/episodes/find-plant-v171-flat-m4-trace.jsonl,a7251055de9ffabe01071d58,8,True,True,True,True,0.0,0.0,0.0,False,0,0,True,True,3
main_27_pairs,find-plant,171,flat,4,4,results_submission/scienceworld_local_qwen_expansion_170_171_retry_m4/episodes/find-plant-v171-flat-m4-trace.jsonl,24051836f1c383722b437e5a,8,True,True,True,True,0.0,0.0,0.0,False,0,2,False,False,4
main_27_pairs,find-plant,171,flat,4,5,results_submission/scienceworld_local_qwen_expansion_170_171_retry_m4/episodes/find-plant-v171-flat-m4-trace.jsonl,a1180bf6304011f8364e230f,8,True,True,True,False,0.0,0.0,0.0,False,0,2,False,False,4
main_27_pairs,find-plant,171,flat,4,6,results_submission/scienceworld_local_qwen_expansion_170_171_retry_m4/episodes/find-plant-v171-flat-m4-trace.jsonl,bf5a7a06e53a8492187baae8,8,True,True,True,True,0.0,0.0,0.0,False,0,2,False,False,4
main_27_pairs,find-plant,171,flat,4,7,results_submission/scienceworld_local_qwen_expansion_170_171_retry_m4/episodes/find-plant-v171-flat-m4-trace.jsonl,83699e6c5088c917c2c4a94b,8,True,True,True,False,0.0,0.0,0.0,False,0,2,False,False,4
main_27_pairs,find-plant,171,provenance_value,4,0,results_submission/scienceworld_local_qwen_expansion_170_171_retry_m4/episodes/find-plant-v171-provenance_value-m4-trace.jsonl,c418b372e50963be786483a6,8,True,True,True,True,0.0,0.0,0.0,False,0,0,True,True,4
main_27_pairs,find-plant,171,provenance_value,4,1,results_submission/scienceworld_local_qwen_expansion_170_171_retry_m4/episodes/find-plant-v171-provenance_value-m4-trace.jsonl,ae6c99a50ec995db06eca434,8,True,True,True,False,0.0,0.0,0.0,False,0,0,True,True,1
main_27_pairs,find-plant,171,provenance_value,4,2,results_submission/scienceworld_local_qwen_expansion_170_171_retry_m4/episodes/find-plant-v171-provenance_value-m4-trace.jsonl,3690be13470054f68dc58ec8,8,True,True,True,True,0.0,0.0,0.0,False,0,0,True,True,3
main_27_pairs,find-plant,171,provenance_value,4,3,results_submission/scienceworld_local_qwen_expansion_170_171_retry_m4/episodes/find-plant-v171-provenance_value-m4-trace.jsonl,d572f46ac9d18405a25b4c26,8,True,True,True,True,0.0,0.0,0.0,False,0,0,True,True,3
main_27_pairs,find-plant,171,provenance_value,4,4,results_submission/scienceworld_local_qwen_expansion_170_171_retry_m4/episodes/find-plant-v171-provenance_value-m4-trace.jsonl,fb01494f5ffe3e592fe95fa7,8,True,True,True,True,0.0,0.0,0.0,False,0,0,True,True,1
main_27_pairs,find-plant,171,provenance_value,4,5,results_submission/scienceworld_local_qwen_expansion_170_171_retry_m4/episodes/find-plant-v171-provenance_value-m4-trace.jsonl,62e31d5cb8e85e44461cbdd5,8,True,True,True,True,0.0,0.0,0.0,False,0,0,True,True,2
main_27_pairs,find-plant,171,provenance_value,4,6,results_submission/scienceworld_local_qwen_expansion_170_171_retry_m4/episodes/find-plant-v171-provenance_value-m4-trace.jsonl,d7fb731df51b87fd33e980b3,8,True,True,True,True,0.0,0.0,0.0,False,0,0,True,True,0
main_27_pairs,find-animal,172,flat,1,0,results_submission/scienceworld_local_qwen_expansion_172_173_m1/episodes/find-animal-v172-flat-m1-trace.jsonl,7888ee08bed4cb88697ecafd,8,True,True,True,True,0.0,0.0,0.0,False,0,0,True,True,3
main_27_pairs,find-animal,172,flat,1,1,results_submission/scienceworld_local_qwen_expansion_172_173_m1/episodes/find-animal-v172-flat-m1-trace.jsonl,69ae07df3b74ee1c196d6e55,8,True,True,True,True,0.0,0.0,0.0,False,0,0,True,True,3
main_27_pairs,find-animal,172,flat,1,2,results_submission/scienceworld_local_qwen_expansion_172_173_m1/episodes/find-animal-v172-flat-m1-trace.jsonl,1b490754aa46254afb63424a,8,True,True,True,True,0.0,0.0,0.0,False,0,0,True,True,3
main_27_pairs,find-animal,172,flat,1,3,results_submission/scienceworld_local_qwen_expansion_172_173_m1/episodes/find-animal-v172-flat-m1-trace.jsonl,7425bff4b89964b2eee5fd9f,8,True,True,True,True,0.0,0.0,0.0,False,0,0,True,True,3
main_27_pairs,find-animal,172,flat,1,4,results_submission/scienceworld_local_qwen_expansion_172_173_m1/episodes/find-animal-v172-flat-m1-trace.jsonl,79863a3e0179b5219d4a4cdf,8,True,True,True,True,0.0,0.0,0.0,False,0,0,True,True,3
main_27_pairs,find-animal,172,flat,1,5,results_submission/scienceworld_local_qwen_expansion_172_173_m1/episodes/find-animal-v172-flat-m1-trace.jsonl,91e6174bc211d13ad761a757,8,True,True,True,True,0.0,0.0,0.0,False,0,0,True,True,3
main_27_pairs,find-animal,172,flat,1,6,results_submission/scienceworld_local_qwen_expansion_172_173_m1/episodes/find-animal-v172-flat-m1-trace.jsonl,bee9fd6d5d539b5329dedeba,8,True,True,True,True,0.0,0.0,0.0,False,0,0,True,True,3
main_27_pairs,find-animal,172,flat,1,7,results_submission/scienceworld_local_qwen_expansion_172_173_m1/episodes/find-animal-v172-flat-m1-trace.jsonl,3578ef92359465173dce6a4c,8,True,True,True,True,0.0,0.0,0.0,False,0,1,False,False,2
main_27_pairs,find-animal,172,provenance_value,1,0,results_submission/scienceworld_local_qwen_expansion_172_173_m1/episodes/find-animal-v172-provenance_value-m1-trace.jsonl,7888ee08bed4cb88697ecafd,8,True,True,True,True,0.0,0.0,0.0,False,0,0,True,True,3
main_27_pairs,find-animal,172,provenance_value,1,1,results_submission/scienceworld_local_qwen_expansion_172_173_m1/episodes/find-animal-v172-provenance_value-m1-trace.jsonl,69ae07df3b74ee1c196d6e55,8,True,True,True,True,0.0,0.0,0.0,False,0,0,True,True,3
main_27_pairs,find-animal,172,provenance_value,1,2,results_submission/scienceworld_local_qwen_expansion_172_173_m1/episodes/find-animal-v172-provenance_value-m1-trace.jsonl,1b490754aa46254afb63424a,8,True,True,True,True,0.0,0.0,0.0,False,0,0,True,True,3
main_27_pairs,find-animal,172,provenance_value,1,3,results_submission/scienceworld_local_qwen_expansion_172_173_m1/episodes/find-animal-v172-provenance_value-m1-trace.jsonl,7425bff4b89964b2eee5fd9f,8,True,True,True,True,0.0,0.0,0.0,False,0,0,True,True,3
main_27_pairs,find-animal,172,provenance_value,1,4,results_submission/scienceworld_local_qwen_expansion_172_173_m1/episodes/find-animal-v172-provenance_value-m1-trace.jsonl,79863a3e0179b5219d4a4cdf,8,True,True,True,True,0.0,0.0,0.0,False,0,0,True,True,3
main_27_pairs,find-animal,172,provenance_value,1,5,results_submission/scienceworld_local_qwen_expansion_172_173_m1/episodes/find-animal-v172-provenance_value-m1-trace.jsonl,91e6174bc211d13ad761a757,8,True,True,True,True,0.0,0.0,0.0,False,0,0,True,True,3
main_27_pairs,find-animal,172,provenance_value,1,6,results_submission/scienceworld_local_qwen_expansion_172_173_m1/episodes/find-animal-v172-provenance_value-m1-trace.jsonl,bee9fd6d5d539b5329dedeba,8,True,True,True,True,0.0,0.0,0.0,False,0,0,True,True,3
main_27_pairs,find-animal,172,provenance_value,1,7,results_submission/scienceworld_local_qwen_expansion_172_173_m1/episodes/find-animal-v172-provenance_value-m1-trace.jsonl,3578ef92359465173dce6a4c,8,True,True,True,True,0.0,0.0,0.0,False,0,0,True,True,2
main_27_pairs,find-animal,173,flat,1,0,results_submission/scienceworld_local_qwen_expansion_172_173_m1/episodes/find-animal-v173-flat-m1-trace.jsonl,3233eae29094cb802ca3b272,8,True,True,True,True,0.0,0.0,0.0,False,0,0,True,True,0
main_27_pairs,find-animal,173,flat,1,1,results_submission/scienceworld_local_qwen_expansion_172_173_m1/episodes/find-animal-v173-flat-m1-trace.jsonl,3bea99d94eed181bc61cdcc1,8,True,True,True,True,0.0,0.0,0.0,False,0,1,False,False,0
main_27_pairs,find-animal,173,flat,1,2,results_submission/scienceworld_local_qwen_expansion_172_173_m1/episodes/find-animal-v173-flat-m1-trace.jsonl,8cd97621318da91931295488,8,True,True,True,True,0.0,0.0,0.0,False,0,3,False,False,2
main_27_pairs,find-animal,173,flat,1,3,results_submission/scienceworld_local_qwen_expansion_172_173_m1/episodes/find-animal-v173-flat-m1-trace.jsonl,5eacf12470327125648cf438,8,True,True,True,True,0.0,0.0,0.0,False,0,1,False,False,0
main_27_pairs,find-animal,173,flat,1,4,results_submission/scienceworld_local_qwen_expansion_172_173_m1/episodes/find-animal-v173-flat-m1-trace.jsonl,52d6a38cc481203be9649cb4,8,True,True,True,True,0.0,0.0,0.0,False,0,3,False,False,2
main_27_pairs,find-animal,173,flat,1,5,results_submission/scienceworld_local_qwen_expansion_172_173_m1/episodes/find-animal-v173-flat-m1-trace.jsonl,9755613cf0dd57d1f85cdf7e,8,True,True,True,True,0.0,0.0,0.0,False,0,2,False,False,3
main_27_pairs,find-animal,173,flat,1,6,results_submission/scienceworld_local_qwen_expansion_172_173_m1/episodes/find-animal-v173-flat-m1-trace.jsonl,9497e1425027b0c18df3bd6d,8,True,True,True,True,0.0,0.0,0.0,False,0,3,False,False,2
main_27_pairs,find-animal,173,flat,1,7,results_submission/scienceworld_local_qwen_expansion_172_173_m1/episodes/find-animal-v173-flat-m1-trace.jsonl,c689ac6a52263ceb48080d17,8,True,True,True,True,0.0,0.0,0.0,False,0,2,False,False,3
main_27_pairs,find-animal,173,provenance_value,1,0,results_submission/scienceworld_local_qwen_expansion_172_173_m1/episodes/find-animal-v173-provenance_value-m1-trace.jsonl,3233eae29094cb802ca3b272,8,True,True,True,True,0.0,0.0,0.0,False,0,0,True,True,0
main_27_pairs,find-animal,173,provenance_value,1,1,results_submission/scienceworld_local_qwen_expansion_172_173_m1/episodes/find-animal-v173-provenance_value-m1-trace.jsonl,3bea99d94eed181bc61cdcc1,8,True,True,True,True,0.0,0.0,0.0,False,0,0,True,True,0
main_27_pairs,find-animal,173,provenance_value,1,2,results_submission/scienceworld_local_qwen_expansion_172_173_m1/episodes/find-animal-v173-provenance_value-m1-trace.jsonl,71bceaf2ac5b103aa5ca357d,8,True,True,True,False,0.0,0.0,0.0,False,0,0,True,True,1
main_27_pairs,find-animal,173,provenance_value,1,3,results_submission/scienceworld_local_qwen_expansion_172_173_m1/episodes/find-animal-v173-provenance_value-m1-trace.jsonl,6a57e640a8d08a58a7763c75,8,True,True,True,False,0.0,0.0,0.0,False,0,0,True,True,4
main_27_pairs,find-animal,173,provenance_value,1,4,results_submission/scienceworld_local_qwen_expansion_172_173_m1/episodes/find-animal-v173-provenance_value-m1-trace.jsonl,ddf0fb9b5e45918e35d1b27f,8,True,True,True,True,0.0,0.0,0.0,False,0,0,True,True,0
main_27_pairs,find-animal,173,provenance_value,1,5,results_submission/scienceworld_local_qwen_expansion_172_173_m1/episodes/find-animal-v173-provenance_value-m1-trace.jsonl,3b8037a55749c27ce86b01ae,8,True,True,True,True,0.0,0.0,0.0,False,0,0,True,True,4
main_27_pairs,find-animal,173,provenance_value,1,6,results_submission/scienceworld_local_qwen_expansion_172_173_m1/episodes/find-animal-v173-provenance_value-m1-trace.jsonl,3044cba9323a34794ed5e93c,8,True,True,True,True,0.0,0.0,0.0,False,0,0,True,True,4
main_27_pairs,find-animal,173,provenance_value,1,7,results_submission/scienceworld_local_qwen_expansion_172_173_m1/episodes/find-animal-v173-provenance_value-m1-trace.jsonl,6af4490a780f74bbd90f19f1,8,True,True,True,True,0.0,0.0,0.0,False,0,0,True,True,2
main_27_pairs,find-plant,172,flat,1,0,results_submission/scienceworld_local_qwen_expansion_172_173_m1/episodes/find-plant-v172-flat-m1-trace.jsonl,2b14e9aa82548fecf9ce2164,8,True,True,True,True,0.0,0.0,0.0,False,0,0,True,True,3
main_27_pairs,find-plant,172,flat,1,1,results_submission/scienceworld_local_qwen_expansion_172_173_m1/episodes/find-plant-v172-flat-m1-trace.jsonl,82a6ee9915dcac8e3af5d41c,8,False,False,False,False,0.0,1.1,0.0,False,0,0,True,True,3
main_27_pairs,find-plant,172,flat,1,2,results_submission/scienceworld_local_qwen_expansion_172_173_m1/episodes/find-plant-v172-flat-m1-trace.jsonl,784e87451e164b87f10ceec0,8,False,False,False,False,0.0,1.1,0.0,False,0,0,True,True,3
main_27_pairs,find-plant,172,flat,1,3,results_submission/scienceworld_local_qwen_expansion_172_173_m1/episodes/find-plant-v172-flat-m1-trace.jsonl,48ec210542ee565ad27c00bb,8,False,False,False,False,0.0,1.1,0.0,False,0,0,True,True,3
main_27_pairs,find-plant,172,flat,1,4,results_submission/scienceworld_local_qwen_expansion_172_173_m1/episodes/find-plant-v172-flat-m1-trace.jsonl,1e5ed617eb5a278a718f84dd,8,True,True,True,True,0.0,0.0,0.0,False,0,1,False,False,0
main_27_pairs,find-plant,172,flat,1,5,results_submission/scienceworld_local_qwen_expansion_172_173_m1/episodes/find-plant-v172-flat-m1-trace.jsonl,1366fa62ba4dd82bf383a0e4,8,True,True,True,True,0.0,0.0,0.0,False,0,1,False,False,2
main_27_pairs,find-plant,172,flat,1,6,results_submission/scienceworld_local_qwen_expansion_172_173_m1/episodes/find-plant-v172-flat-m1-trace.jsonl,87c18bd2c907471c2a01f4ea,8,True,True,True,True,0.0,0.0,0.0,False,0,1,False,False,1
main_27_pairs,find-plant,172,flat,1,7,results_submission/scienceworld_local_qwen_expansion_172_173_m1/episodes/find-plant-v172-flat-m1-trace.jsonl,1fa21d057a73242b488751d1,8,True,True,True,True,0.0,0.0,0.0,False,0,1,False,False,2
main_27_pairs,find-plant,172,provenance_value,1,0,results_submission/scienceworld_local_qwen_expansion_172_173_m1/episodes/find-plant-v172-provenance_value-m1-trace.jsonl,2b14e9aa82548fecf9ce2164,8,True,True,True,True,0.0,0.0,0.0,False,0,0,True,True,3
main_27_pairs,find-plant,172,provenance_value,1,1,results_submission/scienceworld_local_qwen_expansion_172_173_m1/episodes/find-plant-v172-provenance_value-m1-trace.jsonl,82a6ee9915dcac8e3af5d41c,8,False,False,False,False,0.0,1.1,0.0,False,0,0,True,True,3
main_27_pairs,find-plant,172,provenance_value,1,2,results_submission/scienceworld_local_qwen_expansion_172_173_m1/episodes/find-plant-v172-provenance_value-m1-trace.jsonl,784e87451e164b87f10ceec0,8,False,False,False,False,0.0,1.1,0.0,False,0,0,True,True,3
main_27_pairs,find-plant,172,provenance_value,1,3,results_submission/scienceworld_local_qwen_expansion_172_173_m1/episodes/find-plant-v172-provenance_value-m1-trace.jsonl,48ec210542ee565ad27c00bb,8,False,False,False,False,0.0,1.1,0.0,False,0,0,True,True,3
main_27_pairs,find-plant,172,provenance_value,1,4,results_submission/scienceworld_local_qwen_expansion_172_173_m1/episodes/find-plant-v172-provenance_value-m1-trace.jsonl,1e5ed617eb5a278a718f84dd,8,True,True,True,True,0.0,0.0,0.0,False,0,0,True,True,0
main_27_pairs,find-plant,172,provenance_value,1,5,results_submission/scienceworld_local_qwen_expansion_172_173_m1/episodes/find-plant-v172-provenance_value-m1-trace.jsonl,7c7372b8dd3aa047b1adb640,8,True,True,True,True,0.0,0.0,0.0,False,0,0,True,True,3
main_27_pairs,find-plant,172,provenance_value,1,6,results_submission/scienceworld_local_qwen_expansion_172_173_m1/episodes/find-plant-v172-provenance_value-m1-trace.jsonl,b70b299133e26f4b2a06652a,8,True,True,True,False,0.0,0.0,0.0,False,0,0,True,True,0
main_27_pairs,find-plant,172,provenance_value,1,7,results_submission/scienceworld_local_qwen_expansion_172_173_m1/episodes/find-plant-v172-provenance_value-m1-trace.jsonl,3a9adb5aa4561893775563b4,8,True,True,True,True,0.0,0.0,0.0,False,0,0,True,True,1
main_27_pairs,find-plant,173,flat,1,0,results_submission/scienceworld_local_qwen_expansion_172_173_m1/episodes/find-plant-v173-flat-m1-trace.jsonl,9bdf58f6c1f5a5c941bf0a12,8,True,True,True,True,0.0,0.0,0.0,False,0,1,False,False,2
main_27_pairs,find-plant,173,flat,1,1,results_submission/scienceworld_local_qwen_expansion_172_173_m1/episodes/find-plant-v173-flat-m1-trace.jsonl,388d403cf506fe7e6e9ae63b,8,True,True,True,True,0.0,0.0,0.0,False,0,0,True,True,3
main_27_pairs,find-plant,173,flat,1,2,results_submission/scienceworld_local_qwen_expansion_172_173_m1/episodes/find-plant-v173-flat-m1-trace.jsonl,4044c87c15d142c1a0ad83df,8,True,True,True,True,0.0,0.0,0.0,False,0,0,True,True,3
main_27_pairs,find-plant,173,flat,1,3,results_submission/scienceworld_local_qwen_expansion_172_173_m1/episodes/find-plant-v173-flat-m1-trace.jsonl,d783d7f736968e9b000ed3bc,8,False,False,False,False,0.0,1.1,0.0,False,0,0,True,True,3
main_27_pairs,find-plant,173,flat,1,4,results_submission/scienceworld_local_qwen_expansion_172_173_m1/episodes/find-plant-v173-flat-m1-trace.jsonl,18cf770af1789398eb395365,8,False,False,False,False,0.0,1.1,0.0,False,0,0,True,True,3
main_27_pairs,find-plant,173,flat,1,5,results_submission/scienceworld_local_qwen_expansion_172_173_m1/episodes/find-plant-v173-flat-m1-trace.jsonl,35350e8a9fe35ec88d41a260,8,True,True,True,True,0.0,0.0,0.0,False,0,1,False,False,2
main_27_pairs,find-plant,173,flat,1,6,results_submission/scienceworld_local_qwen_expansion_172_173_m1/episodes/find-plant-v173-flat-m1-trace.jsonl,4f77e2813ead10d923e46688,8,True,True,True,True,0.0,0.0,0.0,False,0,1,False,False,2
main_27_pairs,find-plant,173,flat,1,7,results_submission/scienceworld_local_qwen_expansion_172_173_m1/episodes/find-plant-v173-flat-m1-trace.jsonl,546750326fe301fbe7e38a44,8,True,True,True,True,0.0,0.0,0.0,False,0,1,False,False,2
main_27_pairs,find-plant,173,provenance_value,1,0,results_submission/scienceworld_local_qwen_expansion_172_173_m1/episodes/find-plant-v173-provenance_value-m1-trace.jsonl,9bdf58f6c1f5a5c941bf0a12,8,True,True,True,True,0.0,0.0,0.0,False,0,0,True,True,2
main_27_pairs,find-plant,173,provenance_value,1,1,results_submission/scienceworld_local_qwen_expansion_172_173_m1/episodes/find-plant-v173-provenance_value-m1-trace.jsonl,77723a0903eedc42d9f39f5e,8,True,True,True,True,0.0,0.0,0.0,False,0,0,True,True,2
main_27_pairs,find-plant,173,provenance_value,1,2,results_submission/scienceworld_local_qwen_expansion_172_173_m1/episodes/find-plant-v173-provenance_value-m1-trace.jsonl,a8b042ccc805e6b5511b4b1e,8,False,False,False,False,0.0,1.1,0.0,False,0,0,True,True,3
main_27_pairs,find-plant,173,provenance_value,1,3,results_submission/scienceworld_local_qwen_expansion_172_173_m1/episodes/find-plant-v173-provenance_value-m1-trace.jsonl,14acde965f9dd13f6457abcf,8,True,True,True,True,0.0,0.0,0.0,False,0,0,True,True,3
main_27_pairs,find-plant,173,provenance_value,1,4,results_submission/scienceworld_local_qwen_expansion_172_173_m1/episodes/find-plant-v173-provenance_value-m1-trace.jsonl,287bec31d69660efd35d1488,8,True,True,True,True,0.0,0.0,0.0,False,0,0,True,True,2
main_27_pairs,find-plant,173,provenance_value,1,5,results_submission/scienceworld_local_qwen_expansion_172_173_m1/episodes/find-plant-v173-provenance_value-m1-trace.jsonl,2ae207d4f9ff7587259c65fd,8,True,True,True,True,0.0,0.0,0.0,False,0,0,True,True,2
main_27_pairs,find-plant,173,provenance_value,1,6,results_submission/scienceworld_local_qwen_expansion_172_173_m1/episodes/find-plant-v173-provenance_value-m1-trace.jsonl,15766cd134241c56c16f3f20,8,True,True,True,True,0.0,0.0,0.0,False,0,0,True,True,2
main_27_pairs,find-plant,173,provenance_value,1,7,results_submission/scienceworld_local_qwen_expansion_172_173_m1/episodes/find-plant-v173-provenance_value-m1-trace.jsonl,22669caca0f97bab49ab1383,8,True,True,True,False,0.0,0.0,0.0,False,0,0,True,True,3
main_27_pairs,find-animal,172,flat,4,0,results_submission/scienceworld_local_qwen_expansion_172_173_m4/episodes/find-animal-v172-flat-m4-trace.jsonl,7888ee08bed4cb88697ecafd,8,True,True,True,True,0.0,0.0,0.0,False,0,0,True,True,3
main_27_pairs,find-animal,172,flat,4,1,results_submission/scienceworld_local_qwen_expansion_172_173_m4/episodes/find-animal-v172-flat-m4-trace.jsonl,69ae07df3b74ee1c196d6e55,8,True,True,True,True,0.0,0.0,0.0,False,0,0,True,True,3
main_27_pairs,find-animal,172,flat,4,2,results_submission/scienceworld_local_qwen_expansion_172_173_m4/episodes/find-animal-v172-flat-m4-trace.jsonl,1b490754aa46254afb63424a,8,True,True,True,True,0.0,0.0,0.0,False,0,0,True,True,3
main_27_pairs,find-animal,172,flat,4,3,results_submission/scienceworld_local_qwen_expansion_172_173_m4/episodes/find-animal-v172-flat-m4-trace.jsonl,7425bff4b89964b2eee5fd9f,8,True,True,True,True,0.0,0.0,0.0,False,0,0,True,True,3
main_27_pairs,find-animal,172,flat,4,4,results_submission/scienceworld_local_qwen_expansion_172_173_m4/episodes/find-animal-v172-flat-m4-trace.jsonl,79863a3e0179b5219d4a4cdf,8,True,True,True,True,0.0,0.0,0.0,False,0,0,True,True,3
main_27_pairs,find-animal,172,flat,4,5,results_submission/scienceworld_local_qwen_expansion_172_173_m4/episodes/find-animal-v172-flat-m4-trace.jsonl,91e6174bc211d13ad761a757,8,True,True,True,True,0.0,0.0,0.0,False,0,0,True,True,3
main_27_pairs,find-animal,172,flat,4,6,results_submission/scienceworld_local_qwen_expansion_172_173_m4/episodes/find-animal-v172-flat-m4-trace.jsonl,bee9fd6d5d539b5329dedeba,8,True,True,True,True,0.0,0.0,0.0,False,0,0,True,True,3
main_27_pairs,find-animal,172,flat,4,7,results_submission/scienceworld_local_qwen_expansion_172_173_m4/episodes/find-animal-v172-flat-m4-trace.jsonl,3578ef92359465173dce6a4c,8,True,True,True,True,0.0,0.0,0.0,False,0,1,False,False,2
main_27_pairs,find-animal,172,provenance_value,4,0,results_submission/scienceworld_local_qwen_expansion_172_173_m4/episodes/find-animal-v172-provenance_value-m4-trace.jsonl,7888ee08bed4cb88697ecafd,8,True,True,True,True,0.0,0.0,0.0,False,0,0,True,True,3
main_27_pairs,find-animal,172,provenance_value,4,1,results_submission/scienceworld_local_qwen_expansion_172_173_m4/episodes/find-animal-v172-provenance_value-m4-trace.jsonl,69ae07df3b74ee1c196d6e55,8,True,True,True,True,0.0,0.0,0.0,False,0,0,True,True,3
main_27_pairs,find-animal,172,provenance_value,4,2,results_submission/scienceworld_local_qwen_expansion_172_173_m4/episodes/find-animal-v172-provenance_value-m4-trace.jsonl,1b490754aa46254afb63424a,8,True,True,True,True,0.0,0.0,0.0,False,0,0,True,True,3
main_27_pairs,find-animal,172,provenance_value,4,3,results_submission/scienceworld_local_qwen_expansion_172_173_m4/episodes/find-animal-v172-provenance_value-m4-trace.jsonl,7425bff4b89964b2eee5fd9f,8,True,True,True,True,0.0,0.0,0.0,False,0,0,True,True,3
main_27_pairs,find-animal,172,provenance_value,4,4,results_submission/scienceworld_local_qwen_expansion_172_173_m4/episodes/find-animal-v172-provenance_value-m4-trace.jsonl,79863a3e0179b5219d4a4cdf,8,True,True,True,True,0.0,0.0,0.0,False,0,0,True,True,3
main_27_pairs,find-animal,172,provenance_value,4,5,results_submission/scienceworld_local_qwen_expansion_172_173_m4/episodes/find-animal-v172-provenance_value-m4-trace.jsonl,91e6174bc211d13ad761a757,8,True,True,True,True,0.0,0.0,0.0,False,0,0,True,True,3
main_27_pairs,find-animal,172,provenance_value,4,6,results_submission/scienceworld_local_qwen_expansion_172_173_m4/episodes/find-animal-v172-provenance_value-m4-trace.jsonl,bee9fd6d5d539b5329dedeba,8,True,True,True,True,0.0,0.0,0.0,False,0,0,True,True,3
main_27_pairs,find-animal,172,provenance_value,4,7,results_submission/scienceworld_local_qwen_expansion_172_173_m4/episodes/find-animal-v172-provenance_value-m4-trace.jsonl,3578ef92359465173dce6a4c,8,True,True,True,True,0.0,0.0,0.0,False,0,0,True,True,2
main_27_pairs,find-animal,173,flat,4,0,results_submission/scienceworld_local_qwen_expansion_172_173_m4/episodes/find-animal-v173-flat-m4-trace.jsonl,3233eae29094cb802ca3b272,8,True,True,True,True,0.0,0.0,0.0,False,0,0,True,True,0
main_27_pairs,find-animal,173,flat,4,1,results_submission/scienceworld_local_qwen_expansion_172_173_m4/episodes/find-animal-v173-flat-m4-trace.jsonl,3bea99d94eed181bc61cdcc1,8,True,True,True,True,0.0,0.0,0.0,False,0,1,False,False,0
main_27_pairs,find-animal,173,flat,4,2,results_submission/scienceworld_local_qwen_expansion_172_173_m4/episodes/find-animal-v173-flat-m4-trace.jsonl,8cd97621318da91931295488,8,True,True,True,True,0.0,0.0,0.0,False,0,3,False,False,2
main_27_pairs,find-animal,173,flat,4,3,results_submission/scienceworld_local_qwen_expansion_172_173_m4/episodes/find-animal-v173-flat-m4-trace.jsonl,5eacf12470327125648cf438,8,True,True,True,True,0.0,0.0,0.0,False,0,0,True,True,0
main_27_pairs,find-animal,173,flat,4,4,results_submission/scienceworld_local_qwen_expansion_172_173_m4/episodes/find-animal-v173-flat-m4-trace.jsonl,e4d62991763b3e395ccb02ae,8,True,True,True,True,0.0,0.0,0.0,False,0,2,False,False,3
main_27_pairs,find-animal,173,flat,4,5,results_submission/scienceworld_local_qwen_expansion_172_173_m4/episodes/find-animal-v173-flat-m4-trace.jsonl,a39e7627638faa9a1f4e3451,8,True,True,True,True,0.0,0.0,0.0,False,0,3,False,False,2
main_27_pairs,find-animal,173,flat,4,6,results_submission/scienceworld_local_qwen_expansion_172_173_m4/episodes/find-animal-v173-flat-m4-trace.jsonl,efbe6f803ec39a0a92d253b5,8,True,True,True,True,0.0,0.0,0.0,False,0,2,False,False,3
main_27_pairs,find-animal,173,flat,4,7,results_submission/scienceworld_local_qwen_expansion_172_173_m4/episodes/find-animal-v173-flat-m4-trace.jsonl,d77c2dbc33c920d387fcbbd2,8,True,True,True,False,0.0,0.0,0.0,False,0,0,True,True,4
main_27_pairs,find-animal,173,provenance_value,4,0,results_submission/scienceworld_local_qwen_expansion_172_173_m4/episodes/find-animal-v173-provenance_value-m4-trace.jsonl,3233eae29094cb802ca3b272,8,True,True,True,True,0.0,0.0,0.0,False,0,0,True,True,0
main_27_pairs,find-animal,173,provenance_value,4,1,results_submission/scienceworld_local_qwen_expansion_172_173_m4/episodes/find-animal-v173-provenance_value-m4-trace.jsonl,3bea99d94eed181bc61cdcc1,8,True,True,True,True,0.0,0.0,0.0,False,0,0,True,True,0
main_27_pairs,find-animal,173,provenance_value,4,2,results_submission/scienceworld_local_qwen_expansion_172_173_m4/episodes/find-animal-v173-provenance_value-m4-trace.jsonl,71bceaf2ac5b103aa5ca357d,8,True,True,True,False,0.0,0.0,0.0,False,0,0,True,True,1
main_27_pairs,find-animal,173,provenance_value,4,3,results_submission/scienceworld_local_qwen_expansion_172_173_m4/episodes/find-animal-v173-provenance_value-m4-trace.jsonl,6a57e640a8d08a58a7763c75,8,True,True,True,False,0.0,0.0,0.0,False,0,0,True,True,4
main_27_pairs,find-animal,173,provenance_value,4,4,results_submission/scienceworld_local_qwen_expansion_172_173_m4/episodes/find-animal-v173-provenance_value-m4-trace.jsonl,ddf0fb9b5e45918e35d1b27f,8,True,True,True,True,0.0,0.0,0.0,False,0,0,True,True,0
main_27_pairs,find-animal,173,provenance_value,4,5,results_submission/scienceworld_local_qwen_expansion_172_173_m4/episodes/find-animal-v173-provenance_value-m4-trace.jsonl,3b8037a55749c27ce86b01ae,8,True,True,True,True,0.0,0.0,0.0,False,0,0,True,True,4
main_27_pairs,find-animal,173,provenance_value,4,6,results_submission/scienceworld_local_qwen_expansion_172_173_m4/episodes/find-animal-v173-provenance_value-m4-trace.jsonl,3044cba9323a34794ed5e93c,8,True,True,True,True,0.0,0.0,0.0,False,0,0,True,True,4
main_27_pairs,find-animal,173,provenance_value,4,7,results_submission/scienceworld_local_qwen_expansion_172_173_m4/episodes/find-animal-v173-provenance_value-m4-trace.jsonl,6af4490a780f74bbd90f19f1,8,True,True,True,True,0.0,0.0,0.0,False,0,0,True,True,2
main_27_pairs,find-plant,172,flat,4,0,results_submission/scienceworld_local_qwen_expansion_172_173_m4/episodes/find-plant-v172-flat-m4-trace.jsonl,2b14e9aa82548fecf9ce2164,8,True,True,True,True,0.0,0.0,0.0,False,0,0,True,True,3
main_27_pairs,find-plant,172,flat,4,1,results_submission/scienceworld_local_qwen_expansion_172_173_m4/episodes/find-plant-v172-flat-m4-trace.jsonl,82a6ee9915dcac8e3af5d41c,8,False,False,False,False,0.0,1.1,0.0,False,0,0,True,True,3
main_27_pairs,find-plant,172,flat,4,2,results_submission/scienceworld_local_qwen_expansion_172_173_m4/episodes/find-plant-v172-flat-m4-trace.jsonl,784e87451e164b87f10ceec0,8,False,False,False,False,0.0,1.1,0.0,False,0,0,True,True,3
main_27_pairs,find-plant,172,flat,4,3,results_submission/scienceworld_local_qwen_expansion_172_173_m4/episodes/find-plant-v172-flat-m4-trace.jsonl,48ec210542ee565ad27c00bb,8,False,False,False,False,0.0,1.1,0.0,False,0,0,True,True,3
main_27_pairs,find-plant,172,flat,4,4,results_submission/scienceworld_local_qwen_expansion_172_173_m4/episodes/find-plant-v172-flat-m4-trace.jsonl,1e5ed617eb5a278a718f84dd,8,True,True,True,True,0.0,0.0,0.0,False,0,1,False,False,0
main_27_pairs,find-plant,172,flat,4,5,results_submission/scienceworld_local_qwen_expansion_172_173_m4/episodes/find-plant-v172-flat-m4-trace.jsonl,1366fa62ba4dd82bf383a0e4,8,True,True,True,True,0.0,0.0,0.0,False,0,1,False,False,2
main_27_pairs,find-plant,172,flat,4,6,results_submission/scienceworld_local_qwen_expansion_172_173_m4/episodes/find-plant-v172-flat-m4-trace.jsonl,87c18bd2c907471c2a01f4ea,8,True,True,True,True,0.0,0.0,0.0,False,0,1,False,False,1
main_27_pairs,find-plant,172,flat,4,7,results_submission/scienceworld_local_qwen_expansion_172_173_m4/episodes/find-plant-v172-flat-m4-trace.jsonl,1fa21d057a73242b488751d1,8,True,True,True,True,0.0,0.0,0.0,False,0,1,False,False,2
main_27_pairs,find-plant,172,provenance_value,4,0,results_submission/scienceworld_local_qwen_expansion_172_173_m4/episodes/find-plant-v172-provenance_value-m4-trace.jsonl,2b14e9aa82548fecf9ce2164,8,True,True,True,True,0.0,0.0,0.0,False,0,0,True,True,3
main_27_pairs,find-plant,172,provenance_value,4,1,results_submission/scienceworld_local_qwen_expansion_172_173_m4/episodes/find-plant-v172-provenance_value-m4-trace.jsonl,82a6ee9915dcac8e3af5d41c,8,False,False,False,False,0.0,1.1,0.0,False,0,0,True,True,3
main_27_pairs,find-plant,172,provenance_value,4,2,results_submission/scienceworld_local_qwen_expansion_172_173_m4/episodes/find-plant-v172-provenance_value-m4-trace.jsonl,784e87451e164b87f10ceec0,8,False,False,False,False,0.0,1.1,0.0,False,0,0,True,True,3
main_27_pairs,find-plant,172,provenance_value,4,3,results_submission/scienceworld_local_qwen_expansion_172_173_m4/episodes/find-plant-v172-provenance_value-m4-trace.jsonl,48ec210542ee565ad27c00bb,8,False,False,False,False,0.0,1.1,0.0,False,0,0,True,True,3
main_27_pairs,find-plant,172,provenance_value,4,4,results_submission/scienceworld_local_qwen_expansion_172_173_m4/episodes/find-plant-v172-provenance_value-m4-trace.jsonl,1e5ed617eb5a278a718f84dd,8,True,True,True,True,0.0,0.0,0.0,False,0,0,True,True,0
main_27_pairs,find-plant,172,provenance_value,4,5,results_submission/scienceworld_local_qwen_expansion_172_173_m4/episodes/find-plant-v172-provenance_value-m4-trace.jsonl,7c7372b8dd3aa047b1adb640,8,True,True,True,True,0.0,0.0,0.0,False,0,0,True,True,3
main_27_pairs,find-plant,172,provenance_value,4,6,results_submission/scienceworld_local_qwen_expansion_172_173_m4/episodes/find-plant-v172-provenance_value-m4-trace.jsonl,b70b299133e26f4b2a06652a,8,True,True,True,False,0.0,0.0,0.0,False,0,0,True,True,0
main_27_pairs,find-plant,172,provenance_value,4,7,results_submission/scienceworld_local_qwen_expansion_172_173_m4/episodes/find-plant-v172-provenance_value-m4-trace.jsonl,3a9adb5aa4561893775563b4,8,True,True,True,True,0.0,0.0,0.0,False,0,0,True,True,1
main_27_pairs,find-plant,173,flat,4,0,results_submission/scienceworld_local_qwen_expansion_172_173_m4/episodes/find-plant-v173-flat-m4-trace.jsonl,9bdf58f6c1f5a5c941bf0a12,8,True,True,True,True,0.0,0.0,0.0,False,0,0,True,True,2
main_27_pairs,find-plant,173,flat,4,1,results_submission/scienceworld_local_qwen_expansion_172_173_m4/episodes/find-plant-v173-flat-m4-trace.jsonl,77723a0903eedc42d9f39f5e,8,True,True,True,True,0.0,0.0,0.0,False,0,1,False,False,2
main_27_pairs,find-plant,173,flat,4,2,results_submission/scienceworld_local_qwen_expansion_172_173_m4/episodes/find-plant-v173-flat-m4-trace.jsonl,fa5e073ca9fc55a9d30fd770,8,True,True,True,True,0.0,0.0,0.0,False,0,2,False,False,4
main_27_pairs,find-plant,173,flat,4,3,results_submission/scienceworld_local_qwen_expansion_172_173_m4/episodes/find-plant-v173-flat-m4-trace.jsonl,96f41bf37eea2b9369dd4833,8,True,True,True,True,0.0,0.0,0.0,False,0,0,True,True,2
main_27_pairs,find-plant,173,flat,4,4,results_submission/scienceworld_local_qwen_expansion_172_173_m4/episodes/find-plant-v173-flat-m4-trace.jsonl,55ae9fc37218d293621f2ce3,8,True,True,True,True,0.0,0.0,0.0,False,0,1,False,False,2
main_27_pairs,find-plant,173,flat,4,5,results_submission/scienceworld_local_qwen_expansion_172_173_m4/episodes/find-plant-v173-flat-m4-trace.jsonl,7787bee103650cc64c13785e,8,True,True,True,True,0.0,0.0,0.0,False,0,1,False,False,2
main_27_pairs,find-plant,173,flat,4,6,results_submission/scienceworld_local_qwen_expansion_172_173_m4/episodes/find-plant-v173-flat-m4-trace.jsonl,94778bcd49372ad487ddae61,8,True,True,True,True,0.0,0.0,0.0,False,0,1,False,False,2
main_27_pairs,find-plant,173,flat,4,7,results_submission/scienceworld_local_qwen_expansion_172_173_m4/episodes/find-plant-v173-flat-m4-trace.jsonl,0bf94a6aa3eed84730514101,8,True,True,True,True,0.0,0.0,0.0,False,0,1,False,False,2
main_27_pairs,find-plant,173,provenance_value,4,0,results_submission/scienceworld_local_qwen_expansion_172_173_m4/episodes/find-plant-v173-provenance_value-m4-trace.jsonl,9bdf58f6c1f5a5c941bf0a12,8,True,True,True,True,0.0,0.0,0.0,False,0,0,True,True,2
main_27_pairs,find-plant,173,provenance_value,4,1,results_submission/scienceworld_local_qwen_expansion_172_173_m4/episodes/find-plant-v173-provenance_value-m4-trace.jsonl,77723a0903eedc42d9f39f5e,8,True,True,True,True,0.0,0.0,0.0,False,0,0,True,True,2
main_27_pairs,find-plant,173,provenance_value,4,2,results_submission/scienceworld_local_qwen_expansion_172_173_m4/episodes/find-plant-v173-provenance_value-m4-trace.jsonl,a8b042ccc805e6b5511b4b1e,8,False,False,False,False,0.0,1.1,0.0,False,0,0,True,True,3
main_27_pairs,find-plant,173,provenance_value,4,3,results_submission/scienceworld_local_qwen_expansion_172_173_m4/episodes/find-plant-v173-provenance_value-m4-trace.jsonl,14acde965f9dd13f6457abcf,8,True,True,True,True,0.0,0.0,0.0,False,0,0,True,True,3
main_27_pairs,find-plant,173,provenance_value,4,4,results_submission/scienceworld_local_qwen_expansion_172_173_m4/episodes/find-plant-v173-provenance_value-m4-trace.jsonl,287bec31d69660efd35d1488,8,True,True,True,True,0.0,0.0,0.0,False,0,0,True,True,2
main_27_pairs,find-plant,173,provenance_value,4,5,results_submission/scienceworld_local_qwen_expansion_172_173_m4/episodes/find-plant-v173-provenance_value-m4-trace.jsonl,2ae207d4f9ff7587259c65fd,8,True,True,True,True,0.0,0.0,0.0,False,0,0,True,True,2
main_27_pairs,find-plant,173,provenance_value,4,6,results_submission/scienceworld_local_qwen_expansion_172_173_m4/episodes/find-plant-v173-provenance_value-m4-trace.jsonl,15766cd134241c56c16f3f20,8,True,True,True,True,0.0,0.0,0.0,False,0,0,True,True,2
main_27_pairs,find-plant,173,provenance_value,4,7,results_submission/scienceworld_local_qwen_expansion_172_173_m4/episodes/find-plant-v173-provenance_value-m4-trace.jsonl,22669caca0f97bab49ab1383,8,True,True,True,False,0.0,0.0,0.0,False,0,0,True,True,3
fair_168_169,find-animal,168,flat_value,1,0,results_submission/scienceworld_local_qwen_flatvalue_168_169_m1/episodes/find-animal-v168-flat_value-m1-trace.jsonl,bac1bfa3a4590966954044c1,8,True,True,True,True,0.0,0.0,0.0,False,0,0,True,True,1
fair_168_169,find-animal,168,flat_value,1,1,results_submission/scienceworld_local_qwen_flatvalue_168_169_m1/episodes/find-animal-v168-flat_value-m1-trace.jsonl,072109eb0149b14e1e5c5565,8,True,True,True,True,0.0,0.0,0.0,False,0,0,True,True,2
fair_168_169,find-animal,168,flat_value,1,2,results_submission/scienceworld_local_qwen_flatvalue_168_169_m1/episodes/find-animal-v168-flat_value-m1-trace.jsonl,e13785e4b3990a4200690fb6,8,True,True,True,True,0.0,0.0,0.0,False,0,0,True,True,3
fair_168_169,find-animal,168,flat_value,1,3,results_submission/scienceworld_local_qwen_flatvalue_168_169_m1/episodes/find-animal-v168-flat_value-m1-trace.jsonl,8e2c03938b9bcb36c13b7f41,8,True,True,True,True,0.0,0.0,0.0,False,0,0,True,True,1
fair_168_169,find-animal,168,flat_value,1,4,results_submission/scienceworld_local_qwen_flatvalue_168_169_m1/episodes/find-animal-v168-flat_value-m1-trace.jsonl,bc6455c58a6068bbb878ec7f,8,True,True,True,True,0.0,0.0,0.0,False,0,0,True,True,1
fair_168_169,find-animal,168,provenance_value,1,0,results_submission/scienceworld_local_qwen_flatvalue_168_169_m1/episodes/find-animal-v168-provenance_value-m1-trace.jsonl,bac1bfa3a4590966954044c1,8,True,True,True,True,0.0,0.0,0.0,False,0,0,True,True,1
fair_168_169,find-animal,168,provenance_value,1,1,results_submission/scienceworld_local_qwen_flatvalue_168_169_m1/episodes/find-animal-v168-provenance_value-m1-trace.jsonl,072109eb0149b14e1e5c5565,8,True,True,True,True,0.0,0.0,0.0,False,0,0,True,True,2
fair_168_169,find-animal,168,provenance_value,1,2,results_submission/scienceworld_local_qwen_flatvalue_168_169_m1/episodes/find-animal-v168-provenance_value-m1-trace.jsonl,e13785e4b3990a4200690fb6,8,True,True,True,True,0.0,0.0,0.0,False,0,0,True,True,3
fair_168_169,find-animal,168,provenance_value,1,3,results_submission/scienceworld_local_qwen_flatvalue_168_169_m1/episodes/find-animal-v168-provenance_value-m1-trace.jsonl,8e2c03938b9bcb36c13b7f41,8,True,True,True,True,0.0,0.0,0.0,False,0,0,True,True,1
fair_168_169,find-animal,168,provenance_value,1,4,results_submission/scienceworld_local_qwen_flatvalue_168_169_m1/episodes/find-animal-v168-provenance_value-m1-trace.jsonl,bc6455c58a6068bbb878ec7f,8,True,True,True,True,0.0,0.0,0.0,False,0,0,True,True,1
fair_168_169,find-animal,169,flat_value,1,0,results_submission/scienceworld_local_qwen_flatvalue_168_169_m1/episodes/find-animal-v169-flat_value-m1-trace.jsonl,1a49b688737ee19969faeb94,8,True,True,True,True,0.0,0.0,0.0,False,0,0,True,True,1
fair_168_169,find-animal,169,flat_value,1,1,results_submission/scienceworld_local_qwen_flatvalue_168_169_m1/episodes/find-animal-v169-flat_value-m1-trace.jsonl,e4a5e6eafefb12faec4dfd0b,8,True,True,True,True,0.0,0.0,0.0,False,0,0,True,True,2
fair_168_169,find-animal,169,flat_value,1,2,results_submission/scienceworld_local_qwen_flatvalue_168_169_m1/episodes/find-animal-v169-flat_value-m1-trace.jsonl,e136c38d51b15805c9152624,8,True,True,True,True,0.0,0.0,0.0,False,0,0,True,True,3
fair_168_169,find-animal,169,flat_value,1,3,results_submission/scienceworld_local_qwen_flatvalue_168_169_m1/episodes/find-animal-v169-flat_value-m1-trace.jsonl,d424396d03e6cb22b07b8b9c,8,True,True,True,False,0.0,0.0,0.0,False,0,0,True,True,4
fair_168_169,find-animal,169,flat_value,1,4,results_submission/scienceworld_local_qwen_flatvalue_168_169_m1/episodes/find-animal-v169-flat_value-m1-trace.jsonl,7719ceb8f7168a487a4395e4,8,True,True,True,True,0.0,0.0,0.0,False,0,0,True,True,3
fair_168_169,find-animal,169,flat_value,1,5,results_submission/scienceworld_local_qwen_flatvalue_168_169_m1/episodes/find-animal-v169-flat_value-m1-trace.jsonl,bcbd1a5984036e4c596fa56a,8,True,True,True,True,0.0,0.0,0.0,False,0,0,True,True,2
fair_168_169,find-animal,169,flat_value,1,6,results_submission/scienceworld_local_qwen_flatvalue_168_169_m1/episodes/find-animal-v169-flat_value-m1-trace.jsonl,79d01ea0594358940141346d,8,True,True,True,True,0.0,0.0,0.0,False,0,0,True,True,0
fair_168_169,find-animal,169,flat_value,1,7,results_submission/scienceworld_local_qwen_flatvalue_168_169_m1/episodes/find-animal-v169-flat_value-m1-trace.jsonl,e1f21f5219992c4fc408557b,8,True,True,True,True,0.0,0.0,0.0,False,0,0,True,True,0
fair_168_169,find-animal,169,provenance_value,1,0,results_submission/scienceworld_local_qwen_flatvalue_168_169_m1/episodes/find-animal-v169-provenance_value-m1-trace.jsonl,1a49b688737ee19969faeb94,8,True,True,True,True,0.0,0.0,0.0,False,0,0,True,True,1
fair_168_169,find-animal,169,provenance_value,1,1,results_submission/scienceworld_local_qwen_flatvalue_168_169_m1/episodes/find-animal-v169-provenance_value-m1-trace.jsonl,e4a5e6eafefb12faec4dfd0b,8,True,True,True,True,0.0,0.0,0.0,False,0,0,True,True,2
fair_168_169,find-animal,169,provenance_value,1,2,results_submission/scienceworld_local_qwen_flatvalue_168_169_m1/episodes/find-animal-v169-provenance_value-m1-trace.jsonl,e136c38d51b15805c9152624,8,True,True,True,True,0.0,0.0,0.0,False,0,0,True,True,3
fair_168_169,find-animal,169,provenance_value,1,3,results_submission/scienceworld_local_qwen_flatvalue_168_169_m1/episodes/find-animal-v169-provenance_value-m1-trace.jsonl,d424396d03e6cb22b07b8b9c,8,True,True,True,False,0.0,0.0,0.0,False,0,0,True,True,4
fair_168_169,find-animal,169,provenance_value,1,4,results_submission/scienceworld_local_qwen_flatvalue_168_169_m1/episodes/find-animal-v169-provenance_value-m1-trace.jsonl,7719ceb8f7168a487a4395e4,8,True,True,True,True,0.0,0.0,0.0,False,0,0,True,True,3
fair_168_169,find-animal,169,provenance_value,1,5,results_submission/scienceworld_local_qwen_flatvalue_168_169_m1/episodes/find-animal-v169-provenance_value-m1-trace.jsonl,bcbd1a5984036e4c596fa56a,8,True,True,True,True,0.0,0.0,0.0,False,0,0,True,True,2
fair_168_169,find-animal,169,provenance_value,1,6,results_submission/scienceworld_local_qwen_flatvalue_168_169_m1/episodes/find-animal-v169-provenance_value-m1-trace.jsonl,79d01ea0594358940141346d,8,True,True,True,True,0.0,0.0,0.0,False,0,0,True,True,0
fair_168_169,find-animal,169,provenance_value,1,7,results_submission/scienceworld_local_qwen_flatvalue_168_169_m1/episodes/find-animal-v169-provenance_value-m1-trace.jsonl,e1f21f5219992c4fc408557b,8,True,True,True,True,0.0,0.0,0.0,False,0,0,True,True,0
fair_168_169,find-plant,168,flat_value,1,0,results_submission/scienceworld_local_qwen_flatvalue_168_169_m1/episodes/find-plant-v168-flat_value-m1-trace.jsonl,f650be4288cc00c62dda054b,8,True,True,True,True,0.0,0.0,0.0,False,0,0,True,True,1
fair_168_169,find-plant,168,flat_value,1,1,results_submission/scienceworld_local_qwen_flatvalue_168_169_m1/episodes/find-plant-v168-flat_value-m1-trace.jsonl,699bda0ba60044a30c68346f,8,True,True,True,True,0.0,0.0,0.0,False,0,0,True,True,2
fair_168_169,find-plant,168,flat_value,1,2,results_submission/scienceworld_local_qwen_flatvalue_168_169_m1/episodes/find-plant-v168-flat_value-m1-trace.jsonl,8bfb107c79cb8278e115fd19,8,True,True,True,False,0.0,0.0,0.0,False,0,0,True,True,1
fair_168_169,find-plant,168,flat_value,1,3,results_submission/scienceworld_local_qwen_flatvalue_168_169_m1/episodes/find-plant-v168-flat_value-m1-trace.jsonl,94bbbeb80c21b6cec991a33c,8,True,True,True,True,0.0,0.0,0.0,False,0,0,True,True,4
fair_168_169,find-plant,168,flat_value,1,4,results_submission/scienceworld_local_qwen_flatvalue_168_169_m1/episodes/find-plant-v168-flat_value-m1-trace.jsonl,ceaacd9b93249e1998cb715b,8,True,True,True,True,0.0,0.0,0.0,False,0,0,True,True,2
fair_168_169,find-plant,168,flat_value,1,5,results_submission/scienceworld_local_qwen_flatvalue_168_169_m1/episodes/find-plant-v168-flat_value-m1-trace.jsonl,a0c475c7f528f47e903915ba,8,True,True,True,False,0.0,0.0,0.0,False,0,0,True,True,0
fair_168_169,find-plant,168,provenance_value,1,0,results_submission/scienceworld_local_qwen_flatvalue_168_169_m1/episodes/find-plant-v168-provenance_value-m1-trace.jsonl,f650be4288cc00c62dda054b,8,True,True,True,True,0.0,0.0,0.0,False,0,0,True,True,1
fair_168_169,find-plant,168,provenance_value,1,1,results_submission/scienceworld_local_qwen_flatvalue_168_169_m1/episodes/find-plant-v168-provenance_value-m1-trace.jsonl,699bda0ba60044a30c68346f,8,True,True,True,True,0.0,0.0,0.0,False,0,0,True,True,2
fair_168_169,find-plant,168,provenance_value,1,2,results_submission/scienceworld_local_qwen_flatvalue_168_169_m1/episodes/find-plant-v168-provenance_value-m1-trace.jsonl,8bfb107c79cb8278e115fd19,8,True,True,True,False,0.0,0.0,0.0,False,0,0,True,True,1
fair_168_169,find-plant,168,provenance_value,1,3,results_submission/scienceworld_local_qwen_flatvalue_168_169_m1/episodes/find-plant-v168-provenance_value-m1-trace.jsonl,94bbbeb80c21b6cec991a33c,8,True,True,True,True,0.0,0.0,0.0,False,0,0,True,True,4
fair_168_169,find-plant,168,provenance_value,1,4,results_submission/scienceworld_local_qwen_flatvalue_168_169_m1/episodes/find-plant-v168-provenance_value-m1-trace.jsonl,ceaacd9b93249e1998cb715b,8,True,True,True,True,0.0,0.0,0.0,False,0,0,True,True,2
fair_168_169,find-plant,168,provenance_value,1,5,results_submission/scienceworld_local_qwen_flatvalue_168_169_m1/episodes/find-plant-v168-provenance_value-m1-trace.jsonl,a0c475c7f528f47e903915ba,8,True,True,True,False,0.0,0.0,0.0,False,0,0,True,True,0
fair_168_169,find-plant,169,flat_value,1,0,results_submission/scienceworld_local_qwen_flatvalue_168_169_m1/episodes/find-plant-v169-flat_value-m1-trace.jsonl,85a483bbb7bbcd2a04b87698,8,True,True,True,True,0.0,0.0,0.0,False,0,0,True,True,3
fair_168_169,find-plant,169,flat_value,1,1,results_submission/scienceworld_local_qwen_flatvalue_168_169_m1/episodes/find-plant-v169-flat_value-m1-trace.jsonl,b1c7e5460286e1dbf14d1193,8,True,True,True,True,0.0,0.0,0.0,False,0,0,True,True,2
fair_168_169,find-plant,169,flat_value,1,2,results_submission/scienceworld_local_qwen_flatvalue_168_169_m1/episodes/find-plant-v169-flat_value-m1-trace.jsonl,c981e2032ab4bc09f9bd617d,8,True,True,True,True,0.0,0.0,0.0,False,0,0,True,True,3
fair_168_169,find-plant,169,flat_value,1,3,results_submission/scienceworld_local_qwen_flatvalue_168_169_m1/episodes/find-plant-v169-flat_value-m1-trace.jsonl,443a93f2e772e122bc678534,8,True,True,True,False,0.0,0.0,0.0,False,0,0,True,True,3
fair_168_169,find-plant,169,flat_value,1,4,results_submission/scienceworld_local_qwen_flatvalue_168_169_m1/episodes/find-plant-v169-flat_value-m1-trace.jsonl,3948a5b3b85267fe902f9447,8,True,True,True,True,0.0,0.0,0.0,False,0,0,True,True,3
fair_168_169,find-plant,169,flat_value,1,5,results_submission/scienceworld_local_qwen_flatvalue_168_169_m1/episodes/find-plant-v169-flat_value-m1-trace.jsonl,3de4be8214b23b8aee9ad6ac,8,True,True,True,True,0.0,0.0,0.0,False,0,0,True,True,3
fair_168_169,find-plant,169,flat_value,1,6,results_submission/scienceworld_local_qwen_flatvalue_168_169_m1/episodes/find-plant-v169-flat_value-m1-trace.jsonl,08f7707a8032dca4b2b91dfa,8,True,True,True,True,0.0,0.0,0.0,False,0,0,True,True,3
fair_168_169,find-plant,169,flat_value,1,7,results_submission/scienceworld_local_qwen_flatvalue_168_169_m1/episodes/find-plant-v169-flat_value-m1-trace.jsonl,c07809de89038be6c660dd9e,8,True,True,True,True,0.0,0.0,0.0,False,0,0,True,True,3
fair_168_169,find-plant,169,provenance_value,1,0,results_submission/scienceworld_local_qwen_flatvalue_168_169_m1/episodes/find-plant-v169-provenance_value-m1-trace.jsonl,85a483bbb7bbcd2a04b87698,8,True,True,True,True,0.0,0.0,0.0,False,0,0,True,True,3
fair_168_169,find-plant,169,provenance_value,1,1,results_submission/scienceworld_local_qwen_flatvalue_168_169_m1/episodes/find-plant-v169-provenance_value-m1-trace.jsonl,b1c7e5460286e1dbf14d1193,8,True,True,True,True,0.0,0.0,0.0,False,0,0,True,True,2
fair_168_169,find-plant,169,provenance_value,1,2,results_submission/scienceworld_local_qwen_flatvalue_168_169_m1/episodes/find-plant-v169-provenance_value-m1-trace.jsonl,c981e2032ab4bc09f9bd617d,8,True,True,True,True,0.0,0.0,0.0,False,0,0,True,True,3
fair_168_169,find-plant,169,provenance_value,1,3,results_submission/scienceworld_local_qwen_flatvalue_168_169_m1/episodes/find-plant-v169-provenance_value-m1-trace.jsonl,443a93f2e772e122bc678534,8,True,True,True,False,0.0,0.0,0.0,False,0,0,True,True,3
fair_168_169,find-plant,169,provenance_value,1,4,results_submission/scienceworld_local_qwen_flatvalue_168_169_m1/episodes/find-plant-v169-provenance_value-m1-trace.jsonl,3948a5b3b85267fe902f9447,8,True,True,True,True,0.0,0.0,0.0,False,0,0,True,True,3
fair_168_169,find-plant,169,provenance_value,1,5,results_submission/scienceworld_local_qwen_flatvalue_168_169_m1/episodes/find-plant-v169-provenance_value-m1-trace.jsonl,3de4be8214b23b8aee9ad6ac,8,True,True,True,True,0.0,0.0,0.0,False,0,0,True,True,3
fair_168_169,find-plant,169,provenance_value,1,6,results_submission/scienceworld_local_qwen_flatvalue_168_169_m1/episodes/find-plant-v169-provenance_value-m1-trace.jsonl,08f7707a8032dca4b2b91dfa,8,True,True,True,True,0.0,0.0,0.0,False,0,0,True,True,3
fair_168_169,find-plant,169,provenance_value,1,7,results_submission/scienceworld_local_qwen_flatvalue_168_169_m1/episodes/find-plant-v169-provenance_value-m1-trace.jsonl,c07809de89038be6c660dd9e,8,True,True,True,True,0.0,0.0,0.0,False,0,0,True,True,3
fair_168_169,find-animal,168,flat_value,4,0,results_submission/scienceworld_local_qwen_flatvalue_168_169_m4/episodes/find-animal-v168-flat_value-m4-trace.jsonl,bac1bfa3a4590966954044c1,8,True,True,True,True,0.0,0.0,0.0,False,0,0,True,True,1
fair_168_169,find-animal,168,flat_value,4,1,results_submission/scienceworld_local_qwen_flatvalue_168_169_m4/episodes/find-animal-v168-flat_value-m4-trace.jsonl,072109eb0149b14e1e5c5565,8,True,True,True,True,0.0,0.0,0.0,False,0,0,True,True,2
fair_168_169,find-animal,168,flat_value,4,2,results_submission/scienceworld_local_qwen_flatvalue_168_169_m4/episodes/find-animal-v168-flat_value-m4-trace.jsonl,e13785e4b3990a4200690fb6,8,True,True,True,True,0.0,0.0,0.0,False,0,0,True,True,3
fair_168_169,find-animal,168,flat_value,4,3,results_submission/scienceworld_local_qwen_flatvalue_168_169_m4/episodes/find-animal-v168-flat_value-m4-trace.jsonl,8e2c03938b9bcb36c13b7f41,8,True,True,True,True,0.0,0.0,0.0,False,0,0,True,True,1
fair_168_169,find-animal,168,flat_value,4,4,results_submission/scienceworld_local_qwen_flatvalue_168_169_m4/episodes/find-animal-v168-flat_value-m4-trace.jsonl,bc6455c58a6068bbb878ec7f,8,True,True,True,True,0.0,0.0,0.0,False,0,0,True,True,1
fair_168_169,find-animal,168,provenance_value,4,0,results_submission/scienceworld_local_qwen_flatvalue_168_169_m4/episodes/find-animal-v168-provenance_value-m4-trace.jsonl,bac1bfa3a4590966954044c1,8,True,True,True,True,0.0,0.0,0.0,False,0,0,True,True,1
fair_168_169,find-animal,168,provenance_value,4,1,results_submission/scienceworld_local_qwen_flatvalue_168_169_m4/episodes/find-animal-v168-provenance_value-m4-trace.jsonl,072109eb0149b14e1e5c5565,8,True,True,True,True,0.0,0.0,0.0,False,0,0,True,True,2
fair_168_169,find-animal,168,provenance_value,4,2,results_submission/scienceworld_local_qwen_flatvalue_168_169_m4/episodes/find-animal-v168-provenance_value-m4-trace.jsonl,e13785e4b3990a4200690fb6,8,True,True,True,True,0.0,0.0,0.0,False,0,0,True,True,3
fair_168_169,find-animal,168,provenance_value,4,3,results_submission/scienceworld_local_qwen_flatvalue_168_169_m4/episodes/find-animal-v168-provenance_value-m4-trace.jsonl,8e2c03938b9bcb36c13b7f41,8,True,True,True,True,0.0,0.0,0.0,False,0,0,True,True,1
fair_168_169,find-animal,168,provenance_value,4,4,results_submission/scienceworld_local_qwen_flatvalue_168_169_m4/episodes/find-animal-v168-provenance_value-m4-trace.jsonl,bc6455c58a6068bbb878ec7f,8,True,True,True,True,0.0,0.0,0.0,False,0,0,True,True,1
fair_168_169,find-animal,169,flat_value,4,0,results_submission/scienceworld_local_qwen_flatvalue_168_169_m4/episodes/find-animal-v169-flat_value-m4-trace.jsonl,1a49b688737ee19969faeb94,8,True,True,True,True,0.0,0.0,0.0,False,0,0,True,True,1
fair_168_169,find-animal,169,flat_value,4,1,results_submission/scienceworld_local_qwen_flatvalue_168_169_m4/episodes/find-animal-v169-flat_value-m4-trace.jsonl,e4a5e6eafefb12faec4dfd0b,8,True,True,True,True,0.0,0.0,0.0,False,0,0,True,True,2
fair_168_169,find-animal,169,flat_value,4,2,results_submission/scienceworld_local_qwen_flatvalue_168_169_m4/episodes/find-animal-v169-flat_value-m4-trace.jsonl,e136c38d51b15805c9152624,8,True,True,True,True,0.0,0.0,0.0,False,0,0,True,True,3
fair_168_169,find-animal,169,flat_value,4,3,results_submission/scienceworld_local_qwen_flatvalue_168_169_m4/episodes/find-animal-v169-flat_value-m4-trace.jsonl,d424396d03e6cb22b07b8b9c,8,True,True,True,False,0.0,0.0,0.0,False,0,0,True,True,4
fair_168_169,find-animal,169,flat_value,4,4,results_submission/scienceworld_local_qwen_flatvalue_168_169_m4/episodes/find-animal-v169-flat_value-m4-trace.jsonl,7719ceb8f7168a487a4395e4,8,True,True,True,True,0.0,0.0,0.0,False,0,0,True,True,3
fair_168_169,find-animal,169,flat_value,4,5,results_submission/scienceworld_local_qwen_flatvalue_168_169_m4/episodes/find-animal-v169-flat_value-m4-trace.jsonl,bcbd1a5984036e4c596fa56a,8,True,True,True,True,0.0,0.0,0.0,False,0,0,True,True,2
fair_168_169,find-animal,169,flat_value,4,6,results_submission/scienceworld_local_qwen_flatvalue_168_169_m4/episodes/find-animal-v169-flat_value-m4-trace.jsonl,79d01ea0594358940141346d,8,True,True,True,True,0.0,0.0,0.0,False,0,0,True,True,0
fair_168_169,find-animal,169,flat_value,4,7,results_submission/scienceworld_local_qwen_flatvalue_168_169_m4/episodes/find-animal-v169-flat_value-m4-trace.jsonl,e1f21f5219992c4fc408557b,8,True,True,True,True,0.0,0.0,0.0,False,0,0,True,True,0
fair_168_169,find-animal,169,provenance_value,4,0,results_submission/scienceworld_local_qwen_flatvalue_168_169_m4/episodes/find-animal-v169-provenance_value-m4-trace.jsonl,1a49b688737ee19969faeb94,8,True,True,True,True,0.0,0.0,0.0,False,0,0,True,True,1
fair_168_169,find-animal,169,provenance_value,4,1,results_submission/scienceworld_local_qwen_flatvalue_168_169_m4/episodes/find-animal-v169-provenance_value-m4-trace.jsonl,e4a5e6eafefb12faec4dfd0b,8,True,True,True,True,0.0,0.0,0.0,False,0,0,True,True,2
fair_168_169,find-animal,169,provenance_value,4,2,results_submission/scienceworld_local_qwen_flatvalue_168_169_m4/episodes/find-animal-v169-provenance_value-m4-trace.jsonl,e136c38d51b15805c9152624,8,True,True,True,True,0.0,0.0,0.0,False,0,0,True,True,3
fair_168_169,find-animal,169,provenance_value,4,3,results_submission/scienceworld_local_qwen_flatvalue_168_169_m4/episodes/find-animal-v169-provenance_value-m4-trace.jsonl,d424396d03e6cb22b07b8b9c,8,True,True,True,False,0.0,0.0,0.0,False,0,0,True,True,4
fair_168_169,find-animal,169,provenance_value,4,4,results_submission/scienceworld_local_qwen_flatvalue_168_169_m4/episodes/find-animal-v169-provenance_value-m4-trace.jsonl,7719ceb8f7168a487a4395e4,8,True,True,True,True,0.0,0.0,0.0,False,0,0,True,True,3
fair_168_169,find-animal,169,provenance_value,4,5,results_submission/scienceworld_local_qwen_flatvalue_168_169_m4/episodes/find-animal-v169-provenance_value-m4-trace.jsonl,bcbd1a5984036e4c596fa56a,8,True,True,True,True,0.0,0.0,0.0,False,0,0,True,True,2
fair_168_169,find-animal,169,provenance_value,4,6,results_submission/scienceworld_local_qwen_flatvalue_168_169_m4/episodes/find-animal-v169-provenance_value-m4-trace.jsonl,79d01ea0594358940141346d,8,True,True,True,True,0.0,0.0,0.0,False,0,0,True,True,0
fair_168_169,find-animal,169,provenance_value,4,7,results_submission/scienceworld_local_qwen_flatvalue_168_169_m4/episodes/find-animal-v169-provenance_value-m4-trace.jsonl,e1f21f5219992c4fc408557b,8,True,True,True,True,0.0,0.0,0.0,False,0,0,True,True,0
fair_168_169,find-plant,168,flat_value,4,0,results_submission/scienceworld_local_qwen_flatvalue_168_169_m4/episodes/find-plant-v168-flat_value-m4-trace.jsonl,f650be4288cc00c62dda054b,8,True,True,True,True,0.0,0.0,0.0,False,0,0,True,True,1
fair_168_169,find-plant,168,flat_value,4,1,results_submission/scienceworld_local_qwen_flatvalue_168_169_m4/episodes/find-plant-v168-flat_value-m4-trace.jsonl,699bda0ba60044a30c68346f,8,True,True,True,True,0.0,0.0,0.0,False,0,0,True,True,2
fair_168_169,find-plant,168,flat_value,4,2,results_submission/scienceworld_local_qwen_flatvalue_168_169_m4/episodes/find-plant-v168-flat_value-m4-trace.jsonl,8bfb107c79cb8278e115fd19,8,True,True,True,False,0.0,0.0,0.0,False,0,0,True,True,1
fair_168_169,find-plant,168,flat_value,4,3,results_submission/scienceworld_local_qwen_flatvalue_168_169_m4/episodes/find-plant-v168-flat_value-m4-trace.jsonl,94bbbeb80c21b6cec991a33c,8,True,True,True,True,0.0,0.0,0.0,False,0,0,True,True,4
fair_168_169,find-plant,168,flat_value,4,4,results_submission/scienceworld_local_qwen_flatvalue_168_169_m4/episodes/find-plant-v168-flat_value-m4-trace.jsonl,ceaacd9b93249e1998cb715b,8,True,True,True,True,0.0,0.0,0.0,False,0,0,True,True,2
fair_168_169,find-plant,168,flat_value,4,5,results_submission/scienceworld_local_qwen_flatvalue_168_169_m4/episodes/find-plant-v168-flat_value-m4-trace.jsonl,a0c475c7f528f47e903915ba,8,True,True,True,False,0.0,0.0,0.0,False,0,0,True,True,0
fair_168_169,find-plant,168,provenance_value,4,0,results_submission/scienceworld_local_qwen_flatvalue_168_169_m4/episodes/find-plant-v168-provenance_value-m4-trace.jsonl,f650be4288cc00c62dda054b,8,True,True,True,True,0.0,0.0,0.0,False,0,0,True,True,1
fair_168_169,find-plant,168,provenance_value,4,1,results_submission/scienceworld_local_qwen_flatvalue_168_169_m4/episodes/find-plant-v168-provenance_value-m4-trace.jsonl,699bda0ba60044a30c68346f,8,True,True,True,True,0.0,0.0,0.0,False,0,0,True,True,2
fair_168_169,find-plant,168,provenance_value,4,2,results_submission/scienceworld_local_qwen_flatvalue_168_169_m4/episodes/find-plant-v168-provenance_value-m4-trace.jsonl,8bfb107c79cb8278e115fd19,8,True,True,True,False,0.0,0.0,0.0,False,0,0,True,True,1
fair_168_169,find-plant,168,provenance_value,4,3,results_submission/scienceworld_local_qwen_flatvalue_168_169_m4/episodes/find-plant-v168-provenance_value-m4-trace.jsonl,94bbbeb80c21b6cec991a33c,8,True,True,True,True,0.0,0.0,0.0,False,0,0,True,True,4
fair_168_169,find-plant,168,provenance_value,4,4,results_submission/scienceworld_local_qwen_flatvalue_168_169_m4/episodes/find-plant-v168-provenance_value-m4-trace.jsonl,ceaacd9b93249e1998cb715b,8,True,True,True,True,0.0,0.0,0.0,False,0,0,True,True,2
fair_168_169,find-plant,168,provenance_value,4,5,results_submission/scienceworld_local_qwen_flatvalue_168_169_m4/episodes/find-plant-v168-provenance_value-m4-trace.jsonl,a0c475c7f528f47e903915ba,8,True,True,True,False,0.0,0.0,0.0,False,0,0,True,True,0
fair_168_169,find-plant,169,flat_value,4,0,results_submission/scienceworld_local_qwen_flatvalue_168_169_m4/episodes/find-plant-v169-flat_value-m4-trace.jsonl,85a483bbb7bbcd2a04b87698,8,True,True,True,True,0.0,0.0,0.0,False,0,0,True,True,3
fair_168_169,find-plant,169,flat_value,4,1,results_submission/scienceworld_local_qwen_flatvalue_168_169_m4/episodes/find-plant-v169-flat_value-m4-trace.jsonl,b1c7e5460286e1dbf14d1193,8,True,True,True,True,0.0,0.0,0.0,False,0,0,True,True,2
fair_168_169,find-plant,169,flat_value,4,2,results_submission/scienceworld_local_qwen_flatvalue_168_169_m4/episodes/find-plant-v169-flat_value-m4-trace.jsonl,c981e2032ab4bc09f9bd617d,8,True,True,True,True,0.0,0.0,0.0,False,0,0,True,True,3
fair_168_169,find-plant,169,flat_value,4,3,results_submission/scienceworld_local_qwen_flatvalue_168_169_m4/episodes/find-plant-v169-flat_value-m4-trace.jsonl,443a93f2e772e122bc678534,8,True,True,True,False,0.0,0.0,0.0,False,0,0,True,True,3
fair_168_169,find-plant,169,flat_value,4,4,results_submission/scienceworld_local_qwen_flatvalue_168_169_m4/episodes/find-plant-v169-flat_value-m4-trace.jsonl,3948a5b3b85267fe902f9447,8,True,True,True,True,0.0,0.0,0.0,False,0,0,True,True,3
fair_168_169,find-plant,169,flat_value,4,5,results_submission/scienceworld_local_qwen_flatvalue_168_169_m4/episodes/find-plant-v169-flat_value-m4-trace.jsonl,3de4be8214b23b8aee9ad6ac,8,True,True,True,True,0.0,0.0,0.0,False,0,0,True,True,3
fair_168_169,find-plant,169,flat_value,4,6,results_submission/scienceworld_local_qwen_flatvalue_168_169_m4/episodes/find-plant-v169-flat_value-m4-trace.jsonl,08f7707a8032dca4b2b91dfa,8,True,True,True,True,0.0,0.0,0.0,False,0,0,True,True,3
fair_168_169,find-plant,169,flat_value,4,7,results_submission/scienceworld_local_qwen_flatvalue_168_169_m4/episodes/find-plant-v169-flat_value-m4-trace.jsonl,c07809de89038be6c660dd9e,8,True,True,True,True,0.0,0.0,0.0,False,0,0,True,True,3
fair_168_169,find-plant,169,provenance_value,4,0,results_submission/scienceworld_local_qwen_flatvalue_168_169_m4/episodes/find-plant-v169-provenance_value-m4-trace.jsonl,85a483bbb7bbcd2a04b87698,8,True,True,True,True,0.0,0.0,0.0,False,0,0,True,True,3
fair_168_169,find-plant,169,provenance_value,4,1,results_submission/scienceworld_local_qwen_flatvalue_168_169_m4/episodes/find-plant-v169-provenance_value-m4-trace.jsonl,b1c7e5460286e1dbf14d1193,8,True,True,True,True,0.0,0.0,0.0,False,0,0,True,True,2
fair_168_169,find-plant,169,provenance_value,4,2,results_submission/scienceworld_local_qwen_flatvalue_168_169_m4/episodes/find-plant-v169-provenance_value-m4-trace.jsonl,c981e2032ab4bc09f9bd617d,8,True,True,True,True,0.0,0.0,0.0,False,0,0,True,True,3
fair_168_169,find-plant,169,provenance_value,4,3,results_submission/scienceworld_local_qwen_flatvalue_168_169_m4/episodes/find-plant-v169-provenance_value-m4-trace.jsonl,443a93f2e772e122bc678534,8,True,True,True,False,0.0,0.0,0.0,False,0,0,True,True,3
fair_168_169,find-plant,169,provenance_value,4,4,results_submission/scienceworld_local_qwen_flatvalue_168_169_m4/episodes/find-plant-v169-provenance_value-m4-trace.jsonl,3948a5b3b85267fe902f9447,8,True,True,True,True,0.0,0.0,0.0,False,0,0,True,True,3
fair_168_169,find-plant,169,provenance_value,4,5,results_submission/scienceworld_local_qwen_flatvalue_168_169_m4/episodes/find-plant-v169-provenance_value-m4-trace.jsonl,3de4be8214b23b8aee9ad6ac,8,True,True,True,True,0.0,0.0,0.0,False,0,0,True,True,3
fair_168_169,find-plant,169,provenance_value,4,6,results_submission/scienceworld_local_qwen_flatvalue_168_169_m4/episodes/find-plant-v169-provenance_value-m4-trace.jsonl,08f7707a8032dca4b2b91dfa,8,True,True,True,True,0.0,0.0,0.0,False,0,0,True,True,3
fair_168_169,find-plant,169,provenance_value,4,7,results_submission/scienceworld_local_qwen_flatvalue_168_169_m4/episodes/find-plant-v169-provenance_value-m4-trace.jsonl,c07809de89038be6c660dd9e,8,True,True,True,True,0.0,0.0,0.0,False,0,0,True,True,3
heldout_plant,find-plant,174,flat_value,1,0,results_submission/scienceworld_local_qwen_heldout174_176_m1/episodes/find-plant-v174-flat_value-m1-trace.jsonl,679afc6215c26b94da2d8206,8,True,True,True,False,0.0,0.0,0.0,False,0,0,True,True,3
heldout_plant,find-plant,174,flat_value,1,1,results_submission/scienceworld_local_qwen_heldout174_176_m1/episodes/find-plant-v174-flat_value-m1-trace.jsonl,43d04587ce0dbfeb1d6dd490,8,True,True,True,True,0.0,0.0,0.0,False,0,0,True,True,3
heldout_plant,find-plant,174,flat_value,1,2,results_submission/scienceworld_local_qwen_heldout174_176_m1/episodes/find-plant-v174-flat_value-m1-trace.jsonl,f12debdc026ae7211e055512,8,True,True,True,True,0.0,0.0,0.0,False,0,0,True,True,2
heldout_plant,find-plant,174,flat_value,1,3,results_submission/scienceworld_local_qwen_heldout174_176_m1/episodes/find-plant-v174-flat_value-m1-trace.jsonl,df993b8f5055f2d091bf18ed,8,True,True,True,True,0.0,0.0,0.0,False,0,0,True,True,4
heldout_plant,find-plant,174,flat_value,1,4,results_submission/scienceworld_local_qwen_heldout174_176_m1/episodes/find-plant-v174-flat_value-m1-trace.jsonl,7300d21b7c1c16f9e2b7006c,8,True,True,True,False,0.0,0.0,0.0,False,0,0,True,True,1
heldout_plant,find-plant,174,flat_value,1,5,results_submission/scienceworld_local_qwen_heldout174_176_m1/episodes/find-plant-v174-flat_value-m1-trace.jsonl,294b4cbb2eddccaa17bc8137,8,True,True,True,False,0.0,0.0,0.0,False,0,0,True,True,3
heldout_plant,find-plant,174,flat_value,1,6,results_submission/scienceworld_local_qwen_heldout174_176_m1/episodes/find-plant-v174-flat_value-m1-trace.jsonl,82a4368594978e83fa1c84ae,8,True,True,True,True,0.0,0.0,0.0,False,0,0,True,True,4
heldout_plant,find-plant,174,flat_value,1,7,results_submission/scienceworld_local_qwen_heldout174_176_m1/episodes/find-plant-v174-flat_value-m1-trace.jsonl,a030e9fc47886055b97304e4,8,True,True,True,True,0.0,0.0,0.0,False,0,0,True,True,0
heldout_plant,find-plant,174,provenance_value,1,0,results_submission/scienceworld_local_qwen_heldout174_176_m1/episodes/find-plant-v174-provenance_value-m1-trace.jsonl,679afc6215c26b94da2d8206,8,True,True,True,False,0.0,0.0,0.0,False,0,0,True,True,3
heldout_plant,find-plant,174,provenance_value,1,1,results_submission/scienceworld_local_qwen_heldout174_176_m1/episodes/find-plant-v174-provenance_value-m1-trace.jsonl,43d04587ce0dbfeb1d6dd490,8,True,True,True,True,0.0,0.0,0.0,False,0,0,True,True,3
heldout_plant,find-plant,174,provenance_value,1,2,results_submission/scienceworld_local_qwen_heldout174_176_m1/episodes/find-plant-v174-provenance_value-m1-trace.jsonl,f12debdc026ae7211e055512,8,True,True,True,True,0.0,0.0,0.0,False,0,0,True,True,2
heldout_plant,find-plant,174,provenance_value,1,3,results_submission/scienceworld_local_qwen_heldout174_176_m1/episodes/find-plant-v174-provenance_value-m1-trace.jsonl,df993b8f5055f2d091bf18ed,8,True,True,True,True,0.0,0.0,0.0,False,0,0,True,True,4
heldout_plant,find-plant,174,provenance_value,1,4,results_submission/scienceworld_local_qwen_heldout174_176_m1/episodes/find-plant-v174-provenance_value-m1-trace.jsonl,7300d21b7c1c16f9e2b7006c,8,True,True,True,False,0.0,0.0,0.0,False,0,0,True,True,1
heldout_plant,find-plant,174,provenance_value,1,5,results_submission/scienceworld_local_qwen_heldout174_176_m1/episodes/find-plant-v174-provenance_value-m1-trace.jsonl,294b4cbb2eddccaa17bc8137,8,True,True,True,False,0.0,0.0,0.0,False,0,0,True,True,3
heldout_plant,find-plant,174,provenance_value,1,6,results_submission/scienceworld_local_qwen_heldout174_176_m1/episodes/find-plant-v174-provenance_value-m1-trace.jsonl,82a4368594978e83fa1c84ae,8,True,True,True,True,0.0,0.0,0.0,False,0,0,True,True,4
heldout_plant,find-plant,174,provenance_value,1,7,results_submission/scienceworld_local_qwen_heldout174_176_m1/episodes/find-plant-v174-provenance_value-m1-trace.jsonl,a030e9fc47886055b97304e4,8,True,True,True,True,0.0,0.0,0.0,False,0,0,True,True,0
heldout_plant,find-plant,175,flat_value,1,0,results_submission/scienceworld_local_qwen_heldout174_176_m1/episodes/find-plant-v175-flat_value-m1-trace.jsonl,6b9ed9fc9e1b5b3f11ff1598,8,True,True,True,True,0.0,0.0,0.0,False,0,0,True,True,3
heldout_plant,find-plant,175,flat_value,1,1,results_submission/scienceworld_local_qwen_heldout174_176_m1/episodes/find-plant-v175-flat_value-m1-trace.jsonl,09e4879bb8e5bdcdf2d772aa,8,True,True,True,True,0.0,0.0,0.0,False,0,0,True,True,0
heldout_plant,find-plant,175,flat_value,1,2,results_submission/scienceworld_local_qwen_heldout174_176_m1/episodes/find-plant-v175-flat_value-m1-trace.jsonl,fd63c0956c3b7e105ef5a350,8,False,False,False,False,0.0,1.1,0.0,False,0,0,True,True,3
heldout_plant,find-plant,175,flat_value,1,3,results_submission/scienceworld_local_qwen_heldout174_176_m1/episodes/find-plant-v175-flat_value-m1-trace.jsonl,3c4f27f36be86be0b46df588,8,False,False,False,False,0.0,1.1,0.0,False,0,0,True,True,3
heldout_plant,find-plant,175,flat_value,1,4,results_submission/scienceworld_local_qwen_heldout174_176_m1/episodes/find-plant-v175-flat_value-m1-trace.jsonl,9041bf61a683e1d5035e607a,8,True,True,True,True,0.0,0.0,0.0,False,0,0,True,True,0
heldout_plant,find-plant,175,flat_value,1,5,results_submission/scienceworld_local_qwen_heldout174_176_m1/episodes/find-plant-v175-flat_value-m1-trace.jsonl,7b8b75cb4404c5e13358220b,8,True,True,True,True,0.0,0.0,0.0,False,0,0,True,True,3
heldout_plant,find-plant,175,flat_value,1,6,results_submission/scienceworld_local_qwen_heldout174_176_m1/episodes/find-plant-v175-flat_value-m1-trace.jsonl,021a97d0fba63725d6a7213e,8,False,False,False,False,0.19999999999999998,0.04999999999999999,0.0,True,1,1,False,False,0
heldout_plant,find-plant,175,flat_value,1,7,results_submission/scienceworld_local_qwen_heldout174_176_m1/episodes/find-plant-v175-flat_value-m1-trace.jsonl,0805e5520e52d7bfe98e6b91,8,True,True,True,True,0.0,0.0,0.0,False,0,0,True,True,2
heldout_plant,find-plant,175,provenance_value,1,0,results_submission/scienceworld_local_qwen_heldout174_176_m1/episodes/find-plant-v175-provenance_value-m1-trace.jsonl,6b9ed9fc9e1b5b3f11ff1598,8,True,True,True,True,0.0,0.0,0.0,False,0,0,True,True,3
heldout_plant,find-plant,175,provenance_value,1,1,results_submission/scienceworld_local_qwen_heldout174_176_m1/episodes/find-plant-v175-provenance_value-m1-trace.jsonl,09e4879bb8e5bdcdf2d772aa,8,True,True,True,True,0.0,0.0,0.0,False,0,0,True,True,0
heldout_plant,find-plant,175,provenance_value,1,2,results_submission/scienceworld_local_qwen_heldout174_176_m1/episodes/find-plant-v175-provenance_value-m1-trace.jsonl,fd63c0956c3b7e105ef5a350,8,False,False,False,False,0.0,1.1,0.0,False,0,0,True,True,3
heldout_plant,find-plant,175,provenance_value,1,3,results_submission/scienceworld_local_qwen_heldout174_176_m1/episodes/find-plant-v175-provenance_value-m1-trace.jsonl,3c4f27f36be86be0b46df588,8,False,False,False,False,0.0,1.1,0.0,False,0,0,True,True,3
heldout_plant,find-plant,175,provenance_value,1,4,results_submission/scienceworld_local_qwen_heldout174_176_m1/episodes/find-plant-v175-provenance_value-m1-trace.jsonl,9041bf61a683e1d5035e607a,8,True,True,True,True,0.0,0.0,0.0,False,0,0,True,True,0
heldout_plant,find-plant,175,provenance_value,1,5,results_submission/scienceworld_local_qwen_heldout174_176_m1/episodes/find-plant-v175-provenance_value-m1-trace.jsonl,7b8b75cb4404c5e13358220b,8,True,True,True,True,0.0,0.0,0.0,False,0,0,True,True,3
heldout_plant,find-plant,175,provenance_value,1,6,results_submission/scienceworld_local_qwen_heldout174_176_m1/episodes/find-plant-v175-provenance_value-m1-trace.jsonl,021a97d0fba63725d6a7213e,8,False,False,False,False,0.19999999999999998,0.04999999999999999,0.0,True,1,1,False,False,0
heldout_plant,find-plant,175,provenance_value,1,7,results_submission/scienceworld_local_qwen_heldout174_176_m1/episodes/find-plant-v175-provenance_value-m1-trace.jsonl,0805e5520e52d7bfe98e6b91,8,True,True,True,True,0.0,0.0,0.0,False,0,0,True,True,2
heldout_plant,find-plant,176,flat_value,1,0,results_submission/scienceworld_local_qwen_heldout174_176_m1/episodes/find-plant-v176-flat_value-m1-trace.jsonl,56be5f4400b40e52ed8890ef,8,True,True,True,True,0.0,0.0,0.0,False,0,0,True,True,0
heldout_plant,find-plant,176,flat_value,1,1,results_submission/scienceworld_local_qwen_heldout174_176_m1/episodes/find-plant-v176-flat_value-m1-trace.jsonl,46e4d2a43ec167d292f5905f,8,True,True,True,True,0.0,0.0,0.0,False,0,0,True,True,1
heldout_plant,find-plant,176,flat_value,1,2,results_submission/scienceworld_local_qwen_heldout174_176_m1/episodes/find-plant-v176-flat_value-m1-trace.jsonl,025915440f2ccb958f9ae42c,8,True,True,True,True,0.0,0.0,0.0,False,0,0,True,True,3
heldout_plant,find-plant,176,flat_value,1,3,results_submission/scienceworld_local_qwen_heldout174_176_m1/episodes/find-plant-v176-flat_value-m1-trace.jsonl,cf99cea0d057fd3696f5edf6,8,True,True,True,True,0.0,0.0,0.0,False,0,0,True,True,0
heldout_plant,find-plant,176,flat_value,1,4,results_submission/scienceworld_local_qwen_heldout174_176_m1/episodes/find-plant-v176-flat_value-m1-trace.jsonl,9e2d06cac325d7aee84d309e,8,True,True,True,True,0.0,0.0,0.0,False,0,0,True,True,0
heldout_plant,find-plant,176,flat_value,1,5,results_submission/scienceworld_local_qwen_heldout174_176_m1/episodes/find-plant-v176-flat_value-m1-trace.jsonl,5d4f4c462e1b23ab5ce3e275,8,True,True,True,True,0.0,0.0,0.0,False,0,0,True,True,0
heldout_plant,find-plant,176,flat_value,1,6,results_submission/scienceworld_local_qwen_heldout174_176_m1/episodes/find-plant-v176-flat_value-m1-trace.jsonl,9eca1d7ffc0b74ba8c53cfe5,8,True,True,True,False,0.0,0.0,0.0,False,0,0,True,True,0
heldout_plant,find-plant,176,flat_value,1,7,results_submission/scienceworld_local_qwen_heldout174_176_m1/episodes/find-plant-v176-flat_value-m1-trace.jsonl,1d1b5f753fc8d623f2e62b75,8,True,True,True,True,0.0,0.0,0.0,False,0,0,True,True,0
heldout_plant,find-plant,176,provenance_value,1,0,results_submission/scienceworld_local_qwen_heldout174_176_m1/episodes/find-plant-v176-provenance_value-m1-trace.jsonl,56be5f4400b40e52ed8890ef,8,True,True,True,True,0.0,0.0,0.0,False,0,0,True,True,0
heldout_plant,find-plant,176,provenance_value,1,1,results_submission/scienceworld_local_qwen_heldout174_176_m1/episodes/find-plant-v176-provenance_value-m1-trace.jsonl,46e4d2a43ec167d292f5905f,8,True,True,True,True,0.0,0.0,0.0,False,0,0,True,True,1
heldout_plant,find-plant,176,provenance_value,1,2,results_submission/scienceworld_local_qwen_heldout174_176_m1/episodes/find-plant-v176-provenance_value-m1-trace.jsonl,025915440f2ccb958f9ae42c,8,True,True,True,True,0.0,0.0,0.0,False,0,0,True,True,3
heldout_plant,find-plant,176,provenance_value,1,3,results_submission/scienceworld_local_qwen_heldout174_176_m1/episodes/find-plant-v176-provenance_value-m1-trace.jsonl,cf99cea0d057fd3696f5edf6,8,True,True,True,True,0.0,0.0,0.0,False,0,0,True,True,0
heldout_plant,find-plant,176,provenance_value,1,4,results_submission/scienceworld_local_qwen_heldout174_176_m1/episodes/find-plant-v176-provenance_value-m1-trace.jsonl,9e2d06cac325d7aee84d309e,8,True,True,True,True,0.0,0.0,0.0,False,0,0,True,True,0
heldout_plant,find-plant,176,provenance_value,1,5,results_submission/scienceworld_local_qwen_heldout174_176_m1/episodes/find-plant-v176-provenance_value-m1-trace.jsonl,5d4f4c462e1b23ab5ce3e275,8,True,True,True,True,0.0,0.0,0.0,False,0,0,True,True,0
heldout_plant,find-plant,176,provenance_value,1,6,results_submission/scienceworld_local_qwen_heldout174_176_m1/episodes/find-plant-v176-provenance_value-m1-trace.jsonl,9eca1d7ffc0b74ba8c53cfe5,8,True,True,True,False,0.0,0.0,0.0,False,0,0,True,True,0
heldout_plant,find-plant,176,provenance_value,1,7,results_submission/scienceworld_local_qwen_heldout174_176_m1/episodes/find-plant-v176-provenance_value-m1-trace.jsonl,1d1b5f753fc8d623f2e62b75,8,True,True,True,True,0.0,0.0,0.0,False,0,0,True,True,0
heldout_plant,find-plant,174,flat_value,4,0,results_submission/scienceworld_local_qwen_heldout174_176_m4/episodes/find-plant-v174-flat_value-m4-trace.jsonl,679afc6215c26b94da2d8206,8,True,True,True,False,0.0,0.0,0.0,False,0,0,True,True,3
heldout_plant,find-plant,174,flat_value,4,1,results_submission/scienceworld_local_qwen_heldout174_176_m4/episodes/find-plant-v174-flat_value-m4-trace.jsonl,43d04587ce0dbfeb1d6dd490,8,True,True,True,True,0.0,0.0,0.0,False,0,0,True,True,3
heldout_plant,find-plant,174,flat_value,4,2,results_submission/scienceworld_local_qwen_heldout174_176_m4/episodes/find-plant-v174-flat_value-m4-trace.jsonl,f12debdc026ae7211e055512,8,True,True,True,True,0.0,0.0,0.0,False,0,0,True,True,2
heldout_plant,find-plant,174,flat_value,4,3,results_submission/scienceworld_local_qwen_heldout174_176_m4/episodes/find-plant-v174-flat_value-m4-trace.jsonl,df993b8f5055f2d091bf18ed,8,True,True,True,True,0.0,0.0,0.0,False,0,0,True,True,4
heldout_plant,find-plant,174,flat_value,4,4,results_submission/scienceworld_local_qwen_heldout174_176_m4/episodes/find-plant-v174-flat_value-m4-trace.jsonl,7300d21b7c1c16f9e2b7006c,8,True,True,True,False,0.0,0.0,0.0,False,0,0,True,True,1
heldout_plant,find-plant,174,flat_value,4,5,results_submission/scienceworld_local_qwen_heldout174_176_m4/episodes/find-plant-v174-flat_value-m4-trace.jsonl,294b4cbb2eddccaa17bc8137,8,True,True,True,False,0.0,0.0,0.0,False,0,0,True,True,3
heldout_plant,find-plant,174,flat_value,4,6,results_submission/scienceworld_local_qwen_heldout174_176_m4/episodes/find-plant-v174-flat_value-m4-trace.jsonl,82a4368594978e83fa1c84ae,8,True,True,True,True,0.0,0.0,0.0,False,0,0,True,True,4
heldout_plant,find-plant,174,flat_value,4,7,results_submission/scienceworld_local_qwen_heldout174_176_m4/episodes/find-plant-v174-flat_value-m4-trace.jsonl,a030e9fc47886055b97304e4,8,True,True,True,True,0.0,0.0,0.0,False,0,0,True,True,0
heldout_plant,find-plant,174,provenance_value,4,0,results_submission/scienceworld_local_qwen_heldout174_176_m4/episodes/find-plant-v174-provenance_value-m4-trace.jsonl,679afc6215c26b94da2d8206,8,True,True,True,False,0.0,0.0,0.0,False,0,0,True,True,3
heldout_plant,find-plant,174,provenance_value,4,1,results_submission/scienceworld_local_qwen_heldout174_176_m4/episodes/find-plant-v174-provenance_value-m4-trace.jsonl,43d04587ce0dbfeb1d6dd490,8,True,True,True,True,0.0,0.0,0.0,False,0,0,True,True,3
heldout_plant,find-plant,174,provenance_value,4,2,results_submission/scienceworld_local_qwen_heldout174_176_m4/episodes/find-plant-v174-provenance_value-m4-trace.jsonl,f12debdc026ae7211e055512,8,True,True,True,True,0.0,0.0,0.0,False,0,0,True,True,2
heldout_plant,find-plant,174,provenance_value,4,3,results_submission/scienceworld_local_qwen_heldout174_176_m4/episodes/find-plant-v174-provenance_value-m4-trace.jsonl,df993b8f5055f2d091bf18ed,8,True,True,True,True,0.0,0.0,0.0,False,0,0,True,True,4
heldout_plant,find-plant,174,provenance_value,4,4,results_submission/scienceworld_local_qwen_heldout174_176_m4/episodes/find-plant-v174-provenance_value-m4-trace.jsonl,7300d21b7c1c16f9e2b7006c,8,True,True,True,False,0.0,0.0,0.0,False,0,0,True,True,1
heldout_plant,find-plant,174,provenance_value,4,5,results_submission/scienceworld_local_qwen_heldout174_176_m4/episodes/find-plant-v174-provenance_value-m4-trace.jsonl,294b4cbb2eddccaa17bc8137,8,True,True,True,False,0.0,0.0,0.0,False,0,0,True,True,3
heldout_plant,find-plant,174,provenance_value,4,6,results_submission/scienceworld_local_qwen_heldout174_176_m4/episodes/find-plant-v174-provenance_value-m4-trace.jsonl,82a4368594978e83fa1c84ae,8,True,True,True,True,0.0,0.0,0.0,False,0,0,True,True,4
heldout_plant,find-plant,174,provenance_value,4,7,results_submission/scienceworld_local_qwen_heldout174_176_m4/episodes/find-plant-v174-provenance_value-m4-trace.jsonl,a030e9fc47886055b97304e4,8,True,True,True,True,0.0,0.0,0.0,False,0,0,True,True,0
heldout_plant,find-plant,175,flat_value,4,0,results_submission/scienceworld_local_qwen_heldout174_176_m4/episodes/find-plant-v175-flat_value-m4-trace.jsonl,6b9ed9fc9e1b5b3f11ff1598,8,True,True,True,True,0.0,0.0,0.0,False,0,0,True,True,3
heldout_plant,find-plant,175,flat_value,4,1,results_submission/scienceworld_local_qwen_heldout174_176_m4/episodes/find-plant-v175-flat_value-m4-trace.jsonl,09e4879bb8e5bdcdf2d772aa,8,True,True,True,True,0.0,0.0,0.0,False,0,0,True,True,0
heldout_plant,find-plant,175,flat_value,4,2,results_submission/scienceworld_local_qwen_heldout174_176_m4/episodes/find-plant-v175-flat_value-m4-trace.jsonl,fd63c0956c3b7e105ef5a350,8,False,False,False,False,0.0,1.1,0.0,False,0,0,True,True,3
heldout_plant,find-plant,175,flat_value,4,3,results_submission/scienceworld_local_qwen_heldout174_176_m4/episodes/find-plant-v175-flat_value-m4-trace.jsonl,3c4f27f36be86be0b46df588,8,False,False,False,False,0.0,1.1,0.0,False,0,0,True,True,3
heldout_plant,find-plant,175,flat_value,4,4,results_submission/scienceworld_local_qwen_heldout174_176_m4/episodes/find-plant-v175-flat_value-m4-trace.jsonl,9041bf61a683e1d5035e607a,8,True,True,True,True,0.0,0.0,0.0,False,0,0,True,True,0
heldout_plant,find-plant,175,flat_value,4,5,results_submission/scienceworld_local_qwen_heldout174_176_m4/episodes/find-plant-v175-flat_value-m4-trace.jsonl,7b8b75cb4404c5e13358220b,8,True,True,True,True,0.0,0.0,0.0,False,0,0,True,True,3
heldout_plant,find-plant,175,flat_value,4,6,results_submission/scienceworld_local_qwen_heldout174_176_m4/episodes/find-plant-v175-flat_value-m4-trace.jsonl,021a97d0fba63725d6a7213e,8,False,False,False,False,0.19999999999999998,0.04999999999999999,0.0,True,1,1,False,False,0
heldout_plant,find-plant,175,flat_value,4,7,results_submission/scienceworld_local_qwen_heldout174_176_m4/episodes/find-plant-v175-flat_value-m4-trace.jsonl,0805e5520e52d7bfe98e6b91,8,True,True,True,True,0.0,0.0,0.0,False,0,0,True,True,2
heldout_plant,find-plant,175,provenance_value,4,0,results_submission/scienceworld_local_qwen_heldout174_176_m4/episodes/find-plant-v175-provenance_value-m4-trace.jsonl,6b9ed9fc9e1b5b3f11ff1598,8,True,True,True,True,0.0,0.0,0.0,False,0,0,True,True,3
heldout_plant,find-plant,175,provenance_value,4,1,results_submission/scienceworld_local_qwen_heldout174_176_m4/episodes/find-plant-v175-provenance_value-m4-trace.jsonl,09e4879bb8e5bdcdf2d772aa,8,True,True,True,True,0.0,0.0,0.0,False,0,0,True,True,0
heldout_plant,find-plant,175,provenance_value,4,2,results_submission/scienceworld_local_qwen_heldout174_176_m4/episodes/find-plant-v175-provenance_value-m4-trace.jsonl,fd63c0956c3b7e105ef5a350,8,False,False,False,False,0.0,1.1,0.0,False,0,0,True,True,3
heldout_plant,find-plant,175,provenance_value,4,3,results_submission/scienceworld_local_qwen_heldout174_176_m4/episodes/find-plant-v175-provenance_value-m4-trace.jsonl,3c4f27f36be86be0b46df588,8,False,False,False,False,0.0,1.1,0.0,False,0,0,True,True,3
heldout_plant,find-plant,175,provenance_value,4,4,results_submission/scienceworld_local_qwen_heldout174_176_m4/episodes/find-plant-v175-provenance_value-m4-trace.jsonl,9041bf61a683e1d5035e607a,8,True,True,True,True,0.0,0.0,0.0,False,0,0,True,True,0
heldout_plant,find-plant,175,provenance_value,4,5,results_submission/scienceworld_local_qwen_heldout174_176_m4/episodes/find-plant-v175-provenance_value-m4-trace.jsonl,7b8b75cb4404c5e13358220b,8,True,True,True,True,0.0,0.0,0.0,False,0,0,True,True,3
heldout_plant,find-plant,175,provenance_value,4,6,results_submission/scienceworld_local_qwen_heldout174_176_m4/episodes/find-plant-v175-provenance_value-m4-trace.jsonl,021a97d0fba63725d6a7213e,8,False,False,False,False,0.19999999999999998,0.04999999999999999,0.0,True,1,1,False,False,0
heldout_plant,find-plant,175,provenance_value,4,7,results_submission/scienceworld_local_qwen_heldout174_176_m4/episodes/find-plant-v175-provenance_value-m4-trace.jsonl,0805e5520e52d7bfe98e6b91,8,True,True,True,True,0.0,0.0,0.0,False,0,0,True,True,2
heldout_plant,find-plant,176,flat_value,4,0,results_submission/scienceworld_local_qwen_heldout174_176_m4/episodes/find-plant-v176-flat_value-m4-trace.jsonl,56be5f4400b40e52ed8890ef,8,True,True,True,True,0.0,0.0,0.0,False,0,0,True,True,0
heldout_plant,find-plant,176,flat_value,4,1,results_submission/scienceworld_local_qwen_heldout174_176_m4/episodes/find-plant-v176-flat_value-m4-trace.jsonl,46e4d2a43ec167d292f5905f,8,True,True,True,True,0.0,0.0,0.0,False,0,0,True,True,1
heldout_plant,find-plant,176,flat_value,4,2,results_submission/scienceworld_local_qwen_heldout174_176_m4/episodes/find-plant-v176-flat_value-m4-trace.jsonl,025915440f2ccb958f9ae42c,8,True,True,True,True,0.0,0.0,0.0,False,0,0,True,True,3
heldout_plant,find-plant,176,flat_value,4,3,results_submission/scienceworld_local_qwen_heldout174_176_m4/episodes/find-plant-v176-flat_value-m4-trace.jsonl,cf99cea0d057fd3696f5edf6,8,True,True,True,True,0.0,0.0,0.0,False,0,0,True,True,0
heldout_plant,find-plant,176,flat_value,4,4,results_submission/scienceworld_local_qwen_heldout174_176_m4/episodes/find-plant-v176-flat_value-m4-trace.jsonl,9e2d06cac325d7aee84d309e,8,True,True,True,True,0.0,0.0,0.0,False,0,0,True,True,0
heldout_plant,find-plant,176,flat_value,4,5,results_submission/scienceworld_local_qwen_heldout174_176_m4/episodes/find-plant-v176-flat_value-m4-trace.jsonl,5d4f4c462e1b23ab5ce3e275,8,True,True,True,True,0.0,0.0,0.0,False,0,0,True,True,0
heldout_plant,find-plant,176,flat_value,4,6,results_submission/scienceworld_local_qwen_heldout174_176_m4/episodes/find-plant-v176-flat_value-m4-trace.jsonl,9eca1d7ffc0b74ba8c53cfe5,8,True,True,True,False,0.0,0.0,0.0,False,0,0,True,True,0
heldout_plant,find-plant,176,flat_value,4,7,results_submission/scienceworld_local_qwen_heldout174_176_m4/episodes/find-plant-v176-flat_value-m4-trace.jsonl,1d1b5f753fc8d623f2e62b75,8,True,True,True,True,0.0,0.0,0.0,False,0,0,True,True,0
heldout_plant,find-plant,176,provenance_value,4,0,results_submission/scienceworld_local_qwen_heldout174_176_m4/episodes/find-plant-v176-provenance_value-m4-trace.jsonl,56be5f4400b40e52ed8890ef,8,True,True,True,True,0.0,0.0,0.0,False,0,0,True,True,0
heldout_plant,find-plant,176,provenance_value,4,1,results_submission/scienceworld_local_qwen_heldout174_176_m4/episodes/find-plant-v176-provenance_value-m4-trace.jsonl,46e4d2a43ec167d292f5905f,8,True,True,True,True,0.0,0.0,0.0,False,0,0,True,True,1
heldout_plant,find-plant,176,provenance_value,4,2,results_submission/scienceworld_local_qwen_heldout174_176_m4/episodes/find-plant-v176-provenance_value-m4-trace.jsonl,025915440f2ccb958f9ae42c,8,True,True,True,True,0.0,0.0,0.0,False,0,0,True,True,3
heldout_plant,find-plant,176,provenance_value,4,3,results_submission/scienceworld_local_qwen_heldout174_176_m4/episodes/find-plant-v176-provenance_value-m4-trace.jsonl,cf99cea0d057fd3696f5edf6,8,True,True,True,True,0.0,0.0,0.0,False,0,0,True,True,0
heldout_plant,find-plant,176,provenance_value,4,4,results_submission/scienceworld_local_qwen_heldout174_176_m4/episodes/find-plant-v176-provenance_value-m4-trace.jsonl,9e2d06cac325d7aee84d309e,8,True,True,True,True,0.0,0.0,0.0,False,0,0,True,True,0
heldout_plant,find-plant,176,provenance_value,4,5,results_submission/scienceworld_local_qwen_heldout174_176_m4/episodes/find-plant-v176-provenance_value-m4-trace.jsonl,5d4f4c462e1b23ab5ce3e275,8,True,True,True,True,0.0,0.0,0.0,False,0,0,True,True,0
heldout_plant,find-plant,176,provenance_value,4,6,results_submission/scienceworld_local_qwen_heldout174_176_m4/episodes/find-plant-v176-provenance_value-m4-trace.jsonl,9eca1d7ffc0b74ba8c53cfe5,8,True,True,True,False,0.0,0.0,0.0,False,0,0,True,True,0
heldout_plant,find-plant,176,provenance_value,4,7,results_submission/scienceworld_local_qwen_heldout174_176_m4/episodes/find-plant-v176-provenance_value-m4-trace.jsonl,1d1b5f753fc8d623f2e62b75,8,True,True,True,True,0.0,0.0,0.0,False,0,0,True,True,0
heldout_animal,find-animal,177,flat_value,1,0,results_submission/scienceworld_local_qwen_heldout177_179_m1/episodes/find-animal-v177-flat_value-m1-trace.jsonl,213dddc7f530497e80f139b8,8,True,True,True,True,0.0,0.0,0.0,False,0,0,True,True,3
heldout_animal,find-animal,177,flat_value,1,1,results_submission/scienceworld_local_qwen_heldout177_179_m1/episodes/find-animal-v177-flat_value-m1-trace.jsonl,7f3b119658d97deb88be00b8,8,True,True,True,True,0.0,0.0,0.0,False,0,0,True,True,3
heldout_animal,find-animal,177,flat_value,1,2,results_submission/scienceworld_local_qwen_heldout177_179_m1/episodes/find-animal-v177-flat_value-m1-trace.jsonl,344bcbf4980c88504b38218e,8,True,True,True,True,0.0,0.0,0.0,False,0,0,True,True,4
heldout_animal,find-animal,177,flat_value,1,3,results_submission/scienceworld_local_qwen_heldout177_179_m1/episodes/find-animal-v177-flat_value-m1-trace.jsonl,3e7f7be9c5e45501e18e5a27,8,True,True,True,True,0.0,0.0,0.0,False,0,0,True,True,2
heldout_animal,find-animal,177,flat_value,1,4,results_submission/scienceworld_local_qwen_heldout177_179_m1/episodes/find-animal-v177-flat_value-m1-trace.jsonl,23d8a70e4dc5ddd6c04410a9,8,True,True,True,True,0.0,0.0,0.0,False,0,0,True,True,3
heldout_animal,find-animal,177,flat_value,1,5,results_submission/scienceworld_local_qwen_heldout177_179_m1/episodes/find-animal-v177-flat_value-m1-trace.jsonl,a9bf48ee485dccce1b6bf176,8,True,True,True,True,0.0,0.0,0.0,False,0,0,True,True,4
heldout_animal,find-animal,177,flat_value,1,6,results_submission/scienceworld_local_qwen_heldout177_179_m1/episodes/find-animal-v177-flat_value-m1-trace.jsonl,143c7a47d22a19ea90b8fa61,8,True,True,True,True,0.0,0.0,0.0,False,0,0,True,True,3
heldout_animal,find-animal,177,flat_value,1,7,results_submission/scienceworld_local_qwen_heldout177_179_m1/episodes/find-animal-v177-flat_value-m1-trace.jsonl,71a9423612471ac68e33b073,8,True,True,True,True,0.0,0.0,0.0,False,0,0,True,True,4
heldout_animal,find-animal,177,provenance_value,1,0,results_submission/scienceworld_local_qwen_heldout177_179_m1/episodes/find-animal-v177-provenance_value-m1-trace.jsonl,213dddc7f530497e80f139b8,8,True,True,True,True,0.0,0.0,0.0,False,0,0,True,True,3
heldout_animal,find-animal,177,provenance_value,1,1,results_submission/scienceworld_local_qwen_heldout177_179_m1/episodes/find-animal-v177-provenance_value-m1-trace.jsonl,7f3b119658d97deb88be00b8,8,True,True,True,True,0.0,0.0,0.0,False,0,0,True,True,3
heldout_animal,find-animal,177,provenance_value,1,2,results_submission/scienceworld_local_qwen_heldout177_179_m1/episodes/find-animal-v177-provenance_value-m1-trace.jsonl,344bcbf4980c88504b38218e,8,True,True,True,True,0.0,0.0,0.0,False,0,0,True,True,4
heldout_animal,find-animal,177,provenance_value,1,3,results_submission/scienceworld_local_qwen_heldout177_179_m1/episodes/find-animal-v177-provenance_value-m1-trace.jsonl,3e7f7be9c5e45501e18e5a27,8,True,True,True,True,0.0,0.0,0.0,False,0,0,True,True,2
heldout_animal,find-animal,177,provenance_value,1,4,results_submission/scienceworld_local_qwen_heldout177_179_m1/episodes/find-animal-v177-provenance_value-m1-trace.jsonl,23d8a70e4dc5ddd6c04410a9,8,True,True,True,True,0.0,0.0,0.0,False,0,0,True,True,3
heldout_animal,find-animal,177,provenance_value,1,5,results_submission/scienceworld_local_qwen_heldout177_179_m1/episodes/find-animal-v177-provenance_value-m1-trace.jsonl,a9bf48ee485dccce1b6bf176,8,True,True,True,True,0.0,0.0,0.0,False,0,0,True,True,4
heldout_animal,find-animal,177,provenance_value,1,6,results_submission/scienceworld_local_qwen_heldout177_179_m1/episodes/find-animal-v177-provenance_value-m1-trace.jsonl,143c7a47d22a19ea90b8fa61,8,True,True,True,True,0.0,0.0,0.0,False,0,0,True,True,3
heldout_animal,find-animal,177,provenance_value,1,7,results_submission/scienceworld_local_qwen_heldout177_179_m1/episodes/find-animal-v177-provenance_value-m1-trace.jsonl,71a9423612471ac68e33b073,8,True,True,True,True,0.0,0.0,0.0,False,0,0,True,True,4
heldout_animal,find-animal,178,flat_value,1,0,results_submission/scienceworld_local_qwen_heldout177_179_m1/episodes/find-animal-v178-flat_value-m1-trace.jsonl,dd9b6370226a82a101c01efe,8,True,True,True,True,0.0,0.0,0.0,False,0,0,True,True,3
heldout_animal,find-animal,178,flat_value,1,1,results_submission/scienceworld_local_qwen_heldout177_179_m1/episodes/find-animal-v178-flat_value-m1-trace.jsonl,1497df8832b7bdd124832a34,8,True,True,True,True,0.0,0.0,0.0,False,0,0,True,True,2
heldout_animal,find-animal,178,flat_value,1,2,results_submission/scienceworld_local_qwen_heldout177_179_m1/episodes/find-animal-v178-flat_value-m1-trace.jsonl,3e42ec89e556875a4c622405,8,True,True,True,True,0.0,0.0,0.0,False,0,0,True,True,0
heldout_animal,find-animal,178,flat_value,1,3,results_submission/scienceworld_local_qwen_heldout177_179_m1/episodes/find-animal-v178-flat_value-m1-trace.jsonl,e2d70278c4c40b2a29fa8868,8,True,True,True,True,0.0,0.0,0.0,False,0,0,True,True,1
heldout_animal,find-animal,178,flat_value,1,4,results_submission/scienceworld_local_qwen_heldout177_179_m1/episodes/find-animal-v178-flat_value-m1-trace.jsonl,b0b1585fd4958443988f1de0,8,False,False,False,False,0.0,1.1,0.0,False,0,0,True,True,2
heldout_animal,find-animal,178,flat_value,1,5,results_submission/scienceworld_local_qwen_heldout177_179_m1/episodes/find-animal-v178-flat_value-m1-trace.jsonl,8cce2cb5ffc9dd56c0b920d8,8,True,True,True,True,0.0,0.0,0.0,False,0,0,True,True,2
heldout_animal,find-animal,178,flat_value,1,6,results_submission/scienceworld_local_qwen_heldout177_179_m1/episodes/find-animal-v178-flat_value-m1-trace.jsonl,6b4c518ea19110098c9bf108,8,True,True,True,True,0.0,0.0,0.0,False,0,0,True,False,2
heldout_animal,find-animal,178,flat_value,1,7,results_submission/scienceworld_local_qwen_heldout177_179_m1/episodes/find-animal-v178-flat_value-m1-trace.jsonl,7fdda8e3a0b995c33074ed12,8,True,True,True,True,0.0,0.0,0.0,False,0,0,True,True,2
heldout_animal,find-animal,178,provenance_value,1,0,results_submission/scienceworld_local_qwen_heldout177_179_m1/episodes/find-animal-v178-provenance_value-m1-trace.jsonl,dd9b6370226a82a101c01efe,8,True,True,True,True,0.0,0.0,0.0,False,0,0,True,True,3
heldout_animal,find-animal,178,provenance_value,1,1,results_submission/scienceworld_local_qwen_heldout177_179_m1/episodes/find-animal-v178-provenance_value-m1-trace.jsonl,1497df8832b7bdd124832a34,8,True,True,True,True,0.0,0.0,0.0,False,0,0,True,True,2
heldout_animal,find-animal,178,provenance_value,1,2,results_submission/scienceworld_local_qwen_heldout177_179_m1/episodes/find-animal-v178-provenance_value-m1-trace.jsonl,3e42ec89e556875a4c622405,8,True,True,True,True,0.0,0.0,0.0,False,0,0,True,True,0
heldout_animal,find-animal,178,provenance_value,1,3,results_submission/scienceworld_local_qwen_heldout177_179_m1/episodes/find-animal-v178-provenance_value-m1-trace.jsonl,e2d70278c4c40b2a29fa8868,8,True,True,True,True,0.0,0.0,0.0,False,0,0,True,True,1
heldout_animal,find-animal,178,provenance_value,1,4,results_submission/scienceworld_local_qwen_heldout177_179_m1/episodes/find-animal-v178-provenance_value-m1-trace.jsonl,b0b1585fd4958443988f1de0,8,False,False,False,False,0.0,1.1,0.0,False,0,0,True,True,2
heldout_animal,find-animal,178,provenance_value,1,5,results_submission/scienceworld_local_qwen_heldout177_179_m1/episodes/find-animal-v178-provenance_value-m1-trace.jsonl,8cce2cb5ffc9dd56c0b920d8,8,True,True,True,True,0.0,0.0,0.0,False,0,0,True,True,2
heldout_animal,find-animal,178,provenance_value,1,6,results_submission/scienceworld_local_qwen_heldout177_179_m1/episodes/find-animal-v178-provenance_value-m1-trace.jsonl,6b4c518ea19110098c9bf108,8,True,True,True,True,0.0,0.0,0.0,False,0,0,True,False,2
heldout_animal,find-animal,178,provenance_value,1,7,results_submission/scienceworld_local_qwen_heldout177_179_m1/episodes/find-animal-v178-provenance_value-m1-trace.jsonl,7fdda8e3a0b995c33074ed12,8,True,True,True,True,0.0,0.0,0.0,False,0,0,True,True,2
heldout_animal,find-animal,179,flat_value,1,0,results_submission/scienceworld_local_qwen_heldout177_179_m1/episodes/find-animal-v179-flat_value-m1-trace.jsonl,53de241d476ac26f7d2365e6,8,True,True,True,True,0.0,0.0,0.0,False,0,0,True,True,3
heldout_animal,find-animal,179,flat_value,1,1,results_submission/scienceworld_local_qwen_heldout177_179_m1/episodes/find-animal-v179-flat_value-m1-trace.jsonl,2996fd0ca7816411c1963aeb,8,True,True,True,True,0.0,0.0,0.0,False,0,0,True,True,2
heldout_animal,find-animal,179,flat_value,1,2,results_submission/scienceworld_local_qwen_heldout177_179_m1/episodes/find-animal-v179-flat_value-m1-trace.jsonl,02b1abc6d641efde7615baea,8,True,True,True,True,0.0,0.0,0.0,False,0,0,True,True,2
heldout_animal,find-animal,179,flat_value,1,3,results_submission/scienceworld_local_qwen_heldout177_179_m1/episodes/find-animal-v179-flat_value-m1-trace.jsonl,d569b0c6499c44bce7509396,8,True,True,True,True,0.0,0.0,0.0,False,0,0,True,True,3
heldout_animal,find-animal,179,flat_value,1,4,results_submission/scienceworld_local_qwen_heldout177_179_m1/episodes/find-animal-v179-flat_value-m1-trace.jsonl,5d98d9085f24e49ef4bc47b5,8,True,True,True,True,0.0,0.0,0.0,False,0,0,True,True,2
heldout_animal,find-animal,179,flat_value,1,5,results_submission/scienceworld_local_qwen_heldout177_179_m1/episodes/find-animal-v179-flat_value-m1-trace.jsonl,c3a528a448a463d48e36f3f5,8,True,True,True,True,0.0,0.0,0.0,False,0,0,True,True,2
heldout_animal,find-animal,179,flat_value,1,6,results_submission/scienceworld_local_qwen_heldout177_179_m1/episodes/find-animal-v179-flat_value-m1-trace.jsonl,f096fb54385328bc723f4e57,8,True,True,True,True,0.0,0.0,0.0,False,0,0,True,True,2
heldout_animal,find-animal,179,flat_value,1,7,results_submission/scienceworld_local_qwen_heldout177_179_m1/episodes/find-animal-v179-flat_value-m1-trace.jsonl,297656e4e7a64438742c649a,8,True,True,True,True,0.0,0.0,0.0,False,0,0,True,True,2
heldout_animal,find-animal,179,provenance_value,1,0,results_submission/scienceworld_local_qwen_heldout177_179_m1/episodes/find-animal-v179-provenance_value-m1-trace.jsonl,53de241d476ac26f7d2365e6,8,True,True,True,True,0.0,0.0,0.0,False,0,0,True,True,3
heldout_animal,find-animal,179,provenance_value,1,1,results_submission/scienceworld_local_qwen_heldout177_179_m1/episodes/find-animal-v179-provenance_value-m1-trace.jsonl,2996fd0ca7816411c1963aeb,8,True,True,True,True,0.0,0.0,0.0,False,0,0,True,True,2
heldout_animal,find-animal,179,provenance_value,1,2,results_submission/scienceworld_local_qwen_heldout177_179_m1/episodes/find-animal-v179-provenance_value-m1-trace.jsonl,02b1abc6d641efde7615baea,8,True,True,True,True,0.0,0.0,0.0,False,0,0,True,True,2
heldout_animal,find-animal,179,provenance_value,1,3,results_submission/scienceworld_local_qwen_heldout177_179_m1/episodes/find-animal-v179-provenance_value-m1-trace.jsonl,d569b0c6499c44bce7509396,8,True,True,True,True,0.0,0.0,0.0,False,0,0,True,True,3
heldout_animal,find-animal,179,provenance_value,1,4,results_submission/scienceworld_local_qwen_heldout177_179_m1/episodes/find-animal-v179-provenance_value-m1-trace.jsonl,5d98d9085f24e49ef4bc47b5,8,True,True,True,True,0.0,0.0,0.0,False,0,0,True,True,2
heldout_animal,find-animal,179,provenance_value,1,5,results_submission/scienceworld_local_qwen_heldout177_179_m1/episodes/find-animal-v179-provenance_value-m1-trace.jsonl,c3a528a448a463d48e36f3f5,8,True,True,True,True,0.0,0.0,0.0,False,0,0,True,True,2
heldout_animal,find-animal,179,provenance_value,1,6,results_submission/scienceworld_local_qwen_heldout177_179_m1/episodes/find-animal-v179-provenance_value-m1-trace.jsonl,f096fb54385328bc723f4e57,8,True,True,True,True,0.0,0.0,0.0,False,0,0,True,True,2
heldout_animal,find-animal,179,provenance_value,1,7,results_submission/scienceworld_local_qwen_heldout177_179_m1/episodes/find-animal-v179-provenance_value-m1-trace.jsonl,297656e4e7a64438742c649a,8,True,True,True,True,0.0,0.0,0.0,False,0,0,True,True,2
heldout_animal,find-animal,177,flat_value,4,0,results_submission/scienceworld_local_qwen_heldout177_179_m4/episodes/find-animal-v177-flat_value-m4-trace.jsonl,213dddc7f530497e80f139b8,8,True,True,True,True,0.0,0.0,0.0,False,0,0,True,True,3
heldout_animal,find-animal,177,flat_value,4,1,results_submission/scienceworld_local_qwen_heldout177_179_m4/episodes/find-animal-v177-flat_value-m4-trace.jsonl,7f3b119658d97deb88be00b8,8,True,True,True,True,0.0,0.0,0.0,False,0,0,True,True,3
heldout_animal,find-animal,177,flat_value,4,2,results_submission/scienceworld_local_qwen_heldout177_179_m4/episodes/find-animal-v177-flat_value-m4-trace.jsonl,344bcbf4980c88504b38218e,8,True,True,True,True,0.0,0.0,0.0,False,0,0,True,True,4
heldout_animal,find-animal,177,flat_value,4,3,results_submission/scienceworld_local_qwen_heldout177_179_m4/episodes/find-animal-v177-flat_value-m4-trace.jsonl,3e7f7be9c5e45501e18e5a27,8,True,True,True,True,0.0,0.0,0.0,False,0,0,True,True,2
heldout_animal,find-animal,177,flat_value,4,4,results_submission/scienceworld_local_qwen_heldout177_179_m4/episodes/find-animal-v177-flat_value-m4-trace.jsonl,23d8a70e4dc5ddd6c04410a9,8,True,True,True,True,0.0,0.0,0.0,False,0,0,True,True,3
heldout_animal,find-animal,177,flat_value,4,5,results_submission/scienceworld_local_qwen_heldout177_179_m4/episodes/find-animal-v177-flat_value-m4-trace.jsonl,a9bf48ee485dccce1b6bf176,8,True,True,True,True,0.0,0.0,0.0,False,0,0,True,True,4
heldout_animal,find-animal,177,flat_value,4,6,results_submission/scienceworld_local_qwen_heldout177_179_m4/episodes/find-animal-v177-flat_value-m4-trace.jsonl,143c7a47d22a19ea90b8fa61,8,True,True,True,True,0.0,0.0,0.0,False,0,0,True,True,3
heldout_animal,find-animal,177,flat_value,4,7,results_submission/scienceworld_local_qwen_heldout177_179_m4/episodes/find-animal-v177-flat_value-m4-trace.jsonl,71a9423612471ac68e33b073,8,True,True,True,True,0.0,0.0,0.0,False,0,0,True,True,4
heldout_animal,find-animal,177,provenance_value,4,0,results_submission/scienceworld_local_qwen_heldout177_179_m4/episodes/find-animal-v177-provenance_value-m4-trace.jsonl,213dddc7f530497e80f139b8,8,True,True,True,True,0.0,0.0,0.0,False,0,0,True,True,3
heldout_animal,find-animal,177,provenance_value,4,1,results_submission/scienceworld_local_qwen_heldout177_179_m4/episodes/find-animal-v177-provenance_value-m4-trace.jsonl,7f3b119658d97deb88be00b8,8,True,True,True,True,0.0,0.0,0.0,False,0,0,True,True,3
heldout_animal,find-animal,177,provenance_value,4,2,results_submission/scienceworld_local_qwen_heldout177_179_m4/episodes/find-animal-v177-provenance_value-m4-trace.jsonl,344bcbf4980c88504b38218e,8,True,True,True,True,0.0,0.0,0.0,False,0,0,True,True,4
heldout_animal,find-animal,177,provenance_value,4,3,results_submission/scienceworld_local_qwen_heldout177_179_m4/episodes/find-animal-v177-provenance_value-m4-trace.jsonl,3e7f7be9c5e45501e18e5a27,8,True,True,True,True,0.0,0.0,0.0,False,0,0,True,True,2
heldout_animal,find-animal,177,provenance_value,4,4,results_submission/scienceworld_local_qwen_heldout177_179_m4/episodes/find-animal-v177-provenance_value-m4-trace.jsonl,23d8a70e4dc5ddd6c04410a9,8,True,True,True,True,0.0,0.0,0.0,False,0,0,True,True,3
heldout_animal,find-animal,177,provenance_value,4,5,results_submission/scienceworld_local_qwen_heldout177_179_m4/episodes/find-animal-v177-provenance_value-m4-trace.jsonl,a9bf48ee485dccce1b6bf176,8,True,True,True,True,0.0,0.0,0.0,False,0,0,True,True,4
heldout_animal,find-animal,177,provenance_value,4,6,results_submission/scienceworld_local_qwen_heldout177_179_m4/episodes/find-animal-v177-provenance_value-m4-trace.jsonl,143c7a47d22a19ea90b8fa61,8,True,True,True,True,0.0,0.0,0.0,False,0,0,True,True,3
heldout_animal,find-animal,177,provenance_value,4,7,results_submission/scienceworld_local_qwen_heldout177_179_m4/episodes/find-animal-v177-provenance_value-m4-trace.jsonl,71a9423612471ac68e33b073,8,True,True,True,True,0.0,0.0,0.0,False,0,0,True,True,4
heldout_animal,find-animal,178,flat_value,4,0,results_submission/scienceworld_local_qwen_heldout177_179_m4/episodes/find-animal-v178-flat_value-m4-trace.jsonl,dd9b6370226a82a101c01efe,8,True,True,True,True,0.0,0.0,0.0,False,0,0,True,True,3
heldout_animal,find-animal,178,flat_value,4,1,results_submission/scienceworld_local_qwen_heldout177_179_m4/episodes/find-animal-v178-flat_value-m4-trace.jsonl,1497df8832b7bdd124832a34,8,True,True,True,True,0.0,0.0,0.0,False,0,0,True,True,2
heldout_animal,find-animal,178,flat_value,4,2,results_submission/scienceworld_local_qwen_heldout177_179_m4/episodes/find-animal-v178-flat_value-m4-trace.jsonl,3e42ec89e556875a4c622405,8,True,True,True,True,0.0,0.0,0.0,False,0,0,True,True,0
heldout_animal,find-animal,178,flat_value,4,3,results_submission/scienceworld_local_qwen_heldout177_179_m4/episodes/find-animal-v178-flat_value-m4-trace.jsonl,e2d70278c4c40b2a29fa8868,8,True,True,True,True,0.0,0.0,0.0,False,0,0,True,True,1
heldout_animal,find-animal,178,flat_value,4,4,results_submission/scienceworld_local_qwen_heldout177_179_m4/episodes/find-animal-v178-flat_value-m4-trace.jsonl,b0b1585fd4958443988f1de0,8,False,False,False,False,0.0,1.1,0.0,False,0,0,True,True,2
heldout_animal,find-animal,178,flat_value,4,5,results_submission/scienceworld_local_qwen_heldout177_179_m4/episodes/find-animal-v178-flat_value-m4-trace.jsonl,8cce2cb5ffc9dd56c0b920d8,8,True,True,True,True,0.0,0.0,0.0,False,0,0,True,True,2
heldout_animal,find-animal,178,flat_value,4,6,results_submission/scienceworld_local_qwen_heldout177_179_m4/episodes/find-animal-v178-flat_value-m4-trace.jsonl,6b4c518ea19110098c9bf108,8,True,True,True,True,0.0,0.0,0.0,False,0,0,True,False,2
heldout_animal,find-animal,178,flat_value,4,7,results_submission/scienceworld_local_qwen_heldout177_179_m4/episodes/find-animal-v178-flat_value-m4-trace.jsonl,7fdda8e3a0b995c33074ed12,8,True,True,True,True,0.0,0.0,0.0,False,0,0,True,True,2
heldout_animal,find-animal,178,provenance_value,4,0,results_submission/scienceworld_local_qwen_heldout177_179_m4/episodes/find-animal-v178-provenance_value-m4-trace.jsonl,dd9b6370226a82a101c01efe,8,True,True,True,True,0.0,0.0,0.0,False,0,0,True,True,3
heldout_animal,find-animal,178,provenance_value,4,1,results_submission/scienceworld_local_qwen_heldout177_179_m4/episodes/find-animal-v178-provenance_value-m4-trace.jsonl,1497df8832b7bdd124832a34,8,True,True,True,True,0.0,0.0,0.0,False,0,0,True,True,2
heldout_animal,find-animal,178,provenance_value,4,2,results_submission/scienceworld_local_qwen_heldout177_179_m4/episodes/find-animal-v178-provenance_value-m4-trace.jsonl,3e42ec89e556875a4c622405,8,True,True,True,True,0.0,0.0,0.0,False,0,0,True,True,0
heldout_animal,find-animal,178,provenance_value,4,3,results_submission/scienceworld_local_qwen_heldout177_179_m4/episodes/find-animal-v178-provenance_value-m4-trace.jsonl,e2d70278c4c40b2a29fa8868,8,True,True,True,True,0.0,0.0,0.0,False,0,0,True,True,1
heldout_animal,find-animal,178,provenance_value,4,4,results_submission/scienceworld_local_qwen_heldout177_179_m4/episodes/find-animal-v178-provenance_value-m4-trace.jsonl,b0b1585fd4958443988f1de0,8,False,False,False,False,0.0,1.1,0.0,False,0,0,True,True,2
heldout_animal,find-animal,178,provenance_value,4,5,results_submission/scienceworld_local_qwen_heldout177_179_m4/episodes/find-animal-v178-provenance_value-m4-trace.jsonl,8cce2cb5ffc9dd56c0b920d8,8,True,True,True,True,0.0,0.0,0.0,False,0,0,True,True,2
heldout_animal,find-animal,178,provenance_value,4,6,results_submission/scienceworld_local_qwen_heldout177_179_m4/episodes/find-animal-v178-provenance_value-m4-trace.jsonl,6b4c518ea19110098c9bf108,8,True,True,True,True,0.0,0.0,0.0,False,0,0,True,False,2
heldout_animal,find-animal,178,provenance_value,4,7,results_submission/scienceworld_local_qwen_heldout177_179_m4/episodes/find-animal-v178-provenance_value-m4-trace.jsonl,7fdda8e3a0b995c33074ed12,8,True,True,True,True,0.0,0.0,0.0,False,0,0,True,True,2
heldout_animal,find-animal,179,flat_value,4,0,results_submission/scienceworld_local_qwen_heldout177_179_m4/episodes/find-animal-v179-flat_value-m4-trace.jsonl,53de241d476ac26f7d2365e6,8,True,True,True,True,0.0,0.0,0.0,False,0,0,True,True,3
heldout_animal,find-animal,179,flat_value,4,1,results_submission/scienceworld_local_qwen_heldout177_179_m4/episodes/find-animal-v179-flat_value-m4-trace.jsonl,2996fd0ca7816411c1963aeb,8,True,True,True,True,0.0,0.0,0.0,False,0,0,True,True,2
heldout_animal,find-animal,179,flat_value,4,2,results_submission/scienceworld_local_qwen_heldout177_179_m4/episodes/find-animal-v179-flat_value-m4-trace.jsonl,02b1abc6d641efde7615baea,8,True,True,True,True,0.0,0.0,0.0,False,0,0,True,True,2
heldout_animal,find-animal,179,flat_value,4,3,results_submission/scienceworld_local_qwen_heldout177_179_m4/episodes/find-animal-v179-flat_value-m4-trace.jsonl,d569b0c6499c44bce7509396,8,True,True,True,True,0.0,0.0,0.0,False,0,0,True,True,3
heldout_animal,find-animal,179,flat_value,4,4,results_submission/scienceworld_local_qwen_heldout177_179_m4/episodes/find-animal-v179-flat_value-m4-trace.jsonl,5d98d9085f24e49ef4bc47b5,8,True,True,True,True,0.0,0.0,0.0,False,0,0,True,True,2
heldout_animal,find-animal,179,flat_value,4,5,results_submission/scienceworld_local_qwen_heldout177_179_m4/episodes/find-animal-v179-flat_value-m4-trace.jsonl,c3a528a448a463d48e36f3f5,8,True,True,True,True,0.0,0.0,0.0,False,0,0,True,True,2
heldout_animal,find-animal,179,flat_value,4,6,results_submission/scienceworld_local_qwen_heldout177_179_m4/episodes/find-animal-v179-flat_value-m4-trace.jsonl,f096fb54385328bc723f4e57,8,True,True,True,True,0.0,0.0,0.0,False,0,0,True,True,2
heldout_animal,find-animal,179,flat_value,4,7,results_submission/scienceworld_local_qwen_heldout177_179_m4/episodes/find-animal-v179-flat_value-m4-trace.jsonl,297656e4e7a64438742c649a,8,True,True,True,True,0.0,0.0,0.0,False,0,0,True,True,2
heldout_animal,find-animal,179,provenance_value,4,0,results_submission/scienceworld_local_qwen_heldout177_179_m4/episodes/find-animal-v179-provenance_value-m4-trace.jsonl,53de241d476ac26f7d2365e6,8,True,True,True,True,0.0,0.0,0.0,False,0,0,True,True,3
heldout_animal,find-animal,179,provenance_value,4,1,results_submission/scienceworld_local_qwen_heldout177_179_m4/episodes/find-animal-v179-provenance_value-m4-trace.jsonl,2996fd0ca7816411c1963aeb,8,True,True,True,True,0.0,0.0,0.0,False,0,0,True,True,2
heldout_animal,find-animal,179,provenance_value,4,2,results_submission/scienceworld_local_qwen_heldout177_179_m4/episodes/find-animal-v179-provenance_value-m4-trace.jsonl,02b1abc6d641efde7615baea,8,True,True,True,True,0.0,0.0,0.0,False,0,0,True,True,2
heldout_animal,find-animal,179,provenance_value,4,3,results_submission/scienceworld_local_qwen_heldout177_179_m4/episodes/find-animal-v179-provenance_value-m4-trace.jsonl,d569b0c6499c44bce7509396,8,True,True,True,True,0.0,0.0,0.0,False,0,0,True,True,3
heldout_animal,find-animal,179,provenance_value,4,4,results_submission/scienceworld_local_qwen_heldout177_179_m4/episodes/find-animal-v179-provenance_value-m4-trace.jsonl,5d98d9085f24e49ef4bc47b5,8,True,True,True,True,0.0,0.0,0.0,False,0,0,True,True,2
heldout_animal,find-animal,179,provenance_value,4,5,results_submission/scienceworld_local_qwen_heldout177_179_m4/episodes/find-animal-v179-provenance_value-m4-trace.jsonl,c3a528a448a463d48e36f3f5,8,True,True,True,True,0.0,0.0,0.0,False,0,0,True,True,2
heldout_animal,find-animal,179,provenance_value,4,6,results_submission/scienceworld_local_qwen_heldout177_179_m4/episodes/find-animal-v179-provenance_value-m4-trace.jsonl,f096fb54385328bc723f4e57,8,True,True,True,True,0.0,0.0,0.0,False,0,0,True,True,2
heldout_animal,find-animal,179,provenance_value,4,7,results_submission/scienceworld_local_qwen_heldout177_179_m4/episodes/find-animal-v179-provenance_value-m4-trace.jsonl,297656e4e7a64438742c649a,8,True,True,True,True,0.0,0.0,0.0,False,0,0,True,True,2
