scenario_id,seed,physical_state,hypothesis_direction,root_correct,prior,strength,family,condition,multiplicity,method,q_evidence,root_confidence,action,true_action,expected_reward,oracle_expected_reward,decision_regret,value_spread,selected_items,rollout_count,equal_text_length,item_parse_error,flat_parse_error,api_item_ok,api_flat_ok
s000_t0_h0_p0.3_l1.25_f0,0,0,0,True,0.3,1.25,0,pure_duplication,1,flat,0.461538,0.5,0,0,0.6047908201250072,0.6047908201250072,0.0,0.0,8,8,True,,,True,True
s000_t0_h0_p0.3_l1.25_f0,0,0,0,True,0.3,1.25,0,pure_duplication,1,trajectory_average,0.461538,0.5,0,0,0.6047908201250072,0.6047908201250072,0.0,1.5816750000000002,8,8,True,,,True,True
s000_t0_h0_p0.3_l1.25_f0,0,0,0,True,0.3,1.25,0,pure_duplication,1,exact_dedup,0.461538,0.5,0,0,0.6047908201250072,0.6047908201250072,0.0,1.5816750000000002,8,8,True,,,True,True
s000_t0_h0_p0.3_l1.25_f0,0,0,0,True,0.3,1.25,0,pure_duplication,1,semantic_dedup,0.461538,0.5,0,0,0.6047908201250072,0.6047908201250072,0.0,1.5816750000000002,8,8,True,,,True,True
s000_t0_h0_p0.3_l1.25_f0,0,0,0,True,0.3,1.25,0,pure_duplication,1,source_average,0.461538,0.461538,0,0,0.6047908201250072,0.6047908201250072,0.0,1.2818348635,8,8,True,,,True,True
s000_t0_h0_p0.3_l1.25_f0,0,0,0,True,0.3,1.25,0,pure_duplication,1,belief_mixing,0.461538,0.461538,0,0,0.6047908201250072,0.6047908201250072,0.0,1.2818348635,8,8,True,,,True,True
s000_t0_h0_p0.3_l1.25_f0,0,0,0,True,0.3,1.25,0,pure_duplication,1,provenance,0.461538,0.461538,0,0,0.6047908201250072,0.6047908201250072,0.0,1.2818348635,8,8,True,,,True,True
s000_t0_h0_p0.3_l1.25_f0,0,0,0,True,0.3,1.25,0,pure_duplication,2,flat,0.461538,0.3,0,0,0.6047908201250072,0.6047908201250072,0.0,2.2656,16,16,True,,,True,True
s000_t0_h0_p0.3_l1.25_f0,0,0,0,True,0.3,1.25,0,pure_duplication,2,trajectory_average,0.461538,0.5,0,0,0.6047908201250072,0.6047908201250072,0.0,1.581675,8,16,True,,,True,True
s000_t0_h0_p0.3_l1.25_f0,0,0,0,True,0.3,1.25,0,pure_duplication,2,exact_dedup,0.461538,0.5,0,0,0.6047908201250072,0.6047908201250072,0.0,1.581675,8,16,True,,,True,True
s000_t0_h0_p0.3_l1.25_f0,0,0,0,True,0.3,1.25,0,pure_duplication,2,semantic_dedup,0.461538,0.5,0,0,0.6047908201250072,0.6047908201250072,0.0,1.581675,8,16,True,,,True,True
s000_t0_h0_p0.3_l1.25_f0,0,0,0,True,0.3,1.25,0,pure_duplication,2,source_average,0.461538,0.461538,0,0,0.6047908201250072,0.6047908201250072,0.0,1.2818348635,8,16,True,,,True,True
s000_t0_h0_p0.3_l1.25_f0,0,0,0,True,0.3,1.25,0,pure_duplication,2,belief_mixing,0.461538,0.461538,0,0,0.6047908201250072,0.6047908201250072,0.0,1.2818348635,8,16,True,,,True,True
s000_t0_h0_p0.3_l1.25_f0,0,0,0,True,0.3,1.25,0,pure_duplication,2,provenance,0.461538,0.461538,0,0,0.6047908201250072,0.6047908201250072,0.0,1.2818348635,8,16,True,,,True,True
s000_t0_h0_p0.3_l1.25_f0,0,0,0,True,0.3,1.25,0,pure_duplication,4,flat,0.461538,0.3,0,0,0.6047908201250072,0.6047908201250072,0.0,3.8784,32,32,True,,,True,True
s000_t0_h0_p0.3_l1.25_f0,0,0,0,True,0.3,1.25,0,pure_duplication,4,trajectory_average,0.461538,0.3,0,0,0.6047908201250072,0.6047908201250072,0.0,1.5816750000000002,8,32,True,,,True,True
s000_t0_h0_p0.3_l1.25_f0,0,0,0,True,0.3,1.25,0,pure_duplication,4,exact_dedup,0.461538,0.3,0,0,0.6047908201250072,0.6047908201250072,0.0,1.5816750000000002,8,32,True,,,True,True
s000_t0_h0_p0.3_l1.25_f0,0,0,0,True,0.3,1.25,0,pure_duplication,4,semantic_dedup,0.461538,0.3,0,0,0.6047908201250072,0.6047908201250072,0.0,1.5816750000000002,8,32,True,,,True,True
s000_t0_h0_p0.3_l1.25_f0,0,0,0,True,0.3,1.25,0,pure_duplication,4,source_average,0.461538,0.461538,0,0,0.6047908201250072,0.6047908201250072,0.0,1.2818348635,8,32,True,,,True,True
s000_t0_h0_p0.3_l1.25_f0,0,0,0,True,0.3,1.25,0,pure_duplication,4,belief_mixing,0.461538,0.461538,0,0,0.6047908201250072,0.6047908201250072,0.0,1.2818348635,8,32,True,,,True,True
s000_t0_h0_p0.3_l1.25_f0,0,0,0,True,0.3,1.25,0,pure_duplication,4,provenance,0.461538,0.461538,0,0,0.6047908201250072,0.6047908201250072,0.0,1.2818348635,8,32,True,,,True,True
s000_t0_h0_p0.3_l1.25_f0,0,0,0,True,0.3,1.25,0,pure_duplication,8,flat,0.461538,0.3,0,0,0.6047908201250072,0.6047908201250072,0.0,0.0,64,64,True,,,True,True
s000_t0_h0_p0.3_l1.25_f0,0,0,0,True,0.3,1.25,0,pure_duplication,8,trajectory_average,0.461538,0.3,0,0,0.6047908201250072,0.6047908201250072,0.0,1.581675,8,64,True,,,True,True
s000_t0_h0_p0.3_l1.25_f0,0,0,0,True,0.3,1.25,0,pure_duplication,8,exact_dedup,0.461538,0.3,0,0,0.6047908201250072,0.6047908201250072,0.0,1.581675,8,64,True,,,True,True
s000_t0_h0_p0.3_l1.25_f0,0,0,0,True,0.3,1.25,0,pure_duplication,8,semantic_dedup,0.461538,0.3,0,0,0.6047908201250072,0.6047908201250072,0.0,1.581675,8,64,True,,,True,True
s000_t0_h0_p0.3_l1.25_f0,0,0,0,True,0.3,1.25,0,pure_duplication,8,source_average,0.461538,0.461538,0,0,0.6047908201250072,0.6047908201250072,0.0,1.2818348635,8,64,True,,,True,True
s000_t0_h0_p0.3_l1.25_f0,0,0,0,True,0.3,1.25,0,pure_duplication,8,belief_mixing,0.461538,0.461538,0,0,0.6047908201250072,0.6047908201250072,0.0,1.2818348635,8,64,True,,,True,True
s000_t0_h0_p0.3_l1.25_f0,0,0,0,True,0.3,1.25,0,pure_duplication,8,provenance,0.461538,0.461538,0,0,0.6047908201250072,0.6047908201250072,0.0,1.2818348635,8,64,True,,,True,True
s000_t0_h0_p0.3_l1.25_f0,0,0,0,True,0.3,1.25,0,paraphrase_duplication,1,flat,0.461538,0.3,0,0,0.6047908201250072,0.6047908201250072,0.0,1.2348000000000001,8,8,True,,,True,True
s000_t0_h0_p0.3_l1.25_f0,0,0,0,True,0.3,1.25,0,paraphrase_duplication,1,trajectory_average,0.461538,0.3,0,0,0.6047908201250072,0.6047908201250072,0.0,1.5816750000000002,8,8,True,,,True,True
s000_t0_h0_p0.3_l1.25_f0,0,0,0,True,0.3,1.25,0,paraphrase_duplication,1,exact_dedup,0.461538,0.3,0,0,0.6047908201250072,0.6047908201250072,0.0,1.5816750000000002,8,8,True,,,True,True
s000_t0_h0_p0.3_l1.25_f0,0,0,0,True,0.3,1.25,0,paraphrase_duplication,1,semantic_dedup,0.461538,0.3,0,0,0.6047908201250072,0.6047908201250072,0.0,1.5816750000000002,8,8,True,,,True,True
s000_t0_h0_p0.3_l1.25_f0,0,0,0,True,0.3,1.25,0,paraphrase_duplication,1,source_average,0.461538,0.461538,0,0,0.6047908201250072,0.6047908201250072,0.0,1.2818348635,8,8,True,,,True,True
s000_t0_h0_p0.3_l1.25_f0,0,0,0,True,0.3,1.25,0,paraphrase_duplication,1,belief_mixing,0.461538,0.461538,0,0,0.6047908201250072,0.6047908201250072,0.0,1.2818348635,8,8,True,,,True,True
s000_t0_h0_p0.3_l1.25_f0,0,0,0,True,0.3,1.25,0,paraphrase_duplication,1,provenance,0.461538,0.461538,0,0,0.6047908201250072,0.6047908201250072,0.0,1.2818348635,8,8,True,,,True,True
s000_t0_h0_p0.3_l1.25_f0,0,0,0,True,0.3,1.25,0,paraphrase_duplication,2,flat,0.461538,0.3,0,0,0.6047908201250072,0.6047908201250072,0.0,1.1936999999999998,16,16,True,,,True,True
s000_t0_h0_p0.3_l1.25_f0,0,0,0,True,0.3,1.25,0,paraphrase_duplication,2,trajectory_average,0.461538,0.3,0,0,0.6047908201250072,0.6047908201250072,0.0,1.5816750000000002,8,16,True,,,True,True
s000_t0_h0_p0.3_l1.25_f0,0,0,0,True,0.3,1.25,0,paraphrase_duplication,2,exact_dedup,0.461538,0.3,0,0,0.6047908201250072,0.6047908201250072,0.0,1.5816750000000002,16,16,True,,,True,True
s000_t0_h0_p0.3_l1.25_f0,0,0,0,True,0.3,1.25,0,paraphrase_duplication,2,semantic_dedup,0.461538,0.3,0,0,0.6047908201250072,0.6047908201250072,0.0,1.5816750000000002,8,16,True,,,True,True
s000_t0_h0_p0.3_l1.25_f0,0,0,0,True,0.3,1.25,0,paraphrase_duplication,2,source_average,0.461538,0.461538,0,0,0.6047908201250072,0.6047908201250072,0.0,1.2818348635,8,16,True,,,True,True
s000_t0_h0_p0.3_l1.25_f0,0,0,0,True,0.3,1.25,0,paraphrase_duplication,2,belief_mixing,0.461538,0.461538,0,0,0.6047908201250072,0.6047908201250072,0.0,1.2818348635,8,16,True,,,True,True
s000_t0_h0_p0.3_l1.25_f0,0,0,0,True,0.3,1.25,0,paraphrase_duplication,2,provenance,0.461538,0.461538,0,0,0.6047908201250072,0.6047908201250072,0.0,1.2818348635,8,16,True,,,True,True
s000_t0_h0_p0.3_l1.25_f0,0,0,0,True,0.3,1.25,0,paraphrase_duplication,4,flat,0.461538,0.555556,0,0,0.6047908201250072,0.6047908201250072,0.0,1.4851999999999999,32,32,True,,,True,True
s000_t0_h0_p0.3_l1.25_f0,0,0,0,True,0.3,1.25,0,paraphrase_duplication,4,trajectory_average,0.461538,0.3,0,0,0.6047908201250072,0.6047908201250072,0.0,1.581675,8,32,True,,,True,True
s000_t0_h0_p0.3_l1.25_f0,0,0,0,True,0.3,1.25,0,paraphrase_duplication,4,exact_dedup,0.461538,0.3,0,0,0.6047908201250072,0.6047908201250072,0.0,1.5816750000000002,32,32,True,,,True,True
s000_t0_h0_p0.3_l1.25_f0,0,0,0,True,0.3,1.25,0,paraphrase_duplication,4,semantic_dedup,0.461538,0.3,0,0,0.6047908201250072,0.6047908201250072,0.0,1.581675,8,32,True,,,True,True
s000_t0_h0_p0.3_l1.25_f0,0,0,0,True,0.3,1.25,0,paraphrase_duplication,4,source_average,0.461538,0.461538,0,0,0.6047908201250072,0.6047908201250072,0.0,1.2818348635,8,32,True,,,True,True
s000_t0_h0_p0.3_l1.25_f0,0,0,0,True,0.3,1.25,0,paraphrase_duplication,4,belief_mixing,0.461538,0.461538,0,0,0.6047908201250072,0.6047908201250072,0.0,1.2818348635,8,32,True,,,True,True
s000_t0_h0_p0.3_l1.25_f0,0,0,0,True,0.3,1.25,0,paraphrase_duplication,4,provenance,0.461538,0.461538,0,0,0.6047908201250072,0.6047908201250072,0.0,1.2818348635,8,32,True,,,True,True
s000_t0_h0_p0.3_l1.25_f0,0,0,0,True,0.3,1.25,0,paraphrase_duplication,8,flat,0.461538,0.3,0,0,0.6047908201250072,0.6047908201250072,0.0,0.0,64,64,True,,,True,True
s000_t0_h0_p0.3_l1.25_f0,0,0,0,True,0.3,1.25,0,paraphrase_duplication,8,trajectory_average,0.461538,0.3,0,0,0.6047908201250072,0.6047908201250072,0.0,1.581675,8,64,True,,,True,True
s000_t0_h0_p0.3_l1.25_f0,0,0,0,True,0.3,1.25,0,paraphrase_duplication,8,exact_dedup,0.461538,0.3,0,0,0.6047908201250072,0.6047908201250072,0.0,1.5816750000000002,32,64,True,,,True,True
s000_t0_h0_p0.3_l1.25_f0,0,0,0,True,0.3,1.25,0,paraphrase_duplication,8,semantic_dedup,0.461538,0.3,0,0,0.6047908201250072,0.6047908201250072,0.0,1.581675,8,64,True,,,True,True
s000_t0_h0_p0.3_l1.25_f0,0,0,0,True,0.3,1.25,0,paraphrase_duplication,8,source_average,0.461538,0.461538,0,0,0.6047908201250072,0.6047908201250072,0.0,1.2818348635,8,64,True,,,True,True
s000_t0_h0_p0.3_l1.25_f0,0,0,0,True,0.3,1.25,0,paraphrase_duplication,8,belief_mixing,0.461538,0.461538,0,0,0.6047908201250072,0.6047908201250072,0.0,1.2818348635,8,64,True,,,True,True
s000_t0_h0_p0.3_l1.25_f0,0,0,0,True,0.3,1.25,0,paraphrase_duplication,8,provenance,0.461538,0.461538,0,0,0.6047908201250072,0.6047908201250072,0.0,1.2818348635,8,64,True,,,True,True
s000_t0_h0_p0.3_l1.25_f0,0,0,0,True,0.3,1.25,0,independent_rollout,1,flat,0.461538,0.3,0,0,0.6047908201250072,0.6047908201250072,0.0,6.1736,8,8,True,,,True,True
s000_t0_h0_p0.3_l1.25_f0,0,0,0,True,0.3,1.25,0,independent_rollout,1,trajectory_average,0.461538,0.5,0,0,0.6047908201250072,0.6047908201250072,0.0,1.5816750000000002,8,8,True,,,True,True
s000_t0_h0_p0.3_l1.25_f0,0,0,0,True,0.3,1.25,0,independent_rollout,1,exact_dedup,0.461538,0.5,0,0,0.6047908201250072,0.6047908201250072,0.0,1.5816750000000002,8,8,True,,,True,True
s000_t0_h0_p0.3_l1.25_f0,0,0,0,True,0.3,1.25,0,independent_rollout,1,semantic_dedup,0.461538,0.5,0,0,0.6047908201250072,0.6047908201250072,0.0,1.5816750000000002,8,8,True,,,True,True
s000_t0_h0_p0.3_l1.25_f0,0,0,0,True,0.3,1.25,0,independent_rollout,1,source_average,0.461538,0.461538,0,0,0.6047908201250072,0.6047908201250072,0.0,1.2818348635,8,8,True,,,True,True
s000_t0_h0_p0.3_l1.25_f0,0,0,0,True,0.3,1.25,0,independent_rollout,1,belief_mixing,0.461538,0.461538,0,0,0.6047908201250072,0.6047908201250072,0.0,1.2818348635,8,8,True,,,True,True
s000_t0_h0_p0.3_l1.25_f0,0,0,0,True,0.3,1.25,0,independent_rollout,1,provenance,0.461538,0.461538,0,0,0.6047908201250072,0.6047908201250072,0.0,1.2818348635,8,8,True,,,True,True
s000_t0_h0_p0.3_l1.25_f0,0,0,0,True,0.3,1.25,0,independent_rollout,2,flat,0.461538,0.3,0,0,0.6047908201250072,0.6047908201250072,0.0,0.0,16,16,True,,,True,True
s000_t0_h0_p0.3_l1.25_f0,0,0,0,True,0.3,1.25,0,independent_rollout,2,trajectory_average,0.461538,0.3,0,0,0.6047908201250072,0.6047908201250072,0.0,0.5517125,16,16,True,,,True,True
s000_t0_h0_p0.3_l1.25_f0,0,0,0,True,0.3,1.25,0,independent_rollout,2,exact_dedup,0.461538,0.3,0,0,0.6047908201250072,0.6047908201250072,0.0,0.5517125,16,16,True,,,True,True
s000_t0_h0_p0.3_l1.25_f0,0,0,0,True,0.3,1.25,0,independent_rollout,2,semantic_dedup,0.461538,0.3,0,0,0.6047908201250072,0.6047908201250072,0.0,0.5517125,16,16,True,,,True,True
s000_t0_h0_p0.3_l1.25_f0,0,0,0,True,0.3,1.25,0,independent_rollout,2,source_average,0.461538,0.461538,0,0,0.6047908201250072,0.6047908201250072,0.0,0.31585101584999997,16,16,True,,,True,True
s000_t0_h0_p0.3_l1.25_f0,0,0,0,True,0.3,1.25,0,independent_rollout,2,belief_mixing,0.461538,0.461538,0,0,0.6047908201250072,0.6047908201250072,0.0,0.31585101584999997,16,16,True,,,True,True
s000_t0_h0_p0.3_l1.25_f0,0,0,0,True,0.3,1.25,0,independent_rollout,2,provenance,0.461538,0.461538,0,0,0.6047908201250072,0.6047908201250072,0.0,0.31585101584999997,16,16,True,,,True,True
s000_t0_h0_p0.3_l1.25_f0,0,0,0,True,0.3,1.25,0,independent_rollout,4,flat,0.461538,0.3,0,0,0.6047908201250072,0.6047908201250072,0.0,0.0,32,32,True,,,True,True
s000_t0_h0_p0.3_l1.25_f0,0,0,0,True,0.3,1.25,0,independent_rollout,4,trajectory_average,0.461538,0.3,0,0,0.6047908201250072,0.6047908201250072,0.0,0.32570625,32,32,True,,,True,True
s000_t0_h0_p0.3_l1.25_f0,0,0,0,True,0.3,1.25,0,independent_rollout,4,exact_dedup,0.461538,0.3,0,0,0.6047908201250072,0.6047908201250072,0.0,0.32570625,32,32,True,,,True,True
s000_t0_h0_p0.3_l1.25_f0,0,0,0,True,0.3,1.25,0,independent_rollout,4,semantic_dedup,0.461538,0.3,0,0,0.6047908201250072,0.6047908201250072,0.0,0.32570625,32,32,True,,,True,True
s000_t0_h0_p0.3_l1.25_f0,0,0,0,True,0.3,1.25,0,independent_rollout,4,source_average,0.461538,0.461538,0,0,0.6047908201250072,0.6047908201250072,0.0,0.13238710327499997,32,32,True,,,True,True
s000_t0_h0_p0.3_l1.25_f0,0,0,0,True,0.3,1.25,0,independent_rollout,4,belief_mixing,0.461538,0.461538,0,0,0.6047908201250072,0.6047908201250072,0.0,0.13238710327499997,32,32,True,,,True,True
s000_t0_h0_p0.3_l1.25_f0,0,0,0,True,0.3,1.25,0,independent_rollout,4,provenance,0.461538,0.461538,0,0,0.6047908201250072,0.6047908201250072,0.0,0.13238710327499997,32,32,True,,,True,True
s000_t0_h0_p0.3_l1.25_f0,0,0,0,True,0.3,1.25,0,independent_rollout,8,flat,0.461538,0.3,0,0,0.6047908201250072,0.6047908201250072,0.0,0.0,64,64,True,,,True,True
s000_t0_h0_p0.3_l1.25_f0,0,0,0,True,0.3,1.25,0,independent_rollout,8,trajectory_average,0.461538,0.33333300000000005,0,0,0.6047908201250072,0.6047908201250072,0.0,0.2425906249999999,64,64,True,,,True,True
s000_t0_h0_p0.3_l1.25_f0,0,0,0,True,0.3,1.25,0,independent_rollout,8,exact_dedup,0.461538,0.33333300000000005,0,0,0.6047908201250072,0.6047908201250072,0.0,0.2425906249999999,64,64,True,,,True,True
s000_t0_h0_p0.3_l1.25_f0,0,0,0,True,0.3,1.25,0,independent_rollout,8,semantic_dedup,0.461538,0.33333300000000005,0,0,0.6047908201250072,0.6047908201250072,0.0,0.2425906249999999,64,64,True,,,True,True
s000_t0_h0_p0.3_l1.25_f0,0,0,0,True,0.3,1.25,0,independent_rollout,8,source_average,0.461538,0.461538,0,0,0.6047908201250072,0.6047908201250072,0.0,0.05162895848749993,64,64,True,,,True,True
s000_t0_h0_p0.3_l1.25_f0,0,0,0,True,0.3,1.25,0,independent_rollout,8,belief_mixing,0.461538,0.461538,0,0,0.6047908201250072,0.6047908201250072,0.0,0.05162895848749993,64,64,True,,,True,True
s000_t0_h0_p0.3_l1.25_f0,0,0,0,True,0.3,1.25,0,independent_rollout,8,provenance,0.461538,0.461538,0,0,0.6047908201250072,0.6047908201250072,0.0,0.05162895848749993,64,64,True,,,True,True
s001_t1_h0_p0.5_l2_f1,1,1,0,False,0.5,2.0,1,pure_duplication,1,flat,0.666667,0.666667,0,0,1.0967323825989126,1.0967323825989126,0.0,3.3436000000000003,8,8,True,,,True,True
s001_t1_h0_p0.5_l2_f1,1,1,0,False,0.5,2.0,1,pure_duplication,1,trajectory_average,0.666667,0.5,0,0,1.0967323825989126,1.0967323825989126,0.0,1.3187499999999999,8,8,True,,,True,True
s001_t1_h0_p0.5_l2_f1,1,1,0,False,0.5,2.0,1,pure_duplication,1,exact_dedup,0.666667,0.5,0,0,1.0967323825989126,1.0967323825989126,0.0,1.3187499999999999,8,8,True,,,True,True
s001_t1_h0_p0.5_l2_f1,1,1,0,False,0.5,2.0,1,pure_duplication,1,semantic_dedup,0.666667,0.5,0,0,1.0967323825989126,1.0967323825989126,0.0,1.3187499999999999,8,8,True,,,True,True
s001_t1_h0_p0.5_l2_f1,1,1,0,False,0.5,2.0,1,pure_duplication,1,source_average,0.666667,0.666667,0,0,1.0967323825989126,1.0967323825989126,0.0,1.8024843008,8,8,True,,,True,True
s001_t1_h0_p0.5_l2_f1,1,1,0,False,0.5,2.0,1,pure_duplication,1,belief_mixing,0.666667,0.666667,0,0,1.0967323825989126,1.0967323825989126,0.0,1.8024843008,8,8,True,,,True,True
s001_t1_h0_p0.5_l2_f1,1,1,0,False,0.5,2.0,1,pure_duplication,1,provenance,0.666667,0.666667,0,0,1.0967323825989126,1.0967323825989126,0.0,1.8024843008,8,8,True,,,True,True
s001_t1_h0_p0.5_l2_f1,1,1,0,False,0.5,2.0,1,pure_duplication,2,flat,0.666667,0.666667,0,0,1.0967323825989126,1.0967323825989126,0.0,3.5824,16,16,True,,,True,True
s001_t1_h0_p0.5_l2_f1,1,1,0,False,0.5,2.0,1,pure_duplication,2,trajectory_average,0.666667,0.5,0,0,1.0967323825989126,1.0967323825989126,0.0,1.3187499999999999,8,16,True,,,True,True
s001_t1_h0_p0.5_l2_f1,1,1,0,False,0.5,2.0,1,pure_duplication,2,exact_dedup,0.666667,0.5,0,0,1.0967323825989126,1.0967323825989126,0.0,1.3187499999999999,8,16,True,,,True,True
s001_t1_h0_p0.5_l2_f1,1,1,0,False,0.5,2.0,1,pure_duplication,2,semantic_dedup,0.666667,0.5,0,0,1.0967323825989126,1.0967323825989126,0.0,1.3187499999999999,8,16,True,,,True,True
s001_t1_h0_p0.5_l2_f1,1,1,0,False,0.5,2.0,1,pure_duplication,2,source_average,0.666667,0.666667,0,0,1.0967323825989126,1.0967323825989126,0.0,1.8024843008,8,16,True,,,True,True
s001_t1_h0_p0.5_l2_f1,1,1,0,False,0.5,2.0,1,pure_duplication,2,belief_mixing,0.666667,0.666667,0,0,1.0967323825989126,1.0967323825989126,0.0,1.8024843008,8,16,True,,,True,True
s001_t1_h0_p0.5_l2_f1,1,1,0,False,0.5,2.0,1,pure_duplication,2,provenance,0.666667,0.666667,0,0,1.0967323825989126,1.0967323825989126,0.0,1.8024843008,8,16,True,,,True,True
s001_t1_h0_p0.5_l2_f1,1,1,0,False,0.5,2.0,1,pure_duplication,4,flat,0.666667,0.666667,0,0,1.0967323825989126,1.0967323825989126,0.0,1.7878999999999998,32,32,True,,,True,True
s001_t1_h0_p0.5_l2_f1,1,1,0,False,0.5,2.0,1,pure_duplication,4,trajectory_average,0.666667,0.5,0,0,1.0967323825989126,1.0967323825989126,0.0,1.3187499999999999,8,32,True,,,True,True
s001_t1_h0_p0.5_l2_f1,1,1,0,False,0.5,2.0,1,pure_duplication,4,exact_dedup,0.666667,0.5,0,0,1.0967323825989126,1.0967323825989126,0.0,1.3187499999999999,8,32,True,,,True,True
s001_t1_h0_p0.5_l2_f1,1,1,0,False,0.5,2.0,1,pure_duplication,4,semantic_dedup,0.666667,0.5,0,0,1.0967323825989126,1.0967323825989126,0.0,1.3187499999999999,8,32,True,,,True,True
s001_t1_h0_p0.5_l2_f1,1,1,0,False,0.5,2.0,1,pure_duplication,4,source_average,0.666667,0.666667,0,0,1.0967323825989126,1.0967323825989126,0.0,1.8024843008,8,32,True,,,True,True
s001_t1_h0_p0.5_l2_f1,1,1,0,False,0.5,2.0,1,pure_duplication,4,belief_mixing,0.666667,0.666667,0,0,1.0967323825989126,1.0967323825989126,0.0,1.8024843008,8,32,True,,,True,True
s001_t1_h0_p0.5_l2_f1,1,1,0,False,0.5,2.0,1,pure_duplication,4,provenance,0.666667,0.666667,0,0,1.0967323825989126,1.0967323825989126,0.0,1.8024843008,8,32,True,,,True,True
s001_t1_h0_p0.5_l2_f1,1,1,0,False,0.5,2.0,1,pure_duplication,8,flat,0.666667,0.666667,0,0,1.0967323825989126,1.0967323825989126,0.0,2.6828000000000003,64,64,True,,,True,True
s001_t1_h0_p0.5_l2_f1,1,1,0,False,0.5,2.0,1,pure_duplication,8,trajectory_average,0.666667,0.5,0,0,1.0967323825989126,1.0967323825989126,0.0,1.31875,8,64,True,,,True,True
s001_t1_h0_p0.5_l2_f1,1,1,0,False,0.5,2.0,1,pure_duplication,8,exact_dedup,0.666667,0.5,0,0,1.0967323825989126,1.0967323825989126,0.0,1.31875,8,64,True,,,True,True
s001_t1_h0_p0.5_l2_f1,1,1,0,False,0.5,2.0,1,pure_duplication,8,semantic_dedup,0.666667,0.5,0,0,1.0967323825989126,1.0967323825989126,0.0,1.31875,8,64,True,,,True,True
s001_t1_h0_p0.5_l2_f1,1,1,0,False,0.5,2.0,1,pure_duplication,8,source_average,0.666667,0.666667,0,0,1.0967323825989126,1.0967323825989126,0.0,1.8024843008,8,64,True,,,True,True
s001_t1_h0_p0.5_l2_f1,1,1,0,False,0.5,2.0,1,pure_duplication,8,belief_mixing,0.666667,0.666667,0,0,1.0967323825989126,1.0967323825989126,0.0,1.8024843008,8,64,True,,,True,True
s001_t1_h0_p0.5_l2_f1,1,1,0,False,0.5,2.0,1,pure_duplication,8,provenance,0.666667,0.666667,0,0,1.0967323825989126,1.0967323825989126,0.0,1.8024843008,8,64,True,,,True,True
s001_t1_h0_p0.5_l2_f1,1,1,0,False,0.5,2.0,1,paraphrase_duplication,1,flat,0.666667,0.666667,0,0,1.0967323825989126,1.0967323825989126,0.0,3.2687,8,8,True,,,True,True
s001_t1_h0_p0.5_l2_f1,1,1,0,False,0.5,2.0,1,paraphrase_duplication,1,trajectory_average,0.666667,0.5,0,0,1.0967323825989126,1.0967323825989126,0.0,1.3187499999999999,8,8,True,,,True,True
s001_t1_h0_p0.5_l2_f1,1,1,0,False,0.5,2.0,1,paraphrase_duplication,1,exact_dedup,0.666667,0.5,0,0,1.0967323825989126,1.0967323825989126,0.0,1.3187499999999999,8,8,True,,,True,True
s001_t1_h0_p0.5_l2_f1,1,1,0,False,0.5,2.0,1,paraphrase_duplication,1,semantic_dedup,0.666667,0.5,0,0,1.0967323825989126,1.0967323825989126,0.0,1.3187499999999999,8,8,True,,,True,True
s001_t1_h0_p0.5_l2_f1,1,1,0,False,0.5,2.0,1,paraphrase_duplication,1,source_average,0.666667,0.666667,0,0,1.0967323825989126,1.0967323825989126,0.0,1.8024843008,8,8,True,,,True,True
s001_t1_h0_p0.5_l2_f1,1,1,0,False,0.5,2.0,1,paraphrase_duplication,1,belief_mixing,0.666667,0.666667,0,0,1.0967323825989126,1.0967323825989126,0.0,1.8024843008,8,8,True,,,True,True
s001_t1_h0_p0.5_l2_f1,1,1,0,False,0.5,2.0,1,paraphrase_duplication,1,provenance,0.666667,0.666667,0,0,1.0967323825989126,1.0967323825989126,0.0,1.8024843008,8,8,True,,,True,True
s001_t1_h0_p0.5_l2_f1,1,1,0,False,0.5,2.0,1,paraphrase_duplication,2,flat,0.666667,0.666667,0,0,1.0967323825989126,1.0967323825989126,0.0,2.4714,16,16,True,,,True,True
s001_t1_h0_p0.5_l2_f1,1,1,0,False,0.5,2.0,1,paraphrase_duplication,2,trajectory_average,0.666667,0.5,0,0,1.0967323825989126,1.0967323825989126,0.0,1.3187499999999999,8,16,True,,,True,True
s001_t1_h0_p0.5_l2_f1,1,1,0,False,0.5,2.0,1,paraphrase_duplication,2,exact_dedup,0.666667,0.5,0,0,1.0967323825989126,1.0967323825989126,0.0,1.31875,16,16,True,,,True,True
s001_t1_h0_p0.5_l2_f1,1,1,0,False,0.5,2.0,1,paraphrase_duplication,2,semantic_dedup,0.666667,0.5,0,0,1.0967323825989126,1.0967323825989126,0.0,1.3187499999999999,8,16,True,,,True,True
s001_t1_h0_p0.5_l2_f1,1,1,0,False,0.5,2.0,1,paraphrase_duplication,2,source_average,0.666667,0.666667,0,0,1.0967323825989126,1.0967323825989126,0.0,1.8024843008,8,16,True,,,True,True
s001_t1_h0_p0.5_l2_f1,1,1,0,False,0.5,2.0,1,paraphrase_duplication,2,belief_mixing,0.666667,0.666667,0,0,1.0967323825989126,1.0967323825989126,0.0,1.8024843008,8,16,True,,,True,True
s001_t1_h0_p0.5_l2_f1,1,1,0,False,0.5,2.0,1,paraphrase_duplication,2,provenance,0.666667,0.666667,0,0,1.0967323825989126,1.0967323825989126,0.0,1.8024843008,8,16,True,,,True,True
s001_t1_h0_p0.5_l2_f1,1,1,0,False,0.5,2.0,1,paraphrase_duplication,4,flat,0.666667,0.666667,0,0,1.0967323825989126,1.0967323825989126,0.0,2.5629,32,32,True,,,True,True
s001_t1_h0_p0.5_l2_f1,1,1,0,False,0.5,2.0,1,paraphrase_duplication,4,trajectory_average,0.666667,0.49999999999999994,0,0,1.0967323825989126,1.0967323825989126,0.0,1.31875,8,32,True,,,True,True
s001_t1_h0_p0.5_l2_f1,1,1,0,False,0.5,2.0,1,paraphrase_duplication,4,exact_dedup,0.666667,0.49999999999999994,0,0,1.0967323825989126,1.0967323825989126,0.0,1.3187499999999999,32,32,True,,,True,True
s001_t1_h0_p0.5_l2_f1,1,1,0,False,0.5,2.0,1,paraphrase_duplication,4,semantic_dedup,0.666667,0.5,0,0,1.0967323825989126,1.0967323825989126,0.0,1.31875,8,32,True,,,True,True
s001_t1_h0_p0.5_l2_f1,1,1,0,False,0.5,2.0,1,paraphrase_duplication,4,source_average,0.666667,0.666667,0,0,1.0967323825989126,1.0967323825989126,0.0,1.8024843008,8,32,True,,,True,True
s001_t1_h0_p0.5_l2_f1,1,1,0,False,0.5,2.0,1,paraphrase_duplication,4,belief_mixing,0.666667,0.666667,0,0,1.0967323825989126,1.0967323825989126,0.0,1.8024843008,8,32,True,,,True,True
s001_t1_h0_p0.5_l2_f1,1,1,0,False,0.5,2.0,1,paraphrase_duplication,4,provenance,0.666667,0.666667,0,0,1.0967323825989126,1.0967323825989126,0.0,1.8024843008,8,32,True,,,True,True
s001_t1_h0_p0.5_l2_f1,1,1,0,False,0.5,2.0,1,paraphrase_duplication,8,flat,0.666667,0.666667,0,0,1.0967323825989126,1.0967323825989126,0.0,2.6833,64,64,True,,,True,True
s001_t1_h0_p0.5_l2_f1,1,1,0,False,0.5,2.0,1,paraphrase_duplication,8,trajectory_average,0.666667,0.5,0,0,1.0967323825989126,1.0967323825989126,0.0,1.31875,8,64,True,,,True,True
s001_t1_h0_p0.5_l2_f1,1,1,0,False,0.5,2.0,1,paraphrase_duplication,8,exact_dedup,0.666667,0.5,0,0,1.0967323825989126,1.0967323825989126,0.0,1.3187499999999999,32,64,True,,,True,True
s001_t1_h0_p0.5_l2_f1,1,1,0,False,0.5,2.0,1,paraphrase_duplication,8,semantic_dedup,0.666667,0.5,0,0,1.0967323825989126,1.0967323825989126,0.0,1.31875,8,64,True,,,True,True
s001_t1_h0_p0.5_l2_f1,1,1,0,False,0.5,2.0,1,paraphrase_duplication,8,source_average,0.666667,0.666667,0,0,1.0967323825989126,1.0967323825989126,0.0,1.8024843008,8,64,True,,,True,True
s001_t1_h0_p0.5_l2_f1,1,1,0,False,0.5,2.0,1,paraphrase_duplication,8,belief_mixing,0.666667,0.666667,0,0,1.0967323825989126,1.0967323825989126,0.0,1.8024843008,8,64,True,,,True,True
s001_t1_h0_p0.5_l2_f1,1,1,0,False,0.5,2.0,1,paraphrase_duplication,8,provenance,0.666667,0.666667,0,0,1.0967323825989126,1.0967323825989126,0.0,1.8024843008,8,64,True,,,True,True
s001_t1_h0_p0.5_l2_f1,1,1,0,False,0.5,2.0,1,independent_rollout,1,flat,0.666667,0.666667,0,0,1.0967323825989126,1.0967323825989126,0.0,2.0,8,8,True,,,True,True
s001_t1_h0_p0.5_l2_f1,1,1,0,False,0.5,2.0,1,independent_rollout,1,trajectory_average,0.666667,0.5,0,0,1.0967323825989126,1.0967323825989126,0.0,1.3187499999999999,8,8,True,,,True,True
s001_t1_h0_p0.5_l2_f1,1,1,0,False,0.5,2.0,1,independent_rollout,1,exact_dedup,0.666667,0.5,0,0,1.0967323825989126,1.0967323825989126,0.0,1.3187499999999999,8,8,True,,,True,True
s001_t1_h0_p0.5_l2_f1,1,1,0,False,0.5,2.0,1,independent_rollout,1,semantic_dedup,0.666667,0.5,0,0,1.0967323825989126,1.0967323825989126,0.0,1.3187499999999999,8,8,True,,,True,True
s001_t1_h0_p0.5_l2_f1,1,1,0,False,0.5,2.0,1,independent_rollout,1,source_average,0.666667,0.666667,0,0,1.0967323825989126,1.0967323825989126,0.0,1.8024843008,8,8,True,,,True,True
s001_t1_h0_p0.5_l2_f1,1,1,0,False,0.5,2.0,1,independent_rollout,1,belief_mixing,0.666667,0.666667,0,0,1.0967323825989126,1.0967323825989126,0.0,1.8024843008,8,8,True,,,True,True
s001_t1_h0_p0.5_l2_f1,1,1,0,False,0.5,2.0,1,independent_rollout,1,provenance,0.666667,0.666667,0,0,1.0967323825989126,1.0967323825989126,0.0,1.8024843008,8,8,True,,,True,True
s001_t1_h0_p0.5_l2_f1,1,1,0,False,0.5,2.0,1,independent_rollout,2,flat,0.666667,0.666667,0,0,1.0967323825989126,1.0967323825989126,0.0,2.68175,16,16,True,,,True,True
s001_t1_h0_p0.5_l2_f1,1,1,0,False,0.5,2.0,1,independent_rollout,2,trajectory_average,0.666667,0.5,0,0,1.0967323825989126,1.0967323825989126,0.0,1.8352125,16,16,True,,,True,True
s001_t1_h0_p0.5_l2_f1,1,1,0,False,0.5,2.0,1,independent_rollout,2,exact_dedup,0.666667,0.5,0,0,1.0967323825989126,1.0967323825989126,0.0,1.8352125,16,16,True,,,True,True
s001_t1_h0_p0.5_l2_f1,1,1,0,False,0.5,2.0,1,independent_rollout,2,semantic_dedup,0.666667,0.5,0,0,1.0967323825989126,1.0967323825989126,0.0,1.8352125,16,16,True,,,True,True
s001_t1_h0_p0.5_l2_f1,1,1,0,False,0.5,2.0,1,independent_rollout,2,source_average,0.666667,0.666667,0,0,1.0967323825989126,1.0967323825989126,0.0,2.040008742925,16,16,True,,,True,True
s001_t1_h0_p0.5_l2_f1,1,1,0,False,0.5,2.0,1,independent_rollout,2,belief_mixing,0.666667,0.666667,0,0,1.0967323825989126,1.0967323825989126,0.0,2.040008742925,16,16,True,,,True,True
s001_t1_h0_p0.5_l2_f1,1,1,0,False,0.5,2.0,1,independent_rollout,2,provenance,0.666667,0.666667,0,0,1.0967323825989126,1.0967323825989126,0.0,2.040008742925,16,16,True,,,True,True
s001_t1_h0_p0.5_l2_f1,1,1,0,False,0.5,2.0,1,independent_rollout,4,flat,0.666667,0.666667,0,0,1.0967323825989126,1.0967323825989126,0.0,2.0,32,32,True,,,True,True
s001_t1_h0_p0.5_l2_f1,1,1,0,False,0.5,2.0,1,independent_rollout,4,trajectory_average,0.666667,0.666667,0,0,1.0967323825989126,1.0967323825989126,0.0,1.507775,32,32,True,,,True,True
s001_t1_h0_p0.5_l2_f1,1,1,0,False,0.5,2.0,1,independent_rollout,4,exact_dedup,0.666667,0.666667,0,0,1.0967323825989126,1.0967323825989126,0.0,1.507775,32,32,True,,,True,True
s001_t1_h0_p0.5_l2_f1,1,1,0,False,0.5,2.0,1,independent_rollout,4,semantic_dedup,0.666667,0.666667,0,0,1.0967323825989126,1.0967323825989126,0.0,1.507775,32,32,True,,,True,True
s001_t1_h0_p0.5_l2_f1,1,1,0,False,0.5,2.0,1,independent_rollout,4,source_average,0.666667,0.666667,0,0,1.0967323825989126,1.0967323825989126,0.0,1.407537299525,32,32,True,,,True,True
s001_t1_h0_p0.5_l2_f1,1,1,0,False,0.5,2.0,1,independent_rollout,4,belief_mixing,0.666667,0.666667,0,0,1.0967323825989126,1.0967323825989126,0.0,1.407537299525,32,32,True,,,True,True
s001_t1_h0_p0.5_l2_f1,1,1,0,False,0.5,2.0,1,independent_rollout,4,provenance,0.666667,0.666667,0,0,1.0967323825989126,1.0967323825989126,0.0,1.407537299525,32,32,True,,,True,True
s001_t1_h0_p0.5_l2_f1,1,1,0,False,0.5,2.0,1,independent_rollout,8,flat,0.666667,0.666667,0,0,1.0967323825989126,1.0967323825989126,0.0,1.8786,64,64,True,,,True,True
s001_t1_h0_p0.5_l2_f1,1,1,0,False,0.5,2.0,1,independent_rollout,8,trajectory_average,0.666667,0.5,0,0,1.0967323825989126,1.0967323825989126,0.0,1.614278125,64,64,True,,,True,True
s001_t1_h0_p0.5_l2_f1,1,1,0,False,0.5,2.0,1,independent_rollout,8,exact_dedup,0.666667,0.502645507936508,0,0,1.0967323825989126,1.0967323825989126,0.0,1.6768337701612903,63,64,True,,,True,True
s001_t1_h0_p0.5_l2_f1,1,1,0,False,0.5,2.0,1,independent_rollout,8,semantic_dedup,0.666667,0.502645507936508,0,0,1.0967323825989126,1.0967323825989126,0.0,1.6768337701612903,63,64,True,,,True,True
s001_t1_h0_p0.5_l2_f1,1,1,0,False,0.5,2.0,1,independent_rollout,8,source_average,0.666667,0.666667,0,0,1.0967323825989126,1.0967323825989126,0.0,1.44124548726875,64,64,True,,,True,True
s001_t1_h0_p0.5_l2_f1,1,1,0,False,0.5,2.0,1,independent_rollout,8,belief_mixing,0.666667,0.666667,0,0,1.0967323825989126,1.0967323825989126,0.0,1.44124548726875,64,64,True,,,True,True
s001_t1_h0_p0.5_l2_f1,1,1,0,False,0.5,2.0,1,independent_rollout,8,provenance,0.666667,0.666667,0,0,1.0967323825989126,1.0967323825989126,0.0,1.44124548726875,64,64,True,,,True,True
s002_t0_h1_p0.7_l4_f0,2,0,1,False,0.7,4.0,0,pure_duplication,1,flat,0.9032258064516129,0.903448,1,0,-1.165088769183636,1.4168550043302641,2.5819437735139,0.0,8,8,True,,,True,True
s002_t0_h1_p0.7_l4_f0,2,0,1,False,0.7,4.0,0,pure_duplication,1,trajectory_average,0.9032258064516129,0.5,1,0,-1.165088769183636,1.4168550043302641,2.5819437735139,0.16795,8,8,True,,,True,True
s002_t0_h1_p0.7_l4_f0,2,0,1,False,0.7,4.0,0,pure_duplication,1,exact_dedup,0.9032258064516129,0.5,1,0,-1.165088769183636,1.4168550043302641,2.5819437735139,0.16795,8,8,True,,,True,True
s002_t0_h1_p0.7_l4_f0,2,0,1,False,0.7,4.0,0,pure_duplication,1,semantic_dedup,0.9032258064516129,0.5,1,0,-1.165088769183636,1.4168550043302641,2.5819437735139,0.16795,8,8,True,,,True,True
s002_t0_h1_p0.7_l4_f0,2,0,1,False,0.7,4.0,0,pure_duplication,1,source_average,0.9032258064516129,0.9032258064516129,1,0,-1.165088769183636,1.4168550043302641,2.5819437735139,3.3875467741935483,8,8,True,,,True,True
s002_t0_h1_p0.7_l4_f0,2,0,1,False,0.7,4.0,0,pure_duplication,1,belief_mixing,0.9032258064516129,0.9032258064516129,1,0,-1.165088769183636,1.4168550043302641,2.5819437735139,3.3875467741935483,8,8,True,,,True,True
s002_t0_h1_p0.7_l4_f0,2,0,1,False,0.7,4.0,0,pure_duplication,1,provenance,0.9032258064516129,0.9032258064516129,1,0,-1.165088769183636,1.4168550043302641,2.5819437735139,3.3875467741935483,8,8,True,,,True,True
s002_t0_h1_p0.7_l4_f0,2,0,1,False,0.7,4.0,0,pure_duplication,2,flat,0.9032258064516129,0.3,0,0,1.4168550043302641,1.4168550043302641,0.0,0.0,16,16,True,,,True,True
s002_t0_h1_p0.7_l4_f0,2,0,1,False,0.7,4.0,0,pure_duplication,2,trajectory_average,0.9032258064516129,0.9032258064516129,1,0,-1.165088769183636,1.4168550043302641,2.5819437735139,0.16795,8,16,True,,,True,True
s002_t0_h1_p0.7_l4_f0,2,0,1,False,0.7,4.0,0,pure_duplication,2,exact_dedup,0.9032258064516129,0.9032258064516129,1,0,-1.165088769183636,1.4168550043302641,2.5819437735139,0.16795,8,16,True,,,True,True
s002_t0_h1_p0.7_l4_f0,2,0,1,False,0.7,4.0,0,pure_duplication,2,semantic_dedup,0.9032258064516129,0.9032258064516129,1,0,-1.165088769183636,1.4168550043302641,2.5819437735139,0.16795,8,16,True,,,True,True
s002_t0_h1_p0.7_l4_f0,2,0,1,False,0.7,4.0,0,pure_duplication,2,source_average,0.9032258064516129,0.9032258064516129,1,0,-1.165088769183636,1.4168550043302641,2.5819437735139,3.3875467741935483,8,16,True,,,True,True
s002_t0_h1_p0.7_l4_f0,2,0,1,False,0.7,4.0,0,pure_duplication,2,belief_mixing,0.9032258064516129,0.9032258064516129,1,0,-1.165088769183636,1.4168550043302641,2.5819437735139,3.3875467741935483,8,16,True,,,True,True
s002_t0_h1_p0.7_l4_f0,2,0,1,False,0.7,4.0,0,pure_duplication,2,provenance,0.9032258064516129,0.9032258064516129,1,0,-1.165088769183636,1.4168550043302641,2.5819437735139,3.3875467741935483,8,16,True,,,True,True
s002_t0_h1_p0.7_l4_f0,2,0,1,False,0.7,4.0,0,pure_duplication,4,flat,0.9032258064516129,0.3,0,0,1.4168550043302641,1.4168550043302641,0.0,0.0,32,32,True,,,True,True
s002_t0_h1_p0.7_l4_f0,2,0,1,False,0.7,4.0,0,pure_duplication,4,trajectory_average,0.9032258064516129,0.49999999999999994,1,0,-1.165088769183636,1.4168550043302641,2.5819437735139,0.16795,8,32,True,,,True,True
s002_t0_h1_p0.7_l4_f0,2,0,1,False,0.7,4.0,0,pure_duplication,4,exact_dedup,0.9032258064516129,0.5,1,0,-1.165088769183636,1.4168550043302641,2.5819437735139,0.16795,8,32,True,,,True,True
s002_t0_h1_p0.7_l4_f0,2,0,1,False,0.7,4.0,0,pure_duplication,4,semantic_dedup,0.9032258064516129,0.5,1,0,-1.165088769183636,1.4168550043302641,2.5819437735139,0.16795,8,32,True,,,True,True
s002_t0_h1_p0.7_l4_f0,2,0,1,False,0.7,4.0,0,pure_duplication,4,source_average,0.9032258064516129,0.9032258064516129,1,0,-1.165088769183636,1.4168550043302641,2.5819437735139,3.3875467741935483,8,32,True,,,True,True
s002_t0_h1_p0.7_l4_f0,2,0,1,False,0.7,4.0,0,pure_duplication,4,belief_mixing,0.9032258064516129,0.9032258064516129,1,0,-1.165088769183636,1.4168550043302641,2.5819437735139,3.3875467741935483,8,32,True,,,True,True
s002_t0_h1_p0.7_l4_f0,2,0,1,False,0.7,4.0,0,pure_duplication,4,provenance,0.9032258064516129,0.9032258064516129,1,0,-1.165088769183636,1.4168550043302641,2.5819437735139,3.3875467741935483,8,32,True,,,True,True
s002_t0_h1_p0.7_l4_f0,2,0,1,False,0.7,4.0,0,pure_duplication,8,flat,0.9032258064516129,0.3,0,0,1.4168550043302641,1.4168550043302641,0.0,0.0,64,64,True,,,True,True
s002_t0_h1_p0.7_l4_f0,2,0,1,False,0.7,4.0,0,pure_duplication,8,trajectory_average,0.9032258064516129,0.4999999999999999,1,0,-1.165088769183636,1.4168550043302641,2.5819437735139,0.16795000000000002,8,64,True,,,True,True
s002_t0_h1_p0.7_l4_f0,2,0,1,False,0.7,4.0,0,pure_duplication,8,exact_dedup,0.9032258064516129,0.5,1,0,-1.165088769183636,1.4168550043302641,2.5819437735139,0.16795000000000002,8,64,True,,,True,True
s002_t0_h1_p0.7_l4_f0,2,0,1,False,0.7,4.0,0,pure_duplication,8,semantic_dedup,0.9032258064516129,0.5,1,0,-1.165088769183636,1.4168550043302641,2.5819437735139,0.16795000000000002,8,64,True,,,True,True
s002_t0_h1_p0.7_l4_f0,2,0,1,False,0.7,4.0,0,pure_duplication,8,source_average,0.9032258064516129,0.9032258064516129,1,0,-1.165088769183636,1.4168550043302641,2.5819437735139,3.3875467741935483,8,64,True,,,True,True
s002_t0_h1_p0.7_l4_f0,2,0,1,False,0.7,4.0,0,pure_duplication,8,belief_mixing,0.9032258064516129,0.9032258064516129,1,0,-1.165088769183636,1.4168550043302641,2.5819437735139,3.3875467741935483,8,64,True,,,True,True
s002_t0_h1_p0.7_l4_f0,2,0,1,False,0.7,4.0,0,pure_duplication,8,provenance,0.9032258064516129,0.9032258064516129,1,0,-1.165088769183636,1.4168550043302641,2.5819437735139,3.3875467741935483,8,64,True,,,True,True
s002_t0_h1_p0.7_l4_f0,2,0,1,False,0.7,4.0,0,paraphrase_duplication,1,flat,0.9032258064516129,0.3,0,0,1.4168550043302641,1.4168550043302641,0.0,1.7489999999999999,8,8,True,,,True,True
s002_t0_h1_p0.7_l4_f0,2,0,1,False,0.7,4.0,0,paraphrase_duplication,1,trajectory_average,0.9032258064516129,0.5,1,0,-1.165088769183636,1.4168550043302641,2.5819437735139,0.16794999999999996,8,8,True,,,True,True
s002_t0_h1_p0.7_l4_f0,2,0,1,False,0.7,4.0,0,paraphrase_duplication,1,exact_dedup,0.9032258064516129,0.5,1,0,-1.165088769183636,1.4168550043302641,2.5819437735139,0.16794999999999996,8,8,True,,,True,True
s002_t0_h1_p0.7_l4_f0,2,0,1,False,0.7,4.0,0,paraphrase_duplication,1,semantic_dedup,0.9032258064516129,0.5,1,0,-1.165088769183636,1.4168550043302641,2.5819437735139,0.16794999999999996,8,8,True,,,True,True
s002_t0_h1_p0.7_l4_f0,2,0,1,False,0.7,4.0,0,paraphrase_duplication,1,source_average,0.9032258064516129,0.9032258064516129,1,0,-1.165088769183636,1.4168550043302641,2.5819437735139,3.3875467741935483,8,8,True,,,True,True
s002_t0_h1_p0.7_l4_f0,2,0,1,False,0.7,4.0,0,paraphrase_duplication,1,belief_mixing,0.9032258064516129,0.9032258064516129,1,0,-1.165088769183636,1.4168550043302641,2.5819437735139,3.3875467741935483,8,8,True,,,True,True
s002_t0_h1_p0.7_l4_f0,2,0,1,False,0.7,4.0,0,paraphrase_duplication,1,provenance,0.9032258064516129,0.9032258064516129,1,0,-1.165088769183636,1.4168550043302641,2.5819437735139,3.3875467741935483,8,8,True,,,True,True
s002_t0_h1_p0.7_l4_f0,2,0,1,False,0.7,4.0,0,paraphrase_duplication,2,flat,0.9032258064516129,0.3,0,0,1.4168550043302641,1.4168550043302641,0.0,1.5,16,16,True,,,True,True
s002_t0_h1_p0.7_l4_f0,2,0,1,False,0.7,4.0,0,paraphrase_duplication,2,trajectory_average,0.9032258064516129,0.5,1,0,-1.165088769183636,1.4168550043302641,2.5819437735139,0.16794999999999996,8,16,True,,,True,True
s002_t0_h1_p0.7_l4_f0,2,0,1,False,0.7,4.0,0,paraphrase_duplication,2,exact_dedup,0.9032258064516129,0.5,1,0,-1.165088769183636,1.4168550043302641,2.5819437735139,0.16795,16,16,True,,,True,True
s002_t0_h1_p0.7_l4_f0,2,0,1,False,0.7,4.0,0,paraphrase_duplication,2,semantic_dedup,0.9032258064516129,0.5,1,0,-1.165088769183636,1.4168550043302641,2.5819437735139,0.16794999999999996,8,16,True,,,True,True
s002_t0_h1_p0.7_l4_f0,2,0,1,False,0.7,4.0,0,paraphrase_duplication,2,source_average,0.9032258064516129,0.9032258064516129,1,0,-1.165088769183636,1.4168550043302641,2.5819437735139,3.3875467741935483,8,16,True,,,True,True
s002_t0_h1_p0.7_l4_f0,2,0,1,False,0.7,4.0,0,paraphrase_duplication,2,belief_mixing,0.9032258064516129,0.9032258064516129,1,0,-1.165088769183636,1.4168550043302641,2.5819437735139,3.3875467741935483,8,16,True,,,True,True
s002_t0_h1_p0.7_l4_f0,2,0,1,False,0.7,4.0,0,paraphrase_duplication,2,provenance,0.9032258064516129,0.9032258064516129,1,0,-1.165088769183636,1.4168550043302641,2.5819437735139,3.3875467741935483,8,16,True,,,True,True
s002_t0_h1_p0.7_l4_f0,2,0,1,False,0.7,4.0,0,paraphrase_duplication,4,flat,0.9032258064516129,0.5,1,0,-1.165088769183636,1.4168550043302641,2.5819437735139,0.0,32,32,True,,,True,True
s002_t0_h1_p0.7_l4_f0,2,0,1,False,0.7,4.0,0,paraphrase_duplication,4,trajectory_average,0.9032258064516129,0.9032,1,0,-1.165088769183636,1.4168550043302641,2.5819437735139,0.16794999999999993,8,32,True,,,True,True
s002_t0_h1_p0.7_l4_f0,2,0,1,False,0.7,4.0,0,paraphrase_duplication,4,exact_dedup,0.9032258064516129,0.9032,1,0,-1.165088769183636,1.4168550043302641,2.5819437735139,0.16795,32,32,True,,,True,True
s002_t0_h1_p0.7_l4_f0,2,0,1,False,0.7,4.0,0,paraphrase_duplication,4,semantic_dedup,0.9032258064516129,0.9032,1,0,-1.165088769183636,1.4168550043302641,2.5819437735139,0.16794999999999993,8,32,True,,,True,True
s002_t0_h1_p0.7_l4_f0,2,0,1,False,0.7,4.0,0,paraphrase_duplication,4,source_average,0.9032258064516129,0.9032258064516129,1,0,-1.165088769183636,1.4168550043302641,2.5819437735139,3.3875467741935483,8,32,True,,,True,True
s002_t0_h1_p0.7_l4_f0,2,0,1,False,0.7,4.0,0,paraphrase_duplication,4,belief_mixing,0.9032258064516129,0.9032258064516129,1,0,-1.165088769183636,1.4168550043302641,2.5819437735139,3.3875467741935483,8,32,True,,,True,True
s002_t0_h1_p0.7_l4_f0,2,0,1,False,0.7,4.0,0,paraphrase_duplication,4,provenance,0.9032258064516129,0.9032258064516129,1,0,-1.165088769183636,1.4168550043302641,2.5819437735139,3.3875467741935483,8,32,True,,,True,True
s002_t0_h1_p0.7_l4_f0,2,0,1,False,0.7,4.0,0,paraphrase_duplication,8,flat,0.9032258064516129,0.5,0,0,1.4168550043302641,1.4168550043302641,0.0,0.0,64,64,True,,,True,True
s002_t0_h1_p0.7_l4_f0,2,0,1,False,0.7,4.0,0,paraphrase_duplication,8,trajectory_average,0.9032258064516129,0.5,1,0,-1.165088769183636,1.4168550043302641,2.5819437735139,0.16795000000000004,8,64,True,,,True,True
s002_t0_h1_p0.7_l4_f0,2,0,1,False,0.7,4.0,0,paraphrase_duplication,8,exact_dedup,0.9032258064516129,0.5,1,0,-1.165088769183636,1.4168550043302641,2.5819437735139,0.16795,32,64,True,,,True,True
s002_t0_h1_p0.7_l4_f0,2,0,1,False,0.7,4.0,0,paraphrase_duplication,8,semantic_dedup,0.9032258064516129,0.5,1,0,-1.165088769183636,1.4168550043302641,2.5819437735139,0.16795000000000004,8,64,True,,,True,True
s002_t0_h1_p0.7_l4_f0,2,0,1,False,0.7,4.0,0,paraphrase_duplication,8,source_average,0.9032258064516129,0.9032258064516129,1,0,-1.165088769183636,1.4168550043302641,2.5819437735139,3.3875467741935483,8,64,True,,,True,True
s002_t0_h1_p0.7_l4_f0,2,0,1,False,0.7,4.0,0,paraphrase_duplication,8,belief_mixing,0.9032258064516129,0.9032258064516129,1,0,-1.165088769183636,1.4168550043302641,2.5819437735139,3.3875467741935483,8,64,True,,,True,True
s002_t0_h1_p0.7_l4_f0,2,0,1,False,0.7,4.0,0,paraphrase_duplication,8,provenance,0.9032258064516129,0.9032258064516129,1,0,-1.165088769183636,1.4168550043302641,2.5819437735139,3.3875467741935483,8,64,True,,,True,True
s002_t0_h1_p0.7_l4_f0,2,0,1,False,0.7,4.0,0,independent_rollout,1,flat,0.9032258064516129,0.7,1,0,-1.165088769183636,1.4168550043302641,2.5819437735139,0.0,8,8,True,,,True,True
s002_t0_h1_p0.7_l4_f0,2,0,1,False,0.7,4.0,0,independent_rollout,1,trajectory_average,0.9032258064516129,0.5,1,0,-1.165088769183636,1.4168550043302641,2.5819437735139,0.16794999999999993,8,8,True,,,True,True
s002_t0_h1_p0.7_l4_f0,2,0,1,False,0.7,4.0,0,independent_rollout,1,exact_dedup,0.9032258064516129,0.5,1,0,-1.165088769183636,1.4168550043302641,2.5819437735139,0.16794999999999993,8,8,True,,,True,True
s002_t0_h1_p0.7_l4_f0,2,0,1,False,0.7,4.0,0,independent_rollout,1,semantic_dedup,0.9032258064516129,0.5,1,0,-1.165088769183636,1.4168550043302641,2.5819437735139,0.16794999999999993,8,8,True,,,True,True
s002_t0_h1_p0.7_l4_f0,2,0,1,False,0.7,4.0,0,independent_rollout,1,source_average,0.9032258064516129,0.9032258064516129,1,0,-1.165088769183636,1.4168550043302641,2.5819437735139,3.3875467741935483,8,8,True,,,True,True
s002_t0_h1_p0.7_l4_f0,2,0,1,False,0.7,4.0,0,independent_rollout,1,belief_mixing,0.9032258064516129,0.9032258064516129,1,0,-1.165088769183636,1.4168550043302641,2.5819437735139,3.3875467741935483,8,8,True,,,True,True
s002_t0_h1_p0.7_l4_f0,2,0,1,False,0.7,4.0,0,independent_rollout,1,provenance,0.9032258064516129,0.9032258064516129,1,0,-1.165088769183636,1.4168550043302641,2.5819437735139,3.3875467741935483,8,8,True,,,True,True
s002_t0_h1_p0.7_l4_f0,2,0,1,False,0.7,4.0,0,independent_rollout,2,flat,0.9032258064516129,0.3,0,0,1.4168550043302641,1.4168550043302641,0.0,0.0,16,16,True,,,True,True
s002_t0_h1_p0.7_l4_f0,2,0,1,False,0.7,4.0,0,independent_rollout,2,trajectory_average,0.9032258064516129,0.5,1,0,-1.165088769183636,1.4168550043302641,2.5819437735139,0.11353750000000001,16,16,True,,,True,True
s002_t0_h1_p0.7_l4_f0,2,0,1,False,0.7,4.0,0,independent_rollout,2,exact_dedup,0.9032258064516129,0.5,1,0,-1.165088769183636,1.4168550043302641,2.5819437735139,0.11353750000000001,16,16,True,,,True,True
s002_t0_h1_p0.7_l4_f0,2,0,1,False,0.7,4.0,0,independent_rollout,2,semantic_dedup,0.9032258064516129,0.5,1,0,-1.165088769183636,1.4168550043302641,2.5819437735139,0.11353750000000001,16,16,True,,,True,True
s002_t0_h1_p0.7_l4_f0,2,0,1,False,0.7,4.0,0,independent_rollout,2,source_average,0.9032258064516129,0.9032258064516129,1,0,-1.165088769183636,1.4168550043302641,2.5819437735139,3.0003419354838705,16,16,True,,,True,True
s002_t0_h1_p0.7_l4_f0,2,0,1,False,0.7,4.0,0,independent_rollout,2,belief_mixing,0.9032258064516129,0.9032258064516129,1,0,-1.165088769183636,1.4168550043302641,2.5819437735139,3.0003419354838705,16,16,True,,,True,True
s002_t0_h1_p0.7_l4_f0,2,0,1,False,0.7,4.0,0,independent_rollout,2,provenance,0.9032258064516129,0.9032258064516129,1,0,-1.165088769183636,1.4168550043302641,2.5819437735139,3.0003419354838705,16,16,True,,,True,True
s002_t0_h1_p0.7_l4_f0,2,0,1,False,0.7,4.0,0,independent_rollout,4,flat,0.9032258064516129,0.3,0,0,1.4168550043302641,1.4168550043302641,0.0,0.0,32,32,True,,,True,True
s002_t0_h1_p0.7_l4_f0,2,0,1,False,0.7,4.0,0,independent_rollout,4,trajectory_average,0.9032258064516129,0.49999999999999994,1,0,-1.165088769183636,1.4168550043302641,2.5819437735139,0.3227875,32,32,True,,,True,True
s002_t0_h1_p0.7_l4_f0,2,0,1,False,0.7,4.0,0,independent_rollout,4,exact_dedup,0.9032258064516129,0.49999999999999994,1,0,-1.165088769183636,1.4168550043302641,2.5819437735139,0.3227875,32,32,True,,,True,True
s002_t0_h1_p0.7_l4_f0,2,0,1,False,0.7,4.0,0,independent_rollout,4,semantic_dedup,0.9032258064516129,0.49999999999999994,1,0,-1.165088769183636,1.4168550043302641,2.5819437735139,0.3227875,32,32,True,,,True,True
s002_t0_h1_p0.7_l4_f0,2,0,1,False,0.7,4.0,0,independent_rollout,4,source_average,0.9032258064516129,0.9032258064516129,1,0,-1.165088769183636,1.4168550043302641,2.5819437735139,2.7663358870967736,32,32,True,,,True,True
s002_t0_h1_p0.7_l4_f0,2,0,1,False,0.7,4.0,0,independent_rollout,4,belief_mixing,0.9032258064516129,0.9032258064516129,1,0,-1.165088769183636,1.4168550043302641,2.5819437735139,2.7663358870967736,32,32,True,,,True,True
s002_t0_h1_p0.7_l4_f0,2,0,1,False,0.7,4.0,0,independent_rollout,4,provenance,0.9032258064516129,0.9032258064516129,1,0,-1.165088769183636,1.4168550043302641,2.5819437735139,2.7663358870967736,32,32,True,,,True,True
s002_t0_h1_p0.7_l4_f0,2,0,1,False,0.7,4.0,0,independent_rollout,8,flat,0.9032258064516129,0.3,1,0,-1.165088769183636,1.4168550043302641,2.5819437735139,1.0,64,64,True,,,True,True
s002_t0_h1_p0.7_l4_f0,2,0,1,False,0.7,4.0,0,independent_rollout,8,trajectory_average,0.9032258064516129,0.5,1,0,-1.165088769183636,1.4168550043302641,2.5819437735139,0.0029343749999999613,64,64,True,,,True,True
s002_t0_h1_p0.7_l4_f0,2,0,1,False,0.7,4.0,0,independent_rollout,8,exact_dedup,0.9032258064516129,0.5,1,0,-1.165088769183636,1.4168550043302641,2.5819437735139,0.0029343749999999613,64,64,True,,,True,True
s002_t0_h1_p0.7_l4_f0,2,0,1,False,0.7,4.0,0,independent_rollout,8,semantic_dedup,0.9032258064516129,0.5,1,0,-1.165088769183636,1.4168550043302641,2.5819437735139,0.0029343749999999613,64,64,True,,,True,True
s002_t0_h1_p0.7_l4_f0,2,0,1,False,0.7,4.0,0,independent_rollout,8,source_average,0.9032258064516129,0.9032258064516129,1,0,-1.165088769183636,1.4168550043302641,2.5819437735139,2.1429822580645155,64,64,True,,,True,True
s002_t0_h1_p0.7_l4_f0,2,0,1,False,0.7,4.0,0,independent_rollout,8,belief_mixing,0.9032258064516129,0.9032258064516129,1,0,-1.165088769183636,1.4168550043302641,2.5819437735139,2.1429822580645155,64,64,True,,,True,True
s002_t0_h1_p0.7_l4_f0,2,0,1,False,0.7,4.0,0,independent_rollout,8,provenance,0.9032258064516129,0.9032258064516129,1,0,-1.165088769183636,1.4168550043302641,2.5819437735139,2.1429822580645155,64,64,True,,,True,True
s003_t1_h1_p0.3_l1.25_f1,3,1,1,True,0.3,1.25,1,pure_duplication,1,flat,0.3,0.3,0,1,0.9551714014392929,1.405603625129233,0.45043222368994007,0.0,8,8,True,,,True,True
s003_t1_h1_p0.3_l1.25_f1,3,1,1,True,0.3,1.25,1,pure_duplication,1,trajectory_average,0.3,0.3,1,1,1.405603625129233,1.405603625129233,0.0,1.726975,8,8,True,,,True,True
s003_t1_h1_p0.3_l1.25_f1,3,1,1,True,0.3,1.25,1,pure_duplication,1,exact_dedup,0.3,0.3,1,1,1.405603625129233,1.405603625129233,0.0,1.726975,8,8,True,,,True,True
s003_t1_h1_p0.3_l1.25_f1,3,1,1,True,0.3,1.25,1,pure_duplication,1,semantic_dedup,0.3,0.3,1,1,1.405603625129233,1.405603625129233,0.0,1.726975,8,8,True,,,True,True
s003_t1_h1_p0.3_l1.25_f1,3,1,1,True,0.3,1.25,1,pure_duplication,1,source_average,0.3,0.3,1,1,1.405603625129233,1.405603625129233,0.0,2.054565,8,8,True,,,True,True
s003_t1_h1_p0.3_l1.25_f1,3,1,1,True,0.3,1.25,1,pure_duplication,1,belief_mixing,0.3,0.3,1,1,1.405603625129233,1.405603625129233,0.0,2.054565,8,8,True,,,True,True
s003_t1_h1_p0.3_l1.25_f1,3,1,1,True,0.3,1.25,1,pure_duplication,1,provenance,0.3,0.3,1,1,1.405603625129233,1.405603625129233,0.0,2.054565,8,8,True,,,True,True
s003_t1_h1_p0.3_l1.25_f1,3,1,1,True,0.3,1.25,1,pure_duplication,2,flat,0.3,0.3,0,1,0.9551714014392929,1.405603625129233,0.45043222368994007,0.0,16,16,True,,,True,True
s003_t1_h1_p0.3_l1.25_f1,3,1,1,True,0.3,1.25,1,pure_duplication,2,trajectory_average,0.3,0.5,1,1,1.405603625129233,1.405603625129233,0.0,1.726975,8,16,True,,,True,True
s003_t1_h1_p0.3_l1.25_f1,3,1,1,True,0.3,1.25,1,pure_duplication,2,exact_dedup,0.3,0.5,1,1,1.405603625129233,1.405603625129233,0.0,1.726975,8,16,True,,,True,True
s003_t1_h1_p0.3_l1.25_f1,3,1,1,True,0.3,1.25,1,pure_duplication,2,semantic_dedup,0.3,0.5,1,1,1.405603625129233,1.405603625129233,0.0,1.726975,8,16,True,,,True,True
s003_t1_h1_p0.3_l1.25_f1,3,1,1,True,0.3,1.25,1,pure_duplication,2,source_average,0.3,0.3,1,1,1.405603625129233,1.405603625129233,0.0,2.054565,8,16,True,,,True,True
s003_t1_h1_p0.3_l1.25_f1,3,1,1,True,0.3,1.25,1,pure_duplication,2,belief_mixing,0.3,0.3,1,1,1.405603625129233,1.405603625129233,0.0,2.054565,8,16,True,,,True,True
s003_t1_h1_p0.3_l1.25_f1,3,1,1,True,0.3,1.25,1,pure_duplication,2,provenance,0.3,0.3,1,1,1.405603625129233,1.405603625129233,0.0,2.054565,8,16,True,,,True,True
s003_t1_h1_p0.3_l1.25_f1,3,1,1,True,0.3,1.25,1,pure_duplication,4,flat,0.3,0.3,1,1,1.405603625129233,1.405603625129233,0.0,0.0,32,32,True,,,True,True
s003_t1_h1_p0.3_l1.25_f1,3,1,1,True,0.3,1.25,1,pure_duplication,4,trajectory_average,0.3,0.49999999999999994,1,1,1.405603625129233,1.405603625129233,0.0,1.726975,8,32,True,,,True,True
s003_t1_h1_p0.3_l1.25_f1,3,1,1,True,0.3,1.25,1,pure_duplication,4,exact_dedup,0.3,0.5,1,1,1.405603625129233,1.405603625129233,0.0,1.726975,8,32,True,,,True,True
s003_t1_h1_p0.3_l1.25_f1,3,1,1,True,0.3,1.25,1,pure_duplication,4,semantic_dedup,0.3,0.5,1,1,1.405603625129233,1.405603625129233,0.0,1.726975,8,32,True,,,True,True
s003_t1_h1_p0.3_l1.25_f1,3,1,1,True,0.3,1.25,1,pure_duplication,4,source_average,0.3,0.3,1,1,1.405603625129233,1.405603625129233,0.0,2.054565,8,32,True,,,True,True
s003_t1_h1_p0.3_l1.25_f1,3,1,1,True,0.3,1.25,1,pure_duplication,4,belief_mixing,0.3,0.3,1,1,1.405603625129233,1.405603625129233,0.0,2.054565,8,32,True,,,True,True
s003_t1_h1_p0.3_l1.25_f1,3,1,1,True,0.3,1.25,1,pure_duplication,4,provenance,0.3,0.3,1,1,1.405603625129233,1.405603625129233,0.0,2.054565,8,32,True,,,True,True
s003_t1_h1_p0.3_l1.25_f1,3,1,1,True,0.3,1.25,1,pure_duplication,8,flat,0.3,0.3,0,1,0.9551714014392929,1.405603625129233,0.45043222368994007,0.7492,64,64,True,,,True,True
s003_t1_h1_p0.3_l1.25_f1,3,1,1,True,0.3,1.25,1,pure_duplication,8,trajectory_average,0.3,0.3,1,1,1.405603625129233,1.405603625129233,0.0,1.726975,8,64,True,,,True,True
s003_t1_h1_p0.3_l1.25_f1,3,1,1,True,0.3,1.25,1,pure_duplication,8,exact_dedup,0.3,0.3,1,1,1.405603625129233,1.405603625129233,0.0,1.726975,8,64,True,,,True,True
s003_t1_h1_p0.3_l1.25_f1,3,1,1,True,0.3,1.25,1,pure_duplication,8,semantic_dedup,0.3,0.3,1,1,1.405603625129233,1.405603625129233,0.0,1.726975,8,64,True,,,True,True
s003_t1_h1_p0.3_l1.25_f1,3,1,1,True,0.3,1.25,1,pure_duplication,8,source_average,0.3,0.3,1,1,1.405603625129233,1.405603625129233,0.0,2.054565,8,64,True,,,True,True
s003_t1_h1_p0.3_l1.25_f1,3,1,1,True,0.3,1.25,1,pure_duplication,8,belief_mixing,0.3,0.3,1,1,1.405603625129233,1.405603625129233,0.0,2.054565,8,64,True,,,True,True
s003_t1_h1_p0.3_l1.25_f1,3,1,1,True,0.3,1.25,1,pure_duplication,8,provenance,0.3,0.3,1,1,1.405603625129233,1.405603625129233,0.0,2.054565,8,64,True,,,True,True
s003_t1_h1_p0.3_l1.25_f1,3,1,1,True,0.3,1.25,1,paraphrase_duplication,1,flat,0.3,0.3,1,1,1.405603625129233,1.405603625129233,0.0,0.8370000000000001,8,8,True,,,True,True
s003_t1_h1_p0.3_l1.25_f1,3,1,1,True,0.3,1.25,1,paraphrase_duplication,1,trajectory_average,0.3,0.5,1,1,1.405603625129233,1.405603625129233,0.0,1.726975,8,8,True,,,True,True
s003_t1_h1_p0.3_l1.25_f1,3,1,1,True,0.3,1.25,1,paraphrase_duplication,1,exact_dedup,0.3,0.5,1,1,1.405603625129233,1.405603625129233,0.0,1.726975,8,8,True,,,True,True
s003_t1_h1_p0.3_l1.25_f1,3,1,1,True,0.3,1.25,1,paraphrase_duplication,1,semantic_dedup,0.3,0.5,1,1,1.405603625129233,1.405603625129233,0.0,1.726975,8,8,True,,,True,True
s003_t1_h1_p0.3_l1.25_f1,3,1,1,True,0.3,1.25,1,paraphrase_duplication,1,source_average,0.3,0.3,1,1,1.405603625129233,1.405603625129233,0.0,2.054565,8,8,True,,,True,True
s003_t1_h1_p0.3_l1.25_f1,3,1,1,True,0.3,1.25,1,paraphrase_duplication,1,belief_mixing,0.3,0.3,1,1,1.405603625129233,1.405603625129233,0.0,2.054565,8,8,True,,,True,True
s003_t1_h1_p0.3_l1.25_f1,3,1,1,True,0.3,1.25,1,paraphrase_duplication,1,provenance,0.3,0.3,1,1,1.405603625129233,1.405603625129233,0.0,2.054565,8,8,True,,,True,True
s003_t1_h1_p0.3_l1.25_f1,3,1,1,True,0.3,1.25,1,paraphrase_duplication,2,flat,0.3,0.3,0,1,0.9551714014392929,1.405603625129233,0.45043222368994007,0.0,16,16,True,,,True,True
s003_t1_h1_p0.3_l1.25_f1,3,1,1,True,0.3,1.25,1,paraphrase_duplication,2,trajectory_average,0.3,0.3,1,1,1.405603625129233,1.405603625129233,0.0,1.726975,8,16,True,,,True,True
s003_t1_h1_p0.3_l1.25_f1,3,1,1,True,0.3,1.25,1,paraphrase_duplication,2,exact_dedup,0.3,0.3,1,1,1.405603625129233,1.405603625129233,0.0,1.726975,16,16,True,,,True,True
s003_t1_h1_p0.3_l1.25_f1,3,1,1,True,0.3,1.25,1,paraphrase_duplication,2,semantic_dedup,0.3,0.3,1,1,1.405603625129233,1.405603625129233,0.0,1.726975,8,16,True,,,True,True
s003_t1_h1_p0.3_l1.25_f1,3,1,1,True,0.3,1.25,1,paraphrase_duplication,2,source_average,0.3,0.3,1,1,1.405603625129233,1.405603625129233,0.0,2.054565,8,16,True,,,True,True
s003_t1_h1_p0.3_l1.25_f1,3,1,1,True,0.3,1.25,1,paraphrase_duplication,2,belief_mixing,0.3,0.3,1,1,1.405603625129233,1.405603625129233,0.0,2.054565,8,16,True,,,True,True
s003_t1_h1_p0.3_l1.25_f1,3,1,1,True,0.3,1.25,1,paraphrase_duplication,2,provenance,0.3,0.3,1,1,1.405603625129233,1.405603625129233,0.0,2.054565,8,16,True,,,True,True
s003_t1_h1_p0.3_l1.25_f1,3,1,1,True,0.3,1.25,1,paraphrase_duplication,4,flat,0.3,0.3,1,1,1.405603625129233,1.405603625129233,0.0,1.1098,32,32,True,,,True,True
s003_t1_h1_p0.3_l1.25_f1,3,1,1,True,0.3,1.25,1,paraphrase_duplication,4,trajectory_average,0.3,0.5,1,1,1.405603625129233,1.405603625129233,0.0,1.726975,8,32,True,,,True,True
s003_t1_h1_p0.3_l1.25_f1,3,1,1,True,0.3,1.25,1,paraphrase_duplication,4,exact_dedup,0.3,0.5,1,1,1.405603625129233,1.405603625129233,0.0,1.726975,32,32,True,,,True,True
s003_t1_h1_p0.3_l1.25_f1,3,1,1,True,0.3,1.25,1,paraphrase_duplication,4,semantic_dedup,0.3,0.5,1,1,1.405603625129233,1.405603625129233,0.0,1.726975,8,32,True,,,True,True
s003_t1_h1_p0.3_l1.25_f1,3,1,1,True,0.3,1.25,1,paraphrase_duplication,4,source_average,0.3,0.3,1,1,1.405603625129233,1.405603625129233,0.0,2.054565,8,32,True,,,True,True
s003_t1_h1_p0.3_l1.25_f1,3,1,1,True,0.3,1.25,1,paraphrase_duplication,4,belief_mixing,0.3,0.3,1,1,1.405603625129233,1.405603625129233,0.0,2.054565,8,32,True,,,True,True
s003_t1_h1_p0.3_l1.25_f1,3,1,1,True,0.3,1.25,1,paraphrase_duplication,4,provenance,0.3,0.3,1,1,1.405603625129233,1.405603625129233,0.0,2.054565,8,32,True,,,True,True
s003_t1_h1_p0.3_l1.25_f1,3,1,1,True,0.3,1.25,1,paraphrase_duplication,8,flat,0.3,0.3,1,1,1.405603625129233,1.405603625129233,0.0,0.0,64,64,True,,,True,True
s003_t1_h1_p0.3_l1.25_f1,3,1,1,True,0.3,1.25,1,paraphrase_duplication,8,trajectory_average,0.3,0.5,1,1,1.405603625129233,1.405603625129233,0.0,1.726975,8,64,True,,,True,True
s003_t1_h1_p0.3_l1.25_f1,3,1,1,True,0.3,1.25,1,paraphrase_duplication,8,exact_dedup,0.3,0.5,1,1,1.405603625129233,1.405603625129233,0.0,1.726975,32,64,True,,,True,True
s003_t1_h1_p0.3_l1.25_f1,3,1,1,True,0.3,1.25,1,paraphrase_duplication,8,semantic_dedup,0.3,0.5,1,1,1.405603625129233,1.405603625129233,0.0,1.726975,8,64,True,,,True,True
s003_t1_h1_p0.3_l1.25_f1,3,1,1,True,0.3,1.25,1,paraphrase_duplication,8,source_average,0.3,0.3,1,1,1.405603625129233,1.405603625129233,0.0,2.054565,8,64,True,,,True,True
s003_t1_h1_p0.3_l1.25_f1,3,1,1,True,0.3,1.25,1,paraphrase_duplication,8,belief_mixing,0.3,0.3,1,1,1.405603625129233,1.405603625129233,0.0,2.054565,8,64,True,,,True,True
s003_t1_h1_p0.3_l1.25_f1,3,1,1,True,0.3,1.25,1,paraphrase_duplication,8,provenance,0.3,0.3,1,1,1.405603625129233,1.405603625129233,0.0,2.054565,8,64,True,,,True,True
s003_t1_h1_p0.3_l1.25_f1,3,1,1,True,0.3,1.25,1,independent_rollout,1,flat,0.3,0.3,1,1,1.405603625129233,1.405603625129233,0.0,0.0,8,8,True,,,True,True
s003_t1_h1_p0.3_l1.25_f1,3,1,1,True,0.3,1.25,1,independent_rollout,1,trajectory_average,0.3,0.5,1,1,1.405603625129233,1.405603625129233,0.0,1.726975,8,8,True,,,True,True
s003_t1_h1_p0.3_l1.25_f1,3,1,1,True,0.3,1.25,1,independent_rollout,1,exact_dedup,0.3,0.5,1,1,1.405603625129233,1.405603625129233,0.0,1.726975,8,8,True,,,True,True
s003_t1_h1_p0.3_l1.25_f1,3,1,1,True,0.3,1.25,1,independent_rollout,1,semantic_dedup,0.3,0.5,1,1,1.405603625129233,1.405603625129233,0.0,1.726975,8,8,True,,,True,True
s003_t1_h1_p0.3_l1.25_f1,3,1,1,True,0.3,1.25,1,independent_rollout,1,source_average,0.3,0.3,1,1,1.405603625129233,1.405603625129233,0.0,2.054565,8,8,True,,,True,True
s003_t1_h1_p0.3_l1.25_f1,3,1,1,True,0.3,1.25,1,independent_rollout,1,belief_mixing,0.3,0.3,1,1,1.405603625129233,1.405603625129233,0.0,2.054565,8,8,True,,,True,True
s003_t1_h1_p0.3_l1.25_f1,3,1,1,True,0.3,1.25,1,independent_rollout,1,provenance,0.3,0.3,1,1,1.405603625129233,1.405603625129233,0.0,2.054565,8,8,True,,,True,True
s003_t1_h1_p0.3_l1.25_f1,3,1,1,True,0.3,1.25,1,independent_rollout,2,flat,0.3,0.3,1,1,1.405603625129233,1.405603625129233,0.0,0.0,16,16,True,,,True,True
s003_t1_h1_p0.3_l1.25_f1,3,1,1,True,0.3,1.25,1,independent_rollout,2,trajectory_average,0.3,0.3,1,1,1.405603625129233,1.405603625129233,0.0,2.1205,16,16,True,,,True,True
s003_t1_h1_p0.3_l1.25_f1,3,1,1,True,0.3,1.25,1,independent_rollout,2,exact_dedup,0.3,0.3,1,1,1.405603625129233,1.405603625129233,0.0,2.1205,16,16,True,,,True,True
s003_t1_h1_p0.3_l1.25_f1,3,1,1,True,0.3,1.25,1,independent_rollout,2,semantic_dedup,0.3,0.3,1,1,1.405603625129233,1.405603625129233,0.0,2.1205,16,16,True,,,True,True
s003_t1_h1_p0.3_l1.25_f1,3,1,1,True,0.3,1.25,1,independent_rollout,2,source_average,0.3,0.3,1,1,1.405603625129233,1.405603625129233,0.0,2.3135899999999996,16,16,True,,,True,True
s003_t1_h1_p0.3_l1.25_f1,3,1,1,True,0.3,1.25,1,independent_rollout,2,belief_mixing,0.3,0.3,1,1,1.405603625129233,1.405603625129233,0.0,2.3135899999999996,16,16,True,,,True,True
s003_t1_h1_p0.3_l1.25_f1,3,1,1,True,0.3,1.25,1,independent_rollout,2,provenance,0.3,0.3,1,1,1.405603625129233,1.405603625129233,0.0,2.3135899999999996,16,16,True,,,True,True
s003_t1_h1_p0.3_l1.25_f1,3,1,1,True,0.3,1.25,1,independent_rollout,4,flat,0.3,0.3,1,1,1.405603625129233,1.405603625129233,0.0,0.0,32,32,True,,,True,True
s003_t1_h1_p0.3_l1.25_f1,3,1,1,True,0.3,1.25,1,independent_rollout,4,trajectory_average,0.3,0.3,1,1,1.405603625129233,1.405603625129233,0.0,1.90033125,32,32,True,,,True,True
s003_t1_h1_p0.3_l1.25_f1,3,1,1,True,0.3,1.25,1,independent_rollout,4,exact_dedup,0.3,0.3,1,1,1.405603625129233,1.405603625129233,0.0,1.90033125,32,32,True,,,True,True
s003_t1_h1_p0.3_l1.25_f1,3,1,1,True,0.3,1.25,1,independent_rollout,4,semantic_dedup,0.3,0.3,1,1,1.405603625129233,1.405603625129233,0.0,1.90033125,32,32,True,,,True,True
s003_t1_h1_p0.3_l1.25_f1,3,1,1,True,0.3,1.25,1,independent_rollout,4,source_average,0.3,0.3,1,1,1.405603625129233,1.405603625129233,0.0,2.34184375,32,32,True,,,True,True
s003_t1_h1_p0.3_l1.25_f1,3,1,1,True,0.3,1.25,1,independent_rollout,4,belief_mixing,0.3,0.3,1,1,1.405603625129233,1.405603625129233,0.0,2.34184375,32,32,True,,,True,True
s003_t1_h1_p0.3_l1.25_f1,3,1,1,True,0.3,1.25,1,independent_rollout,4,provenance,0.3,0.3,1,1,1.405603625129233,1.405603625129233,0.0,2.34184375,32,32,True,,,True,True
s003_t1_h1_p0.3_l1.25_f1,3,1,1,True,0.3,1.25,1,independent_rollout,8,flat,0.3,0.3,1,1,1.405603625129233,1.405603625129233,0.0,0.0,64,64,True,,,True,True
s003_t1_h1_p0.3_l1.25_f1,3,1,1,True,0.3,1.25,1,independent_rollout,8,trajectory_average,0.3,0.3,1,1,1.405603625129233,1.405603625129233,0.0,1.424184375,64,64,True,,,True,True
s003_t1_h1_p0.3_l1.25_f1,3,1,1,True,0.3,1.25,1,independent_rollout,8,exact_dedup,0.3,0.3,1,1,1.405603625129233,1.405603625129233,0.0,1.424184375,64,64,True,,,True,True
s003_t1_h1_p0.3_l1.25_f1,3,1,1,True,0.3,1.25,1,independent_rollout,8,semantic_dedup,0.3,0.3,1,1,1.405603625129233,1.405603625129233,0.0,1.424184375,64,64,True,,,True,True
s003_t1_h1_p0.3_l1.25_f1,3,1,1,True,0.3,1.25,1,independent_rollout,8,source_average,0.3,0.3,1,1,1.405603625129233,1.405603625129233,0.0,1.9623381249999998,64,64,True,,,True,True
s003_t1_h1_p0.3_l1.25_f1,3,1,1,True,0.3,1.25,1,independent_rollout,8,belief_mixing,0.3,0.3,1,1,1.405603625129233,1.405603625129233,0.0,1.9623381249999998,64,64,True,,,True,True
s003_t1_h1_p0.3_l1.25_f1,3,1,1,True,0.3,1.25,1,independent_rollout,8,provenance,0.3,0.3,1,1,1.405603625129233,1.405603625129233,0.0,1.9623381249999998,64,64,True,,,True,True
s004_t0_h0_p0.5_l2_f0,4,0,0,True,0.5,2.0,0,pure_duplication,1,flat,0.666667,0.666667,1,0,-1.6841521611909969,1.404103604505188,3.088255765696185,0.06990000000000007,8,8,True,,,True,True
s004_t0_h0_p0.5_l2_f0,4,0,0,True,0.5,2.0,0,pure_duplication,1,trajectory_average,0.666667,0.5,0,0,1.404103604505188,1.404103604505188,0.0,0.613475,8,8,True,,,True,True
s004_t0_h0_p0.5_l2_f0,4,0,0,True,0.5,2.0,0,pure_duplication,1,exact_dedup,0.666667,0.5,0,0,1.404103604505188,1.404103604505188,0.0,0.613475,8,8,True,,,True,True
s004_t0_h0_p0.5_l2_f0,4,0,0,True,0.5,2.0,0,pure_duplication,1,semantic_dedup,0.666667,0.5,0,0,1.404103604505188,1.404103604505188,0.0,0.613475,8,8,True,,,True,True
s004_t0_h0_p0.5_l2_f0,4,0,0,True,0.5,2.0,0,pure_duplication,1,source_average,0.666667,0.666667,0,0,1.404103604505188,1.404103604505188,0.0,1.52038514715,8,8,True,,,True,True
s004_t0_h0_p0.5_l2_f0,4,0,0,True,0.5,2.0,0,pure_duplication,1,belief_mixing,0.666667,0.666667,0,0,1.404103604505188,1.404103604505188,0.0,1.52038514715,8,8,True,,,True,True
s004_t0_h0_p0.5_l2_f0,4,0,0,True,0.5,2.0,0,pure_duplication,1,provenance,0.666667,0.666667,0,0,1.404103604505188,1.404103604505188,0.0,1.52038514715,8,8,True,,,True,True
s004_t0_h0_p0.5_l2_f0,4,0,0,True,0.5,2.0,0,pure_duplication,2,flat,0.666667,0.666667,0,0,1.404103604505188,1.404103604505188,0.0,0.4724,16,16,True,,,True,True
s004_t0_h0_p0.5_l2_f0,4,0,0,True,0.5,2.0,0,pure_duplication,2,trajectory_average,0.666667,0.5,0,0,1.404103604505188,1.404103604505188,0.0,0.613475,8,16,True,,,True,True
s004_t0_h0_p0.5_l2_f0,4,0,0,True,0.5,2.0,0,pure_duplication,2,exact_dedup,0.666667,0.5,0,0,1.404103604505188,1.404103604505188,0.0,0.613475,8,16,True,,,True,True
s004_t0_h0_p0.5_l2_f0,4,0,0,True,0.5,2.0,0,pure_duplication,2,semantic_dedup,0.666667,0.5,0,0,1.404103604505188,1.404103604505188,0.0,0.613475,8,16,True,,,True,True
s004_t0_h0_p0.5_l2_f0,4,0,0,True,0.5,2.0,0,pure_duplication,2,source_average,0.666667,0.666667,0,0,1.404103604505188,1.404103604505188,0.0,1.52038514715,8,16,True,,,True,True
s004_t0_h0_p0.5_l2_f0,4,0,0,True,0.5,2.0,0,pure_duplication,2,belief_mixing,0.666667,0.666667,0,0,1.404103604505188,1.404103604505188,0.0,1.52038514715,8,16,True,,,True,True
s004_t0_h0_p0.5_l2_f0,4,0,0,True,0.5,2.0,0,pure_duplication,2,provenance,0.666667,0.666667,0,0,1.404103604505188,1.404103604505188,0.0,1.52038514715,8,16,True,,,True,True
s004_t0_h0_p0.5_l2_f0,4,0,0,True,0.5,2.0,0,pure_duplication,4,flat,0.666667,0.666667,1,0,-1.6841521611909969,1.404103604505188,3.088255765696185,0.0,32,32,True,,,True,True
s004_t0_h0_p0.5_l2_f0,4,0,0,True,0.5,2.0,0,pure_duplication,4,trajectory_average,0.666667,0.5,0,0,1.404103604505188,1.404103604505188,0.0,0.6134750000000001,8,32,True,,,True,True
s004_t0_h0_p0.5_l2_f0,4,0,0,True,0.5,2.0,0,pure_duplication,4,exact_dedup,0.666667,0.5,0,0,1.404103604505188,1.404103604505188,0.0,0.6134750000000001,8,32,True,,,True,True
s004_t0_h0_p0.5_l2_f0,4,0,0,True,0.5,2.0,0,pure_duplication,4,semantic_dedup,0.666667,0.5,0,0,1.404103604505188,1.404103604505188,0.0,0.6134750000000001,8,32,True,,,True,True
s004_t0_h0_p0.5_l2_f0,4,0,0,True,0.5,2.0,0,pure_duplication,4,source_average,0.666667,0.666667,0,0,1.404103604505188,1.404103604505188,0.0,1.52038514715,8,32,True,,,True,True
s004_t0_h0_p0.5_l2_f0,4,0,0,True,0.5,2.0,0,pure_duplication,4,belief_mixing,0.666667,0.666667,0,0,1.404103604505188,1.404103604505188,0.0,1.52038514715,8,32,True,,,True,True
s004_t0_h0_p0.5_l2_f0,4,0,0,True,0.5,2.0,0,pure_duplication,4,provenance,0.666667,0.666667,0,0,1.404103604505188,1.404103604505188,0.0,1.52038514715,8,32,True,,,True,True
s004_t0_h0_p0.5_l2_f0,4,0,0,True,0.5,2.0,0,pure_duplication,8,flat,0.666667,0.666667,0,0,1.404103604505188,1.404103604505188,0.0,0.333334,64,64,True,,,True,True
s004_t0_h0_p0.5_l2_f0,4,0,0,True,0.5,2.0,0,pure_duplication,8,trajectory_average,0.666667,0.5,0,0,1.404103604505188,1.404103604505188,0.0,0.613475,8,64,True,,,True,True
s004_t0_h0_p0.5_l2_f0,4,0,0,True,0.5,2.0,0,pure_duplication,8,exact_dedup,0.666667,0.5,0,0,1.404103604505188,1.404103604505188,0.0,0.613475,8,64,True,,,True,True
s004_t0_h0_p0.5_l2_f0,4,0,0,True,0.5,2.0,0,pure_duplication,8,semantic_dedup,0.666667,0.5,0,0,1.404103604505188,1.404103604505188,0.0,0.613475,8,64,True,,,True,True
s004_t0_h0_p0.5_l2_f0,4,0,0,True,0.5,2.0,0,pure_duplication,8,source_average,0.666667,0.666667,0,0,1.404103604505188,1.404103604505188,0.0,1.52038514715,8,64,True,,,True,True
s004_t0_h0_p0.5_l2_f0,4,0,0,True,0.5,2.0,0,pure_duplication,8,belief_mixing,0.666667,0.666667,0,0,1.404103604505188,1.404103604505188,0.0,1.52038514715,8,64,True,,,True,True
s004_t0_h0_p0.5_l2_f0,4,0,0,True,0.5,2.0,0,pure_duplication,8,provenance,0.666667,0.666667,0,0,1.404103604505188,1.404103604505188,0.0,1.52038514715,8,64,True,,,True,True
s004_t0_h0_p0.5_l2_f0,4,0,0,True,0.5,2.0,0,paraphrase_duplication,1,flat,0.666667,0.666667,1,0,-1.6841521611909969,1.404103604505188,3.088255765696185,0.5556000000000001,8,8,True,,,True,True
s004_t0_h0_p0.5_l2_f0,4,0,0,True,0.5,2.0,0,paraphrase_duplication,1,trajectory_average,0.666667,0.5,0,0,1.404103604505188,1.404103604505188,0.0,0.613475,8,8,True,,,True,True
s004_t0_h0_p0.5_l2_f0,4,0,0,True,0.5,2.0,0,paraphrase_duplication,1,exact_dedup,0.666667,0.5,0,0,1.404103604505188,1.404103604505188,0.0,0.613475,8,8,True,,,True,True
s004_t0_h0_p0.5_l2_f0,4,0,0,True,0.5,2.0,0,paraphrase_duplication,1,semantic_dedup,0.666667,0.5,0,0,1.404103604505188,1.404103604505188,0.0,0.613475,8,8,True,,,True,True
s004_t0_h0_p0.5_l2_f0,4,0,0,True,0.5,2.0,0,paraphrase_duplication,1,source_average,0.666667,0.666667,0,0,1.404103604505188,1.404103604505188,0.0,1.52038514715,8,8,True,,,True,True
s004_t0_h0_p0.5_l2_f0,4,0,0,True,0.5,2.0,0,paraphrase_duplication,1,belief_mixing,0.666667,0.666667,0,0,1.404103604505188,1.404103604505188,0.0,1.52038514715,8,8,True,,,True,True
s004_t0_h0_p0.5_l2_f0,4,0,0,True,0.5,2.0,0,paraphrase_duplication,1,provenance,0.666667,0.666667,0,0,1.404103604505188,1.404103604505188,0.0,1.52038514715,8,8,True,,,True,True
s004_t0_h0_p0.5_l2_f0,4,0,0,True,0.5,2.0,0,paraphrase_duplication,2,flat,0.666667,0.666667,0,0,1.404103604505188,1.404103604505188,0.0,0.1907000000000001,16,16,True,,,True,True
s004_t0_h0_p0.5_l2_f0,4,0,0,True,0.5,2.0,0,paraphrase_duplication,2,trajectory_average,0.666667,0.5,0,0,1.404103604505188,1.404103604505188,0.0,0.613475,8,16,True,,,True,True
s004_t0_h0_p0.5_l2_f0,4,0,0,True,0.5,2.0,0,paraphrase_duplication,2,exact_dedup,0.666667,0.5,0,0,1.404103604505188,1.404103604505188,0.0,0.613475,16,16,True,,,True,True
s004_t0_h0_p0.5_l2_f0,4,0,0,True,0.5,2.0,0,paraphrase_duplication,2,semantic_dedup,0.666667,0.5,0,0,1.404103604505188,1.404103604505188,0.0,0.613475,8,16,True,,,True,True
s004_t0_h0_p0.5_l2_f0,4,0,0,True,0.5,2.0,0,paraphrase_duplication,2,source_average,0.666667,0.666667,0,0,1.404103604505188,1.404103604505188,0.0,1.52038514715,8,16,True,,,True,True
s004_t0_h0_p0.5_l2_f0,4,0,0,True,0.5,2.0,0,paraphrase_duplication,2,belief_mixing,0.666667,0.666667,0,0,1.404103604505188,1.404103604505188,0.0,1.52038514715,8,16,True,,,True,True
s004_t0_h0_p0.5_l2_f0,4,0,0,True,0.5,2.0,0,paraphrase_duplication,2,provenance,0.666667,0.666667,0,0,1.404103604505188,1.404103604505188,0.0,1.52038514715,8,16,True,,,True,True
s004_t0_h0_p0.5_l2_f0,4,0,0,True,0.5,2.0,0,paraphrase_duplication,4,flat,0.666667,0.666667,1,0,-1.6841521611909969,1.404103604505188,3.088255765696185,0.0,32,32,True,,,True,True
s004_t0_h0_p0.5_l2_f0,4,0,0,True,0.5,2.0,0,paraphrase_duplication,4,trajectory_average,0.666667,0.5,0,0,1.404103604505188,1.404103604505188,0.0,0.613475,8,32,True,,,True,True
s004_t0_h0_p0.5_l2_f0,4,0,0,True,0.5,2.0,0,paraphrase_duplication,4,exact_dedup,0.666667,0.5,0,0,1.404103604505188,1.404103604505188,0.0,0.613475,32,32,True,,,True,True
s004_t0_h0_p0.5_l2_f0,4,0,0,True,0.5,2.0,0,paraphrase_duplication,4,semantic_dedup,0.666667,0.5,0,0,1.404103604505188,1.404103604505188,0.0,0.613475,8,32,True,,,True,True
s004_t0_h0_p0.5_l2_f0,4,0,0,True,0.5,2.0,0,paraphrase_duplication,4,source_average,0.666667,0.666667,0,0,1.404103604505188,1.404103604505188,0.0,1.52038514715,8,32,True,,,True,True
s004_t0_h0_p0.5_l2_f0,4,0,0,True,0.5,2.0,0,paraphrase_duplication,4,belief_mixing,0.666667,0.666667,0,0,1.404103604505188,1.404103604505188,0.0,1.52038514715,8,32,True,,,True,True
s004_t0_h0_p0.5_l2_f0,4,0,0,True,0.5,2.0,0,paraphrase_duplication,4,provenance,0.666667,0.666667,0,0,1.404103604505188,1.404103604505188,0.0,1.52038514715,8,32,True,,,True,True
s004_t0_h0_p0.5_l2_f0,4,0,0,True,0.5,2.0,0,paraphrase_duplication,8,flat,0.666667,0.666667,0,0,1.404103604505188,1.404103604505188,0.0,0.666667,64,64,True,,,True,True
s004_t0_h0_p0.5_l2_f0,4,0,0,True,0.5,2.0,0,paraphrase_duplication,8,trajectory_average,0.666667,0.5,0,0,1.404103604505188,1.404103604505188,0.0,0.613475,8,64,True,,,True,True
s004_t0_h0_p0.5_l2_f0,4,0,0,True,0.5,2.0,0,paraphrase_duplication,8,exact_dedup,0.666667,0.5,0,0,1.404103604505188,1.404103604505188,0.0,0.613475,32,64,True,,,True,True
s004_t0_h0_p0.5_l2_f0,4,0,0,True,0.5,2.0,0,paraphrase_duplication,8,semantic_dedup,0.666667,0.5,0,0,1.404103604505188,1.404103604505188,0.0,0.613475,8,64,True,,,True,True
s004_t0_h0_p0.5_l2_f0,4,0,0,True,0.5,2.0,0,paraphrase_duplication,8,source_average,0.666667,0.666667,0,0,1.404103604505188,1.404103604505188,0.0,1.52038514715,8,64,True,,,True,True
s004_t0_h0_p0.5_l2_f0,4,0,0,True,0.5,2.0,0,paraphrase_duplication,8,belief_mixing,0.666667,0.666667,0,0,1.404103604505188,1.404103604505188,0.0,1.52038514715,8,64,True,,,True,True
s004_t0_h0_p0.5_l2_f0,4,0,0,True,0.5,2.0,0,paraphrase_duplication,8,provenance,0.666667,0.666667,0,0,1.404103604505188,1.404103604505188,0.0,1.52038514715,8,64,True,,,True,True
s004_t0_h0_p0.5_l2_f0,4,0,0,True,0.5,2.0,0,independent_rollout,1,flat,0.666667,0.666667,0,0,1.404103604505188,1.404103604505188,0.0,1.2939749999999999,8,8,True,,,True,True
s004_t0_h0_p0.5_l2_f0,4,0,0,True,0.5,2.0,0,independent_rollout,1,trajectory_average,0.666667,0.5,0,0,1.404103604505188,1.404103604505188,0.0,0.613475,8,8,True,,,True,True
s004_t0_h0_p0.5_l2_f0,4,0,0,True,0.5,2.0,0,independent_rollout,1,exact_dedup,0.666667,0.5,0,0,1.404103604505188,1.404103604505188,0.0,0.613475,8,8,True,,,True,True
s004_t0_h0_p0.5_l2_f0,4,0,0,True,0.5,2.0,0,independent_rollout,1,semantic_dedup,0.666667,0.5,0,0,1.404103604505188,1.404103604505188,0.0,0.613475,8,8,True,,,True,True
s004_t0_h0_p0.5_l2_f0,4,0,0,True,0.5,2.0,0,independent_rollout,1,source_average,0.666667,0.666667,0,0,1.404103604505188,1.404103604505188,0.0,1.52038514715,8,8,True,,,True,True
s004_t0_h0_p0.5_l2_f0,4,0,0,True,0.5,2.0,0,independent_rollout,1,belief_mixing,0.666667,0.666667,0,0,1.404103604505188,1.404103604505188,0.0,1.52038514715,8,8,True,,,True,True
s004_t0_h0_p0.5_l2_f0,4,0,0,True,0.5,2.0,0,independent_rollout,1,provenance,0.666667,0.666667,0,0,1.404103604505188,1.404103604505188,0.0,1.52038514715,8,8,True,,,True,True
s004_t0_h0_p0.5_l2_f0,4,0,0,True,0.5,2.0,0,independent_rollout,2,flat,0.666667,0.666667,0,0,1.404103604505188,1.404103604505188,0.0,1.1692,16,16,True,,,True,True
s004_t0_h0_p0.5_l2_f0,4,0,0,True,0.5,2.0,0,independent_rollout,2,trajectory_average,0.666667,0.666667,0,0,1.404103604505188,1.404103604505188,0.0,0.6661250000000001,16,16,True,,,True,True
s004_t0_h0_p0.5_l2_f0,4,0,0,True,0.5,2.0,0,independent_rollout,2,exact_dedup,0.666667,0.666667,0,0,1.404103604505188,1.404103604505188,0.0,0.6661250000000001,16,16,True,,,True,True
s004_t0_h0_p0.5_l2_f0,4,0,0,True,0.5,2.0,0,independent_rollout,2,semantic_dedup,0.666667,0.666667,0,0,1.404103604505188,1.404103604505188,0.0,0.6661250000000001,16,16,True,,,True,True
s004_t0_h0_p0.5_l2_f0,4,0,0,True,0.5,2.0,0,independent_rollout,2,source_average,0.666667,0.666667,0,0,1.404103604505188,1.404103604505188,0.0,1.85380237535,16,16,True,,,True,True
s004_t0_h0_p0.5_l2_f0,4,0,0,True,0.5,2.0,0,independent_rollout,2,belief_mixing,0.666667,0.666667,0,0,1.404103604505188,1.404103604505188,0.0,1.85380237535,16,16,True,,,True,True
s004_t0_h0_p0.5_l2_f0,4,0,0,True,0.5,2.0,0,independent_rollout,2,provenance,0.666667,0.666667,0,0,1.404103604505188,1.404103604505188,0.0,1.85380237535,16,16,True,,,True,True
s004_t0_h0_p0.5_l2_f0,4,0,0,True,0.5,2.0,0,independent_rollout,4,flat,0.666667,0.666667,0,0,1.404103604505188,1.404103604505188,0.0,1.75,32,32,True,,,True,True
s004_t0_h0_p0.5_l2_f0,4,0,0,True,0.5,2.0,0,independent_rollout,4,trajectory_average,0.666667,0.5,0,0,1.404103604505188,1.404103604505188,0.0,0.46388125,32,32,True,,,True,True
s004_t0_h0_p0.5_l2_f0,4,0,0,True,0.5,2.0,0,independent_rollout,4,exact_dedup,0.666667,0.5,0,0,1.404103604505188,1.404103604505188,0.0,0.46388125,32,32,True,,,True,True
s004_t0_h0_p0.5_l2_f0,4,0,0,True,0.5,2.0,0,independent_rollout,4,semantic_dedup,0.666667,0.5,0,0,1.404103604505188,1.404103604505188,0.0,0.46388125,32,32,True,,,True,True
s004_t0_h0_p0.5_l2_f0,4,0,0,True,0.5,2.0,0,independent_rollout,4,source_average,0.666667,0.666667,0,0,1.404103604505188,1.404103604505188,0.0,1.6842524407375001,32,32,True,,,True,True
s004_t0_h0_p0.5_l2_f0,4,0,0,True,0.5,2.0,0,independent_rollout,4,belief_mixing,0.666667,0.666667,0,0,1.404103604505188,1.404103604505188,0.0,1.6842524407375001,32,32,True,,,True,True
s004_t0_h0_p0.5_l2_f0,4,0,0,True,0.5,2.0,0,independent_rollout,4,provenance,0.666667,0.666667,0,0,1.404103604505188,1.404103604505188,0.0,1.6842524407375001,32,32,True,,,True,True
s004_t0_h0_p0.5_l2_f0,4,0,0,True,0.5,2.0,0,independent_rollout,8,flat,0.666667,0.666667,0,0,1.404103604505188,1.404103604505188,0.0,2.2521999999999998,64,64,True,,,True,True
s004_t0_h0_p0.5_l2_f0,4,0,0,True,0.5,2.0,0,independent_rollout,8,trajectory_average,0.666667,0.5,0,0,1.404103604505188,1.404103604505188,0.0,0.2737875,64,64,True,,,True,True
s004_t0_h0_p0.5_l2_f0,4,0,0,True,0.5,2.0,0,independent_rollout,8,exact_dedup,0.666667,0.5,0,0,1.404103604505188,1.404103604505188,0.0,0.2737875,64,64,True,,,True,True
s004_t0_h0_p0.5_l2_f0,4,0,0,True,0.5,2.0,0,independent_rollout,8,semantic_dedup,0.666667,0.5,0,0,1.404103604505188,1.404103604505188,0.0,0.2737875,64,64,True,,,True,True
s004_t0_h0_p0.5_l2_f0,4,0,0,True,0.5,2.0,0,independent_rollout,8,source_average,0.666667,0.666667,0,0,1.404103604505188,1.404103604505188,0.0,1.3686001062875002,64,64,True,,,True,True
s004_t0_h0_p0.5_l2_f0,4,0,0,True,0.5,2.0,0,independent_rollout,8,belief_mixing,0.666667,0.666667,0,0,1.404103604505188,1.404103604505188,0.0,1.3686001062875002,64,64,True,,,True,True
s004_t0_h0_p0.5_l2_f0,4,0,0,True,0.5,2.0,0,independent_rollout,8,provenance,0.666667,0.666667,0,0,1.404103604505188,1.404103604505188,0.0,1.3686001062875002,64,64,True,,,True,True
s005_t1_h0_p0.7_l4_f1,5,1,0,False,0.7,4.0,1,pure_duplication,1,flat,0.4828,0.3,0,0,0.47868407857555606,0.47868407857555606,0.0,1.2272,8,8,True,,,True,True
s005_t1_h0_p0.7_l4_f1,5,1,0,False,0.7,4.0,1,pure_duplication,1,trajectory_average,0.4828,0.5,0,0,0.47868407857555606,0.47868407857555606,0.0,1.857925,8,8,True,,,True,True
s005_t1_h0_p0.7_l4_f1,5,1,0,False,0.7,4.0,1,pure_duplication,1,exact_dedup,0.4828,0.5,0,0,0.47868407857555606,0.47868407857555606,0.0,1.857925,8,8,True,,,True,True
s005_t1_h0_p0.7_l4_f1,5,1,0,False,0.7,4.0,1,pure_duplication,1,semantic_dedup,0.4828,0.5,0,0,0.47868407857555606,0.47868407857555606,0.0,1.857925,8,8,True,,,True,True
s005_t1_h0_p0.7_l4_f1,5,1,0,False,0.7,4.0,1,pure_duplication,1,source_average,0.4828,0.4828,0,0,0.47868407857555606,0.47868407857555606,0.0,1.8448280599999998,8,8,True,,,True,True
s005_t1_h0_p0.7_l4_f1,5,1,0,False,0.7,4.0,1,pure_duplication,1,belief_mixing,0.4828,0.4828,0,0,0.47868407857555606,0.47868407857555606,0.0,1.8448280599999998,8,8,True,,,True,True
s005_t1_h0_p0.7_l4_f1,5,1,0,False,0.7,4.0,1,pure_duplication,1,provenance,0.4828,0.4828,0,0,0.47868407857555606,0.47868407857555606,0.0,1.8448280599999998,8,8,True,,,True,True
s005_t1_h0_p0.7_l4_f1,5,1,0,False,0.7,4.0,1,pure_duplication,2,flat,0.4828,0.3,0,0,0.47868407857555606,0.47868407857555606,0.0,1.2274,16,16,True,,,True,True
s005_t1_h0_p0.7_l4_f1,5,1,0,False,0.7,4.0,1,pure_duplication,2,trajectory_average,0.4828,0.5,0,0,0.47868407857555606,0.47868407857555606,0.0,1.8579250000000003,8,16,True,,,True,True
s005_t1_h0_p0.7_l4_f1,5,1,0,False,0.7,4.0,1,pure_duplication,2,exact_dedup,0.4828,0.5,0,0,0.47868407857555606,0.47868407857555606,0.0,1.8579250000000003,8,16,True,,,True,True
s005_t1_h0_p0.7_l4_f1,5,1,0,False,0.7,4.0,1,pure_duplication,2,semantic_dedup,0.4828,0.5,0,0,0.47868407857555606,0.47868407857555606,0.0,1.8579250000000003,8,16,True,,,True,True
s005_t1_h0_p0.7_l4_f1,5,1,0,False,0.7,4.0,1,pure_duplication,2,source_average,0.4828,0.4828,0,0,0.47868407857555606,0.47868407857555606,0.0,1.8448280599999998,8,16,True,,,True,True
s005_t1_h0_p0.7_l4_f1,5,1,0,False,0.7,4.0,1,pure_duplication,2,belief_mixing,0.4828,0.4828,0,0,0.47868407857555606,0.47868407857555606,0.0,1.8448280599999998,8,16,True,,,True,True
s005_t1_h0_p0.7_l4_f1,5,1,0,False,0.7,4.0,1,pure_duplication,2,provenance,0.4828,0.4828,0,0,0.47868407857555606,0.47868407857555606,0.0,1.8448280599999998,8,16,True,,,True,True
s005_t1_h0_p0.7_l4_f1,5,1,0,False,0.7,4.0,1,pure_duplication,4,flat,0.4828,0.7,0,0,0.47868407857555606,0.47868407857555606,0.0,0.9086000000000001,32,32,True,,,True,True
s005_t1_h0_p0.7_l4_f1,5,1,0,False,0.7,4.0,1,pure_duplication,4,trajectory_average,0.4828,0.5,0,0,0.47868407857555606,0.47868407857555606,0.0,1.8579249999999998,8,32,True,,,True,True
s005_t1_h0_p0.7_l4_f1,5,1,0,False,0.7,4.0,1,pure_duplication,4,exact_dedup,0.4828,0.5,0,0,0.47868407857555606,0.47868407857555606,0.0,1.8579249999999998,8,32,True,,,True,True
s005_t1_h0_p0.7_l4_f1,5,1,0,False,0.7,4.0,1,pure_duplication,4,semantic_dedup,0.4828,0.5,0,0,0.47868407857555606,0.47868407857555606,0.0,1.8579249999999998,8,32,True,,,True,True
s005_t1_h0_p0.7_l4_f1,5,1,0,False,0.7,4.0,1,pure_duplication,4,source_average,0.4828,0.4828,0,0,0.47868407857555606,0.47868407857555606,0.0,1.8448280599999998,8,32,True,,,True,True
s005_t1_h0_p0.7_l4_f1,5,1,0,False,0.7,4.0,1,pure_duplication,4,belief_mixing,0.4828,0.4828,0,0,0.47868407857555606,0.47868407857555606,0.0,1.8448280599999998,8,32,True,,,True,True
s005_t1_h0_p0.7_l4_f1,5,1,0,False,0.7,4.0,1,pure_duplication,4,provenance,0.4828,0.4828,0,0,0.47868407857555606,0.47868407857555606,0.0,1.8448280599999998,8,32,True,,,True,True
s005_t1_h0_p0.7_l4_f1,5,1,0,False,0.7,4.0,1,pure_duplication,8,flat,0.4828,0.3,0,0,0.47868407857555606,0.47868407857555606,0.0,1.2356,64,64,True,,,True,True
s005_t1_h0_p0.7_l4_f1,5,1,0,False,0.7,4.0,1,pure_duplication,8,trajectory_average,0.4828,0.49999999999999994,0,0,0.47868407857555606,0.47868407857555606,0.0,1.8579250000000003,8,64,True,,,True,True
s005_t1_h0_p0.7_l4_f1,5,1,0,False,0.7,4.0,1,pure_duplication,8,exact_dedup,0.4828,0.5,0,0,0.47868407857555606,0.47868407857555606,0.0,1.8579250000000003,8,64,True,,,True,True
s005_t1_h0_p0.7_l4_f1,5,1,0,False,0.7,4.0,1,pure_duplication,8,semantic_dedup,0.4828,0.5,0,0,0.47868407857555606,0.47868407857555606,0.0,1.8579250000000003,8,64,True,,,True,True
s005_t1_h0_p0.7_l4_f1,5,1,0,False,0.7,4.0,1,pure_duplication,8,source_average,0.4828,0.4828,0,0,0.47868407857555606,0.47868407857555606,0.0,1.8448280599999998,8,64,True,,,True,True
s005_t1_h0_p0.7_l4_f1,5,1,0,False,0.7,4.0,1,pure_duplication,8,belief_mixing,0.4828,0.4828,0,0,0.47868407857555606,0.47868407857555606,0.0,1.8448280599999998,8,64,True,,,True,True
s005_t1_h0_p0.7_l4_f1,5,1,0,False,0.7,4.0,1,pure_duplication,8,provenance,0.4828,0.4828,0,0,0.47868407857555606,0.47868407857555606,0.0,1.8448280599999998,8,64,True,,,True,True
s005_t1_h0_p0.7_l4_f1,5,1,0,False,0.7,4.0,1,paraphrase_duplication,1,flat,0.4828,0.9032,0,0,0.47868407857555606,0.47868407857555606,0.0,1.4746,8,8,True,,,True,True
s005_t1_h0_p0.7_l4_f1,5,1,0,False,0.7,4.0,1,paraphrase_duplication,1,trajectory_average,0.4828,0.5,0,0,0.47868407857555606,0.47868407857555606,0.0,1.857925,8,8,True,,,True,True
s005_t1_h0_p0.7_l4_f1,5,1,0,False,0.7,4.0,1,paraphrase_duplication,1,exact_dedup,0.4828,0.5,0,0,0.47868407857555606,0.47868407857555606,0.0,1.857925,8,8,True,,,True,True
s005_t1_h0_p0.7_l4_f1,5,1,0,False,0.7,4.0,1,paraphrase_duplication,1,semantic_dedup,0.4828,0.5,0,0,0.47868407857555606,0.47868407857555606,0.0,1.857925,8,8,True,,,True,True
s005_t1_h0_p0.7_l4_f1,5,1,0,False,0.7,4.0,1,paraphrase_duplication,1,source_average,0.4828,0.4828,0,0,0.47868407857555606,0.47868407857555606,0.0,1.8448280599999998,8,8,True,,,True,True
s005_t1_h0_p0.7_l4_f1,5,1,0,False,0.7,4.0,1,paraphrase_duplication,1,belief_mixing,0.4828,0.4828,0,0,0.47868407857555606,0.47868407857555606,0.0,1.8448280599999998,8,8,True,,,True,True
s005_t1_h0_p0.7_l4_f1,5,1,0,False,0.7,4.0,1,paraphrase_duplication,1,provenance,0.4828,0.4828,0,0,0.47868407857555606,0.47868407857555606,0.0,1.8448280599999998,8,8,True,,,True,True
s005_t1_h0_p0.7_l4_f1,5,1,0,False,0.7,4.0,1,paraphrase_duplication,2,flat,0.4828,0.3,0,0,0.47868407857555606,0.47868407857555606,0.0,1.0,16,16,True,,,True,True
s005_t1_h0_p0.7_l4_f1,5,1,0,False,0.7,4.0,1,paraphrase_duplication,2,trajectory_average,0.4828,0.9032,0,0,0.47868407857555606,0.47868407857555606,0.0,1.857925,8,16,True,,,True,True
s005_t1_h0_p0.7_l4_f1,5,1,0,False,0.7,4.0,1,paraphrase_duplication,2,exact_dedup,0.4828,0.9032,0,0,0.47868407857555606,0.47868407857555606,0.0,1.8579250000000003,16,16,True,,,True,True
s005_t1_h0_p0.7_l4_f1,5,1,0,False,0.7,4.0,1,paraphrase_duplication,2,semantic_dedup,0.4828,0.9032,0,0,0.47868407857555606,0.47868407857555606,0.0,1.857925,8,16,True,,,True,True
s005_t1_h0_p0.7_l4_f1,5,1,0,False,0.7,4.0,1,paraphrase_duplication,2,source_average,0.4828,0.4828,0,0,0.47868407857555606,0.47868407857555606,0.0,1.8448280599999998,8,16,True,,,True,True
s005_t1_h0_p0.7_l4_f1,5,1,0,False,0.7,4.0,1,paraphrase_duplication,2,belief_mixing,0.4828,0.4828,0,0,0.47868407857555606,0.47868407857555606,0.0,1.8448280599999998,8,16,True,,,True,True
s005_t1_h0_p0.7_l4_f1,5,1,0,False,0.7,4.0,1,paraphrase_duplication,2,provenance,0.4828,0.4828,0,0,0.47868407857555606,0.47868407857555606,0.0,1.8448280599999998,8,16,True,,,True,True
s005_t1_h0_p0.7_l4_f1,5,1,0,False,0.7,4.0,1,paraphrase_duplication,4,flat,0.4828,0.3,0,0,0.47868407857555606,0.47868407857555606,0.0,1.2177,32,32,True,,,True,True
s005_t1_h0_p0.7_l4_f1,5,1,0,False,0.7,4.0,1,paraphrase_duplication,4,trajectory_average,0.4828,0.9032,0,0,0.47868407857555606,0.47868407857555606,0.0,1.8579249999999998,8,32,True,,,True,True
s005_t1_h0_p0.7_l4_f1,5,1,0,False,0.7,4.0,1,paraphrase_duplication,4,exact_dedup,0.4828,0.9032,0,0,0.47868407857555606,0.47868407857555606,0.0,1.8579250000000003,32,32,True,,,True,True
s005_t1_h0_p0.7_l4_f1,5,1,0,False,0.7,4.0,1,paraphrase_duplication,4,semantic_dedup,0.4828,0.9032,0,0,0.47868407857555606,0.47868407857555606,0.0,1.8579249999999998,8,32,True,,,True,True
s005_t1_h0_p0.7_l4_f1,5,1,0,False,0.7,4.0,1,paraphrase_duplication,4,source_average,0.4828,0.4828,0,0,0.47868407857555606,0.47868407857555606,0.0,1.8448280599999998,8,32,True,,,True,True
s005_t1_h0_p0.7_l4_f1,5,1,0,False,0.7,4.0,1,paraphrase_duplication,4,belief_mixing,0.4828,0.4828,0,0,0.47868407857555606,0.47868407857555606,0.0,1.8448280599999998,8,32,True,,,True,True
s005_t1_h0_p0.7_l4_f1,5,1,0,False,0.7,4.0,1,paraphrase_duplication,4,provenance,0.4828,0.4828,0,0,0.47868407857555606,0.47868407857555606,0.0,1.8448280599999998,8,32,True,,,True,True
s005_t1_h0_p0.7_l4_f1,5,1,0,False,0.7,4.0,1,paraphrase_duplication,8,flat,0.4828,0.3,0,0,0.47868407857555606,0.47868407857555606,0.0,1.2194,64,64,True,,,True,True
s005_t1_h0_p0.7_l4_f1,5,1,0,False,0.7,4.0,1,paraphrase_duplication,8,trajectory_average,0.4828,0.5,0,0,0.47868407857555606,0.47868407857555606,0.0,1.8579249999999998,8,64,True,,,True,True
s005_t1_h0_p0.7_l4_f1,5,1,0,False,0.7,4.0,1,paraphrase_duplication,8,exact_dedup,0.4828,0.49999999999999994,0,0,0.47868407857555606,0.47868407857555606,0.0,1.8579250000000003,32,64,True,,,True,True
s005_t1_h0_p0.7_l4_f1,5,1,0,False,0.7,4.0,1,paraphrase_duplication,8,semantic_dedup,0.4828,0.5,0,0,0.47868407857555606,0.47868407857555606,0.0,1.8579249999999998,8,64,True,,,True,True
s005_t1_h0_p0.7_l4_f1,5,1,0,False,0.7,4.0,1,paraphrase_duplication,8,source_average,0.4828,0.4828,0,0,0.47868407857555606,0.47868407857555606,0.0,1.8448280599999998,8,64,True,,,True,True
s005_t1_h0_p0.7_l4_f1,5,1,0,False,0.7,4.0,1,paraphrase_duplication,8,belief_mixing,0.4828,0.4828,0,0,0.47868407857555606,0.47868407857555606,0.0,1.8448280599999998,8,64,True,,,True,True
s005_t1_h0_p0.7_l4_f1,5,1,0,False,0.7,4.0,1,paraphrase_duplication,8,provenance,0.4828,0.4828,0,0,0.47868407857555606,0.47868407857555606,0.0,1.8448280599999998,8,64,True,,,True,True
s005_t1_h0_p0.7_l4_f1,5,1,0,False,0.7,4.0,1,independent_rollout,1,flat,0.4828,0.3,0,0,0.47868407857555606,0.47868407857555606,0.0,1.1846,8,8,True,,,True,True
s005_t1_h0_p0.7_l4_f1,5,1,0,False,0.7,4.0,1,independent_rollout,1,trajectory_average,0.4828,0.5,0,0,0.47868407857555606,0.47868407857555606,0.0,1.857925,8,8,True,,,True,True
s005_t1_h0_p0.7_l4_f1,5,1,0,False,0.7,4.0,1,independent_rollout,1,exact_dedup,0.4828,0.5,0,0,0.47868407857555606,0.47868407857555606,0.0,1.857925,8,8,True,,,True,True
s005_t1_h0_p0.7_l4_f1,5,1,0,False,0.7,4.0,1,independent_rollout,1,semantic_dedup,0.4828,0.5,0,0,0.47868407857555606,0.47868407857555606,0.0,1.857925,8,8,True,,,True,True
s005_t1_h0_p0.7_l4_f1,5,1,0,False,0.7,4.0,1,independent_rollout,1,source_average,0.4828,0.4828,0,0,0.47868407857555606,0.47868407857555606,0.0,1.8448280599999998,8,8,True,,,True,True
s005_t1_h0_p0.7_l4_f1,5,1,0,False,0.7,4.0,1,independent_rollout,1,belief_mixing,0.4828,0.4828,0,0,0.47868407857555606,0.47868407857555606,0.0,1.8448280599999998,8,8,True,,,True,True
s005_t1_h0_p0.7_l4_f1,5,1,0,False,0.7,4.0,1,independent_rollout,1,provenance,0.4828,0.4828,0,0,0.47868407857555606,0.47868407857555606,0.0,1.8448280599999998,8,8,True,,,True,True
s005_t1_h0_p0.7_l4_f1,5,1,0,False,0.7,4.0,1,independent_rollout,2,flat,0.4828,0.3,0,0,0.47868407857555606,0.47868407857555606,0.0,1.21706,16,16,True,,,True,True
s005_t1_h0_p0.7_l4_f1,5,1,0,False,0.7,4.0,1,independent_rollout,2,trajectory_average,0.4828,0.9032,0,0,0.47868407857555606,0.47868407857555606,0.0,1.98035,16,16,True,,,True,True
s005_t1_h0_p0.7_l4_f1,5,1,0,False,0.7,4.0,1,independent_rollout,2,exact_dedup,0.4828,0.9032,0,0,0.47868407857555606,0.47868407857555606,0.0,1.98035,16,16,True,,,True,True
s005_t1_h0_p0.7_l4_f1,5,1,0,False,0.7,4.0,1,independent_rollout,2,semantic_dedup,0.4828,0.9032,0,0,0.47868407857555606,0.47868407857555606,0.0,1.98035,16,16,True,,,True,True
s005_t1_h0_p0.7_l4_f1,5,1,0,False,0.7,4.0,1,independent_rollout,2,source_average,0.4828,0.4828,0,0,0.47868407857555606,0.47868407857555606,0.0,1.9632402999999998,16,16,True,,,True,True
s005_t1_h0_p0.7_l4_f1,5,1,0,False,0.7,4.0,1,independent_rollout,2,belief_mixing,0.4828,0.4828,0,0,0.47868407857555606,0.47868407857555606,0.0,1.9632402999999998,16,16,True,,,True,True
s005_t1_h0_p0.7_l4_f1,5,1,0,False,0.7,4.0,1,independent_rollout,2,provenance,0.4828,0.4828,0,0,0.47868407857555606,0.47868407857555606,0.0,1.9632402999999998,16,16,True,,,True,True
s005_t1_h0_p0.7_l4_f1,5,1,0,False,0.7,4.0,1,independent_rollout,4,flat,0.4828,0.3,0,0,0.47868407857555606,0.47868407857555606,0.0,1.8842,32,32,True,,,True,True
s005_t1_h0_p0.7_l4_f1,5,1,0,False,0.7,4.0,1,independent_rollout,4,trajectory_average,0.4828,0.9032,0,0,0.47868407857555606,0.47868407857555606,0.0,1.4319000000000002,32,32,True,,,True,True
s005_t1_h0_p0.7_l4_f1,5,1,0,False,0.7,4.0,1,independent_rollout,4,exact_dedup,0.4828,0.9032,0,0,0.47868407857555606,0.47868407857555606,0.0,1.4319000000000002,32,32,True,,,True,True
s005_t1_h0_p0.7_l4_f1,5,1,0,False,0.7,4.0,1,independent_rollout,4,semantic_dedup,0.4828,0.9032,0,0,0.47868407857555606,0.47868407857555606,0.0,1.4319000000000002,32,32,True,,,True,True
s005_t1_h0_p0.7_l4_f1,5,1,0,False,0.7,4.0,1,independent_rollout,4,source_average,0.4828,0.4828,0,0,0.47868407857555606,0.47868407857555606,0.0,1.3907133100000002,32,32,True,,,True,True
s005_t1_h0_p0.7_l4_f1,5,1,0,False,0.7,4.0,1,independent_rollout,4,belief_mixing,0.4828,0.4828,0,0,0.47868407857555606,0.47868407857555606,0.0,1.3907133100000002,32,32,True,,,True,True
s005_t1_h0_p0.7_l4_f1,5,1,0,False,0.7,4.0,1,independent_rollout,4,provenance,0.4828,0.4828,0,0,0.47868407857555606,0.47868407857555606,0.0,1.3907133100000002,32,32,True,,,True,True
s005_t1_h0_p0.7_l4_f1,5,1,0,False,0.7,4.0,1,independent_rollout,8,flat,0.4828,0.3,0,0,0.47868407857555606,0.47868407857555606,0.0,1.0,64,64,True,,,True,True
s005_t1_h0_p0.7_l4_f1,5,1,0,False,0.7,4.0,1,independent_rollout,8,trajectory_average,0.4828,0.5,0,0,0.47868407857555606,0.47868407857555606,0.0,1.361846875,64,64,True,,,True,True
s005_t1_h0_p0.7_l4_f1,5,1,0,False,0.7,4.0,1,independent_rollout,8,exact_dedup,0.4828,0.5,0,0,0.47868407857555606,0.47868407857555606,0.0,1.361846875,64,64,True,,,True,True
s005_t1_h0_p0.7_l4_f1,5,1,0,False,0.7,4.0,1,independent_rollout,8,semantic_dedup,0.4828,0.5,0,0,0.47868407857555606,0.47868407857555606,0.0,1.361846875,64,64,True,,,True,True
s005_t1_h0_p0.7_l4_f1,5,1,0,False,0.7,4.0,1,independent_rollout,8,source_average,0.4828,0.4828,0,0,0.47868407857555606,0.47868407857555606,0.0,1.3462225024999999,64,64,True,,,True,True
s005_t1_h0_p0.7_l4_f1,5,1,0,False,0.7,4.0,1,independent_rollout,8,belief_mixing,0.4828,0.4828,0,0,0.47868407857555606,0.47868407857555606,0.0,1.3462225024999999,64,64,True,,,True,True
s005_t1_h0_p0.7_l4_f1,5,1,0,False,0.7,4.0,1,independent_rollout,8,provenance,0.4828,0.4828,0,0,0.47868407857555606,0.47868407857555606,0.0,1.3462225024999999,64,64,True,,,True,True
s006_t0_h1_p0.3_l1.25_f0,6,0,1,False,0.3,1.25,0,pure_duplication,1,flat,0.461538,0.3,1,0,-1.6632824289264854,1.5257796755205262,3.1890621044470118,0.0,8,8,True,,,True,True
s006_t0_h1_p0.3_l1.25_f0,6,0,1,False,0.3,1.25,0,pure_duplication,1,trajectory_average,0.461538,0.3,1,0,-1.6632824289264854,1.5257796755205262,3.1890621044470118,1.673475,8,8,True,,,True,True
s006_t0_h1_p0.3_l1.25_f0,6,0,1,False,0.3,1.25,0,pure_duplication,1,exact_dedup,0.461538,0.3,1,0,-1.6632824289264854,1.5257796755205262,3.1890621044470118,1.673475,8,8,True,,,True,True
s006_t0_h1_p0.3_l1.25_f0,6,0,1,False,0.3,1.25,0,pure_duplication,1,semantic_dedup,0.461538,0.3,1,0,-1.6632824289264854,1.5257796755205262,3.1890621044470118,1.673475,8,8,True,,,True,True
s006_t0_h1_p0.3_l1.25_f0,6,0,1,False,0.3,1.25,0,pure_duplication,1,source_average,0.461538,0.461538,1,0,-1.6632824289264854,1.5257796755205262,3.1890621044470118,1.5517023849,8,8,True,,,True,True
s006_t0_h1_p0.3_l1.25_f0,6,0,1,False,0.3,1.25,0,pure_duplication,1,belief_mixing,0.461538,0.461538,1,0,-1.6632824289264854,1.5257796755205262,3.1890621044470118,1.5517023849,8,8,True,,,True,True
s006_t0_h1_p0.3_l1.25_f0,6,0,1,False,0.3,1.25,0,pure_duplication,1,provenance,0.461538,0.461538,1,0,-1.6632824289264854,1.5257796755205262,3.1890621044470118,1.5517023849,8,8,True,,,True,True
s006_t0_h1_p0.3_l1.25_f0,6,0,1,False,0.3,1.25,0,pure_duplication,2,flat,0.461538,0.3,1,0,-1.6632824289264854,1.5257796755205262,3.1890621044470118,0.0,16,16,True,,,True,True
s006_t0_h1_p0.3_l1.25_f0,6,0,1,False,0.3,1.25,0,pure_duplication,2,trajectory_average,0.461538,0.3,1,0,-1.6632824289264854,1.5257796755205262,3.1890621044470118,1.6734749999999998,8,16,True,,,True,True
s006_t0_h1_p0.3_l1.25_f0,6,0,1,False,0.3,1.25,0,pure_duplication,2,exact_dedup,0.461538,0.3,1,0,-1.6632824289264854,1.5257796755205262,3.1890621044470118,1.6734749999999998,8,16,True,,,True,True
s006_t0_h1_p0.3_l1.25_f0,6,0,1,False,0.3,1.25,0,pure_duplication,2,semantic_dedup,0.461538,0.3,1,0,-1.6632824289264854,1.5257796755205262,3.1890621044470118,1.6734749999999998,8,16,True,,,True,True
s006_t0_h1_p0.3_l1.25_f0,6,0,1,False,0.3,1.25,0,pure_duplication,2,source_average,0.461538,0.461538,1,0,-1.6632824289264854,1.5257796755205262,3.1890621044470118,1.5517023849,8,16,True,,,True,True
s006_t0_h1_p0.3_l1.25_f0,6,0,1,False,0.3,1.25,0,pure_duplication,2,belief_mixing,0.461538,0.461538,1,0,-1.6632824289264854,1.5257796755205262,3.1890621044470118,1.5517023849,8,16,True,,,True,True
s006_t0_h1_p0.3_l1.25_f0,6,0,1,False,0.3,1.25,0,pure_duplication,2,provenance,0.461538,0.461538,1,0,-1.6632824289264854,1.5257796755205262,3.1890621044470118,1.5517023849,8,16,True,,,True,True
s006_t0_h1_p0.3_l1.25_f0,6,0,1,False,0.3,1.25,0,pure_duplication,4,flat,0.461538,0.3,1,0,-1.6632824289264854,1.5257796755205262,3.1890621044470118,0.0,32,32,True,,,True,True
s006_t0_h1_p0.3_l1.25_f0,6,0,1,False,0.3,1.25,0,pure_duplication,4,trajectory_average,0.461538,0.49999999999999994,1,0,-1.6632824289264854,1.5257796755205262,3.1890621044470118,1.6734749999999998,8,32,True,,,True,True
s006_t0_h1_p0.3_l1.25_f0,6,0,1,False,0.3,1.25,0,pure_duplication,4,exact_dedup,0.461538,0.5,1,0,-1.6632824289264854,1.5257796755205262,3.1890621044470118,1.6734749999999998,8,32,True,,,True,True
s006_t0_h1_p0.3_l1.25_f0,6,0,1,False,0.3,1.25,0,pure_duplication,4,semantic_dedup,0.461538,0.5,1,0,-1.6632824289264854,1.5257796755205262,3.1890621044470118,1.6734749999999998,8,32,True,,,True,True
s006_t0_h1_p0.3_l1.25_f0,6,0,1,False,0.3,1.25,0,pure_duplication,4,source_average,0.461538,0.461538,1,0,-1.6632824289264854,1.5257796755205262,3.1890621044470118,1.5517023849,8,32,True,,,True,True
s006_t0_h1_p0.3_l1.25_f0,6,0,1,False,0.3,1.25,0,pure_duplication,4,belief_mixing,0.461538,0.461538,1,0,-1.6632824289264854,1.5257796755205262,3.1890621044470118,1.5517023849,8,32,True,,,True,True
s006_t0_h1_p0.3_l1.25_f0,6,0,1,False,0.3,1.25,0,pure_duplication,4,provenance,0.461538,0.461538,1,0,-1.6632824289264854,1.5257796755205262,3.1890621044470118,1.5517023849,8,32,True,,,True,True
s006_t0_h1_p0.3_l1.25_f0,6,0,1,False,0.3,1.25,0,pure_duplication,8,flat,0.461538,0.3,1,0,-1.6632824289264854,1.5257796755205262,3.1890621044470118,0.0,64,64,True,,,True,True
s006_t0_h1_p0.3_l1.25_f0,6,0,1,False,0.3,1.25,0,pure_duplication,8,trajectory_average,0.461538,0.3,1,0,-1.6632824289264854,1.5257796755205262,3.1890621044470118,1.6734749999999998,8,64,True,,,True,True
s006_t0_h1_p0.3_l1.25_f0,6,0,1,False,0.3,1.25,0,pure_duplication,8,exact_dedup,0.461538,0.3,1,0,-1.6632824289264854,1.5257796755205262,3.1890621044470118,1.6734749999999998,8,64,True,,,True,True
s006_t0_h1_p0.3_l1.25_f0,6,0,1,False,0.3,1.25,0,pure_duplication,8,semantic_dedup,0.461538,0.3,1,0,-1.6632824289264854,1.5257796755205262,3.1890621044470118,1.6734749999999998,8,64,True,,,True,True
s006_t0_h1_p0.3_l1.25_f0,6,0,1,False,0.3,1.25,0,pure_duplication,8,source_average,0.461538,0.461538,1,0,-1.6632824289264854,1.5257796755205262,3.1890621044470118,1.5517023849,8,64,True,,,True,True
s006_t0_h1_p0.3_l1.25_f0,6,0,1,False,0.3,1.25,0,pure_duplication,8,belief_mixing,0.461538,0.461538,1,0,-1.6632824289264854,1.5257796755205262,3.1890621044470118,1.5517023849,8,64,True,,,True,True
s006_t0_h1_p0.3_l1.25_f0,6,0,1,False,0.3,1.25,0,pure_duplication,8,provenance,0.461538,0.461538,1,0,-1.6632824289264854,1.5257796755205262,3.1890621044470118,1.5517023849,8,64,True,,,True,True
s006_t0_h1_p0.3_l1.25_f0,6,0,1,False,0.3,1.25,0,paraphrase_duplication,1,flat,0.461538,0.3,1,0,-1.6632824289264854,1.5257796755205262,3.1890621044470118,0.0,8,8,True,,,True,True
s006_t0_h1_p0.3_l1.25_f0,6,0,1,False,0.3,1.25,0,paraphrase_duplication,1,trajectory_average,0.461538,0.5,1,0,-1.6632824289264854,1.5257796755205262,3.1890621044470118,1.6734749999999998,8,8,True,,,True,True
s006_t0_h1_p0.3_l1.25_f0,6,0,1,False,0.3,1.25,0,paraphrase_duplication,1,exact_dedup,0.461538,0.5,1,0,-1.6632824289264854,1.5257796755205262,3.1890621044470118,1.6734749999999998,8,8,True,,,True,True
s006_t0_h1_p0.3_l1.25_f0,6,0,1,False,0.3,1.25,0,paraphrase_duplication,1,semantic_dedup,0.461538,0.5,1,0,-1.6632824289264854,1.5257796755205262,3.1890621044470118,1.6734749999999998,8,8,True,,,True,True
s006_t0_h1_p0.3_l1.25_f0,6,0,1,False,0.3,1.25,0,paraphrase_duplication,1,source_average,0.461538,0.461538,1,0,-1.6632824289264854,1.5257796755205262,3.1890621044470118,1.5517023849,8,8,True,,,True,True
s006_t0_h1_p0.3_l1.25_f0,6,0,1,False,0.3,1.25,0,paraphrase_duplication,1,belief_mixing,0.461538,0.461538,1,0,-1.6632824289264854,1.5257796755205262,3.1890621044470118,1.5517023849,8,8,True,,,True,True
s006_t0_h1_p0.3_l1.25_f0,6,0,1,False,0.3,1.25,0,paraphrase_duplication,1,provenance,0.461538,0.461538,1,0,-1.6632824289264854,1.5257796755205262,3.1890621044470118,1.5517023849,8,8,True,,,True,True
s006_t0_h1_p0.3_l1.25_f0,6,0,1,False,0.3,1.25,0,paraphrase_duplication,2,flat,0.461538,0.3,1,0,-1.6632824289264854,1.5257796755205262,3.1890621044470118,0.0,16,16,True,,,True,True
s006_t0_h1_p0.3_l1.25_f0,6,0,1,False,0.3,1.25,0,paraphrase_duplication,2,trajectory_average,0.461538,0.5,1,0,-1.6632824289264854,1.5257796755205262,3.1890621044470118,1.6734750000000003,8,16,True,,,True,True
s006_t0_h1_p0.3_l1.25_f0,6,0,1,False,0.3,1.25,0,paraphrase_duplication,2,exact_dedup,0.461538,0.5,1,0,-1.6632824289264854,1.5257796755205262,3.1890621044470118,1.6734749999999998,16,16,True,,,True,True
s006_t0_h1_p0.3_l1.25_f0,6,0,1,False,0.3,1.25,0,paraphrase_duplication,2,semantic_dedup,0.461538,0.5,1,0,-1.6632824289264854,1.5257796755205262,3.1890621044470118,1.6734750000000003,8,16,True,,,True,True
s006_t0_h1_p0.3_l1.25_f0,6,0,1,False,0.3,1.25,0,paraphrase_duplication,2,source_average,0.461538,0.461538,1,0,-1.6632824289264854,1.5257796755205262,3.1890621044470118,1.5517023849,8,16,True,,,True,True
s006_t0_h1_p0.3_l1.25_f0,6,0,1,False,0.3,1.25,0,paraphrase_duplication,2,belief_mixing,0.461538,0.461538,1,0,-1.6632824289264854,1.5257796755205262,3.1890621044470118,1.5517023849,8,16,True,,,True,True
s006_t0_h1_p0.3_l1.25_f0,6,0,1,False,0.3,1.25,0,paraphrase_duplication,2,provenance,0.461538,0.461538,1,0,-1.6632824289264854,1.5257796755205262,3.1890621044470118,1.5517023849,8,16,True,,,True,True
s006_t0_h1_p0.3_l1.25_f0,6,0,1,False,0.3,1.25,0,paraphrase_duplication,4,flat,0.461538,0.3,0,0,1.5257796755205262,1.5257796755205262,0.0,0.0,32,32,True,,,True,True
s006_t0_h1_p0.3_l1.25_f0,6,0,1,False,0.3,1.25,0,paraphrase_duplication,4,trajectory_average,0.461538,0.5,1,0,-1.6632824289264854,1.5257796755205262,3.1890621044470118,1.6734750000000003,8,32,True,,,True,True
s006_t0_h1_p0.3_l1.25_f0,6,0,1,False,0.3,1.25,0,paraphrase_duplication,4,exact_dedup,0.461538,0.5,1,0,-1.6632824289264854,1.5257796755205262,3.1890621044470118,1.6734749999999998,32,32,True,,,True,True
s006_t0_h1_p0.3_l1.25_f0,6,0,1,False,0.3,1.25,0,paraphrase_duplication,4,semantic_dedup,0.461538,0.5,1,0,-1.6632824289264854,1.5257796755205262,3.1890621044470118,1.6734750000000003,8,32,True,,,True,True
s006_t0_h1_p0.3_l1.25_f0,6,0,1,False,0.3,1.25,0,paraphrase_duplication,4,source_average,0.461538,0.461538,1,0,-1.6632824289264854,1.5257796755205262,3.1890621044470118,1.5517023849,8,32,True,,,True,True
s006_t0_h1_p0.3_l1.25_f0,6,0,1,False,0.3,1.25,0,paraphrase_duplication,4,belief_mixing,0.461538,0.461538,1,0,-1.6632824289264854,1.5257796755205262,3.1890621044470118,1.5517023849,8,32,True,,,True,True
s006_t0_h1_p0.3_l1.25_f0,6,0,1,False,0.3,1.25,0,paraphrase_duplication,4,provenance,0.461538,0.461538,1,0,-1.6632824289264854,1.5257796755205262,3.1890621044470118,1.5517023849,8,32,True,,,True,True
s006_t0_h1_p0.3_l1.25_f0,6,0,1,False,0.3,1.25,0,paraphrase_duplication,8,flat,0.461538,0.3,1,0,-1.6632824289264854,1.5257796755205262,3.1890621044470118,0.0,64,64,True,,,True,True
s006_t0_h1_p0.3_l1.25_f0,6,0,1,False,0.3,1.25,0,paraphrase_duplication,8,trajectory_average,0.461538,0.3,1,0,-1.6632824289264854,1.5257796755205262,3.1890621044470118,1.673475,8,64,True,,,True,True
s006_t0_h1_p0.3_l1.25_f0,6,0,1,False,0.3,1.25,0,paraphrase_duplication,8,exact_dedup,0.461538,0.3,1,0,-1.6632824289264854,1.5257796755205262,3.1890621044470118,1.6734749999999998,32,64,True,,,True,True
s006_t0_h1_p0.3_l1.25_f0,6,0,1,False,0.3,1.25,0,paraphrase_duplication,8,semantic_dedup,0.461538,0.3,1,0,-1.6632824289264854,1.5257796755205262,3.1890621044470118,1.673475,8,64,True,,,True,True
s006_t0_h1_p0.3_l1.25_f0,6,0,1,False,0.3,1.25,0,paraphrase_duplication,8,source_average,0.461538,0.461538,1,0,-1.6632824289264854,1.5257796755205262,3.1890621044470118,1.5517023849,8,64,True,,,True,True
s006_t0_h1_p0.3_l1.25_f0,6,0,1,False,0.3,1.25,0,paraphrase_duplication,8,belief_mixing,0.461538,0.461538,1,0,-1.6632824289264854,1.5257796755205262,3.1890621044470118,1.5517023849,8,64,True,,,True,True
s006_t0_h1_p0.3_l1.25_f0,6,0,1,False,0.3,1.25,0,paraphrase_duplication,8,provenance,0.461538,0.461538,1,0,-1.6632824289264854,1.5257796755205262,3.1890621044470118,1.5517023849,8,64,True,,,True,True
s006_t0_h1_p0.3_l1.25_f0,6,0,1,False,0.3,1.25,0,independent_rollout,1,flat,0.461538,0.3,1,0,-1.6632824289264854,1.5257796755205262,3.1890621044470118,1.734,8,8,True,,,True,True
s006_t0_h1_p0.3_l1.25_f0,6,0,1,False,0.3,1.25,0,independent_rollout,1,trajectory_average,0.461538,0.5,1,0,-1.6632824289264854,1.5257796755205262,3.1890621044470118,1.673475,8,8,True,,,True,True
s006_t0_h1_p0.3_l1.25_f0,6,0,1,False,0.3,1.25,0,independent_rollout,1,exact_dedup,0.461538,0.5,1,0,-1.6632824289264854,1.5257796755205262,3.1890621044470118,1.673475,8,8,True,,,True,True
s006_t0_h1_p0.3_l1.25_f0,6,0,1,False,0.3,1.25,0,independent_rollout,1,semantic_dedup,0.461538,0.5,1,0,-1.6632824289264854,1.5257796755205262,3.1890621044470118,1.673475,8,8,True,,,True,True
s006_t0_h1_p0.3_l1.25_f0,6,0,1,False,0.3,1.25,0,independent_rollout,1,source_average,0.461538,0.461538,1,0,-1.6632824289264854,1.5257796755205262,3.1890621044470118,1.5517023849,8,8,True,,,True,True
s006_t0_h1_p0.3_l1.25_f0,6,0,1,False,0.3,1.25,0,independent_rollout,1,belief_mixing,0.461538,0.461538,1,0,-1.6632824289264854,1.5257796755205262,3.1890621044470118,1.5517023849,8,8,True,,,True,True
s006_t0_h1_p0.3_l1.25_f0,6,0,1,False,0.3,1.25,0,independent_rollout,1,provenance,0.461538,0.461538,1,0,-1.6632824289264854,1.5257796755205262,3.1890621044470118,1.5517023849,8,8,True,,,True,True
s006_t0_h1_p0.3_l1.25_f0,6,0,1,False,0.3,1.25,0,independent_rollout,2,flat,0.461538,0.3,0,0,1.5257796755205262,1.5257796755205262,0.0,1.864825,16,16,True,,,True,True
s006_t0_h1_p0.3_l1.25_f0,6,0,1,False,0.3,1.25,0,independent_rollout,2,trajectory_average,0.461538,0.3,1,0,-1.6632824289264854,1.5257796755205262,3.1890621044470118,1.3985249999999998,16,16,True,,,True,True
s006_t0_h1_p0.3_l1.25_f0,6,0,1,False,0.3,1.25,0,independent_rollout,2,exact_dedup,0.461538,0.3,1,0,-1.6632824289264854,1.5257796755205262,3.1890621044470118,1.3985249999999998,16,16,True,,,True,True
s006_t0_h1_p0.3_l1.25_f0,6,0,1,False,0.3,1.25,0,independent_rollout,2,semantic_dedup,0.461538,0.3,1,0,-1.6632824289264854,1.5257796755205262,3.1890621044470118,1.3985249999999998,16,16,True,,,True,True
s006_t0_h1_p0.3_l1.25_f0,6,0,1,False,0.3,1.25,0,independent_rollout,2,source_average,0.461538,0.461538,1,0,-1.6632824289264854,1.5257796755205262,3.1890621044470118,1.1968206565000001,16,16,True,,,True,True
s006_t0_h1_p0.3_l1.25_f0,6,0,1,False,0.3,1.25,0,independent_rollout,2,belief_mixing,0.461538,0.461538,1,0,-1.6632824289264854,1.5257796755205262,3.1890621044470118,1.1968206565000001,16,16,True,,,True,True
s006_t0_h1_p0.3_l1.25_f0,6,0,1,False,0.3,1.25,0,independent_rollout,2,provenance,0.461538,0.461538,1,0,-1.6632824289264854,1.5257796755205262,3.1890621044470118,1.1968206565000001,16,16,True,,,True,True
s006_t0_h1_p0.3_l1.25_f0,6,0,1,False,0.3,1.25,0,independent_rollout,4,flat,0.461538,0.3,0,0,1.5257796755205262,1.5257796755205262,0.0,0.0,32,32,True,,,True,True
s006_t0_h1_p0.3_l1.25_f0,6,0,1,False,0.3,1.25,0,independent_rollout,4,trajectory_average,0.461538,0.3,1,0,-1.6632824289264854,1.5257796755205262,3.1890621044470118,0.40951875000000015,32,32,True,,,True,True
s006_t0_h1_p0.3_l1.25_f0,6,0,1,False,0.3,1.25,0,independent_rollout,4,exact_dedup,0.461538,0.3,1,0,-1.6632824289264854,1.5257796755205262,3.1890621044470118,0.40951875000000015,32,32,True,,,True,True
s006_t0_h1_p0.3_l1.25_f0,6,0,1,False,0.3,1.25,0,independent_rollout,4,semantic_dedup,0.461538,0.3,1,0,-1.6632824289264854,1.5257796755205262,3.1890621044470118,0.40951875000000015,32,32,True,,,True,True
s006_t0_h1_p0.3_l1.25_f0,6,0,1,False,0.3,1.25,0,independent_rollout,4,source_average,0.461538,0.461538,1,0,-1.6632824289264854,1.5257796755205262,3.1890621044470118,0.1790626191750001,32,32,True,,,True,True
s006_t0_h1_p0.3_l1.25_f0,6,0,1,False,0.3,1.25,0,independent_rollout,4,belief_mixing,0.461538,0.461538,1,0,-1.6632824289264854,1.5257796755205262,3.1890621044470118,0.1790626191750001,32,32,True,,,True,True
s006_t0_h1_p0.3_l1.25_f0,6,0,1,False,0.3,1.25,0,independent_rollout,4,provenance,0.461538,0.461538,1,0,-1.6632824289264854,1.5257796755205262,3.1890621044470118,0.1790626191750001,32,32,True,,,True,True
s006_t0_h1_p0.3_l1.25_f0,6,0,1,False,0.3,1.25,0,independent_rollout,8,flat,0.461538,0.3,0,0,1.5257796755205262,1.5257796755205262,0.0,2.0,64,64,True,,,True,True
s006_t0_h1_p0.3_l1.25_f0,6,0,1,False,0.3,1.25,0,independent_rollout,8,trajectory_average,0.461538,0.33333300000000005,1,0,-1.6632824289264854,1.5257796755205262,3.1890621044470118,0.031965625000000025,64,64,True,,,True,True
s006_t0_h1_p0.3_l1.25_f0,6,0,1,False,0.3,1.25,0,independent_rollout,8,exact_dedup,0.461538,0.33333300000000005,1,0,-1.6632824289264854,1.5257796755205262,3.1890621044470118,0.031965625000000025,64,64,True,,,True,True
s006_t0_h1_p0.3_l1.25_f0,6,0,1,False,0.3,1.25,0,independent_rollout,8,semantic_dedup,0.461538,0.33333300000000005,1,0,-1.6632824289264854,1.5257796755205262,3.1890621044470118,0.031965625000000025,64,64,True,,,True,True
s006_t0_h1_p0.3_l1.25_f0,6,0,1,False,0.3,1.25,0,independent_rollout,8,source_average,0.461538,0.461538,0,0,1.5257796755205262,1.5257796755205262,0.0,0.17104426301250025,64,64,True,,,True,True
s006_t0_h1_p0.3_l1.25_f0,6,0,1,False,0.3,1.25,0,independent_rollout,8,belief_mixing,0.461538,0.461538,0,0,1.5257796755205262,1.5257796755205262,0.0,0.17104426301250025,64,64,True,,,True,True
s006_t0_h1_p0.3_l1.25_f0,6,0,1,False,0.3,1.25,0,independent_rollout,8,provenance,0.461538,0.461538,0,0,1.5257796755205262,1.5257796755205262,0.0,0.17104426301250025,64,64,True,,,True,True
s007_t1_h1_p0.5_l2_f1,7,1,1,True,0.5,2.0,1,pure_duplication,1,flat,0.333333,0.333333,1,1,1.2588130667214323,1.2588130667214323,0.0,0.0,8,8,True,,,True,True
s007_t1_h1_p0.5_l2_f1,7,1,1,True,0.5,2.0,1,pure_duplication,1,trajectory_average,0.333333,0.5,1,1,1.2588130667214323,1.2588130667214323,0.0,1.6558000000000002,8,8,True,,,True,True
s007_t1_h1_p0.5_l2_f1,7,1,1,True,0.5,2.0,1,pure_duplication,1,exact_dedup,0.333333,0.5,1,1,1.2588130667214323,1.2588130667214323,0.0,1.6558000000000002,8,8,True,,,True,True
s007_t1_h1_p0.5_l2_f1,7,1,1,True,0.5,2.0,1,pure_duplication,1,semantic_dedup,0.333333,0.5,1,1,1.2588130667214323,1.2588130667214323,0.0,1.6558000000000002,8,8,True,,,True,True
s007_t1_h1_p0.5_l2_f1,7,1,1,True,0.5,2.0,1,pure_duplication,1,source_average,0.333333,0.333333,1,1,1.2588130667214323,1.2588130667214323,0.0,1.9527672606000002,8,8,True,,,True,True
s007_t1_h1_p0.5_l2_f1,7,1,1,True,0.5,2.0,1,pure_duplication,1,belief_mixing,0.333333,0.333333,1,1,1.2588130667214323,1.2588130667214323,0.0,1.9527672606000002,8,8,True,,,True,True
s007_t1_h1_p0.5_l2_f1,7,1,1,True,0.5,2.0,1,pure_duplication,1,provenance,0.333333,0.333333,1,1,1.2588130667214323,1.2588130667214323,0.0,1.9527672606000002,8,8,True,,,True,True
s007_t1_h1_p0.5_l2_f1,7,1,1,True,0.5,2.0,1,pure_duplication,2,flat,0.333333,0.333333,1,1,1.2588130667214323,1.2588130667214323,0.0,0.0,16,16,True,,,True,True
s007_t1_h1_p0.5_l2_f1,7,1,1,True,0.5,2.0,1,pure_duplication,2,trajectory_average,0.333333,0.5,1,1,1.2588130667214323,1.2588130667214323,0.0,1.6558,8,16,True,,,True,True
s007_t1_h1_p0.5_l2_f1,7,1,1,True,0.5,2.0,1,pure_duplication,2,exact_dedup,0.333333,0.5,1,1,1.2588130667214323,1.2588130667214323,0.0,1.6558,8,16,True,,,True,True
s007_t1_h1_p0.5_l2_f1,7,1,1,True,0.5,2.0,1,pure_duplication,2,semantic_dedup,0.333333,0.5,1,1,1.2588130667214323,1.2588130667214323,0.0,1.6558,8,16,True,,,True,True
s007_t1_h1_p0.5_l2_f1,7,1,1,True,0.5,2.0,1,pure_duplication,2,source_average,0.333333,0.333333,1,1,1.2588130667214323,1.2588130667214323,0.0,1.9527672606000002,8,16,True,,,True,True
s007_t1_h1_p0.5_l2_f1,7,1,1,True,0.5,2.0,1,pure_duplication,2,belief_mixing,0.333333,0.333333,1,1,1.2588130667214323,1.2588130667214323,0.0,1.9527672606000002,8,16,True,,,True,True
s007_t1_h1_p0.5_l2_f1,7,1,1,True,0.5,2.0,1,pure_duplication,2,provenance,0.333333,0.333333,1,1,1.2588130667214323,1.2588130667214323,0.0,1.9527672606000002,8,16,True,,,True,True
s007_t1_h1_p0.5_l2_f1,7,1,1,True,0.5,2.0,1,pure_duplication,4,flat,0.333333,0.5,1,1,1.2588130667214323,1.2588130667214323,0.0,0.0,32,32,True,,,True,True
s007_t1_h1_p0.5_l2_f1,7,1,1,True,0.5,2.0,1,pure_duplication,4,trajectory_average,0.333333,0.5,1,1,1.2588130667214323,1.2588130667214323,0.0,1.6557999999999997,8,32,True,,,True,True
s007_t1_h1_p0.5_l2_f1,7,1,1,True,0.5,2.0,1,pure_duplication,4,exact_dedup,0.333333,0.5,1,1,1.2588130667214323,1.2588130667214323,0.0,1.6557999999999997,8,32,True,,,True,True
s007_t1_h1_p0.5_l2_f1,7,1,1,True,0.5,2.0,1,pure_duplication,4,semantic_dedup,0.333333,0.5,1,1,1.2588130667214323,1.2588130667214323,0.0,1.6557999999999997,8,32,True,,,True,True
s007_t1_h1_p0.5_l2_f1,7,1,1,True,0.5,2.0,1,pure_duplication,4,source_average,0.333333,0.333333,1,1,1.2588130667214323,1.2588130667214323,0.0,1.9527672606000002,8,32,True,,,True,True
s007_t1_h1_p0.5_l2_f1,7,1,1,True,0.5,2.0,1,pure_duplication,4,belief_mixing,0.333333,0.333333,1,1,1.2588130667214323,1.2588130667214323,0.0,1.9527672606000002,8,32,True,,,True,True
s007_t1_h1_p0.5_l2_f1,7,1,1,True,0.5,2.0,1,pure_duplication,4,provenance,0.333333,0.333333,1,1,1.2588130667214323,1.2588130667214323,0.0,1.9527672606000002,8,32,True,,,True,True
s007_t1_h1_p0.5_l2_f1,7,1,1,True,0.5,2.0,1,pure_duplication,8,flat,0.333333,0.333333,1,1,1.2588130667214323,1.2588130667214323,0.0,0.0,64,64,True,,,True,True
s007_t1_h1_p0.5_l2_f1,7,1,1,True,0.5,2.0,1,pure_duplication,8,trajectory_average,0.333333,0.5,1,1,1.2588130667214323,1.2588130667214323,0.0,1.6558,8,64,True,,,True,True
s007_t1_h1_p0.5_l2_f1,7,1,1,True,0.5,2.0,1,pure_duplication,8,exact_dedup,0.333333,0.5,1,1,1.2588130667214323,1.2588130667214323,0.0,1.6558,8,64,True,,,True,True
s007_t1_h1_p0.5_l2_f1,7,1,1,True,0.5,2.0,1,pure_duplication,8,semantic_dedup,0.333333,0.5,1,1,1.2588130667214323,1.2588130667214323,0.0,1.6558,8,64,True,,,True,True
s007_t1_h1_p0.5_l2_f1,7,1,1,True,0.5,2.0,1,pure_duplication,8,source_average,0.333333,0.333333,1,1,1.2588130667214323,1.2588130667214323,0.0,1.9527672606000002,8,64,True,,,True,True
s007_t1_h1_p0.5_l2_f1,7,1,1,True,0.5,2.0,1,pure_duplication,8,belief_mixing,0.333333,0.333333,1,1,1.2588130667214323,1.2588130667214323,0.0,1.9527672606000002,8,64,True,,,True,True
s007_t1_h1_p0.5_l2_f1,7,1,1,True,0.5,2.0,1,pure_duplication,8,provenance,0.333333,0.333333,1,1,1.2588130667214323,1.2588130667214323,0.0,1.9527672606000002,8,64,True,,,True,True
s007_t1_h1_p0.5_l2_f1,7,1,1,True,0.5,2.0,1,paraphrase_duplication,1,flat,0.333333,0.333333,1,1,1.2588130667214323,1.2588130667214323,0.0,0.0,8,8,True,,,True,True
s007_t1_h1_p0.5_l2_f1,7,1,1,True,0.5,2.0,1,paraphrase_duplication,1,trajectory_average,0.333333,0.5,1,1,1.2588130667214323,1.2588130667214323,0.0,1.6557999999999997,8,8,True,,,True,True
s007_t1_h1_p0.5_l2_f1,7,1,1,True,0.5,2.0,1,paraphrase_duplication,1,exact_dedup,0.333333,0.5,1,1,1.2588130667214323,1.2588130667214323,0.0,1.6557999999999997,8,8,True,,,True,True
s007_t1_h1_p0.5_l2_f1,7,1,1,True,0.5,2.0,1,paraphrase_duplication,1,semantic_dedup,0.333333,0.5,1,1,1.2588130667214323,1.2588130667214323,0.0,1.6557999999999997,8,8,True,,,True,True
s007_t1_h1_p0.5_l2_f1,7,1,1,True,0.5,2.0,1,paraphrase_duplication,1,source_average,0.333333,0.333333,1,1,1.2588130667214323,1.2588130667214323,0.0,1.9527672606000002,8,8,True,,,True,True
s007_t1_h1_p0.5_l2_f1,7,1,1,True,0.5,2.0,1,paraphrase_duplication,1,belief_mixing,0.333333,0.333333,1,1,1.2588130667214323,1.2588130667214323,0.0,1.9527672606000002,8,8,True,,,True,True
s007_t1_h1_p0.5_l2_f1,7,1,1,True,0.5,2.0,1,paraphrase_duplication,1,provenance,0.333333,0.333333,1,1,1.2588130667214323,1.2588130667214323,0.0,1.9527672606000002,8,8,True,,,True,True
s007_t1_h1_p0.5_l2_f1,7,1,1,True,0.5,2.0,1,paraphrase_duplication,2,flat,0.333333,0.333333,1,1,1.2588130667214323,1.2588130667214323,0.0,0.0,16,16,True,,,True,True
s007_t1_h1_p0.5_l2_f1,7,1,1,True,0.5,2.0,1,paraphrase_duplication,2,trajectory_average,0.333333,0.5,1,1,1.2588130667214323,1.2588130667214323,0.0,1.6558,8,16,True,,,True,True
s007_t1_h1_p0.5_l2_f1,7,1,1,True,0.5,2.0,1,paraphrase_duplication,2,exact_dedup,0.333333,0.5,1,1,1.2588130667214323,1.2588130667214323,0.0,1.6558,16,16,True,,,True,True
s007_t1_h1_p0.5_l2_f1,7,1,1,True,0.5,2.0,1,paraphrase_duplication,2,semantic_dedup,0.333333,0.5,1,1,1.2588130667214323,1.2588130667214323,0.0,1.6558,8,16,True,,,True,True
s007_t1_h1_p0.5_l2_f1,7,1,1,True,0.5,2.0,1,paraphrase_duplication,2,source_average,0.333333,0.333333,1,1,1.2588130667214323,1.2588130667214323,0.0,1.9527672606000002,8,16,True,,,True,True
s007_t1_h1_p0.5_l2_f1,7,1,1,True,0.5,2.0,1,paraphrase_duplication,2,belief_mixing,0.333333,0.333333,1,1,1.2588130667214323,1.2588130667214323,0.0,1.9527672606000002,8,16,True,,,True,True
s007_t1_h1_p0.5_l2_f1,7,1,1,True,0.5,2.0,1,paraphrase_duplication,2,provenance,0.333333,0.333333,1,1,1.2588130667214323,1.2588130667214323,0.0,1.9527672606000002,8,16,True,,,True,True
s007_t1_h1_p0.5_l2_f1,7,1,1,True,0.5,2.0,1,paraphrase_duplication,4,flat,0.333333,0.333333,1,1,1.2588130667214323,1.2588130667214323,0.0,0.0,32,32,True,,,True,True
s007_t1_h1_p0.5_l2_f1,7,1,1,True,0.5,2.0,1,paraphrase_duplication,4,trajectory_average,0.333333,0.5,1,1,1.2588130667214323,1.2588130667214323,0.0,1.6558,8,32,True,,,True,True
s007_t1_h1_p0.5_l2_f1,7,1,1,True,0.5,2.0,1,paraphrase_duplication,4,exact_dedup,0.333333,0.5,1,1,1.2588130667214323,1.2588130667214323,0.0,1.6558,32,32,True,,,True,True
s007_t1_h1_p0.5_l2_f1,7,1,1,True,0.5,2.0,1,paraphrase_duplication,4,semantic_dedup,0.333333,0.5,1,1,1.2588130667214323,1.2588130667214323,0.0,1.6558,8,32,True,,,True,True
s007_t1_h1_p0.5_l2_f1,7,1,1,True,0.5,2.0,1,paraphrase_duplication,4,source_average,0.333333,0.333333,1,1,1.2588130667214323,1.2588130667214323,0.0,1.9527672606000002,8,32,True,,,True,True
s007_t1_h1_p0.5_l2_f1,7,1,1,True,0.5,2.0,1,paraphrase_duplication,4,belief_mixing,0.333333,0.333333,1,1,1.2588130667214323,1.2588130667214323,0.0,1.9527672606000002,8,32,True,,,True,True
s007_t1_h1_p0.5_l2_f1,7,1,1,True,0.5,2.0,1,paraphrase_duplication,4,provenance,0.333333,0.333333,1,1,1.2588130667214323,1.2588130667214323,0.0,1.9527672606000002,8,32,True,,,True,True
s007_t1_h1_p0.5_l2_f1,7,1,1,True,0.5,2.0,1,paraphrase_duplication,8,flat,0.333333,0.333333,1,1,1.2588130667214323,1.2588130667214323,0.0,0.0,64,64,True,,,True,True
s007_t1_h1_p0.5_l2_f1,7,1,1,True,0.5,2.0,1,paraphrase_duplication,8,trajectory_average,0.333333,0.5,1,1,1.2588130667214323,1.2588130667214323,0.0,1.6558000000000002,8,64,True,,,True,True
s007_t1_h1_p0.5_l2_f1,7,1,1,True,0.5,2.0,1,paraphrase_duplication,8,exact_dedup,0.333333,0.5,1,1,1.2588130667214323,1.2588130667214323,0.0,1.6558000000000002,32,64,True,,,True,True
s007_t1_h1_p0.5_l2_f1,7,1,1,True,0.5,2.0,1,paraphrase_duplication,8,semantic_dedup,0.333333,0.5,1,1,1.2588130667214323,1.2588130667214323,0.0,1.6558000000000002,8,64,True,,,True,True
s007_t1_h1_p0.5_l2_f1,7,1,1,True,0.5,2.0,1,paraphrase_duplication,8,source_average,0.333333,0.333333,1,1,1.2588130667214323,1.2588130667214323,0.0,1.9527672606000002,8,64,True,,,True,True
s007_t1_h1_p0.5_l2_f1,7,1,1,True,0.5,2.0,1,paraphrase_duplication,8,belief_mixing,0.333333,0.333333,1,1,1.2588130667214323,1.2588130667214323,0.0,1.9527672606000002,8,64,True,,,True,True
s007_t1_h1_p0.5_l2_f1,7,1,1,True,0.5,2.0,1,paraphrase_duplication,8,provenance,0.333333,0.333333,1,1,1.2588130667214323,1.2588130667214323,0.0,1.9527672606000002,8,64,True,,,True,True
s007_t1_h1_p0.5_l2_f1,7,1,1,True,0.5,2.0,1,independent_rollout,1,flat,0.333333,0.333333,1,1,1.2588130667214323,1.2588130667214323,0.0,0.0,8,8,True,,,True,True
s007_t1_h1_p0.5_l2_f1,7,1,1,True,0.5,2.0,1,independent_rollout,1,trajectory_average,0.333333,0.5,1,1,1.2588130667214323,1.2588130667214323,0.0,1.6558,8,8,True,,,True,True
s007_t1_h1_p0.5_l2_f1,7,1,1,True,0.5,2.0,1,independent_rollout,1,exact_dedup,0.333333,0.5,1,1,1.2588130667214323,1.2588130667214323,0.0,1.6558,8,8,True,,,True,True
s007_t1_h1_p0.5_l2_f1,7,1,1,True,0.5,2.0,1,independent_rollout,1,semantic_dedup,0.333333,0.5,1,1,1.2588130667214323,1.2588130667214323,0.0,1.6558,8,8,True,,,True,True
s007_t1_h1_p0.5_l2_f1,7,1,1,True,0.5,2.0,1,independent_rollout,1,source_average,0.333333,0.333333,1,1,1.2588130667214323,1.2588130667214323,0.0,1.9527672606000002,8,8,True,,,True,True
s007_t1_h1_p0.5_l2_f1,7,1,1,True,0.5,2.0,1,independent_rollout,1,belief_mixing,0.333333,0.333333,1,1,1.2588130667214323,1.2588130667214323,0.0,1.9527672606000002,8,8,True,,,True,True
s007_t1_h1_p0.5_l2_f1,7,1,1,True,0.5,2.0,1,independent_rollout,1,provenance,0.333333,0.333333,1,1,1.2588130667214323,1.2588130667214323,0.0,1.9527672606000002,8,8,True,,,True,True
s007_t1_h1_p0.5_l2_f1,7,1,1,True,0.5,2.0,1,independent_rollout,2,flat,0.333333,0.333333,1,1,1.2588130667214323,1.2588130667214323,0.0,0.05084999999999984,16,16,True,,,True,True
s007_t1_h1_p0.5_l2_f1,7,1,1,True,0.5,2.0,1,independent_rollout,2,trajectory_average,0.333333,0.5,1,1,1.2588130667214323,1.2588130667214323,0.0,0.4771500000000001,16,16,True,,,True,True
s007_t1_h1_p0.5_l2_f1,7,1,1,True,0.5,2.0,1,independent_rollout,2,exact_dedup,0.333333,0.5,1,1,1.2588130667214323,1.2588130667214323,0.0,0.4771500000000001,16,16,True,,,True,True
s007_t1_h1_p0.5_l2_f1,7,1,1,True,0.5,2.0,1,independent_rollout,2,semantic_dedup,0.333333,0.5,1,1,1.2588130667214323,1.2588130667214323,0.0,0.4771500000000001,16,16,True,,,True,True
s007_t1_h1_p0.5_l2_f1,7,1,1,True,0.5,2.0,1,independent_rollout,2,source_average,0.333333,0.333333,1,1,1.2588130667214323,1.2588130667214323,0.0,0.4525832841999998,16,16,True,,,True,True
s007_t1_h1_p0.5_l2_f1,7,1,1,True,0.5,2.0,1,independent_rollout,2,belief_mixing,0.333333,0.333333,1,1,1.2588130667214323,1.2588130667214323,0.0,0.4525832841999998,16,16,True,,,True,True
s007_t1_h1_p0.5_l2_f1,7,1,1,True,0.5,2.0,1,independent_rollout,2,provenance,0.333333,0.333333,1,1,1.2588130667214323,1.2588130667214323,0.0,0.4525832841999998,16,16,True,,,True,True
s007_t1_h1_p0.5_l2_f1,7,1,1,True,0.5,2.0,1,independent_rollout,4,flat,0.333333,0.333333,0,1,0.9339978680615417,1.2588130667214323,0.3248151986598906,0.0,32,32,True,,,True,True
s007_t1_h1_p0.5_l2_f1,7,1,1,True,0.5,2.0,1,independent_rollout,4,trajectory_average,0.333333,0.49999999999999994,1,1,1.2588130667214323,1.2588130667214323,0.0,0.3499874999999999,32,32,True,,,True,True
s007_t1_h1_p0.5_l2_f1,7,1,1,True,0.5,2.0,1,independent_rollout,4,exact_dedup,0.333333,0.49999999999999994,1,1,1.2588130667214323,1.2588130667214323,0.0,0.3499874999999999,32,32,True,,,True,True
s007_t1_h1_p0.5_l2_f1,7,1,1,True,0.5,2.0,1,independent_rollout,4,semantic_dedup,0.333333,0.49999999999999994,1,1,1.2588130667214323,1.2588130667214323,0.0,0.3499874999999999,32,32,True,,,True,True
s007_t1_h1_p0.5_l2_f1,7,1,1,True,0.5,2.0,1,independent_rollout,4,source_average,0.333333,0.333333,1,1,1.2588130667214323,1.2588130667214323,0.0,0.20846221694999995,32,32,True,,,True,True
s007_t1_h1_p0.5_l2_f1,7,1,1,True,0.5,2.0,1,independent_rollout,4,belief_mixing,0.333333,0.333333,1,1,1.2588130667214323,1.2588130667214323,0.0,0.20846221694999995,32,32,True,,,True,True
s007_t1_h1_p0.5_l2_f1,7,1,1,True,0.5,2.0,1,independent_rollout,4,provenance,0.333333,0.333333,1,1,1.2588130667214323,1.2588130667214323,0.0,0.20846221694999995,32,32,True,,,True,True
s007_t1_h1_p0.5_l2_f1,7,1,1,True,0.5,2.0,1,independent_rollout,8,flat,0.333333,0.333333,1,1,1.2588130667214323,1.2588130667214323,0.0,0.0,64,64,True,,,True,True
s007_t1_h1_p0.5_l2_f1,7,1,1,True,0.5,2.0,1,independent_rollout,8,trajectory_average,0.333333,0.5,1,1,1.2588130667214323,1.2588130667214323,0.0,0.9681531249999998,64,64,True,,,True,True
s007_t1_h1_p0.5_l2_f1,7,1,1,True,0.5,2.0,1,independent_rollout,8,exact_dedup,0.333333,0.5,1,1,1.2588130667214323,1.2588130667214323,0.0,0.9681531249999998,64,64,True,,,True,True
s007_t1_h1_p0.5_l2_f1,7,1,1,True,0.5,2.0,1,independent_rollout,8,semantic_dedup,0.333333,0.5,1,1,1.2588130667214323,1.2588130667214323,0.0,0.9681531249999998,64,64,True,,,True,True
s007_t1_h1_p0.5_l2_f1,7,1,1,True,0.5,2.0,1,independent_rollout,8,source_average,0.333333,0.333333,1,1,1.2588130667214323,1.2588130667214323,0.0,0.70458280619375,64,64,True,,,True,True
s007_t1_h1_p0.5_l2_f1,7,1,1,True,0.5,2.0,1,independent_rollout,8,belief_mixing,0.333333,0.333333,1,1,1.2588130667214323,1.2588130667214323,0.0,0.70458280619375,64,64,True,,,True,True
s007_t1_h1_p0.5_l2_f1,7,1,1,True,0.5,2.0,1,independent_rollout,8,provenance,0.333333,0.333333,1,1,1.2588130667214323,1.2588130667214323,0.0,0.70458280619375,64,64,True,,,True,True
s008_t0_h0_p0.7_l4_f0,8,0,0,True,0.7,4.0,0,pure_duplication,1,flat,0.9032258064516129,0.903448,1,0,-1.835555100958714,0.9836417064308524,2.8191968073895666,2.0435,8,8,True,,,True,True
s008_t0_h0_p0.7_l4_f0,8,0,0,True,0.7,4.0,0,pure_duplication,1,trajectory_average,0.9032258064516129,0.9032,1,0,-1.835555100958714,0.9836417064308524,2.8191968073895666,2.24415,8,8,True,,,True,True
s008_t0_h0_p0.7_l4_f0,8,0,0,True,0.7,4.0,0,pure_duplication,1,exact_dedup,0.9032258064516129,0.9032,1,0,-1.835555100958714,0.9836417064308524,2.8191968073895666,2.24415,8,8,True,,,True,True
s008_t0_h0_p0.7_l4_f0,8,0,0,True,0.7,4.0,0,pure_duplication,1,semantic_dedup,0.9032258064516129,0.9032,1,0,-1.835555100958714,0.9836417064308524,2.8191968073895666,2.24415,8,8,True,,,True,True
s008_t0_h0_p0.7_l4_f0,8,0,0,True,0.7,4.0,0,pure_duplication,1,source_average,0.9032258064516129,0.9032258064516129,1,0,-1.835555100958714,0.9836417064308524,2.8191968073895666,0.9806419354838711,8,8,True,,,True,True
s008_t0_h0_p0.7_l4_f0,8,0,0,True,0.7,4.0,0,pure_duplication,1,belief_mixing,0.9032258064516129,0.9032258064516129,1,0,-1.835555100958714,0.9836417064308524,2.8191968073895666,0.9806419354838711,8,8,True,,,True,True
s008_t0_h0_p0.7_l4_f0,8,0,0,True,0.7,4.0,0,pure_duplication,1,provenance,0.9032258064516129,0.9032258064516129,1,0,-1.835555100958714,0.9836417064308524,2.8191968073895666,0.9806419354838711,8,8,True,,,True,True
s008_t0_h0_p0.7_l4_f0,8,0,0,True,0.7,4.0,0,pure_duplication,2,flat,0.9032258064516129,0.903226,1,0,-1.835555100958714,0.9836417064308524,2.8191968073895666,2.058126,16,16,True,,,True,True
s008_t0_h0_p0.7_l4_f0,8,0,0,True,0.7,4.0,0,pure_duplication,2,trajectory_average,0.9032258064516129,0.5,1,0,-1.835555100958714,0.9836417064308524,2.8191968073895666,2.2441500000000003,8,16,True,,,True,True
s008_t0_h0_p0.7_l4_f0,8,0,0,True,0.7,4.0,0,pure_duplication,2,exact_dedup,0.9032258064516129,0.5,1,0,-1.835555100958714,0.9836417064308524,2.8191968073895666,2.2441500000000003,8,16,True,,,True,True
s008_t0_h0_p0.7_l4_f0,8,0,0,True,0.7,4.0,0,pure_duplication,2,semantic_dedup,0.9032258064516129,0.5,1,0,-1.835555100958714,0.9836417064308524,2.8191968073895666,2.2441500000000003,8,16,True,,,True,True
s008_t0_h0_p0.7_l4_f0,8,0,0,True,0.7,4.0,0,pure_duplication,2,source_average,0.9032258064516129,0.9032258064516129,1,0,-1.835555100958714,0.9836417064308524,2.8191968073895666,0.9806419354838711,8,16,True,,,True,True
s008_t0_h0_p0.7_l4_f0,8,0,0,True,0.7,4.0,0,pure_duplication,2,belief_mixing,0.9032258064516129,0.9032258064516129,1,0,-1.835555100958714,0.9836417064308524,2.8191968073895666,0.9806419354838711,8,16,True,,,True,True
s008_t0_h0_p0.7_l4_f0,8,0,0,True,0.7,4.0,0,pure_duplication,2,provenance,0.9032258064516129,0.9032258064516129,1,0,-1.835555100958714,0.9836417064308524,2.8191968073895666,0.9806419354838711,8,16,True,,,True,True
s008_t0_h0_p0.7_l4_f0,8,0,0,True,0.7,4.0,0,pure_duplication,4,flat,0.9032258064516129,0.9032258064516129,1,0,-1.835555100958714,0.9836417064308524,2.8191968073895666,0.0,32,32,True,,,True,True
s008_t0_h0_p0.7_l4_f0,8,0,0,True,0.7,4.0,0,pure_duplication,4,trajectory_average,0.9032258064516129,0.5,1,0,-1.835555100958714,0.9836417064308524,2.8191968073895666,2.2441500000000003,8,32,True,,,True,True
s008_t0_h0_p0.7_l4_f0,8,0,0,True,0.7,4.0,0,pure_duplication,4,exact_dedup,0.9032258064516129,0.5,1,0,-1.835555100958714,0.9836417064308524,2.8191968073895666,2.2441500000000003,8,32,True,,,True,True
s008_t0_h0_p0.7_l4_f0,8,0,0,True,0.7,4.0,0,pure_duplication,4,semantic_dedup,0.9032258064516129,0.5,1,0,-1.835555100958714,0.9836417064308524,2.8191968073895666,2.2441500000000003,8,32,True,,,True,True
s008_t0_h0_p0.7_l4_f0,8,0,0,True,0.7,4.0,0,pure_duplication,4,source_average,0.9032258064516129,0.9032258064516129,1,0,-1.835555100958714,0.9836417064308524,2.8191968073895666,0.9806419354838711,8,32,True,,,True,True
s008_t0_h0_p0.7_l4_f0,8,0,0,True,0.7,4.0,0,pure_duplication,4,belief_mixing,0.9032258064516129,0.9032258064516129,1,0,-1.835555100958714,0.9836417064308524,2.8191968073895666,0.9806419354838711,8,32,True,,,True,True
s008_t0_h0_p0.7_l4_f0,8,0,0,True,0.7,4.0,0,pure_duplication,4,provenance,0.9032258064516129,0.9032258064516129,1,0,-1.835555100958714,0.9836417064308524,2.8191968073895666,0.9806419354838711,8,32,True,,,True,True
s008_t0_h0_p0.7_l4_f0,8,0,0,True,0.7,4.0,0,pure_duplication,8,flat,0.9032258064516129,0.9032,1,0,-1.835555100958714,0.9836417064308524,2.8191968073895666,0.0,64,64,True,,,True,True
s008_t0_h0_p0.7_l4_f0,8,0,0,True,0.7,4.0,0,pure_duplication,8,trajectory_average,0.9032258064516129,0.49999999999999994,1,0,-1.835555100958714,0.9836417064308524,2.8191968073895666,2.24415,8,64,True,,,True,True
s008_t0_h0_p0.7_l4_f0,8,0,0,True,0.7,4.0,0,pure_duplication,8,exact_dedup,0.9032258064516129,0.5,1,0,-1.835555100958714,0.9836417064308524,2.8191968073895666,2.24415,8,64,True,,,True,True
s008_t0_h0_p0.7_l4_f0,8,0,0,True,0.7,4.0,0,pure_duplication,8,semantic_dedup,0.9032258064516129,0.5,1,0,-1.835555100958714,0.9836417064308524,2.8191968073895666,2.24415,8,64,True,,,True,True
s008_t0_h0_p0.7_l4_f0,8,0,0,True,0.7,4.0,0,pure_duplication,8,source_average,0.9032258064516129,0.9032258064516129,1,0,-1.835555100958714,0.9836417064308524,2.8191968073895666,0.9806419354838711,8,64,True,,,True,True
s008_t0_h0_p0.7_l4_f0,8,0,0,True,0.7,4.0,0,pure_duplication,8,belief_mixing,0.9032258064516129,0.9032258064516129,1,0,-1.835555100958714,0.9836417064308524,2.8191968073895666,0.9806419354838711,8,64,True,,,True,True
s008_t0_h0_p0.7_l4_f0,8,0,0,True,0.7,4.0,0,pure_duplication,8,provenance,0.9032258064516129,0.9032258064516129,1,0,-1.835555100958714,0.9836417064308524,2.8191968073895666,0.9806419354838711,8,64,True,,,True,True
s008_t0_h0_p0.7_l4_f0,8,0,0,True,0.7,4.0,0,paraphrase_duplication,1,flat,0.9032258064516129,0.903448,1,0,-1.835555100958714,0.9836417064308524,2.8191968073895666,0.0,8,8,True,,,True,True
s008_t0_h0_p0.7_l4_f0,8,0,0,True,0.7,4.0,0,paraphrase_duplication,1,trajectory_average,0.9032258064516129,0.5,1,0,-1.835555100958714,0.9836417064308524,2.8191968073895666,2.2441500000000003,8,8,True,,,True,True
s008_t0_h0_p0.7_l4_f0,8,0,0,True,0.7,4.0,0,paraphrase_duplication,1,exact_dedup,0.9032258064516129,0.5,1,0,-1.835555100958714,0.9836417064308524,2.8191968073895666,2.2441500000000003,8,8,True,,,True,True
s008_t0_h0_p0.7_l4_f0,8,0,0,True,0.7,4.0,0,paraphrase_duplication,1,semantic_dedup,0.9032258064516129,0.5,1,0,-1.835555100958714,0.9836417064308524,2.8191968073895666,2.2441500000000003,8,8,True,,,True,True
s008_t0_h0_p0.7_l4_f0,8,0,0,True,0.7,4.0,0,paraphrase_duplication,1,source_average,0.9032258064516129,0.9032258064516129,1,0,-1.835555100958714,0.9836417064308524,2.8191968073895666,0.9806419354838711,8,8,True,,,True,True
s008_t0_h0_p0.7_l4_f0,8,0,0,True,0.7,4.0,0,paraphrase_duplication,1,belief_mixing,0.9032258064516129,0.9032258064516129,1,0,-1.835555100958714,0.9836417064308524,2.8191968073895666,0.9806419354838711,8,8,True,,,True,True
s008_t0_h0_p0.7_l4_f0,8,0,0,True,0.7,4.0,0,paraphrase_duplication,1,provenance,0.9032258064516129,0.9032258064516129,1,0,-1.835555100958714,0.9836417064308524,2.8191968073895666,0.9806419354838711,8,8,True,,,True,True
s008_t0_h0_p0.7_l4_f0,8,0,0,True,0.7,4.0,0,paraphrase_duplication,2,flat,0.9032258064516129,0.9032,0,0,0.9836417064308524,0.9836417064308524,0.0,2.5356,16,16,True,,,True,True
s008_t0_h0_p0.7_l4_f0,8,0,0,True,0.7,4.0,0,paraphrase_duplication,2,trajectory_average,0.9032258064516129,0.5,1,0,-1.835555100958714,0.9836417064308524,2.8191968073895666,2.2441500000000003,8,16,True,,,True,True
s008_t0_h0_p0.7_l4_f0,8,0,0,True,0.7,4.0,0,paraphrase_duplication,2,exact_dedup,0.9032258064516129,0.5,1,0,-1.835555100958714,0.9836417064308524,2.8191968073895666,2.2441500000000003,16,16,True,,,True,True
s008_t0_h0_p0.7_l4_f0,8,0,0,True,0.7,4.0,0,paraphrase_duplication,2,semantic_dedup,0.9032258064516129,0.5,1,0,-1.835555100958714,0.9836417064308524,2.8191968073895666,2.2441500000000003,8,16,True,,,True,True
s008_t0_h0_p0.7_l4_f0,8,0,0,True,0.7,4.0,0,paraphrase_duplication,2,source_average,0.9032258064516129,0.9032258064516129,1,0,-1.835555100958714,0.9836417064308524,2.8191968073895666,0.9806419354838711,8,16,True,,,True,True
s008_t0_h0_p0.7_l4_f0,8,0,0,True,0.7,4.0,0,paraphrase_duplication,2,belief_mixing,0.9032258064516129,0.9032258064516129,1,0,-1.835555100958714,0.9836417064308524,2.8191968073895666,0.9806419354838711,8,16,True,,,True,True
s008_t0_h0_p0.7_l4_f0,8,0,0,True,0.7,4.0,0,paraphrase_duplication,2,provenance,0.9032258064516129,0.9032258064516129,1,0,-1.835555100958714,0.9836417064308524,2.8191968073895666,0.9806419354838711,8,16,True,,,True,True
s008_t0_h0_p0.7_l4_f0,8,0,0,True,0.7,4.0,0,paraphrase_duplication,4,flat,0.9032258064516129,0.9032258064516129,1,0,-1.835555100958714,0.9836417064308524,2.8191968073895666,1.8306,32,32,True,,,True,True
s008_t0_h0_p0.7_l4_f0,8,0,0,True,0.7,4.0,0,paraphrase_duplication,4,trajectory_average,0.9032258064516129,0.5,1,0,-1.835555100958714,0.9836417064308524,2.8191968073895666,2.2441500000000003,8,32,True,,,True,True
s008_t0_h0_p0.7_l4_f0,8,0,0,True,0.7,4.0,0,paraphrase_duplication,4,exact_dedup,0.9032258064516129,0.5,1,0,-1.835555100958714,0.9836417064308524,2.8191968073895666,2.24415,32,32,True,,,True,True
s008_t0_h0_p0.7_l4_f0,8,0,0,True,0.7,4.0,0,paraphrase_duplication,4,semantic_dedup,0.9032258064516129,0.5,1,0,-1.835555100958714,0.9836417064308524,2.8191968073895666,2.2441500000000003,8,32,True,,,True,True
s008_t0_h0_p0.7_l4_f0,8,0,0,True,0.7,4.0,0,paraphrase_duplication,4,source_average,0.9032258064516129,0.9032258064516129,1,0,-1.835555100958714,0.9836417064308524,2.8191968073895666,0.9806419354838711,8,32,True,,,True,True
s008_t0_h0_p0.7_l4_f0,8,0,0,True,0.7,4.0,0,paraphrase_duplication,4,belief_mixing,0.9032258064516129,0.9032258064516129,1,0,-1.835555100958714,0.9836417064308524,2.8191968073895666,0.9806419354838711,8,32,True,,,True,True
s008_t0_h0_p0.7_l4_f0,8,0,0,True,0.7,4.0,0,paraphrase_duplication,4,provenance,0.9032258064516129,0.9032258064516129,1,0,-1.835555100958714,0.9836417064308524,2.8191968073895666,0.9806419354838711,8,32,True,,,True,True
s008_t0_h0_p0.7_l4_f0,8,0,0,True,0.7,4.0,0,paraphrase_duplication,8,flat,0.9032258064516129,0.9032258064516129,1,0,-1.835555100958714,0.9836417064308524,2.8191968073895666,1.038709677419355,64,64,True,,,True,True
s008_t0_h0_p0.7_l4_f0,8,0,0,True,0.7,4.0,0,paraphrase_duplication,8,trajectory_average,0.9032258064516129,0.5,1,0,-1.835555100958714,0.9836417064308524,2.8191968073895666,2.2441500000000003,8,64,True,,,True,True
s008_t0_h0_p0.7_l4_f0,8,0,0,True,0.7,4.0,0,paraphrase_duplication,8,exact_dedup,0.9032258064516129,0.5,1,0,-1.835555100958714,0.9836417064308524,2.8191968073895666,2.2441500000000003,32,64,True,,,True,True
s008_t0_h0_p0.7_l4_f0,8,0,0,True,0.7,4.0,0,paraphrase_duplication,8,semantic_dedup,0.9032258064516129,0.5,1,0,-1.835555100958714,0.9836417064308524,2.8191968073895666,2.2441500000000003,8,64,True,,,True,True
s008_t0_h0_p0.7_l4_f0,8,0,0,True,0.7,4.0,0,paraphrase_duplication,8,source_average,0.9032258064516129,0.9032258064516129,1,0,-1.835555100958714,0.9836417064308524,2.8191968073895666,0.9806419354838711,8,64,True,,,True,True
s008_t0_h0_p0.7_l4_f0,8,0,0,True,0.7,4.0,0,paraphrase_duplication,8,belief_mixing,0.9032258064516129,0.9032258064516129,1,0,-1.835555100958714,0.9836417064308524,2.8191968073895666,0.9806419354838711,8,64,True,,,True,True
s008_t0_h0_p0.7_l4_f0,8,0,0,True,0.7,4.0,0,paraphrase_duplication,8,provenance,0.9032258064516129,0.9032258064516129,1,0,-1.835555100958714,0.9836417064308524,2.8191968073895666,0.9806419354838711,8,64,True,,,True,True
s008_t0_h0_p0.7_l4_f0,8,0,0,True,0.7,4.0,0,independent_rollout,1,flat,0.9032258064516129,0.9032,1,0,-1.835555100958714,0.9836417064308524,2.8191968073895666,2.2694,8,8,True,,,True,True
s008_t0_h0_p0.7_l4_f0,8,0,0,True,0.7,4.0,0,independent_rollout,1,trajectory_average,0.9032258064516129,0.9032,1,0,-1.835555100958714,0.9836417064308524,2.8191968073895666,2.2441500000000003,8,8,True,,,True,True
s008_t0_h0_p0.7_l4_f0,8,0,0,True,0.7,4.0,0,independent_rollout,1,exact_dedup,0.9032258064516129,0.9032,1,0,-1.835555100958714,0.9836417064308524,2.8191968073895666,2.2441500000000003,8,8,True,,,True,True
s008_t0_h0_p0.7_l4_f0,8,0,0,True,0.7,4.0,0,independent_rollout,1,semantic_dedup,0.9032258064516129,0.9032,1,0,-1.835555100958714,0.9836417064308524,2.8191968073895666,2.2441500000000003,8,8,True,,,True,True
s008_t0_h0_p0.7_l4_f0,8,0,0,True,0.7,4.0,0,independent_rollout,1,source_average,0.9032258064516129,0.9032258064516129,1,0,-1.835555100958714,0.9836417064308524,2.8191968073895666,0.9806419354838711,8,8,True,,,True,True
s008_t0_h0_p0.7_l4_f0,8,0,0,True,0.7,4.0,0,independent_rollout,1,belief_mixing,0.9032258064516129,0.9032258064516129,1,0,-1.835555100958714,0.9836417064308524,2.8191968073895666,0.9806419354838711,8,8,True,,,True,True
s008_t0_h0_p0.7_l4_f0,8,0,0,True,0.7,4.0,0,independent_rollout,1,provenance,0.9032258064516129,0.9032258064516129,1,0,-1.835555100958714,0.9836417064308524,2.8191968073895666,0.9806419354838711,8,8,True,,,True,True
s008_t0_h0_p0.7_l4_f0,8,0,0,True,0.7,4.0,0,independent_rollout,2,flat,0.9032258064516129,0.903226,0,0,0.9836417064308524,0.9836417064308524,0.0,1.26664,16,16,True,,,True,True
s008_t0_h0_p0.7_l4_f0,8,0,0,True,0.7,4.0,0,independent_rollout,2,trajectory_average,0.9032258064516129,0.9032,1,0,-1.835555100958714,0.9836417064308524,2.8191968073895666,0.715625,16,16,True,,,True,True
s008_t0_h0_p0.7_l4_f0,8,0,0,True,0.7,4.0,0,independent_rollout,2,exact_dedup,0.9032258064516129,0.9032,1,0,-1.835555100958714,0.9836417064308524,2.8191968073895666,0.715625,16,16,True,,,True,True
s008_t0_h0_p0.7_l4_f0,8,0,0,True,0.7,4.0,0,independent_rollout,2,semantic_dedup,0.9032258064516129,0.9032,1,0,-1.835555100958714,0.9836417064308524,2.8191968073895666,0.715625,16,16,True,,,True,True
s008_t0_h0_p0.7_l4_f0,8,0,0,True,0.7,4.0,0,independent_rollout,2,source_average,0.9032258064516129,0.9032258064516129,0,0,0.9836417064308524,0.9836417064308524,0.0,0.7758266129032254,16,16,True,,,True,True
s008_t0_h0_p0.7_l4_f0,8,0,0,True,0.7,4.0,0,independent_rollout,2,belief_mixing,0.9032258064516129,0.9032258064516129,0,0,0.9836417064308524,0.9836417064308524,0.0,0.7758266129032254,16,16,True,,,True,True
s008_t0_h0_p0.7_l4_f0,8,0,0,True,0.7,4.0,0,independent_rollout,2,provenance,0.9032258064516129,0.9032258064516129,0,0,0.9836417064308524,0.9836417064308524,0.0,0.7758266129032254,16,16,True,,,True,True
s008_t0_h0_p0.7_l4_f0,8,0,0,True,0.7,4.0,0,independent_rollout,4,flat,0.9032258064516129,0.9032258064516129,0,0,0.9836417064308524,0.9836417064308524,0.0,0.0,32,32,True,,,True,True
s008_t0_h0_p0.7_l4_f0,8,0,0,True,0.7,4.0,0,independent_rollout,4,trajectory_average,0.9032258064516129,0.5,0,0,0.9836417064308524,0.9836417064308524,0.0,0.17298750000000002,32,32,True,,,True,True
s008_t0_h0_p0.7_l4_f0,8,0,0,True,0.7,4.0,0,independent_rollout,4,exact_dedup,0.9032258064516129,0.5,0,0,0.9836417064308524,0.9836417064308524,0.0,0.17298750000000002,32,32,True,,,True,True
s008_t0_h0_p0.7_l4_f0,8,0,0,True,0.7,4.0,0,independent_rollout,4,semantic_dedup,0.9032258064516129,0.5,0,0,0.9836417064308524,0.9836417064308524,0.0,0.17298750000000002,32,32,True,,,True,True
s008_t0_h0_p0.7_l4_f0,8,0,0,True,0.7,4.0,0,independent_rollout,4,source_average,0.9032258064516129,0.9032258064516129,0,0,0.9836417064308524,0.9836417064308524,0.0,1.6384310483870967,32,32,True,,,True,True
s008_t0_h0_p0.7_l4_f0,8,0,0,True,0.7,4.0,0,independent_rollout,4,belief_mixing,0.9032258064516129,0.9032258064516129,0,0,0.9836417064308524,0.9836417064308524,0.0,1.6384310483870967,32,32,True,,,True,True
s008_t0_h0_p0.7_l4_f0,8,0,0,True,0.7,4.0,0,independent_rollout,4,provenance,0.9032258064516129,0.9032258064516129,0,0,0.9836417064308524,0.9836417064308524,0.0,1.6384310483870967,32,32,True,,,True,True
s008_t0_h0_p0.7_l4_f0,8,0,0,True,0.7,4.0,0,independent_rollout,8,flat,0.9032258064516129,0.903448,0,0,0.9836417064308524,0.9836417064308524,0.0,0.8068960000000001,64,64,True,,,True,True
s008_t0_h0_p0.7_l4_f0,8,0,0,True,0.7,4.0,0,independent_rollout,8,trajectory_average,0.9032258064516129,0.49999999999999994,1,0,-1.835555100958714,0.9836417064308524,2.8191968073895666,0.503725,64,64,True,,,True,True
s008_t0_h0_p0.7_l4_f0,8,0,0,True,0.7,4.0,0,independent_rollout,8,exact_dedup,0.9032258064516129,0.49999999999999994,1,0,-1.835555100958714,0.9836417064308524,2.8191968073895666,0.503725,64,64,True,,,True,True
s008_t0_h0_p0.7_l4_f0,8,0,0,True,0.7,4.0,0,independent_rollout,8,semantic_dedup,0.9032258064516129,0.49999999999999994,1,0,-1.835555100958714,0.9836417064308524,2.8191968073895666,0.503725,64,64,True,,,True,True
s008_t0_h0_p0.7_l4_f0,8,0,0,True,0.7,4.0,0,independent_rollout,8,source_average,0.9032258064516129,0.9032258064516129,0,0,0.9836417064308524,0.9836417064308524,0.0,1.474823387096774,64,64,True,,,True,True
s008_t0_h0_p0.7_l4_f0,8,0,0,True,0.7,4.0,0,independent_rollout,8,belief_mixing,0.9032258064516129,0.9032258064516129,0,0,0.9836417064308524,0.9836417064308524,0.0,1.474823387096774,64,64,True,,,True,True
s008_t0_h0_p0.7_l4_f0,8,0,0,True,0.7,4.0,0,independent_rollout,8,provenance,0.9032258064516129,0.9032258064516129,0,0,0.9836417064308524,0.9836417064308524,0.0,1.474823387096774,64,64,True,,,True,True
s009_t1_h0_p0.3_l1.25_f1,9,1,0,False,0.3,1.25,1,pure_duplication,1,flat,0.461538,0.3,0,0,0.8486637006471994,0.8486637006471994,0.0,0.0,8,8,True,,,True,True
s009_t1_h0_p0.3_l1.25_f1,9,1,0,False,0.3,1.25,1,pure_duplication,1,trajectory_average,0.461538,0.5,0,0,0.8486637006471994,0.8486637006471994,0.0,1.5902249999999998,8,8,True,,,True,True
s009_t1_h0_p0.3_l1.25_f1,9,1,0,False,0.3,1.25,1,pure_duplication,1,exact_dedup,0.461538,0.5,0,0,0.8486637006471994,0.8486637006471994,0.0,1.5902249999999998,8,8,True,,,True,True
s009_t1_h0_p0.3_l1.25_f1,9,1,0,False,0.3,1.25,1,pure_duplication,1,semantic_dedup,0.461538,0.5,0,0,0.8486637006471994,0.8486637006471994,0.0,1.5902249999999998,8,8,True,,,True,True
s009_t1_h0_p0.3_l1.25_f1,9,1,0,False,0.3,1.25,1,pure_duplication,1,source_average,0.461538,0.461538,0,0,0.8486637006471994,0.8486637006471994,0.0,1.7165169000999998,8,8,True,,,True,True
s009_t1_h0_p0.3_l1.25_f1,9,1,0,False,0.3,1.25,1,pure_duplication,1,belief_mixing,0.461538,0.461538,0,0,0.8486637006471994,0.8486637006471994,0.0,1.7165169000999998,8,8,True,,,True,True
s009_t1_h0_p0.3_l1.25_f1,9,1,0,False,0.3,1.25,1,pure_duplication,1,provenance,0.461538,0.461538,0,0,0.8486637006471994,0.8486637006471994,0.0,1.7165169000999998,8,8,True,,,True,True
s009_t1_h0_p0.3_l1.25_f1,9,1,0,False,0.3,1.25,1,pure_duplication,2,flat,0.461538,0.3,0,0,0.8486637006471994,0.8486637006471994,0.0,1.4509,16,16,True,,,True,True
s009_t1_h0_p0.3_l1.25_f1,9,1,0,False,0.3,1.25,1,pure_duplication,2,trajectory_average,0.461538,0.5,0,0,0.8486637006471994,0.8486637006471994,0.0,1.590225,8,16,True,,,True,True
s009_t1_h0_p0.3_l1.25_f1,9,1,0,False,0.3,1.25,1,pure_duplication,2,exact_dedup,0.461538,0.5,0,0,0.8486637006471994,0.8486637006471994,0.0,1.590225,8,16,True,,,True,True
s009_t1_h0_p0.3_l1.25_f1,9,1,0,False,0.3,1.25,1,pure_duplication,2,semantic_dedup,0.461538,0.5,0,0,0.8486637006471994,0.8486637006471994,0.0,1.590225,8,16,True,,,True,True
s009_t1_h0_p0.3_l1.25_f1,9,1,0,False,0.3,1.25,1,pure_duplication,2,source_average,0.461538,0.461538,0,0,0.8486637006471994,0.8486637006471994,0.0,1.7165169000999998,8,16,True,,,True,True
s009_t1_h0_p0.3_l1.25_f1,9,1,0,False,0.3,1.25,1,pure_duplication,2,belief_mixing,0.461538,0.461538,0,0,0.8486637006471994,0.8486637006471994,0.0,1.7165169000999998,8,16,True,,,True,True
s009_t1_h0_p0.3_l1.25_f1,9,1,0,False,0.3,1.25,1,pure_duplication,2,provenance,0.461538,0.461538,0,0,0.8486637006471994,0.8486637006471994,0.0,1.7165169000999998,8,16,True,,,True,True
s009_t1_h0_p0.3_l1.25_f1,9,1,0,False,0.3,1.25,1,pure_duplication,4,flat,0.461538,0.3,0,0,0.8486637006471994,0.8486637006471994,0.0,0.0,32,32,True,,,True,True
s009_t1_h0_p0.3_l1.25_f1,9,1,0,False,0.3,1.25,1,pure_duplication,4,trajectory_average,0.461538,0.3,0,0,0.8486637006471994,0.8486637006471994,0.0,1.590225,8,32,True,,,True,True
s009_t1_h0_p0.3_l1.25_f1,9,1,0,False,0.3,1.25,1,pure_duplication,4,exact_dedup,0.461538,0.3,0,0,0.8486637006471994,0.8486637006471994,0.0,1.590225,8,32,True,,,True,True
s009_t1_h0_p0.3_l1.25_f1,9,1,0,False,0.3,1.25,1,pure_duplication,4,semantic_dedup,0.461538,0.3,0,0,0.8486637006471994,0.8486637006471994,0.0,1.590225,8,32,True,,,True,True
s009_t1_h0_p0.3_l1.25_f1,9,1,0,False,0.3,1.25,1,pure_duplication,4,source_average,0.461538,0.461538,0,0,0.8486637006471994,0.8486637006471994,0.0,1.7165169000999998,8,32,True,,,True,True
s009_t1_h0_p0.3_l1.25_f1,9,1,0,False,0.3,1.25,1,pure_duplication,4,belief_mixing,0.461538,0.461538,0,0,0.8486637006471994,0.8486637006471994,0.0,1.7165169000999998,8,32,True,,,True,True
s009_t1_h0_p0.3_l1.25_f1,9,1,0,False,0.3,1.25,1,pure_duplication,4,provenance,0.461538,0.461538,0,0,0.8486637006471994,0.8486637006471994,0.0,1.7165169000999998,8,32,True,,,True,True
s009_t1_h0_p0.3_l1.25_f1,9,1,0,False,0.3,1.25,1,pure_duplication,8,flat,0.461538,0.3,0,0,0.8486637006471994,0.8486637006471994,0.0,0.0,64,64,True,,,True,True
s009_t1_h0_p0.3_l1.25_f1,9,1,0,False,0.3,1.25,1,pure_duplication,8,trajectory_average,0.461538,0.3,0,0,0.8486637006471994,0.8486637006471994,0.0,1.590225,8,64,True,,,True,True
s009_t1_h0_p0.3_l1.25_f1,9,1,0,False,0.3,1.25,1,pure_duplication,8,exact_dedup,0.461538,0.3,0,0,0.8486637006471994,0.8486637006471994,0.0,1.590225,8,64,True,,,True,True
s009_t1_h0_p0.3_l1.25_f1,9,1,0,False,0.3,1.25,1,pure_duplication,8,semantic_dedup,0.461538,0.3,0,0,0.8486637006471994,0.8486637006471994,0.0,1.590225,8,64,True,,,True,True
s009_t1_h0_p0.3_l1.25_f1,9,1,0,False,0.3,1.25,1,pure_duplication,8,source_average,0.461538,0.461538,0,0,0.8486637006471994,0.8486637006471994,0.0,1.7165169000999998,8,64,True,,,True,True
s009_t1_h0_p0.3_l1.25_f1,9,1,0,False,0.3,1.25,1,pure_duplication,8,belief_mixing,0.461538,0.461538,0,0,0.8486637006471994,0.8486637006471994,0.0,1.7165169000999998,8,64,True,,,True,True
s009_t1_h0_p0.3_l1.25_f1,9,1,0,False,0.3,1.25,1,pure_duplication,8,provenance,0.461538,0.461538,0,0,0.8486637006471994,0.8486637006471994,0.0,1.7165169000999998,8,64,True,,,True,True
s009_t1_h0_p0.3_l1.25_f1,9,1,0,False,0.3,1.25,1,paraphrase_duplication,1,flat,0.461538,0.3,0,0,0.8486637006471994,0.8486637006471994,0.0,0.0,8,8,True,,,True,True
s009_t1_h0_p0.3_l1.25_f1,9,1,0,False,0.3,1.25,1,paraphrase_duplication,1,trajectory_average,0.461538,0.5,0,0,0.8486637006471994,0.8486637006471994,0.0,1.5902249999999998,8,8,True,,,True,True
s009_t1_h0_p0.3_l1.25_f1,9,1,0,False,0.3,1.25,1,paraphrase_duplication,1,exact_dedup,0.461538,0.5,0,0,0.8486637006471994,0.8486637006471994,0.0,1.5902249999999998,8,8,True,,,True,True
s009_t1_h0_p0.3_l1.25_f1,9,1,0,False,0.3,1.25,1,paraphrase_duplication,1,semantic_dedup,0.461538,0.5,0,0,0.8486637006471994,0.8486637006471994,0.0,1.5902249999999998,8,8,True,,,True,True
s009_t1_h0_p0.3_l1.25_f1,9,1,0,False,0.3,1.25,1,paraphrase_duplication,1,source_average,0.461538,0.461538,0,0,0.8486637006471994,0.8486637006471994,0.0,1.7165169000999998,8,8,True,,,True,True
s009_t1_h0_p0.3_l1.25_f1,9,1,0,False,0.3,1.25,1,paraphrase_duplication,1,belief_mixing,0.461538,0.461538,0,0,0.8486637006471994,0.8486637006471994,0.0,1.7165169000999998,8,8,True,,,True,True
s009_t1_h0_p0.3_l1.25_f1,9,1,0,False,0.3,1.25,1,paraphrase_duplication,1,provenance,0.461538,0.461538,0,0,0.8486637006471994,0.8486637006471994,0.0,1.7165169000999998,8,8,True,,,True,True
s009_t1_h0_p0.3_l1.25_f1,9,1,0,False,0.3,1.25,1,paraphrase_duplication,2,flat,0.461538,0.3,0,0,0.8486637006471994,0.8486637006471994,0.0,2.6809,16,16,True,,,True,True
s009_t1_h0_p0.3_l1.25_f1,9,1,0,False,0.3,1.25,1,paraphrase_duplication,2,trajectory_average,0.461538,0.3,0,0,0.8486637006471994,0.8486637006471994,0.0,1.590225,8,16,True,,,True,True
s009_t1_h0_p0.3_l1.25_f1,9,1,0,False,0.3,1.25,1,paraphrase_duplication,2,exact_dedup,0.461538,0.3,0,0,0.8486637006471994,0.8486637006471994,0.0,1.590225,16,16,True,,,True,True
s009_t1_h0_p0.3_l1.25_f1,9,1,0,False,0.3,1.25,1,paraphrase_duplication,2,semantic_dedup,0.461538,0.3,0,0,0.8486637006471994,0.8486637006471994,0.0,1.590225,8,16,True,,,True,True
s009_t1_h0_p0.3_l1.25_f1,9,1,0,False,0.3,1.25,1,paraphrase_duplication,2,source_average,0.461538,0.461538,0,0,0.8486637006471994,0.8486637006471994,0.0,1.7165169000999998,8,16,True,,,True,True
s009_t1_h0_p0.3_l1.25_f1,9,1,0,False,0.3,1.25,1,paraphrase_duplication,2,belief_mixing,0.461538,0.461538,0,0,0.8486637006471994,0.8486637006471994,0.0,1.7165169000999998,8,16,True,,,True,True
s009_t1_h0_p0.3_l1.25_f1,9,1,0,False,0.3,1.25,1,paraphrase_duplication,2,provenance,0.461538,0.461538,0,0,0.8486637006471994,0.8486637006471994,0.0,1.7165169000999998,8,16,True,,,True,True
s009_t1_h0_p0.3_l1.25_f1,9,1,0,False,0.3,1.25,1,paraphrase_duplication,4,flat,0.461538,0.3,0,0,0.8486637006471994,0.8486637006471994,0.0,0.0,32,32,True,,,True,True
s009_t1_h0_p0.3_l1.25_f1,9,1,0,False,0.3,1.25,1,paraphrase_duplication,4,trajectory_average,0.461538,0.3,0,0,0.8486637006471994,0.8486637006471994,0.0,1.590225,8,32,True,,,True,True
s009_t1_h0_p0.3_l1.25_f1,9,1,0,False,0.3,1.25,1,paraphrase_duplication,4,exact_dedup,0.461538,0.3,0,0,0.8486637006471994,0.8486637006471994,0.0,1.590225,32,32,True,,,True,True
s009_t1_h0_p0.3_l1.25_f1,9,1,0,False,0.3,1.25,1,paraphrase_duplication,4,semantic_dedup,0.461538,0.3,0,0,0.8486637006471994,0.8486637006471994,0.0,1.590225,8,32,True,,,True,True
s009_t1_h0_p0.3_l1.25_f1,9,1,0,False,0.3,1.25,1,paraphrase_duplication,4,source_average,0.461538,0.461538,0,0,0.8486637006471994,0.8486637006471994,0.0,1.7165169000999998,8,32,True,,,True,True
s009_t1_h0_p0.3_l1.25_f1,9,1,0,False,0.3,1.25,1,paraphrase_duplication,4,belief_mixing,0.461538,0.461538,0,0,0.8486637006471994,0.8486637006471994,0.0,1.7165169000999998,8,32,True,,,True,True
s009_t1_h0_p0.3_l1.25_f1,9,1,0,False,0.3,1.25,1,paraphrase_duplication,4,provenance,0.461538,0.461538,0,0,0.8486637006471994,0.8486637006471994,0.0,1.7165169000999998,8,32,True,,,True,True
s009_t1_h0_p0.3_l1.25_f1,9,1,0,False,0.3,1.25,1,paraphrase_duplication,8,flat,0.461538,0.3,0,0,0.8486637006471994,0.8486637006471994,0.0,0.0,64,64,True,,,True,True
s009_t1_h0_p0.3_l1.25_f1,9,1,0,False,0.3,1.25,1,paraphrase_duplication,8,trajectory_average,0.461538,0.3,0,0,0.8486637006471994,0.8486637006471994,0.0,1.590225,8,64,True,,,True,True
s009_t1_h0_p0.3_l1.25_f1,9,1,0,False,0.3,1.25,1,paraphrase_duplication,8,exact_dedup,0.461538,0.3,0,0,0.8486637006471994,0.8486637006471994,0.0,1.590225,32,64,True,,,True,True
s009_t1_h0_p0.3_l1.25_f1,9,1,0,False,0.3,1.25,1,paraphrase_duplication,8,semantic_dedup,0.461538,0.3,0,0,0.8486637006471994,0.8486637006471994,0.0,1.590225,8,64,True,,,True,True
s009_t1_h0_p0.3_l1.25_f1,9,1,0,False,0.3,1.25,1,paraphrase_duplication,8,source_average,0.461538,0.461538,0,0,0.8486637006471994,0.8486637006471994,0.0,1.7165169000999998,8,64,True,,,True,True
s009_t1_h0_p0.3_l1.25_f1,9,1,0,False,0.3,1.25,1,paraphrase_duplication,8,belief_mixing,0.461538,0.461538,0,0,0.8486637006471994,0.8486637006471994,0.0,1.7165169000999998,8,64,True,,,True,True
s009_t1_h0_p0.3_l1.25_f1,9,1,0,False,0.3,1.25,1,paraphrase_duplication,8,provenance,0.461538,0.461538,0,0,0.8486637006471994,0.8486637006471994,0.0,1.7165169000999998,8,64,True,,,True,True
s009_t1_h0_p0.3_l1.25_f1,9,1,0,False,0.3,1.25,1,independent_rollout,1,flat,0.461538,0.3,1,0,-1.0992753307924854,0.8486637006471994,1.947939031439685,0.0,8,8,True,,,True,True
s009_t1_h0_p0.3_l1.25_f1,9,1,0,False,0.3,1.25,1,independent_rollout,1,trajectory_average,0.461538,0.5,0,0,0.8486637006471994,0.8486637006471994,0.0,1.590225,8,8,True,,,True,True
s009_t1_h0_p0.3_l1.25_f1,9,1,0,False,0.3,1.25,1,independent_rollout,1,exact_dedup,0.461538,0.5,0,0,0.8486637006471994,0.8486637006471994,0.0,1.590225,8,8,True,,,True,True
s009_t1_h0_p0.3_l1.25_f1,9,1,0,False,0.3,1.25,1,independent_rollout,1,semantic_dedup,0.461538,0.5,0,0,0.8486637006471994,0.8486637006471994,0.0,1.590225,8,8,True,,,True,True
s009_t1_h0_p0.3_l1.25_f1,9,1,0,False,0.3,1.25,1,independent_rollout,1,source_average,0.461538,0.461538,0,0,0.8486637006471994,0.8486637006471994,0.0,1.7165169000999998,8,8,True,,,True,True
s009_t1_h0_p0.3_l1.25_f1,9,1,0,False,0.3,1.25,1,independent_rollout,1,belief_mixing,0.461538,0.461538,0,0,0.8486637006471994,0.8486637006471994,0.0,1.7165169000999998,8,8,True,,,True,True
s009_t1_h0_p0.3_l1.25_f1,9,1,0,False,0.3,1.25,1,independent_rollout,1,provenance,0.461538,0.461538,0,0,0.8486637006471994,0.8486637006471994,0.0,1.7165169000999998,8,8,True,,,True,True
s009_t1_h0_p0.3_l1.25_f1,9,1,0,False,0.3,1.25,1,independent_rollout,2,flat,0.461538,0.3,0,0,0.8486637006471994,0.8486637006471994,0.0,0.0,16,16,True,,,True,True
s009_t1_h0_p0.3_l1.25_f1,9,1,0,False,0.3,1.25,1,independent_rollout,2,trajectory_average,0.461538,0.5,0,0,0.8486637006471994,0.8486637006471994,0.0,1.3910125,16,16,True,,,True,True
s009_t1_h0_p0.3_l1.25_f1,9,1,0,False,0.3,1.25,1,independent_rollout,2,exact_dedup,0.461538,0.5,0,0,0.8486637006471994,0.8486637006471994,0.0,1.3910125,16,16,True,,,True,True
s009_t1_h0_p0.3_l1.25_f1,9,1,0,False,0.3,1.25,1,independent_rollout,2,semantic_dedup,0.461538,0.5,0,0,0.8486637006471994,0.8486637006471994,0.0,1.3910125,16,16,True,,,True,True
s009_t1_h0_p0.3_l1.25_f1,9,1,0,False,0.3,1.25,1,independent_rollout,2,source_average,0.461538,0.461538,0,0,0.8486637006471994,0.8486637006471994,0.0,1.4765087182499999,16,16,True,,,True,True
s009_t1_h0_p0.3_l1.25_f1,9,1,0,False,0.3,1.25,1,independent_rollout,2,belief_mixing,0.461538,0.461538,0,0,0.8486637006471994,0.8486637006471994,0.0,1.4765087182499999,16,16,True,,,True,True
s009_t1_h0_p0.3_l1.25_f1,9,1,0,False,0.3,1.25,1,independent_rollout,2,provenance,0.461538,0.461538,0,0,0.8486637006471994,0.8486637006471994,0.0,1.4765087182499999,16,16,True,,,True,True
s009_t1_h0_p0.3_l1.25_f1,9,1,0,False,0.3,1.25,1,independent_rollout,4,flat,0.461538,0.3,0,0,0.8486637006471994,0.8486637006471994,0.0,0.0,32,32,True,,,True,True
s009_t1_h0_p0.3_l1.25_f1,9,1,0,False,0.3,1.25,1,independent_rollout,4,trajectory_average,0.461538,0.3,0,0,0.8486637006471994,0.8486637006471994,0.0,1.42845625,32,32,True,,,True,True
s009_t1_h0_p0.3_l1.25_f1,9,1,0,False,0.3,1.25,1,independent_rollout,4,exact_dedup,0.461538,0.3,0,0,0.8486637006471994,0.8486637006471994,0.0,1.42845625,32,32,True,,,True,True
s009_t1_h0_p0.3_l1.25_f1,9,1,0,False,0.3,1.25,1,independent_rollout,4,semantic_dedup,0.461538,0.3,0,0,0.8486637006471994,0.8486637006471994,0.0,1.42845625,32,32,True,,,True,True
s009_t1_h0_p0.3_l1.25_f1,9,1,0,False,0.3,1.25,1,independent_rollout,4,source_average,0.461538,0.461538,0,0,0.8486637006471994,0.8486637006471994,0.0,1.489380538775,32,32,True,,,True,True
s009_t1_h0_p0.3_l1.25_f1,9,1,0,False,0.3,1.25,1,independent_rollout,4,belief_mixing,0.461538,0.461538,0,0,0.8486637006471994,0.8486637006471994,0.0,1.489380538775,32,32,True,,,True,True
s009_t1_h0_p0.3_l1.25_f1,9,1,0,False,0.3,1.25,1,independent_rollout,4,provenance,0.461538,0.461538,0,0,0.8486637006471994,0.8486637006471994,0.0,1.489380538775,32,32,True,,,True,True
s009_t1_h0_p0.3_l1.25_f1,9,1,0,False,0.3,1.25,1,independent_rollout,8,flat,0.461538,0.3,0,0,0.8486637006471994,0.8486637006471994,0.0,0.255,64,64,True,,,True,True
s009_t1_h0_p0.3_l1.25_f1,9,1,0,False,0.3,1.25,1,independent_rollout,8,trajectory_average,0.461538,0.33333300000000005,0,0,0.8486637006471994,0.8486637006471994,0.0,1.063140625,64,64,True,,,True,True
s009_t1_h0_p0.3_l1.25_f1,9,1,0,False,0.3,1.25,1,independent_rollout,8,exact_dedup,0.461538,0.33333300000000005,0,0,0.8486637006471994,0.8486637006471994,0.0,1.063140625,64,64,True,,,True,True
s009_t1_h0_p0.3_l1.25_f1,9,1,0,False,0.3,1.25,1,independent_rollout,8,semantic_dedup,0.461538,0.33333300000000005,0,0,0.8486637006471994,0.8486637006471994,0.0,1.063140625,64,64,True,,,True,True
s009_t1_h0_p0.3_l1.25_f1,9,1,0,False,0.3,1.25,1,independent_rollout,8,source_average,0.461538,0.461538,0,0,0.8486637006471994,0.8486637006471994,0.0,1.1109255734124999,64,64,True,,,True,True
s009_t1_h0_p0.3_l1.25_f1,9,1,0,False,0.3,1.25,1,independent_rollout,8,belief_mixing,0.461538,0.461538,0,0,0.8486637006471994,0.8486637006471994,0.0,1.1109255734124999,64,64,True,,,True,True
s009_t1_h0_p0.3_l1.25_f1,9,1,0,False,0.3,1.25,1,independent_rollout,8,provenance,0.461538,0.461538,0,0,0.8486637006471994,0.8486637006471994,0.0,1.1109255734124999,64,64,True,,,True,True
s010_t0_h1_p0.5_l2_f0,10,0,1,False,0.5,2.0,0,pure_duplication,1,flat,0.333333,0.333333,0,0,1.2934860908618493,1.2934860908618493,0.0,0.738,8,8,True,,,True,True
s010_t0_h1_p0.5_l2_f0,10,0,1,False,0.5,2.0,0,pure_duplication,1,trajectory_average,0.333333,0.5,0,0,1.2934860908618493,1.2934860908618493,0.0,0.9882249999999999,8,8,True,,,True,True
s010_t0_h1_p0.5_l2_f0,10,0,1,False,0.5,2.0,0,pure_duplication,1,exact_dedup,0.333333,0.5,0,0,1.2934860908618493,1.2934860908618493,0.0,0.9882249999999999,8,8,True,,,True,True
s010_t0_h1_p0.5_l2_f0,10,0,1,False,0.5,2.0,0,pure_duplication,1,semantic_dedup,0.333333,0.5,0,0,1.2934860908618493,1.2934860908618493,0.0,0.9882249999999999,8,8,True,,,True,True
s010_t0_h1_p0.5_l2_f0,10,0,1,False,0.5,2.0,0,pure_duplication,1,source_average,0.333333,0.333333,0,0,1.2934860908618493,1.2934860908618493,0.0,1.96858529405,8,8,True,,,True,True
s010_t0_h1_p0.5_l2_f0,10,0,1,False,0.5,2.0,0,pure_duplication,1,belief_mixing,0.333333,0.333333,0,0,1.2934860908618493,1.2934860908618493,0.0,1.96858529405,8,8,True,,,True,True
s010_t0_h1_p0.5_l2_f0,10,0,1,False,0.5,2.0,0,pure_duplication,1,provenance,0.333333,0.333333,0,0,1.2934860908618493,1.2934860908618493,0.0,1.96858529405,8,8,True,,,True,True
s010_t0_h1_p0.5_l2_f0,10,0,1,False,0.5,2.0,0,pure_duplication,2,flat,0.333333,0.333333,0,0,1.2934860908618493,1.2934860908618493,0.0,3.05265,16,16,True,,,True,True
s010_t0_h1_p0.5_l2_f0,10,0,1,False,0.5,2.0,0,pure_duplication,2,trajectory_average,0.333333,0.5,0,0,1.2934860908618493,1.2934860908618493,0.0,0.9882249999999999,8,16,True,,,True,True
s010_t0_h1_p0.5_l2_f0,10,0,1,False,0.5,2.0,0,pure_duplication,2,exact_dedup,0.333333,0.5,0,0,1.2934860908618493,1.2934860908618493,0.0,0.9882249999999999,8,16,True,,,True,True
s010_t0_h1_p0.5_l2_f0,10,0,1,False,0.5,2.0,0,pure_duplication,2,semantic_dedup,0.333333,0.5,0,0,1.2934860908618493,1.2934860908618493,0.0,0.9882249999999999,8,16,True,,,True,True
s010_t0_h1_p0.5_l2_f0,10,0,1,False,0.5,2.0,0,pure_duplication,2,source_average,0.333333,0.333333,0,0,1.2934860908618493,1.2934860908618493,0.0,1.96858529405,8,16,True,,,True,True
s010_t0_h1_p0.5_l2_f0,10,0,1,False,0.5,2.0,0,pure_duplication,2,belief_mixing,0.333333,0.333333,0,0,1.2934860908618493,1.2934860908618493,0.0,1.96858529405,8,16,True,,,True,True
s010_t0_h1_p0.5_l2_f0,10,0,1,False,0.5,2.0,0,pure_duplication,2,provenance,0.333333,0.333333,0,0,1.2934860908618493,1.2934860908618493,0.0,1.96858529405,8,16,True,,,True,True
s010_t0_h1_p0.5_l2_f0,10,0,1,False,0.5,2.0,0,pure_duplication,4,flat,0.333333,0.333333,0,0,1.2934860908618493,1.2934860908618493,0.0,1.333333,32,32,True,,,True,True
s010_t0_h1_p0.5_l2_f0,10,0,1,False,0.5,2.0,0,pure_duplication,4,trajectory_average,0.333333,0.5,0,0,1.2934860908618493,1.2934860908618493,0.0,0.9882249999999999,8,32,True,,,True,True
s010_t0_h1_p0.5_l2_f0,10,0,1,False,0.5,2.0,0,pure_duplication,4,exact_dedup,0.333333,0.5,0,0,1.2934860908618493,1.2934860908618493,0.0,0.9882249999999999,8,32,True,,,True,True
s010_t0_h1_p0.5_l2_f0,10,0,1,False,0.5,2.0,0,pure_duplication,4,semantic_dedup,0.333333,0.5,0,0,1.2934860908618493,1.2934860908618493,0.0,0.9882249999999999,8,32,True,,,True,True
s010_t0_h1_p0.5_l2_f0,10,0,1,False,0.5,2.0,0,pure_duplication,4,source_average,0.333333,0.333333,0,0,1.2934860908618493,1.2934860908618493,0.0,1.96858529405,8,32,True,,,True,True
s010_t0_h1_p0.5_l2_f0,10,0,1,False,0.5,2.0,0,pure_duplication,4,belief_mixing,0.333333,0.333333,0,0,1.2934860908618493,1.2934860908618493,0.0,1.96858529405,8,32,True,,,True,True
s010_t0_h1_p0.5_l2_f0,10,0,1,False,0.5,2.0,0,pure_duplication,4,provenance,0.333333,0.333333,0,0,1.2934860908618493,1.2934860908618493,0.0,1.96858529405,8,32,True,,,True,True
s010_t0_h1_p0.5_l2_f0,10,0,1,False,0.5,2.0,0,pure_duplication,8,flat,0.333333,0.333333,0,0,1.2934860908618493,1.2934860908618493,0.0,1.333333,64,64,True,,,True,True
s010_t0_h1_p0.5_l2_f0,10,0,1,False,0.5,2.0,0,pure_duplication,8,trajectory_average,0.333333,0.5,0,0,1.2934860908618493,1.2934860908618493,0.0,0.9882249999999999,8,64,True,,,True,True
s010_t0_h1_p0.5_l2_f0,10,0,1,False,0.5,2.0,0,pure_duplication,8,exact_dedup,0.333333,0.5,0,0,1.2934860908618493,1.2934860908618493,0.0,0.9882249999999999,8,64,True,,,True,True
s010_t0_h1_p0.5_l2_f0,10,0,1,False,0.5,2.0,0,pure_duplication,8,semantic_dedup,0.333333,0.5,0,0,1.2934860908618493,1.2934860908618493,0.0,0.9882249999999999,8,64,True,,,True,True
s010_t0_h1_p0.5_l2_f0,10,0,1,False,0.5,2.0,0,pure_duplication,8,source_average,0.333333,0.333333,0,0,1.2934860908618493,1.2934860908618493,0.0,1.96858529405,8,64,True,,,True,True
s010_t0_h1_p0.5_l2_f0,10,0,1,False,0.5,2.0,0,pure_duplication,8,belief_mixing,0.333333,0.333333,0,0,1.2934860908618493,1.2934860908618493,0.0,1.96858529405,8,64,True,,,True,True
s010_t0_h1_p0.5_l2_f0,10,0,1,False,0.5,2.0,0,pure_duplication,8,provenance,0.333333,0.333333,0,0,1.2934860908618493,1.2934860908618493,0.0,1.96858529405,8,64,True,,,True,True
s010_t0_h1_p0.5_l2_f0,10,0,1,False,0.5,2.0,0,paraphrase_duplication,1,flat,0.333333,0.333333,0,0,1.2934860908618493,1.2934860908618493,0.0,2.307,8,8,True,,,True,True
s010_t0_h1_p0.5_l2_f0,10,0,1,False,0.5,2.0,0,paraphrase_duplication,1,trajectory_average,0.333333,0.5,0,0,1.2934860908618493,1.2934860908618493,0.0,0.9882250000000001,8,8,True,,,True,True
s010_t0_h1_p0.5_l2_f0,10,0,1,False,0.5,2.0,0,paraphrase_duplication,1,exact_dedup,0.333333,0.5,0,0,1.2934860908618493,1.2934860908618493,0.0,0.9882250000000001,8,8,True,,,True,True
s010_t0_h1_p0.5_l2_f0,10,0,1,False,0.5,2.0,0,paraphrase_duplication,1,semantic_dedup,0.333333,0.5,0,0,1.2934860908618493,1.2934860908618493,0.0,0.9882250000000001,8,8,True,,,True,True
s010_t0_h1_p0.5_l2_f0,10,0,1,False,0.5,2.0,0,paraphrase_duplication,1,source_average,0.333333,0.333333,0,0,1.2934860908618493,1.2934860908618493,0.0,1.96858529405,8,8,True,,,True,True
s010_t0_h1_p0.5_l2_f0,10,0,1,False,0.5,2.0,0,paraphrase_duplication,1,belief_mixing,0.333333,0.333333,0,0,1.2934860908618493,1.2934860908618493,0.0,1.96858529405,8,8,True,,,True,True
s010_t0_h1_p0.5_l2_f0,10,0,1,False,0.5,2.0,0,paraphrase_duplication,1,provenance,0.333333,0.333333,0,0,1.2934860908618493,1.2934860908618493,0.0,1.96858529405,8,8,True,,,True,True
s010_t0_h1_p0.5_l2_f0,10,0,1,False,0.5,2.0,0,paraphrase_duplication,2,flat,0.333333,0.333333,0,0,1.2934860908618493,1.2934860908618493,0.0,1.0242,16,16,True,,,True,True
s010_t0_h1_p0.5_l2_f0,10,0,1,False,0.5,2.0,0,paraphrase_duplication,2,trajectory_average,0.333333,0.5,0,0,1.2934860908618493,1.2934860908618493,0.0,0.9882249999999999,8,16,True,,,True,True
s010_t0_h1_p0.5_l2_f0,10,0,1,False,0.5,2.0,0,paraphrase_duplication,2,exact_dedup,0.333333,0.5,0,0,1.2934860908618493,1.2934860908618493,0.0,0.9882249999999999,16,16,True,,,True,True
s010_t0_h1_p0.5_l2_f0,10,0,1,False,0.5,2.0,0,paraphrase_duplication,2,semantic_dedup,0.333333,0.5,0,0,1.2934860908618493,1.2934860908618493,0.0,0.9882249999999999,8,16,True,,,True,True
s010_t0_h1_p0.5_l2_f0,10,0,1,False,0.5,2.0,0,paraphrase_duplication,2,source_average,0.333333,0.333333,0,0,1.2934860908618493,1.2934860908618493,0.0,1.96858529405,8,16,True,,,True,True
s010_t0_h1_p0.5_l2_f0,10,0,1,False,0.5,2.0,0,paraphrase_duplication,2,belief_mixing,0.333333,0.333333,0,0,1.2934860908618493,1.2934860908618493,0.0,1.96858529405,8,16,True,,,True,True
s010_t0_h1_p0.5_l2_f0,10,0,1,False,0.5,2.0,0,paraphrase_duplication,2,provenance,0.333333,0.333333,0,0,1.2934860908618493,1.2934860908618493,0.0,1.96858529405,8,16,True,,,True,True
s010_t0_h1_p0.5_l2_f0,10,0,1,False,0.5,2.0,0,paraphrase_duplication,4,flat,0.333333,0.333333,0,0,1.2934860908618493,1.2934860908618493,0.0,1.4275,32,32,True,,,True,True
s010_t0_h1_p0.5_l2_f0,10,0,1,False,0.5,2.0,0,paraphrase_duplication,4,trajectory_average,0.333333,0.5,0,0,1.2934860908618493,1.2934860908618493,0.0,0.988225,8,32,True,,,True,True
s010_t0_h1_p0.5_l2_f0,10,0,1,False,0.5,2.0,0,paraphrase_duplication,4,exact_dedup,0.333333,0.5,0,0,1.2934860908618493,1.2934860908618493,0.0,0.9882249999999999,32,32,True,,,True,True
s010_t0_h1_p0.5_l2_f0,10,0,1,False,0.5,2.0,0,paraphrase_duplication,4,semantic_dedup,0.333333,0.5,0,0,1.2934860908618493,1.2934860908618493,0.0,0.988225,8,32,True,,,True,True
s010_t0_h1_p0.5_l2_f0,10,0,1,False,0.5,2.0,0,paraphrase_duplication,4,source_average,0.333333,0.333333,0,0,1.2934860908618493,1.2934860908618493,0.0,1.96858529405,8,32,True,,,True,True
s010_t0_h1_p0.5_l2_f0,10,0,1,False,0.5,2.0,0,paraphrase_duplication,4,belief_mixing,0.333333,0.333333,0,0,1.2934860908618493,1.2934860908618493,0.0,1.96858529405,8,32,True,,,True,True
s010_t0_h1_p0.5_l2_f0,10,0,1,False,0.5,2.0,0,paraphrase_duplication,4,provenance,0.333333,0.333333,0,0,1.2934860908618493,1.2934860908618493,0.0,1.96858529405,8,32,True,,,True,True
s010_t0_h1_p0.5_l2_f0,10,0,1,False,0.5,2.0,0,paraphrase_duplication,8,flat,0.333333,0.333333,0,0,1.2934860908618493,1.2934860908618493,0.0,1.4491999999999998,64,64,True,,,True,True
s010_t0_h1_p0.5_l2_f0,10,0,1,False,0.5,2.0,0,paraphrase_duplication,8,trajectory_average,0.333333,0.5,0,0,1.2934860908618493,1.2934860908618493,0.0,0.9882249999999999,8,64,True,,,True,True
s010_t0_h1_p0.5_l2_f0,10,0,1,False,0.5,2.0,0,paraphrase_duplication,8,exact_dedup,0.333333,0.5,0,0,1.2934860908618493,1.2934860908618493,0.0,0.9882249999999999,32,64,True,,,True,True
s010_t0_h1_p0.5_l2_f0,10,0,1,False,0.5,2.0,0,paraphrase_duplication,8,semantic_dedup,0.333333,0.5,0,0,1.2934860908618493,1.2934860908618493,0.0,0.9882249999999999,8,64,True,,,True,True
s010_t0_h1_p0.5_l2_f0,10,0,1,False,0.5,2.0,0,paraphrase_duplication,8,source_average,0.333333,0.333333,0,0,1.2934860908618493,1.2934860908618493,0.0,1.96858529405,8,64,True,,,True,True
s010_t0_h1_p0.5_l2_f0,10,0,1,False,0.5,2.0,0,paraphrase_duplication,8,belief_mixing,0.333333,0.333333,0,0,1.2934860908618493,1.2934860908618493,0.0,1.96858529405,8,64,True,,,True,True
s010_t0_h1_p0.5_l2_f0,10,0,1,False,0.5,2.0,0,paraphrase_duplication,8,provenance,0.333333,0.333333,0,0,1.2934860908618493,1.2934860908618493,0.0,1.96858529405,8,64,True,,,True,True
s010_t0_h1_p0.5_l2_f0,10,0,1,False,0.5,2.0,0,independent_rollout,1,flat,0.333333,0.333333,0,0,1.2934860908618493,1.2934860908618493,0.0,0.0,8,8,True,,,True,True
s010_t0_h1_p0.5_l2_f0,10,0,1,False,0.5,2.0,0,independent_rollout,1,trajectory_average,0.333333,0.5,0,0,1.2934860908618493,1.2934860908618493,0.0,0.988225,8,8,True,,,True,True
s010_t0_h1_p0.5_l2_f0,10,0,1,False,0.5,2.0,0,independent_rollout,1,exact_dedup,0.333333,0.5,0,0,1.2934860908618493,1.2934860908618493,0.0,0.988225,8,8,True,,,True,True
s010_t0_h1_p0.5_l2_f0,10,0,1,False,0.5,2.0,0,independent_rollout,1,semantic_dedup,0.333333,0.5,0,0,1.2934860908618493,1.2934860908618493,0.0,0.988225,8,8,True,,,True,True
s010_t0_h1_p0.5_l2_f0,10,0,1,False,0.5,2.0,0,independent_rollout,1,source_average,0.333333,0.333333,0,0,1.2934860908618493,1.2934860908618493,0.0,1.96858529405,8,8,True,,,True,True
s010_t0_h1_p0.5_l2_f0,10,0,1,False,0.5,2.0,0,independent_rollout,1,belief_mixing,0.333333,0.333333,0,0,1.2934860908618493,1.2934860908618493,0.0,1.96858529405,8,8,True,,,True,True
s010_t0_h1_p0.5_l2_f0,10,0,1,False,0.5,2.0,0,independent_rollout,1,provenance,0.333333,0.333333,0,0,1.2934860908618493,1.2934860908618493,0.0,1.96858529405,8,8,True,,,True,True
s010_t0_h1_p0.5_l2_f0,10,0,1,False,0.5,2.0,0,independent_rollout,2,flat,0.333333,0.333333,0,0,1.2934860908618493,1.2934860908618493,0.0,0.0,16,16,True,,,True,True
s010_t0_h1_p0.5_l2_f0,10,0,1,False,0.5,2.0,0,independent_rollout,2,trajectory_average,0.333333,0.5,0,0,1.2934860908618493,1.2934860908618493,0.0,0.060812500000000075,16,16,True,,,True,True
s010_t0_h1_p0.5_l2_f0,10,0,1,False,0.5,2.0,0,independent_rollout,2,exact_dedup,0.333333,0.5,0,0,1.2934860908618493,1.2934860908618493,0.0,0.060812500000000075,16,16,True,,,True,True
s010_t0_h1_p0.5_l2_f0,10,0,1,False,0.5,2.0,0,independent_rollout,2,semantic_dedup,0.333333,0.5,0,0,1.2934860908618493,1.2934860908618493,0.0,0.060812500000000075,16,16,True,,,True,True
s010_t0_h1_p0.5_l2_f0,10,0,1,False,0.5,2.0,0,independent_rollout,2,source_average,0.333333,0.333333,0,0,1.2934860908618493,1.2934860908618493,0.0,1.066577011525,16,16,True,,,True,True
s010_t0_h1_p0.5_l2_f0,10,0,1,False,0.5,2.0,0,independent_rollout,2,belief_mixing,0.333333,0.333333,0,0,1.2934860908618493,1.2934860908618493,0.0,1.066577011525,16,16,True,,,True,True
s010_t0_h1_p0.5_l2_f0,10,0,1,False,0.5,2.0,0,independent_rollout,2,provenance,0.333333,0.333333,0,0,1.2934860908618493,1.2934860908618493,0.0,1.066577011525,16,16,True,,,True,True
s010_t0_h1_p0.5_l2_f0,10,0,1,False,0.5,2.0,0,independent_rollout,4,flat,0.333333,0.333333,1,0,-1.5159239115503467,1.2934860908618493,2.809410002412196,0.0,32,32,True,,,True,True
s010_t0_h1_p0.5_l2_f0,10,0,1,False,0.5,2.0,0,independent_rollout,4,trajectory_average,0.333333,0.5,1,0,-1.5159239115503467,1.2934860908618493,2.809410002412196,0.3452624999999999,32,32,True,,,True,True
s010_t0_h1_p0.5_l2_f0,10,0,1,False,0.5,2.0,0,independent_rollout,4,exact_dedup,0.333333,0.5,1,0,-1.5159239115503467,1.2934860908618493,2.809410002412196,0.3452624999999999,32,32,True,,,True,True
s010_t0_h1_p0.5_l2_f0,10,0,1,False,0.5,2.0,0,independent_rollout,4,semantic_dedup,0.333333,0.5,1,0,-1.5159239115503467,1.2934860908618493,2.809410002412196,0.3452624999999999,32,32,True,,,True,True
s010_t0_h1_p0.5_l2_f0,10,0,1,False,0.5,2.0,0,independent_rollout,4,source_average,0.333333,0.333333,0,0,1.2934860908618493,1.2934860908618493,0.0,0.7102937777750001,32,32,True,,,True,True
s010_t0_h1_p0.5_l2_f0,10,0,1,False,0.5,2.0,0,independent_rollout,4,belief_mixing,0.333333,0.333333,0,0,1.2934860908618493,1.2934860908618493,0.0,0.7102937777750001,32,32,True,,,True,True
s010_t0_h1_p0.5_l2_f0,10,0,1,False,0.5,2.0,0,independent_rollout,4,provenance,0.333333,0.333333,0,0,1.2934860908618493,1.2934860908618493,0.0,0.7102937777750001,32,32,True,,,True,True
s010_t0_h1_p0.5_l2_f0,10,0,1,False,0.5,2.0,0,independent_rollout,8,flat,0.333333,0.333333,1,0,-1.5159239115503467,1.2934860908618493,2.809410002412196,0.0,64,64,True,,,True,True
s010_t0_h1_p0.5_l2_f0,10,0,1,False,0.5,2.0,0,independent_rollout,8,trajectory_average,0.333333,0.5,1,0,-1.5159239115503467,1.2934860908618493,2.809410002412196,0.0335312499999999,64,64,True,,,True,True
s010_t0_h1_p0.5_l2_f0,10,0,1,False,0.5,2.0,0,independent_rollout,8,exact_dedup,0.333333,0.5,1,0,-1.5159239115503467,1.2934860908618493,2.809410002412196,0.0335312499999999,64,64,True,,,True,True
s010_t0_h1_p0.5_l2_f0,10,0,1,False,0.5,2.0,0,independent_rollout,8,semantic_dedup,0.333333,0.5,1,0,-1.5159239115503467,1.2934860908618493,2.809410002412196,0.0335312499999999,64,64,True,,,True,True
s010_t0_h1_p0.5_l2_f0,10,0,1,False,0.5,2.0,0,independent_rollout,8,source_average,0.333333,0.333333,0,0,1.2934860908618493,1.2934860908618493,0.0,0.9910832992250002,64,64,True,,,True,True
s010_t0_h1_p0.5_l2_f0,10,0,1,False,0.5,2.0,0,independent_rollout,8,belief_mixing,0.333333,0.333333,0,0,1.2934860908618493,1.2934860908618493,0.0,0.9910832992250002,64,64,True,,,True,True
s010_t0_h1_p0.5_l2_f0,10,0,1,False,0.5,2.0,0,independent_rollout,8,provenance,0.333333,0.333333,0,0,1.2934860908618493,1.2934860908618493,0.0,0.9910832992250002,64,64,True,,,True,True
s011_t1_h1_p0.7_l4_f1,11,1,1,True,0.7,4.0,1,pure_duplication,1,flat,0.9032258064516129,0.903226,1,1,1.5226498877354353,1.5226498877354353,0.0,0.806452,8,8,True,,,True,True
s011_t1_h1_p0.7_l4_f1,11,1,1,True,0.7,4.0,1,pure_duplication,1,trajectory_average,0.9032258064516129,0.5,1,1,1.5226498877354353,1.5226498877354353,0.0,1.5902249999999998,8,8,True,,,True,True
s011_t1_h1_p0.7_l4_f1,11,1,1,True,0.7,4.0,1,pure_duplication,1,exact_dedup,0.9032258064516129,0.5,1,1,1.5226498877354353,1.5226498877354353,0.0,1.5902249999999998,8,8,True,,,True,True
s011_t1_h1_p0.7_l4_f1,11,1,1,True,0.7,4.0,1,pure_duplication,1,semantic_dedup,0.9032258064516129,0.5,1,1,1.5226498877354353,1.5226498877354353,0.0,1.5902249999999998,8,8,True,,,True,True
s011_t1_h1_p0.7_l4_f1,11,1,1,True,0.7,4.0,1,pure_duplication,1,source_average,0.9032258064516129,0.9032258064516129,1,1,1.5226498877354353,1.5226498877354353,0.0,0.3176241935483871,8,8,True,,,True,True
s011_t1_h1_p0.7_l4_f1,11,1,1,True,0.7,4.0,1,pure_duplication,1,belief_mixing,0.9032258064516129,0.9032258064516129,1,1,1.5226498877354353,1.5226498877354353,0.0,0.3176241935483871,8,8,True,,,True,True
s011_t1_h1_p0.7_l4_f1,11,1,1,True,0.7,4.0,1,pure_duplication,1,provenance,0.9032258064516129,0.9032258064516129,1,1,1.5226498877354353,1.5226498877354353,0.0,0.3176241935483871,8,8,True,,,True,True
s011_t1_h1_p0.7_l4_f1,11,1,1,True,0.7,4.0,1,pure_duplication,2,flat,0.9032258064516129,0.903226,1,1,1.5226498877354353,1.5226498877354353,0.0,1.0,16,16,True,,,True,True
s011_t1_h1_p0.7_l4_f1,11,1,1,True,0.7,4.0,1,pure_duplication,2,trajectory_average,0.9032258064516129,0.5,1,1,1.5226498877354353,1.5226498877354353,0.0,1.5902249999999998,8,16,True,,,True,True
s011_t1_h1_p0.7_l4_f1,11,1,1,True,0.7,4.0,1,pure_duplication,2,exact_dedup,0.9032258064516129,0.5,1,1,1.5226498877354353,1.5226498877354353,0.0,1.5902249999999998,8,16,True,,,True,True
s011_t1_h1_p0.7_l4_f1,11,1,1,True,0.7,4.0,1,pure_duplication,2,semantic_dedup,0.9032258064516129,0.5,1,1,1.5226498877354353,1.5226498877354353,0.0,1.5902249999999998,8,16,True,,,True,True
s011_t1_h1_p0.7_l4_f1,11,1,1,True,0.7,4.0,1,pure_duplication,2,source_average,0.9032258064516129,0.9032258064516129,1,1,1.5226498877354353,1.5226498877354353,0.0,0.3176241935483871,8,16,True,,,True,True
s011_t1_h1_p0.7_l4_f1,11,1,1,True,0.7,4.0,1,pure_duplication,2,belief_mixing,0.9032258064516129,0.9032258064516129,1,1,1.5226498877354353,1.5226498877354353,0.0,0.3176241935483871,8,16,True,,,True,True
s011_t1_h1_p0.7_l4_f1,11,1,1,True,0.7,4.0,1,pure_duplication,2,provenance,0.9032258064516129,0.9032258064516129,1,1,1.5226498877354353,1.5226498877354353,0.0,0.3176241935483871,8,16,True,,,True,True
s011_t1_h1_p0.7_l4_f1,11,1,1,True,0.7,4.0,1,pure_duplication,4,flat,0.9032258064516129,0.9032258064516129,1,1,1.5226498877354353,1.5226498877354353,0.0,0.0,32,32,True,,,True,True
s011_t1_h1_p0.7_l4_f1,11,1,1,True,0.7,4.0,1,pure_duplication,4,trajectory_average,0.9032258064516129,0.9032,1,1,1.5226498877354353,1.5226498877354353,0.0,1.5902249999999998,8,32,True,,,True,True
s011_t1_h1_p0.7_l4_f1,11,1,1,True,0.7,4.0,1,pure_duplication,4,exact_dedup,0.9032258064516129,0.9032,1,1,1.5226498877354353,1.5226498877354353,0.0,1.5902249999999998,8,32,True,,,True,True
s011_t1_h1_p0.7_l4_f1,11,1,1,True,0.7,4.0,1,pure_duplication,4,semantic_dedup,0.9032258064516129,0.9032,1,1,1.5226498877354353,1.5226498877354353,0.0,1.5902249999999998,8,32,True,,,True,True
s011_t1_h1_p0.7_l4_f1,11,1,1,True,0.7,4.0,1,pure_duplication,4,source_average,0.9032258064516129,0.9032258064516129,1,1,1.5226498877354353,1.5226498877354353,0.0,0.3176241935483871,8,32,True,,,True,True
s011_t1_h1_p0.7_l4_f1,11,1,1,True,0.7,4.0,1,pure_duplication,4,belief_mixing,0.9032258064516129,0.9032258064516129,1,1,1.5226498877354353,1.5226498877354353,0.0,0.3176241935483871,8,32,True,,,True,True
s011_t1_h1_p0.7_l4_f1,11,1,1,True,0.7,4.0,1,pure_duplication,4,provenance,0.9032258064516129,0.9032258064516129,1,1,1.5226498877354353,1.5226498877354353,0.0,0.3176241935483871,8,32,True,,,True,True
s011_t1_h1_p0.7_l4_f1,11,1,1,True,0.7,4.0,1,pure_duplication,8,flat,0.9032258064516129,0.9032,1,1,1.5226498877354353,1.5226498877354353,0.0,0.0,64,64,True,,,True,True
s011_t1_h1_p0.7_l4_f1,11,1,1,True,0.7,4.0,1,pure_duplication,8,trajectory_average,0.9032258064516129,0.9032258065,1,1,1.5226498877354353,1.5226498877354353,0.0,1.590225,8,64,True,,,True,True
s011_t1_h1_p0.7_l4_f1,11,1,1,True,0.7,4.0,1,pure_duplication,8,exact_dedup,0.9032258064516129,0.9032258065,1,1,1.5226498877354353,1.5226498877354353,0.0,1.590225,8,64,True,,,True,True
s011_t1_h1_p0.7_l4_f1,11,1,1,True,0.7,4.0,1,pure_duplication,8,semantic_dedup,0.9032258064516129,0.9032258065,1,1,1.5226498877354353,1.5226498877354353,0.0,1.590225,8,64,True,,,True,True
s011_t1_h1_p0.7_l4_f1,11,1,1,True,0.7,4.0,1,pure_duplication,8,source_average,0.9032258064516129,0.9032258064516129,1,1,1.5226498877354353,1.5226498877354353,0.0,0.3176241935483871,8,64,True,,,True,True
s011_t1_h1_p0.7_l4_f1,11,1,1,True,0.7,4.0,1,pure_duplication,8,belief_mixing,0.9032258064516129,0.9032258064516129,1,1,1.5226498877354353,1.5226498877354353,0.0,0.3176241935483871,8,64,True,,,True,True
s011_t1_h1_p0.7_l4_f1,11,1,1,True,0.7,4.0,1,pure_duplication,8,provenance,0.9032258064516129,0.9032258064516129,1,1,1.5226498877354353,1.5226498877354353,0.0,0.3176241935483871,8,64,True,,,True,True
s011_t1_h1_p0.7_l4_f1,11,1,1,True,0.7,4.0,1,paraphrase_duplication,1,flat,0.9032258064516129,0.9032,0,1,0.43327297036028106,1.5226498877354353,1.0893769173751542,0.0,8,8,True,,,True,True
s011_t1_h1_p0.7_l4_f1,11,1,1,True,0.7,4.0,1,paraphrase_duplication,1,trajectory_average,0.9032258064516129,0.5,1,1,1.5226498877354353,1.5226498877354353,0.0,1.590225,8,8,True,,,True,True
s011_t1_h1_p0.7_l4_f1,11,1,1,True,0.7,4.0,1,paraphrase_duplication,1,exact_dedup,0.9032258064516129,0.5,1,1,1.5226498877354353,1.5226498877354353,0.0,1.590225,8,8,True,,,True,True
s011_t1_h1_p0.7_l4_f1,11,1,1,True,0.7,4.0,1,paraphrase_duplication,1,semantic_dedup,0.9032258064516129,0.5,1,1,1.5226498877354353,1.5226498877354353,0.0,1.590225,8,8,True,,,True,True
s011_t1_h1_p0.7_l4_f1,11,1,1,True,0.7,4.0,1,paraphrase_duplication,1,source_average,0.9032258064516129,0.9032258064516129,1,1,1.5226498877354353,1.5226498877354353,0.0,0.3176241935483871,8,8,True,,,True,True
s011_t1_h1_p0.7_l4_f1,11,1,1,True,0.7,4.0,1,paraphrase_duplication,1,belief_mixing,0.9032258064516129,0.9032258064516129,1,1,1.5226498877354353,1.5226498877354353,0.0,0.3176241935483871,8,8,True,,,True,True
s011_t1_h1_p0.7_l4_f1,11,1,1,True,0.7,4.0,1,paraphrase_duplication,1,provenance,0.9032258064516129,0.9032258064516129,1,1,1.5226498877354353,1.5226498877354353,0.0,0.3176241935483871,8,8,True,,,True,True
s011_t1_h1_p0.7_l4_f1,11,1,1,True,0.7,4.0,1,paraphrase_duplication,2,flat,0.9032258064516129,0.903448,1,1,1.5226498877354353,1.5226498877354353,0.0,0.0,16,16,True,,,True,True
s011_t1_h1_p0.7_l4_f1,11,1,1,True,0.7,4.0,1,paraphrase_duplication,2,trajectory_average,0.9032258064516129,0.5,1,1,1.5226498877354353,1.5226498877354353,0.0,1.590225,8,16,True,,,True,True
s011_t1_h1_p0.7_l4_f1,11,1,1,True,0.7,4.0,1,paraphrase_duplication,2,exact_dedup,0.9032258064516129,0.5,1,1,1.5226498877354353,1.5226498877354353,0.0,1.590225,16,16,True,,,True,True
s011_t1_h1_p0.7_l4_f1,11,1,1,True,0.7,4.0,1,paraphrase_duplication,2,semantic_dedup,0.9032258064516129,0.5,1,1,1.5226498877354353,1.5226498877354353,0.0,1.590225,8,16,True,,,True,True
s011_t1_h1_p0.7_l4_f1,11,1,1,True,0.7,4.0,1,paraphrase_duplication,2,source_average,0.9032258064516129,0.9032258064516129,1,1,1.5226498877354353,1.5226498877354353,0.0,0.3176241935483871,8,16,True,,,True,True
s011_t1_h1_p0.7_l4_f1,11,1,1,True,0.7,4.0,1,paraphrase_duplication,2,belief_mixing,0.9032258064516129,0.9032258064516129,1,1,1.5226498877354353,1.5226498877354353,0.0,0.3176241935483871,8,16,True,,,True,True
s011_t1_h1_p0.7_l4_f1,11,1,1,True,0.7,4.0,1,paraphrase_duplication,2,provenance,0.9032258064516129,0.9032258064516129,1,1,1.5226498877354353,1.5226498877354353,0.0,0.3176241935483871,8,16,True,,,True,True
s011_t1_h1_p0.7_l4_f1,11,1,1,True,0.7,4.0,1,paraphrase_duplication,4,flat,0.9032258064516129,0.8235294117647058,1,1,1.5226498877354353,1.5226498877354353,0.0,0.0,32,32,True,,,True,True
s011_t1_h1_p0.7_l4_f1,11,1,1,True,0.7,4.0,1,paraphrase_duplication,4,trajectory_average,0.9032258064516129,0.5,1,1,1.5226498877354353,1.5226498877354353,0.0,1.590225,8,32,True,,,True,True
s011_t1_h1_p0.7_l4_f1,11,1,1,True,0.7,4.0,1,paraphrase_duplication,4,exact_dedup,0.9032258064516129,0.5,1,1,1.5226498877354353,1.5226498877354353,0.0,1.5902249999999998,32,32,True,,,True,True
s011_t1_h1_p0.7_l4_f1,11,1,1,True,0.7,4.0,1,paraphrase_duplication,4,semantic_dedup,0.9032258064516129,0.5,1,1,1.5226498877354353,1.5226498877354353,0.0,1.590225,8,32,True,,,True,True
s011_t1_h1_p0.7_l4_f1,11,1,1,True,0.7,4.0,1,paraphrase_duplication,4,source_average,0.9032258064516129,0.9032258064516129,1,1,1.5226498877354353,1.5226498877354353,0.0,0.3176241935483871,8,32,True,,,True,True
s011_t1_h1_p0.7_l4_f1,11,1,1,True,0.7,4.0,1,paraphrase_duplication,4,belief_mixing,0.9032258064516129,0.9032258064516129,1,1,1.5226498877354353,1.5226498877354353,0.0,0.3176241935483871,8,32,True,,,True,True
s011_t1_h1_p0.7_l4_f1,11,1,1,True,0.7,4.0,1,paraphrase_duplication,4,provenance,0.9032258064516129,0.9032258064516129,1,1,1.5226498877354353,1.5226498877354353,0.0,0.3176241935483871,8,32,True,,,True,True
s011_t1_h1_p0.7_l4_f1,11,1,1,True,0.7,4.0,1,paraphrase_duplication,8,flat,0.9032258064516129,0.9032258064516129,1,1,1.5226498877354353,1.5226498877354353,0.0,0.9016,64,64,True,,,True,True
s011_t1_h1_p0.7_l4_f1,11,1,1,True,0.7,4.0,1,paraphrase_duplication,8,trajectory_average,0.9032258064516129,0.9032258065,1,1,1.5226498877354353,1.5226498877354353,0.0,1.590225,8,64,True,,,True,True
s011_t1_h1_p0.7_l4_f1,11,1,1,True,0.7,4.0,1,paraphrase_duplication,8,exact_dedup,0.9032258064516129,0.9032258065,1,1,1.5226498877354353,1.5226498877354353,0.0,1.590225,32,64,True,,,True,True
s011_t1_h1_p0.7_l4_f1,11,1,1,True,0.7,4.0,1,paraphrase_duplication,8,semantic_dedup,0.9032258064516129,0.9032258065,1,1,1.5226498877354353,1.5226498877354353,0.0,1.590225,8,64,True,,,True,True
s011_t1_h1_p0.7_l4_f1,11,1,1,True,0.7,4.0,1,paraphrase_duplication,8,source_average,0.9032258064516129,0.9032258064516129,1,1,1.5226498877354353,1.5226498877354353,0.0,0.3176241935483871,8,64,True,,,True,True
s011_t1_h1_p0.7_l4_f1,11,1,1,True,0.7,4.0,1,paraphrase_duplication,8,belief_mixing,0.9032258064516129,0.9032258064516129,1,1,1.5226498877354353,1.5226498877354353,0.0,0.3176241935483871,8,64,True,,,True,True
s011_t1_h1_p0.7_l4_f1,11,1,1,True,0.7,4.0,1,paraphrase_duplication,8,provenance,0.9032258064516129,0.9032258064516129,1,1,1.5226498877354353,1.5226498877354353,0.0,0.3176241935483871,8,64,True,,,True,True
s011_t1_h1_p0.7_l4_f1,11,1,1,True,0.7,4.0,1,independent_rollout,1,flat,0.9032258064516129,0.9032258064516129,1,1,1.5226498877354353,1.5226498877354353,0.0,0.9198000000000001,8,8,True,,,True,True
s011_t1_h1_p0.7_l4_f1,11,1,1,True,0.7,4.0,1,independent_rollout,1,trajectory_average,0.9032258064516129,0.9032,1,1,1.5226498877354353,1.5226498877354353,0.0,1.590225,8,8,True,,,True,True
s011_t1_h1_p0.7_l4_f1,11,1,1,True,0.7,4.0,1,independent_rollout,1,exact_dedup,0.9032258064516129,0.9032,1,1,1.5226498877354353,1.5226498877354353,0.0,1.590225,8,8,True,,,True,True
s011_t1_h1_p0.7_l4_f1,11,1,1,True,0.7,4.0,1,independent_rollout,1,semantic_dedup,0.9032258064516129,0.9032,1,1,1.5226498877354353,1.5226498877354353,0.0,1.590225,8,8,True,,,True,True
s011_t1_h1_p0.7_l4_f1,11,1,1,True,0.7,4.0,1,independent_rollout,1,source_average,0.9032258064516129,0.9032258064516129,1,1,1.5226498877354353,1.5226498877354353,0.0,0.3176241935483871,8,8,True,,,True,True
s011_t1_h1_p0.7_l4_f1,11,1,1,True,0.7,4.0,1,independent_rollout,1,belief_mixing,0.9032258064516129,0.9032258064516129,1,1,1.5226498877354353,1.5226498877354353,0.0,0.3176241935483871,8,8,True,,,True,True
s011_t1_h1_p0.7_l4_f1,11,1,1,True,0.7,4.0,1,independent_rollout,1,provenance,0.9032258064516129,0.9032258064516129,1,1,1.5226498877354353,1.5226498877354353,0.0,0.3176241935483871,8,8,True,,,True,True
s011_t1_h1_p0.7_l4_f1,11,1,1,True,0.7,4.0,1,independent_rollout,2,flat,0.9032258064516129,0.9032,1,1,1.5226498877354353,1.5226498877354353,0.0,0.0,16,16,True,,,True,True
s011_t1_h1_p0.7_l4_f1,11,1,1,True,0.7,4.0,1,independent_rollout,2,trajectory_average,0.9032258064516129,0.9032,1,1,1.5226498877354353,1.5226498877354353,0.0,2.1870625,16,16,True,,,True,True
s011_t1_h1_p0.7_l4_f1,11,1,1,True,0.7,4.0,1,independent_rollout,2,exact_dedup,0.9032258064516129,0.9032,1,1,1.5226498877354353,1.5226498877354353,0.0,2.1870625,16,16,True,,,True,True
s011_t1_h1_p0.7_l4_f1,11,1,1,True,0.7,4.0,1,independent_rollout,2,semantic_dedup,0.9032258064516129,0.9032,1,1,1.5226498877354353,1.5226498877354353,0.0,2.1870625,16,16,True,,,True,True
s011_t1_h1_p0.7_l4_f1,11,1,1,True,0.7,4.0,1,independent_rollout,2,source_average,0.9032258064516129,0.9032258064516129,1,1,1.5226498877354353,1.5226498877354353,0.0,1.2669717741935485,16,16,True,,,True,True
s011_t1_h1_p0.7_l4_f1,11,1,1,True,0.7,4.0,1,independent_rollout,2,belief_mixing,0.9032258064516129,0.9032258064516129,1,1,1.5226498877354353,1.5226498877354353,0.0,1.2669717741935485,16,16,True,,,True,True
s011_t1_h1_p0.7_l4_f1,11,1,1,True,0.7,4.0,1,independent_rollout,2,provenance,0.9032258064516129,0.9032258064516129,1,1,1.5226498877354353,1.5226498877354353,0.0,1.2669717741935485,16,16,True,,,True,True
s011_t1_h1_p0.7_l4_f1,11,1,1,True,0.7,4.0,1,independent_rollout,4,flat,0.9032258064516129,0.9032,1,1,1.5226498877354353,1.5226498877354353,0.0,0.8064,32,32,True,,,True,True
s011_t1_h1_p0.7_l4_f1,11,1,1,True,0.7,4.0,1,independent_rollout,4,trajectory_average,0.9032258064516129,0.9032,1,1,1.5226498877354353,1.5226498877354353,0.0,0.6747,32,32,True,,,True,True
s011_t1_h1_p0.7_l4_f1,11,1,1,True,0.7,4.0,1,independent_rollout,4,exact_dedup,0.9032258064516129,0.9032,1,1,1.5226498877354353,1.5226498877354353,0.0,0.6747,32,32,True,,,True,True
s011_t1_h1_p0.7_l4_f1,11,1,1,True,0.7,4.0,1,independent_rollout,4,semantic_dedup,0.9032258064516129,0.9032,1,1,1.5226498877354353,1.5226498877354353,0.0,0.6747,32,32,True,,,True,True
s011_t1_h1_p0.7_l4_f1,11,1,1,True,0.7,4.0,1,independent_rollout,4,source_average,0.9032258064516129,0.9032258064516129,0,1,0.43327297036028106,1.5226498877354353,1.0893769173751542,0.18689274193548389,32,32,True,,,True,True
s011_t1_h1_p0.7_l4_f1,11,1,1,True,0.7,4.0,1,independent_rollout,4,belief_mixing,0.9032258064516129,0.9032258064516129,0,1,0.43327297036028106,1.5226498877354353,1.0893769173751542,0.18689274193548389,32,32,True,,,True,True
s011_t1_h1_p0.7_l4_f1,11,1,1,True,0.7,4.0,1,independent_rollout,4,provenance,0.9032258064516129,0.9032258064516129,0,1,0.43327297036028106,1.5226498877354353,1.0893769173751542,0.18689274193548389,32,32,True,,,True,True
s011_t1_h1_p0.7_l4_f1,11,1,1,True,0.7,4.0,1,independent_rollout,8,flat,0.9032258064516129,0.903226,0,1,0.43327297036028106,1.5226498877354353,1.0893769173751542,0.5286000000000001,64,64,True,,,True,True
s011_t1_h1_p0.7_l4_f1,11,1,1,True,0.7,4.0,1,independent_rollout,8,trajectory_average,0.9032258064516129,0.9032,1,1,1.5226498877354353,1.5226498877354353,0.0,1.02764375,64,64,True,,,True,True
s011_t1_h1_p0.7_l4_f1,11,1,1,True,0.7,4.0,1,independent_rollout,8,exact_dedup,0.9032258064516129,0.9032,1,1,1.5226498877354353,1.5226498877354353,0.0,1.02764375,64,64,True,,,True,True
s011_t1_h1_p0.7_l4_f1,11,1,1,True,0.7,4.0,1,independent_rollout,8,semantic_dedup,0.9032258064516129,0.9032,1,1,1.5226498877354353,1.5226498877354353,0.0,1.02764375,64,64,True,,,True,True
s011_t1_h1_p0.7_l4_f1,11,1,1,True,0.7,4.0,1,independent_rollout,8,source_average,0.9032258064516129,0.9032258064516129,1,1,1.5226498877354353,1.5226498877354353,0.0,0.5970993951612903,64,64,True,,,True,True
s011_t1_h1_p0.7_l4_f1,11,1,1,True,0.7,4.0,1,independent_rollout,8,belief_mixing,0.9032258064516129,0.9032258064516129,1,1,1.5226498877354353,1.5226498877354353,0.0,0.5970993951612903,64,64,True,,,True,True
s011_t1_h1_p0.7_l4_f1,11,1,1,True,0.7,4.0,1,independent_rollout,8,provenance,0.9032258064516129,0.9032258064516129,1,1,1.5226498877354353,1.5226498877354353,0.0,0.5970993951612903,64,64,True,,,True,True
