task_id,family,difficulty,budget,method,root_confidence,wrong_premise_confidence,action,oracle_action,action_correct,reward,regret
spb-hid-m-20261031,hidden_state_dependency,medium,1,remove_provenance,0.6846999999999999,0.6846999999999999,take_safe_route,take_safe_route,1,0.9746290625,0.0
spb-hid-m-20261031,hidden_state_dependency,medium,1,remove_belief_separation,0.6847,0.6847,take_safe_route,take_safe_route,1,0.9746290625,0.0
spb-hid-m-20261031,hidden_state_dependency,medium,1,remove_sample_identity,0.6847,0.6847,take_safe_route,take_safe_route,1,0.9746290625,0.0
spb-hid-m-20261031,hidden_state_dependency,medium,1,attention_only,0.6847,0.6847,take_short_route,take_safe_route,0,-1.9986142187500002,2.9732432812500003
spb-hid-m-20261031,hidden_state_dependency,medium,1,simple_dedup,0.6847,0.6847,take_safe_route,take_safe_route,1,0.9746290625,0.0
spb-hid-m-20261031,hidden_state_dependency,medium,1,random_grouping,0.6847,0.6847,take_safe_route,take_safe_route,1,0.9746290625,0.0
spb-hid-m-20261031,hidden_state_dependency,medium,1,oracle_grouping,0.6847,0.6847,take_safe_route,take_safe_route,1,0.9746290625,0.0
spb-hid-m-20261031,hidden_state_dependency,medium,2,remove_provenance,0.7651134204939098,0.7651134204939098,take_safe_route,take_safe_route,1,0.9746290625,0.0
spb-hid-m-20261031,hidden_state_dependency,medium,2,remove_belief_separation,0.6847,0.6847,take_safe_route,take_safe_route,1,0.9746290625,0.0
spb-hid-m-20261031,hidden_state_dependency,medium,2,remove_sample_identity,0.6847,0.6847,take_safe_route,take_safe_route,1,0.9746290625,0.0
spb-hid-m-20261031,hidden_state_dependency,medium,2,attention_only,0.6847,0.6847,take_short_route,take_safe_route,0,-1.9986142187500002,2.9732432812500003
spb-hid-m-20261031,hidden_state_dependency,medium,2,simple_dedup,0.6847,0.6847,take_safe_route,take_safe_route,1,0.9746290625,0.0
spb-hid-m-20261031,hidden_state_dependency,medium,2,random_grouping,0.6847,0.6847,take_safe_route,take_safe_route,1,0.9746290625,0.0
spb-hid-m-20261031,hidden_state_dependency,medium,2,oracle_grouping,0.6847,0.6847,take_safe_route,take_safe_route,1,0.9746290625,0.0
spb-hid-m-20261031,hidden_state_dependency,medium,4,remove_provenance,0.8799388842084219,0.8799388842084219,take_short_route,take_safe_route,0,-1.9986142187500002,2.9732432812500003
spb-hid-m-20261031,hidden_state_dependency,medium,4,remove_belief_separation,0.6847,0.6847,take_safe_route,take_safe_route,1,0.9746290625,0.0
spb-hid-m-20261031,hidden_state_dependency,medium,4,remove_sample_identity,0.6847,0.6847,take_safe_route,take_safe_route,1,0.9746290625,0.0
spb-hid-m-20261031,hidden_state_dependency,medium,4,attention_only,0.6847,0.6847,take_short_route,take_safe_route,0,-1.9986142187500002,2.9732432812500003
spb-hid-m-20261031,hidden_state_dependency,medium,4,simple_dedup,0.6847,0.6847,take_safe_route,take_safe_route,1,0.9746290625,0.0
spb-hid-m-20261031,hidden_state_dependency,medium,4,random_grouping,0.6847,0.6847,take_safe_route,take_safe_route,1,0.9746290625,0.0
spb-hid-m-20261031,hidden_state_dependency,medium,4,oracle_grouping,0.6847,0.6847,take_safe_route,take_safe_route,1,0.9746290625,0.0
spb-hid-m-20261031,hidden_state_dependency,medium,8,remove_provenance,0.9737557088960943,0.9737557088960943,take_short_route,take_safe_route,0,-1.9986142187500002,2.9732432812500003
spb-hid-m-20261031,hidden_state_dependency,medium,8,remove_belief_separation,0.6847,0.6847,take_safe_route,take_safe_route,1,0.9746290625,0.0
spb-hid-m-20261031,hidden_state_dependency,medium,8,remove_sample_identity,0.6847,0.6847,take_safe_route,take_safe_route,1,0.9746290625,0.0
spb-hid-m-20261031,hidden_state_dependency,medium,8,attention_only,0.6847,0.6847,take_short_route,take_safe_route,0,-1.9986142187500002,2.9732432812500003
spb-hid-m-20261031,hidden_state_dependency,medium,8,simple_dedup,0.6847,0.6847,take_safe_route,take_safe_route,1,0.9746290625,0.0
spb-hid-m-20261031,hidden_state_dependency,medium,8,random_grouping,0.6847,0.6847,take_safe_route,take_safe_route,1,0.9746290625,0.0
spb-hid-m-20261031,hidden_state_dependency,medium,8,oracle_grouping,0.6847,0.6847,take_safe_route,take_safe_route,1,0.9746290625,0.0
spb-hid-m-20261031,hidden_state_dependency,medium,16,remove_provenance,0.9989494946015562,0.9989494946015562,take_short_route,take_safe_route,0,-1.9986142187500002,2.9732432812500003
spb-hid-m-20261031,hidden_state_dependency,medium,16,remove_belief_separation,0.6847,0.6847,take_safe_route,take_safe_route,1,0.9746290625,0.0
spb-hid-m-20261031,hidden_state_dependency,medium,16,remove_sample_identity,0.6847,0.6847,take_safe_route,take_safe_route,1,0.9746290625,0.0
spb-hid-m-20261031,hidden_state_dependency,medium,16,attention_only,0.6847,0.6847,take_short_route,take_safe_route,0,-1.9986142187500002,2.9732432812500003
spb-hid-m-20261031,hidden_state_dependency,medium,16,simple_dedup,0.6847,0.6847,take_safe_route,take_safe_route,1,0.9746290625,0.0
spb-hid-m-20261031,hidden_state_dependency,medium,16,random_grouping,0.6847,0.6847,take_safe_route,take_safe_route,1,0.9746290625,0.0
spb-hid-m-20261031,hidden_state_dependency,medium,16,oracle_grouping,0.6847,0.6847,take_safe_route,take_safe_route,1,0.9746290625,0.0
spb-hid-m-20261031,hidden_state_dependency,medium,32,remove_provenance,0.9999983989904708,0.9999983989904708,take_short_route,take_safe_route,0,-1.9986142187500002,2.9732432812500003
spb-hid-m-20261031,hidden_state_dependency,medium,32,remove_belief_separation,0.6847,0.6847,take_safe_route,take_safe_route,1,0.9746290625,0.0
spb-hid-m-20261031,hidden_state_dependency,medium,32,remove_sample_identity,0.6847,0.6847,take_safe_route,take_safe_route,1,0.9746290625,0.0
spb-hid-m-20261031,hidden_state_dependency,medium,32,attention_only,0.6847,0.6847,take_short_route,take_safe_route,0,-1.9986142187500002,2.9732432812500003
spb-hid-m-20261031,hidden_state_dependency,medium,32,simple_dedup,0.6847,0.6847,take_safe_route,take_safe_route,1,0.9746290625,0.0
spb-hid-m-20261031,hidden_state_dependency,medium,32,random_grouping,0.6847,0.6847,take_safe_route,take_safe_route,1,0.9746290625,0.0
spb-hid-m-20261031,hidden_state_dependency,medium,32,oracle_grouping,0.6847,0.6847,take_safe_route,take_safe_route,1,0.9746290625,0.0
spb-hid-m-20261031,hidden_state_dependency,medium,64,remove_provenance,0.9999999999962892,0.9999999999962892,take_short_route,take_safe_route,0,-1.9986142187500002,2.9732432812500003
spb-hid-m-20261031,hidden_state_dependency,medium,64,remove_belief_separation,0.6847,0.6847,take_safe_route,take_safe_route,1,0.9746290625,0.0
spb-hid-m-20261031,hidden_state_dependency,medium,64,remove_sample_identity,0.6847,0.6847,take_safe_route,take_safe_route,1,0.9746290625,0.0
spb-hid-m-20261031,hidden_state_dependency,medium,64,attention_only,0.6847,0.6847,take_short_route,take_safe_route,0,-1.9986142187500002,2.9732432812500003
spb-hid-m-20261031,hidden_state_dependency,medium,64,simple_dedup,0.6847,0.6847,take_safe_route,take_safe_route,1,0.9746290625,0.0
spb-hid-m-20261031,hidden_state_dependency,medium,64,random_grouping,0.6847,0.6847,take_safe_route,take_safe_route,1,0.9746290625,0.0
spb-hid-m-20261031,hidden_state_dependency,medium,64,oracle_grouping,0.6847,0.6847,take_safe_route,take_safe_route,1,0.9746290625,0.0
spb-hid-e-20261830,hidden_state_dependency,easy,1,remove_provenance,0.20719999999999997,0.7928000000000001,take_safe_route,take_short_route,0,0.99603796875,0.788601875
spb-hid-e-20261830,hidden_state_dependency,easy,1,remove_belief_separation,0.2072,0.7928,take_safe_route,take_short_route,0,0.99603796875,0.788601875
spb-hid-e-20261830,hidden_state_dependency,easy,1,remove_sample_identity,0.2072,0.7928,take_safe_route,take_short_route,0,0.99603796875,0.788601875
spb-hid-e-20261830,hidden_state_dependency,easy,1,attention_only,0.2072,0.7928,take_short_route,take_short_route,1,1.78463984375,0.0
spb-hid-e-20261830,hidden_state_dependency,easy,1,simple_dedup,0.2072,0.7928,take_safe_route,take_short_route,0,0.99603796875,0.788601875
spb-hid-e-20261830,hidden_state_dependency,easy,1,random_grouping,0.2072,0.7928,take_safe_route,take_short_route,0,0.99603796875,0.788601875
spb-hid-e-20261830,hidden_state_dependency,easy,1,oracle_grouping,0.2072,0.7928,take_safe_route,take_short_route,0,0.99603796875,0.788601875
spb-hid-e-20261830,hidden_state_dependency,easy,2,remove_provenance,0.28162377673069955,0.7183762232693005,take_safe_route,take_short_route,0,0.99603796875,0.788601875
spb-hid-e-20261830,hidden_state_dependency,easy,2,remove_belief_separation,0.2072,0.7928,take_safe_route,take_short_route,0,0.99603796875,0.788601875
spb-hid-e-20261830,hidden_state_dependency,easy,2,remove_sample_identity,0.2072,0.7928,take_safe_route,take_short_route,0,0.99603796875,0.788601875
spb-hid-e-20261830,hidden_state_dependency,easy,2,attention_only,0.2072,0.7928,take_short_route,take_short_route,1,1.78463984375,0.0
spb-hid-e-20261830,hidden_state_dependency,easy,2,simple_dedup,0.2072,0.7928,take_safe_route,take_short_route,0,0.99603796875,0.788601875
spb-hid-e-20261830,hidden_state_dependency,easy,2,random_grouping,0.2072,0.7928,take_safe_route,take_short_route,0,0.99603796875,0.788601875
spb-hid-e-20261830,hidden_state_dependency,easy,2,oracle_grouping,0.2072,0.7928,take_safe_route,take_short_route,0,0.99603796875,0.788601875
spb-hid-e-20261830,hidden_state_dependency,easy,4,remove_provenance,0.4686683198177066,0.5313316801822934,take_safe_route,take_short_route,0,0.99603796875,0.788601875
spb-hid-e-20261830,hidden_state_dependency,easy,4,remove_belief_separation,0.2072,0.7928,take_safe_route,take_short_route,0,0.99603796875,0.788601875
spb-hid-e-20261830,hidden_state_dependency,easy,4,remove_sample_identity,0.2072,0.7928,take_safe_route,take_short_route,0,0.99603796875,0.788601875
spb-hid-e-20261830,hidden_state_dependency,easy,4,attention_only,0.2072,0.7928,take_short_route,take_short_route,1,1.78463984375,0.0
spb-hid-e-20261830,hidden_state_dependency,easy,4,simple_dedup,0.2072,0.7928,take_safe_route,take_short_route,0,0.99603796875,0.788601875
spb-hid-e-20261830,hidden_state_dependency,easy,4,random_grouping,0.2072,0.7928,take_safe_route,take_short_route,0,0.99603796875,0.788601875
spb-hid-e-20261830,hidden_state_dependency,easy,4,oracle_grouping,0.2072,0.7928,take_safe_route,take_short_route,0,0.99603796875,0.788601875
spb-hid-e-20261830,hidden_state_dependency,easy,8,remove_provenance,0.8170323433066823,0.18296765669331772,take_short_route,take_short_route,1,1.78463984375,0.0
spb-hid-e-20261830,hidden_state_dependency,easy,8,remove_belief_separation,0.2072,0.7928,take_safe_route,take_short_route,0,0.99603796875,0.788601875
spb-hid-e-20261830,hidden_state_dependency,easy,8,remove_sample_identity,0.2072,0.7928,take_safe_route,take_short_route,0,0.99603796875,0.788601875
spb-hid-e-20261830,hidden_state_dependency,easy,8,attention_only,0.2072,0.7928,take_short_route,take_short_route,1,1.78463984375,0.0
spb-hid-e-20261830,hidden_state_dependency,easy,8,simple_dedup,0.2072,0.7928,take_safe_route,take_short_route,0,0.99603796875,0.788601875
spb-hid-e-20261830,hidden_state_dependency,easy,8,random_grouping,0.2072,0.7928,take_safe_route,take_short_route,0,0.99603796875,0.788601875
spb-hid-e-20261830,hidden_state_dependency,easy,8,oracle_grouping,0.2072,0.7928,take_safe_route,take_short_route,0,0.99603796875,0.788601875
spb-hid-e-20261830,hidden_state_dependency,easy,16,remove_provenance,0.9913378303711715,0.008662169628828487,take_short_route,take_short_route,1,1.78463984375,0.0
spb-hid-e-20261830,hidden_state_dependency,easy,16,remove_belief_separation,0.2072,0.7928,take_safe_route,take_short_route,0,0.99603796875,0.788601875
spb-hid-e-20261830,hidden_state_dependency,easy,16,remove_sample_identity,0.2072,0.7928,take_safe_route,take_short_route,0,0.99603796875,0.788601875
spb-hid-e-20261830,hidden_state_dependency,easy,16,attention_only,0.2072,0.7928,take_short_route,take_short_route,1,1.78463984375,0.0
spb-hid-e-20261830,hidden_state_dependency,easy,16,simple_dedup,0.2072,0.7928,take_safe_route,take_short_route,0,0.99603796875,0.788601875
spb-hid-e-20261830,hidden_state_dependency,easy,16,random_grouping,0.2072,0.7928,take_safe_route,take_short_route,0,0.99603796875,0.788601875
spb-hid-e-20261830,hidden_state_dependency,easy,16,oracle_grouping,0.2072,0.7928,take_safe_route,take_short_route,0,0.99603796875,0.788601875
spb-hid-e-20261830,hidden_state_dependency,easy,32,remove_provenance,0.9999866973218918,1.3302678108173538e-05,take_short_route,take_short_route,1,1.78463984375,0.0
spb-hid-e-20261830,hidden_state_dependency,easy,32,remove_belief_separation,0.2072,0.7928,take_safe_route,take_short_route,0,0.99603796875,0.788601875
spb-hid-e-20261830,hidden_state_dependency,easy,32,remove_sample_identity,0.2072,0.7928,take_safe_route,take_short_route,0,0.99603796875,0.788601875
spb-hid-e-20261830,hidden_state_dependency,easy,32,attention_only,0.2072,0.7928,take_short_route,take_short_route,1,1.78463984375,0.0
spb-hid-e-20261830,hidden_state_dependency,easy,32,simple_dedup,0.2072,0.7928,take_safe_route,take_short_route,0,0.99603796875,0.788601875
spb-hid-e-20261830,hidden_state_dependency,easy,32,random_grouping,0.2072,0.7928,take_safe_route,take_short_route,0,0.99603796875,0.788601875
spb-hid-e-20261830,hidden_state_dependency,easy,32,oracle_grouping,0.2072,0.7928,take_safe_route,take_short_route,0,0.99603796875,0.788601875
spb-hid-e-20261830,hidden_state_dependency,easy,64,remove_provenance,0.9999999999691664,3.08335579290997e-11,take_short_route,take_short_route,1,1.78463984375,0.0
spb-hid-e-20261830,hidden_state_dependency,easy,64,remove_belief_separation,0.2072,0.7928,take_safe_route,take_short_route,0,0.99603796875,0.788601875
spb-hid-e-20261830,hidden_state_dependency,easy,64,remove_sample_identity,0.2072,0.7928,take_safe_route,take_short_route,0,0.99603796875,0.788601875
spb-hid-e-20261830,hidden_state_dependency,easy,64,attention_only,0.2072,0.7928,take_short_route,take_short_route,1,1.78463984375,0.0
spb-hid-e-20261830,hidden_state_dependency,easy,64,simple_dedup,0.2072,0.7928,take_safe_route,take_short_route,0,0.99603796875,0.788601875
spb-hid-e-20261830,hidden_state_dependency,easy,64,random_grouping,0.2072,0.7928,take_safe_route,take_short_route,0,0.99603796875,0.788601875
spb-hid-e-20261830,hidden_state_dependency,easy,64,oracle_grouping,0.2072,0.7928,take_safe_route,take_short_route,0,0.99603796875,0.788601875
spb-hid-h-20261915,hidden_state_dependency,hard,1,remove_provenance,0.7535,0.7535,take_safe_route,take_safe_route,1,1.0407828125,0.0
spb-hid-h-20261915,hidden_state_dependency,hard,1,remove_belief_separation,0.7535,0.7535,take_safe_route,take_safe_route,1,1.0407828125,0.0
spb-hid-h-20261915,hidden_state_dependency,hard,1,remove_sample_identity,0.7535,0.7535,take_safe_route,take_safe_route,1,1.0407828125,0.0
spb-hid-h-20261915,hidden_state_dependency,hard,1,attention_only,0.7535,0.7535,take_short_route,take_safe_route,0,-1.9398009374999998,2.98058375
spb-hid-h-20261915,hidden_state_dependency,hard,1,simple_dedup,0.7535,0.7535,take_safe_route,take_safe_route,1,1.0407828125,0.0
spb-hid-h-20261915,hidden_state_dependency,hard,1,random_grouping,0.7535,0.7535,take_safe_route,take_safe_route,1,1.0407828125,0.0
spb-hid-h-20261915,hidden_state_dependency,hard,1,oracle_grouping,0.7535,0.7535,take_safe_route,take_safe_route,1,1.0407828125,0.0
spb-hid-h-20261915,hidden_state_dependency,hard,2,remove_provenance,0.8209551479934628,0.8209551479934628,take_short_route,take_safe_route,0,-1.9398009374999998,2.98058375
spb-hid-h-20261915,hidden_state_dependency,hard,2,remove_belief_separation,0.7535,0.7535,take_safe_route,take_safe_route,1,1.0407828125,0.0
spb-hid-h-20261915,hidden_state_dependency,hard,2,remove_sample_identity,0.7535,0.7535,take_safe_route,take_safe_route,1,1.0407828125,0.0
spb-hid-h-20261915,hidden_state_dependency,hard,2,attention_only,0.7535,0.7535,take_short_route,take_safe_route,0,-1.9398009374999998,2.98058375
spb-hid-h-20261915,hidden_state_dependency,hard,2,simple_dedup,0.7535,0.7535,take_safe_route,take_safe_route,1,1.0407828125,0.0
spb-hid-h-20261915,hidden_state_dependency,hard,2,random_grouping,0.7535,0.7535,take_safe_route,take_safe_route,1,1.0407828125,0.0
spb-hid-h-20261915,hidden_state_dependency,hard,2,oracle_grouping,0.7535,0.7535,take_safe_route,take_safe_route,1,1.0407828125,0.0
spb-hid-h-20261915,hidden_state_dependency,hard,4,remove_provenance,0.9116348889834875,0.9116348889834875,take_short_route,take_safe_route,0,-1.9398009374999998,2.98058375
spb-hid-h-20261915,hidden_state_dependency,hard,4,remove_belief_separation,0.7535,0.7535,take_safe_route,take_safe_route,1,1.0407828125,0.0
spb-hid-h-20261915,hidden_state_dependency,hard,4,remove_sample_identity,0.7535,0.7535,take_safe_route,take_safe_route,1,1.0407828125,0.0
spb-hid-h-20261915,hidden_state_dependency,hard,4,attention_only,0.7535,0.7535,take_short_route,take_safe_route,0,-1.9398009374999998,2.98058375
spb-hid-h-20261915,hidden_state_dependency,hard,4,simple_dedup,0.7535,0.7535,take_safe_route,take_safe_route,1,1.0407828125,0.0
spb-hid-h-20261915,hidden_state_dependency,hard,4,random_grouping,0.7535,0.7535,take_safe_route,take_safe_route,1,1.0407828125,0.0
spb-hid-h-20261915,hidden_state_dependency,hard,4,oracle_grouping,0.7535,0.7535,take_safe_route,take_safe_route,1,1.0407828125,0.0
spb-hid-h-20261915,hidden_state_dependency,hard,8,remove_provenance,0.9812129697911198,0.9812129697911198,take_short_route,take_safe_route,0,-1.9398009374999998,2.98058375
spb-hid-h-20261915,hidden_state_dependency,hard,8,remove_belief_separation,0.7535,0.7535,take_safe_route,take_safe_route,1,1.0407828125,0.0
spb-hid-h-20261915,hidden_state_dependency,hard,8,remove_sample_identity,0.7535,0.7535,take_safe_route,take_safe_route,1,1.0407828125,0.0
spb-hid-h-20261915,hidden_state_dependency,hard,8,attention_only,0.7535,0.7535,take_short_route,take_safe_route,0,-1.9398009374999998,2.98058375
spb-hid-h-20261915,hidden_state_dependency,hard,8,simple_dedup,0.7535,0.7535,take_safe_route,take_safe_route,1,1.0407828125,0.0
spb-hid-h-20261915,hidden_state_dependency,hard,8,random_grouping,0.7535,0.7535,take_safe_route,take_safe_route,1,1.0407828125,0.0
spb-hid-h-20261915,hidden_state_dependency,hard,8,oracle_grouping,0.7535,0.7535,take_safe_route,take_safe_route,1,1.0407828125,0.0
spb-hid-h-20261915,hidden_state_dependency,hard,16,remove_provenance,0.9992534817122373,0.9992534817122373,take_short_route,take_safe_route,0,-1.9398009374999998,2.98058375
spb-hid-h-20261915,hidden_state_dependency,hard,16,remove_belief_separation,0.7535,0.7535,take_safe_route,take_safe_route,1,1.0407828125,0.0
spb-hid-h-20261915,hidden_state_dependency,hard,16,remove_sample_identity,0.7535,0.7535,take_safe_route,take_safe_route,1,1.0407828125,0.0
spb-hid-h-20261915,hidden_state_dependency,hard,16,attention_only,0.7535,0.7535,take_short_route,take_safe_route,0,-1.9398009374999998,2.98058375
spb-hid-h-20261915,hidden_state_dependency,hard,16,simple_dedup,0.7535,0.7535,take_safe_route,take_safe_route,1,1.0407828125,0.0
spb-hid-h-20261915,hidden_state_dependency,hard,16,random_grouping,0.7535,0.7535,take_safe_route,take_safe_route,1,1.0407828125,0.0
spb-hid-h-20261915,hidden_state_dependency,hard,16,oracle_grouping,0.7535,0.7535,take_safe_route,take_safe_route,1,1.0407828125,0.0
spb-hid-h-20261915,hidden_state_dependency,hard,32,remove_provenance,0.9999988626237841,0.9999988626237841,take_short_route,take_safe_route,0,-1.9398009374999998,2.98058375
spb-hid-h-20261915,hidden_state_dependency,hard,32,remove_belief_separation,0.7535,0.7535,take_safe_route,take_safe_route,1,1.0407828125,0.0
spb-hid-h-20261915,hidden_state_dependency,hard,32,remove_sample_identity,0.7535,0.7535,take_safe_route,take_safe_route,1,1.0407828125,0.0
spb-hid-h-20261915,hidden_state_dependency,hard,32,attention_only,0.7535,0.7535,take_short_route,take_safe_route,0,-1.9398009374999998,2.98058375
spb-hid-h-20261915,hidden_state_dependency,hard,32,simple_dedup,0.7535,0.7535,take_safe_route,take_safe_route,1,1.0407828125,0.0
spb-hid-h-20261915,hidden_state_dependency,hard,32,random_grouping,0.7535,0.7535,take_safe_route,take_safe_route,1,1.0407828125,0.0
spb-hid-h-20261915,hidden_state_dependency,hard,32,oracle_grouping,0.7535,0.7535,take_safe_route,take_safe_route,1,1.0407828125,0.0
spb-hid-h-20261915,hidden_state_dependency,hard,64,remove_provenance,0.9999999999973637,0.9999999999973637,take_short_route,take_safe_route,0,-1.9398009374999998,2.98058375
spb-hid-h-20261915,hidden_state_dependency,hard,64,remove_belief_separation,0.7535,0.7535,take_safe_route,take_safe_route,1,1.0407828125,0.0
spb-hid-h-20261915,hidden_state_dependency,hard,64,remove_sample_identity,0.7535,0.7535,take_safe_route,take_safe_route,1,1.0407828125,0.0
spb-hid-h-20261915,hidden_state_dependency,hard,64,attention_only,0.7535,0.7535,take_short_route,take_safe_route,0,-1.9398009374999998,2.98058375
spb-hid-h-20261915,hidden_state_dependency,hard,64,simple_dedup,0.7535,0.7535,take_safe_route,take_safe_route,1,1.0407828125,0.0
spb-hid-h-20261915,hidden_state_dependency,hard,64,random_grouping,0.7535,0.7535,take_safe_route,take_safe_route,1,1.0407828125,0.0
spb-hid-h-20261915,hidden_state_dependency,hard,64,oracle_grouping,0.7535,0.7535,take_safe_route,take_safe_route,1,1.0407828125,0.0
spb-hid-e-20261983,hidden_state_dependency,easy,1,remove_provenance,0.795,0.795,take_short_route,take_safe_route,0,-1.99780421875,2.9738784375
spb-hid-e-20261983,hidden_state_dependency,easy,1,remove_belief_separation,0.795,0.795,take_safe_route,take_safe_route,1,0.97607421875,0.0
spb-hid-e-20261983,hidden_state_dependency,easy,1,remove_sample_identity,0.795,0.795,take_short_route,take_safe_route,0,-1.99780421875,2.9738784375
spb-hid-e-20261983,hidden_state_dependency,easy,1,attention_only,0.795,0.795,take_short_route,take_safe_route,0,-1.99780421875,2.9738784375
spb-hid-e-20261983,hidden_state_dependency,easy,1,simple_dedup,0.795,0.795,take_short_route,take_safe_route,0,-1.99780421875,2.9738784375
spb-hid-e-20261983,hidden_state_dependency,easy,1,random_grouping,0.795,0.795,take_short_route,take_safe_route,0,-1.99780421875,2.9738784375
spb-hid-e-20261983,hidden_state_dependency,easy,1,oracle_grouping,0.795,0.795,take_short_route,take_safe_route,0,-1.99780421875,2.9738784375
spb-hid-e-20261983,hidden_state_dependency,easy,2,remove_provenance,0.853309481216458,0.853309481216458,take_short_route,take_safe_route,0,-1.99780421875,2.9738784375
spb-hid-e-20261983,hidden_state_dependency,easy,2,remove_belief_separation,0.795,0.795,take_safe_route,take_safe_route,1,0.97607421875,0.0
spb-hid-e-20261983,hidden_state_dependency,easy,2,remove_sample_identity,0.795,0.795,take_short_route,take_safe_route,0,-1.99780421875,2.9738784375
spb-hid-e-20261983,hidden_state_dependency,easy,2,attention_only,0.795,0.795,take_short_route,take_safe_route,0,-1.99780421875,2.9738784375
spb-hid-e-20261983,hidden_state_dependency,easy,2,simple_dedup,0.795,0.795,take_short_route,take_safe_route,0,-1.99780421875,2.9738784375
spb-hid-e-20261983,hidden_state_dependency,easy,2,random_grouping,0.795,0.795,take_short_route,take_safe_route,0,-1.99780421875,2.9738784375
spb-hid-e-20261983,hidden_state_dependency,easy,2,oracle_grouping,0.795,0.795,take_short_route,take_safe_route,0,-1.99780421875,2.9738784375
spb-hid-e-20261983,hidden_state_dependency,easy,4,remove_provenance,0.9290196927072063,0.9290196927072063,take_short_route,take_safe_route,0,-1.99780421875,2.9738784375
spb-hid-e-20261983,hidden_state_dependency,easy,4,remove_belief_separation,0.795,0.795,take_safe_route,take_safe_route,1,0.97607421875,0.0
spb-hid-e-20261983,hidden_state_dependency,easy,4,remove_sample_identity,0.795,0.795,take_short_route,take_safe_route,0,-1.99780421875,2.9738784375
spb-hid-e-20261983,hidden_state_dependency,easy,4,attention_only,0.795,0.795,take_short_route,take_safe_route,0,-1.99780421875,2.9738784375
spb-hid-e-20261983,hidden_state_dependency,easy,4,simple_dedup,0.795,0.795,take_short_route,take_safe_route,0,-1.99780421875,2.9738784375
spb-hid-e-20261983,hidden_state_dependency,easy,4,random_grouping,0.795,0.795,take_short_route,take_safe_route,0,-1.99780421875,2.9738784375
spb-hid-e-20261983,hidden_state_dependency,easy,4,oracle_grouping,0.795,0.795,take_short_route,take_safe_route,0,-1.99780421875,2.9738784375
spb-hid-e-20261983,hidden_state_dependency,easy,8,remove_provenance,0.9851323442338256,0.9851323442338256,take_short_route,take_safe_route,0,-1.99780421875,2.9738784375
spb-hid-e-20261983,hidden_state_dependency,easy,8,remove_belief_separation,0.795,0.795,take_safe_route,take_safe_route,1,0.97607421875,0.0
spb-hid-e-20261983,hidden_state_dependency,easy,8,remove_sample_identity,0.795,0.795,take_short_route,take_safe_route,0,-1.99780421875,2.9738784375
spb-hid-e-20261983,hidden_state_dependency,easy,8,attention_only,0.795,0.795,take_short_route,take_safe_route,0,-1.99780421875,2.9738784375
spb-hid-e-20261983,hidden_state_dependency,easy,8,simple_dedup,0.795,0.795,take_short_route,take_safe_route,0,-1.99780421875,2.9738784375
spb-hid-e-20261983,hidden_state_dependency,easy,8,random_grouping,0.795,0.795,take_short_route,take_safe_route,0,-1.99780421875,2.9738784375
spb-hid-e-20261983,hidden_state_dependency,easy,8,oracle_grouping,0.795,0.795,take_short_route,take_safe_route,0,-1.99780421875,2.9738784375
spb-hid-e-20261983,hidden_state_dependency,easy,16,remove_provenance,0.999411478707928,0.999411478707928,take_short_route,take_safe_route,0,-1.99780421875,2.9738784375
spb-hid-e-20261983,hidden_state_dependency,easy,16,remove_belief_separation,0.795,0.795,take_safe_route,take_safe_route,1,0.97607421875,0.0
spb-hid-e-20261983,hidden_state_dependency,easy,16,remove_sample_identity,0.795,0.795,take_short_route,take_safe_route,0,-1.99780421875,2.9738784375
spb-hid-e-20261983,hidden_state_dependency,easy,16,attention_only,0.795,0.795,take_short_route,take_safe_route,0,-1.99780421875,2.9738784375
spb-hid-e-20261983,hidden_state_dependency,easy,16,simple_dedup,0.795,0.795,take_short_route,take_safe_route,0,-1.99780421875,2.9738784375
spb-hid-e-20261983,hidden_state_dependency,easy,16,random_grouping,0.795,0.795,take_short_route,take_safe_route,0,-1.99780421875,2.9738784375
spb-hid-e-20261983,hidden_state_dependency,easy,16,oracle_grouping,0.795,0.795,take_short_route,take_safe_route,0,-1.99780421875,2.9738784375
spb-hid-e-20261983,hidden_state_dependency,easy,32,remove_provenance,0.9999991034855119,0.9999991034855119,take_short_route,take_safe_route,0,-1.99780421875,2.9738784375
spb-hid-e-20261983,hidden_state_dependency,easy,32,remove_belief_separation,0.795,0.795,take_safe_route,take_safe_route,1,0.97607421875,0.0
spb-hid-e-20261983,hidden_state_dependency,easy,32,remove_sample_identity,0.795,0.795,take_short_route,take_safe_route,0,-1.99780421875,2.9738784375
spb-hid-e-20261983,hidden_state_dependency,easy,32,attention_only,0.795,0.795,take_short_route,take_safe_route,0,-1.99780421875,2.9738784375
spb-hid-e-20261983,hidden_state_dependency,easy,32,simple_dedup,0.795,0.795,take_short_route,take_safe_route,0,-1.99780421875,2.9738784375
spb-hid-e-20261983,hidden_state_dependency,easy,32,random_grouping,0.795,0.795,take_short_route,take_safe_route,0,-1.99780421875,2.9738784375
spb-hid-e-20261983,hidden_state_dependency,easy,32,oracle_grouping,0.795,0.795,take_short_route,take_safe_route,0,-1.99780421875,2.9738784375
spb-hid-e-20261983,hidden_state_dependency,easy,64,remove_provenance,0.9999999999979221,0.9999999999979221,take_short_route,take_safe_route,0,-1.99780421875,2.9738784375
spb-hid-e-20261983,hidden_state_dependency,easy,64,remove_belief_separation,0.795,0.795,take_safe_route,take_safe_route,1,0.97607421875,0.0
spb-hid-e-20261983,hidden_state_dependency,easy,64,remove_sample_identity,0.795,0.795,take_short_route,take_safe_route,0,-1.99780421875,2.9738784375
spb-hid-e-20261983,hidden_state_dependency,easy,64,attention_only,0.795,0.795,take_short_route,take_safe_route,0,-1.99780421875,2.9738784375
spb-hid-e-20261983,hidden_state_dependency,easy,64,simple_dedup,0.795,0.795,take_short_route,take_safe_route,0,-1.99780421875,2.9738784375
spb-hid-e-20261983,hidden_state_dependency,easy,64,random_grouping,0.795,0.795,take_short_route,take_safe_route,0,-1.99780421875,2.9738784375
spb-hid-e-20261983,hidden_state_dependency,easy,64,oracle_grouping,0.795,0.795,take_short_route,take_safe_route,0,-1.99780421875,2.9738784375
spb-hid-m-20262000,hidden_state_dependency,medium,1,remove_provenance,0.1922,0.1922,take_safe_route,take_safe_route,1,0.9973871875,0.0
spb-hid-m-20262000,hidden_state_dependency,medium,1,remove_belief_separation,0.1922,0.1922,take_safe_route,take_safe_route,1,0.9973871875,0.0
spb-hid-m-20262000,hidden_state_dependency,medium,1,remove_sample_identity,0.1922,0.1922,take_safe_route,take_safe_route,1,0.9973871875,0.0
spb-hid-m-20262000,hidden_state_dependency,medium,1,attention_only,0.1922,0.1922,take_short_route,take_safe_route,0,-2.0335615625,3.0309487500000003
spb-hid-m-20262000,hidden_state_dependency,medium,1,simple_dedup,0.1922,0.1922,take_safe_route,take_safe_route,1,0.9973871875,0.0
spb-hid-m-20262000,hidden_state_dependency,medium,1,random_grouping,0.1922,0.1922,take_safe_route,take_safe_route,1,0.9973871875,0.0
spb-hid-m-20262000,hidden_state_dependency,medium,1,oracle_grouping,0.1922,0.1922,take_safe_route,take_safe_route,1,0.9973871875,0.0
spb-hid-m-20262000,hidden_state_dependency,medium,2,remove_provenance,0.2630234467658061,0.2630234467658061,take_safe_route,take_safe_route,1,0.9973871875,0.0
spb-hid-m-20262000,hidden_state_dependency,medium,2,remove_belief_separation,0.1922,0.1922,take_safe_route,take_safe_route,1,0.9973871875,0.0
spb-hid-m-20262000,hidden_state_dependency,medium,2,remove_sample_identity,0.1922,0.1922,take_safe_route,take_safe_route,1,0.9973871875,0.0
spb-hid-m-20262000,hidden_state_dependency,medium,2,attention_only,0.1922,0.1922,take_short_route,take_safe_route,0,-2.0335615625,3.0309487500000003
spb-hid-m-20262000,hidden_state_dependency,medium,2,simple_dedup,0.1922,0.1922,take_safe_route,take_safe_route,1,0.9973871875,0.0
spb-hid-m-20262000,hidden_state_dependency,medium,2,random_grouping,0.1922,0.1922,take_safe_route,take_safe_route,1,0.9973871875,0.0
spb-hid-m-20262000,hidden_state_dependency,medium,2,oracle_grouping,0.1922,0.1922,take_safe_route,take_safe_route,1,0.9973871875,0.0
spb-hid-m-20262000,hidden_state_dependency,medium,4,remove_provenance,0.4453732470519577,0.4453732470519577,take_safe_route,take_safe_route,1,0.9973871875,0.0
spb-hid-m-20262000,hidden_state_dependency,medium,4,remove_belief_separation,0.1922,0.1922,take_safe_route,take_safe_route,1,0.9973871875,0.0
spb-hid-m-20262000,hidden_state_dependency,medium,4,remove_sample_identity,0.1922,0.1922,take_safe_route,take_safe_route,1,0.9973871875,0.0
spb-hid-m-20262000,hidden_state_dependency,medium,4,attention_only,0.1922,0.1922,take_short_route,take_safe_route,0,-2.0335615625,3.0309487500000003
spb-hid-m-20262000,hidden_state_dependency,medium,4,simple_dedup,0.1922,0.1922,take_safe_route,take_safe_route,1,0.9973871875,0.0
spb-hid-m-20262000,hidden_state_dependency,medium,4,random_grouping,0.1922,0.1922,take_safe_route,take_safe_route,1,0.9973871875,0.0
spb-hid-m-20262000,hidden_state_dependency,medium,4,oracle_grouping,0.1922,0.1922,take_safe_route,take_safe_route,1,0.9973871875,0.0
spb-hid-m-20262000,hidden_state_dependency,medium,8,remove_provenance,0.8025767757195461,0.8025767757195461,take_safe_route,take_safe_route,1,0.9973871875,0.0
spb-hid-m-20262000,hidden_state_dependency,medium,8,remove_belief_separation,0.1922,0.1922,take_safe_route,take_safe_route,1,0.9973871875,0.0
spb-hid-m-20262000,hidden_state_dependency,medium,8,remove_sample_identity,0.1922,0.1922,take_safe_route,take_safe_route,1,0.9973871875,0.0
spb-hid-m-20262000,hidden_state_dependency,medium,8,attention_only,0.1922,0.1922,take_short_route,take_safe_route,0,-2.0335615625,3.0309487500000003
spb-hid-m-20262000,hidden_state_dependency,medium,8,simple_dedup,0.1922,0.1922,take_safe_route,take_safe_route,1,0.9973871875,0.0
spb-hid-m-20262000,hidden_state_dependency,medium,8,random_grouping,0.1922,0.1922,take_safe_route,take_safe_route,1,0.9973871875,0.0
spb-hid-m-20262000,hidden_state_dependency,medium,8,oracle_grouping,0.1922,0.1922,take_safe_route,take_safe_route,1,0.9973871875,0.0
spb-hid-m-20262000,hidden_state_dependency,medium,16,remove_provenance,0.9904932277422323,0.9904932277422323,take_short_route,take_safe_route,0,-2.0335615625,3.0309487500000003
spb-hid-m-20262000,hidden_state_dependency,medium,16,remove_belief_separation,0.1922,0.1922,take_safe_route,take_safe_route,1,0.9973871875,0.0
spb-hid-m-20262000,hidden_state_dependency,medium,16,remove_sample_identity,0.1922,0.1922,take_safe_route,take_safe_route,1,0.9973871875,0.0
spb-hid-m-20262000,hidden_state_dependency,medium,16,attention_only,0.1922,0.1922,take_short_route,take_safe_route,0,-2.0335615625,3.0309487500000003
spb-hid-m-20262000,hidden_state_dependency,medium,16,simple_dedup,0.1922,0.1922,take_safe_route,take_safe_route,1,0.9973871875,0.0
spb-hid-m-20262000,hidden_state_dependency,medium,16,random_grouping,0.1922,0.1922,take_safe_route,take_safe_route,1,0.9973871875,0.0
spb-hid-m-20262000,hidden_state_dependency,medium,16,oracle_grouping,0.1922,0.1922,take_safe_route,take_safe_route,1,0.9973871875,0.0
spb-hid-m-20262000,hidden_state_dependency,medium,32,remove_provenance,0.999985387817466,0.999985387817466,take_short_route,take_safe_route,0,-2.0335615625,3.0309487500000003
spb-hid-m-20262000,hidden_state_dependency,medium,32,remove_belief_separation,0.1922,0.1922,take_safe_route,take_safe_route,1,0.9973871875,0.0
spb-hid-m-20262000,hidden_state_dependency,medium,32,remove_sample_identity,0.1922,0.1922,take_safe_route,take_safe_route,1,0.9973871875,0.0
spb-hid-m-20262000,hidden_state_dependency,medium,32,attention_only,0.1922,0.1922,take_short_route,take_safe_route,0,-2.0335615625,3.0309487500000003
spb-hid-m-20262000,hidden_state_dependency,medium,32,simple_dedup,0.1922,0.1922,take_safe_route,take_safe_route,1,0.9973871875,0.0
spb-hid-m-20262000,hidden_state_dependency,medium,32,random_grouping,0.1922,0.1922,take_safe_route,take_safe_route,1,0.9973871875,0.0
spb-hid-m-20262000,hidden_state_dependency,medium,32,oracle_grouping,0.1922,0.1922,take_safe_route,take_safe_route,1,0.9973871875,0.0
spb-hid-m-20262000,hidden_state_dependency,medium,64,remove_provenance,0.9999999999661311,0.9999999999661311,take_short_route,take_safe_route,0,-2.0335615625,3.0309487500000003
spb-hid-m-20262000,hidden_state_dependency,medium,64,remove_belief_separation,0.1922,0.1922,take_safe_route,take_safe_route,1,0.9973871875,0.0
spb-hid-m-20262000,hidden_state_dependency,medium,64,remove_sample_identity,0.1922,0.1922,take_safe_route,take_safe_route,1,0.9973871875,0.0
spb-hid-m-20262000,hidden_state_dependency,medium,64,attention_only,0.1922,0.1922,take_short_route,take_safe_route,0,-2.0335615625,3.0309487500000003
spb-hid-m-20262000,hidden_state_dependency,medium,64,simple_dedup,0.1922,0.1922,take_safe_route,take_safe_route,1,0.9973871875,0.0
spb-hid-m-20262000,hidden_state_dependency,medium,64,random_grouping,0.1922,0.1922,take_safe_route,take_safe_route,1,0.9973871875,0.0
spb-hid-m-20262000,hidden_state_dependency,medium,64,oracle_grouping,0.1922,0.1922,take_safe_route,take_safe_route,1,0.9973871875,0.0
spb-hid-h-20262068,hidden_state_dependency,hard,1,remove_provenance,0.7947,0.7947,take_short_route,take_safe_route,0,-1.907515,2.8977989062500003
spb-hid-h-20262068,hidden_state_dependency,hard,1,remove_belief_separation,0.7947,0.7947,take_safe_route,take_safe_route,1,0.99028390625,0.0
spb-hid-h-20262068,hidden_state_dependency,hard,1,remove_sample_identity,0.7947,0.7947,take_short_route,take_safe_route,0,-1.907515,2.8977989062500003
spb-hid-h-20262068,hidden_state_dependency,hard,1,attention_only,0.7947,0.7947,take_short_route,take_safe_route,0,-1.907515,2.8977989062500003
spb-hid-h-20262068,hidden_state_dependency,hard,1,simple_dedup,0.7947,0.7947,take_short_route,take_safe_route,0,-1.907515,2.8977989062500003
spb-hid-h-20262068,hidden_state_dependency,hard,1,random_grouping,0.7947,0.7947,take_short_route,take_safe_route,0,-1.907515,2.8977989062500003
spb-hid-h-20262068,hidden_state_dependency,hard,1,oracle_grouping,0.7947,0.7947,take_short_route,take_safe_route,0,-1.907515,2.8977989062500003
spb-hid-h-20262068,hidden_state_dependency,hard,2,remove_provenance,0.853079042473253,0.853079042473253,take_short_route,take_safe_route,0,-1.907515,2.8977989062500003
spb-hid-h-20262068,hidden_state_dependency,hard,2,remove_belief_separation,0.7947,0.7947,take_safe_route,take_safe_route,1,0.99028390625,0.0
spb-hid-h-20262068,hidden_state_dependency,hard,2,remove_sample_identity,0.7947,0.7947,take_short_route,take_safe_route,0,-1.907515,2.8977989062500003
spb-hid-h-20262068,hidden_state_dependency,hard,2,attention_only,0.7947,0.7947,take_short_route,take_safe_route,0,-1.907515,2.8977989062500003
spb-hid-h-20262068,hidden_state_dependency,hard,2,simple_dedup,0.7947,0.7947,take_short_route,take_safe_route,0,-1.907515,2.8977989062500003
spb-hid-h-20262068,hidden_state_dependency,hard,2,random_grouping,0.7947,0.7947,take_short_route,take_safe_route,0,-1.907515,2.8977989062500003
spb-hid-h-20262068,hidden_state_dependency,hard,2,oracle_grouping,0.7947,0.7947,take_short_route,take_safe_route,0,-1.907515,2.8977989062500003
spb-hid-h-20262068,hidden_state_dependency,hard,4,remove_provenance,0.9288982783028057,0.9288982783028057,take_short_route,take_safe_route,0,-1.907515,2.8977989062500003
spb-hid-h-20262068,hidden_state_dependency,hard,4,remove_belief_separation,0.7947,0.7947,take_safe_route,take_safe_route,1,0.99028390625,0.0
spb-hid-h-20262068,hidden_state_dependency,hard,4,remove_sample_identity,0.7947,0.7947,take_short_route,take_safe_route,0,-1.907515,2.8977989062500003
spb-hid-h-20262068,hidden_state_dependency,hard,4,attention_only,0.7947,0.7947,take_short_route,take_safe_route,0,-1.907515,2.8977989062500003
spb-hid-h-20262068,hidden_state_dependency,hard,4,simple_dedup,0.7947,0.7947,take_short_route,take_safe_route,0,-1.907515,2.8977989062500003
spb-hid-h-20262068,hidden_state_dependency,hard,4,random_grouping,0.7947,0.7947,take_short_route,take_safe_route,0,-1.907515,2.8977989062500003
spb-hid-h-20262068,hidden_state_dependency,hard,4,oracle_grouping,0.7947,0.7947,take_short_route,take_safe_route,0,-1.907515,2.8977989062500003
spb-hid-h-20262068,hidden_state_dependency,hard,8,remove_provenance,0.9851053737109596,0.9851053737109596,take_short_route,take_safe_route,0,-1.907515,2.8977989062500003
spb-hid-h-20262068,hidden_state_dependency,hard,8,remove_belief_separation,0.7947,0.7947,take_safe_route,take_safe_route,1,0.99028390625,0.0
spb-hid-h-20262068,hidden_state_dependency,hard,8,remove_sample_identity,0.7947,0.7947,take_short_route,take_safe_route,0,-1.907515,2.8977989062500003
spb-hid-h-20262068,hidden_state_dependency,hard,8,attention_only,0.7947,0.7947,take_short_route,take_safe_route,0,-1.907515,2.8977989062500003
spb-hid-h-20262068,hidden_state_dependency,hard,8,simple_dedup,0.7947,0.7947,take_short_route,take_safe_route,0,-1.907515,2.8977989062500003
spb-hid-h-20262068,hidden_state_dependency,hard,8,random_grouping,0.7947,0.7947,take_short_route,take_safe_route,0,-1.907515,2.8977989062500003
spb-hid-h-20262068,hidden_state_dependency,hard,8,oracle_grouping,0.7947,0.7947,take_short_route,take_safe_route,0,-1.907515,2.8977989062500003
spb-hid-h-20262068,hidden_state_dependency,hard,16,remove_provenance,0.9994103956037703,0.9994103956037703,take_short_route,take_safe_route,0,-1.907515,2.8977989062500003
spb-hid-h-20262068,hidden_state_dependency,hard,16,remove_belief_separation,0.7947,0.7947,take_safe_route,take_safe_route,1,0.99028390625,0.0
spb-hid-h-20262068,hidden_state_dependency,hard,16,remove_sample_identity,0.7947,0.7947,take_short_route,take_safe_route,0,-1.907515,2.8977989062500003
spb-hid-h-20262068,hidden_state_dependency,hard,16,attention_only,0.7947,0.7947,take_short_route,take_safe_route,0,-1.907515,2.8977989062500003
spb-hid-h-20262068,hidden_state_dependency,hard,16,simple_dedup,0.7947,0.7947,take_short_route,take_safe_route,0,-1.907515,2.8977989062500003
spb-hid-h-20262068,hidden_state_dependency,hard,16,random_grouping,0.7947,0.7947,take_short_route,take_safe_route,0,-1.907515,2.8977989062500003
spb-hid-h-20262068,hidden_state_dependency,hard,16,oracle_grouping,0.7947,0.7947,take_short_route,take_safe_route,0,-1.907515,2.8977989062500003
spb-hid-h-20262068,hidden_state_dependency,hard,32,remove_provenance,0.9999991018346106,0.9999991018346106,take_short_route,take_safe_route,0,-1.907515,2.8977989062500003
spb-hid-h-20262068,hidden_state_dependency,hard,32,remove_belief_separation,0.7947,0.7947,take_safe_route,take_safe_route,1,0.99028390625,0.0
spb-hid-h-20262068,hidden_state_dependency,hard,32,remove_sample_identity,0.7947,0.7947,take_short_route,take_safe_route,0,-1.907515,2.8977989062500003
spb-hid-h-20262068,hidden_state_dependency,hard,32,attention_only,0.7947,0.7947,take_short_route,take_safe_route,0,-1.907515,2.8977989062500003
spb-hid-h-20262068,hidden_state_dependency,hard,32,simple_dedup,0.7947,0.7947,take_short_route,take_safe_route,0,-1.907515,2.8977989062500003
spb-hid-h-20262068,hidden_state_dependency,hard,32,random_grouping,0.7947,0.7947,take_short_route,take_safe_route,0,-1.907515,2.8977989062500003
spb-hid-h-20262068,hidden_state_dependency,hard,32,oracle_grouping,0.7947,0.7947,take_short_route,take_safe_route,0,-1.907515,2.8977989062500003
spb-hid-h-20262068,hidden_state_dependency,hard,64,remove_provenance,0.9999999999979181,0.9999999999979181,take_short_route,take_safe_route,0,-1.907515,2.8977989062500003
spb-hid-h-20262068,hidden_state_dependency,hard,64,remove_belief_separation,0.7947,0.7947,take_safe_route,take_safe_route,1,0.99028390625,0.0
spb-hid-h-20262068,hidden_state_dependency,hard,64,remove_sample_identity,0.7947,0.7947,take_short_route,take_safe_route,0,-1.907515,2.8977989062500003
spb-hid-h-20262068,hidden_state_dependency,hard,64,attention_only,0.7947,0.7947,take_short_route,take_safe_route,0,-1.907515,2.8977989062500003
spb-hid-h-20262068,hidden_state_dependency,hard,64,simple_dedup,0.7947,0.7947,take_short_route,take_safe_route,0,-1.907515,2.8977989062500003
spb-hid-h-20262068,hidden_state_dependency,hard,64,random_grouping,0.7947,0.7947,take_short_route,take_safe_route,0,-1.907515,2.8977989062500003
spb-hid-h-20262068,hidden_state_dependency,hard,64,oracle_grouping,0.7947,0.7947,take_short_route,take_safe_route,0,-1.907515,2.8977989062500003
spb-hid-m-20262255,hidden_state_dependency,medium,1,remove_provenance,0.2445,0.2445,take_safe_route,take_safe_route,1,1.0238253125,0.0
spb-hid-m-20262255,hidden_state_dependency,medium,1,remove_belief_separation,0.2445,0.2445,take_safe_route,take_safe_route,1,1.0238253125,0.0
spb-hid-m-20262255,hidden_state_dependency,medium,1,remove_sample_identity,0.2445,0.2445,take_safe_route,take_safe_route,1,1.0238253125,0.0
spb-hid-m-20262255,hidden_state_dependency,medium,1,attention_only,0.2445,0.2445,take_short_route,take_safe_route,0,-2.0562046875,3.0800300000000003
spb-hid-m-20262255,hidden_state_dependency,medium,1,simple_dedup,0.2445,0.2445,take_safe_route,take_safe_route,1,1.0238253125,0.0
spb-hid-m-20262255,hidden_state_dependency,medium,1,random_grouping,0.2445,0.2445,take_safe_route,take_safe_route,1,1.0238253125,0.0
spb-hid-m-20262255,hidden_state_dependency,medium,1,oracle_grouping,0.2445,0.2445,take_safe_route,take_safe_route,1,1.0238253125,0.0
spb-hid-m-20262255,hidden_state_dependency,medium,2,remove_provenance,0.3267988416128313,0.3267988416128313,take_safe_route,take_safe_route,1,1.0238253125,0.0
spb-hid-m-20262255,hidden_state_dependency,medium,2,remove_belief_separation,0.2445,0.2445,take_safe_route,take_safe_route,1,1.0238253125,0.0
spb-hid-m-20262255,hidden_state_dependency,medium,2,remove_sample_identity,0.2445,0.2445,take_safe_route,take_safe_route,1,1.0238253125,0.0
spb-hid-m-20262255,hidden_state_dependency,medium,2,attention_only,0.2445,0.2445,take_short_route,take_safe_route,0,-2.0562046875,3.0800300000000003
spb-hid-m-20262255,hidden_state_dependency,medium,2,simple_dedup,0.2445,0.2445,take_safe_route,take_safe_route,1,1.0238253125,0.0
spb-hid-m-20262255,hidden_state_dependency,medium,2,random_grouping,0.2445,0.2445,take_safe_route,take_safe_route,1,1.0238253125,0.0
spb-hid-m-20262255,hidden_state_dependency,medium,2,oracle_grouping,0.2445,0.2445,take_safe_route,take_safe_route,1,1.0238253125,0.0
spb-hid-m-20262255,hidden_state_dependency,medium,4,remove_provenance,0.522043414653434,0.522043414653434,take_safe_route,take_safe_route,1,1.0238253125,0.0
spb-hid-m-20262255,hidden_state_dependency,medium,4,remove_belief_separation,0.2445,0.2445,take_safe_route,take_safe_route,1,1.0238253125,0.0
spb-hid-m-20262255,hidden_state_dependency,medium,4,remove_sample_identity,0.2445,0.2445,take_safe_route,take_safe_route,1,1.0238253125,0.0
spb-hid-m-20262255,hidden_state_dependency,medium,4,attention_only,0.2445,0.2445,take_short_route,take_safe_route,0,-2.0562046875,3.0800300000000003
spb-hid-m-20262255,hidden_state_dependency,medium,4,simple_dedup,0.2445,0.2445,take_safe_route,take_safe_route,1,1.0238253125,0.0
spb-hid-m-20262255,hidden_state_dependency,medium,4,random_grouping,0.2445,0.2445,take_safe_route,take_safe_route,1,1.0238253125,0.0
spb-hid-m-20262255,hidden_state_dependency,medium,4,oracle_grouping,0.2445,0.2445,take_safe_route,take_safe_route,1,1.0238253125,0.0
spb-hid-m-20262255,hidden_state_dependency,medium,8,remove_provenance,0.8468481238087471,0.8468481238087471,take_short_route,take_safe_route,0,-2.0562046875,3.0800300000000003
spb-hid-m-20262255,hidden_state_dependency,medium,8,remove_belief_separation,0.2445,0.2445,take_safe_route,take_safe_route,1,1.0238253125,0.0
spb-hid-m-20262255,hidden_state_dependency,medium,8,remove_sample_identity,0.2445,0.2445,take_safe_route,take_safe_route,1,1.0238253125,0.0
spb-hid-m-20262255,hidden_state_dependency,medium,8,attention_only,0.2445,0.2445,take_short_route,take_safe_route,0,-2.0562046875,3.0800300000000003
spb-hid-m-20262255,hidden_state_dependency,medium,8,simple_dedup,0.2445,0.2445,take_safe_route,take_safe_route,1,1.0238253125,0.0
spb-hid-m-20262255,hidden_state_dependency,medium,8,random_grouping,0.2445,0.2445,take_safe_route,take_safe_route,1,1.0238253125,0.0
spb-hid-m-20262255,hidden_state_dependency,medium,8,oracle_grouping,0.2445,0.2445,take_safe_route,take_safe_route,1,1.0238253125,0.0
spb-hid-m-20262255,hidden_state_dependency,medium,16,remove_provenance,0.9929929873612248,0.9929929873612248,take_short_route,take_safe_route,0,-2.0562046875,3.0800300000000003
spb-hid-m-20262255,hidden_state_dependency,medium,16,remove_belief_separation,0.2445,0.2445,take_safe_route,take_safe_route,1,1.0238253125,0.0
spb-hid-m-20262255,hidden_state_dependency,medium,16,remove_sample_identity,0.2445,0.2445,take_safe_route,take_safe_route,1,1.0238253125,0.0
spb-hid-m-20262255,hidden_state_dependency,medium,16,attention_only,0.2445,0.2445,take_short_route,take_safe_route,0,-2.0562046875,3.0800300000000003
spb-hid-m-20262255,hidden_state_dependency,medium,16,simple_dedup,0.2445,0.2445,take_safe_route,take_safe_route,1,1.0238253125,0.0
spb-hid-m-20262255,hidden_state_dependency,medium,16,random_grouping,0.2445,0.2445,take_safe_route,take_safe_route,1,1.0238253125,0.0
spb-hid-m-20262255,hidden_state_dependency,medium,16,oracle_grouping,0.2445,0.2445,take_safe_route,take_safe_route,1,1.0238253125,0.0
spb-hid-m-20262255,hidden_state_dependency,medium,32,remove_provenance,0.9999892570907053,0.9999892570907053,take_short_route,take_safe_route,0,-2.0562046875,3.0800300000000003
spb-hid-m-20262255,hidden_state_dependency,medium,32,remove_belief_separation,0.2445,0.2445,take_safe_route,take_safe_route,1,1.0238253125,0.0
spb-hid-m-20262255,hidden_state_dependency,medium,32,remove_sample_identity,0.2445,0.2445,take_safe_route,take_safe_route,1,1.0238253125,0.0
spb-hid-m-20262255,hidden_state_dependency,medium,32,attention_only,0.2445,0.2445,take_short_route,take_safe_route,0,-2.0562046875,3.0800300000000003
spb-hid-m-20262255,hidden_state_dependency,medium,32,simple_dedup,0.2445,0.2445,take_safe_route,take_safe_route,1,1.0238253125,0.0
spb-hid-m-20262255,hidden_state_dependency,medium,32,random_grouping,0.2445,0.2445,take_safe_route,take_safe_route,1,1.0238253125,0.0
spb-hid-m-20262255,hidden_state_dependency,medium,32,oracle_grouping,0.2445,0.2445,take_safe_route,take_safe_route,1,1.0238253125,0.0
spb-hid-m-20262255,hidden_state_dependency,medium,64,remove_provenance,0.9999999999750997,0.9999999999750997,take_short_route,take_safe_route,0,-2.0562046875,3.0800300000000003
spb-hid-m-20262255,hidden_state_dependency,medium,64,remove_belief_separation,0.2445,0.2445,take_safe_route,take_safe_route,1,1.0238253125,0.0
spb-hid-m-20262255,hidden_state_dependency,medium,64,remove_sample_identity,0.2445,0.2445,take_safe_route,take_safe_route,1,1.0238253125,0.0
spb-hid-m-20262255,hidden_state_dependency,medium,64,attention_only,0.2445,0.2445,take_short_route,take_safe_route,0,-2.0562046875,3.0800300000000003
spb-hid-m-20262255,hidden_state_dependency,medium,64,simple_dedup,0.2445,0.2445,take_safe_route,take_safe_route,1,1.0238253125,0.0
spb-hid-m-20262255,hidden_state_dependency,medium,64,random_grouping,0.2445,0.2445,take_safe_route,take_safe_route,1,1.0238253125,0.0
spb-hid-m-20262255,hidden_state_dependency,medium,64,oracle_grouping,0.2445,0.2445,take_safe_route,take_safe_route,1,1.0238253125,0.0
spb-per-h-20262867,permission_tool_availability,hard,1,remove_provenance,0.7034,0.2966,manual_fallback,use_tool,0,0.8055815625,1.2097995312500003
spb-per-h-20262867,permission_tool_availability,hard,1,remove_belief_separation,0.7034,0.2966,manual_fallback,use_tool,0,0.8055815625,1.2097995312500003
spb-per-h-20262867,permission_tool_availability,hard,1,remove_sample_identity,0.7034,0.2966,manual_fallback,use_tool,0,0.8055815625,1.2097995312500003
spb-per-h-20262867,permission_tool_availability,hard,1,attention_only,0.7034,0.2966,use_tool,use_tool,1,2.0153810937500003,0.0
spb-per-h-20262867,permission_tool_availability,hard,1,simple_dedup,0.7034,0.2966,manual_fallback,use_tool,0,0.8055815625,1.2097995312500003
spb-per-h-20262867,permission_tool_availability,hard,1,random_grouping,0.7034,0.2966,manual_fallback,use_tool,0,0.8055815625,1.2097995312500003
spb-per-h-20262867,permission_tool_availability,hard,1,oracle_grouping,0.7034,0.2966,manual_fallback,use_tool,0,0.8055815625,1.2097995312500003
spb-per-h-20262867,permission_tool_availability,hard,2,remove_provenance,0.7805726122660354,0.21942738773396464,use_tool,use_tool,1,2.0153810937500003,0.0
spb-per-h-20262867,permission_tool_availability,hard,2,remove_belief_separation,0.7034,0.2966,manual_fallback,use_tool,0,0.8055815625,1.2097995312500003
spb-per-h-20262867,permission_tool_availability,hard,2,remove_sample_identity,0.7034,0.2966,manual_fallback,use_tool,0,0.8055815625,1.2097995312500003
spb-per-h-20262867,permission_tool_availability,hard,2,attention_only,0.7034,0.2966,use_tool,use_tool,1,2.0153810937500003,0.0
spb-per-h-20262867,permission_tool_availability,hard,2,simple_dedup,0.7034,0.2966,manual_fallback,use_tool,0,0.8055815625,1.2097995312500003
spb-per-h-20262867,permission_tool_availability,hard,2,random_grouping,0.7034,0.2966,manual_fallback,use_tool,0,0.8055815625,1.2097995312500003
spb-per-h-20262867,permission_tool_availability,hard,2,oracle_grouping,0.7034,0.2966,manual_fallback,use_tool,0,0.8055815625,1.2097995312500003
spb-per-h-20262867,permission_tool_availability,hard,4,remove_provenance,0.8889377755726764,0.11106222442732361,use_tool,use_tool,1,2.0153810937500003,0.0
spb-per-h-20262867,permission_tool_availability,hard,4,remove_belief_separation,0.7034,0.2966,manual_fallback,use_tool,0,0.8055815625,1.2097995312500003
spb-per-h-20262867,permission_tool_availability,hard,4,remove_sample_identity,0.7034,0.2966,manual_fallback,use_tool,0,0.8055815625,1.2097995312500003
spb-per-h-20262867,permission_tool_availability,hard,4,attention_only,0.7034,0.2966,use_tool,use_tool,1,2.0153810937500003,0.0
spb-per-h-20262867,permission_tool_availability,hard,4,simple_dedup,0.7034,0.2966,manual_fallback,use_tool,0,0.8055815625,1.2097995312500003
spb-per-h-20262867,permission_tool_availability,hard,4,random_grouping,0.7034,0.2966,manual_fallback,use_tool,0,0.8055815625,1.2097995312500003
spb-per-h-20262867,permission_tool_availability,hard,4,oracle_grouping,0.7034,0.2966,manual_fallback,use_tool,0,0.8055815625,1.2097995312500003
spb-per-h-20262867,permission_tool_availability,hard,8,remove_provenance,0.9759152537276201,0.024084746272379887,use_tool,use_tool,1,2.0153810937500003,0.0
spb-per-h-20262867,permission_tool_availability,hard,8,remove_belief_separation,0.7034,0.2966,manual_fallback,use_tool,0,0.8055815625,1.2097995312500003
spb-per-h-20262867,permission_tool_availability,hard,8,remove_sample_identity,0.7034,0.2966,manual_fallback,use_tool,0,0.8055815625,1.2097995312500003
spb-per-h-20262867,permission_tool_availability,hard,8,attention_only,0.7034,0.2966,use_tool,use_tool,1,2.0153810937500003,0.0
spb-per-h-20262867,permission_tool_availability,hard,8,simple_dedup,0.7034,0.2966,manual_fallback,use_tool,0,0.8055815625,1.2097995312500003
spb-per-h-20262867,permission_tool_availability,hard,8,random_grouping,0.7034,0.2966,manual_fallback,use_tool,0,0.8055815625,1.2097995312500003
spb-per-h-20262867,permission_tool_availability,hard,8,oracle_grouping,0.7034,0.2966,manual_fallback,use_tool,0,0.8055815625,1.2097995312500003
spb-per-h-20262867,permission_tool_availability,hard,16,remove_provenance,0.9990379848799479,0.0009620151200521176,use_tool,use_tool,1,2.0153810937500003,0.0
spb-per-h-20262867,permission_tool_availability,hard,16,remove_belief_separation,0.7034,0.2966,manual_fallback,use_tool,0,0.8055815625,1.2097995312500003
spb-per-h-20262867,permission_tool_availability,hard,16,remove_sample_identity,0.7034,0.2966,manual_fallback,use_tool,0,0.8055815625,1.2097995312500003
spb-per-h-20262867,permission_tool_availability,hard,16,attention_only,0.7034,0.2966,use_tool,use_tool,1,2.0153810937500003,0.0
spb-per-h-20262867,permission_tool_availability,hard,16,simple_dedup,0.7034,0.2966,manual_fallback,use_tool,0,0.8055815625,1.2097995312500003
spb-per-h-20262867,permission_tool_availability,hard,16,random_grouping,0.7034,0.2966,manual_fallback,use_tool,0,0.8055815625,1.2097995312500003
spb-per-h-20262867,permission_tool_availability,hard,16,oracle_grouping,0.7034,0.2966,manual_fallback,use_tool,0,0.8055815625,1.2097995312500003
spb-per-h-20262867,permission_tool_availability,hard,32,remove_provenance,0.9999985339826325,1.4660173675018484e-06,use_tool,use_tool,1,2.0153810937500003,0.0
spb-per-h-20262867,permission_tool_availability,hard,32,remove_belief_separation,0.7034,0.2966,manual_fallback,use_tool,0,0.8055815625,1.2097995312500003
spb-per-h-20262867,permission_tool_availability,hard,32,remove_sample_identity,0.7034,0.2966,manual_fallback,use_tool,0,0.8055815625,1.2097995312500003
spb-per-h-20262867,permission_tool_availability,hard,32,attention_only,0.7034,0.2966,use_tool,use_tool,1,2.0153810937500003,0.0
spb-per-h-20262867,permission_tool_availability,hard,32,simple_dedup,0.7034,0.2966,manual_fallback,use_tool,0,0.8055815625,1.2097995312500003
spb-per-h-20262867,permission_tool_availability,hard,32,random_grouping,0.7034,0.2966,manual_fallback,use_tool,0,0.8055815625,1.2097995312500003
spb-per-h-20262867,permission_tool_availability,hard,32,oracle_grouping,0.7034,0.2966,manual_fallback,use_tool,0,0.8055815625,1.2097995312500003
spb-per-h-20262867,permission_tool_availability,hard,64,remove_provenance,0.999999999996602,3.397948589167754e-12,use_tool,use_tool,1,2.0153810937500003,0.0
spb-per-h-20262867,permission_tool_availability,hard,64,remove_belief_separation,0.7034,0.2966,manual_fallback,use_tool,0,0.8055815625,1.2097995312500003
spb-per-h-20262867,permission_tool_availability,hard,64,remove_sample_identity,0.7034,0.2966,manual_fallback,use_tool,0,0.8055815625,1.2097995312500003
spb-per-h-20262867,permission_tool_availability,hard,64,attention_only,0.7034,0.2966,use_tool,use_tool,1,2.0153810937500003,0.0
spb-per-h-20262867,permission_tool_availability,hard,64,simple_dedup,0.7034,0.2966,manual_fallback,use_tool,0,0.8055815625,1.2097995312500003
spb-per-h-20262867,permission_tool_availability,hard,64,random_grouping,0.7034,0.2966,manual_fallback,use_tool,0,0.8055815625,1.2097995312500003
spb-per-h-20262867,permission_tool_availability,hard,64,oracle_grouping,0.7034,0.2966,manual_fallback,use_tool,0,0.8055815625,1.2097995312500003
spb-per-m-20262901,permission_tool_availability,medium,1,remove_provenance,0.19089999999999996,0.8091,manual_fallback,use_tool,0,0.78078625,1.22451234375
spb-per-m-20262901,permission_tool_availability,medium,1,remove_belief_separation,0.1909,0.8091,manual_fallback,use_tool,0,0.78078625,1.22451234375
spb-per-m-20262901,permission_tool_availability,medium,1,remove_sample_identity,0.1909,0.8091,manual_fallback,use_tool,0,0.78078625,1.22451234375
spb-per-m-20262901,permission_tool_availability,medium,1,attention_only,0.1909,0.8091,use_tool,use_tool,1,2.00529859375,0.0
spb-per-m-20262901,permission_tool_availability,medium,1,simple_dedup,0.1909,0.8091,manual_fallback,use_tool,0,0.78078625,1.22451234375
spb-per-m-20262901,permission_tool_availability,medium,1,random_grouping,0.1909,0.8091,manual_fallback,use_tool,0,0.78078625,1.22451234375
spb-per-m-20262901,permission_tool_availability,medium,1,oracle_grouping,0.1909,0.8091,manual_fallback,use_tool,0,0.78078625,1.22451234375
spb-per-m-20262901,permission_tool_availability,medium,2,remove_provenance,0.2613994248938792,0.7386005751061209,manual_fallback,use_tool,0,0.78078625,1.22451234375
spb-per-m-20262901,permission_tool_availability,medium,2,remove_belief_separation,0.1909,0.8091,manual_fallback,use_tool,0,0.78078625,1.22451234375
spb-per-m-20262901,permission_tool_availability,medium,2,remove_sample_identity,0.1909,0.8091,manual_fallback,use_tool,0,0.78078625,1.22451234375
spb-per-m-20262901,permission_tool_availability,medium,2,attention_only,0.1909,0.8091,use_tool,use_tool,1,2.00529859375,0.0
spb-per-m-20262901,permission_tool_availability,medium,2,simple_dedup,0.1909,0.8091,manual_fallback,use_tool,0,0.78078625,1.22451234375
spb-per-m-20262901,permission_tool_availability,medium,2,random_grouping,0.1909,0.8091,manual_fallback,use_tool,0,0.78078625,1.22451234375
spb-per-m-20262901,permission_tool_availability,medium,2,oracle_grouping,0.1909,0.8091,manual_fallback,use_tool,0,0.78078625,1.22451234375
spb-per-m-20262901,permission_tool_availability,medium,4,remove_provenance,0.44330056505921506,0.556699434940785,manual_fallback,use_tool,0,0.78078625,1.22451234375
spb-per-m-20262901,permission_tool_availability,medium,4,remove_belief_separation,0.1909,0.8091,manual_fallback,use_tool,0,0.78078625,1.22451234375
spb-per-m-20262901,permission_tool_availability,medium,4,remove_sample_identity,0.1909,0.8091,manual_fallback,use_tool,0,0.78078625,1.22451234375
spb-per-m-20262901,permission_tool_availability,medium,4,attention_only,0.1909,0.8091,use_tool,use_tool,1,2.00529859375,0.0
spb-per-m-20262901,permission_tool_availability,medium,4,simple_dedup,0.1909,0.8091,manual_fallback,use_tool,0,0.78078625,1.22451234375
spb-per-m-20262901,permission_tool_availability,medium,4,random_grouping,0.1909,0.8091,manual_fallback,use_tool,0,0.78078625,1.22451234375
spb-per-m-20262901,permission_tool_availability,medium,4,oracle_grouping,0.1909,0.8091,manual_fallback,use_tool,0,0.78078625,1.22451234375
spb-per-m-20262901,permission_tool_availability,medium,8,remove_provenance,0.801243265930748,0.19875673406925198,use_tool,use_tool,1,2.00529859375,0.0
spb-per-m-20262901,permission_tool_availability,medium,8,remove_belief_separation,0.1909,0.8091,manual_fallback,use_tool,0,0.78078625,1.22451234375
spb-per-m-20262901,permission_tool_availability,medium,8,remove_sample_identity,0.1909,0.8091,manual_fallback,use_tool,0,0.78078625,1.22451234375
spb-per-m-20262901,permission_tool_availability,medium,8,attention_only,0.1909,0.8091,use_tool,use_tool,1,2.00529859375,0.0
spb-per-m-20262901,permission_tool_availability,medium,8,simple_dedup,0.1909,0.8091,manual_fallback,use_tool,0,0.78078625,1.22451234375
spb-per-m-20262901,permission_tool_availability,medium,8,random_grouping,0.1909,0.8091,manual_fallback,use_tool,0,0.78078625,1.22451234375
spb-per-m-20262901,permission_tool_availability,medium,8,oracle_grouping,0.1909,0.8091,manual_fallback,use_tool,0,0.78078625,1.22451234375
spb-per-m-20262901,permission_tool_availability,medium,16,remove_provenance,0.9904138528092908,0.00958614719070916,use_tool,use_tool,1,2.00529859375,0.0
spb-per-m-20262901,permission_tool_availability,medium,16,remove_belief_separation,0.1909,0.8091,manual_fallback,use_tool,0,0.78078625,1.22451234375
spb-per-m-20262901,permission_tool_availability,medium,16,remove_sample_identity,0.1909,0.8091,manual_fallback,use_tool,0,0.78078625,1.22451234375
spb-per-m-20262901,permission_tool_availability,medium,16,attention_only,0.1909,0.8091,use_tool,use_tool,1,2.00529859375,0.0
spb-per-m-20262901,permission_tool_availability,medium,16,simple_dedup,0.1909,0.8091,manual_fallback,use_tool,0,0.78078625,1.22451234375
spb-per-m-20262901,permission_tool_availability,medium,16,random_grouping,0.1909,0.8091,manual_fallback,use_tool,0,0.78078625,1.22451234375
spb-per-m-20262901,permission_tool_availability,medium,16,oracle_grouping,0.1909,0.8091,manual_fallback,use_tool,0,0.78078625,1.22451234375
spb-per-m-20262901,permission_tool_availability,medium,32,remove_provenance,0.9999852646368803,1.4735363119688927e-05,use_tool,use_tool,1,2.00529859375,0.0
spb-per-m-20262901,permission_tool_availability,medium,32,remove_belief_separation,0.1909,0.8091,manual_fallback,use_tool,0,0.78078625,1.22451234375
spb-per-m-20262901,permission_tool_availability,medium,32,remove_sample_identity,0.1909,0.8091,manual_fallback,use_tool,0,0.78078625,1.22451234375
spb-per-m-20262901,permission_tool_availability,medium,32,attention_only,0.1909,0.8091,use_tool,use_tool,1,2.00529859375,0.0
spb-per-m-20262901,permission_tool_availability,medium,32,simple_dedup,0.1909,0.8091,manual_fallback,use_tool,0,0.78078625,1.22451234375
spb-per-m-20262901,permission_tool_availability,medium,32,random_grouping,0.1909,0.8091,manual_fallback,use_tool,0,0.78078625,1.22451234375
spb-per-m-20262901,permission_tool_availability,medium,32,oracle_grouping,0.1909,0.8091,manual_fallback,use_tool,0,0.78078625,1.22451234375
spb-per-m-20262901,permission_tool_availability,medium,64,remove_provenance,0.9999999999658455,3.4154457040358466e-11,use_tool,use_tool,1,2.00529859375,0.0
spb-per-m-20262901,permission_tool_availability,medium,64,remove_belief_separation,0.1909,0.8091,manual_fallback,use_tool,0,0.78078625,1.22451234375
spb-per-m-20262901,permission_tool_availability,medium,64,remove_sample_identity,0.1909,0.8091,manual_fallback,use_tool,0,0.78078625,1.22451234375
spb-per-m-20262901,permission_tool_availability,medium,64,attention_only,0.1909,0.8091,use_tool,use_tool,1,2.00529859375,0.0
spb-per-m-20262901,permission_tool_availability,medium,64,simple_dedup,0.1909,0.8091,manual_fallback,use_tool,0,0.78078625,1.22451234375
spb-per-m-20262901,permission_tool_availability,medium,64,random_grouping,0.1909,0.8091,manual_fallback,use_tool,0,0.78078625,1.22451234375
spb-per-m-20262901,permission_tool_availability,medium,64,oracle_grouping,0.1909,0.8091,manual_fallback,use_tool,0,0.78078625,1.22451234375
spb-per-m-20263003,permission_tool_availability,medium,1,remove_provenance,0.5499,0.5499,manual_fallback,manual_fallback,1,0.7836842187499999,0.0
spb-per-m-20263003,permission_tool_availability,medium,1,remove_belief_separation,0.5499,0.5499,manual_fallback,manual_fallback,1,0.7836842187499999,0.0
spb-per-m-20263003,permission_tool_availability,medium,1,remove_sample_identity,0.5499,0.5499,manual_fallback,manual_fallback,1,0.7836842187499999,0.0
spb-per-m-20263003,permission_tool_availability,medium,1,attention_only,0.5499,0.5499,use_tool,manual_fallback,0,-2.54395765625,3.327641875
spb-per-m-20263003,permission_tool_availability,medium,1,simple_dedup,0.5499,0.5499,manual_fallback,manual_fallback,1,0.7836842187499999,0.0
spb-per-m-20263003,permission_tool_availability,medium,1,random_grouping,0.5499,0.5499,manual_fallback,manual_fallback,1,0.7836842187499999,0.0
spb-per-m-20263003,permission_tool_availability,medium,1,oracle_grouping,0.5499,0.5499,manual_fallback,manual_fallback,1,0.7836842187499999,0.0
spb-per-m-20263003,permission_tool_availability,medium,2,remove_provenance,0.6469665477077533,0.6469665477077533,manual_fallback,manual_fallback,1,0.7836842187499999,0.0
spb-per-m-20263003,permission_tool_availability,medium,2,remove_belief_separation,0.5499,0.5499,manual_fallback,manual_fallback,1,0.7836842187499999,0.0
spb-per-m-20263003,permission_tool_availability,medium,2,remove_sample_identity,0.5499,0.5499,manual_fallback,manual_fallback,1,0.7836842187499999,0.0
spb-per-m-20263003,permission_tool_availability,medium,2,attention_only,0.5499,0.5499,use_tool,manual_fallback,0,-2.54395765625,3.327641875
spb-per-m-20263003,permission_tool_availability,medium,2,simple_dedup,0.5499,0.5499,manual_fallback,manual_fallback,1,0.7836842187499999,0.0
spb-per-m-20263003,permission_tool_availability,medium,2,random_grouping,0.5499,0.5499,manual_fallback,manual_fallback,1,0.7836842187499999,0.0
spb-per-m-20263003,permission_tool_availability,medium,2,oracle_grouping,0.5499,0.5499,manual_fallback,manual_fallback,1,0.7836842187499999,0.0
spb-per-m-20263003,permission_tool_availability,medium,4,remove_provenance,0.8048145879521469,0.8048145879521469,use_tool,manual_fallback,0,-2.54395765625,3.327641875
spb-per-m-20263003,permission_tool_availability,medium,4,remove_belief_separation,0.5499,0.5499,manual_fallback,manual_fallback,1,0.7836842187499999,0.0
spb-per-m-20263003,permission_tool_availability,medium,4,remove_sample_identity,0.5499,0.5499,manual_fallback,manual_fallback,1,0.7836842187499999,0.0
spb-per-m-20263003,permission_tool_availability,medium,4,attention_only,0.5499,0.5499,use_tool,manual_fallback,0,-2.54395765625,3.327641875
spb-per-m-20263003,permission_tool_availability,medium,4,simple_dedup,0.5499,0.5499,manual_fallback,manual_fallback,1,0.7836842187499999,0.0
spb-per-m-20263003,permission_tool_availability,medium,4,random_grouping,0.5499,0.5499,manual_fallback,manual_fallback,1,0.7836842187499999,0.0
spb-per-m-20263003,permission_tool_availability,medium,4,oracle_grouping,0.5499,0.5499,manual_fallback,manual_fallback,1,0.7836842187499999,0.0
spb-per-m-20263003,permission_tool_availability,medium,8,remove_provenance,0.9542844120436667,0.9542844120436667,use_tool,manual_fallback,0,-2.54395765625,3.327641875
spb-per-m-20263003,permission_tool_availability,medium,8,remove_belief_separation,0.5499,0.5499,manual_fallback,manual_fallback,1,0.7836842187499999,0.0
spb-per-m-20263003,permission_tool_availability,medium,8,remove_sample_identity,0.5499,0.5499,manual_fallback,manual_fallback,1,0.7836842187499999,0.0
spb-per-m-20263003,permission_tool_availability,medium,8,attention_only,0.5499,0.5499,use_tool,manual_fallback,0,-2.54395765625,3.327641875
spb-per-m-20263003,permission_tool_availability,medium,8,simple_dedup,0.5499,0.5499,manual_fallback,manual_fallback,1,0.7836842187499999,0.0
spb-per-m-20263003,permission_tool_availability,medium,8,random_grouping,0.5499,0.5499,manual_fallback,manual_fallback,1,0.7836842187499999,0.0
spb-per-m-20263003,permission_tool_availability,medium,8,oracle_grouping,0.5499,0.5499,manual_fallback,manual_fallback,1,0.7836842187499999,0.0
spb-per-m-20263003,permission_tool_availability,medium,16,remove_provenance,0.9981342846668658,0.9981342846668658,use_tool,manual_fallback,0,-2.54395765625,3.327641875
spb-per-m-20263003,permission_tool_availability,medium,16,remove_belief_separation,0.5499,0.5499,manual_fallback,manual_fallback,1,0.7836842187499999,0.0
spb-per-m-20263003,permission_tool_availability,medium,16,remove_sample_identity,0.5499,0.5499,manual_fallback,manual_fallback,1,0.7836842187499999,0.0
spb-per-m-20263003,permission_tool_availability,medium,16,attention_only,0.5499,0.5499,use_tool,manual_fallback,0,-2.54395765625,3.327641875
spb-per-m-20263003,permission_tool_availability,medium,16,simple_dedup,0.5499,0.5499,manual_fallback,manual_fallback,1,0.7836842187499999,0.0
spb-per-m-20263003,permission_tool_availability,medium,16,random_grouping,0.5499,0.5499,manual_fallback,manual_fallback,1,0.7836842187499999,0.0
spb-per-m-20263003,permission_tool_availability,medium,16,oracle_grouping,0.5499,0.5499,manual_fallback,manual_fallback,1,0.7836842187499999,0.0
spb-per-m-20263003,permission_tool_availability,medium,32,remove_provenance,0.9999971542612566,0.9999971542612566,use_tool,manual_fallback,0,-2.54395765625,3.327641875
spb-per-m-20263003,permission_tool_availability,medium,32,remove_belief_separation,0.5499,0.5499,manual_fallback,manual_fallback,1,0.7836842187499999,0.0
spb-per-m-20263003,permission_tool_availability,medium,32,remove_sample_identity,0.5499,0.5499,manual_fallback,manual_fallback,1,0.7836842187499999,0.0
spb-per-m-20263003,permission_tool_availability,medium,32,attention_only,0.5499,0.5499,use_tool,manual_fallback,0,-2.54395765625,3.327641875
spb-per-m-20263003,permission_tool_availability,medium,32,simple_dedup,0.5499,0.5499,manual_fallback,manual_fallback,1,0.7836842187499999,0.0
spb-per-m-20263003,permission_tool_availability,medium,32,random_grouping,0.5499,0.5499,manual_fallback,manual_fallback,1,0.7836842187499999,0.0
spb-per-m-20263003,permission_tool_availability,medium,32,oracle_grouping,0.5499,0.5499,manual_fallback,manual_fallback,1,0.7836842187499999,0.0
spb-per-m-20263003,permission_tool_availability,medium,64,remove_provenance,0.9999999999934042,0.9999999999934042,use_tool,manual_fallback,0,-2.54395765625,3.327641875
spb-per-m-20263003,permission_tool_availability,medium,64,remove_belief_separation,0.5499,0.5499,manual_fallback,manual_fallback,1,0.7836842187499999,0.0
spb-per-m-20263003,permission_tool_availability,medium,64,remove_sample_identity,0.5499,0.5499,manual_fallback,manual_fallback,1,0.7836842187499999,0.0
spb-per-m-20263003,permission_tool_availability,medium,64,attention_only,0.5499,0.5499,use_tool,manual_fallback,0,-2.54395765625,3.327641875
spb-per-m-20263003,permission_tool_availability,medium,64,simple_dedup,0.5499,0.5499,manual_fallback,manual_fallback,1,0.7836842187499999,0.0
spb-per-m-20263003,permission_tool_availability,medium,64,random_grouping,0.5499,0.5499,manual_fallback,manual_fallback,1,0.7836842187499999,0.0
spb-per-m-20263003,permission_tool_availability,medium,64,oracle_grouping,0.5499,0.5499,manual_fallback,manual_fallback,1,0.7836842187499999,0.0
spb-per-h-20263071,permission_tool_availability,hard,1,remove_provenance,0.7312,0.26880000000000004,use_tool,use_tool,1,1.9734462499999998,0.0
spb-per-h-20263071,permission_tool_availability,hard,1,remove_belief_separation,0.7312,0.26880000000000004,manual_fallback,use_tool,0,0.68058703125,1.2928592187499999
spb-per-h-20263071,permission_tool_availability,hard,1,remove_sample_identity,0.7312,0.26880000000000004,use_tool,use_tool,1,1.9734462499999998,0.0
spb-per-h-20263071,permission_tool_availability,hard,1,attention_only,0.7312,0.26880000000000004,use_tool,use_tool,1,1.9734462499999998,0.0
spb-per-h-20263071,permission_tool_availability,hard,1,simple_dedup,0.7312,0.26880000000000004,use_tool,use_tool,1,1.9734462499999998,0.0
spb-per-h-20263071,permission_tool_availability,hard,1,random_grouping,0.7312,0.26880000000000004,use_tool,use_tool,1,1.9734462499999998,0.0
spb-per-h-20263071,permission_tool_availability,hard,1,oracle_grouping,0.7312,0.26880000000000004,use_tool,use_tool,1,1.9734462499999998,0.0
spb-per-h-20263071,permission_tool_availability,hard,2,remove_provenance,0.8031634446397188,0.19683655536028122,use_tool,use_tool,1,1.9734462499999998,0.0
spb-per-h-20263071,permission_tool_availability,hard,2,remove_belief_separation,0.7312,0.26880000000000004,manual_fallback,use_tool,0,0.68058703125,1.2928592187499999
spb-per-h-20263071,permission_tool_availability,hard,2,remove_sample_identity,0.7312,0.26880000000000004,use_tool,use_tool,1,1.9734462499999998,0.0
spb-per-h-20263071,permission_tool_availability,hard,2,attention_only,0.7312,0.26880000000000004,use_tool,use_tool,1,1.9734462499999998,0.0
spb-per-h-20263071,permission_tool_availability,hard,2,simple_dedup,0.7312,0.26880000000000004,use_tool,use_tool,1,1.9734462499999998,0.0
spb-per-h-20263071,permission_tool_availability,hard,2,random_grouping,0.7312,0.26880000000000004,use_tool,use_tool,1,1.9734462499999998,0.0
spb-per-h-20263071,permission_tool_availability,hard,2,oracle_grouping,0.7312,0.26880000000000004,use_tool,use_tool,1,1.9734462499999998,0.0
spb-per-h-20263071,permission_tool_availability,hard,4,remove_provenance,0.9017759263319447,0.0982240736680553,use_tool,use_tool,1,1.9734462499999998,0.0
spb-per-h-20263071,permission_tool_availability,hard,4,remove_belief_separation,0.7312,0.26880000000000004,manual_fallback,use_tool,0,0.68058703125,1.2928592187499999
spb-per-h-20263071,permission_tool_availability,hard,4,remove_sample_identity,0.7312,0.26880000000000004,use_tool,use_tool,1,1.9734462499999998,0.0
spb-per-h-20263071,permission_tool_availability,hard,4,attention_only,0.7312,0.26880000000000004,use_tool,use_tool,1,1.9734462499999998,0.0
spb-per-h-20263071,permission_tool_availability,hard,4,simple_dedup,0.7312,0.26880000000000004,use_tool,use_tool,1,1.9734462499999998,0.0
spb-per-h-20263071,permission_tool_availability,hard,4,random_grouping,0.7312,0.26880000000000004,use_tool,use_tool,1,1.9734462499999998,0.0
spb-per-h-20263071,permission_tool_availability,hard,4,oracle_grouping,0.7312,0.26880000000000004,use_tool,use_tool,1,1.9734462499999998,0.0
spb-per-h-20263071,permission_tool_availability,hard,8,remove_provenance,0.9789375325060751,0.02106246749392493,use_tool,use_tool,1,1.9734462499999998,0.0
spb-per-h-20263071,permission_tool_availability,hard,8,remove_belief_separation,0.7312,0.26880000000000004,manual_fallback,use_tool,0,0.68058703125,1.2928592187499999
spb-per-h-20263071,permission_tool_availability,hard,8,remove_sample_identity,0.7312,0.26880000000000004,use_tool,use_tool,1,1.9734462499999998,0.0
spb-per-h-20263071,permission_tool_availability,hard,8,attention_only,0.7312,0.26880000000000004,use_tool,use_tool,1,1.9734462499999998,0.0
spb-per-h-20263071,permission_tool_availability,hard,8,simple_dedup,0.7312,0.26880000000000004,use_tool,use_tool,1,1.9734462499999998,0.0
spb-per-h-20263071,permission_tool_availability,hard,8,random_grouping,0.7312,0.26880000000000004,use_tool,use_tool,1,1.9734462499999998,0.0
spb-per-h-20263071,permission_tool_availability,hard,8,oracle_grouping,0.7312,0.26880000000000004,use_tool,use_tool,1,1.9734462499999998,0.0
spb-per-h-20263071,permission_tool_availability,hard,16,remove_provenance,0.9991611974238273,0.000838802576172748,use_tool,use_tool,1,1.9734462499999998,0.0
spb-per-h-20263071,permission_tool_availability,hard,16,remove_belief_separation,0.7312,0.26880000000000004,manual_fallback,use_tool,0,0.68058703125,1.2928592187499999
spb-per-h-20263071,permission_tool_availability,hard,16,remove_sample_identity,0.7312,0.26880000000000004,use_tool,use_tool,1,1.9734462499999998,0.0
spb-per-h-20263071,permission_tool_availability,hard,16,attention_only,0.7312,0.26880000000000004,use_tool,use_tool,1,1.9734462499999998,0.0
spb-per-h-20263071,permission_tool_availability,hard,16,simple_dedup,0.7312,0.26880000000000004,use_tool,use_tool,1,1.9734462499999998,0.0
spb-per-h-20263071,permission_tool_availability,hard,16,random_grouping,0.7312,0.26880000000000004,use_tool,use_tool,1,1.9734462499999998,0.0
spb-per-h-20263071,permission_tool_availability,hard,16,oracle_grouping,0.7312,0.26880000000000004,use_tool,use_tool,1,1.9734462499999998,0.0
spb-per-h-20263071,permission_tool_availability,hard,32,remove_provenance,0.9999987219039406,1.2780960594316326e-06,use_tool,use_tool,1,1.9734462499999998,0.0
spb-per-h-20263071,permission_tool_availability,hard,32,remove_belief_separation,0.7312,0.26880000000000004,manual_fallback,use_tool,0,0.68058703125,1.2928592187499999
spb-per-h-20263071,permission_tool_availability,hard,32,remove_sample_identity,0.7312,0.26880000000000004,use_tool,use_tool,1,1.9734462499999998,0.0
spb-per-h-20263071,permission_tool_availability,hard,32,attention_only,0.7312,0.26880000000000004,use_tool,use_tool,1,1.9734462499999998,0.0
spb-per-h-20263071,permission_tool_availability,hard,32,simple_dedup,0.7312,0.26880000000000004,use_tool,use_tool,1,1.9734462499999998,0.0
spb-per-h-20263071,permission_tool_availability,hard,32,random_grouping,0.7312,0.26880000000000004,use_tool,use_tool,1,1.9734462499999998,0.0
spb-per-h-20263071,permission_tool_availability,hard,32,oracle_grouping,0.7312,0.26880000000000004,use_tool,use_tool,1,1.9734462499999998,0.0
spb-per-h-20263071,permission_tool_availability,hard,64,remove_provenance,0.9999999999970377,2.9622970743048427e-12,use_tool,use_tool,1,1.9734462499999998,0.0
spb-per-h-20263071,permission_tool_availability,hard,64,remove_belief_separation,0.7312,0.26880000000000004,manual_fallback,use_tool,0,0.68058703125,1.2928592187499999
spb-per-h-20263071,permission_tool_availability,hard,64,remove_sample_identity,0.7312,0.26880000000000004,use_tool,use_tool,1,1.9734462499999998,0.0
spb-per-h-20263071,permission_tool_availability,hard,64,attention_only,0.7312,0.26880000000000004,use_tool,use_tool,1,1.9734462499999998,0.0
spb-per-h-20263071,permission_tool_availability,hard,64,simple_dedup,0.7312,0.26880000000000004,use_tool,use_tool,1,1.9734462499999998,0.0
spb-per-h-20263071,permission_tool_availability,hard,64,random_grouping,0.7312,0.26880000000000004,use_tool,use_tool,1,1.9734462499999998,0.0
spb-per-h-20263071,permission_tool_availability,hard,64,oracle_grouping,0.7312,0.26880000000000004,use_tool,use_tool,1,1.9734462499999998,0.0
spb-per-m-20263105,permission_tool_availability,medium,1,remove_provenance,0.19910000000000003,0.8009,manual_fallback,use_tool,0,0.8025193749999999,1.15860421875
spb-per-m-20263105,permission_tool_availability,medium,1,remove_belief_separation,0.1991,0.8009,manual_fallback,use_tool,0,0.8025193749999999,1.15860421875
spb-per-m-20263105,permission_tool_availability,medium,1,remove_sample_identity,0.1991,0.8009,manual_fallback,use_tool,0,0.8025193749999999,1.15860421875
spb-per-m-20263105,permission_tool_availability,medium,1,attention_only,0.1991,0.8009,use_tool,use_tool,1,1.96112359375,0.0
spb-per-m-20263105,permission_tool_availability,medium,1,simple_dedup,0.1991,0.8009,manual_fallback,use_tool,0,0.8025193749999999,1.15860421875
spb-per-m-20263105,permission_tool_availability,medium,1,random_grouping,0.1991,0.8009,manual_fallback,use_tool,0,0.8025193749999999,1.15860421875
spb-per-m-20263105,permission_tool_availability,medium,1,oracle_grouping,0.1991,0.8009,manual_fallback,use_tool,0,0.8025193749999999,1.15860421875
spb-per-m-20263105,permission_tool_availability,medium,2,remove_provenance,0.27161111363739715,0.7283888863626029,manual_fallback,use_tool,0,0.8025193749999999,1.15860421875
spb-per-m-20263105,permission_tool_availability,medium,2,remove_belief_separation,0.1991,0.8009,manual_fallback,use_tool,0,0.8025193749999999,1.15860421875
spb-per-m-20263105,permission_tool_availability,medium,2,remove_sample_identity,0.1991,0.8009,manual_fallback,use_tool,0,0.8025193749999999,1.15860421875
spb-per-m-20263105,permission_tool_availability,medium,2,attention_only,0.1991,0.8009,use_tool,use_tool,1,1.96112359375,0.0
spb-per-m-20263105,permission_tool_availability,medium,2,simple_dedup,0.1991,0.8009,manual_fallback,use_tool,0,0.8025193749999999,1.15860421875
spb-per-m-20263105,permission_tool_availability,medium,2,random_grouping,0.1991,0.8009,manual_fallback,use_tool,0,0.8025193749999999,1.15860421875
spb-per-m-20263105,permission_tool_availability,medium,2,oracle_grouping,0.1991,0.8009,manual_fallback,use_tool,0,0.8025193749999999,1.15860421875
spb-per-m-20263105,permission_tool_availability,medium,4,remove_provenance,0.4562289419412878,0.5437710580587122,manual_fallback,use_tool,0,0.8025193749999999,1.15860421875
spb-per-m-20263105,permission_tool_availability,medium,4,remove_belief_separation,0.1991,0.8009,manual_fallback,use_tool,0,0.8025193749999999,1.15860421875
spb-per-m-20263105,permission_tool_availability,medium,4,remove_sample_identity,0.1991,0.8009,manual_fallback,use_tool,0,0.8025193749999999,1.15860421875
spb-per-m-20263105,permission_tool_availability,medium,4,attention_only,0.1991,0.8009,use_tool,use_tool,1,1.96112359375,0.0
spb-per-m-20263105,permission_tool_availability,medium,4,simple_dedup,0.1991,0.8009,manual_fallback,use_tool,0,0.8025193749999999,1.15860421875
spb-per-m-20263105,permission_tool_availability,medium,4,random_grouping,0.1991,0.8009,manual_fallback,use_tool,0,0.8025193749999999,1.15860421875
spb-per-m-20263105,permission_tool_availability,medium,4,oracle_grouping,0.1991,0.8009,manual_fallback,use_tool,0,0.8025193749999999,1.15860421875
spb-per-m-20263105,permission_tool_availability,medium,8,remove_provenance,0.8094324923147619,0.1905675076852381,use_tool,use_tool,1,1.96112359375,0.0
spb-per-m-20263105,permission_tool_availability,medium,8,remove_belief_separation,0.1991,0.8009,manual_fallback,use_tool,0,0.8025193749999999,1.15860421875
spb-per-m-20263105,permission_tool_availability,medium,8,remove_sample_identity,0.1991,0.8009,manual_fallback,use_tool,0,0.8025193749999999,1.15860421875
spb-per-m-20263105,permission_tool_availability,medium,8,attention_only,0.1991,0.8009,use_tool,use_tool,1,1.96112359375,0.0
spb-per-m-20263105,permission_tool_availability,medium,8,simple_dedup,0.1991,0.8009,manual_fallback,use_tool,0,0.8025193749999999,1.15860421875
spb-per-m-20263105,permission_tool_availability,medium,8,random_grouping,0.1991,0.8009,manual_fallback,use_tool,0,0.8025193749999999,1.15860421875
spb-per-m-20263105,permission_tool_availability,medium,8,oracle_grouping,0.1991,0.8009,manual_fallback,use_tool,0,0.8025193749999999,1.15860421875
spb-per-m-20263105,permission_tool_availability,medium,16,remove_provenance,0.9908973713819248,0.009102628618075204,use_tool,use_tool,1,1.96112359375,0.0
spb-per-m-20263105,permission_tool_availability,medium,16,remove_belief_separation,0.1991,0.8009,manual_fallback,use_tool,0,0.8025193749999999,1.15860421875
spb-per-m-20263105,permission_tool_availability,medium,16,remove_sample_identity,0.1991,0.8009,manual_fallback,use_tool,0,0.8025193749999999,1.15860421875
spb-per-m-20263105,permission_tool_availability,medium,16,attention_only,0.1991,0.8009,use_tool,use_tool,1,1.96112359375,0.0
spb-per-m-20263105,permission_tool_availability,medium,16,simple_dedup,0.1991,0.8009,manual_fallback,use_tool,0,0.8025193749999999,1.15860421875
spb-per-m-20263105,permission_tool_availability,medium,16,random_grouping,0.1991,0.8009,manual_fallback,use_tool,0,0.8025193749999999,1.15860421875
spb-per-m-20263105,permission_tool_availability,medium,16,oracle_grouping,0.1991,0.8009,manual_fallback,use_tool,0,0.8025193749999999,1.15860421875
spb-per-m-20263105,permission_tool_availability,medium,32,remove_provenance,0.9999860146954199,1.3985304580077518e-05,use_tool,use_tool,1,1.96112359375,0.0
spb-per-m-20263105,permission_tool_availability,medium,32,remove_belief_separation,0.1991,0.8009,manual_fallback,use_tool,0,0.8025193749999999,1.15860421875
spb-per-m-20263105,permission_tool_availability,medium,32,remove_sample_identity,0.1991,0.8009,manual_fallback,use_tool,0,0.8025193749999999,1.15860421875
spb-per-m-20263105,permission_tool_availability,medium,32,attention_only,0.1991,0.8009,use_tool,use_tool,1,1.96112359375,0.0
spb-per-m-20263105,permission_tool_availability,medium,32,simple_dedup,0.1991,0.8009,manual_fallback,use_tool,0,0.8025193749999999,1.15860421875
spb-per-m-20263105,permission_tool_availability,medium,32,random_grouping,0.1991,0.8009,manual_fallback,use_tool,0,0.8025193749999999,1.15860421875
spb-per-m-20263105,permission_tool_availability,medium,32,oracle_grouping,0.1991,0.8009,manual_fallback,use_tool,0,0.8025193749999999,1.15860421875
spb-per-m-20263105,permission_tool_availability,medium,64,remove_provenance,0.9999999999675842,3.241584778379547e-11,use_tool,use_tool,1,1.96112359375,0.0
spb-per-m-20263105,permission_tool_availability,medium,64,remove_belief_separation,0.1991,0.8009,manual_fallback,use_tool,0,0.8025193749999999,1.15860421875
spb-per-m-20263105,permission_tool_availability,medium,64,remove_sample_identity,0.1991,0.8009,manual_fallback,use_tool,0,0.8025193749999999,1.15860421875
spb-per-m-20263105,permission_tool_availability,medium,64,attention_only,0.1991,0.8009,use_tool,use_tool,1,1.96112359375,0.0
spb-per-m-20263105,permission_tool_availability,medium,64,simple_dedup,0.1991,0.8009,manual_fallback,use_tool,0,0.8025193749999999,1.15860421875
spb-per-m-20263105,permission_tool_availability,medium,64,random_grouping,0.1991,0.8009,manual_fallback,use_tool,0,0.8025193749999999,1.15860421875
spb-per-m-20263105,permission_tool_availability,medium,64,oracle_grouping,0.1991,0.8009,manual_fallback,use_tool,0,0.8025193749999999,1.15860421875
spb-per-e-20263139,permission_tool_availability,easy,1,remove_provenance,0.4651,0.5348999999999999,manual_fallback,use_tool,0,0.8128737500000001,1.1617032812499999
spb-per-e-20263139,permission_tool_availability,easy,1,remove_belief_separation,0.4651,0.5348999999999999,manual_fallback,use_tool,0,0.8128737500000001,1.1617032812499999
spb-per-e-20263139,permission_tool_availability,easy,1,remove_sample_identity,0.4651,0.5348999999999999,manual_fallback,use_tool,0,0.8128737500000001,1.1617032812499999
spb-per-e-20263139,permission_tool_availability,easy,1,attention_only,0.4651,0.5348999999999999,use_tool,use_tool,1,1.97457703125,0.0
spb-per-e-20263139,permission_tool_availability,easy,1,simple_dedup,0.4651,0.5348999999999999,manual_fallback,use_tool,0,0.8128737500000001,1.1617032812499999
spb-per-e-20263139,permission_tool_availability,easy,1,random_grouping,0.4651,0.5348999999999999,manual_fallback,use_tool,0,0.8128737500000001,1.1617032812499999
spb-per-e-20263139,permission_tool_availability,easy,1,oracle_grouping,0.4651,0.5348999999999999,manual_fallback,use_tool,0,0.8128737500000001,1.1617032812499999
spb-per-e-20263139,permission_tool_availability,easy,2,remove_provenance,0.5660216624072046,0.43397833759279536,manual_fallback,use_tool,0,0.8128737500000001,1.1617032812499999
spb-per-e-20263139,permission_tool_availability,easy,2,remove_belief_separation,0.4651,0.5348999999999999,manual_fallback,use_tool,0,0.8128737500000001,1.1617032812499999
spb-per-e-20263139,permission_tool_availability,easy,2,remove_sample_identity,0.4651,0.5348999999999999,manual_fallback,use_tool,0,0.8128737500000001,1.1617032812499999
spb-per-e-20263139,permission_tool_availability,easy,2,attention_only,0.4651,0.5348999999999999,use_tool,use_tool,1,1.97457703125,0.0
spb-per-e-20263139,permission_tool_availability,easy,2,simple_dedup,0.4651,0.5348999999999999,manual_fallback,use_tool,0,0.8128737500000001,1.1617032812499999
spb-per-e-20263139,permission_tool_availability,easy,2,random_grouping,0.4651,0.5348999999999999,manual_fallback,use_tool,0,0.8128737500000001,1.1617032812499999
spb-per-e-20263139,permission_tool_availability,easy,2,oracle_grouping,0.4651,0.5348999999999999,manual_fallback,use_tool,0,0.8128737500000001,1.1617032812499999
spb-per-e-20263139,permission_tool_availability,easy,4,remove_provenance,0.7458439498957646,0.25415605010423536,use_tool,use_tool,1,1.97457703125,0.0
spb-per-e-20263139,permission_tool_availability,easy,4,remove_belief_separation,0.4651,0.5348999999999999,manual_fallback,use_tool,0,0.8128737500000001,1.1617032812499999
spb-per-e-20263139,permission_tool_availability,easy,4,remove_sample_identity,0.4651,0.5348999999999999,manual_fallback,use_tool,0,0.8128737500000001,1.1617032812499999
spb-per-e-20263139,permission_tool_availability,easy,4,attention_only,0.4651,0.5348999999999999,use_tool,use_tool,1,1.97457703125,0.0
spb-per-e-20263139,permission_tool_availability,easy,4,simple_dedup,0.4651,0.5348999999999999,manual_fallback,use_tool,0,0.8128737500000001,1.1617032812499999
spb-per-e-20263139,permission_tool_availability,easy,4,random_grouping,0.4651,0.5348999999999999,manual_fallback,use_tool,0,0.8128737500000001,1.1617032812499999
spb-per-e-20263139,permission_tool_availability,easy,4,oracle_grouping,0.4651,0.5348999999999999,manual_fallback,use_tool,0,0.8128737500000001,1.1617032812499999
spb-per-e-20263139,permission_tool_availability,easy,8,remove_provenance,0.936933842488801,0.06306615751119904,use_tool,use_tool,1,1.97457703125,0.0
spb-per-e-20263139,permission_tool_availability,easy,8,remove_belief_separation,0.4651,0.5348999999999999,manual_fallback,use_tool,0,0.8128737500000001,1.1617032812499999
spb-per-e-20263139,permission_tool_availability,easy,8,remove_sample_identity,0.4651,0.5348999999999999,manual_fallback,use_tool,0,0.8128737500000001,1.1617032812499999
spb-per-e-20263139,permission_tool_availability,easy,8,attention_only,0.4651,0.5348999999999999,use_tool,use_tool,1,1.97457703125,0.0
spb-per-e-20263139,permission_tool_availability,easy,8,simple_dedup,0.4651,0.5348999999999999,manual_fallback,use_tool,0,0.8128737500000001,1.1617032812499999
spb-per-e-20263139,permission_tool_availability,easy,8,random_grouping,0.4651,0.5348999999999999,manual_fallback,use_tool,0,0.8128737500000001,1.1617032812499999
spb-per-e-20263139,permission_tool_availability,easy,8,oracle_grouping,0.4651,0.5348999999999999,manual_fallback,use_tool,0,0.8128737500000001,1.1617032812499999
spb-per-e-20263139,permission_tool_availability,easy,16,remove_provenance,0.9973805009460172,0.0026194990539828433,use_tool,use_tool,1,1.97457703125,0.0
spb-per-e-20263139,permission_tool_availability,easy,16,remove_belief_separation,0.4651,0.5348999999999999,manual_fallback,use_tool,0,0.8128737500000001,1.1617032812499999
spb-per-e-20263139,permission_tool_availability,easy,16,remove_sample_identity,0.4651,0.5348999999999999,manual_fallback,use_tool,0,0.8128737500000001,1.1617032812499999
spb-per-e-20263139,permission_tool_availability,easy,16,attention_only,0.4651,0.5348999999999999,use_tool,use_tool,1,1.97457703125,0.0
spb-per-e-20263139,permission_tool_availability,easy,16,simple_dedup,0.4651,0.5348999999999999,manual_fallback,use_tool,0,0.8128737500000001,1.1617032812499999
spb-per-e-20263139,permission_tool_availability,easy,16,random_grouping,0.4651,0.5348999999999999,manual_fallback,use_tool,0,0.8128737500000001,1.1617032812499999
spb-per-e-20263139,permission_tool_availability,easy,16,oracle_grouping,0.4651,0.5348999999999999,manual_fallback,use_tool,0,0.8128737500000001,1.1617032812499999
spb-per-e-20263139,permission_tool_availability,easy,32,remove_provenance,0.9999960015148158,3.998485184175671e-06,use_tool,use_tool,1,1.97457703125,0.0
spb-per-e-20263139,permission_tool_availability,easy,32,remove_belief_separation,0.4651,0.5348999999999999,manual_fallback,use_tool,0,0.8128737500000001,1.1617032812499999
spb-per-e-20263139,permission_tool_availability,easy,32,remove_sample_identity,0.4651,0.5348999999999999,manual_fallback,use_tool,0,0.8128737500000001,1.1617032812499999
spb-per-e-20263139,permission_tool_availability,easy,32,attention_only,0.4651,0.5348999999999999,use_tool,use_tool,1,1.97457703125,0.0
spb-per-e-20263139,permission_tool_availability,easy,32,simple_dedup,0.4651,0.5348999999999999,manual_fallback,use_tool,0,0.8128737500000001,1.1617032812499999
spb-per-e-20263139,permission_tool_availability,easy,32,random_grouping,0.4651,0.5348999999999999,manual_fallback,use_tool,0,0.8128737500000001,1.1617032812499999
spb-per-e-20263139,permission_tool_availability,easy,32,oracle_grouping,0.4651,0.5348999999999999,manual_fallback,use_tool,0,0.8128737500000001,1.1617032812499999
spb-per-e-20263139,permission_tool_availability,easy,64,remove_provenance,0.9999999999907323,9.267697720360957e-12,use_tool,use_tool,1,1.97457703125,0.0
spb-per-e-20263139,permission_tool_availability,easy,64,remove_belief_separation,0.4651,0.5348999999999999,manual_fallback,use_tool,0,0.8128737500000001,1.1617032812499999
spb-per-e-20263139,permission_tool_availability,easy,64,remove_sample_identity,0.4651,0.5348999999999999,manual_fallback,use_tool,0,0.8128737500000001,1.1617032812499999
spb-per-e-20263139,permission_tool_availability,easy,64,attention_only,0.4651,0.5348999999999999,use_tool,use_tool,1,1.97457703125,0.0
spb-per-e-20263139,permission_tool_availability,easy,64,simple_dedup,0.4651,0.5348999999999999,manual_fallback,use_tool,0,0.8128737500000001,1.1617032812499999
spb-per-e-20263139,permission_tool_availability,easy,64,random_grouping,0.4651,0.5348999999999999,manual_fallback,use_tool,0,0.8128737500000001,1.1617032812499999
spb-per-e-20263139,permission_tool_availability,easy,64,oracle_grouping,0.4651,0.5348999999999999,manual_fallback,use_tool,0,0.8128737500000001,1.1617032812499999
spb-per-e-20263292,permission_tool_availability,easy,1,remove_provenance,0.5214,0.4786,manual_fallback,use_tool,0,0.8128825,1.1954484375000003
spb-per-e-20263292,permission_tool_availability,easy,1,remove_belief_separation,0.5214,0.4786,manual_fallback,use_tool,0,0.8128825,1.1954484375000003
spb-per-e-20263292,permission_tool_availability,easy,1,remove_sample_identity,0.5214,0.4786,manual_fallback,use_tool,0,0.8128825,1.1954484375000003
spb-per-e-20263292,permission_tool_availability,easy,1,attention_only,0.5214,0.4786,use_tool,use_tool,1,2.0083309375000002,0.0
spb-per-e-20263292,permission_tool_availability,easy,1,simple_dedup,0.5214,0.4786,manual_fallback,use_tool,0,0.8128825,1.1954484375000003
spb-per-e-20263292,permission_tool_availability,easy,1,random_grouping,0.5214,0.4786,manual_fallback,use_tool,0,0.8128825,1.1954484375000003
spb-per-e-20263292,permission_tool_availability,easy,1,oracle_grouping,0.5214,0.4786,manual_fallback,use_tool,0,0.8128825,1.1954484375000003
spb-per-e-20263292,permission_tool_availability,easy,2,remove_provenance,0.6203696359165543,0.37963036408344575,manual_fallback,use_tool,0,0.8128825,1.1954484375000003
spb-per-e-20263292,permission_tool_availability,easy,2,remove_belief_separation,0.5214,0.4786,manual_fallback,use_tool,0,0.8128825,1.1954484375000003
spb-per-e-20263292,permission_tool_availability,easy,2,remove_sample_identity,0.5214,0.4786,manual_fallback,use_tool,0,0.8128825,1.1954484375000003
spb-per-e-20263292,permission_tool_availability,easy,2,attention_only,0.5214,0.4786,use_tool,use_tool,1,2.0083309375000002,0.0
spb-per-e-20263292,permission_tool_availability,easy,2,simple_dedup,0.5214,0.4786,manual_fallback,use_tool,0,0.8128825,1.1954484375000003
spb-per-e-20263292,permission_tool_availability,easy,2,random_grouping,0.5214,0.4786,manual_fallback,use_tool,0,0.8128825,1.1954484375000003
spb-per-e-20263292,permission_tool_availability,easy,2,oracle_grouping,0.5214,0.4786,manual_fallback,use_tool,0,0.8128825,1.1954484375000003
spb-per-e-20263292,permission_tool_availability,easy,4,remove_provenance,0.7861793975405716,0.21382060245942835,use_tool,use_tool,1,2.0083309375000002,0.0
spb-per-e-20263292,permission_tool_availability,easy,4,remove_belief_separation,0.5214,0.4786,manual_fallback,use_tool,0,0.8128825,1.1954484375000003
spb-per-e-20263292,permission_tool_availability,easy,4,remove_sample_identity,0.5214,0.4786,manual_fallback,use_tool,0,0.8128825,1.1954484375000003
spb-per-e-20263292,permission_tool_availability,easy,4,attention_only,0.5214,0.4786,use_tool,use_tool,1,2.0083309375000002,0.0
spb-per-e-20263292,permission_tool_availability,easy,4,simple_dedup,0.5214,0.4786,manual_fallback,use_tool,0,0.8128825,1.1954484375000003
spb-per-e-20263292,permission_tool_availability,easy,4,random_grouping,0.5214,0.4786,manual_fallback,use_tool,0,0.8128825,1.1954484375000003
spb-per-e-20263292,permission_tool_availability,easy,4,oracle_grouping,0.5214,0.4786,manual_fallback,use_tool,0,0.8128825,1.1954484375000003
spb-per-e-20263292,permission_tool_availability,easy,8,remove_provenance,0.9490157233588995,0.0509842766411005,use_tool,use_tool,1,2.0083309375000002,0.0
spb-per-e-20263292,permission_tool_availability,easy,8,remove_belief_separation,0.5214,0.4786,manual_fallback,use_tool,0,0.8128825,1.1954484375000003
spb-per-e-20263292,permission_tool_availability,easy,8,remove_sample_identity,0.5214,0.4786,manual_fallback,use_tool,0,0.8128825,1.1954484375000003
spb-per-e-20263292,permission_tool_availability,easy,8,attention_only,0.5214,0.4786,use_tool,use_tool,1,2.0083309375000002,0.0
spb-per-e-20263292,permission_tool_availability,easy,8,simple_dedup,0.5214,0.4786,manual_fallback,use_tool,0,0.8128825,1.1954484375000003
spb-per-e-20263292,permission_tool_availability,easy,8,random_grouping,0.5214,0.4786,manual_fallback,use_tool,0,0.8128825,1.1954484375000003
spb-per-e-20263292,permission_tool_availability,easy,8,oracle_grouping,0.5214,0.4786,manual_fallback,use_tool,0,0.8128825,1.1954484375000003
spb-per-e-20263292,permission_tool_availability,easy,16,remove_provenance,0.9979081845506499,0.0020918154493501095,use_tool,use_tool,1,2.0083309375000002,0.0
spb-per-e-20263292,permission_tool_availability,easy,16,remove_belief_separation,0.5214,0.4786,manual_fallback,use_tool,0,0.8128825,1.1954484375000003
spb-per-e-20263292,permission_tool_availability,easy,16,remove_sample_identity,0.5214,0.4786,manual_fallback,use_tool,0,0.8128825,1.1954484375000003
spb-per-e-20263292,permission_tool_availability,easy,16,attention_only,0.5214,0.4786,use_tool,use_tool,1,2.0083309375000002,0.0
spb-per-e-20263292,permission_tool_availability,easy,16,simple_dedup,0.5214,0.4786,manual_fallback,use_tool,0,0.8128825,1.1954484375000003
spb-per-e-20263292,permission_tool_availability,easy,16,random_grouping,0.5214,0.4786,manual_fallback,use_tool,0,0.8128825,1.1954484375000003
spb-per-e-20263292,permission_tool_availability,easy,16,oracle_grouping,0.5214,0.4786,manual_fallback,use_tool,0,0.8128825,1.1954484375000003
spb-per-e-20263292,permission_tool_availability,easy,32,remove_provenance,0.9999968086734102,3.191326589768728e-06,use_tool,use_tool,1,2.0083309375000002,0.0
spb-per-e-20263292,permission_tool_availability,easy,32,remove_belief_separation,0.5214,0.4786,manual_fallback,use_tool,0,0.8128825,1.1954484375000003
spb-per-e-20263292,permission_tool_availability,easy,32,remove_sample_identity,0.5214,0.4786,manual_fallback,use_tool,0,0.8128825,1.1954484375000003
spb-per-e-20263292,permission_tool_availability,easy,32,attention_only,0.5214,0.4786,use_tool,use_tool,1,2.0083309375000002,0.0
spb-per-e-20263292,permission_tool_availability,easy,32,simple_dedup,0.5214,0.4786,manual_fallback,use_tool,0,0.8128825,1.1954484375000003
spb-per-e-20263292,permission_tool_availability,easy,32,random_grouping,0.5214,0.4786,manual_fallback,use_tool,0,0.8128825,1.1954484375000003
spb-per-e-20263292,permission_tool_availability,easy,32,oracle_grouping,0.5214,0.4786,manual_fallback,use_tool,0,0.8128825,1.1954484375000003
spb-per-e-20263292,permission_tool_availability,easy,64,remove_provenance,0.999999999992603,7.396971923867568e-12,use_tool,use_tool,1,2.0083309375000002,0.0
spb-per-e-20263292,permission_tool_availability,easy,64,remove_belief_separation,0.5214,0.4786,manual_fallback,use_tool,0,0.8128825,1.1954484375000003
spb-per-e-20263292,permission_tool_availability,easy,64,remove_sample_identity,0.5214,0.4786,manual_fallback,use_tool,0,0.8128825,1.1954484375000003
spb-per-e-20263292,permission_tool_availability,easy,64,attention_only,0.5214,0.4786,use_tool,use_tool,1,2.0083309375000002,0.0
spb-per-e-20263292,permission_tool_availability,easy,64,simple_dedup,0.5214,0.4786,manual_fallback,use_tool,0,0.8128825,1.1954484375000003
spb-per-e-20263292,permission_tool_availability,easy,64,random_grouping,0.5214,0.4786,manual_fallback,use_tool,0,0.8128825,1.1954484375000003
spb-per-e-20263292,permission_tool_availability,easy,64,oracle_grouping,0.5214,0.4786,manual_fallback,use_tool,0,0.8128825,1.1954484375000003
spb-per-h-20263377,permission_tool_availability,hard,1,remove_provenance,0.18189999999999998,0.18189999999999998,manual_fallback,manual_fallback,1,0.8562725,0.0
spb-per-h-20263377,permission_tool_availability,hard,1,remove_belief_separation,0.1819,0.1819,manual_fallback,manual_fallback,1,0.8562725,0.0
spb-per-h-20263377,permission_tool_availability,hard,1,remove_sample_identity,0.1819,0.1819,manual_fallback,manual_fallback,1,0.8562725,0.0
spb-per-h-20263377,permission_tool_availability,hard,1,attention_only,0.1819,0.1819,use_tool,manual_fallback,0,-2.5517078125,3.4079803125000003
spb-per-h-20263377,permission_tool_availability,hard,1,simple_dedup,0.1819,0.1819,manual_fallback,manual_fallback,1,0.8562725,0.0
spb-per-h-20263377,permission_tool_availability,hard,1,random_grouping,0.1819,0.1819,manual_fallback,manual_fallback,1,0.8562725,0.0
spb-per-h-20263377,permission_tool_availability,hard,1,oracle_grouping,0.1819,0.1819,manual_fallback,manual_fallback,1,0.8562725,0.0
spb-per-h-20263377,permission_tool_availability,hard,2,remove_provenance,0.2501031211329575,0.2501031211329575,manual_fallback,manual_fallback,1,0.8562725,0.0
spb-per-h-20263377,permission_tool_availability,hard,2,remove_belief_separation,0.1819,0.1819,manual_fallback,manual_fallback,1,0.8562725,0.0
spb-per-h-20263377,permission_tool_availability,hard,2,remove_sample_identity,0.1819,0.1819,manual_fallback,manual_fallback,1,0.8562725,0.0
spb-per-h-20263377,permission_tool_availability,hard,2,attention_only,0.1819,0.1819,use_tool,manual_fallback,0,-2.5517078125,3.4079803125000003
spb-per-h-20263377,permission_tool_availability,hard,2,simple_dedup,0.1819,0.1819,manual_fallback,manual_fallback,1,0.8562725,0.0
spb-per-h-20263377,permission_tool_availability,hard,2,random_grouping,0.1819,0.1819,manual_fallback,manual_fallback,1,0.8562725,0.0
spb-per-h-20263377,permission_tool_availability,hard,2,oracle_grouping,0.1819,0.1819,manual_fallback,manual_fallback,1,0.8562725,0.0
spb-per-h-20263377,permission_tool_availability,hard,4,remove_provenance,0.42870610417157673,0.42870610417157673,manual_fallback,manual_fallback,1,0.8562725,0.0
spb-per-h-20263377,permission_tool_availability,hard,4,remove_belief_separation,0.1819,0.1819,manual_fallback,manual_fallback,1,0.8562725,0.0
spb-per-h-20263377,permission_tool_availability,hard,4,remove_sample_identity,0.1819,0.1819,manual_fallback,manual_fallback,1,0.8562725,0.0
spb-per-h-20263377,permission_tool_availability,hard,4,attention_only,0.1819,0.1819,use_tool,manual_fallback,0,-2.5517078125,3.4079803125000003
spb-per-h-20263377,permission_tool_availability,hard,4,simple_dedup,0.1819,0.1819,manual_fallback,manual_fallback,1,0.8562725,0.0
spb-per-h-20263377,permission_tool_availability,hard,4,random_grouping,0.1819,0.1819,manual_fallback,manual_fallback,1,0.8562725,0.0
spb-per-h-20263377,permission_tool_availability,hard,4,oracle_grouping,0.1819,0.1819,manual_fallback,manual_fallback,1,0.8562725,0.0
spb-per-h-20263377,permission_tool_availability,hard,8,remove_provenance,0.7916216695411098,0.7916216695411098,use_tool,manual_fallback,0,-2.5517078125,3.4079803125000003
spb-per-h-20263377,permission_tool_availability,hard,8,remove_belief_separation,0.1819,0.1819,manual_fallback,manual_fallback,1,0.8562725,0.0
spb-per-h-20263377,permission_tool_availability,hard,8,remove_sample_identity,0.1819,0.1819,manual_fallback,manual_fallback,1,0.8562725,0.0
spb-per-h-20263377,permission_tool_availability,hard,8,attention_only,0.1819,0.1819,use_tool,manual_fallback,0,-2.5517078125,3.4079803125000003
spb-per-h-20263377,permission_tool_availability,hard,8,simple_dedup,0.1819,0.1819,manual_fallback,manual_fallback,1,0.8562725,0.0
spb-per-h-20263377,permission_tool_availability,hard,8,random_grouping,0.1819,0.1819,manual_fallback,manual_fallback,1,0.8562725,0.0
spb-per-h-20263377,permission_tool_availability,hard,8,oracle_grouping,0.1819,0.1819,manual_fallback,manual_fallback,1,0.8562725,0.0
spb-per-h-20263377,permission_tool_availability,hard,16,remove_provenance,0.9898336044833526,0.9898336044833526,use_tool,manual_fallback,0,-2.5517078125,3.4079803125000003
spb-per-h-20263377,permission_tool_availability,hard,16,remove_belief_separation,0.1819,0.1819,manual_fallback,manual_fallback,1,0.8562725,0.0
spb-per-h-20263377,permission_tool_availability,hard,16,remove_sample_identity,0.1819,0.1819,manual_fallback,manual_fallback,1,0.8562725,0.0
spb-per-h-20263377,permission_tool_availability,hard,16,attention_only,0.1819,0.1819,use_tool,manual_fallback,0,-2.5517078125,3.4079803125000003
spb-per-h-20263377,permission_tool_availability,hard,16,simple_dedup,0.1819,0.1819,manual_fallback,manual_fallback,1,0.8562725,0.0
spb-per-h-20263377,permission_tool_availability,hard,16,random_grouping,0.1819,0.1819,manual_fallback,manual_fallback,1,0.8562725,0.0
spb-per-h-20263377,permission_tool_availability,hard,16,oracle_grouping,0.1819,0.1819,manual_fallback,manual_fallback,1,0.8562725,0.0
spb-per-h-20263377,permission_tool_availability,hard,32,remove_provenance,0.9999843635603859,0.9999843635603859,use_tool,manual_fallback,0,-2.5517078125,3.4079803125000003
spb-per-h-20263377,permission_tool_availability,hard,32,remove_belief_separation,0.1819,0.1819,manual_fallback,manual_fallback,1,0.8562725,0.0
spb-per-h-20263377,permission_tool_availability,hard,32,remove_sample_identity,0.1819,0.1819,manual_fallback,manual_fallback,1,0.8562725,0.0
spb-per-h-20263377,permission_tool_availability,hard,32,attention_only,0.1819,0.1819,use_tool,manual_fallback,0,-2.5517078125,3.4079803125000003
spb-per-h-20263377,permission_tool_availability,hard,32,simple_dedup,0.1819,0.1819,manual_fallback,manual_fallback,1,0.8562725,0.0
spb-per-h-20263377,permission_tool_availability,hard,32,random_grouping,0.1819,0.1819,manual_fallback,manual_fallback,1,0.8562725,0.0
spb-per-h-20263377,permission_tool_availability,hard,32,oracle_grouping,0.1819,0.1819,manual_fallback,manual_fallback,1,0.8562725,0.0
spb-per-h-20263377,permission_tool_availability,hard,64,remove_provenance,0.999999999963757,0.999999999963757,use_tool,manual_fallback,0,-2.5517078125,3.4079803125000003
spb-per-h-20263377,permission_tool_availability,hard,64,remove_belief_separation,0.1819,0.1819,manual_fallback,manual_fallback,1,0.8562725,0.0
spb-per-h-20263377,permission_tool_availability,hard,64,remove_sample_identity,0.1819,0.1819,manual_fallback,manual_fallback,1,0.8562725,0.0
spb-per-h-20263377,permission_tool_availability,hard,64,attention_only,0.1819,0.1819,use_tool,manual_fallback,0,-2.5517078125,3.4079803125000003
spb-per-h-20263377,permission_tool_availability,hard,64,simple_dedup,0.1819,0.1819,manual_fallback,manual_fallback,1,0.8562725,0.0
spb-per-h-20263377,permission_tool_availability,hard,64,random_grouping,0.1819,0.1819,manual_fallback,manual_fallback,1,0.8562725,0.0
spb-per-h-20263377,permission_tool_availability,hard,64,oracle_grouping,0.1819,0.1819,manual_fallback,manual_fallback,1,0.8562725,0.0
spb-per-h-20263530,permission_tool_availability,hard,1,remove_provenance,0.4262,0.4262,manual_fallback,manual_fallback,1,0.76247703125,0.0
spb-per-h-20263530,permission_tool_availability,hard,1,remove_belief_separation,0.4262,0.4262,manual_fallback,manual_fallback,1,0.76247703125,0.0
spb-per-h-20263530,permission_tool_availability,hard,1,remove_sample_identity,0.4262,0.4262,manual_fallback,manual_fallback,1,0.76247703125,0.0
spb-per-h-20263530,permission_tool_availability,hard,1,attention_only,0.4262,0.4262,use_tool,manual_fallback,0,-2.522669375,3.28514640625
spb-per-h-20263530,permission_tool_availability,hard,1,simple_dedup,0.4262,0.4262,manual_fallback,manual_fallback,1,0.76247703125,0.0
spb-per-h-20263530,permission_tool_availability,hard,1,random_grouping,0.4262,0.4262,manual_fallback,manual_fallback,1,0.76247703125,0.0
spb-per-h-20263530,permission_tool_availability,hard,1,oracle_grouping,0.4262,0.4262,manual_fallback,manual_fallback,1,0.76247703125,0.0
spb-per-h-20263530,permission_tool_availability,hard,2,remove_provenance,0.526996949962905,0.526996949962905,manual_fallback,manual_fallback,1,0.76247703125,0.0
spb-per-h-20263530,permission_tool_availability,hard,2,remove_belief_separation,0.4262,0.4262,manual_fallback,manual_fallback,1,0.76247703125,0.0
spb-per-h-20263530,permission_tool_availability,hard,2,remove_sample_identity,0.4262,0.4262,manual_fallback,manual_fallback,1,0.76247703125,0.0
spb-per-h-20263530,permission_tool_availability,hard,2,attention_only,0.4262,0.4262,use_tool,manual_fallback,0,-2.522669375,3.28514640625
spb-per-h-20263530,permission_tool_availability,hard,2,simple_dedup,0.4262,0.4262,manual_fallback,manual_fallback,1,0.76247703125,0.0
spb-per-h-20263530,permission_tool_availability,hard,2,random_grouping,0.4262,0.4262,manual_fallback,manual_fallback,1,0.76247703125,0.0
spb-per-h-20263530,permission_tool_availability,hard,2,oracle_grouping,0.4262,0.4262,manual_fallback,manual_fallback,1,0.76247703125,0.0
spb-per-h-20263530,permission_tool_availability,hard,4,remove_provenance,0.7148430220278548,0.7148430220278548,manual_fallback,manual_fallback,1,0.76247703125,0.0
spb-per-h-20263530,permission_tool_availability,hard,4,remove_belief_separation,0.4262,0.4262,manual_fallback,manual_fallback,1,0.76247703125,0.0
spb-per-h-20263530,permission_tool_availability,hard,4,remove_sample_identity,0.4262,0.4262,manual_fallback,manual_fallback,1,0.76247703125,0.0
spb-per-h-20263530,permission_tool_availability,hard,4,attention_only,0.4262,0.4262,use_tool,manual_fallback,0,-2.522669375,3.28514640625
spb-per-h-20263530,permission_tool_availability,hard,4,simple_dedup,0.4262,0.4262,manual_fallback,manual_fallback,1,0.76247703125,0.0
spb-per-h-20263530,permission_tool_availability,hard,4,random_grouping,0.4262,0.4262,manual_fallback,manual_fallback,1,0.76247703125,0.0
spb-per-h-20263530,permission_tool_availability,hard,4,oracle_grouping,0.4262,0.4262,manual_fallback,manual_fallback,1,0.76247703125,0.0
spb-per-h-20263530,permission_tool_availability,hard,8,remove_provenance,0.9269586725935308,0.9269586725935308,use_tool,manual_fallback,0,-2.522669375,3.28514640625
spb-per-h-20263530,permission_tool_availability,hard,8,remove_belief_separation,0.4262,0.4262,manual_fallback,manual_fallback,1,0.76247703125,0.0
spb-per-h-20263530,permission_tool_availability,hard,8,remove_sample_identity,0.4262,0.4262,manual_fallback,manual_fallback,1,0.76247703125,0.0
spb-per-h-20263530,permission_tool_availability,hard,8,attention_only,0.4262,0.4262,use_tool,manual_fallback,0,-2.522669375,3.28514640625
spb-per-h-20263530,permission_tool_availability,hard,8,simple_dedup,0.4262,0.4262,manual_fallback,manual_fallback,1,0.76247703125,0.0
spb-per-h-20263530,permission_tool_availability,hard,8,random_grouping,0.4262,0.4262,manual_fallback,manual_fallback,1,0.76247703125,0.0
spb-per-h-20263530,permission_tool_availability,hard,8,oracle_grouping,0.4262,0.4262,manual_fallback,manual_fallback,1,0.76247703125,0.0
spb-per-h-20263530,permission_tool_availability,hard,16,remove_provenance,0.9969348974365091,0.9969348974365091,use_tool,manual_fallback,0,-2.522669375,3.28514640625
spb-per-h-20263530,permission_tool_availability,hard,16,remove_belief_separation,0.4262,0.4262,manual_fallback,manual_fallback,1,0.76247703125,0.0
spb-per-h-20263530,permission_tool_availability,hard,16,remove_sample_identity,0.4262,0.4262,manual_fallback,manual_fallback,1,0.76247703125,0.0
spb-per-h-20263530,permission_tool_availability,hard,16,attention_only,0.4262,0.4262,use_tool,manual_fallback,0,-2.522669375,3.28514640625
spb-per-h-20263530,permission_tool_availability,hard,16,simple_dedup,0.4262,0.4262,manual_fallback,manual_fallback,1,0.76247703125,0.0
spb-per-h-20263530,permission_tool_availability,hard,16,random_grouping,0.4262,0.4262,manual_fallback,manual_fallback,1,0.76247703125,0.0
spb-per-h-20263530,permission_tool_availability,hard,16,oracle_grouping,0.4262,0.4262,manual_fallback,manual_fallback,1,0.76247703125,0.0
spb-per-h-20263530,permission_tool_availability,hard,32,remove_provenance,0.9999953192436519,0.9999953192436519,use_tool,manual_fallback,0,-2.522669375,3.28514640625
spb-per-h-20263530,permission_tool_availability,hard,32,remove_belief_separation,0.4262,0.4262,manual_fallback,manual_fallback,1,0.76247703125,0.0
spb-per-h-20263530,permission_tool_availability,hard,32,remove_sample_identity,0.4262,0.4262,manual_fallback,manual_fallback,1,0.76247703125,0.0
spb-per-h-20263530,permission_tool_availability,hard,32,attention_only,0.4262,0.4262,use_tool,manual_fallback,0,-2.522669375,3.28514640625
spb-per-h-20263530,permission_tool_availability,hard,32,simple_dedup,0.4262,0.4262,manual_fallback,manual_fallback,1,0.76247703125,0.0
spb-per-h-20263530,permission_tool_availability,hard,32,random_grouping,0.4262,0.4262,manual_fallback,manual_fallback,1,0.76247703125,0.0
spb-per-h-20263530,permission_tool_availability,hard,32,oracle_grouping,0.4262,0.4262,manual_fallback,manual_fallback,1,0.76247703125,0.0
spb-per-h-20263530,permission_tool_availability,hard,64,remove_provenance,0.9999999999891509,0.9999999999891509,use_tool,manual_fallback,0,-2.522669375,3.28514640625
spb-per-h-20263530,permission_tool_availability,hard,64,remove_belief_separation,0.4262,0.4262,manual_fallback,manual_fallback,1,0.76247703125,0.0
spb-per-h-20263530,permission_tool_availability,hard,64,remove_sample_identity,0.4262,0.4262,manual_fallback,manual_fallback,1,0.76247703125,0.0
spb-per-h-20263530,permission_tool_availability,hard,64,attention_only,0.4262,0.4262,use_tool,manual_fallback,0,-2.522669375,3.28514640625
spb-per-h-20263530,permission_tool_availability,hard,64,simple_dedup,0.4262,0.4262,manual_fallback,manual_fallback,1,0.76247703125,0.0
spb-per-h-20263530,permission_tool_availability,hard,64,random_grouping,0.4262,0.4262,manual_fallback,manual_fallback,1,0.76247703125,0.0
spb-per-h-20263530,permission_tool_availability,hard,64,oracle_grouping,0.4262,0.4262,manual_fallback,manual_fallback,1,0.76247703125,0.0
spb-per-h-20263632,permission_tool_availability,hard,1,remove_provenance,0.6971,0.30289999999999995,manual_fallback,use_tool,0,0.83616546875,1.1114164062499996
spb-per-h-20263632,permission_tool_availability,hard,1,remove_belief_separation,0.6971,0.30289999999999995,manual_fallback,use_tool,0,0.83616546875,1.1114164062499996
spb-per-h-20263632,permission_tool_availability,hard,1,remove_sample_identity,0.6971,0.30289999999999995,manual_fallback,use_tool,0,0.83616546875,1.1114164062499996
spb-per-h-20263632,permission_tool_availability,hard,1,attention_only,0.6971,0.30289999999999995,use_tool,use_tool,1,1.9475818749999996,0.0
spb-per-h-20263632,permission_tool_availability,hard,1,simple_dedup,0.6971,0.30289999999999995,manual_fallback,use_tool,0,0.83616546875,1.1114164062499996
spb-per-h-20263632,permission_tool_availability,hard,1,random_grouping,0.6971,0.30289999999999995,manual_fallback,use_tool,0,0.83616546875,1.1114164062499996
spb-per-h-20263632,permission_tool_availability,hard,1,oracle_grouping,0.6971,0.30289999999999995,manual_fallback,use_tool,0,0.83616546875,1.1114164062499996
spb-per-h-20263632,permission_tool_availability,hard,2,remove_provenance,0.7753883801119722,0.2246116198880278,use_tool,use_tool,1,1.9475818749999996,0.0
spb-per-h-20263632,permission_tool_availability,hard,2,remove_belief_separation,0.6971,0.30289999999999995,manual_fallback,use_tool,0,0.83616546875,1.1114164062499996
spb-per-h-20263632,permission_tool_availability,hard,2,remove_sample_identity,0.6971,0.30289999999999995,manual_fallback,use_tool,0,0.83616546875,1.1114164062499996
spb-per-h-20263632,permission_tool_availability,hard,2,attention_only,0.6971,0.30289999999999995,use_tool,use_tool,1,1.9475818749999996,0.0
spb-per-h-20263632,permission_tool_availability,hard,2,simple_dedup,0.6971,0.30289999999999995,manual_fallback,use_tool,0,0.83616546875,1.1114164062499996
spb-per-h-20263632,permission_tool_availability,hard,2,random_grouping,0.6971,0.30289999999999995,manual_fallback,use_tool,0,0.83616546875,1.1114164062499996
spb-per-h-20263632,permission_tool_availability,hard,2,oracle_grouping,0.6971,0.30289999999999995,manual_fallback,use_tool,0,0.83616546875,1.1114164062499996
spb-per-h-20263632,permission_tool_availability,hard,4,remove_provenance,0.8859396843477729,0.11406031565222707,use_tool,use_tool,1,1.9475818749999996,0.0
spb-per-h-20263632,permission_tool_availability,hard,4,remove_belief_separation,0.6971,0.30289999999999995,manual_fallback,use_tool,0,0.83616546875,1.1114164062499996
spb-per-h-20263632,permission_tool_availability,hard,4,remove_sample_identity,0.6971,0.30289999999999995,manual_fallback,use_tool,0,0.83616546875,1.1114164062499996
spb-per-h-20263632,permission_tool_availability,hard,4,attention_only,0.6971,0.30289999999999995,use_tool,use_tool,1,1.9475818749999996,0.0
spb-per-h-20263632,permission_tool_availability,hard,4,simple_dedup,0.6971,0.30289999999999995,manual_fallback,use_tool,0,0.83616546875,1.1114164062499996
spb-per-h-20263632,permission_tool_availability,hard,4,random_grouping,0.6971,0.30289999999999995,manual_fallback,use_tool,0,0.83616546875,1.1114164062499996
spb-per-h-20263632,permission_tool_availability,hard,4,oracle_grouping,0.6971,0.30289999999999995,manual_fallback,use_tool,0,0.83616546875,1.1114164062499996
spb-per-h-20263632,permission_tool_availability,hard,8,remove_provenance,0.9751995885190891,0.024800411480910944,use_tool,use_tool,1,1.9475818749999996,0.0
spb-per-h-20263632,permission_tool_availability,hard,8,remove_belief_separation,0.6971,0.30289999999999995,manual_fallback,use_tool,0,0.83616546875,1.1114164062499996
spb-per-h-20263632,permission_tool_availability,hard,8,remove_sample_identity,0.6971,0.30289999999999995,manual_fallback,use_tool,0,0.83616546875,1.1114164062499996
spb-per-h-20263632,permission_tool_availability,hard,8,attention_only,0.6971,0.30289999999999995,use_tool,use_tool,1,1.9475818749999996,0.0
spb-per-h-20263632,permission_tool_availability,hard,8,simple_dedup,0.6971,0.30289999999999995,manual_fallback,use_tool,0,0.83616546875,1.1114164062499996
spb-per-h-20263632,permission_tool_availability,hard,8,random_grouping,0.6971,0.30289999999999995,manual_fallback,use_tool,0,0.83616546875,1.1114164062499996
spb-per-h-20263632,permission_tool_availability,hard,8,oracle_grouping,0.6971,0.30289999999999995,manual_fallback,use_tool,0,0.83616546875,1.1114164062499996
spb-per-h-20263632,permission_tool_availability,hard,16,remove_provenance,0.9990087012109781,0.0009912987890219327,use_tool,use_tool,1,1.9475818749999996,0.0
spb-per-h-20263632,permission_tool_availability,hard,16,remove_belief_separation,0.6971,0.30289999999999995,manual_fallback,use_tool,0,0.83616546875,1.1114164062499996
spb-per-h-20263632,permission_tool_availability,hard,16,remove_sample_identity,0.6971,0.30289999999999995,manual_fallback,use_tool,0,0.83616546875,1.1114164062499996
spb-per-h-20263632,permission_tool_availability,hard,16,attention_only,0.6971,0.30289999999999995,use_tool,use_tool,1,1.9475818749999996,0.0
spb-per-h-20263632,permission_tool_availability,hard,16,simple_dedup,0.6971,0.30289999999999995,manual_fallback,use_tool,0,0.83616546875,1.1114164062499996
spb-per-h-20263632,permission_tool_availability,hard,16,random_grouping,0.6971,0.30289999999999995,manual_fallback,use_tool,0,0.83616546875,1.1114164062499996
spb-per-h-20263632,permission_tool_availability,hard,16,oracle_grouping,0.6971,0.30289999999999995,manual_fallback,use_tool,0,0.83616546875,1.1114164062499996
spb-per-h-20263632,permission_tool_availability,hard,32,remove_provenance,0.999998489312959,1.5106870410175333e-06,use_tool,use_tool,1,1.9475818749999996,0.0
spb-per-h-20263632,permission_tool_availability,hard,32,remove_belief_separation,0.6971,0.30289999999999995,manual_fallback,use_tool,0,0.83616546875,1.1114164062499996
spb-per-h-20263632,permission_tool_availability,hard,32,remove_sample_identity,0.6971,0.30289999999999995,manual_fallback,use_tool,0,0.83616546875,1.1114164062499996
spb-per-h-20263632,permission_tool_availability,hard,32,attention_only,0.6971,0.30289999999999995,use_tool,use_tool,1,1.9475818749999996,0.0
spb-per-h-20263632,permission_tool_availability,hard,32,simple_dedup,0.6971,0.30289999999999995,manual_fallback,use_tool,0,0.83616546875,1.1114164062499996
spb-per-h-20263632,permission_tool_availability,hard,32,random_grouping,0.6971,0.30289999999999995,manual_fallback,use_tool,0,0.83616546875,1.1114164062499996
spb-per-h-20263632,permission_tool_availability,hard,32,oracle_grouping,0.6971,0.30289999999999995,manual_fallback,use_tool,0,0.83616546875,1.1114164062499996
spb-per-h-20263632,permission_tool_availability,hard,64,remove_provenance,0.9999999999964986,3.5014213750628187e-12,use_tool,use_tool,1,1.9475818749999996,0.0
spb-per-h-20263632,permission_tool_availability,hard,64,remove_belief_separation,0.6971,0.30289999999999995,manual_fallback,use_tool,0,0.83616546875,1.1114164062499996
spb-per-h-20263632,permission_tool_availability,hard,64,remove_sample_identity,0.6971,0.30289999999999995,manual_fallback,use_tool,0,0.83616546875,1.1114164062499996
spb-per-h-20263632,permission_tool_availability,hard,64,attention_only,0.6971,0.30289999999999995,use_tool,use_tool,1,1.9475818749999996,0.0
spb-per-h-20263632,permission_tool_availability,hard,64,simple_dedup,0.6971,0.30289999999999995,manual_fallback,use_tool,0,0.83616546875,1.1114164062499996
spb-per-h-20263632,permission_tool_availability,hard,64,random_grouping,0.6971,0.30289999999999995,manual_fallback,use_tool,0,0.83616546875,1.1114164062499996
spb-per-h-20263632,permission_tool_availability,hard,64,oracle_grouping,0.6971,0.30289999999999995,manual_fallback,use_tool,0,0.83616546875,1.1114164062499996
spb-per-m-20263666,permission_tool_availability,medium,1,remove_provenance,0.22560000000000005,0.7744,manual_fallback,use_tool,0,0.75332609375,1.275684375
spb-per-m-20263666,permission_tool_availability,medium,1,remove_belief_separation,0.2256,0.7744,manual_fallback,use_tool,0,0.75332609375,1.275684375
spb-per-m-20263666,permission_tool_availability,medium,1,remove_sample_identity,0.2256,0.7744,manual_fallback,use_tool,0,0.75332609375,1.275684375
spb-per-m-20263666,permission_tool_availability,medium,1,attention_only,0.2256,0.7744,use_tool,use_tool,1,2.02901046875,0.0
spb-per-m-20263666,permission_tool_availability,medium,1,simple_dedup,0.2256,0.7744,manual_fallback,use_tool,0,0.75332609375,1.275684375
spb-per-m-20263666,permission_tool_availability,medium,1,random_grouping,0.2256,0.7744,manual_fallback,use_tool,0,0.75332609375,1.275684375
spb-per-m-20263666,permission_tool_availability,medium,1,oracle_grouping,0.2256,0.7744,manual_fallback,use_tool,0,0.75332609375,1.275684375
spb-per-m-20263666,permission_tool_availability,medium,2,remove_provenance,0.30409777138749106,0.6959022286125089,manual_fallback,use_tool,0,0.75332609375,1.275684375
spb-per-m-20263666,permission_tool_availability,medium,2,remove_belief_separation,0.2256,0.7744,manual_fallback,use_tool,0,0.75332609375,1.275684375
spb-per-m-20263666,permission_tool_availability,medium,2,remove_sample_identity,0.2256,0.7744,manual_fallback,use_tool,0,0.75332609375,1.275684375
spb-per-m-20263666,permission_tool_availability,medium,2,attention_only,0.2256,0.7744,use_tool,use_tool,1,2.02901046875,0.0
spb-per-m-20263666,permission_tool_availability,medium,2,simple_dedup,0.2256,0.7744,manual_fallback,use_tool,0,0.75332609375,1.275684375
spb-per-m-20263666,permission_tool_availability,medium,2,random_grouping,0.2256,0.7744,manual_fallback,use_tool,0,0.75332609375,1.275684375
spb-per-m-20263666,permission_tool_availability,medium,2,oracle_grouping,0.2256,0.7744,manual_fallback,use_tool,0,0.75332609375,1.275684375
spb-per-m-20263666,permission_tool_availability,medium,4,remove_provenance,0.49576767808308375,0.5042323219169162,manual_fallback,use_tool,0,0.75332609375,1.275684375
spb-per-m-20263666,permission_tool_availability,medium,4,remove_belief_separation,0.2256,0.7744,manual_fallback,use_tool,0,0.75332609375,1.275684375
spb-per-m-20263666,permission_tool_availability,medium,4,remove_sample_identity,0.2256,0.7744,manual_fallback,use_tool,0,0.75332609375,1.275684375
spb-per-m-20263666,permission_tool_availability,medium,4,attention_only,0.2256,0.7744,use_tool,use_tool,1,2.02901046875,0.0
spb-per-m-20263666,permission_tool_availability,medium,4,simple_dedup,0.2256,0.7744,manual_fallback,use_tool,0,0.75332609375,1.275684375
spb-per-m-20263666,permission_tool_availability,medium,4,random_grouping,0.2256,0.7744,manual_fallback,use_tool,0,0.75332609375,1.275684375
spb-per-m-20263666,permission_tool_availability,medium,4,oracle_grouping,0.2256,0.7744,manual_fallback,use_tool,0,0.75332609375,1.275684375
spb-per-m-20263666,permission_tool_availability,medium,8,remove_provenance,0.8327063963771775,0.16729360362282253,use_tool,use_tool,1,2.02901046875,0.0
spb-per-m-20263666,permission_tool_availability,medium,8,remove_belief_separation,0.2256,0.7744,manual_fallback,use_tool,0,0.75332609375,1.275684375
spb-per-m-20263666,permission_tool_availability,medium,8,remove_sample_identity,0.2256,0.7744,manual_fallback,use_tool,0,0.75332609375,1.275684375
spb-per-m-20263666,permission_tool_availability,medium,8,attention_only,0.2256,0.7744,use_tool,use_tool,1,2.02901046875,0.0
spb-per-m-20263666,permission_tool_availability,medium,8,simple_dedup,0.2256,0.7744,manual_fallback,use_tool,0,0.75332609375,1.275684375
spb-per-m-20263666,permission_tool_availability,medium,8,random_grouping,0.2256,0.7744,manual_fallback,use_tool,0,0.75332609375,1.275684375
spb-per-m-20263666,permission_tool_availability,medium,8,oracle_grouping,0.2256,0.7744,manual_fallback,use_tool,0,0.75332609375,1.275684375
spb-per-m-20263666,permission_tool_availability,medium,16,remove_provenance,0.9922220306264439,0.007777969373556126,use_tool,use_tool,1,2.02901046875,0.0
spb-per-m-20263666,permission_tool_availability,medium,16,remove_belief_separation,0.2256,0.7744,manual_fallback,use_tool,0,0.75332609375,1.275684375
spb-per-m-20263666,permission_tool_availability,medium,16,remove_sample_identity,0.2256,0.7744,manual_fallback,use_tool,0,0.75332609375,1.275684375
spb-per-m-20263666,permission_tool_availability,medium,16,attention_only,0.2256,0.7744,use_tool,use_tool,1,2.02901046875,0.0
spb-per-m-20263666,permission_tool_availability,medium,16,simple_dedup,0.2256,0.7744,manual_fallback,use_tool,0,0.75332609375,1.275684375
spb-per-m-20263666,permission_tool_availability,medium,16,random_grouping,0.2256,0.7744,manual_fallback,use_tool,0,0.75332609375,1.275684375
spb-per-m-20263666,permission_tool_availability,medium,16,oracle_grouping,0.2256,0.7744,manual_fallback,use_tool,0,0.75332609375,1.275684375
spb-per-m-20263666,permission_tool_availability,medium,32,remove_provenance,0.9999880658350756,1.1934164924398694e-05,use_tool,use_tool,1,2.02901046875,0.0
spb-per-m-20263666,permission_tool_availability,medium,32,remove_belief_separation,0.2256,0.7744,manual_fallback,use_tool,0,0.75332609375,1.275684375
spb-per-m-20263666,permission_tool_availability,medium,32,remove_sample_identity,0.2256,0.7744,manual_fallback,use_tool,0,0.75332609375,1.275684375
spb-per-m-20263666,permission_tool_availability,medium,32,attention_only,0.2256,0.7744,use_tool,use_tool,1,2.02901046875,0.0
spb-per-m-20263666,permission_tool_availability,medium,32,simple_dedup,0.2256,0.7744,manual_fallback,use_tool,0,0.75332609375,1.275684375
spb-per-m-20263666,permission_tool_availability,medium,32,random_grouping,0.2256,0.7744,manual_fallback,use_tool,0,0.75332609375,1.275684375
spb-per-m-20263666,permission_tool_availability,medium,32,oracle_grouping,0.2256,0.7744,manual_fallback,use_tool,0,0.75332609375,1.275684375
spb-per-m-20263666,permission_tool_availability,medium,64,remove_provenance,0.9999999999723383,2.7661650747745625e-11,use_tool,use_tool,1,2.02901046875,0.0
spb-per-m-20263666,permission_tool_availability,medium,64,remove_belief_separation,0.2256,0.7744,manual_fallback,use_tool,0,0.75332609375,1.275684375
spb-per-m-20263666,permission_tool_availability,medium,64,remove_sample_identity,0.2256,0.7744,manual_fallback,use_tool,0,0.75332609375,1.275684375
spb-per-m-20263666,permission_tool_availability,medium,64,attention_only,0.2256,0.7744,use_tool,use_tool,1,2.02901046875,0.0
spb-per-m-20263666,permission_tool_availability,medium,64,simple_dedup,0.2256,0.7744,manual_fallback,use_tool,0,0.75332609375,1.275684375
spb-per-m-20263666,permission_tool_availability,medium,64,random_grouping,0.2256,0.7744,manual_fallback,use_tool,0,0.75332609375,1.275684375
spb-per-m-20263666,permission_tool_availability,medium,64,oracle_grouping,0.2256,0.7744,manual_fallback,use_tool,0,0.75332609375,1.275684375
spb-per-h-20263836,permission_tool_availability,hard,1,remove_provenance,0.6774000000000001,0.6774000000000001,manual_fallback,manual_fallback,1,0.7707704687500001,0.0
spb-per-h-20263836,permission_tool_availability,hard,1,remove_belief_separation,0.6774,0.6774,manual_fallback,manual_fallback,1,0.7707704687500001,0.0
spb-per-h-20263836,permission_tool_availability,hard,1,remove_sample_identity,0.6774,0.6774,manual_fallback,manual_fallback,1,0.7707704687500001,0.0
spb-per-h-20263836,permission_tool_availability,hard,1,attention_only,0.6774,0.6774,use_tool,manual_fallback,0,-2.46134890625,3.232119375
spb-per-h-20263836,permission_tool_availability,hard,1,simple_dedup,0.6774,0.6774,manual_fallback,manual_fallback,1,0.7707704687500001,0.0
spb-per-h-20263836,permission_tool_availability,hard,1,random_grouping,0.6774,0.6774,manual_fallback,manual_fallback,1,0.7707704687500001,0.0
spb-per-h-20263836,permission_tool_availability,hard,1,oracle_grouping,0.6774,0.6774,manual_fallback,manual_fallback,1,0.7707704687500001,0.0
spb-per-h-20263836,permission_tool_availability,hard,2,remove_provenance,0.7590199447224919,0.7590199447224919,use_tool,manual_fallback,0,-2.46134890625,3.232119375
spb-per-h-20263836,permission_tool_availability,hard,2,remove_belief_separation,0.6774,0.6774,manual_fallback,manual_fallback,1,0.7707704687500001,0.0
spb-per-h-20263836,permission_tool_availability,hard,2,remove_sample_identity,0.6774,0.6774,manual_fallback,manual_fallback,1,0.7707704687500001,0.0
spb-per-h-20263836,permission_tool_availability,hard,2,attention_only,0.6774,0.6774,use_tool,manual_fallback,0,-2.46134890625,3.232119375
spb-per-h-20263836,permission_tool_availability,hard,2,simple_dedup,0.6774,0.6774,manual_fallback,manual_fallback,1,0.7707704687500001,0.0
spb-per-h-20263836,permission_tool_availability,hard,2,random_grouping,0.6774,0.6774,manual_fallback,manual_fallback,1,0.7707704687500001,0.0
spb-per-h-20263836,permission_tool_availability,hard,2,oracle_grouping,0.6774,0.6774,manual_fallback,manual_fallback,1,0.7707704687500001,0.0
spb-per-h-20263836,permission_tool_availability,hard,4,remove_provenance,0.8763427980029324,0.8763427980029324,use_tool,manual_fallback,0,-2.46134890625,3.232119375
spb-per-h-20263836,permission_tool_availability,hard,4,remove_belief_separation,0.6774,0.6774,manual_fallback,manual_fallback,1,0.7707704687500001,0.0
spb-per-h-20263836,permission_tool_availability,hard,4,remove_sample_identity,0.6774,0.6774,manual_fallback,manual_fallback,1,0.7707704687500001,0.0
spb-per-h-20263836,permission_tool_availability,hard,4,attention_only,0.6774,0.6774,use_tool,manual_fallback,0,-2.46134890625,3.232119375
spb-per-h-20263836,permission_tool_availability,hard,4,simple_dedup,0.6774,0.6774,manual_fallback,manual_fallback,1,0.7707704687500001,0.0
spb-per-h-20263836,permission_tool_availability,hard,4,random_grouping,0.6774,0.6774,manual_fallback,manual_fallback,1,0.7707704687500001,0.0
spb-per-h-20263836,permission_tool_availability,hard,4,oracle_grouping,0.6774,0.6774,manual_fallback,manual_fallback,1,0.7707704687500001,0.0
spb-per-h-20263836,permission_tool_availability,hard,8,remove_provenance,0.9728830406445742,0.9728830406445742,use_tool,manual_fallback,0,-2.46134890625,3.232119375
spb-per-h-20263836,permission_tool_availability,hard,8,remove_belief_separation,0.6774,0.6774,manual_fallback,manual_fallback,1,0.7707704687500001,0.0
spb-per-h-20263836,permission_tool_availability,hard,8,remove_sample_identity,0.6774,0.6774,manual_fallback,manual_fallback,1,0.7707704687500001,0.0
spb-per-h-20263836,permission_tool_availability,hard,8,attention_only,0.6774,0.6774,use_tool,manual_fallback,0,-2.46134890625,3.232119375
spb-per-h-20263836,permission_tool_availability,hard,8,simple_dedup,0.6774,0.6774,manual_fallback,manual_fallback,1,0.7707704687500001,0.0
spb-per-h-20263836,permission_tool_availability,hard,8,random_grouping,0.6774,0.6774,manual_fallback,manual_fallback,1,0.7707704687500001,0.0
spb-per-h-20263836,permission_tool_availability,hard,8,oracle_grouping,0.6774,0.6774,manual_fallback,manual_fallback,1,0.7707704687500001,0.0
spb-per-h-20263836,permission_tool_availability,hard,16,remove_provenance,0.9989136288509602,0.9989136288509602,use_tool,manual_fallback,0,-2.46134890625,3.232119375
spb-per-h-20263836,permission_tool_availability,hard,16,remove_belief_separation,0.6774,0.6774,manual_fallback,manual_fallback,1,0.7707704687500001,0.0
spb-per-h-20263836,permission_tool_availability,hard,16,remove_sample_identity,0.6774,0.6774,manual_fallback,manual_fallback,1,0.7707704687500001,0.0
spb-per-h-20263836,permission_tool_availability,hard,16,attention_only,0.6774,0.6774,use_tool,manual_fallback,0,-2.46134890625,3.232119375
spb-per-h-20263836,permission_tool_availability,hard,16,simple_dedup,0.6774,0.6774,manual_fallback,manual_fallback,1,0.7707704687500001,0.0
spb-per-h-20263836,permission_tool_availability,hard,16,random_grouping,0.6774,0.6774,manual_fallback,manual_fallback,1,0.7707704687500001,0.0
spb-per-h-20263836,permission_tool_availability,hard,16,oracle_grouping,0.6774,0.6774,manual_fallback,manual_fallback,1,0.7707704687500001,0.0
spb-per-h-20263836,permission_tool_availability,hard,32,remove_provenance,0.9999983442703692,0.9999983442703692,use_tool,manual_fallback,0,-2.46134890625,3.232119375
spb-per-h-20263836,permission_tool_availability,hard,32,remove_belief_separation,0.6774,0.6774,manual_fallback,manual_fallback,1,0.7707704687500001,0.0
spb-per-h-20263836,permission_tool_availability,hard,32,remove_sample_identity,0.6774,0.6774,manual_fallback,manual_fallback,1,0.7707704687500001,0.0
spb-per-h-20263836,permission_tool_availability,hard,32,attention_only,0.6774,0.6774,use_tool,manual_fallback,0,-2.46134890625,3.232119375
spb-per-h-20263836,permission_tool_availability,hard,32,simple_dedup,0.6774,0.6774,manual_fallback,manual_fallback,1,0.7707704687500001,0.0
spb-per-h-20263836,permission_tool_availability,hard,32,random_grouping,0.6774,0.6774,manual_fallback,manual_fallback,1,0.7707704687500001,0.0
spb-per-h-20263836,permission_tool_availability,hard,32,oracle_grouping,0.6774,0.6774,manual_fallback,manual_fallback,1,0.7707704687500001,0.0
spb-per-h-20263836,permission_tool_availability,hard,64,remove_provenance,0.9999999999961624,0.9999999999961624,use_tool,manual_fallback,0,-2.46134890625,3.232119375
spb-per-h-20263836,permission_tool_availability,hard,64,remove_belief_separation,0.6774,0.6774,manual_fallback,manual_fallback,1,0.7707704687500001,0.0
spb-per-h-20263836,permission_tool_availability,hard,64,remove_sample_identity,0.6774,0.6774,manual_fallback,manual_fallback,1,0.7707704687500001,0.0
spb-per-h-20263836,permission_tool_availability,hard,64,attention_only,0.6774,0.6774,use_tool,manual_fallback,0,-2.46134890625,3.232119375
spb-per-h-20263836,permission_tool_availability,hard,64,simple_dedup,0.6774,0.6774,manual_fallback,manual_fallback,1,0.7707704687500001,0.0
spb-per-h-20263836,permission_tool_availability,hard,64,random_grouping,0.6774,0.6774,manual_fallback,manual_fallback,1,0.7707704687500001,0.0
spb-per-h-20263836,permission_tool_availability,hard,64,oracle_grouping,0.6774,0.6774,manual_fallback,manual_fallback,1,0.7707704687500001,0.0
spb-per-m-20263972,permission_tool_availability,medium,1,remove_provenance,0.7068,0.7068,manual_fallback,manual_fallback,1,0.7882203125,0.0
spb-per-m-20263972,permission_tool_availability,medium,1,remove_belief_separation,0.7068,0.7068,manual_fallback,manual_fallback,1,0.7882203125,0.0
spb-per-m-20263972,permission_tool_availability,medium,1,remove_sample_identity,0.7068,0.7068,manual_fallback,manual_fallback,1,0.7882203125,0.0
spb-per-m-20263972,permission_tool_availability,medium,1,attention_only,0.7068,0.7068,use_tool,manual_fallback,0,-2.51513765625,3.30335796875
spb-per-m-20263972,permission_tool_availability,medium,1,simple_dedup,0.7068,0.7068,manual_fallback,manual_fallback,1,0.7882203125,0.0
spb-per-m-20263972,permission_tool_availability,medium,1,random_grouping,0.7068,0.7068,manual_fallback,manual_fallback,1,0.7882203125,0.0
spb-per-m-20263972,permission_tool_availability,medium,1,oracle_grouping,0.7068,0.7068,manual_fallback,manual_fallback,1,0.7882203125,0.0
spb-per-m-20263972,permission_tool_availability,medium,2,remove_provenance,0.7833604255947983,0.7833604255947983,use_tool,manual_fallback,0,-2.51513765625,3.30335796875
spb-per-m-20263972,permission_tool_availability,medium,2,remove_belief_separation,0.7068,0.7068,manual_fallback,manual_fallback,1,0.7882203125,0.0
spb-per-m-20263972,permission_tool_availability,medium,2,remove_sample_identity,0.7068,0.7068,manual_fallback,manual_fallback,1,0.7882203125,0.0
spb-per-m-20263972,permission_tool_availability,medium,2,attention_only,0.7068,0.7068,use_tool,manual_fallback,0,-2.51513765625,3.30335796875
spb-per-m-20263972,permission_tool_availability,medium,2,simple_dedup,0.7068,0.7068,manual_fallback,manual_fallback,1,0.7882203125,0.0
spb-per-m-20263972,permission_tool_availability,medium,2,random_grouping,0.7068,0.7068,manual_fallback,manual_fallback,1,0.7882203125,0.0
spb-per-m-20263972,permission_tool_availability,medium,2,oracle_grouping,0.7068,0.7068,manual_fallback,manual_fallback,1,0.7882203125,0.0
spb-per-m-20263972,permission_tool_availability,medium,4,remove_provenance,0.8905418774382619,0.8905418774382619,use_tool,manual_fallback,0,-2.51513765625,3.30335796875
spb-per-m-20263972,permission_tool_availability,medium,4,remove_belief_separation,0.7068,0.7068,manual_fallback,manual_fallback,1,0.7882203125,0.0
spb-per-m-20263972,permission_tool_availability,medium,4,remove_sample_identity,0.7068,0.7068,manual_fallback,manual_fallback,1,0.7882203125,0.0
spb-per-m-20263972,permission_tool_availability,medium,4,attention_only,0.7068,0.7068,use_tool,manual_fallback,0,-2.51513765625,3.30335796875
spb-per-m-20263972,permission_tool_availability,medium,4,simple_dedup,0.7068,0.7068,manual_fallback,manual_fallback,1,0.7882203125,0.0
spb-per-m-20263972,permission_tool_availability,medium,4,random_grouping,0.7068,0.7068,manual_fallback,manual_fallback,1,0.7882203125,0.0
spb-per-m-20263972,permission_tool_availability,medium,4,oracle_grouping,0.7068,0.7068,manual_fallback,manual_fallback,1,0.7882203125,0.0
spb-per-m-20263972,permission_tool_availability,medium,8,remove_provenance,0.9762966136828545,0.9762966136828545,use_tool,manual_fallback,0,-2.51513765625,3.30335796875
spb-per-m-20263972,permission_tool_availability,medium,8,remove_belief_separation,0.7068,0.7068,manual_fallback,manual_fallback,1,0.7882203125,0.0
spb-per-m-20263972,permission_tool_availability,medium,8,remove_sample_identity,0.7068,0.7068,manual_fallback,manual_fallback,1,0.7882203125,0.0
spb-per-m-20263972,permission_tool_availability,medium,8,attention_only,0.7068,0.7068,use_tool,manual_fallback,0,-2.51513765625,3.30335796875
spb-per-m-20263972,permission_tool_availability,medium,8,simple_dedup,0.7068,0.7068,manual_fallback,manual_fallback,1,0.7882203125,0.0
spb-per-m-20263972,permission_tool_availability,medium,8,random_grouping,0.7068,0.7068,manual_fallback,manual_fallback,1,0.7882203125,0.0
spb-per-m-20263972,permission_tool_availability,medium,8,oracle_grouping,0.7068,0.7068,manual_fallback,manual_fallback,1,0.7882203125,0.0
spb-per-m-20263972,permission_tool_availability,medium,16,remove_provenance,0.9990535725751315,0.9990535725751315,use_tool,manual_fallback,0,-2.51513765625,3.30335796875
spb-per-m-20263972,permission_tool_availability,medium,16,remove_belief_separation,0.7068,0.7068,manual_fallback,manual_fallback,1,0.7882203125,0.0
spb-per-m-20263972,permission_tool_availability,medium,16,remove_sample_identity,0.7068,0.7068,manual_fallback,manual_fallback,1,0.7882203125,0.0
spb-per-m-20263972,permission_tool_availability,medium,16,attention_only,0.7068,0.7068,use_tool,manual_fallback,0,-2.51513765625,3.30335796875
spb-per-m-20263972,permission_tool_availability,medium,16,simple_dedup,0.7068,0.7068,manual_fallback,manual_fallback,1,0.7882203125,0.0
spb-per-m-20263972,permission_tool_availability,medium,16,random_grouping,0.7068,0.7068,manual_fallback,manual_fallback,1,0.7882203125,0.0
spb-per-m-20263972,permission_tool_availability,medium,16,oracle_grouping,0.7068,0.7068,manual_fallback,manual_fallback,1,0.7882203125,0.0
spb-per-m-20263972,permission_tool_availability,medium,32,remove_provenance,0.9999985577592307,0.9999985577592307,use_tool,manual_fallback,0,-2.51513765625,3.30335796875
spb-per-m-20263972,permission_tool_availability,medium,32,remove_belief_separation,0.7068,0.7068,manual_fallback,manual_fallback,1,0.7882203125,0.0
spb-per-m-20263972,permission_tool_availability,medium,32,remove_sample_identity,0.7068,0.7068,manual_fallback,manual_fallback,1,0.7882203125,0.0
spb-per-m-20263972,permission_tool_availability,medium,32,attention_only,0.7068,0.7068,use_tool,manual_fallback,0,-2.51513765625,3.30335796875
spb-per-m-20263972,permission_tool_availability,medium,32,simple_dedup,0.7068,0.7068,manual_fallback,manual_fallback,1,0.7882203125,0.0
spb-per-m-20263972,permission_tool_availability,medium,32,random_grouping,0.7068,0.7068,manual_fallback,manual_fallback,1,0.7882203125,0.0
spb-per-m-20263972,permission_tool_availability,medium,32,oracle_grouping,0.7068,0.7068,manual_fallback,manual_fallback,1,0.7882203125,0.0
spb-per-m-20263972,permission_tool_availability,medium,64,remove_provenance,0.9999999999966571,0.9999999999966571,use_tool,manual_fallback,0,-2.51513765625,3.30335796875
spb-per-m-20263972,permission_tool_availability,medium,64,remove_belief_separation,0.7068,0.7068,manual_fallback,manual_fallback,1,0.7882203125,0.0
spb-per-m-20263972,permission_tool_availability,medium,64,remove_sample_identity,0.7068,0.7068,manual_fallback,manual_fallback,1,0.7882203125,0.0
spb-per-m-20263972,permission_tool_availability,medium,64,attention_only,0.7068,0.7068,use_tool,manual_fallback,0,-2.51513765625,3.30335796875
spb-per-m-20263972,permission_tool_availability,medium,64,simple_dedup,0.7068,0.7068,manual_fallback,manual_fallback,1,0.7882203125,0.0
spb-per-m-20263972,permission_tool_availability,medium,64,random_grouping,0.7068,0.7068,manual_fallback,manual_fallback,1,0.7882203125,0.0
spb-per-m-20263972,permission_tool_availability,medium,64,oracle_grouping,0.7068,0.7068,manual_fallback,manual_fallback,1,0.7882203125,0.0
spb-per-m-20264227,permission_tool_availability,medium,1,remove_provenance,0.6915,0.6915,manual_fallback,manual_fallback,1,0.8279435937499999,0.0
spb-per-m-20264227,permission_tool_availability,medium,1,remove_belief_separation,0.6915,0.6915,manual_fallback,manual_fallback,1,0.8279435937499999,0.0
spb-per-m-20264227,permission_tool_availability,medium,1,remove_sample_identity,0.6915,0.6915,manual_fallback,manual_fallback,1,0.8279435937499999,0.0
spb-per-m-20264227,permission_tool_availability,medium,1,attention_only,0.6915,0.6915,use_tool,manual_fallback,0,-2.4763415625,3.3042851562499997
spb-per-m-20264227,permission_tool_availability,medium,1,simple_dedup,0.6915,0.6915,manual_fallback,manual_fallback,1,0.8279435937499999,0.0
spb-per-m-20264227,permission_tool_availability,medium,1,random_grouping,0.6915,0.6915,manual_fallback,manual_fallback,1,0.8279435937499999,0.0
spb-per-m-20264227,permission_tool_availability,medium,1,oracle_grouping,0.6915,0.6915,manual_fallback,manual_fallback,1,0.8279435937499999,0.0
spb-per-m-20264227,permission_tool_availability,medium,2,remove_provenance,0.770759799368382,0.770759799368382,use_tool,manual_fallback,0,-2.4763415625,3.3042851562499997
spb-per-m-20264227,permission_tool_availability,medium,2,remove_belief_separation,0.6915,0.6915,manual_fallback,manual_fallback,1,0.8279435937499999,0.0
spb-per-m-20264227,permission_tool_availability,medium,2,remove_sample_identity,0.6915,0.6915,manual_fallback,manual_fallback,1,0.8279435937499999,0.0
spb-per-m-20264227,permission_tool_availability,medium,2,attention_only,0.6915,0.6915,use_tool,manual_fallback,0,-2.4763415625,3.3042851562499997
spb-per-m-20264227,permission_tool_availability,medium,2,simple_dedup,0.6915,0.6915,manual_fallback,manual_fallback,1,0.8279435937499999,0.0
spb-per-m-20264227,permission_tool_availability,medium,2,random_grouping,0.6915,0.6915,manual_fallback,manual_fallback,1,0.8279435937499999,0.0
spb-per-m-20264227,permission_tool_availability,medium,2,oracle_grouping,0.6915,0.6915,manual_fallback,manual_fallback,1,0.8279435937499999,0.0
spb-per-m-20264227,permission_tool_availability,medium,4,remove_provenance,0.8832462095229084,0.8832462095229084,use_tool,manual_fallback,0,-2.4763415625,3.3042851562499997
spb-per-m-20264227,permission_tool_availability,medium,4,remove_belief_separation,0.6915,0.6915,manual_fallback,manual_fallback,1,0.8279435937499999,0.0
spb-per-m-20264227,permission_tool_availability,medium,4,remove_sample_identity,0.6915,0.6915,manual_fallback,manual_fallback,1,0.8279435937499999,0.0
spb-per-m-20264227,permission_tool_availability,medium,4,attention_only,0.6915,0.6915,use_tool,manual_fallback,0,-2.4763415625,3.3042851562499997
spb-per-m-20264227,permission_tool_availability,medium,4,simple_dedup,0.6915,0.6915,manual_fallback,manual_fallback,1,0.8279435937499999,0.0
spb-per-m-20264227,permission_tool_availability,medium,4,random_grouping,0.6915,0.6915,manual_fallback,manual_fallback,1,0.8279435937499999,0.0
spb-per-m-20264227,permission_tool_availability,medium,4,oracle_grouping,0.6915,0.6915,manual_fallback,manual_fallback,1,0.8279435937499999,0.0
spb-per-m-20264227,permission_tool_availability,medium,8,remove_provenance,0.9745533972355301,0.9745533972355301,use_tool,manual_fallback,0,-2.4763415625,3.3042851562499997
spb-per-m-20264227,permission_tool_availability,medium,8,remove_belief_separation,0.6915,0.6915,manual_fallback,manual_fallback,1,0.8279435937499999,0.0
spb-per-m-20264227,permission_tool_availability,medium,8,remove_sample_identity,0.6915,0.6915,manual_fallback,manual_fallback,1,0.8279435937499999,0.0
spb-per-m-20264227,permission_tool_availability,medium,8,attention_only,0.6915,0.6915,use_tool,manual_fallback,0,-2.4763415625,3.3042851562499997
spb-per-m-20264227,permission_tool_availability,medium,8,simple_dedup,0.6915,0.6915,manual_fallback,manual_fallback,1,0.8279435937499999,0.0
spb-per-m-20264227,permission_tool_availability,medium,8,random_grouping,0.6915,0.6915,manual_fallback,manual_fallback,1,0.8279435937499999,0.0
spb-per-m-20264227,permission_tool_availability,medium,8,oracle_grouping,0.6915,0.6915,manual_fallback,manual_fallback,1,0.8279435937499999,0.0
spb-per-m-20264227,permission_tool_availability,medium,16,remove_provenance,0.9989822248126891,0.9989822248126891,use_tool,manual_fallback,0,-2.4763415625,3.3042851562499997
spb-per-m-20264227,permission_tool_availability,medium,16,remove_belief_separation,0.6915,0.6915,manual_fallback,manual_fallback,1,0.8279435937499999,0.0
spb-per-m-20264227,permission_tool_availability,medium,16,remove_sample_identity,0.6915,0.6915,manual_fallback,manual_fallback,1,0.8279435937499999,0.0
spb-per-m-20264227,permission_tool_availability,medium,16,attention_only,0.6915,0.6915,use_tool,manual_fallback,0,-2.4763415625,3.3042851562499997
spb-per-m-20264227,permission_tool_availability,medium,16,simple_dedup,0.6915,0.6915,manual_fallback,manual_fallback,1,0.8279435937499999,0.0
spb-per-m-20264227,permission_tool_availability,medium,16,random_grouping,0.6915,0.6915,manual_fallback,manual_fallback,1,0.8279435937499999,0.0
spb-per-m-20264227,permission_tool_availability,medium,16,oracle_grouping,0.6915,0.6915,manual_fallback,manual_fallback,1,0.8279435937499999,0.0
spb-per-m-20264227,permission_tool_availability,medium,32,remove_provenance,0.99999844892328,0.99999844892328,use_tool,manual_fallback,0,-2.4763415625,3.3042851562499997
spb-per-m-20264227,permission_tool_availability,medium,32,remove_belief_separation,0.6915,0.6915,manual_fallback,manual_fallback,1,0.8279435937499999,0.0
spb-per-m-20264227,permission_tool_availability,medium,32,remove_sample_identity,0.6915,0.6915,manual_fallback,manual_fallback,1,0.8279435937499999,0.0
spb-per-m-20264227,permission_tool_availability,medium,32,attention_only,0.6915,0.6915,use_tool,manual_fallback,0,-2.4763415625,3.3042851562499997
spb-per-m-20264227,permission_tool_availability,medium,32,simple_dedup,0.6915,0.6915,manual_fallback,manual_fallback,1,0.8279435937499999,0.0
spb-per-m-20264227,permission_tool_availability,medium,32,random_grouping,0.6915,0.6915,manual_fallback,manual_fallback,1,0.8279435937499999,0.0
spb-per-m-20264227,permission_tool_availability,medium,32,oracle_grouping,0.6915,0.6915,manual_fallback,manual_fallback,1,0.8279435937499999,0.0
spb-per-m-20264227,permission_tool_availability,medium,64,remove_provenance,0.9999999999964049,0.9999999999964049,use_tool,manual_fallback,0,-2.4763415625,3.3042851562499997
spb-per-m-20264227,permission_tool_availability,medium,64,remove_belief_separation,0.6915,0.6915,manual_fallback,manual_fallback,1,0.8279435937499999,0.0
spb-per-m-20264227,permission_tool_availability,medium,64,remove_sample_identity,0.6915,0.6915,manual_fallback,manual_fallback,1,0.8279435937499999,0.0
spb-per-m-20264227,permission_tool_availability,medium,64,attention_only,0.6915,0.6915,use_tool,manual_fallback,0,-2.4763415625,3.3042851562499997
spb-per-m-20264227,permission_tool_availability,medium,64,simple_dedup,0.6915,0.6915,manual_fallback,manual_fallback,1,0.8279435937499999,0.0
spb-per-m-20264227,permission_tool_availability,medium,64,random_grouping,0.6915,0.6915,manual_fallback,manual_fallback,1,0.8279435937499999,0.0
spb-per-m-20264227,permission_tool_availability,medium,64,oracle_grouping,0.6915,0.6915,manual_fallback,manual_fallback,1,0.8279435937499999,0.0
spb-obj-e-20264363,object_property_uncertainty,easy,1,remove_provenance,0.24809999999999996,0.7519,handle_gently,handle_gently,1,1.19885765625,0.0
spb-obj-e-20264363,object_property_uncertainty,easy,1,remove_belief_separation,0.2481,0.7519,handle_gently,handle_gently,1,1.19885765625,0.0
spb-obj-e-20264363,object_property_uncertainty,easy,1,remove_sample_identity,0.2481,0.7519,handle_gently,handle_gently,1,1.19885765625,0.0
spb-obj-e-20264363,object_property_uncertainty,easy,1,attention_only,0.2481,0.7519,handle_fast,handle_gently,0,-1.9900396875,3.18889734375
spb-obj-e-20264363,object_property_uncertainty,easy,1,simple_dedup,0.2481,0.7519,handle_gently,handle_gently,1,1.19885765625,0.0
spb-obj-e-20264363,object_property_uncertainty,easy,1,random_grouping,0.2481,0.7519,handle_gently,handle_gently,1,1.19885765625,0.0
spb-obj-e-20264363,object_property_uncertainty,easy,1,oracle_grouping,0.2481,0.7519,handle_gently,handle_gently,1,1.19885765625,0.0
spb-obj-e-20264363,object_property_uncertainty,easy,2,remove_provenance,0.3310795783105734,0.6689204216894267,handle_gently,handle_gently,1,1.19885765625,0.0
spb-obj-e-20264363,object_property_uncertainty,easy,2,remove_belief_separation,0.2481,0.7519,handle_gently,handle_gently,1,1.19885765625,0.0
spb-obj-e-20264363,object_property_uncertainty,easy,2,remove_sample_identity,0.2481,0.7519,handle_gently,handle_gently,1,1.19885765625,0.0
spb-obj-e-20264363,object_property_uncertainty,easy,2,attention_only,0.2481,0.7519,handle_fast,handle_gently,0,-1.9900396875,3.18889734375
spb-obj-e-20264363,object_property_uncertainty,easy,2,simple_dedup,0.2481,0.7519,handle_gently,handle_gently,1,1.19885765625,0.0
spb-obj-e-20264363,object_property_uncertainty,easy,2,random_grouping,0.2481,0.7519,handle_gently,handle_gently,1,1.19885765625,0.0
spb-obj-e-20264363,object_property_uncertainty,easy,2,oracle_grouping,0.2481,0.7519,handle_gently,handle_gently,1,1.19885765625,0.0
spb-obj-e-20264363,object_property_uncertainty,easy,4,remove_provenance,0.5268800289446983,0.4731199710553017,handle_gently,handle_gently,1,1.19885765625,0.0
spb-obj-e-20264363,object_property_uncertainty,easy,4,remove_belief_separation,0.2481,0.7519,handle_gently,handle_gently,1,1.19885765625,0.0
spb-obj-e-20264363,object_property_uncertainty,easy,4,remove_sample_identity,0.2481,0.7519,handle_gently,handle_gently,1,1.19885765625,0.0
spb-obj-e-20264363,object_property_uncertainty,easy,4,attention_only,0.2481,0.7519,handle_fast,handle_gently,0,-1.9900396875,3.18889734375
spb-obj-e-20264363,object_property_uncertainty,easy,4,simple_dedup,0.2481,0.7519,handle_gently,handle_gently,1,1.19885765625,0.0
spb-obj-e-20264363,object_property_uncertainty,easy,4,random_grouping,0.2481,0.7519,handle_gently,handle_gently,1,1.19885765625,0.0
spb-obj-e-20264363,object_property_uncertainty,easy,4,oracle_grouping,0.2481,0.7519,handle_gently,handle_gently,1,1.19885765625,0.0
spb-obj-e-20264363,object_property_uncertainty,easy,8,remove_provenance,0.8493464461015854,0.15065355389841462,handle_gently,handle_gently,1,1.19885765625,0.0
spb-obj-e-20264363,object_property_uncertainty,easy,8,remove_belief_separation,0.2481,0.7519,handle_gently,handle_gently,1,1.19885765625,0.0
spb-obj-e-20264363,object_property_uncertainty,easy,8,remove_sample_identity,0.2481,0.7519,handle_gently,handle_gently,1,1.19885765625,0.0
spb-obj-e-20264363,object_property_uncertainty,easy,8,attention_only,0.2481,0.7519,handle_fast,handle_gently,0,-1.9900396875,3.18889734375
spb-obj-e-20264363,object_property_uncertainty,easy,8,simple_dedup,0.2481,0.7519,handle_gently,handle_gently,1,1.19885765625,0.0
spb-obj-e-20264363,object_property_uncertainty,easy,8,random_grouping,0.2481,0.7519,handle_gently,handle_gently,1,1.19885765625,0.0
spb-obj-e-20264363,object_property_uncertainty,easy,8,oracle_grouping,0.2481,0.7519,handle_gently,handle_gently,1,1.19885765625,0.0
spb-obj-e-20264363,object_property_uncertainty,easy,16,remove_provenance,0.9931266403886461,0.006873359611353935,handle_gently,handle_gently,1,1.19885765625,0.0
spb-obj-e-20264363,object_property_uncertainty,easy,16,remove_belief_separation,0.2481,0.7519,handle_gently,handle_gently,1,1.19885765625,0.0
spb-obj-e-20264363,object_property_uncertainty,easy,16,remove_sample_identity,0.2481,0.7519,handle_gently,handle_gently,1,1.19885765625,0.0
spb-obj-e-20264363,object_property_uncertainty,easy,16,attention_only,0.2481,0.7519,handle_fast,handle_gently,0,-1.9900396875,3.18889734375
spb-obj-e-20264363,object_property_uncertainty,easy,16,simple_dedup,0.2481,0.7519,handle_gently,handle_gently,1,1.19885765625,0.0
spb-obj-e-20264363,object_property_uncertainty,easy,16,random_grouping,0.2481,0.7519,handle_gently,handle_gently,1,1.19885765625,0.0
spb-obj-e-20264363,object_property_uncertainty,easy,16,oracle_grouping,0.2481,0.7519,handle_gently,handle_gently,1,1.19885765625,0.0
spb-obj-e-20264363,object_property_uncertainty,easy,32,remove_provenance,0.9999894634189108,1.0536581089182206e-05,handle_gently,handle_gently,1,1.19885765625,0.0
spb-obj-e-20264363,object_property_uncertainty,easy,32,remove_belief_separation,0.2481,0.7519,handle_gently,handle_gently,1,1.19885765625,0.0
spb-obj-e-20264363,object_property_uncertainty,easy,32,remove_sample_identity,0.2481,0.7519,handle_gently,handle_gently,1,1.19885765625,0.0
spb-obj-e-20264363,object_property_uncertainty,easy,32,attention_only,0.2481,0.7519,handle_fast,handle_gently,0,-1.9900396875,3.18889734375
spb-obj-e-20264363,object_property_uncertainty,easy,32,simple_dedup,0.2481,0.7519,handle_gently,handle_gently,1,1.19885765625,0.0
spb-obj-e-20264363,object_property_uncertainty,easy,32,random_grouping,0.2481,0.7519,handle_gently,handle_gently,1,1.19885765625,0.0
spb-obj-e-20264363,object_property_uncertainty,easy,32,oracle_grouping,0.2481,0.7519,handle_gently,handle_gently,1,1.19885765625,0.0
spb-obj-e-20264363,object_property_uncertainty,easy,64,remove_provenance,0.9999999999755778,2.4422242006494344e-11,handle_gently,handle_gently,1,1.19885765625,0.0
spb-obj-e-20264363,object_property_uncertainty,easy,64,remove_belief_separation,0.2481,0.7519,handle_gently,handle_gently,1,1.19885765625,0.0
spb-obj-e-20264363,object_property_uncertainty,easy,64,remove_sample_identity,0.2481,0.7519,handle_gently,handle_gently,1,1.19885765625,0.0
spb-obj-e-20264363,object_property_uncertainty,easy,64,attention_only,0.2481,0.7519,handle_fast,handle_gently,0,-1.9900396875,3.18889734375
spb-obj-e-20264363,object_property_uncertainty,easy,64,simple_dedup,0.2481,0.7519,handle_gently,handle_gently,1,1.19885765625,0.0
spb-obj-e-20264363,object_property_uncertainty,easy,64,random_grouping,0.2481,0.7519,handle_gently,handle_gently,1,1.19885765625,0.0
spb-obj-e-20264363,object_property_uncertainty,easy,64,oracle_grouping,0.2481,0.7519,handle_gently,handle_gently,1,1.19885765625,0.0
spb-obj-h-20264397,object_property_uncertainty,hard,1,remove_provenance,0.8225,0.8225,handle_gently,handle_fast,0,1.2262875,0.6111081249999999
spb-obj-h-20264397,object_property_uncertainty,hard,1,remove_belief_separation,0.8225,0.8225,handle_gently,handle_fast,0,1.2262875,0.6111081249999999
spb-obj-h-20264397,object_property_uncertainty,hard,1,remove_sample_identity,0.8225,0.8225,handle_gently,handle_fast,0,1.2262875,0.6111081249999999
spb-obj-h-20264397,object_property_uncertainty,hard,1,attention_only,0.8225,0.8225,handle_fast,handle_fast,1,1.8373956249999999,0.0
spb-obj-h-20264397,object_property_uncertainty,hard,1,simple_dedup,0.8225,0.8225,handle_gently,handle_fast,0,1.2262875,0.6111081249999999
spb-obj-h-20264397,object_property_uncertainty,hard,1,random_grouping,0.8225,0.8225,handle_gently,handle_fast,0,1.2262875,0.6111081249999999
spb-obj-h-20264397,object_property_uncertainty,hard,1,oracle_grouping,0.8225,0.8225,handle_gently,handle_fast,0,1.2262875,0.6111081249999999
spb-obj-h-20264397,object_property_uncertainty,hard,2,remove_provenance,0.8742249778565103,0.8742249778565103,handle_gently,handle_fast,0,1.2262875,0.6111081249999999
spb-obj-h-20264397,object_property_uncertainty,hard,2,remove_belief_separation,0.8225,0.8225,handle_gently,handle_fast,0,1.2262875,0.6111081249999999
spb-obj-h-20264397,object_property_uncertainty,hard,2,remove_sample_identity,0.8225,0.8225,handle_gently,handle_fast,0,1.2262875,0.6111081249999999
spb-obj-h-20264397,object_property_uncertainty,hard,2,attention_only,0.8225,0.8225,handle_fast,handle_fast,1,1.8373956249999999,0.0
spb-obj-h-20264397,object_property_uncertainty,hard,2,simple_dedup,0.8225,0.8225,handle_gently,handle_fast,0,1.2262875,0.6111081249999999
spb-obj-h-20264397,object_property_uncertainty,hard,2,random_grouping,0.8225,0.8225,handle_gently,handle_fast,0,1.2262875,0.6111081249999999
spb-obj-h-20264397,object_property_uncertainty,hard,2,oracle_grouping,0.8225,0.8225,handle_gently,handle_fast,0,1.2262875,0.6111081249999999
spb-obj-h-20264397,object_property_uncertainty,hard,4,remove_provenance,0.9399005396254365,0.9399005396254365,handle_gently,handle_fast,0,1.2262875,0.6111081249999999
spb-obj-h-20264397,object_property_uncertainty,hard,4,remove_belief_separation,0.8225,0.8225,handle_gently,handle_fast,0,1.2262875,0.6111081249999999
spb-obj-h-20264397,object_property_uncertainty,hard,4,remove_sample_identity,0.8225,0.8225,handle_gently,handle_fast,0,1.2262875,0.6111081249999999
spb-obj-h-20264397,object_property_uncertainty,hard,4,attention_only,0.8225,0.8225,handle_fast,handle_fast,1,1.8373956249999999,0.0
spb-obj-h-20264397,object_property_uncertainty,hard,4,simple_dedup,0.8225,0.8225,handle_gently,handle_fast,0,1.2262875,0.6111081249999999
spb-obj-h-20264397,object_property_uncertainty,hard,4,random_grouping,0.8225,0.8225,handle_gently,handle_fast,0,1.2262875,0.6111081249999999
spb-obj-h-20264397,object_property_uncertainty,hard,4,oracle_grouping,0.8225,0.8225,handle_gently,handle_fast,0,1.2262875,0.6111081249999999
spb-obj-h-20264397,object_property_uncertainty,hard,8,remove_provenance,0.9875269519675107,0.9875269519675107,handle_gently,handle_fast,0,1.2262875,0.6111081249999999
spb-obj-h-20264397,object_property_uncertainty,hard,8,remove_belief_separation,0.8225,0.8225,handle_gently,handle_fast,0,1.2262875,0.6111081249999999
spb-obj-h-20264397,object_property_uncertainty,hard,8,remove_sample_identity,0.8225,0.8225,handle_gently,handle_fast,0,1.2262875,0.6111081249999999
spb-obj-h-20264397,object_property_uncertainty,hard,8,attention_only,0.8225,0.8225,handle_fast,handle_fast,1,1.8373956249999999,0.0
spb-obj-h-20264397,object_property_uncertainty,hard,8,simple_dedup,0.8225,0.8225,handle_gently,handle_fast,0,1.2262875,0.6111081249999999
spb-obj-h-20264397,object_property_uncertainty,hard,8,random_grouping,0.8225,0.8225,handle_gently,handle_fast,0,1.2262875,0.6111081249999999
spb-obj-h-20264397,object_property_uncertainty,hard,8,oracle_grouping,0.8225,0.8225,handle_gently,handle_fast,0,1.2262875,0.6111081249999999
spb-obj-h-20264397,object_property_uncertainty,hard,16,remove_provenance,0.9995074168109772,0.9995074168109772,handle_gently,handle_fast,0,1.2262875,0.6111081249999999
spb-obj-h-20264397,object_property_uncertainty,hard,16,remove_belief_separation,0.8225,0.8225,handle_gently,handle_fast,0,1.2262875,0.6111081249999999
spb-obj-h-20264397,object_property_uncertainty,hard,16,remove_sample_identity,0.8225,0.8225,handle_gently,handle_fast,0,1.2262875,0.6111081249999999
spb-obj-h-20264397,object_property_uncertainty,hard,16,attention_only,0.8225,0.8225,handle_fast,handle_fast,1,1.8373956249999999,0.0
spb-obj-h-20264397,object_property_uncertainty,hard,16,simple_dedup,0.8225,0.8225,handle_gently,handle_fast,0,1.2262875,0.6111081249999999
spb-obj-h-20264397,object_property_uncertainty,hard,16,random_grouping,0.8225,0.8225,handle_gently,handle_fast,0,1.2262875,0.6111081249999999
spb-obj-h-20264397,object_property_uncertainty,hard,16,oracle_grouping,0.8225,0.8225,handle_gently,handle_fast,0,1.2262875,0.6111081249999999
spb-obj-h-20264397,object_property_uncertainty,hard,32,remove_provenance,0.9999992497032001,0.9999992497032001,handle_gently,handle_fast,0,1.2262875,0.6111081249999999
spb-obj-h-20264397,object_property_uncertainty,hard,32,remove_belief_separation,0.8225,0.8225,handle_gently,handle_fast,0,1.2262875,0.6111081249999999
spb-obj-h-20264397,object_property_uncertainty,hard,32,remove_sample_identity,0.8225,0.8225,handle_gently,handle_fast,0,1.2262875,0.6111081249999999
spb-obj-h-20264397,object_property_uncertainty,hard,32,attention_only,0.8225,0.8225,handle_fast,handle_fast,1,1.8373956249999999,0.0
spb-obj-h-20264397,object_property_uncertainty,hard,32,simple_dedup,0.8225,0.8225,handle_gently,handle_fast,0,1.2262875,0.6111081249999999
spb-obj-h-20264397,object_property_uncertainty,hard,32,random_grouping,0.8225,0.8225,handle_gently,handle_fast,0,1.2262875,0.6111081249999999
spb-obj-h-20264397,object_property_uncertainty,hard,32,oracle_grouping,0.8225,0.8225,handle_gently,handle_fast,0,1.2262875,0.6111081249999999
spb-obj-h-20264397,object_property_uncertainty,hard,64,remove_provenance,0.999999999998261,0.999999999998261,handle_gently,handle_fast,0,1.2262875,0.6111081249999999
spb-obj-h-20264397,object_property_uncertainty,hard,64,remove_belief_separation,0.8225,0.8225,handle_gently,handle_fast,0,1.2262875,0.6111081249999999
spb-obj-h-20264397,object_property_uncertainty,hard,64,remove_sample_identity,0.8225,0.8225,handle_gently,handle_fast,0,1.2262875,0.6111081249999999
spb-obj-h-20264397,object_property_uncertainty,hard,64,attention_only,0.8225,0.8225,handle_fast,handle_fast,1,1.8373956249999999,0.0
spb-obj-h-20264397,object_property_uncertainty,hard,64,simple_dedup,0.8225,0.8225,handle_gently,handle_fast,0,1.2262875,0.6111081249999999
spb-obj-h-20264397,object_property_uncertainty,hard,64,random_grouping,0.8225,0.8225,handle_gently,handle_fast,0,1.2262875,0.6111081249999999
spb-obj-h-20264397,object_property_uncertainty,hard,64,oracle_grouping,0.8225,0.8225,handle_gently,handle_fast,0,1.2262875,0.6111081249999999
spb-obj-e-20264516,object_property_uncertainty,easy,1,remove_provenance,0.2895,0.7105,handle_gently,handle_gently,1,1.1997276562499999,0.0
spb-obj-e-20264516,object_property_uncertainty,easy,1,remove_belief_separation,0.2895,0.7105,handle_gently,handle_gently,1,1.1997276562499999,0.0
spb-obj-e-20264516,object_property_uncertainty,easy,1,remove_sample_identity,0.2895,0.7105,handle_gently,handle_gently,1,1.1997276562499999,0.0
spb-obj-e-20264516,object_property_uncertainty,easy,1,attention_only,0.2895,0.7105,handle_fast,handle_gently,0,-2.0091409375,3.2088685937499997
spb-obj-e-20264516,object_property_uncertainty,easy,1,simple_dedup,0.2895,0.7105,handle_gently,handle_gently,1,1.1997276562499999,0.0
spb-obj-e-20264516,object_property_uncertainty,easy,1,random_grouping,0.2895,0.7105,handle_gently,handle_gently,1,1.1997276562499999,0.0
spb-obj-e-20264516,object_property_uncertainty,easy,1,oracle_grouping,0.2895,0.7105,handle_gently,handle_gently,1,1.1997276562499999,0.0
spb-obj-e-20264516,object_property_uncertainty,easy,2,remove_provenance,0.37934046735095,0.62065953264905,handle_gently,handle_gently,1,1.1997276562499999,0.0
spb-obj-e-20264516,object_property_uncertainty,easy,2,remove_belief_separation,0.2895,0.7105,handle_gently,handle_gently,1,1.1997276562499999,0.0
spb-obj-e-20264516,object_property_uncertainty,easy,2,remove_sample_identity,0.2895,0.7105,handle_gently,handle_gently,1,1.1997276562499999,0.0
spb-obj-e-20264516,object_property_uncertainty,easy,2,attention_only,0.2895,0.7105,handle_fast,handle_gently,0,-2.0091409375,3.2088685937499997
spb-obj-e-20264516,object_property_uncertainty,easy,2,simple_dedup,0.2895,0.7105,handle_gently,handle_gently,1,1.1997276562499999,0.0
spb-obj-e-20264516,object_property_uncertainty,easy,2,random_grouping,0.2895,0.7105,handle_gently,handle_gently,1,1.1997276562499999,0.0
spb-obj-e-20264516,object_property_uncertainty,easy,2,oracle_grouping,0.2895,0.7105,handle_gently,handle_gently,1,1.1997276562499999,0.0
spb-obj-e-20264516,object_property_uncertainty,easy,4,remove_provenance,0.5789785563497648,0.4210214436502352,handle_gently,handle_gently,1,1.1997276562499999,0.0
spb-obj-e-20264516,object_property_uncertainty,easy,4,remove_belief_separation,0.2895,0.7105,handle_gently,handle_gently,1,1.1997276562499999,0.0
spb-obj-e-20264516,object_property_uncertainty,easy,4,remove_sample_identity,0.2895,0.7105,handle_gently,handle_gently,1,1.1997276562499999,0.0
spb-obj-e-20264516,object_property_uncertainty,easy,4,attention_only,0.2895,0.7105,handle_fast,handle_gently,0,-2.0091409375,3.2088685937499997
spb-obj-e-20264516,object_property_uncertainty,easy,4,simple_dedup,0.2895,0.7105,handle_gently,handle_gently,1,1.1997276562499999,0.0
spb-obj-e-20264516,object_property_uncertainty,easy,4,random_grouping,0.2895,0.7105,handle_gently,handle_gently,1,1.1997276562499999,0.0
spb-obj-e-20264516,object_property_uncertainty,easy,4,oracle_grouping,0.2895,0.7105,handle_gently,handle_gently,1,1.1997276562499999,0.0
spb-obj-e-20264516,object_property_uncertainty,easy,8,remove_provenance,0.8744007054464248,0.1255992945535752,handle_gently,handle_gently,1,1.1997276562499999,0.0
spb-obj-e-20264516,object_property_uncertainty,easy,8,remove_belief_separation,0.2895,0.7105,handle_gently,handle_gently,1,1.1997276562499999,0.0
spb-obj-e-20264516,object_property_uncertainty,easy,8,remove_sample_identity,0.2895,0.7105,handle_gently,handle_gently,1,1.1997276562499999,0.0
spb-obj-e-20264516,object_property_uncertainty,easy,8,attention_only,0.2895,0.7105,handle_fast,handle_gently,0,-2.0091409375,3.2088685937499997
spb-obj-e-20264516,object_property_uncertainty,easy,8,simple_dedup,0.2895,0.7105,handle_gently,handle_gently,1,1.1997276562499999,0.0
spb-obj-e-20264516,object_property_uncertainty,easy,8,random_grouping,0.2895,0.7105,handle_gently,handle_gently,1,1.1997276562499999,0.0
spb-obj-e-20264516,object_property_uncertainty,easy,8,oracle_grouping,0.2895,0.7105,handle_gently,handle_gently,1,1.1997276562499999,0.0
spb-obj-e-20264516,object_property_uncertainty,easy,16,remove_provenance,0.9944266108746103,0.005573389125389738,handle_gently,handle_gently,1,1.1997276562499999,0.0
spb-obj-e-20264516,object_property_uncertainty,easy,16,remove_belief_separation,0.2895,0.7105,handle_gently,handle_gently,1,1.1997276562499999,0.0
spb-obj-e-20264516,object_property_uncertainty,easy,16,remove_sample_identity,0.2895,0.7105,handle_gently,handle_gently,1,1.1997276562499999,0.0
spb-obj-e-20264516,object_property_uncertainty,easy,16,attention_only,0.2895,0.7105,handle_fast,handle_gently,0,-2.0091409375,3.2088685937499997
spb-obj-e-20264516,object_property_uncertainty,easy,16,simple_dedup,0.2895,0.7105,handle_gently,handle_gently,1,1.1997276562499999,0.0
spb-obj-e-20264516,object_property_uncertainty,easy,16,random_grouping,0.2895,0.7105,handle_gently,handle_gently,1,1.1997276562499999,0.0
spb-obj-e-20264516,object_property_uncertainty,easy,16,oracle_grouping,0.2895,0.7105,handle_gently,handle_gently,1,1.1997276562499999,0.0
spb-obj-e-20264516,object_property_uncertainty,easy,32,remove_provenance,0.9999914673726714,8.532627328583509e-06,handle_gently,handle_gently,1,1.1997276562499999,0.0
spb-obj-e-20264516,object_property_uncertainty,easy,32,remove_belief_separation,0.2895,0.7105,handle_gently,handle_gently,1,1.1997276562499999,0.0
spb-obj-e-20264516,object_property_uncertainty,easy,32,remove_sample_identity,0.2895,0.7105,handle_gently,handle_gently,1,1.1997276562499999,0.0
spb-obj-e-20264516,object_property_uncertainty,easy,32,attention_only,0.2895,0.7105,handle_fast,handle_gently,0,-2.0091409375,3.2088685937499997
spb-obj-e-20264516,object_property_uncertainty,easy,32,simple_dedup,0.2895,0.7105,handle_gently,handle_gently,1,1.1997276562499999,0.0
spb-obj-e-20264516,object_property_uncertainty,easy,32,random_grouping,0.2895,0.7105,handle_gently,handle_gently,1,1.1997276562499999,0.0
spb-obj-e-20264516,object_property_uncertainty,easy,32,oracle_grouping,0.2895,0.7105,handle_gently,handle_gently,1,1.1997276562499999,0.0
spb-obj-e-20264516,object_property_uncertainty,easy,64,remove_provenance,0.9999999999802227,1.9777290916067614e-11,handle_gently,handle_gently,1,1.1997276562499999,0.0
spb-obj-e-20264516,object_property_uncertainty,easy,64,remove_belief_separation,0.2895,0.7105,handle_gently,handle_gently,1,1.1997276562499999,0.0
spb-obj-e-20264516,object_property_uncertainty,easy,64,remove_sample_identity,0.2895,0.7105,handle_gently,handle_gently,1,1.1997276562499999,0.0
spb-obj-e-20264516,object_property_uncertainty,easy,64,attention_only,0.2895,0.7105,handle_fast,handle_gently,0,-2.0091409375,3.2088685937499997
spb-obj-e-20264516,object_property_uncertainty,easy,64,simple_dedup,0.2895,0.7105,handle_gently,handle_gently,1,1.1997276562499999,0.0
spb-obj-e-20264516,object_property_uncertainty,easy,64,random_grouping,0.2895,0.7105,handle_gently,handle_gently,1,1.1997276562499999,0.0
spb-obj-e-20264516,object_property_uncertainty,easy,64,oracle_grouping,0.2895,0.7105,handle_gently,handle_gently,1,1.1997276562499999,0.0
spb-obj-h-20264652,object_property_uncertainty,hard,1,remove_provenance,0.6043,0.6043,handle_gently,handle_fast,0,1.1999062500000002,0.6107239062499998
spb-obj-h-20264652,object_property_uncertainty,hard,1,remove_belief_separation,0.6043,0.6043,handle_gently,handle_fast,0,1.1999062500000002,0.6107239062499998
spb-obj-h-20264652,object_property_uncertainty,hard,1,remove_sample_identity,0.6043,0.6043,handle_gently,handle_fast,0,1.1999062500000002,0.6107239062499998
spb-obj-h-20264652,object_property_uncertainty,hard,1,attention_only,0.6043,0.6043,handle_fast,handle_fast,1,1.81063015625,0.0
spb-obj-h-20264652,object_property_uncertainty,hard,1,simple_dedup,0.6043,0.6043,handle_gently,handle_fast,0,1.1999062500000002,0.6107239062499998
spb-obj-h-20264652,object_property_uncertainty,hard,1,random_grouping,0.6043,0.6043,handle_gently,handle_fast,0,1.1999062500000002,0.6107239062499998
spb-obj-h-20264652,object_property_uncertainty,hard,1,oracle_grouping,0.6043,0.6043,handle_gently,handle_fast,0,1.1999062500000002,0.6107239062499998
spb-obj-h-20264652,object_property_uncertainty,hard,2,remove_provenance,0.6961179587605114,0.6961179587605114,handle_gently,handle_fast,0,1.1999062500000002,0.6107239062499998
spb-obj-h-20264652,object_property_uncertainty,hard,2,remove_belief_separation,0.6043,0.6043,handle_gently,handle_fast,0,1.1999062500000002,0.6107239062499998
spb-obj-h-20264652,object_property_uncertainty,hard,2,remove_sample_identity,0.6043,0.6043,handle_gently,handle_fast,0,1.1999062500000002,0.6107239062499998
spb-obj-h-20264652,object_property_uncertainty,hard,2,attention_only,0.6043,0.6043,handle_fast,handle_fast,1,1.81063015625,0.0
spb-obj-h-20264652,object_property_uncertainty,hard,2,simple_dedup,0.6043,0.6043,handle_gently,handle_fast,0,1.1999062500000002,0.6107239062499998
spb-obj-h-20264652,object_property_uncertainty,hard,2,random_grouping,0.6043,0.6043,handle_gently,handle_fast,0,1.1999062500000002,0.6107239062499998
spb-obj-h-20264652,object_property_uncertainty,hard,2,oracle_grouping,0.6043,0.6043,handle_gently,handle_fast,0,1.1999062500000002,0.6107239062499998
spb-obj-h-20264652,object_property_uncertainty,hard,4,remove_provenance,0.8375090469517547,0.8375090469517547,handle_gently,handle_fast,0,1.1999062500000002,0.6107239062499998
spb-obj-h-20264652,object_property_uncertainty,hard,4,remove_belief_separation,0.6043,0.6043,handle_gently,handle_fast,0,1.1999062500000002,0.6107239062499998
spb-obj-h-20264652,object_property_uncertainty,hard,4,remove_sample_identity,0.6043,0.6043,handle_gently,handle_fast,0,1.1999062500000002,0.6107239062499998
spb-obj-h-20264652,object_property_uncertainty,hard,4,attention_only,0.6043,0.6043,handle_fast,handle_fast,1,1.81063015625,0.0
spb-obj-h-20264652,object_property_uncertainty,hard,4,simple_dedup,0.6043,0.6043,handle_gently,handle_fast,0,1.1999062500000002,0.6107239062499998
spb-obj-h-20264652,object_property_uncertainty,hard,4,random_grouping,0.6043,0.6043,handle_gently,handle_fast,0,1.1999062500000002,0.6107239062499998
spb-obj-h-20264652,object_property_uncertainty,hard,4,oracle_grouping,0.6043,0.6043,handle_gently,handle_fast,0,1.1999062500000002,0.6107239062499998
spb-obj-h-20264652,object_property_uncertainty,hard,8,remove_provenance,0.9630902070076399,0.9630902070076399,handle_gently,handle_fast,0,1.1999062500000002,0.6107239062499998
spb-obj-h-20264652,object_property_uncertainty,hard,8,remove_belief_separation,0.6043,0.6043,handle_gently,handle_fast,0,1.1999062500000002,0.6107239062499998
spb-obj-h-20264652,object_property_uncertainty,hard,8,remove_sample_identity,0.6043,0.6043,handle_gently,handle_fast,0,1.1999062500000002,0.6107239062499998
spb-obj-h-20264652,object_property_uncertainty,hard,8,attention_only,0.6043,0.6043,handle_fast,handle_fast,1,1.81063015625,0.0
spb-obj-h-20264652,object_property_uncertainty,hard,8,simple_dedup,0.6043,0.6043,handle_gently,handle_fast,0,1.1999062500000002,0.6107239062499998
spb-obj-h-20264652,object_property_uncertainty,hard,8,random_grouping,0.6043,0.6043,handle_gently,handle_fast,0,1.1999062500000002,0.6107239062499998
spb-obj-h-20264652,object_property_uncertainty,hard,8,oracle_grouping,0.6043,0.6043,handle_gently,handle_fast,0,1.1999062500000002,0.6107239062499998
spb-obj-h-20264652,object_property_uncertainty,hard,16,remove_provenance,0.9985068768450363,0.9985068768450363,handle_gently,handle_fast,0,1.1999062500000002,0.6107239062499998
spb-obj-h-20264652,object_property_uncertainty,hard,16,remove_belief_separation,0.6043,0.6043,handle_gently,handle_fast,0,1.1999062500000002,0.6107239062499998
spb-obj-h-20264652,object_property_uncertainty,hard,16,remove_sample_identity,0.6043,0.6043,handle_gently,handle_fast,0,1.1999062500000002,0.6107239062499998
spb-obj-h-20264652,object_property_uncertainty,hard,16,attention_only,0.6043,0.6043,handle_fast,handle_fast,1,1.81063015625,0.0
spb-obj-h-20264652,object_property_uncertainty,hard,16,simple_dedup,0.6043,0.6043,handle_gently,handle_fast,0,1.1999062500000002,0.6107239062499998
spb-obj-h-20264652,object_property_uncertainty,hard,16,random_grouping,0.6043,0.6043,handle_gently,handle_fast,0,1.1999062500000002,0.6107239062499998
spb-obj-h-20264652,object_property_uncertainty,hard,16,oracle_grouping,0.6043,0.6043,handle_gently,handle_fast,0,1.1999062500000002,0.6107239062499998
spb-obj-h-20264652,object_property_uncertainty,hard,32,remove_provenance,0.9999977234172722,0.9999977234172722,handle_gently,handle_fast,0,1.1999062500000002,0.6107239062499998
spb-obj-h-20264652,object_property_uncertainty,hard,32,remove_belief_separation,0.6043,0.6043,handle_gently,handle_fast,0,1.1999062500000002,0.6107239062499998
spb-obj-h-20264652,object_property_uncertainty,hard,32,remove_sample_identity,0.6043,0.6043,handle_gently,handle_fast,0,1.1999062500000002,0.6107239062499998
spb-obj-h-20264652,object_property_uncertainty,hard,32,attention_only,0.6043,0.6043,handle_fast,handle_fast,1,1.81063015625,0.0
spb-obj-h-20264652,object_property_uncertainty,hard,32,simple_dedup,0.6043,0.6043,handle_gently,handle_fast,0,1.1999062500000002,0.6107239062499998
spb-obj-h-20264652,object_property_uncertainty,hard,32,random_grouping,0.6043,0.6043,handle_gently,handle_fast,0,1.1999062500000002,0.6107239062499998
spb-obj-h-20264652,object_property_uncertainty,hard,32,oracle_grouping,0.6043,0.6043,handle_gently,handle_fast,0,1.1999062500000002,0.6107239062499998
spb-obj-h-20264652,object_property_uncertainty,hard,64,remove_provenance,0.9999999999947233,0.9999999999947233,handle_gently,handle_fast,0,1.1999062500000002,0.6107239062499998
spb-obj-h-20264652,object_property_uncertainty,hard,64,remove_belief_separation,0.6043,0.6043,handle_gently,handle_fast,0,1.1999062500000002,0.6107239062499998
spb-obj-h-20264652,object_property_uncertainty,hard,64,remove_sample_identity,0.6043,0.6043,handle_gently,handle_fast,0,1.1999062500000002,0.6107239062499998
spb-obj-h-20264652,object_property_uncertainty,hard,64,attention_only,0.6043,0.6043,handle_fast,handle_fast,1,1.81063015625,0.0
spb-obj-h-20264652,object_property_uncertainty,hard,64,simple_dedup,0.6043,0.6043,handle_gently,handle_fast,0,1.1999062500000002,0.6107239062499998
spb-obj-h-20264652,object_property_uncertainty,hard,64,random_grouping,0.6043,0.6043,handle_gently,handle_fast,0,1.1999062500000002,0.6107239062499998
spb-obj-h-20264652,object_property_uncertainty,hard,64,oracle_grouping,0.6043,0.6043,handle_gently,handle_fast,0,1.1999062500000002,0.6107239062499998
spb-obj-h-20264805,object_property_uncertainty,hard,1,remove_provenance,0.22779999999999997,0.22779999999999997,handle_gently,handle_fast,0,1.13735203125,0.71899421875
spb-obj-h-20264805,object_property_uncertainty,hard,1,remove_belief_separation,0.2278,0.2278,handle_gently,handle_fast,0,1.13735203125,0.71899421875
spb-obj-h-20264805,object_property_uncertainty,hard,1,remove_sample_identity,0.2278,0.2278,handle_gently,handle_fast,0,1.13735203125,0.71899421875
spb-obj-h-20264805,object_property_uncertainty,hard,1,attention_only,0.2278,0.2278,handle_fast,handle_fast,1,1.85634625,0.0
spb-obj-h-20264805,object_property_uncertainty,hard,1,simple_dedup,0.2278,0.2278,handle_gently,handle_fast,0,1.13735203125,0.71899421875
spb-obj-h-20264805,object_property_uncertainty,hard,1,random_grouping,0.2278,0.2278,handle_gently,handle_fast,0,1.13735203125,0.71899421875
spb-obj-h-20264805,object_property_uncertainty,hard,1,oracle_grouping,0.2278,0.2278,handle_gently,handle_fast,0,1.13735203125,0.71899421875
spb-obj-h-20264805,object_property_uncertainty,hard,2,remove_provenance,0.3067600323188796,0.3067600323188796,handle_gently,handle_fast,0,1.13735203125,0.71899421875
spb-obj-h-20264805,object_property_uncertainty,hard,2,remove_belief_separation,0.2278,0.2278,handle_gently,handle_fast,0,1.13735203125,0.71899421875
spb-obj-h-20264805,object_property_uncertainty,hard,2,remove_sample_identity,0.2278,0.2278,handle_gently,handle_fast,0,1.13735203125,0.71899421875
spb-obj-h-20264805,object_property_uncertainty,hard,2,attention_only,0.2278,0.2278,handle_fast,handle_fast,1,1.85634625,0.0
spb-obj-h-20264805,object_property_uncertainty,hard,2,simple_dedup,0.2278,0.2278,handle_gently,handle_fast,0,1.13735203125,0.71899421875
spb-obj-h-20264805,object_property_uncertainty,hard,2,random_grouping,0.2278,0.2278,handle_gently,handle_fast,0,1.13735203125,0.71899421875
spb-obj-h-20264805,object_property_uncertainty,hard,2,oracle_grouping,0.2278,0.2278,handle_gently,handle_fast,0,1.13735203125,0.71899421875
spb-obj-h-20264805,object_property_uncertainty,hard,4,remove_provenance,0.49890494962768284,0.49890494962768284,handle_gently,handle_fast,0,1.13735203125,0.71899421875
spb-obj-h-20264805,object_property_uncertainty,hard,4,remove_belief_separation,0.2278,0.2278,handle_gently,handle_fast,0,1.13735203125,0.71899421875
spb-obj-h-20264805,object_property_uncertainty,hard,4,remove_sample_identity,0.2278,0.2278,handle_gently,handle_fast,0,1.13735203125,0.71899421875
spb-obj-h-20264805,object_property_uncertainty,hard,4,attention_only,0.2278,0.2278,handle_fast,handle_fast,1,1.85634625,0.0
spb-obj-h-20264805,object_property_uncertainty,hard,4,simple_dedup,0.2278,0.2278,handle_gently,handle_fast,0,1.13735203125,0.71899421875
spb-obj-h-20264805,object_property_uncertainty,hard,4,random_grouping,0.2278,0.2278,handle_gently,handle_fast,0,1.13735203125,0.71899421875
spb-obj-h-20264805,object_property_uncertainty,hard,4,oracle_grouping,0.2278,0.2278,handle_gently,handle_fast,0,1.13735203125,0.71899421875
spb-obj-h-20264805,object_property_uncertainty,hard,8,remove_provenance,0.8344473286723406,0.8344473286723406,handle_gently,handle_fast,0,1.13735203125,0.71899421875
spb-obj-h-20264805,object_property_uncertainty,hard,8,remove_belief_separation,0.2278,0.2278,handle_gently,handle_fast,0,1.13735203125,0.71899421875
spb-obj-h-20264805,object_property_uncertainty,hard,8,remove_sample_identity,0.2278,0.2278,handle_gently,handle_fast,0,1.13735203125,0.71899421875
spb-obj-h-20264805,object_property_uncertainty,hard,8,attention_only,0.2278,0.2278,handle_fast,handle_fast,1,1.85634625,0.0
spb-obj-h-20264805,object_property_uncertainty,hard,8,simple_dedup,0.2278,0.2278,handle_gently,handle_fast,0,1.13735203125,0.71899421875
spb-obj-h-20264805,object_property_uncertainty,hard,8,random_grouping,0.2278,0.2278,handle_gently,handle_fast,0,1.13735203125,0.71899421875
spb-obj-h-20264805,object_property_uncertainty,hard,8,oracle_grouping,0.2278,0.2278,handle_gently,handle_fast,0,1.13735203125,0.71899421875
spb-obj-h-20264805,object_property_uncertainty,hard,16,remove_provenance,0.9923182850814855,0.9923182850814855,handle_gently,handle_fast,0,1.13735203125,0.71899421875
spb-obj-h-20264805,object_property_uncertainty,hard,16,remove_belief_separation,0.2278,0.2278,handle_gently,handle_fast,0,1.13735203125,0.71899421875
spb-obj-h-20264805,object_property_uncertainty,hard,16,remove_sample_identity,0.2278,0.2278,handle_gently,handle_fast,0,1.13735203125,0.71899421875
spb-obj-h-20264805,object_property_uncertainty,hard,16,attention_only,0.2278,0.2278,handle_fast,handle_fast,1,1.85634625,0.0
spb-obj-h-20264805,object_property_uncertainty,hard,16,simple_dedup,0.2278,0.2278,handle_gently,handle_fast,0,1.13735203125,0.71899421875
spb-obj-h-20264805,object_property_uncertainty,hard,16,random_grouping,0.2278,0.2278,handle_gently,handle_fast,0,1.13735203125,0.71899421875
spb-obj-h-20264805,object_property_uncertainty,hard,16,oracle_grouping,0.2278,0.2278,handle_gently,handle_fast,0,1.13735203125,0.71899421875
spb-obj-h-20264805,object_property_uncertainty,hard,32,remove_provenance,0.9999882146650934,0.9999882146650934,handle_gently,handle_fast,0,1.13735203125,0.71899421875
spb-obj-h-20264805,object_property_uncertainty,hard,32,remove_belief_separation,0.2278,0.2278,handle_gently,handle_fast,0,1.13735203125,0.71899421875
spb-obj-h-20264805,object_property_uncertainty,hard,32,remove_sample_identity,0.2278,0.2278,handle_gently,handle_fast,0,1.13735203125,0.71899421875
spb-obj-h-20264805,object_property_uncertainty,hard,32,attention_only,0.2278,0.2278,handle_fast,handle_fast,1,1.85634625,0.0
spb-obj-h-20264805,object_property_uncertainty,hard,32,simple_dedup,0.2278,0.2278,handle_gently,handle_fast,0,1.13735203125,0.71899421875
spb-obj-h-20264805,object_property_uncertainty,hard,32,random_grouping,0.2278,0.2278,handle_gently,handle_fast,0,1.13735203125,0.71899421875
spb-obj-h-20264805,object_property_uncertainty,hard,32,oracle_grouping,0.2278,0.2278,handle_gently,handle_fast,0,1.13735203125,0.71899421875
spb-obj-h-20264805,object_property_uncertainty,hard,64,remove_provenance,0.9999999999726834,0.9999999999726834,handle_gently,handle_fast,0,1.13735203125,0.71899421875
spb-obj-h-20264805,object_property_uncertainty,hard,64,remove_belief_separation,0.2278,0.2278,handle_gently,handle_fast,0,1.13735203125,0.71899421875
spb-obj-h-20264805,object_property_uncertainty,hard,64,remove_sample_identity,0.2278,0.2278,handle_gently,handle_fast,0,1.13735203125,0.71899421875
spb-obj-h-20264805,object_property_uncertainty,hard,64,attention_only,0.2278,0.2278,handle_fast,handle_fast,1,1.85634625,0.0
spb-obj-h-20264805,object_property_uncertainty,hard,64,simple_dedup,0.2278,0.2278,handle_gently,handle_fast,0,1.13735203125,0.71899421875
spb-obj-h-20264805,object_property_uncertainty,hard,64,random_grouping,0.2278,0.2278,handle_gently,handle_fast,0,1.13735203125,0.71899421875
spb-obj-h-20264805,object_property_uncertainty,hard,64,oracle_grouping,0.2278,0.2278,handle_gently,handle_fast,0,1.13735203125,0.71899421875
spb-obj-e-20264873,object_property_uncertainty,easy,1,remove_provenance,0.5725,0.4275,handle_gently,handle_gently,1,1.19879875,0.0
spb-obj-e-20264873,object_property_uncertainty,easy,1,remove_belief_separation,0.5725,0.4275,handle_gently,handle_gently,1,1.19879875,0.0
spb-obj-e-20264873,object_property_uncertainty,easy,1,remove_sample_identity,0.5725,0.4275,handle_gently,handle_gently,1,1.19879875,0.0
spb-obj-e-20264873,object_property_uncertainty,easy,1,attention_only,0.5725,0.4275,handle_fast,handle_gently,0,-1.9929335937500001,3.19173234375
spb-obj-e-20264873,object_property_uncertainty,easy,1,simple_dedup,0.5725,0.4275,handle_gently,handle_gently,1,1.19879875,0.0
spb-obj-e-20264873,object_property_uncertainty,easy,1,random_grouping,0.5725,0.4275,handle_gently,handle_gently,1,1.19879875,0.0
spb-obj-e-20264873,object_property_uncertainty,easy,1,oracle_grouping,0.5725,0.4275,handle_gently,handle_gently,1,1.19879875,0.0
spb-obj-e-20264873,object_property_uncertainty,easy,2,remove_provenance,0.6676384839650146,0.3323615160349854,handle_gently,handle_gently,1,1.19879875,0.0
spb-obj-e-20264873,object_property_uncertainty,easy,2,remove_belief_separation,0.5725,0.4275,handle_gently,handle_gently,1,1.19879875,0.0
spb-obj-e-20264873,object_property_uncertainty,easy,2,remove_sample_identity,0.5725,0.4275,handle_gently,handle_gently,1,1.19879875,0.0
spb-obj-e-20264873,object_property_uncertainty,easy,2,attention_only,0.5725,0.4275,handle_fast,handle_gently,0,-1.9929335937500001,3.19173234375
spb-obj-e-20264873,object_property_uncertainty,easy,2,simple_dedup,0.5725,0.4275,handle_gently,handle_gently,1,1.19879875,0.0
spb-obj-e-20264873,object_property_uncertainty,easy,2,random_grouping,0.5725,0.4275,handle_gently,handle_gently,1,1.19879875,0.0
spb-obj-e-20264873,object_property_uncertainty,easy,2,oracle_grouping,0.5725,0.4275,handle_gently,handle_gently,1,1.19879875,0.0
spb-obj-e-20264873,object_property_uncertainty,easy,4,remove_provenance,0.8188319427890346,0.1811680572109654,handle_gently,handle_gently,1,1.19879875,0.0
spb-obj-e-20264873,object_property_uncertainty,easy,4,remove_belief_separation,0.5725,0.4275,handle_gently,handle_gently,1,1.19879875,0.0
spb-obj-e-20264873,object_property_uncertainty,easy,4,remove_sample_identity,0.5725,0.4275,handle_gently,handle_gently,1,1.19879875,0.0
spb-obj-e-20264873,object_property_uncertainty,easy,4,attention_only,0.5725,0.4275,handle_fast,handle_gently,0,-1.9929335937500001,3.19173234375
spb-obj-e-20264873,object_property_uncertainty,easy,4,simple_dedup,0.5725,0.4275,handle_gently,handle_gently,1,1.19879875,0.0
spb-obj-e-20264873,object_property_uncertainty,easy,4,random_grouping,0.5725,0.4275,handle_gently,handle_gently,1,1.19879875,0.0
spb-obj-e-20264873,object_property_uncertainty,easy,4,oracle_grouping,0.5725,0.4275,handle_gently,handle_gently,1,1.19879875,0.0
spb-obj-e-20264873,object_property_uncertainty,easy,8,remove_provenance,0.9581260007920246,0.04187399920797541,handle_gently,handle_gently,1,1.19879875,0.0
spb-obj-e-20264873,object_property_uncertainty,easy,8,remove_belief_separation,0.5725,0.4275,handle_gently,handle_gently,1,1.19879875,0.0
spb-obj-e-20264873,object_property_uncertainty,easy,8,remove_sample_identity,0.5725,0.4275,handle_gently,handle_gently,1,1.19879875,0.0
spb-obj-e-20264873,object_property_uncertainty,easy,8,attention_only,0.5725,0.4275,handle_fast,handle_gently,0,-1.9929335937500001,3.19173234375
spb-obj-e-20264873,object_property_uncertainty,easy,8,simple_dedup,0.5725,0.4275,handle_gently,handle_gently,1,1.19879875,0.0
spb-obj-e-20264873,object_property_uncertainty,easy,8,random_grouping,0.5725,0.4275,handle_gently,handle_gently,1,1.19879875,0.0
spb-obj-e-20264873,object_property_uncertainty,easy,8,oracle_grouping,0.5725,0.4275,handle_gently,handle_gently,1,1.19879875,0.0
spb-obj-e-20264873,object_property_uncertainty,easy,16,remove_provenance,0.9982976385112738,0.0017023614887261562,handle_gently,handle_gently,1,1.19879875,0.0
spb-obj-e-20264873,object_property_uncertainty,easy,16,remove_belief_separation,0.5725,0.4275,handle_gently,handle_gently,1,1.19879875,0.0
spb-obj-e-20264873,object_property_uncertainty,easy,16,remove_sample_identity,0.5725,0.4275,handle_gently,handle_gently,1,1.19879875,0.0
spb-obj-e-20264873,object_property_uncertainty,easy,16,attention_only,0.5725,0.4275,handle_fast,handle_gently,0,-1.9929335937500001,3.19173234375
spb-obj-e-20264873,object_property_uncertainty,easy,16,simple_dedup,0.5725,0.4275,handle_gently,handle_gently,1,1.19879875,0.0
spb-obj-e-20264873,object_property_uncertainty,easy,16,random_grouping,0.5725,0.4275,handle_gently,handle_gently,1,1.19879875,0.0
spb-obj-e-20264873,object_property_uncertainty,easy,16,oracle_grouping,0.5725,0.4275,handle_gently,handle_gently,1,1.19879875,0.0
spb-obj-e-20264873,object_property_uncertainty,easy,32,remove_provenance,0.9999974038458851,2.5961541149088774e-06,handle_gently,handle_gently,1,1.19879875,0.0
spb-obj-e-20264873,object_property_uncertainty,easy,32,remove_belief_separation,0.5725,0.4275,handle_gently,handle_gently,1,1.19879875,0.0
spb-obj-e-20264873,object_property_uncertainty,easy,32,remove_sample_identity,0.5725,0.4275,handle_gently,handle_gently,1,1.19879875,0.0
spb-obj-e-20264873,object_property_uncertainty,easy,32,attention_only,0.5725,0.4275,handle_fast,handle_gently,0,-1.9929335937500001,3.19173234375
spb-obj-e-20264873,object_property_uncertainty,easy,32,simple_dedup,0.5725,0.4275,handle_gently,handle_gently,1,1.19879875,0.0
spb-obj-e-20264873,object_property_uncertainty,easy,32,random_grouping,0.5725,0.4275,handle_gently,handle_gently,1,1.19879875,0.0
spb-obj-e-20264873,object_property_uncertainty,easy,32,oracle_grouping,0.5725,0.4275,handle_gently,handle_gently,1,1.19879875,0.0
spb-obj-e-20264873,object_property_uncertainty,easy,64,remove_provenance,0.9999999999939826,6.0174087934683484e-12,handle_gently,handle_gently,1,1.19879875,0.0
spb-obj-e-20264873,object_property_uncertainty,easy,64,remove_belief_separation,0.5725,0.4275,handle_gently,handle_gently,1,1.19879875,0.0
spb-obj-e-20264873,object_property_uncertainty,easy,64,remove_sample_identity,0.5725,0.4275,handle_gently,handle_gently,1,1.19879875,0.0
spb-obj-e-20264873,object_property_uncertainty,easy,64,attention_only,0.5725,0.4275,handle_fast,handle_gently,0,-1.9929335937500001,3.19173234375
spb-obj-e-20264873,object_property_uncertainty,easy,64,simple_dedup,0.5725,0.4275,handle_gently,handle_gently,1,1.19879875,0.0
spb-obj-e-20264873,object_property_uncertainty,easy,64,random_grouping,0.5725,0.4275,handle_gently,handle_gently,1,1.19879875,0.0
spb-obj-e-20264873,object_property_uncertainty,easy,64,oracle_grouping,0.5725,0.4275,handle_gently,handle_gently,1,1.19879875,0.0
spb-obj-h-20265060,object_property_uncertainty,hard,1,remove_provenance,0.3208,0.6792,handle_gently,handle_gently,1,1.109465625,0.0
spb-obj-h-20265060,object_property_uncertainty,hard,1,remove_belief_separation,0.3208,0.6792,handle_gently,handle_gently,1,1.109465625,0.0
spb-obj-h-20265060,object_property_uncertainty,hard,1,remove_sample_identity,0.3208,0.6792,handle_gently,handle_gently,1,1.109465625,0.0
spb-obj-h-20265060,object_property_uncertainty,hard,1,attention_only,0.3208,0.6792,handle_fast,handle_gently,0,-2.03147515625,3.14094078125
spb-obj-h-20265060,object_property_uncertainty,hard,1,simple_dedup,0.3208,0.6792,handle_gently,handle_gently,1,1.109465625,0.0
spb-obj-h-20265060,object_property_uncertainty,hard,1,random_grouping,0.3208,0.6792,handle_gently,handle_gently,1,1.109465625,0.0
spb-obj-h-20265060,object_property_uncertainty,hard,1,oracle_grouping,0.3208,0.6792,handle_gently,handle_gently,1,1.109465625,0.0
spb-obj-h-20265060,object_property_uncertainty,hard,2,remove_provenance,0.4146845915201655,0.5853154084798344,handle_gently,handle_gently,1,1.109465625,0.0
spb-obj-h-20265060,object_property_uncertainty,hard,2,remove_belief_separation,0.3208,0.6792,handle_gently,handle_gently,1,1.109465625,0.0
spb-obj-h-20265060,object_property_uncertainty,hard,2,remove_sample_identity,0.3208,0.6792,handle_gently,handle_gently,1,1.109465625,0.0
spb-obj-h-20265060,object_property_uncertainty,hard,2,attention_only,0.3208,0.6792,handle_fast,handle_gently,0,-2.03147515625,3.14094078125
spb-obj-h-20265060,object_property_uncertainty,hard,2,simple_dedup,0.3208,0.6792,handle_gently,handle_gently,1,1.109465625,0.0
spb-obj-h-20265060,object_property_uncertainty,hard,2,random_grouping,0.3208,0.6792,handle_gently,handle_gently,1,1.109465625,0.0
spb-obj-h-20265060,object_property_uncertainty,hard,2,oracle_grouping,0.3208,0.6792,handle_gently,handle_gently,1,1.109465625,0.0
spb-obj-h-20265060,object_property_uncertainty,hard,4,remove_provenance,0.6145070662353141,0.38549293376468585,handle_gently,handle_gently,1,1.109465625,0.0
spb-obj-h-20265060,object_property_uncertainty,hard,4,remove_belief_separation,0.3208,0.6792,handle_gently,handle_gently,1,1.109465625,0.0
spb-obj-h-20265060,object_property_uncertainty,hard,4,remove_sample_identity,0.3208,0.6792,handle_gently,handle_gently,1,1.109465625,0.0
spb-obj-h-20265060,object_property_uncertainty,hard,4,attention_only,0.3208,0.6792,handle_fast,handle_gently,0,-2.03147515625,3.14094078125
spb-obj-h-20265060,object_property_uncertainty,hard,4,simple_dedup,0.3208,0.6792,handle_gently,handle_gently,1,1.109465625,0.0
spb-obj-h-20265060,object_property_uncertainty,hard,4,random_grouping,0.3208,0.6792,handle_gently,handle_gently,1,1.109465625,0.0
spb-obj-h-20265060,object_property_uncertainty,hard,4,oracle_grouping,0.3208,0.6792,handle_gently,handle_gently,1,1.109465625,0.0
spb-obj-h-20265060,object_property_uncertainty,hard,8,remove_provenance,0.8897468597151752,0.1102531402848248,handle_gently,handle_gently,1,1.109465625,0.0
spb-obj-h-20265060,object_property_uncertainty,hard,8,remove_belief_separation,0.3208,0.6792,handle_gently,handle_gently,1,1.109465625,0.0
spb-obj-h-20265060,object_property_uncertainty,hard,8,remove_sample_identity,0.3208,0.6792,handle_gently,handle_gently,1,1.109465625,0.0
spb-obj-h-20265060,object_property_uncertainty,hard,8,attention_only,0.3208,0.6792,handle_fast,handle_gently,0,-2.03147515625,3.14094078125
spb-obj-h-20265060,object_property_uncertainty,hard,8,simple_dedup,0.3208,0.6792,handle_gently,handle_gently,1,1.109465625,0.0
spb-obj-h-20265060,object_property_uncertainty,hard,8,random_grouping,0.3208,0.6792,handle_gently,handle_gently,1,1.109465625,0.0
spb-obj-h-20265060,object_property_uncertainty,hard,8,oracle_grouping,0.3208,0.6792,handle_gently,handle_gently,1,1.109465625,0.0
spb-obj-h-20265060,object_property_uncertainty,hard,16,remove_provenance,0.9951882873063197,0.004811712693680303,handle_gently,handle_gently,1,1.109465625,0.0
spb-obj-h-20265060,object_property_uncertainty,hard,16,remove_belief_separation,0.3208,0.6792,handle_gently,handle_gently,1,1.109465625,0.0
spb-obj-h-20265060,object_property_uncertainty,hard,16,remove_sample_identity,0.3208,0.6792,handle_gently,handle_gently,1,1.109465625,0.0
spb-obj-h-20265060,object_property_uncertainty,hard,16,attention_only,0.3208,0.6792,handle_fast,handle_gently,0,-2.03147515625,3.14094078125
spb-obj-h-20265060,object_property_uncertainty,hard,16,simple_dedup,0.3208,0.6792,handle_gently,handle_gently,1,1.109465625,0.0
spb-obj-h-20265060,object_property_uncertainty,hard,16,random_grouping,0.3208,0.6792,handle_gently,handle_gently,1,1.109465625,0.0
spb-obj-h-20265060,object_property_uncertainty,hard,16,oracle_grouping,0.3208,0.6792,handle_gently,handle_gently,1,1.109465625,0.0
spb-obj-h-20265060,object_property_uncertainty,hard,32,remove_provenance,0.999992639097079,7.360902920972023e-06,handle_gently,handle_gently,1,1.109465625,0.0
spb-obj-h-20265060,object_property_uncertainty,hard,32,remove_belief_separation,0.3208,0.6792,handle_gently,handle_gently,1,1.109465625,0.0
spb-obj-h-20265060,object_property_uncertainty,hard,32,remove_sample_identity,0.3208,0.6792,handle_gently,handle_gently,1,1.109465625,0.0
spb-obj-h-20265060,object_property_uncertainty,hard,32,attention_only,0.3208,0.6792,handle_fast,handle_gently,0,-2.03147515625,3.14094078125
spb-obj-h-20265060,object_property_uncertainty,hard,32,simple_dedup,0.3208,0.6792,handle_gently,handle_gently,1,1.109465625,0.0
spb-obj-h-20265060,object_property_uncertainty,hard,32,random_grouping,0.3208,0.6792,handle_gently,handle_gently,1,1.109465625,0.0
spb-obj-h-20265060,object_property_uncertainty,hard,32,oracle_grouping,0.3208,0.6792,handle_gently,handle_gently,1,1.109465625,0.0
spb-obj-h-20265060,object_property_uncertainty,hard,64,remove_provenance,0.9999999999829385,1.7061463353229556e-11,handle_gently,handle_gently,1,1.109465625,0.0
spb-obj-h-20265060,object_property_uncertainty,hard,64,remove_belief_separation,0.3208,0.6792,handle_gently,handle_gently,1,1.109465625,0.0
spb-obj-h-20265060,object_property_uncertainty,hard,64,remove_sample_identity,0.3208,0.6792,handle_gently,handle_gently,1,1.109465625,0.0
spb-obj-h-20265060,object_property_uncertainty,hard,64,attention_only,0.3208,0.6792,handle_fast,handle_gently,0,-2.03147515625,3.14094078125
spb-obj-h-20265060,object_property_uncertainty,hard,64,simple_dedup,0.3208,0.6792,handle_gently,handle_gently,1,1.109465625,0.0
spb-obj-h-20265060,object_property_uncertainty,hard,64,random_grouping,0.3208,0.6792,handle_gently,handle_gently,1,1.109465625,0.0
spb-obj-h-20265060,object_property_uncertainty,hard,64,oracle_grouping,0.3208,0.6792,handle_gently,handle_gently,1,1.109465625,0.0
spb-obj-e-20265077,object_property_uncertainty,easy,1,remove_provenance,0.5714,0.5714,handle_gently,handle_fast,0,1.197096875,0.608494375
spb-obj-e-20265077,object_property_uncertainty,easy,1,remove_belief_separation,0.5714,0.5714,handle_gently,handle_fast,0,1.197096875,0.608494375
spb-obj-e-20265077,object_property_uncertainty,easy,1,remove_sample_identity,0.5714,0.5714,handle_gently,handle_fast,0,1.197096875,0.608494375
spb-obj-e-20265077,object_property_uncertainty,easy,1,attention_only,0.5714,0.5714,handle_fast,handle_fast,1,1.80559125,0.0
spb-obj-e-20265077,object_property_uncertainty,easy,1,simple_dedup,0.5714,0.5714,handle_gently,handle_fast,0,1.197096875,0.608494375
spb-obj-e-20265077,object_property_uncertainty,easy,1,random_grouping,0.5714,0.5714,handle_gently,handle_fast,0,1.197096875,0.608494375
spb-obj-e-20265077,object_property_uncertainty,easy,1,oracle_grouping,0.5714,0.5714,handle_gently,handle_fast,0,1.197096875,0.608494375
spb-obj-e-20265077,object_property_uncertainty,easy,2,remove_provenance,0.6666407404526717,0.6666407404526717,handle_gently,handle_fast,0,1.197096875,0.608494375
spb-obj-e-20265077,object_property_uncertainty,easy,2,remove_belief_separation,0.5714,0.5714,handle_gently,handle_fast,0,1.197096875,0.608494375
spb-obj-e-20265077,object_property_uncertainty,easy,2,remove_sample_identity,0.5714,0.5714,handle_gently,handle_fast,0,1.197096875,0.608494375
spb-obj-e-20265077,object_property_uncertainty,easy,2,attention_only,0.5714,0.5714,handle_fast,handle_fast,1,1.80559125,0.0
spb-obj-e-20265077,object_property_uncertainty,easy,2,simple_dedup,0.5714,0.5714,handle_gently,handle_fast,0,1.197096875,0.608494375
spb-obj-e-20265077,object_property_uncertainty,easy,2,random_grouping,0.5714,0.5714,handle_gently,handle_fast,0,1.197096875,0.608494375
spb-obj-e-20265077,object_property_uncertainty,easy,2,oracle_grouping,0.5714,0.5714,handle_gently,handle_fast,0,1.197096875,0.608494375
spb-obj-e-20265077,object_property_uncertainty,easy,4,remove_provenance,0.8181644623102786,0.8181644623102786,handle_gently,handle_fast,0,1.197096875,0.608494375
spb-obj-e-20265077,object_property_uncertainty,easy,4,remove_belief_separation,0.5714,0.5714,handle_gently,handle_fast,0,1.197096875,0.608494375
spb-obj-e-20265077,object_property_uncertainty,easy,4,remove_sample_identity,0.5714,0.5714,handle_gently,handle_fast,0,1.197096875,0.608494375
spb-obj-e-20265077,object_property_uncertainty,easy,4,attention_only,0.5714,0.5714,handle_fast,handle_fast,1,1.80559125,0.0
spb-obj-e-20265077,object_property_uncertainty,easy,4,simple_dedup,0.5714,0.5714,handle_gently,handle_fast,0,1.197096875,0.608494375
spb-obj-e-20265077,object_property_uncertainty,easy,4,random_grouping,0.5714,0.5714,handle_gently,handle_fast,0,1.197096875,0.608494375
spb-obj-e-20265077,object_property_uncertainty,easy,4,oracle_grouping,0.5714,0.5714,handle_gently,handle_fast,0,1.197096875,0.608494375
spb-obj-e-20265077,object_property_uncertainty,easy,8,remove_provenance,0.9579453659550702,0.9579453659550702,handle_gently,handle_fast,0,1.197096875,0.608494375
spb-obj-e-20265077,object_property_uncertainty,easy,8,remove_belief_separation,0.5714,0.5714,handle_gently,handle_fast,0,1.197096875,0.608494375
spb-obj-e-20265077,object_property_uncertainty,easy,8,remove_sample_identity,0.5714,0.5714,handle_gently,handle_fast,0,1.197096875,0.608494375
spb-obj-e-20265077,object_property_uncertainty,easy,8,attention_only,0.5714,0.5714,handle_fast,handle_fast,1,1.80559125,0.0
spb-obj-e-20265077,object_property_uncertainty,easy,8,simple_dedup,0.5714,0.5714,handle_gently,handle_fast,0,1.197096875,0.608494375
spb-obj-e-20265077,object_property_uncertainty,easy,8,random_grouping,0.5714,0.5714,handle_gently,handle_fast,0,1.197096875,0.608494375
spb-obj-e-20265077,object_property_uncertainty,easy,8,oracle_grouping,0.5714,0.5714,handle_gently,handle_fast,0,1.197096875,0.608494375
spb-obj-e-20265077,object_property_uncertainty,easy,16,remove_provenance,0.9982899856325591,0.9982899856325591,handle_gently,handle_fast,0,1.197096875,0.608494375
spb-obj-e-20265077,object_property_uncertainty,easy,16,remove_belief_separation,0.5714,0.5714,handle_gently,handle_fast,0,1.197096875,0.608494375
spb-obj-e-20265077,object_property_uncertainty,easy,16,remove_sample_identity,0.5714,0.5714,handle_gently,handle_fast,0,1.197096875,0.608494375
spb-obj-e-20265077,object_property_uncertainty,easy,16,attention_only,0.5714,0.5714,handle_fast,handle_fast,1,1.80559125,0.0
spb-obj-e-20265077,object_property_uncertainty,easy,16,simple_dedup,0.5714,0.5714,handle_gently,handle_fast,0,1.197096875,0.608494375
spb-obj-e-20265077,object_property_uncertainty,easy,16,random_grouping,0.5714,0.5714,handle_gently,handle_fast,0,1.197096875,0.608494375
spb-obj-e-20265077,object_property_uncertainty,easy,16,oracle_grouping,0.5714,0.5714,handle_gently,handle_fast,0,1.197096875,0.608494375
spb-obj-e-20265077,object_property_uncertainty,easy,32,remove_provenance,0.9999973921550463,0.9999973921550463,handle_gently,handle_fast,0,1.197096875,0.608494375
spb-obj-e-20265077,object_property_uncertainty,easy,32,remove_belief_separation,0.5714,0.5714,handle_gently,handle_fast,0,1.197096875,0.608494375
spb-obj-e-20265077,object_property_uncertainty,easy,32,remove_sample_identity,0.5714,0.5714,handle_gently,handle_fast,0,1.197096875,0.608494375
spb-obj-e-20265077,object_property_uncertainty,easy,32,attention_only,0.5714,0.5714,handle_fast,handle_fast,1,1.80559125,0.0
spb-obj-e-20265077,object_property_uncertainty,easy,32,simple_dedup,0.5714,0.5714,handle_gently,handle_fast,0,1.197096875,0.608494375
spb-obj-e-20265077,object_property_uncertainty,easy,32,random_grouping,0.5714,0.5714,handle_gently,handle_fast,0,1.197096875,0.608494375
spb-obj-e-20265077,object_property_uncertainty,easy,32,oracle_grouping,0.5714,0.5714,handle_gently,handle_fast,0,1.197096875,0.608494375
spb-obj-e-20265077,object_property_uncertainty,easy,64,remove_provenance,0.9999999999939555,0.9999999999939555,handle_gently,handle_fast,0,1.197096875,0.608494375
spb-obj-e-20265077,object_property_uncertainty,easy,64,remove_belief_separation,0.5714,0.5714,handle_gently,handle_fast,0,1.197096875,0.608494375
spb-obj-e-20265077,object_property_uncertainty,easy,64,remove_sample_identity,0.5714,0.5714,handle_gently,handle_fast,0,1.197096875,0.608494375
spb-obj-e-20265077,object_property_uncertainty,easy,64,attention_only,0.5714,0.5714,handle_fast,handle_fast,1,1.80559125,0.0
spb-obj-e-20265077,object_property_uncertainty,easy,64,simple_dedup,0.5714,0.5714,handle_gently,handle_fast,0,1.197096875,0.608494375
spb-obj-e-20265077,object_property_uncertainty,easy,64,random_grouping,0.5714,0.5714,handle_gently,handle_fast,0,1.197096875,0.608494375
spb-obj-e-20265077,object_property_uncertainty,easy,64,oracle_grouping,0.5714,0.5714,handle_gently,handle_fast,0,1.197096875,0.608494375
spb-obj-m-20265145,object_property_uncertainty,medium,1,remove_provenance,0.5568000000000001,0.4431999999999999,handle_gently,handle_gently,1,1.1834240624999999,0.0
spb-obj-m-20265145,object_property_uncertainty,medium,1,remove_belief_separation,0.5568,0.44320000000000004,handle_gently,handle_gently,1,1.1834240624999999,0.0
spb-obj-m-20265145,object_property_uncertainty,medium,1,remove_sample_identity,0.5568,0.44320000000000004,handle_gently,handle_gently,1,1.1834240624999999,0.0
spb-obj-m-20265145,object_property_uncertainty,medium,1,attention_only,0.5568,0.44320000000000004,handle_fast,handle_gently,0,-2.01081453125,3.1942385937499997
spb-obj-m-20265145,object_property_uncertainty,medium,1,simple_dedup,0.5568,0.44320000000000004,handle_gently,handle_gently,1,1.1834240624999999,0.0
spb-obj-m-20265145,object_property_uncertainty,medium,1,random_grouping,0.5568,0.44320000000000004,handle_gently,handle_gently,1,1.1834240624999999,0.0
spb-obj-m-20265145,object_property_uncertainty,medium,1,oracle_grouping,0.5568,0.44320000000000004,handle_gently,handle_gently,1,1.1834240624999999,0.0
spb-obj-m-20265145,object_property_uncertainty,medium,2,remove_provenance,0.653316645807259,0.346683354192741,handle_gently,handle_gently,1,1.1834240624999999,0.0
spb-obj-m-20265145,object_property_uncertainty,medium,2,remove_belief_separation,0.5568,0.44320000000000004,handle_gently,handle_gently,1,1.1834240624999999,0.0
spb-obj-m-20265145,object_property_uncertainty,medium,2,remove_sample_identity,0.5568,0.44320000000000004,handle_gently,handle_gently,1,1.1834240624999999,0.0
spb-obj-m-20265145,object_property_uncertainty,medium,2,attention_only,0.5568,0.44320000000000004,handle_fast,handle_gently,0,-2.01081453125,3.1942385937499997
spb-obj-m-20265145,object_property_uncertainty,medium,2,simple_dedup,0.5568,0.44320000000000004,handle_gently,handle_gently,1,1.1834240624999999,0.0
spb-obj-m-20265145,object_property_uncertainty,medium,2,random_grouping,0.5568,0.44320000000000004,handle_gently,handle_gently,1,1.1834240624999999,0.0
spb-obj-m-20265145,object_property_uncertainty,medium,2,oracle_grouping,0.5568,0.44320000000000004,handle_gently,handle_gently,1,1.1834240624999999,0.0
spb-obj-m-20265145,object_property_uncertainty,medium,4,remove_provenance,0.8091629348949362,0.19083706510506382,handle_gently,handle_gently,1,1.1834240624999999,0.0
spb-obj-m-20265145,object_property_uncertainty,medium,4,remove_belief_separation,0.5568,0.44320000000000004,handle_gently,handle_gently,1,1.1834240624999999,0.0
spb-obj-m-20265145,object_property_uncertainty,medium,4,remove_sample_identity,0.5568,0.44320000000000004,handle_gently,handle_gently,1,1.1834240624999999,0.0
spb-obj-m-20265145,object_property_uncertainty,medium,4,attention_only,0.5568,0.44320000000000004,handle_fast,handle_gently,0,-2.01081453125,3.1942385937499997
spb-obj-m-20265145,object_property_uncertainty,medium,4,simple_dedup,0.5568,0.44320000000000004,handle_gently,handle_gently,1,1.1834240624999999,0.0
spb-obj-m-20265145,object_property_uncertainty,medium,4,random_grouping,0.5568,0.44320000000000004,handle_gently,handle_gently,1,1.1834240624999999,0.0
spb-obj-m-20265145,object_property_uncertainty,medium,4,oracle_grouping,0.5568,0.44320000000000004,handle_gently,handle_gently,1,1.1834240624999999,0.0
spb-obj-m-20265145,object_property_uncertainty,medium,8,remove_provenance,0.9554870363023709,0.04451296369762914,handle_gently,handle_gently,1,1.1834240624999999,0.0
spb-obj-m-20265145,object_property_uncertainty,medium,8,remove_belief_separation,0.5568,0.44320000000000004,handle_gently,handle_gently,1,1.1834240624999999,0.0
spb-obj-m-20265145,object_property_uncertainty,medium,8,remove_sample_identity,0.5568,0.44320000000000004,handle_gently,handle_gently,1,1.1834240624999999,0.0
spb-obj-m-20265145,object_property_uncertainty,medium,8,attention_only,0.5568,0.44320000000000004,handle_fast,handle_gently,0,-2.01081453125,3.1942385937499997
spb-obj-m-20265145,object_property_uncertainty,medium,8,simple_dedup,0.5568,0.44320000000000004,handle_gently,handle_gently,1,1.1834240624999999,0.0
spb-obj-m-20265145,object_property_uncertainty,medium,8,random_grouping,0.5568,0.44320000000000004,handle_gently,handle_gently,1,1.1834240624999999,0.0
spb-obj-m-20265145,object_property_uncertainty,medium,8,oracle_grouping,0.5568,0.44320000000000004,handle_gently,handle_gently,1,1.1834240624999999,0.0
spb-obj-m-20265145,object_property_uncertainty,medium,16,remove_provenance,0.9981855587040893,0.0018144412959106848,handle_gently,handle_gently,1,1.1834240624999999,0.0
spb-obj-m-20265145,object_property_uncertainty,medium,16,remove_belief_separation,0.5568,0.44320000000000004,handle_gently,handle_gently,1,1.1834240624999999,0.0
spb-obj-m-20265145,object_property_uncertainty,medium,16,remove_sample_identity,0.5568,0.44320000000000004,handle_gently,handle_gently,1,1.1834240624999999,0.0
spb-obj-m-20265145,object_property_uncertainty,medium,16,attention_only,0.5568,0.44320000000000004,handle_fast,handle_gently,0,-2.01081453125,3.1942385937499997
spb-obj-m-20265145,object_property_uncertainty,medium,16,simple_dedup,0.5568,0.44320000000000004,handle_gently,handle_gently,1,1.1834240624999999,0.0
spb-obj-m-20265145,object_property_uncertainty,medium,16,random_grouping,0.5568,0.44320000000000004,handle_gently,handle_gently,1,1.1834240624999999,0.0
spb-obj-m-20265145,object_property_uncertainty,medium,16,oracle_grouping,0.5568,0.44320000000000004,handle_gently,handle_gently,1,1.1834240624999999,0.0
spb-obj-m-20265145,object_property_uncertainty,medium,32,remove_provenance,0.9999972326104763,2.7673895236501878e-06,handle_gently,handle_gently,1,1.1834240624999999,0.0
spb-obj-m-20265145,object_property_uncertainty,medium,32,remove_belief_separation,0.5568,0.44320000000000004,handle_gently,handle_gently,1,1.1834240624999999,0.0
spb-obj-m-20265145,object_property_uncertainty,medium,32,remove_sample_identity,0.5568,0.44320000000000004,handle_gently,handle_gently,1,1.1834240624999999,0.0
spb-obj-m-20265145,object_property_uncertainty,medium,32,attention_only,0.5568,0.44320000000000004,handle_fast,handle_gently,0,-2.01081453125,3.1942385937499997
spb-obj-m-20265145,object_property_uncertainty,medium,32,simple_dedup,0.5568,0.44320000000000004,handle_gently,handle_gently,1,1.1834240624999999,0.0
spb-obj-m-20265145,object_property_uncertainty,medium,32,random_grouping,0.5568,0.44320000000000004,handle_gently,handle_gently,1,1.1834240624999999,0.0
spb-obj-m-20265145,object_property_uncertainty,medium,32,oracle_grouping,0.5568,0.44320000000000004,handle_gently,handle_gently,1,1.1834240624999999,0.0
spb-obj-m-20265145,object_property_uncertainty,medium,64,remove_provenance,0.9999999999935856,6.4144245470743044e-12,handle_gently,handle_gently,1,1.1834240624999999,0.0
spb-obj-m-20265145,object_property_uncertainty,medium,64,remove_belief_separation,0.5568,0.44320000000000004,handle_gently,handle_gently,1,1.1834240624999999,0.0
spb-obj-m-20265145,object_property_uncertainty,medium,64,remove_sample_identity,0.5568,0.44320000000000004,handle_gently,handle_gently,1,1.1834240624999999,0.0
spb-obj-m-20265145,object_property_uncertainty,medium,64,attention_only,0.5568,0.44320000000000004,handle_fast,handle_gently,0,-2.01081453125,3.1942385937499997
spb-obj-m-20265145,object_property_uncertainty,medium,64,simple_dedup,0.5568,0.44320000000000004,handle_gently,handle_gently,1,1.1834240624999999,0.0
spb-obj-m-20265145,object_property_uncertainty,medium,64,random_grouping,0.5568,0.44320000000000004,handle_gently,handle_gently,1,1.1834240624999999,0.0
spb-obj-m-20265145,object_property_uncertainty,medium,64,oracle_grouping,0.5568,0.44320000000000004,handle_gently,handle_gently,1,1.1834240624999999,0.0
spb-obj-e-20265179,object_property_uncertainty,easy,1,remove_provenance,0.1971,0.1971,handle_gently,handle_fast,0,1.19397609375,0.6137814062500002
spb-obj-e-20265179,object_property_uncertainty,easy,1,remove_belief_separation,0.1971,0.1971,handle_gently,handle_fast,0,1.19397609375,0.6137814062500002
spb-obj-e-20265179,object_property_uncertainty,easy,1,remove_sample_identity,0.1971,0.1971,handle_gently,handle_fast,0,1.19397609375,0.6137814062500002
spb-obj-e-20265179,object_property_uncertainty,easy,1,attention_only,0.1971,0.1971,handle_fast,handle_fast,1,1.8077575000000001,0.0
spb-obj-e-20265179,object_property_uncertainty,easy,1,simple_dedup,0.1971,0.1971,handle_gently,handle_fast,0,1.19397609375,0.6137814062500002
spb-obj-e-20265179,object_property_uncertainty,easy,1,random_grouping,0.1971,0.1971,handle_gently,handle_fast,0,1.19397609375,0.6137814062500002
spb-obj-e-20265179,object_property_uncertainty,easy,1,oracle_grouping,0.1971,0.1971,handle_gently,handle_fast,0,1.19397609375,0.6137814062500002
spb-obj-e-20265179,object_property_uncertainty,easy,2,remove_provenance,0.26912748623185107,0.26912748623185107,handle_gently,handle_fast,0,1.19397609375,0.6137814062500002
spb-obj-e-20265179,object_property_uncertainty,easy,2,remove_belief_separation,0.1971,0.1971,handle_gently,handle_fast,0,1.19397609375,0.6137814062500002
spb-obj-e-20265179,object_property_uncertainty,easy,2,remove_sample_identity,0.1971,0.1971,handle_gently,handle_fast,0,1.19397609375,0.6137814062500002
spb-obj-e-20265179,object_property_uncertainty,easy,2,attention_only,0.1971,0.1971,handle_fast,handle_fast,1,1.8077575000000001,0.0
spb-obj-e-20265179,object_property_uncertainty,easy,2,simple_dedup,0.1971,0.1971,handle_gently,handle_fast,0,1.19397609375,0.6137814062500002
spb-obj-e-20265179,object_property_uncertainty,easy,2,random_grouping,0.1971,0.1971,handle_gently,handle_fast,0,1.19397609375,0.6137814062500002
spb-obj-e-20265179,object_property_uncertainty,easy,2,oracle_grouping,0.1971,0.1971,handle_gently,handle_fast,0,1.19397609375,0.6137814062500002
spb-obj-e-20265179,object_property_uncertainty,easy,4,remove_provenance,0.45310730614990335,0.45310730614990335,handle_gently,handle_fast,0,1.19397609375,0.6137814062500002
spb-obj-e-20265179,object_property_uncertainty,easy,4,remove_belief_separation,0.1971,0.1971,handle_gently,handle_fast,0,1.19397609375,0.6137814062500002
spb-obj-e-20265179,object_property_uncertainty,easy,4,remove_sample_identity,0.1971,0.1971,handle_gently,handle_fast,0,1.19397609375,0.6137814062500002
spb-obj-e-20265179,object_property_uncertainty,easy,4,attention_only,0.1971,0.1971,handle_fast,handle_fast,1,1.8077575000000001,0.0
spb-obj-e-20265179,object_property_uncertainty,easy,4,simple_dedup,0.1971,0.1971,handle_gently,handle_fast,0,1.19397609375,0.6137814062500002
spb-obj-e-20265179,object_property_uncertainty,easy,4,random_grouping,0.1971,0.1971,handle_gently,handle_fast,0,1.19397609375,0.6137814062500002
spb-obj-e-20265179,object_property_uncertainty,easy,4,oracle_grouping,0.1971,0.1971,handle_gently,handle_fast,0,1.19397609375,0.6137814062500002
spb-obj-e-20265179,object_property_uncertainty,easy,8,remove_provenance,0.8074828844972611,0.8074828844972611,handle_gently,handle_fast,0,1.19397609375,0.6137814062500002
spb-obj-e-20265179,object_property_uncertainty,easy,8,remove_belief_separation,0.1971,0.1971,handle_gently,handle_fast,0,1.19397609375,0.6137814062500002
spb-obj-e-20265179,object_property_uncertainty,easy,8,remove_sample_identity,0.1971,0.1971,handle_gently,handle_fast,0,1.19397609375,0.6137814062500002
spb-obj-e-20265179,object_property_uncertainty,easy,8,attention_only,0.1971,0.1971,handle_fast,handle_fast,1,1.8077575000000001,0.0
spb-obj-e-20265179,object_property_uncertainty,easy,8,simple_dedup,0.1971,0.1971,handle_gently,handle_fast,0,1.19397609375,0.6137814062500002
spb-obj-e-20265179,object_property_uncertainty,easy,8,random_grouping,0.1971,0.1971,handle_gently,handle_fast,0,1.19397609375,0.6137814062500002
spb-obj-e-20265179,object_property_uncertainty,easy,8,oracle_grouping,0.1971,0.1971,handle_gently,handle_fast,0,1.19397609375,0.6137814062500002
spb-obj-e-20265179,object_property_uncertainty,easy,16,remove_provenance,0.9907831070999042,0.9907831070999042,handle_gently,handle_fast,0,1.19397609375,0.6137814062500002
spb-obj-e-20265179,object_property_uncertainty,easy,16,remove_belief_separation,0.1971,0.1971,handle_gently,handle_fast,0,1.19397609375,0.6137814062500002
spb-obj-e-20265179,object_property_uncertainty,easy,16,remove_sample_identity,0.1971,0.1971,handle_gently,handle_fast,0,1.19397609375,0.6137814062500002
spb-obj-e-20265179,object_property_uncertainty,easy,16,attention_only,0.1971,0.1971,handle_fast,handle_fast,1,1.8077575000000001,0.0
spb-obj-e-20265179,object_property_uncertainty,easy,16,simple_dedup,0.1971,0.1971,handle_gently,handle_fast,0,1.19397609375,0.6137814062500002
spb-obj-e-20265179,object_property_uncertainty,easy,16,random_grouping,0.1971,0.1971,handle_gently,handle_fast,0,1.19397609375,0.6137814062500002
spb-obj-e-20265179,object_property_uncertainty,easy,16,oracle_grouping,0.1971,0.1971,handle_gently,handle_fast,0,1.19397609375,0.6137814062500002
spb-obj-e-20265179,object_property_uncertainty,easy,32,remove_provenance,0.9999858375088274,0.9999858375088274,handle_gently,handle_fast,0,1.19397609375,0.6137814062500002
spb-obj-e-20265179,object_property_uncertainty,easy,32,remove_belief_separation,0.1971,0.1971,handle_gently,handle_fast,0,1.19397609375,0.6137814062500002
spb-obj-e-20265179,object_property_uncertainty,easy,32,remove_sample_identity,0.1971,0.1971,handle_gently,handle_fast,0,1.19397609375,0.6137814062500002
spb-obj-e-20265179,object_property_uncertainty,easy,32,attention_only,0.1971,0.1971,handle_fast,handle_fast,1,1.8077575000000001,0.0
spb-obj-e-20265179,object_property_uncertainty,easy,32,simple_dedup,0.1971,0.1971,handle_gently,handle_fast,0,1.19397609375,0.6137814062500002
spb-obj-e-20265179,object_property_uncertainty,easy,32,random_grouping,0.1971,0.1971,handle_gently,handle_fast,0,1.19397609375,0.6137814062500002
spb-obj-e-20265179,object_property_uncertainty,easy,32,oracle_grouping,0.1971,0.1971,handle_gently,handle_fast,0,1.19397609375,0.6137814062500002
spb-obj-e-20265179,object_property_uncertainty,easy,64,remove_provenance,0.9999999999671734,0.9999999999671734,handle_gently,handle_fast,0,1.19397609375,0.6137814062500002
spb-obj-e-20265179,object_property_uncertainty,easy,64,remove_belief_separation,0.1971,0.1971,handle_gently,handle_fast,0,1.19397609375,0.6137814062500002
spb-obj-e-20265179,object_property_uncertainty,easy,64,remove_sample_identity,0.1971,0.1971,handle_gently,handle_fast,0,1.19397609375,0.6137814062500002
spb-obj-e-20265179,object_property_uncertainty,easy,64,attention_only,0.1971,0.1971,handle_fast,handle_fast,1,1.8077575000000001,0.0
spb-obj-e-20265179,object_property_uncertainty,easy,64,simple_dedup,0.1971,0.1971,handle_gently,handle_fast,0,1.19397609375,0.6137814062500002
spb-obj-e-20265179,object_property_uncertainty,easy,64,random_grouping,0.1971,0.1971,handle_gently,handle_fast,0,1.19397609375,0.6137814062500002
spb-obj-e-20265179,object_property_uncertainty,easy,64,oracle_grouping,0.1971,0.1971,handle_gently,handle_fast,0,1.19397609375,0.6137814062500002
spb-obj-e-20265281,object_property_uncertainty,easy,1,remove_provenance,0.397,0.603,handle_gently,handle_gently,1,1.19954046875,0.0
spb-obj-e-20265281,object_property_uncertainty,easy,1,remove_belief_separation,0.397,0.603,handle_gently,handle_gently,1,1.19954046875,0.0
spb-obj-e-20265281,object_property_uncertainty,easy,1,remove_sample_identity,0.397,0.603,handle_gently,handle_gently,1,1.19954046875,0.0
spb-obj-e-20265281,object_property_uncertainty,easy,1,attention_only,0.397,0.603,handle_fast,handle_gently,0,-1.988699375,3.18823984375
spb-obj-e-20265281,object_property_uncertainty,easy,1,simple_dedup,0.397,0.603,handle_gently,handle_gently,1,1.19954046875,0.0
spb-obj-e-20265281,object_property_uncertainty,easy,1,random_grouping,0.397,0.603,handle_gently,handle_gently,1,1.19954046875,0.0
spb-obj-e-20265281,object_property_uncertainty,easy,1,oracle_grouping,0.397,0.603,handle_gently,handle_gently,1,1.19954046875,0.0
spb-obj-e-20265281,object_property_uncertainty,easy,2,remove_provenance,0.4968710888610763,0.5031289111389237,handle_gently,handle_gently,1,1.19954046875,0.0
spb-obj-e-20265281,object_property_uncertainty,easy,2,remove_belief_separation,0.397,0.603,handle_gently,handle_gently,1,1.19954046875,0.0
spb-obj-e-20265281,object_property_uncertainty,easy,2,remove_sample_identity,0.397,0.603,handle_gently,handle_gently,1,1.19954046875,0.0
spb-obj-e-20265281,object_property_uncertainty,easy,2,attention_only,0.397,0.603,handle_fast,handle_gently,0,-1.988699375,3.18823984375
spb-obj-e-20265281,object_property_uncertainty,easy,2,simple_dedup,0.397,0.603,handle_gently,handle_gently,1,1.19954046875,0.0
spb-obj-e-20265281,object_property_uncertainty,easy,2,random_grouping,0.397,0.603,handle_gently,handle_gently,1,1.19954046875,0.0
spb-obj-e-20265281,object_property_uncertainty,easy,2,oracle_grouping,0.397,0.603,handle_gently,handle_gently,1,1.19954046875,0.0
spb-obj-e-20265281,object_property_uncertainty,easy,4,remove_provenance,0.6896352055587724,0.31036479444122755,handle_gently,handle_gently,1,1.19954046875,0.0
spb-obj-e-20265281,object_property_uncertainty,easy,4,remove_belief_separation,0.397,0.603,handle_gently,handle_gently,1,1.19954046875,0.0
spb-obj-e-20265281,object_property_uncertainty,easy,4,remove_sample_identity,0.397,0.603,handle_gently,handle_gently,1,1.19954046875,0.0
spb-obj-e-20265281,object_property_uncertainty,easy,4,attention_only,0.397,0.603,handle_fast,handle_gently,0,-1.988699375,3.18823984375
spb-obj-e-20265281,object_property_uncertainty,easy,4,simple_dedup,0.397,0.603,handle_gently,handle_gently,1,1.19954046875,0.0
spb-obj-e-20265281,object_property_uncertainty,easy,4,random_grouping,0.397,0.603,handle_gently,handle_gently,1,1.19954046875,0.0
spb-obj-e-20265281,object_property_uncertainty,easy,4,oracle_grouping,0.397,0.603,handle_gently,handle_gently,1,1.19954046875,0.0
spb-obj-e-20265281,object_property_uncertainty,easy,8,remove_provenance,0.9183603529848543,0.0816396470151457,handle_gently,handle_gently,1,1.19954046875,0.0
spb-obj-e-20265281,object_property_uncertainty,easy,8,remove_belief_separation,0.397,0.603,handle_gently,handle_gently,1,1.19954046875,0.0
spb-obj-e-20265281,object_property_uncertainty,easy,8,remove_sample_identity,0.397,0.603,handle_gently,handle_gently,1,1.19954046875,0.0
spb-obj-e-20265281,object_property_uncertainty,easy,8,attention_only,0.397,0.603,handle_fast,handle_gently,0,-1.988699375,3.18823984375
spb-obj-e-20265281,object_property_uncertainty,easy,8,simple_dedup,0.397,0.603,handle_gently,handle_gently,1,1.19954046875,0.0
spb-obj-e-20265281,object_property_uncertainty,easy,8,random_grouping,0.397,0.603,handle_gently,handle_gently,1,1.19954046875,0.0
spb-obj-e-20265281,object_property_uncertainty,easy,8,oracle_grouping,0.397,0.603,handle_gently,handle_gently,1,1.19954046875,0.0
spb-obj-e-20265281,object_property_uncertainty,easy,16,remove_provenance,0.9965433602534107,0.003456639746589274,handle_gently,handle_gently,1,1.19954046875,0.0
spb-obj-e-20265281,object_property_uncertainty,easy,16,remove_belief_separation,0.397,0.603,handle_gently,handle_gently,1,1.19954046875,0.0
spb-obj-e-20265281,object_property_uncertainty,easy,16,remove_sample_identity,0.397,0.603,handle_gently,handle_gently,1,1.19954046875,0.0
spb-obj-e-20265281,object_property_uncertainty,easy,16,attention_only,0.397,0.603,handle_fast,handle_gently,0,-1.988699375,3.18823984375
spb-obj-e-20265281,object_property_uncertainty,easy,16,simple_dedup,0.397,0.603,handle_gently,handle_gently,1,1.19954046875,0.0
spb-obj-e-20265281,object_property_uncertainty,easy,16,random_grouping,0.397,0.603,handle_gently,handle_gently,1,1.19954046875,0.0
spb-obj-e-20265281,object_property_uncertainty,easy,16,oracle_grouping,0.397,0.603,handle_gently,handle_gently,1,1.19954046875,0.0
spb-obj-e-20265281,object_property_uncertainty,easy,32,remove_provenance,0.9999947192515378,5.28074846217752e-06,handle_gently,handle_gently,1,1.19954046875,0.0
spb-obj-e-20265281,object_property_uncertainty,easy,32,remove_belief_separation,0.397,0.603,handle_gently,handle_gently,1,1.19954046875,0.0
spb-obj-e-20265281,object_property_uncertainty,easy,32,remove_sample_identity,0.397,0.603,handle_gently,handle_gently,1,1.19954046875,0.0
spb-obj-e-20265281,object_property_uncertainty,easy,32,attention_only,0.397,0.603,handle_fast,handle_gently,0,-1.988699375,3.18823984375
spb-obj-e-20265281,object_property_uncertainty,easy,32,simple_dedup,0.397,0.603,handle_gently,handle_gently,1,1.19954046875,0.0
spb-obj-e-20265281,object_property_uncertainty,easy,32,random_grouping,0.397,0.603,handle_gently,handle_gently,1,1.19954046875,0.0
spb-obj-e-20265281,object_property_uncertainty,easy,32,oracle_grouping,0.397,0.603,handle_gently,handle_gently,1,1.19954046875,0.0
spb-obj-e-20265281,object_property_uncertainty,easy,64,remove_provenance,0.99999999998776,1.2239986801887426e-11,handle_gently,handle_gently,1,1.19954046875,0.0
spb-obj-e-20265281,object_property_uncertainty,easy,64,remove_belief_separation,0.397,0.603,handle_gently,handle_gently,1,1.19954046875,0.0
spb-obj-e-20265281,object_property_uncertainty,easy,64,remove_sample_identity,0.397,0.603,handle_gently,handle_gently,1,1.19954046875,0.0
spb-obj-e-20265281,object_property_uncertainty,easy,64,attention_only,0.397,0.603,handle_fast,handle_gently,0,-1.988699375,3.18823984375
spb-obj-e-20265281,object_property_uncertainty,easy,64,simple_dedup,0.397,0.603,handle_gently,handle_gently,1,1.19954046875,0.0
spb-obj-e-20265281,object_property_uncertainty,easy,64,random_grouping,0.397,0.603,handle_gently,handle_gently,1,1.19954046875,0.0
spb-obj-e-20265281,object_property_uncertainty,easy,64,oracle_grouping,0.397,0.603,handle_gently,handle_gently,1,1.19954046875,0.0
spb-obj-m-20265349,object_property_uncertainty,medium,1,remove_provenance,0.3567,0.6433,handle_gently,handle_gently,1,1.1953584375,0.0
spb-obj-m-20265349,object_property_uncertainty,medium,1,remove_belief_separation,0.3567,0.6433,handle_gently,handle_gently,1,1.1953584375,0.0
spb-obj-m-20265349,object_property_uncertainty,medium,1,remove_sample_identity,0.3567,0.6433,handle_gently,handle_gently,1,1.1953584375,0.0
spb-obj-m-20265349,object_property_uncertainty,medium,1,attention_only,0.3567,0.6433,handle_fast,handle_gently,0,-1.97507,3.1704284375
spb-obj-m-20265349,object_property_uncertainty,medium,1,simple_dedup,0.3567,0.6433,handle_gently,handle_gently,1,1.1953584375,0.0
spb-obj-m-20265349,object_property_uncertainty,medium,1,random_grouping,0.3567,0.6433,handle_gently,handle_gently,1,1.1953584375,0.0
spb-obj-m-20265349,object_property_uncertainty,medium,1,oracle_grouping,0.3567,0.6433,handle_gently,handle_gently,1,1.1953584375,0.0
spb-obj-m-20265349,object_property_uncertainty,medium,2,remove_provenance,0.454067127763398,0.5459328722366019,handle_gently,handle_gently,1,1.1953584375,0.0
spb-obj-m-20265349,object_property_uncertainty,medium,2,remove_belief_separation,0.3567,0.6433,handle_gently,handle_gently,1,1.1953584375,0.0
spb-obj-m-20265349,object_property_uncertainty,medium,2,remove_sample_identity,0.3567,0.6433,handle_gently,handle_gently,1,1.1953584375,0.0
spb-obj-m-20265349,object_property_uncertainty,medium,2,attention_only,0.3567,0.6433,handle_fast,handle_gently,0,-1.97507,3.1704284375
spb-obj-m-20265349,object_property_uncertainty,medium,2,simple_dedup,0.3567,0.6433,handle_gently,handle_gently,1,1.1953584375,0.0
spb-obj-m-20265349,object_property_uncertainty,medium,2,random_grouping,0.3567,0.6433,handle_gently,handle_gently,1,1.1953584375,0.0
spb-obj-m-20265349,object_property_uncertainty,medium,2,oracle_grouping,0.3567,0.6433,handle_gently,handle_gently,1,1.1953584375,0.0
spb-obj-m-20265349,object_property_uncertainty,medium,4,remove_provenance,0.6517361087614111,0.3482638912385889,handle_gently,handle_gently,1,1.1953584375,0.0
spb-obj-m-20265349,object_property_uncertainty,medium,4,remove_belief_separation,0.3567,0.6433,handle_gently,handle_gently,1,1.1953584375,0.0
spb-obj-m-20265349,object_property_uncertainty,medium,4,remove_sample_identity,0.3567,0.6433,handle_gently,handle_gently,1,1.1953584375,0.0
spb-obj-m-20265349,object_property_uncertainty,medium,4,attention_only,0.3567,0.6433,handle_fast,handle_gently,0,-1.97507,3.1704284375
spb-obj-m-20265349,object_property_uncertainty,medium,4,simple_dedup,0.3567,0.6433,handle_gently,handle_gently,1,1.1953584375,0.0
spb-obj-m-20265349,object_property_uncertainty,medium,4,random_grouping,0.3567,0.6433,handle_gently,handle_gently,1,1.1953584375,0.0
spb-obj-m-20265349,object_property_uncertainty,medium,4,oracle_grouping,0.3567,0.6433,handle_gently,handle_gently,1,1.1953584375,0.0
spb-obj-m-20265349,object_property_uncertainty,medium,8,remove_provenance,0.9045244956404772,0.09547550435952279,handle_gently,handle_gently,1,1.1953584375,0.0
spb-obj-m-20265349,object_property_uncertainty,medium,8,remove_belief_separation,0.3567,0.6433,handle_gently,handle_gently,1,1.1953584375,0.0
spb-obj-m-20265349,object_property_uncertainty,medium,8,remove_sample_identity,0.3567,0.6433,handle_gently,handle_gently,1,1.1953584375,0.0
spb-obj-m-20265349,object_property_uncertainty,medium,8,attention_only,0.3567,0.6433,handle_fast,handle_gently,0,-1.97507,3.1704284375
spb-obj-m-20265349,object_property_uncertainty,medium,8,simple_dedup,0.3567,0.6433,handle_gently,handle_gently,1,1.1953584375,0.0
spb-obj-m-20265349,object_property_uncertainty,medium,8,random_grouping,0.3567,0.6433,handle_gently,handle_gently,1,1.1953584375,0.0
spb-obj-m-20265349,object_property_uncertainty,medium,8,oracle_grouping,0.3567,0.6433,handle_gently,handle_gently,1,1.1953584375,0.0
spb-obj-m-20265349,object_property_uncertainty,medium,16,remove_provenance,0.9958983690891863,0.004101630910813725,handle_gently,handle_gently,1,1.1953584375,0.0
spb-obj-m-20265349,object_property_uncertainty,medium,16,remove_belief_separation,0.3567,0.6433,handle_gently,handle_gently,1,1.1953584375,0.0
spb-obj-m-20265349,object_property_uncertainty,medium,16,remove_sample_identity,0.3567,0.6433,handle_gently,handle_gently,1,1.1953584375,0.0
spb-obj-m-20265349,object_property_uncertainty,medium,16,attention_only,0.3567,0.6433,handle_fast,handle_gently,0,-1.97507,3.1704284375
spb-obj-m-20265349,object_property_uncertainty,medium,16,simple_dedup,0.3567,0.6433,handle_gently,handle_gently,1,1.1953584375,0.0
spb-obj-m-20265349,object_property_uncertainty,medium,16,random_grouping,0.3567,0.6433,handle_gently,handle_gently,1,1.1953584375,0.0
spb-obj-m-20265349,object_property_uncertainty,medium,16,oracle_grouping,0.3567,0.6433,handle_gently,handle_gently,1,1.1953584375,0.0
spb-obj-m-20265349,object_property_uncertainty,medium,32,remove_provenance,0.9999937298390607,6.270160939347846e-06,handle_gently,handle_gently,1,1.1953584375,0.0
spb-obj-m-20265349,object_property_uncertainty,medium,32,remove_belief_separation,0.3567,0.6433,handle_gently,handle_gently,1,1.1953584375,0.0
spb-obj-m-20265349,object_property_uncertainty,medium,32,remove_sample_identity,0.3567,0.6433,handle_gently,handle_gently,1,1.1953584375,0.0
spb-obj-m-20265349,object_property_uncertainty,medium,32,attention_only,0.3567,0.6433,handle_fast,handle_gently,0,-1.97507,3.1704284375
spb-obj-m-20265349,object_property_uncertainty,medium,32,simple_dedup,0.3567,0.6433,handle_gently,handle_gently,1,1.1953584375,0.0
spb-obj-m-20265349,object_property_uncertainty,medium,32,random_grouping,0.3567,0.6433,handle_gently,handle_gently,1,1.1953584375,0.0
spb-obj-m-20265349,object_property_uncertainty,medium,32,oracle_grouping,0.3567,0.6433,handle_gently,handle_gently,1,1.1953584375,0.0
spb-obj-m-20265349,object_property_uncertainty,medium,64,remove_provenance,0.9999999999854667,1.4533263481553149e-11,handle_gently,handle_gently,1,1.1953584375,0.0
spb-obj-m-20265349,object_property_uncertainty,medium,64,remove_belief_separation,0.3567,0.6433,handle_gently,handle_gently,1,1.1953584375,0.0
spb-obj-m-20265349,object_property_uncertainty,medium,64,remove_sample_identity,0.3567,0.6433,handle_gently,handle_gently,1,1.1953584375,0.0
spb-obj-m-20265349,object_property_uncertainty,medium,64,attention_only,0.3567,0.6433,handle_fast,handle_gently,0,-1.97507,3.1704284375
spb-obj-m-20265349,object_property_uncertainty,medium,64,simple_dedup,0.3567,0.6433,handle_gently,handle_gently,1,1.1953584375,0.0
spb-obj-m-20265349,object_property_uncertainty,medium,64,random_grouping,0.3567,0.6433,handle_gently,handle_gently,1,1.1953584375,0.0
spb-obj-m-20265349,object_property_uncertainty,medium,64,oracle_grouping,0.3567,0.6433,handle_gently,handle_gently,1,1.1953584375,0.0
spb-obj-h-20265468,object_property_uncertainty,hard,1,remove_provenance,0.7071,0.7071,handle_gently,handle_fast,0,1.206075625,0.63890890625
spb-obj-h-20265468,object_property_uncertainty,hard,1,remove_belief_separation,0.7071,0.7071,handle_gently,handle_fast,0,1.206075625,0.63890890625
spb-obj-h-20265468,object_property_uncertainty,hard,1,remove_sample_identity,0.7071,0.7071,handle_gently,handle_fast,0,1.206075625,0.63890890625
spb-obj-h-20265468,object_property_uncertainty,hard,1,attention_only,0.7071,0.7071,handle_fast,handle_fast,1,1.84498453125,0.0
spb-obj-h-20265468,object_property_uncertainty,hard,1,simple_dedup,0.7071,0.7071,handle_gently,handle_fast,0,1.206075625,0.63890890625
spb-obj-h-20265468,object_property_uncertainty,hard,1,random_grouping,0.7071,0.7071,handle_gently,handle_fast,0,1.206075625,0.63890890625
spb-obj-h-20265468,object_property_uncertainty,hard,1,oracle_grouping,0.7071,0.7071,handle_gently,handle_fast,0,1.206075625,0.63890890625
spb-obj-h-20265468,object_property_uncertainty,hard,2,remove_provenance,0.78360607291936,0.78360607291936,handle_gently,handle_fast,0,1.206075625,0.63890890625
spb-obj-h-20265468,object_property_uncertainty,hard,2,remove_belief_separation,0.7071,0.7071,handle_gently,handle_fast,0,1.206075625,0.63890890625
spb-obj-h-20265468,object_property_uncertainty,hard,2,remove_sample_identity,0.7071,0.7071,handle_gently,handle_fast,0,1.206075625,0.63890890625
spb-obj-h-20265468,object_property_uncertainty,hard,2,attention_only,0.7071,0.7071,handle_fast,handle_fast,1,1.84498453125,0.0
spb-obj-h-20265468,object_property_uncertainty,hard,2,simple_dedup,0.7071,0.7071,handle_gently,handle_fast,0,1.206075625,0.63890890625
spb-obj-h-20265468,object_property_uncertainty,hard,2,random_grouping,0.7071,0.7071,handle_gently,handle_fast,0,1.206075625,0.63890890625
spb-obj-h-20265468,object_property_uncertainty,hard,2,oracle_grouping,0.7071,0.7071,handle_gently,handle_fast,0,1.206075625,0.63890890625
spb-obj-h-20265468,object_property_uncertainty,hard,4,remove_provenance,0.8906829516349505,0.8906829516349505,handle_gently,handle_fast,0,1.206075625,0.63890890625
spb-obj-h-20265468,object_property_uncertainty,hard,4,remove_belief_separation,0.7071,0.7071,handle_gently,handle_fast,0,1.206075625,0.63890890625
spb-obj-h-20265468,object_property_uncertainty,hard,4,remove_sample_identity,0.7071,0.7071,handle_gently,handle_fast,0,1.206075625,0.63890890625
spb-obj-h-20265468,object_property_uncertainty,hard,4,attention_only,0.7071,0.7071,handle_fast,handle_fast,1,1.84498453125,0.0
spb-obj-h-20265468,object_property_uncertainty,hard,4,simple_dedup,0.7071,0.7071,handle_gently,handle_fast,0,1.206075625,0.63890890625
spb-obj-h-20265468,object_property_uncertainty,hard,4,random_grouping,0.7071,0.7071,handle_gently,handle_fast,0,1.206075625,0.63890890625
spb-obj-h-20265468,object_property_uncertainty,hard,4,oracle_grouping,0.7071,0.7071,handle_gently,handle_fast,0,1.206075625,0.63890890625
spb-obj-h-20265468,object_property_uncertainty,hard,8,remove_provenance,0.9763301012444513,0.9763301012444513,handle_gently,handle_fast,0,1.206075625,0.63890890625
spb-obj-h-20265468,object_property_uncertainty,hard,8,remove_belief_separation,0.7071,0.7071,handle_gently,handle_fast,0,1.206075625,0.63890890625
spb-obj-h-20265468,object_property_uncertainty,hard,8,remove_sample_identity,0.7071,0.7071,handle_gently,handle_fast,0,1.206075625,0.63890890625
spb-obj-h-20265468,object_property_uncertainty,hard,8,attention_only,0.7071,0.7071,handle_fast,handle_fast,1,1.84498453125,0.0
spb-obj-h-20265468,object_property_uncertainty,hard,8,simple_dedup,0.7071,0.7071,handle_gently,handle_fast,0,1.206075625,0.63890890625
spb-obj-h-20265468,object_property_uncertainty,hard,8,random_grouping,0.7071,0.7071,handle_gently,handle_fast,0,1.206075625,0.63890890625
spb-obj-h-20265468,object_property_uncertainty,hard,8,oracle_grouping,0.7071,0.7071,handle_gently,handle_fast,0,1.206075625,0.63890890625
spb-obj-h-20265468,object_property_uncertainty,hard,16,remove_provenance,0.9990549407863274,0.9990549407863274,handle_gently,handle_fast,0,1.206075625,0.63890890625
spb-obj-h-20265468,object_property_uncertainty,hard,16,remove_belief_separation,0.7071,0.7071,handle_gently,handle_fast,0,1.206075625,0.63890890625
spb-obj-h-20265468,object_property_uncertainty,hard,16,remove_sample_identity,0.7071,0.7071,handle_gently,handle_fast,0,1.206075625,0.63890890625
spb-obj-h-20265468,object_property_uncertainty,hard,16,attention_only,0.7071,0.7071,handle_fast,handle_fast,1,1.84498453125,0.0
spb-obj-h-20265468,object_property_uncertainty,hard,16,simple_dedup,0.7071,0.7071,handle_gently,handle_fast,0,1.206075625,0.63890890625
spb-obj-h-20265468,object_property_uncertainty,hard,16,random_grouping,0.7071,0.7071,handle_gently,handle_fast,0,1.206075625,0.63890890625
spb-obj-h-20265468,object_property_uncertainty,hard,16,oracle_grouping,0.7071,0.7071,handle_gently,handle_fast,0,1.206075625,0.63890890625
spb-obj-h-20265468,object_property_uncertainty,hard,32,remove_provenance,0.9999985598461881,0.9999985598461881,handle_gently,handle_fast,0,1.206075625,0.63890890625
spb-obj-h-20265468,object_property_uncertainty,hard,32,remove_belief_separation,0.7071,0.7071,handle_gently,handle_fast,0,1.206075625,0.63890890625
spb-obj-h-20265468,object_property_uncertainty,hard,32,remove_sample_identity,0.7071,0.7071,handle_gently,handle_fast,0,1.206075625,0.63890890625
spb-obj-h-20265468,object_property_uncertainty,hard,32,attention_only,0.7071,0.7071,handle_fast,handle_fast,1,1.84498453125,0.0
spb-obj-h-20265468,object_property_uncertainty,hard,32,simple_dedup,0.7071,0.7071,handle_gently,handle_fast,0,1.206075625,0.63890890625
spb-obj-h-20265468,object_property_uncertainty,hard,32,random_grouping,0.7071,0.7071,handle_gently,handle_fast,0,1.206075625,0.63890890625
spb-obj-h-20265468,object_property_uncertainty,hard,32,oracle_grouping,0.7071,0.7071,handle_gently,handle_fast,0,1.206075625,0.63890890625
spb-obj-h-20265468,object_property_uncertainty,hard,64,remove_provenance,0.999999999996662,0.999999999996662,handle_gently,handle_fast,0,1.206075625,0.63890890625
spb-obj-h-20265468,object_property_uncertainty,hard,64,remove_belief_separation,0.7071,0.7071,handle_gently,handle_fast,0,1.206075625,0.63890890625
spb-obj-h-20265468,object_property_uncertainty,hard,64,remove_sample_identity,0.7071,0.7071,handle_gently,handle_fast,0,1.206075625,0.63890890625
spb-obj-h-20265468,object_property_uncertainty,hard,64,attention_only,0.7071,0.7071,handle_fast,handle_fast,1,1.84498453125,0.0
spb-obj-h-20265468,object_property_uncertainty,hard,64,simple_dedup,0.7071,0.7071,handle_gently,handle_fast,0,1.206075625,0.63890890625
spb-obj-h-20265468,object_property_uncertainty,hard,64,random_grouping,0.7071,0.7071,handle_gently,handle_fast,0,1.206075625,0.63890890625
spb-obj-h-20265468,object_property_uncertainty,hard,64,oracle_grouping,0.7071,0.7071,handle_gently,handle_fast,0,1.206075625,0.63890890625
spb-obj-m-20265502,object_property_uncertainty,medium,1,remove_provenance,0.417,0.583,handle_gently,handle_gently,1,1.21238625,0.0
spb-obj-m-20265502,object_property_uncertainty,medium,1,remove_belief_separation,0.417,0.583,handle_gently,handle_gently,1,1.21238625,0.0
spb-obj-m-20265502,object_property_uncertainty,medium,1,remove_sample_identity,0.417,0.583,handle_gently,handle_gently,1,1.21238625,0.0
spb-obj-m-20265502,object_property_uncertainty,medium,1,attention_only,0.417,0.583,handle_fast,handle_gently,0,-1.9974307812500003,3.20981703125
spb-obj-m-20265502,object_property_uncertainty,medium,1,simple_dedup,0.417,0.583,handle_gently,handle_gently,1,1.21238625,0.0
spb-obj-m-20265502,object_property_uncertainty,medium,1,random_grouping,0.417,0.583,handle_gently,handle_gently,1,1.21238625,0.0
spb-obj-m-20265502,object_property_uncertainty,medium,1,oracle_grouping,0.417,0.583,handle_gently,handle_gently,1,1.21238625,0.0
spb-obj-m-20265502,object_property_uncertainty,medium,2,remove_provenance,0.5175837815473728,0.48241621845262717,handle_gently,handle_gently,1,1.21238625,0.0
spb-obj-m-20265502,object_property_uncertainty,medium,2,remove_belief_separation,0.417,0.583,handle_gently,handle_gently,1,1.21238625,0.0
spb-obj-m-20265502,object_property_uncertainty,medium,2,remove_sample_identity,0.417,0.583,handle_gently,handle_gently,1,1.21238625,0.0
spb-obj-m-20265502,object_property_uncertainty,medium,2,attention_only,0.417,0.583,handle_fast,handle_gently,0,-1.9974307812500003,3.20981703125
spb-obj-m-20265502,object_property_uncertainty,medium,2,simple_dedup,0.417,0.583,handle_gently,handle_gently,1,1.21238625,0.0
spb-obj-m-20265502,object_property_uncertainty,medium,2,random_grouping,0.417,0.583,handle_gently,handle_gently,1,1.21238625,0.0
spb-obj-m-20265502,object_property_uncertainty,medium,2,oracle_grouping,0.417,0.583,handle_gently,handle_gently,1,1.21238625,0.0
spb-obj-m-20265502,object_property_uncertainty,medium,4,remove_provenance,0.7070903724172581,0.29290962758274186,handle_gently,handle_gently,1,1.21238625,0.0
spb-obj-m-20265502,object_property_uncertainty,medium,4,remove_belief_separation,0.417,0.583,handle_gently,handle_gently,1,1.21238625,0.0
spb-obj-m-20265502,object_property_uncertainty,medium,4,remove_sample_identity,0.417,0.583,handle_gently,handle_gently,1,1.21238625,0.0
spb-obj-m-20265502,object_property_uncertainty,medium,4,attention_only,0.417,0.583,handle_fast,handle_gently,0,-1.9974307812500003,3.20981703125
spb-obj-m-20265502,object_property_uncertainty,medium,4,simple_dedup,0.417,0.583,handle_gently,handle_gently,1,1.21238625,0.0
spb-obj-m-20265502,object_property_uncertainty,medium,4,random_grouping,0.417,0.583,handle_gently,handle_gently,1,1.21238625,0.0
spb-obj-m-20265502,object_property_uncertainty,medium,4,oracle_grouping,0.417,0.583,handle_gently,handle_gently,1,1.21238625,0.0
spb-obj-m-20265502,object_property_uncertainty,medium,8,remove_provenance,0.9243626869166219,0.07563731308337807,handle_gently,handle_gently,1,1.21238625,0.0
spb-obj-m-20265502,object_property_uncertainty,medium,8,remove_belief_separation,0.417,0.583,handle_gently,handle_gently,1,1.21238625,0.0
spb-obj-m-20265502,object_property_uncertainty,medium,8,remove_sample_identity,0.417,0.583,handle_gently,handle_gently,1,1.21238625,0.0
spb-obj-m-20265502,object_property_uncertainty,medium,8,attention_only,0.417,0.583,handle_fast,handle_gently,0,-1.9974307812500003,3.20981703125
spb-obj-m-20265502,object_property_uncertainty,medium,8,simple_dedup,0.417,0.583,handle_gently,handle_gently,1,1.21238625,0.0
spb-obj-m-20265502,object_property_uncertainty,medium,8,random_grouping,0.417,0.583,handle_gently,handle_gently,1,1.21238625,0.0
spb-obj-m-20265502,object_property_uncertainty,medium,8,oracle_grouping,0.417,0.583,handle_gently,handle_gently,1,1.21238625,0.0
spb-obj-m-20265502,object_property_uncertainty,medium,16,remove_provenance,0.996817420703876,0.0031825792961239774,handle_gently,handle_gently,1,1.21238625,0.0
spb-obj-m-20265502,object_property_uncertainty,medium,16,remove_belief_separation,0.417,0.583,handle_gently,handle_gently,1,1.21238625,0.0
spb-obj-m-20265502,object_property_uncertainty,medium,16,remove_sample_identity,0.417,0.583,handle_gently,handle_gently,1,1.21238625,0.0
spb-obj-m-20265502,object_property_uncertainty,medium,16,attention_only,0.417,0.583,handle_fast,handle_gently,0,-1.9974307812500003,3.20981703125
spb-obj-m-20265502,object_property_uncertainty,medium,16,simple_dedup,0.417,0.583,handle_gently,handle_gently,1,1.21238625,0.0
spb-obj-m-20265502,object_property_uncertainty,medium,16,random_grouping,0.417,0.583,handle_gently,handle_gently,1,1.21238625,0.0
spb-obj-m-20265502,object_property_uncertainty,medium,16,oracle_grouping,0.417,0.583,handle_gently,handle_gently,1,1.21238625,0.0
spb-obj-m-20265502,object_property_uncertainty,medium,32,remove_provenance,0.999995139271565,4.860728434974426e-06,handle_gently,handle_gently,1,1.21238625,0.0
spb-obj-m-20265502,object_property_uncertainty,medium,32,remove_belief_separation,0.417,0.583,handle_gently,handle_gently,1,1.21238625,0.0
spb-obj-m-20265502,object_property_uncertainty,medium,32,remove_sample_identity,0.417,0.583,handle_gently,handle_gently,1,1.21238625,0.0
spb-obj-m-20265502,object_property_uncertainty,medium,32,attention_only,0.417,0.583,handle_fast,handle_gently,0,-1.9974307812500003,3.20981703125
spb-obj-m-20265502,object_property_uncertainty,medium,32,simple_dedup,0.417,0.583,handle_gently,handle_gently,1,1.21238625,0.0
spb-obj-m-20265502,object_property_uncertainty,medium,32,random_grouping,0.417,0.583,handle_gently,handle_gently,1,1.21238625,0.0
spb-obj-m-20265502,object_property_uncertainty,medium,32,oracle_grouping,0.417,0.583,handle_gently,handle_gently,1,1.21238625,0.0
spb-obj-m-20265502,object_property_uncertainty,medium,64,remove_provenance,0.9999999999887337,1.1266321209291164e-11,handle_gently,handle_gently,1,1.21238625,0.0
spb-obj-m-20265502,object_property_uncertainty,medium,64,remove_belief_separation,0.417,0.583,handle_gently,handle_gently,1,1.21238625,0.0
spb-obj-m-20265502,object_property_uncertainty,medium,64,remove_sample_identity,0.417,0.583,handle_gently,handle_gently,1,1.21238625,0.0
spb-obj-m-20265502,object_property_uncertainty,medium,64,attention_only,0.417,0.583,handle_fast,handle_gently,0,-1.9974307812500003,3.20981703125
spb-obj-m-20265502,object_property_uncertainty,medium,64,simple_dedup,0.417,0.583,handle_gently,handle_gently,1,1.21238625,0.0
spb-obj-m-20265502,object_property_uncertainty,medium,64,random_grouping,0.417,0.583,handle_gently,handle_gently,1,1.21238625,0.0
spb-obj-m-20265502,object_property_uncertainty,medium,64,oracle_grouping,0.417,0.583,handle_gently,handle_gently,1,1.21238625,0.0
spb-obj-m-20265553,object_property_uncertainty,medium,1,remove_provenance,0.8242000000000002,0.17579999999999985,handle_gently,handle_gently,1,1.18607546875,0.0
spb-obj-m-20265553,object_property_uncertainty,medium,1,remove_belief_separation,0.8242,0.17579999999999996,handle_gently,handle_gently,1,1.18607546875,0.0
spb-obj-m-20265553,object_property_uncertainty,medium,1,remove_sample_identity,0.8242,0.17579999999999996,handle_gently,handle_gently,1,1.18607546875,0.0
spb-obj-m-20265553,object_property_uncertainty,medium,1,attention_only,0.8242,0.17579999999999996,handle_fast,handle_gently,0,-1.9936853125,3.1797607812499997
spb-obj-m-20265553,object_property_uncertainty,medium,1,simple_dedup,0.8242,0.17579999999999996,handle_gently,handle_gently,1,1.18607546875,0.0
spb-obj-m-20265553,object_property_uncertainty,medium,1,random_grouping,0.8242,0.17579999999999996,handle_gently,handle_gently,1,1.18607546875,0.0
spb-obj-m-20265553,object_property_uncertainty,medium,1,oracle_grouping,0.8242,0.17579999999999996,handle_gently,handle_gently,1,1.18607546875,0.0
spb-obj-m-20265553,object_property_uncertainty,medium,2,remove_provenance,0.8755045676651796,0.12449543233482041,handle_gently,handle_gently,1,1.18607546875,0.0
spb-obj-m-20265553,object_property_uncertainty,medium,2,remove_belief_separation,0.8242,0.17579999999999996,handle_gently,handle_gently,1,1.18607546875,0.0
spb-obj-m-20265553,object_property_uncertainty,medium,2,remove_sample_identity,0.8242,0.17579999999999996,handle_gently,handle_gently,1,1.18607546875,0.0
spb-obj-m-20265553,object_property_uncertainty,medium,2,attention_only,0.8242,0.17579999999999996,handle_fast,handle_gently,0,-1.9936853125,3.1797607812499997
spb-obj-m-20265553,object_property_uncertainty,medium,2,simple_dedup,0.8242,0.17579999999999996,handle_gently,handle_gently,1,1.18607546875,0.0
spb-obj-m-20265553,object_property_uncertainty,medium,2,random_grouping,0.8242,0.17579999999999996,handle_gently,handle_gently,1,1.18607546875,0.0
spb-obj-m-20265553,object_property_uncertainty,medium,2,oracle_grouping,0.8242,0.17579999999999996,handle_gently,handle_gently,1,1.18607546875,0.0
spb-obj-m-20265553,object_property_uncertainty,medium,4,remove_provenance,0.9405574011614638,0.0594425988385362,handle_gently,handle_gently,1,1.18607546875,0.0
spb-obj-m-20265553,object_property_uncertainty,medium,4,remove_belief_separation,0.8242,0.17579999999999996,handle_gently,handle_gently,1,1.18607546875,0.0
spb-obj-m-20265553,object_property_uncertainty,medium,4,remove_sample_identity,0.8242,0.17579999999999996,handle_gently,handle_gently,1,1.18607546875,0.0
spb-obj-m-20265553,object_property_uncertainty,medium,4,attention_only,0.8242,0.17579999999999996,handle_fast,handle_gently,0,-1.9936853125,3.1797607812499997
spb-obj-m-20265553,object_property_uncertainty,medium,4,simple_dedup,0.8242,0.17579999999999996,handle_gently,handle_gently,1,1.18607546875,0.0
spb-obj-m-20265553,object_property_uncertainty,medium,4,random_grouping,0.8242,0.17579999999999996,handle_gently,handle_gently,1,1.18607546875,0.0
spb-obj-m-20265553,object_property_uncertainty,medium,4,oracle_grouping,0.8242,0.17579999999999996,handle_gently,handle_gently,1,1.18607546875,0.0
spb-obj-m-20265553,object_property_uncertainty,medium,8,remove_provenance,0.98767010562798,0.012329894372020034,handle_gently,handle_gently,1,1.18607546875,0.0
spb-obj-m-20265553,object_property_uncertainty,medium,8,remove_belief_separation,0.8242,0.17579999999999996,handle_gently,handle_gently,1,1.18607546875,0.0
spb-obj-m-20265553,object_property_uncertainty,medium,8,remove_sample_identity,0.8242,0.17579999999999996,handle_gently,handle_gently,1,1.18607546875,0.0
spb-obj-m-20265553,object_property_uncertainty,medium,8,attention_only,0.8242,0.17579999999999996,handle_fast,handle_gently,0,-1.9936853125,3.1797607812499997
spb-obj-m-20265553,object_property_uncertainty,medium,8,simple_dedup,0.8242,0.17579999999999996,handle_gently,handle_gently,1,1.18607546875,0.0
spb-obj-m-20265553,object_property_uncertainty,medium,8,random_grouping,0.8242,0.17579999999999996,handle_gently,handle_gently,1,1.18607546875,0.0
spb-obj-m-20265553,object_property_uncertainty,medium,8,oracle_grouping,0.8242,0.17579999999999996,handle_gently,handle_gently,1,1.18607546875,0.0
spb-obj-m-20265553,object_property_uncertainty,medium,16,remove_provenance,0.9995131379967093,0.00048686200329073337,handle_gently,handle_gently,1,1.18607546875,0.0
spb-obj-m-20265553,object_property_uncertainty,medium,16,remove_belief_separation,0.8242,0.17579999999999996,handle_gently,handle_gently,1,1.18607546875,0.0
spb-obj-m-20265553,object_property_uncertainty,medium,16,remove_sample_identity,0.8242,0.17579999999999996,handle_gently,handle_gently,1,1.18607546875,0.0
spb-obj-m-20265553,object_property_uncertainty,medium,16,attention_only,0.8242,0.17579999999999996,handle_fast,handle_gently,0,-1.9936853125,3.1797607812499997
spb-obj-m-20265553,object_property_uncertainty,medium,16,simple_dedup,0.8242,0.17579999999999996,handle_gently,handle_gently,1,1.18607546875,0.0
spb-obj-m-20265553,object_property_uncertainty,medium,16,random_grouping,0.8242,0.17579999999999996,handle_gently,handle_gently,1,1.18607546875,0.0
spb-obj-m-20265553,object_property_uncertainty,medium,16,oracle_grouping,0.8242,0.17579999999999996,handle_gently,handle_gently,1,1.18607546875,0.0
spb-obj-m-20265553,object_property_uncertainty,medium,32,remove_provenance,0.9999992584218796,7.415781203556904e-07,handle_gently,handle_gently,1,1.18607546875,0.0
spb-obj-m-20265553,object_property_uncertainty,medium,32,remove_belief_separation,0.8242,0.17579999999999996,handle_gently,handle_gently,1,1.18607546875,0.0
spb-obj-m-20265553,object_property_uncertainty,medium,32,remove_sample_identity,0.8242,0.17579999999999996,handle_gently,handle_gently,1,1.18607546875,0.0
spb-obj-m-20265553,object_property_uncertainty,medium,32,attention_only,0.8242,0.17579999999999996,handle_fast,handle_gently,0,-1.9936853125,3.1797607812499997
spb-obj-m-20265553,object_property_uncertainty,medium,32,simple_dedup,0.8242,0.17579999999999996,handle_gently,handle_gently,1,1.18607546875,0.0
spb-obj-m-20265553,object_property_uncertainty,medium,32,random_grouping,0.8242,0.17579999999999996,handle_gently,handle_gently,1,1.18607546875,0.0
spb-obj-m-20265553,object_property_uncertainty,medium,32,oracle_grouping,0.8242,0.17579999999999996,handle_gently,handle_gently,1,1.18607546875,0.0
spb-obj-m-20265553,object_property_uncertainty,medium,64,remove_provenance,0.9999999999982812,1.7188472867246674e-12,handle_gently,handle_gently,1,1.18607546875,0.0
spb-obj-m-20265553,object_property_uncertainty,medium,64,remove_belief_separation,0.8242,0.17579999999999996,handle_gently,handle_gently,1,1.18607546875,0.0
spb-obj-m-20265553,object_property_uncertainty,medium,64,remove_sample_identity,0.8242,0.17579999999999996,handle_gently,handle_gently,1,1.18607546875,0.0
spb-obj-m-20265553,object_property_uncertainty,medium,64,attention_only,0.8242,0.17579999999999996,handle_fast,handle_gently,0,-1.9936853125,3.1797607812499997
spb-obj-m-20265553,object_property_uncertainty,medium,64,simple_dedup,0.8242,0.17579999999999996,handle_gently,handle_gently,1,1.18607546875,0.0
spb-obj-m-20265553,object_property_uncertainty,medium,64,random_grouping,0.8242,0.17579999999999996,handle_gently,handle_gently,1,1.18607546875,0.0
spb-obj-m-20265553,object_property_uncertainty,medium,64,oracle_grouping,0.8242,0.17579999999999996,handle_gently,handle_gently,1,1.18607546875,0.0
spb-obj-h-20265570,object_property_uncertainty,hard,1,remove_provenance,0.7230999999999999,0.7230999999999999,handle_gently,handle_fast,0,1.17431625,0.5561085937500001
spb-obj-h-20265570,object_property_uncertainty,hard,1,remove_belief_separation,0.7231,0.7231,handle_gently,handle_fast,0,1.17431625,0.5561085937500001
spb-obj-h-20265570,object_property_uncertainty,hard,1,remove_sample_identity,0.7231,0.7231,handle_gently,handle_fast,0,1.17431625,0.5561085937500001
spb-obj-h-20265570,object_property_uncertainty,hard,1,attention_only,0.7231,0.7231,handle_fast,handle_fast,1,1.73042484375,0.0
spb-obj-h-20265570,object_property_uncertainty,hard,1,simple_dedup,0.7231,0.7231,handle_gently,handle_fast,0,1.17431625,0.5561085937500001
spb-obj-h-20265570,object_property_uncertainty,hard,1,random_grouping,0.7231,0.7231,handle_gently,handle_fast,0,1.17431625,0.5561085937500001
spb-obj-h-20265570,object_property_uncertainty,hard,1,oracle_grouping,0.7231,0.7231,handle_gently,handle_fast,0,1.17431625,0.5561085937500001
spb-obj-h-20265570,object_property_uncertainty,hard,2,remove_provenance,0.7966288421284564,0.7966288421284564,handle_gently,handle_fast,0,1.17431625,0.5561085937500001
spb-obj-h-20265570,object_property_uncertainty,hard,2,remove_belief_separation,0.7231,0.7231,handle_gently,handle_fast,0,1.17431625,0.5561085937500001
spb-obj-h-20265570,object_property_uncertainty,hard,2,remove_sample_identity,0.7231,0.7231,handle_gently,handle_fast,0,1.17431625,0.5561085937500001
spb-obj-h-20265570,object_property_uncertainty,hard,2,attention_only,0.7231,0.7231,handle_fast,handle_fast,1,1.73042484375,0.0
spb-obj-h-20265570,object_property_uncertainty,hard,2,simple_dedup,0.7231,0.7231,handle_gently,handle_fast,0,1.17431625,0.5561085937500001
spb-obj-h-20265570,object_property_uncertainty,hard,2,random_grouping,0.7231,0.7231,handle_gently,handle_fast,0,1.17431625,0.5561085937500001
spb-obj-h-20265570,object_property_uncertainty,hard,2,oracle_grouping,0.7231,0.7231,handle_gently,handle_fast,0,1.17431625,0.5561085937500001
spb-obj-h-20265570,object_property_uncertainty,hard,4,remove_provenance,0.8980997198570305,0.8980997198570305,handle_gently,handle_fast,0,1.17431625,0.5561085937500001
spb-obj-h-20265570,object_property_uncertainty,hard,4,remove_belief_separation,0.7231,0.7231,handle_gently,handle_fast,0,1.17431625,0.5561085937500001
spb-obj-h-20265570,object_property_uncertainty,hard,4,remove_sample_identity,0.7231,0.7231,handle_gently,handle_fast,0,1.17431625,0.5561085937500001
spb-obj-h-20265570,object_property_uncertainty,hard,4,attention_only,0.7231,0.7231,handle_fast,handle_fast,1,1.73042484375,0.0
spb-obj-h-20265570,object_property_uncertainty,hard,4,simple_dedup,0.7231,0.7231,handle_gently,handle_fast,0,1.17431625,0.5561085937500001
spb-obj-h-20265570,object_property_uncertainty,hard,4,random_grouping,0.7231,0.7231,handle_gently,handle_fast,0,1.17431625,0.5561085937500001
spb-obj-h-20265570,object_property_uncertainty,hard,4,oracle_grouping,0.7231,0.7231,handle_gently,handle_fast,0,1.17431625,0.5561085937500001
spb-obj-h-20265570,object_property_uncertainty,hard,8,remove_provenance,0.9780790319327631,0.9780790319327631,handle_gently,handle_fast,0,1.17431625,0.5561085937500001
spb-obj-h-20265570,object_property_uncertainty,hard,8,remove_belief_separation,0.7231,0.7231,handle_gently,handle_fast,0,1.17431625,0.5561085937500001
spb-obj-h-20265570,object_property_uncertainty,hard,8,remove_sample_identity,0.7231,0.7231,handle_gently,handle_fast,0,1.17431625,0.5561085937500001
spb-obj-h-20265570,object_property_uncertainty,hard,8,attention_only,0.7231,0.7231,handle_fast,handle_fast,1,1.73042484375,0.0
spb-obj-h-20265570,object_property_uncertainty,hard,8,simple_dedup,0.7231,0.7231,handle_gently,handle_fast,0,1.17431625,0.5561085937500001
spb-obj-h-20265570,object_property_uncertainty,hard,8,random_grouping,0.7231,0.7231,handle_gently,handle_fast,0,1.17431625,0.5561085937500001
spb-obj-h-20265570,object_property_uncertainty,hard,8,oracle_grouping,0.7231,0.7231,handle_gently,handle_fast,0,1.17431625,0.5561085937500001
spb-obj-h-20265570,object_property_uncertainty,hard,16,remove_provenance,0.9991262723343359,0.9991262723343359,handle_gently,handle_fast,0,1.17431625,0.5561085937500001
spb-obj-h-20265570,object_property_uncertainty,hard,16,remove_belief_separation,0.7231,0.7231,handle_gently,handle_fast,0,1.17431625,0.5561085937500001
spb-obj-h-20265570,object_property_uncertainty,hard,16,remove_sample_identity,0.7231,0.7231,handle_gently,handle_fast,0,1.17431625,0.5561085937500001
spb-obj-h-20265570,object_property_uncertainty,hard,16,attention_only,0.7231,0.7231,handle_fast,handle_fast,1,1.73042484375,0.0
spb-obj-h-20265570,object_property_uncertainty,hard,16,simple_dedup,0.7231,0.7231,handle_gently,handle_fast,0,1.17431625,0.5561085937500001
spb-obj-h-20265570,object_property_uncertainty,hard,16,random_grouping,0.7231,0.7231,handle_gently,handle_fast,0,1.17431625,0.5561085937500001
spb-obj-h-20265570,object_property_uncertainty,hard,16,oracle_grouping,0.7231,0.7231,handle_gently,handle_fast,0,1.17431625,0.5561085937500001
spb-obj-h-20265570,object_property_uncertainty,hard,32,remove_provenance,0.9999986686415921,0.9999986686415921,handle_gently,handle_fast,0,1.17431625,0.5561085937500001
spb-obj-h-20265570,object_property_uncertainty,hard,32,remove_belief_separation,0.7231,0.7231,handle_gently,handle_fast,0,1.17431625,0.5561085937500001
spb-obj-h-20265570,object_property_uncertainty,hard,32,remove_sample_identity,0.7231,0.7231,handle_gently,handle_fast,0,1.17431625,0.5561085937500001
spb-obj-h-20265570,object_property_uncertainty,hard,32,attention_only,0.7231,0.7231,handle_fast,handle_fast,1,1.73042484375,0.0
spb-obj-h-20265570,object_property_uncertainty,hard,32,simple_dedup,0.7231,0.7231,handle_gently,handle_fast,0,1.17431625,0.5561085937500001
spb-obj-h-20265570,object_property_uncertainty,hard,32,random_grouping,0.7231,0.7231,handle_gently,handle_fast,0,1.17431625,0.5561085937500001
spb-obj-h-20265570,object_property_uncertainty,hard,32,oracle_grouping,0.7231,0.7231,handle_gently,handle_fast,0,1.17431625,0.5561085937500001
spb-obj-h-20265570,object_property_uncertainty,hard,64,remove_provenance,0.9999999999969142,0.9999999999969142,handle_gently,handle_fast,0,1.17431625,0.5561085937500001
spb-obj-h-20265570,object_property_uncertainty,hard,64,remove_belief_separation,0.7231,0.7231,handle_gently,handle_fast,0,1.17431625,0.5561085937500001
spb-obj-h-20265570,object_property_uncertainty,hard,64,remove_sample_identity,0.7231,0.7231,handle_gently,handle_fast,0,1.17431625,0.5561085937500001
spb-obj-h-20265570,object_property_uncertainty,hard,64,attention_only,0.7231,0.7231,handle_fast,handle_fast,1,1.73042484375,0.0
spb-obj-h-20265570,object_property_uncertainty,hard,64,simple_dedup,0.7231,0.7231,handle_gently,handle_fast,0,1.17431625,0.5561085937500001
spb-obj-h-20265570,object_property_uncertainty,hard,64,random_grouping,0.7231,0.7231,handle_gently,handle_fast,0,1.17431625,0.5561085937500001
spb-obj-h-20265570,object_property_uncertainty,hard,64,oracle_grouping,0.7231,0.7231,handle_gently,handle_fast,0,1.17431625,0.5561085937500001
spb-obj-e-20265638,object_property_uncertainty,easy,1,remove_provenance,0.41680000000000006,0.5831999999999999,handle_gently,handle_gently,1,1.201384375,0.0
spb-obj-e-20265638,object_property_uncertainty,easy,1,remove_belief_separation,0.4168,0.5831999999999999,handle_gently,handle_gently,1,1.201384375,0.0
spb-obj-e-20265638,object_property_uncertainty,easy,1,remove_sample_identity,0.4168,0.5831999999999999,handle_gently,handle_gently,1,1.201384375,0.0
spb-obj-e-20265638,object_property_uncertainty,easy,1,attention_only,0.4168,0.5831999999999999,handle_fast,handle_gently,0,-2.00129890625,3.20268328125
spb-obj-e-20265638,object_property_uncertainty,easy,1,simple_dedup,0.4168,0.5831999999999999,handle_gently,handle_gently,1,1.201384375,0.0
spb-obj-e-20265638,object_property_uncertainty,easy,1,random_grouping,0.4168,0.5831999999999999,handle_gently,handle_gently,1,1.201384375,0.0
spb-obj-e-20265638,object_property_uncertainty,easy,1,oracle_grouping,0.4168,0.5831999999999999,handle_gently,handle_gently,1,1.201384375,0.0
spb-obj-e-20265638,object_property_uncertainty,easy,2,remove_provenance,0.5173783515392255,0.4826216484607745,handle_gently,handle_gently,1,1.201384375,0.0
spb-obj-e-20265638,object_property_uncertainty,easy,2,remove_belief_separation,0.4168,0.5831999999999999,handle_gently,handle_gently,1,1.201384375,0.0
spb-obj-e-20265638,object_property_uncertainty,easy,2,remove_sample_identity,0.4168,0.5831999999999999,handle_gently,handle_gently,1,1.201384375,0.0
spb-obj-e-20265638,object_property_uncertainty,easy,2,attention_only,0.4168,0.5831999999999999,handle_fast,handle_gently,0,-2.00129890625,3.20268328125
spb-obj-e-20265638,object_property_uncertainty,easy,2,simple_dedup,0.4168,0.5831999999999999,handle_gently,handle_gently,1,1.201384375,0.0
spb-obj-e-20265638,object_property_uncertainty,easy,2,random_grouping,0.4168,0.5831999999999999,handle_gently,handle_gently,1,1.201384375,0.0
spb-obj-e-20265638,object_property_uncertainty,easy,2,oracle_grouping,0.4168,0.5831999999999999,handle_gently,handle_gently,1,1.201384375,0.0
spb-obj-e-20265638,object_property_uncertainty,easy,4,remove_provenance,0.7069199457259159,0.2930800542740841,handle_gently,handle_gently,1,1.201384375,0.0
spb-obj-e-20265638,object_property_uncertainty,easy,4,remove_belief_separation,0.4168,0.5831999999999999,handle_gently,handle_gently,1,1.201384375,0.0
spb-obj-e-20265638,object_property_uncertainty,easy,4,remove_sample_identity,0.4168,0.5831999999999999,handle_gently,handle_gently,1,1.201384375,0.0
spb-obj-e-20265638,object_property_uncertainty,easy,4,attention_only,0.4168,0.5831999999999999,handle_fast,handle_gently,0,-2.00129890625,3.20268328125
spb-obj-e-20265638,object_property_uncertainty,easy,4,simple_dedup,0.4168,0.5831999999999999,handle_gently,handle_gently,1,1.201384375,0.0
spb-obj-e-20265638,object_property_uncertainty,easy,4,random_grouping,0.4168,0.5831999999999999,handle_gently,handle_gently,1,1.201384375,0.0
spb-obj-e-20265638,object_property_uncertainty,easy,4,oracle_grouping,0.4168,0.5831999999999999,handle_gently,handle_gently,1,1.201384375,0.0
spb-obj-e-20265638,object_property_uncertainty,easy,8,remove_provenance,0.9243051448846836,0.07569485511531637,handle_gently,handle_gently,1,1.201384375,0.0
spb-obj-e-20265638,object_property_uncertainty,easy,8,remove_belief_separation,0.4168,0.5831999999999999,handle_gently,handle_gently,1,1.201384375,0.0
spb-obj-e-20265638,object_property_uncertainty,easy,8,remove_sample_identity,0.4168,0.5831999999999999,handle_gently,handle_gently,1,1.201384375,0.0
spb-obj-e-20265638,object_property_uncertainty,easy,8,attention_only,0.4168,0.5831999999999999,handle_fast,handle_gently,0,-2.00129890625,3.20268328125
spb-obj-e-20265638,object_property_uncertainty,easy,8,simple_dedup,0.4168,0.5831999999999999,handle_gently,handle_gently,1,1.201384375,0.0
spb-obj-e-20265638,object_property_uncertainty,easy,8,random_grouping,0.4168,0.5831999999999999,handle_gently,handle_gently,1,1.201384375,0.0
spb-obj-e-20265638,object_property_uncertainty,easy,8,oracle_grouping,0.4168,0.5831999999999999,handle_gently,handle_gently,1,1.201384375,0.0
spb-obj-e-20265638,object_property_uncertainty,easy,16,remove_provenance,0.9968148095801834,0.003185190419816575,handle_gently,handle_gently,1,1.201384375,0.0
spb-obj-e-20265638,object_property_uncertainty,easy,16,remove_belief_separation,0.4168,0.5831999999999999,handle_gently,handle_gently,1,1.201384375,0.0
spb-obj-e-20265638,object_property_uncertainty,easy,16,remove_sample_identity,0.4168,0.5831999999999999,handle_gently,handle_gently,1,1.201384375,0.0
spb-obj-e-20265638,object_property_uncertainty,easy,16,attention_only,0.4168,0.5831999999999999,handle_fast,handle_gently,0,-2.00129890625,3.20268328125
spb-obj-e-20265638,object_property_uncertainty,easy,16,simple_dedup,0.4168,0.5831999999999999,handle_gently,handle_gently,1,1.201384375,0.0
spb-obj-e-20265638,object_property_uncertainty,easy,16,random_grouping,0.4168,0.5831999999999999,handle_gently,handle_gently,1,1.201384375,0.0
spb-obj-e-20265638,object_property_uncertainty,easy,16,oracle_grouping,0.4168,0.5831999999999999,handle_gently,handle_gently,1,1.201384375,0.0
spb-obj-e-20265638,object_property_uncertainty,easy,32,remove_provenance,0.9999951352708927,4.8647291073233845e-06,handle_gently,handle_gently,1,1.201384375,0.0
spb-obj-e-20265638,object_property_uncertainty,easy,32,remove_belief_separation,0.4168,0.5831999999999999,handle_gently,handle_gently,1,1.201384375,0.0
spb-obj-e-20265638,object_property_uncertainty,easy,32,remove_sample_identity,0.4168,0.5831999999999999,handle_gently,handle_gently,1,1.201384375,0.0
spb-obj-e-20265638,object_property_uncertainty,easy,32,attention_only,0.4168,0.5831999999999999,handle_fast,handle_gently,0,-2.00129890625,3.20268328125
spb-obj-e-20265638,object_property_uncertainty,easy,32,simple_dedup,0.4168,0.5831999999999999,handle_gently,handle_gently,1,1.201384375,0.0
spb-obj-e-20265638,object_property_uncertainty,easy,32,random_grouping,0.4168,0.5831999999999999,handle_gently,handle_gently,1,1.201384375,0.0
spb-obj-e-20265638,object_property_uncertainty,easy,32,oracle_grouping,0.4168,0.5831999999999999,handle_gently,handle_gently,1,1.201384375,0.0
spb-obj-e-20265638,object_property_uncertainty,easy,64,remove_provenance,0.9999999999887244,1.1275647082698015e-11,handle_gently,handle_gently,1,1.201384375,0.0
spb-obj-e-20265638,object_property_uncertainty,easy,64,remove_belief_separation,0.4168,0.5831999999999999,handle_gently,handle_gently,1,1.201384375,0.0
spb-obj-e-20265638,object_property_uncertainty,easy,64,remove_sample_identity,0.4168,0.5831999999999999,handle_gently,handle_gently,1,1.201384375,0.0
spb-obj-e-20265638,object_property_uncertainty,easy,64,attention_only,0.4168,0.5831999999999999,handle_fast,handle_gently,0,-2.00129890625,3.20268328125
spb-obj-e-20265638,object_property_uncertainty,easy,64,simple_dedup,0.4168,0.5831999999999999,handle_gently,handle_gently,1,1.201384375,0.0
spb-obj-e-20265638,object_property_uncertainty,easy,64,random_grouping,0.4168,0.5831999999999999,handle_gently,handle_gently,1,1.201384375,0.0
spb-obj-e-20265638,object_property_uncertainty,easy,64,oracle_grouping,0.4168,0.5831999999999999,handle_gently,handle_gently,1,1.201384375,0.0
spb-obj-m-20265655,object_property_uncertainty,medium,1,remove_provenance,0.2564,0.7436,handle_gently,handle_gently,1,1.1843478125,0.0
spb-obj-m-20265655,object_property_uncertainty,medium,1,remove_belief_separation,0.2564,0.7436,handle_gently,handle_gently,1,1.1843478125,0.0
spb-obj-m-20265655,object_property_uncertainty,medium,1,remove_sample_identity,0.2564,0.7436,handle_gently,handle_gently,1,1.1843478125,0.0
spb-obj-m-20265655,object_property_uncertainty,medium,1,attention_only,0.2564,0.7436,handle_fast,handle_gently,0,-1.98303984375,3.16738765625
spb-obj-m-20265655,object_property_uncertainty,medium,1,simple_dedup,0.2564,0.7436,handle_gently,handle_gently,1,1.1843478125,0.0
spb-obj-m-20265655,object_property_uncertainty,medium,1,random_grouping,0.2564,0.7436,handle_gently,handle_gently,1,1.1843478125,0.0
spb-obj-m-20265655,object_property_uncertainty,medium,1,oracle_grouping,0.2564,0.7436,handle_gently,handle_gently,1,1.1843478125,0.0
spb-obj-m-20265655,object_property_uncertainty,medium,2,remove_provenance,0.3408970040772913,0.6591029959227087,handle_gently,handle_gently,1,1.1843478125,0.0
spb-obj-m-20265655,object_property_uncertainty,medium,2,remove_belief_separation,0.2564,0.7436,handle_gently,handle_gently,1,1.1843478125,0.0
spb-obj-m-20265655,object_property_uncertainty,medium,2,remove_sample_identity,0.2564,0.7436,handle_gently,handle_gently,1,1.1843478125,0.0
spb-obj-m-20265655,object_property_uncertainty,medium,2,attention_only,0.2564,0.7436,handle_fast,handle_gently,0,-1.98303984375,3.16738765625
spb-obj-m-20265655,object_property_uncertainty,medium,2,simple_dedup,0.2564,0.7436,handle_gently,handle_gently,1,1.1843478125,0.0
spb-obj-m-20265655,object_property_uncertainty,medium,2,random_grouping,0.2564,0.7436,handle_gently,handle_gently,1,1.1843478125,0.0
spb-obj-m-20265655,object_property_uncertainty,medium,2,oracle_grouping,0.2564,0.7436,handle_gently,handle_gently,1,1.1843478125,0.0
spb-obj-m-20265655,object_property_uncertainty,medium,4,remove_provenance,0.5378352341589235,0.46216476584107646,handle_gently,handle_gently,1,1.1843478125,0.0
spb-obj-m-20265655,object_property_uncertainty,medium,4,remove_belief_separation,0.2564,0.7436,handle_gently,handle_gently,1,1.1843478125,0.0
spb-obj-m-20265655,object_property_uncertainty,medium,4,remove_sample_identity,0.2564,0.7436,handle_gently,handle_gently,1,1.1843478125,0.0
spb-obj-m-20265655,object_property_uncertainty,medium,4,attention_only,0.2564,0.7436,handle_fast,handle_gently,0,-1.98303984375,3.16738765625
spb-obj-m-20265655,object_property_uncertainty,medium,4,simple_dedup,0.2564,0.7436,handle_gently,handle_gently,1,1.1843478125,0.0
spb-obj-m-20265655,object_property_uncertainty,medium,4,random_grouping,0.2564,0.7436,handle_gently,handle_gently,1,1.1843478125,0.0
spb-obj-m-20265655,object_property_uncertainty,medium,4,oracle_grouping,0.2564,0.7436,handle_gently,handle_gently,1,1.1843478125,0.0
spb-obj-m-20265655,object_property_uncertainty,medium,8,remove_provenance,0.8548913020278457,0.1451086979721543,handle_gently,handle_gently,1,1.1843478125,0.0
spb-obj-m-20265655,object_property_uncertainty,medium,8,remove_belief_separation,0.2564,0.7436,handle_gently,handle_gently,1,1.1843478125,0.0
spb-obj-m-20265655,object_property_uncertainty,medium,8,remove_sample_identity,0.2564,0.7436,handle_gently,handle_gently,1,1.1843478125,0.0
spb-obj-m-20265655,object_property_uncertainty,medium,8,attention_only,0.2564,0.7436,handle_fast,handle_gently,0,-1.98303984375,3.16738765625
spb-obj-m-20265655,object_property_uncertainty,medium,8,simple_dedup,0.2564,0.7436,handle_gently,handle_gently,1,1.1843478125,0.0
spb-obj-m-20265655,object_property_uncertainty,medium,8,random_grouping,0.2564,0.7436,handle_gently,handle_gently,1,1.1843478125,0.0
spb-obj-m-20265655,object_property_uncertainty,medium,8,oracle_grouping,0.2564,0.7436,handle_gently,handle_gently,1,1.1843478125,0.0
spb-obj-m-20265655,object_property_uncertainty,medium,16,remove_provenance,0.9934206098516736,0.006579390148326425,handle_gently,handle_gently,1,1.1843478125,0.0
spb-obj-m-20265655,object_property_uncertainty,medium,16,remove_belief_separation,0.2564,0.7436,handle_gently,handle_gently,1,1.1843478125,0.0
spb-obj-m-20265655,object_property_uncertainty,medium,16,remove_sample_identity,0.2564,0.7436,handle_gently,handle_gently,1,1.1843478125,0.0
spb-obj-m-20265655,object_property_uncertainty,medium,16,attention_only,0.2564,0.7436,handle_fast,handle_gently,0,-1.98303984375,3.16738765625
spb-obj-m-20265655,object_property_uncertainty,medium,16,simple_dedup,0.2564,0.7436,handle_gently,handle_gently,1,1.1843478125,0.0
spb-obj-m-20265655,object_property_uncertainty,medium,16,random_grouping,0.2564,0.7436,handle_gently,handle_gently,1,1.1843478125,0.0
spb-obj-m-20265655,object_property_uncertainty,medium,16,oracle_grouping,0.2564,0.7436,handle_gently,handle_gently,1,1.1843478125,0.0
spb-obj-m-20265655,object_property_uncertainty,medium,32,remove_provenance,0.9999899170421772,1.0082957822787897e-05,handle_gently,handle_gently,1,1.1843478125,0.0
spb-obj-m-20265655,object_property_uncertainty,medium,32,remove_belief_separation,0.2564,0.7436,handle_gently,handle_gently,1,1.1843478125,0.0
spb-obj-m-20265655,object_property_uncertainty,medium,32,remove_sample_identity,0.2564,0.7436,handle_gently,handle_gently,1,1.1843478125,0.0
spb-obj-m-20265655,object_property_uncertainty,medium,32,attention_only,0.2564,0.7436,handle_fast,handle_gently,0,-1.98303984375,3.16738765625
spb-obj-m-20265655,object_property_uncertainty,medium,32,simple_dedup,0.2564,0.7436,handle_gently,handle_gently,1,1.1843478125,0.0
spb-obj-m-20265655,object_property_uncertainty,medium,32,random_grouping,0.2564,0.7436,handle_gently,handle_gently,1,1.1843478125,0.0
spb-obj-m-20265655,object_property_uncertainty,medium,32,oracle_grouping,0.2564,0.7436,handle_gently,handle_gently,1,1.1843478125,0.0
spb-obj-m-20265655,object_property_uncertainty,medium,64,remove_provenance,0.9999999999766294,2.3370638757569395e-11,handle_gently,handle_gently,1,1.1843478125,0.0
spb-obj-m-20265655,object_property_uncertainty,medium,64,remove_belief_separation,0.2564,0.7436,handle_gently,handle_gently,1,1.1843478125,0.0
spb-obj-m-20265655,object_property_uncertainty,medium,64,remove_sample_identity,0.2564,0.7436,handle_gently,handle_gently,1,1.1843478125,0.0
spb-obj-m-20265655,object_property_uncertainty,medium,64,attention_only,0.2564,0.7436,handle_fast,handle_gently,0,-1.98303984375,3.16738765625
spb-obj-m-20265655,object_property_uncertainty,medium,64,simple_dedup,0.2564,0.7436,handle_gently,handle_gently,1,1.1843478125,0.0
spb-obj-m-20265655,object_property_uncertainty,medium,64,random_grouping,0.2564,0.7436,handle_gently,handle_gently,1,1.1843478125,0.0
spb-obj-m-20265655,object_property_uncertainty,medium,64,oracle_grouping,0.2564,0.7436,handle_gently,handle_gently,1,1.1843478125,0.0
spb-obj-e-20265689,object_property_uncertainty,easy,1,remove_provenance,0.7433,0.7433,handle_gently,handle_fast,0,1.201545625,0.5997174999999997
spb-obj-e-20265689,object_property_uncertainty,easy,1,remove_belief_separation,0.7433,0.7433,handle_gently,handle_fast,0,1.201545625,0.5997174999999997
spb-obj-e-20265689,object_property_uncertainty,easy,1,remove_sample_identity,0.7433,0.7433,handle_gently,handle_fast,0,1.201545625,0.5997174999999997
spb-obj-e-20265689,object_property_uncertainty,easy,1,attention_only,0.7433,0.7433,handle_fast,handle_fast,1,1.8012631249999997,0.0
spb-obj-e-20265689,object_property_uncertainty,easy,1,simple_dedup,0.7433,0.7433,handle_gently,handle_fast,0,1.201545625,0.5997174999999997
spb-obj-e-20265689,object_property_uncertainty,easy,1,random_grouping,0.7433,0.7433,handle_gently,handle_fast,0,1.201545625,0.5997174999999997
spb-obj-e-20265689,object_property_uncertainty,easy,1,oracle_grouping,0.7433,0.7433,handle_gently,handle_fast,0,1.201545625,0.5997174999999997
spb-obj-e-20265689,object_property_uncertainty,easy,2,remove_provenance,0.8128531330878868,0.8128531330878868,handle_gently,handle_fast,0,1.201545625,0.5997174999999997
spb-obj-e-20265689,object_property_uncertainty,easy,2,remove_belief_separation,0.7433,0.7433,handle_gently,handle_fast,0,1.201545625,0.5997174999999997
spb-obj-e-20265689,object_property_uncertainty,easy,2,remove_sample_identity,0.7433,0.7433,handle_gently,handle_fast,0,1.201545625,0.5997174999999997
spb-obj-e-20265689,object_property_uncertainty,easy,2,attention_only,0.7433,0.7433,handle_fast,handle_fast,1,1.8012631249999997,0.0
spb-obj-e-20265689,object_property_uncertainty,easy,2,simple_dedup,0.7433,0.7433,handle_gently,handle_fast,0,1.201545625,0.5997174999999997
spb-obj-e-20265689,object_property_uncertainty,easy,2,random_grouping,0.7433,0.7433,handle_gently,handle_fast,0,1.201545625,0.5997174999999997
spb-obj-e-20265689,object_property_uncertainty,easy,2,oracle_grouping,0.7433,0.7433,handle_gently,handle_fast,0,1.201545625,0.5997174999999997
spb-obj-e-20265689,object_property_uncertainty,easy,4,remove_provenance,0.9071722710157439,0.9071722710157439,handle_gently,handle_fast,0,1.201545625,0.5997174999999997
spb-obj-e-20265689,object_property_uncertainty,easy,4,remove_belief_separation,0.7433,0.7433,handle_gently,handle_fast,0,1.201545625,0.5997174999999997
spb-obj-e-20265689,object_property_uncertainty,easy,4,remove_sample_identity,0.7433,0.7433,handle_gently,handle_fast,0,1.201545625,0.5997174999999997
spb-obj-e-20265689,object_property_uncertainty,easy,4,attention_only,0.7433,0.7433,handle_fast,handle_fast,1,1.8012631249999997,0.0
spb-obj-e-20265689,object_property_uncertainty,easy,4,simple_dedup,0.7433,0.7433,handle_gently,handle_fast,0,1.201545625,0.5997174999999997
spb-obj-e-20265689,object_property_uncertainty,easy,4,random_grouping,0.7433,0.7433,handle_gently,handle_fast,0,1.201545625,0.5997174999999997
spb-obj-e-20265689,object_property_uncertainty,easy,4,oracle_grouping,0.7433,0.7433,handle_gently,handle_fast,0,1.201545625,0.5997174999999997
spb-obj-e-20265689,object_property_uncertainty,easy,8,remove_provenance,0.980187821831974,0.980187821831974,handle_gently,handle_fast,0,1.201545625,0.5997174999999997
spb-obj-e-20265689,object_property_uncertainty,easy,8,remove_belief_separation,0.7433,0.7433,handle_gently,handle_fast,0,1.201545625,0.5997174999999997
spb-obj-e-20265689,object_property_uncertainty,easy,8,remove_sample_identity,0.7433,0.7433,handle_gently,handle_fast,0,1.201545625,0.5997174999999997
spb-obj-e-20265689,object_property_uncertainty,easy,8,attention_only,0.7433,0.7433,handle_fast,handle_fast,1,1.8012631249999997,0.0
spb-obj-e-20265689,object_property_uncertainty,easy,8,simple_dedup,0.7433,0.7433,handle_gently,handle_fast,0,1.201545625,0.5997174999999997
spb-obj-e-20265689,object_property_uncertainty,easy,8,random_grouping,0.7433,0.7433,handle_gently,handle_fast,0,1.201545625,0.5997174999999997
spb-obj-e-20265689,object_property_uncertainty,easy,8,oracle_grouping,0.7433,0.7433,handle_gently,handle_fast,0,1.201545625,0.5997174999999997
spb-obj-e-20265689,object_property_uncertainty,easy,16,remove_provenance,0.9992119559905862,0.9992119559905862,handle_gently,handle_fast,0,1.201545625,0.5997174999999997
spb-obj-e-20265689,object_property_uncertainty,easy,16,remove_belief_separation,0.7433,0.7433,handle_gently,handle_fast,0,1.201545625,0.5997174999999997
spb-obj-e-20265689,object_property_uncertainty,easy,16,remove_sample_identity,0.7433,0.7433,handle_gently,handle_fast,0,1.201545625,0.5997174999999997
spb-obj-e-20265689,object_property_uncertainty,easy,16,attention_only,0.7433,0.7433,handle_fast,handle_fast,1,1.8012631249999997,0.0
spb-obj-e-20265689,object_property_uncertainty,easy,16,simple_dedup,0.7433,0.7433,handle_gently,handle_fast,0,1.201545625,0.5997174999999997
spb-obj-e-20265689,object_property_uncertainty,easy,16,random_grouping,0.7433,0.7433,handle_gently,handle_fast,0,1.201545625,0.5997174999999997
spb-obj-e-20265689,object_property_uncertainty,easy,16,oracle_grouping,0.7433,0.7433,handle_gently,handle_fast,0,1.201545625,0.5997174999999997
spb-obj-e-20265689,object_property_uncertainty,easy,32,remove_provenance,0.9999987993064333,0.9999987993064333,handle_gently,handle_fast,0,1.201545625,0.5997174999999997
spb-obj-e-20265689,object_property_uncertainty,easy,32,remove_belief_separation,0.7433,0.7433,handle_gently,handle_fast,0,1.201545625,0.5997174999999997
spb-obj-e-20265689,object_property_uncertainty,easy,32,remove_sample_identity,0.7433,0.7433,handle_gently,handle_fast,0,1.201545625,0.5997174999999997
spb-obj-e-20265689,object_property_uncertainty,easy,32,attention_only,0.7433,0.7433,handle_fast,handle_fast,1,1.8012631249999997,0.0
spb-obj-e-20265689,object_property_uncertainty,easy,32,simple_dedup,0.7433,0.7433,handle_gently,handle_fast,0,1.201545625,0.5997174999999997
spb-obj-e-20265689,object_property_uncertainty,easy,32,random_grouping,0.7433,0.7433,handle_gently,handle_fast,0,1.201545625,0.5997174999999997
spb-obj-e-20265689,object_property_uncertainty,easy,32,oracle_grouping,0.7433,0.7433,handle_gently,handle_fast,0,1.201545625,0.5997174999999997
spb-obj-e-20265689,object_property_uncertainty,easy,64,remove_provenance,0.9999999999972171,0.9999999999972171,handle_gently,handle_fast,0,1.201545625,0.5997174999999997
spb-obj-e-20265689,object_property_uncertainty,easy,64,remove_belief_separation,0.7433,0.7433,handle_gently,handle_fast,0,1.201545625,0.5997174999999997
spb-obj-e-20265689,object_property_uncertainty,easy,64,remove_sample_identity,0.7433,0.7433,handle_gently,handle_fast,0,1.201545625,0.5997174999999997
spb-obj-e-20265689,object_property_uncertainty,easy,64,attention_only,0.7433,0.7433,handle_fast,handle_fast,1,1.8012631249999997,0.0
spb-obj-e-20265689,object_property_uncertainty,easy,64,simple_dedup,0.7433,0.7433,handle_gently,handle_fast,0,1.201545625,0.5997174999999997
spb-obj-e-20265689,object_property_uncertainty,easy,64,random_grouping,0.7433,0.7433,handle_gently,handle_fast,0,1.201545625,0.5997174999999997
spb-obj-e-20265689,object_property_uncertainty,easy,64,oracle_grouping,0.7433,0.7433,handle_gently,handle_fast,0,1.201545625,0.5997174999999997
spb-obj-h-20265723,object_property_uncertainty,hard,1,remove_provenance,0.7981,0.20189999999999997,handle_gently,handle_gently,1,1.22082328125,0.0
spb-obj-h-20265723,object_property_uncertainty,hard,1,remove_belief_separation,0.7981,0.20189999999999997,handle_gently,handle_gently,1,1.22082328125,0.0
spb-obj-h-20265723,object_property_uncertainty,hard,1,remove_sample_identity,0.7981,0.20189999999999997,handle_gently,handle_gently,1,1.22082328125,0.0
spb-obj-h-20265723,object_property_uncertainty,hard,1,attention_only,0.7981,0.20189999999999997,handle_fast,handle_gently,0,-1.9905121875000003,3.21133546875
spb-obj-h-20265723,object_property_uncertainty,hard,1,simple_dedup,0.7981,0.20189999999999997,handle_gently,handle_gently,1,1.22082328125,0.0
spb-obj-h-20265723,object_property_uncertainty,hard,1,random_grouping,0.7981,0.20189999999999997,handle_gently,handle_gently,1,1.22082328125,0.0
spb-obj-h-20265723,object_property_uncertainty,hard,1,oracle_grouping,0.7981,0.20189999999999997,handle_gently,handle_gently,1,1.22082328125,0.0
spb-obj-h-20265723,object_property_uncertainty,hard,2,remove_provenance,0.8556877881419535,0.14431221185804655,handle_gently,handle_gently,1,1.22082328125,0.0
spb-obj-h-20265723,object_property_uncertainty,hard,2,remove_belief_separation,0.7981,0.20189999999999997,handle_gently,handle_gently,1,1.22082328125,0.0
spb-obj-h-20265723,object_property_uncertainty,hard,2,remove_sample_identity,0.7981,0.20189999999999997,handle_gently,handle_gently,1,1.22082328125,0.0
spb-obj-h-20265723,object_property_uncertainty,hard,2,attention_only,0.7981,0.20189999999999997,handle_fast,handle_gently,0,-1.9905121875000003,3.21133546875
spb-obj-h-20265723,object_property_uncertainty,hard,2,simple_dedup,0.7981,0.20189999999999997,handle_gently,handle_gently,1,1.22082328125,0.0
spb-obj-h-20265723,object_property_uncertainty,hard,2,random_grouping,0.7981,0.20189999999999997,handle_gently,handle_gently,1,1.22082328125,0.0
spb-obj-h-20265723,object_property_uncertainty,hard,2,oracle_grouping,0.7981,0.20189999999999997,handle_gently,handle_gently,1,1.22082328125,0.0
spb-obj-h-20265723,object_property_uncertainty,hard,4,remove_provenance,0.9302708093196741,0.0697291906803259,handle_gently,handle_gently,1,1.22082328125,0.0
spb-obj-h-20265723,object_property_uncertainty,hard,4,remove_belief_separation,0.7981,0.20189999999999997,handle_gently,handle_gently,1,1.22082328125,0.0
spb-obj-h-20265723,object_property_uncertainty,hard,4,remove_sample_identity,0.7981,0.20189999999999997,handle_gently,handle_gently,1,1.22082328125,0.0
spb-obj-h-20265723,object_property_uncertainty,hard,4,attention_only,0.7981,0.20189999999999997,handle_fast,handle_gently,0,-1.9905121875000003,3.21133546875
spb-obj-h-20265723,object_property_uncertainty,hard,4,simple_dedup,0.7981,0.20189999999999997,handle_gently,handle_gently,1,1.22082328125,0.0
spb-obj-h-20265723,object_property_uncertainty,hard,4,random_grouping,0.7981,0.20189999999999997,handle_gently,handle_gently,1,1.22082328125,0.0
spb-obj-h-20265723,object_property_uncertainty,hard,4,oracle_grouping,0.7981,0.20189999999999997,handle_gently,handle_gently,1,1.22082328125,0.0
spb-obj-h-20265723,object_property_uncertainty,hard,8,remove_provenance,0.9854099381585569,0.01459006184144307,handle_gently,handle_gently,1,1.22082328125,0.0
spb-obj-h-20265723,object_property_uncertainty,hard,8,remove_belief_separation,0.7981,0.20189999999999997,handle_gently,handle_gently,1,1.22082328125,0.0
spb-obj-h-20265723,object_property_uncertainty,hard,8,remove_sample_identity,0.7981,0.20189999999999997,handle_gently,handle_gently,1,1.22082328125,0.0
spb-obj-h-20265723,object_property_uncertainty,hard,8,attention_only,0.7981,0.20189999999999997,handle_fast,handle_gently,0,-1.9905121875000003,3.21133546875
spb-obj-h-20265723,object_property_uncertainty,hard,8,simple_dedup,0.7981,0.20189999999999997,handle_gently,handle_gently,1,1.22082328125,0.0
spb-obj-h-20265723,object_property_uncertainty,hard,8,random_grouping,0.7981,0.20189999999999997,handle_gently,handle_gently,1,1.22082328125,0.0
spb-obj-h-20265723,object_property_uncertainty,hard,8,oracle_grouping,0.7981,0.20189999999999997,handle_gently,handle_gently,1,1.22082328125,0.0
spb-obj-h-20265723,object_property_uncertainty,hard,16,remove_provenance,0.9994226232410114,0.0005773767589886125,handle_gently,handle_gently,1,1.22082328125,0.0
spb-obj-h-20265723,object_property_uncertainty,hard,16,remove_belief_separation,0.7981,0.20189999999999997,handle_gently,handle_gently,1,1.22082328125,0.0
spb-obj-h-20265723,object_property_uncertainty,hard,16,remove_sample_identity,0.7981,0.20189999999999997,handle_gently,handle_gently,1,1.22082328125,0.0
spb-obj-h-20265723,object_property_uncertainty,hard,16,attention_only,0.7981,0.20189999999999997,handle_fast,handle_gently,0,-1.9905121875000003,3.21133546875
spb-obj-h-20265723,object_property_uncertainty,hard,16,simple_dedup,0.7981,0.20189999999999997,handle_gently,handle_gently,1,1.22082328125,0.0
spb-obj-h-20265723,object_property_uncertainty,hard,16,random_grouping,0.7981,0.20189999999999997,handle_gently,handle_gently,1,1.22082328125,0.0
spb-obj-h-20265723,object_property_uncertainty,hard,16,oracle_grouping,0.7981,0.20189999999999997,handle_gently,handle_gently,1,1.22082328125,0.0
spb-obj-h-20265723,object_property_uncertainty,hard,32,remove_provenance,0.9999991204721508,8.795278492179648e-07,handle_gently,handle_gently,1,1.22082328125,0.0
spb-obj-h-20265723,object_property_uncertainty,hard,32,remove_belief_separation,0.7981,0.20189999999999997,handle_gently,handle_gently,1,1.22082328125,0.0
spb-obj-h-20265723,object_property_uncertainty,hard,32,remove_sample_identity,0.7981,0.20189999999999997,handle_gently,handle_gently,1,1.22082328125,0.0
spb-obj-h-20265723,object_property_uncertainty,hard,32,attention_only,0.7981,0.20189999999999997,handle_fast,handle_gently,0,-1.9905121875000003,3.21133546875
spb-obj-h-20265723,object_property_uncertainty,hard,32,simple_dedup,0.7981,0.20189999999999997,handle_gently,handle_gently,1,1.22082328125,0.0
spb-obj-h-20265723,object_property_uncertainty,hard,32,random_grouping,0.7981,0.20189999999999997,handle_gently,handle_gently,1,1.22082328125,0.0
spb-obj-h-20265723,object_property_uncertainty,hard,32,oracle_grouping,0.7981,0.20189999999999997,handle_gently,handle_gently,1,1.22082328125,0.0
spb-obj-h-20265723,object_property_uncertainty,hard,64,remove_provenance,0.9999999999979614,2.0385915178167124e-12,handle_gently,handle_gently,1,1.22082328125,0.0
spb-obj-h-20265723,object_property_uncertainty,hard,64,remove_belief_separation,0.7981,0.20189999999999997,handle_gently,handle_gently,1,1.22082328125,0.0
spb-obj-h-20265723,object_property_uncertainty,hard,64,remove_sample_identity,0.7981,0.20189999999999997,handle_gently,handle_gently,1,1.22082328125,0.0
spb-obj-h-20265723,object_property_uncertainty,hard,64,attention_only,0.7981,0.20189999999999997,handle_fast,handle_gently,0,-1.9905121875000003,3.21133546875
spb-obj-h-20265723,object_property_uncertainty,hard,64,simple_dedup,0.7981,0.20189999999999997,handle_gently,handle_gently,1,1.22082328125,0.0
spb-obj-h-20265723,object_property_uncertainty,hard,64,random_grouping,0.7981,0.20189999999999997,handle_gently,handle_gently,1,1.22082328125,0.0
spb-obj-h-20265723,object_property_uncertainty,hard,64,oracle_grouping,0.7981,0.20189999999999997,handle_gently,handle_gently,1,1.22082328125,0.0
spb-obj-m-20265808,object_property_uncertainty,medium,1,remove_provenance,0.48640000000000005,0.48640000000000005,handle_gently,handle_fast,0,1.19234796875,0.6450693749999998
spb-obj-m-20265808,object_property_uncertainty,medium,1,remove_belief_separation,0.4864,0.4864,handle_gently,handle_fast,0,1.19234796875,0.6450693749999998
spb-obj-m-20265808,object_property_uncertainty,medium,1,remove_sample_identity,0.4864,0.4864,handle_gently,handle_fast,0,1.19234796875,0.6450693749999998
spb-obj-m-20265808,object_property_uncertainty,medium,1,attention_only,0.4864,0.4864,handle_fast,handle_fast,1,1.8374173437499999,0.0
spb-obj-m-20265808,object_property_uncertainty,medium,1,simple_dedup,0.4864,0.4864,handle_gently,handle_fast,0,1.19234796875,0.6450693749999998
spb-obj-m-20265808,object_property_uncertainty,medium,1,random_grouping,0.4864,0.4864,handle_gently,handle_fast,0,1.19234796875,0.6450693749999998
spb-obj-m-20265808,object_property_uncertainty,medium,1,oracle_grouping,0.4864,0.4864,handle_gently,handle_fast,0,1.19234796875,0.6450693749999998
spb-obj-m-20265808,object_property_uncertainty,medium,2,remove_provenance,0.5868725868725868,0.5868725868725868,handle_gently,handle_fast,0,1.19234796875,0.6450693749999998
spb-obj-m-20265808,object_property_uncertainty,medium,2,remove_belief_separation,0.4864,0.4864,handle_gently,handle_fast,0,1.19234796875,0.6450693749999998
spb-obj-m-20265808,object_property_uncertainty,medium,2,remove_sample_identity,0.4864,0.4864,handle_gently,handle_fast,0,1.19234796875,0.6450693749999998
spb-obj-m-20265808,object_property_uncertainty,medium,2,attention_only,0.4864,0.4864,handle_fast,handle_fast,1,1.8374173437499999,0.0
spb-obj-m-20265808,object_property_uncertainty,medium,2,simple_dedup,0.4864,0.4864,handle_gently,handle_fast,0,1.19234796875,0.6450693749999998
spb-obj-m-20265808,object_property_uncertainty,medium,2,random_grouping,0.4864,0.4864,handle_gently,handle_fast,0,1.19234796875,0.6450693749999998
spb-obj-m-20265808,object_property_uncertainty,medium,2,oracle_grouping,0.4864,0.4864,handle_gently,handle_fast,0,1.19234796875,0.6450693749999998
spb-obj-m-20265808,object_property_uncertainty,medium,4,remove_provenance,0.7616926503340757,0.7616926503340757,handle_gently,handle_fast,0,1.19234796875,0.6450693749999998
spb-obj-m-20265808,object_property_uncertainty,medium,4,remove_belief_separation,0.4864,0.4864,handle_gently,handle_fast,0,1.19234796875,0.6450693749999998
spb-obj-m-20265808,object_property_uncertainty,medium,4,remove_sample_identity,0.4864,0.4864,handle_gently,handle_fast,0,1.19234796875,0.6450693749999998
spb-obj-m-20265808,object_property_uncertainty,medium,4,attention_only,0.4864,0.4864,handle_fast,handle_fast,1,1.8374173437499999,0.0
spb-obj-m-20265808,object_property_uncertainty,medium,4,simple_dedup,0.4864,0.4864,handle_gently,handle_fast,0,1.19234796875,0.6450693749999998
spb-obj-m-20265808,object_property_uncertainty,medium,4,random_grouping,0.4864,0.4864,handle_gently,handle_fast,0,1.19234796875,0.6450693749999998
spb-obj-m-20265808,object_property_uncertainty,medium,4,oracle_grouping,0.4864,0.4864,handle_gently,handle_fast,0,1.19234796875,0.6450693749999998
spb-obj-m-20265808,object_property_uncertainty,medium,8,remove_provenance,0.941796423471816,0.941796423471816,handle_gently,handle_fast,0,1.19234796875,0.6450693749999998
spb-obj-m-20265808,object_property_uncertainty,medium,8,remove_belief_separation,0.4864,0.4864,handle_gently,handle_fast,0,1.19234796875,0.6450693749999998
spb-obj-m-20265808,object_property_uncertainty,medium,8,remove_sample_identity,0.4864,0.4864,handle_gently,handle_fast,0,1.19234796875,0.6450693749999998
spb-obj-m-20265808,object_property_uncertainty,medium,8,attention_only,0.4864,0.4864,handle_fast,handle_fast,1,1.8374173437499999,0.0
spb-obj-m-20265808,object_property_uncertainty,medium,8,simple_dedup,0.4864,0.4864,handle_gently,handle_fast,0,1.19234796875,0.6450693749999998
spb-obj-m-20265808,object_property_uncertainty,medium,8,random_grouping,0.4864,0.4864,handle_gently,handle_fast,0,1.19234796875,0.6450693749999998
spb-obj-m-20265808,object_property_uncertainty,medium,8,oracle_grouping,0.4864,0.4864,handle_gently,handle_fast,0,1.19234796875,0.6450693749999998
spb-obj-m-20265808,object_property_uncertainty,medium,16,remove_provenance,0.9975944378488665,0.9975944378488665,handle_gently,handle_fast,0,1.19234796875,0.6450693749999998
spb-obj-m-20265808,object_property_uncertainty,medium,16,remove_belief_separation,0.4864,0.4864,handle_gently,handle_fast,0,1.19234796875,0.6450693749999998
spb-obj-m-20265808,object_property_uncertainty,medium,16,remove_sample_identity,0.4864,0.4864,handle_gently,handle_fast,0,1.19234796875,0.6450693749999998
spb-obj-m-20265808,object_property_uncertainty,medium,16,attention_only,0.4864,0.4864,handle_fast,handle_fast,1,1.8374173437499999,0.0
spb-obj-m-20265808,object_property_uncertainty,medium,16,simple_dedup,0.4864,0.4864,handle_gently,handle_fast,0,1.19234796875,0.6450693749999998
spb-obj-m-20265808,object_property_uncertainty,medium,16,random_grouping,0.4864,0.4864,handle_gently,handle_fast,0,1.19234796875,0.6450693749999998
spb-obj-m-20265808,object_property_uncertainty,medium,16,oracle_grouping,0.4864,0.4864,handle_gently,handle_fast,0,1.19234796875,0.6450693749999998
spb-obj-m-20265808,object_property_uncertainty,medium,32,remove_provenance,0.9999963288610402,0.9999963288610402,handle_gently,handle_fast,0,1.19234796875,0.6450693749999998
spb-obj-m-20265808,object_property_uncertainty,medium,32,remove_belief_separation,0.4864,0.4864,handle_gently,handle_fast,0,1.19234796875,0.6450693749999998
spb-obj-m-20265808,object_property_uncertainty,medium,32,remove_sample_identity,0.4864,0.4864,handle_gently,handle_fast,0,1.19234796875,0.6450693749999998
spb-obj-m-20265808,object_property_uncertainty,medium,32,attention_only,0.4864,0.4864,handle_fast,handle_fast,1,1.8374173437499999,0.0
spb-obj-m-20265808,object_property_uncertainty,medium,32,simple_dedup,0.4864,0.4864,handle_gently,handle_fast,0,1.19234796875,0.6450693749999998
spb-obj-m-20265808,object_property_uncertainty,medium,32,random_grouping,0.4864,0.4864,handle_gently,handle_fast,0,1.19234796875,0.6450693749999998
spb-obj-m-20265808,object_property_uncertainty,medium,32,oracle_grouping,0.4864,0.4864,handle_gently,handle_fast,0,1.19234796875,0.6450693749999998
spb-obj-m-20265808,object_property_uncertainty,medium,64,remove_provenance,0.999999999991491,0.999999999991491,handle_gently,handle_fast,0,1.19234796875,0.6450693749999998
spb-obj-m-20265808,object_property_uncertainty,medium,64,remove_belief_separation,0.4864,0.4864,handle_gently,handle_fast,0,1.19234796875,0.6450693749999998
spb-obj-m-20265808,object_property_uncertainty,medium,64,remove_sample_identity,0.4864,0.4864,handle_gently,handle_fast,0,1.19234796875,0.6450693749999998
spb-obj-m-20265808,object_property_uncertainty,medium,64,attention_only,0.4864,0.4864,handle_fast,handle_fast,1,1.8374173437499999,0.0
spb-obj-m-20265808,object_property_uncertainty,medium,64,simple_dedup,0.4864,0.4864,handle_gently,handle_fast,0,1.19234796875,0.6450693749999998
spb-obj-m-20265808,object_property_uncertainty,medium,64,random_grouping,0.4864,0.4864,handle_gently,handle_fast,0,1.19234796875,0.6450693749999998
spb-obj-m-20265808,object_property_uncertainty,medium,64,oracle_grouping,0.4864,0.4864,handle_gently,handle_fast,0,1.19234796875,0.6450693749999998
spb-obj-m-20266012,object_property_uncertainty,medium,1,remove_provenance,0.37339999999999995,0.6266,handle_gently,handle_gently,1,1.1756190625,0.0
spb-obj-m-20266012,object_property_uncertainty,medium,1,remove_belief_separation,0.3734,0.6266,handle_gently,handle_gently,1,1.1756190625,0.0
spb-obj-m-20266012,object_property_uncertainty,medium,1,remove_sample_identity,0.3734,0.6266,handle_gently,handle_gently,1,1.1756190625,0.0
spb-obj-m-20266012,object_property_uncertainty,medium,1,attention_only,0.3734,0.6266,handle_fast,handle_gently,0,-2.0358217187500003,3.2114407812500003
spb-obj-m-20266012,object_property_uncertainty,medium,1,simple_dedup,0.3734,0.6266,handle_gently,handle_gently,1,1.1756190625,0.0
spb-obj-m-20266012,object_property_uncertainty,medium,1,random_grouping,0.3734,0.6266,handle_gently,handle_gently,1,1.1756190625,0.0
spb-obj-m-20266012,object_property_uncertainty,medium,1,oracle_grouping,0.3734,0.6266,handle_gently,handle_gently,1,1.1756190625,0.0
spb-obj-m-20266012,object_property_uncertainty,medium,2,remove_provenance,0.47198112412572685,0.5280188758742732,handle_gently,handle_gently,1,1.1756190625,0.0
spb-obj-m-20266012,object_property_uncertainty,medium,2,remove_belief_separation,0.3734,0.6266,handle_gently,handle_gently,1,1.1756190625,0.0
spb-obj-m-20266012,object_property_uncertainty,medium,2,remove_sample_identity,0.3734,0.6266,handle_gently,handle_gently,1,1.1756190625,0.0
spb-obj-m-20266012,object_property_uncertainty,medium,2,attention_only,0.3734,0.6266,handle_fast,handle_gently,0,-2.0358217187500003,3.2114407812500003
spb-obj-m-20266012,object_property_uncertainty,medium,2,simple_dedup,0.3734,0.6266,handle_gently,handle_gently,1,1.1756190625,0.0
spb-obj-m-20266012,object_property_uncertainty,medium,2,random_grouping,0.3734,0.6266,handle_gently,handle_gently,1,1.1756190625,0.0
spb-obj-m-20266012,object_property_uncertainty,medium,2,oracle_grouping,0.3734,0.6266,handle_gently,handle_gently,1,1.1756190625,0.0
spb-obj-m-20266012,object_property_uncertainty,medium,4,remove_provenance,0.6679077285916818,0.3320922714083182,handle_gently,handle_gently,1,1.1756190625,0.0
spb-obj-m-20266012,object_property_uncertainty,medium,4,remove_belief_separation,0.3734,0.6266,handle_gently,handle_gently,1,1.1756190625,0.0
spb-obj-m-20266012,object_property_uncertainty,medium,4,remove_sample_identity,0.3734,0.6266,handle_gently,handle_gently,1,1.1756190625,0.0
spb-obj-m-20266012,object_property_uncertainty,medium,4,attention_only,0.3734,0.6266,handle_fast,handle_gently,0,-2.0358217187500003,3.2114407812500003
spb-obj-m-20266012,object_property_uncertainty,medium,4,simple_dedup,0.3734,0.6266,handle_gently,handle_gently,1,1.1756190625,0.0
spb-obj-m-20266012,object_property_uncertainty,medium,4,random_grouping,0.3734,0.6266,handle_gently,handle_gently,1,1.1756190625,0.0
spb-obj-m-20266012,object_property_uncertainty,medium,4,oracle_grouping,0.3734,0.6266,handle_gently,handle_gently,1,1.1756190625,0.0
spb-obj-m-20266012,object_property_uncertainty,medium,8,remove_provenance,0.9105686179753457,0.08943138202465428,handle_gently,handle_gently,1,1.1756190625,0.0
spb-obj-m-20266012,object_property_uncertainty,medium,8,remove_belief_separation,0.3734,0.6266,handle_gently,handle_gently,1,1.1756190625,0.0
spb-obj-m-20266012,object_property_uncertainty,medium,8,remove_sample_identity,0.3734,0.6266,handle_gently,handle_gently,1,1.1756190625,0.0
spb-obj-m-20266012,object_property_uncertainty,medium,8,attention_only,0.3734,0.6266,handle_fast,handle_gently,0,-2.0358217187500003,3.2114407812500003
spb-obj-m-20266012,object_property_uncertainty,medium,8,simple_dedup,0.3734,0.6266,handle_gently,handle_gently,1,1.1756190625,0.0
spb-obj-m-20266012,object_property_uncertainty,medium,8,random_grouping,0.3734,0.6266,handle_gently,handle_gently,1,1.1756190625,0.0
spb-obj-m-20266012,object_property_uncertainty,medium,8,oracle_grouping,0.3734,0.6266,handle_gently,handle_gently,1,1.1756190625,0.0
spb-obj-m-20266012,object_property_uncertainty,medium,16,remove_provenance,0.996182438234616,0.0038175617653839478,handle_gently,handle_gently,1,1.1756190625,0.0
spb-obj-m-20266012,object_property_uncertainty,medium,16,remove_belief_separation,0.3734,0.6266,handle_gently,handle_gently,1,1.1756190625,0.0
spb-obj-m-20266012,object_property_uncertainty,medium,16,remove_sample_identity,0.3734,0.6266,handle_gently,handle_gently,1,1.1756190625,0.0
spb-obj-m-20266012,object_property_uncertainty,medium,16,attention_only,0.3734,0.6266,handle_fast,handle_gently,0,-2.0358217187500003,3.2114407812500003
spb-obj-m-20266012,object_property_uncertainty,medium,16,simple_dedup,0.3734,0.6266,handle_gently,handle_gently,1,1.1756190625,0.0
spb-obj-m-20266012,object_property_uncertainty,medium,16,random_grouping,0.3734,0.6266,handle_gently,handle_gently,1,1.1756190625,0.0
spb-obj-m-20266012,object_property_uncertainty,medium,16,oracle_grouping,0.3734,0.6266,handle_gently,handle_gently,1,1.1756190625,0.0
spb-obj-m-20266012,object_property_uncertainty,medium,32,remove_provenance,0.9999941657570186,5.834242981395121e-06,handle_gently,handle_gently,1,1.1756190625,0.0
spb-obj-m-20266012,object_property_uncertainty,medium,32,remove_belief_separation,0.3734,0.6266,handle_gently,handle_gently,1,1.1756190625,0.0
spb-obj-m-20266012,object_property_uncertainty,medium,32,remove_sample_identity,0.3734,0.6266,handle_gently,handle_gently,1,1.1756190625,0.0
spb-obj-m-20266012,object_property_uncertainty,medium,32,attention_only,0.3734,0.6266,handle_fast,handle_gently,0,-2.0358217187500003,3.2114407812500003
spb-obj-m-20266012,object_property_uncertainty,medium,32,simple_dedup,0.3734,0.6266,handle_gently,handle_gently,1,1.1756190625,0.0
spb-obj-m-20266012,object_property_uncertainty,medium,32,random_grouping,0.3734,0.6266,handle_gently,handle_gently,1,1.1756190625,0.0
spb-obj-m-20266012,object_property_uncertainty,medium,32,oracle_grouping,0.3734,0.6266,handle_gently,handle_gently,1,1.1756190625,0.0
spb-obj-m-20266012,object_property_uncertainty,medium,64,remove_provenance,0.9999999999864773,1.3522738484539332e-11,handle_gently,handle_gently,1,1.1756190625,0.0
spb-obj-m-20266012,object_property_uncertainty,medium,64,remove_belief_separation,0.3734,0.6266,handle_gently,handle_gently,1,1.1756190625,0.0
spb-obj-m-20266012,object_property_uncertainty,medium,64,remove_sample_identity,0.3734,0.6266,handle_gently,handle_gently,1,1.1756190625,0.0
spb-obj-m-20266012,object_property_uncertainty,medium,64,attention_only,0.3734,0.6266,handle_fast,handle_gently,0,-2.0358217187500003,3.2114407812500003
spb-obj-m-20266012,object_property_uncertainty,medium,64,simple_dedup,0.3734,0.6266,handle_gently,handle_gently,1,1.1756190625,0.0
spb-obj-m-20266012,object_property_uncertainty,medium,64,random_grouping,0.3734,0.6266,handle_gently,handle_gently,1,1.1756190625,0.0
spb-obj-m-20266012,object_property_uncertainty,medium,64,oracle_grouping,0.3734,0.6266,handle_gently,handle_gently,1,1.1756190625,0.0
spb-res-e-20266114,resource_constraint,easy,1,remove_provenance,0.6499000000000001,0.35009999999999986,conserve,spend_now,0,0.79058890625,0.7200021875
spb-res-e-20266114,resource_constraint,easy,1,remove_belief_separation,0.6499,0.35009999999999997,conserve,spend_now,0,0.79058890625,0.7200021875
spb-res-e-20266114,resource_constraint,easy,1,remove_sample_identity,0.6499,0.35009999999999997,conserve,spend_now,0,0.79058890625,0.7200021875
spb-res-e-20266114,resource_constraint,easy,1,attention_only,0.6499,0.35009999999999997,spend_now,spend_now,1,1.51059109375,0.0
spb-res-e-20266114,resource_constraint,easy,1,simple_dedup,0.6499,0.35009999999999997,conserve,spend_now,0,0.79058890625,0.7200021875
spb-res-e-20266114,resource_constraint,easy,1,random_grouping,0.6499,0.35009999999999997,conserve,spend_now,0,0.79058890625,0.7200021875
spb-res-e-20266114,resource_constraint,easy,1,oracle_grouping,0.6499,0.35009999999999997,conserve,spend_now,0,0.79058890625,0.7200021875
spb-res-e-20266114,resource_constraint,easy,2,remove_provenance,0.7357636137212726,0.26423638627872736,conserve,spend_now,0,0.79058890625,0.7200021875
spb-res-e-20266114,resource_constraint,easy,2,remove_belief_separation,0.6499,0.35009999999999997,conserve,spend_now,0,0.79058890625,0.7200021875
spb-res-e-20266114,resource_constraint,easy,2,remove_sample_identity,0.6499,0.35009999999999997,conserve,spend_now,0,0.79058890625,0.7200021875
spb-res-e-20266114,resource_constraint,easy,2,attention_only,0.6499,0.35009999999999997,spend_now,spend_now,1,1.51059109375,0.0
spb-res-e-20266114,resource_constraint,easy,2,simple_dedup,0.6499,0.35009999999999997,conserve,spend_now,0,0.79058890625,0.7200021875
spb-res-e-20266114,resource_constraint,easy,2,random_grouping,0.6499,0.35009999999999997,conserve,spend_now,0,0.79058890625,0.7200021875
spb-res-e-20266114,resource_constraint,easy,2,oracle_grouping,0.6499,0.35009999999999997,conserve,spend_now,0,0.79058890625,0.7200021875
spb-res-e-20266114,resource_constraint,easy,4,remove_provenance,0.8623556990578973,0.13764430094210267,spend_now,spend_now,1,1.51059109375,0.0
spb-res-e-20266114,resource_constraint,easy,4,remove_belief_separation,0.6499,0.35009999999999997,conserve,spend_now,0,0.79058890625,0.7200021875
spb-res-e-20266114,resource_constraint,easy,4,remove_sample_identity,0.6499,0.35009999999999997,conserve,spend_now,0,0.79058890625,0.7200021875
spb-res-e-20266114,resource_constraint,easy,4,attention_only,0.6499,0.35009999999999997,spend_now,spend_now,1,1.51059109375,0.0
spb-res-e-20266114,resource_constraint,easy,4,simple_dedup,0.6499,0.35009999999999997,conserve,spend_now,0,0.79058890625,0.7200021875
spb-res-e-20266114,resource_constraint,easy,4,random_grouping,0.6499,0.35009999999999997,conserve,spend_now,0,0.79058890625,0.7200021875
spb-res-e-20266114,resource_constraint,easy,4,oracle_grouping,0.6499,0.35009999999999997,conserve,spend_now,0,0.79058890625,0.7200021875
spb-res-e-20266114,resource_constraint,easy,8,remove_provenance,0.9694349279855916,0.03056507201440839,spend_now,spend_now,1,1.51059109375,0.0
spb-res-e-20266114,resource_constraint,easy,8,remove_belief_separation,0.6499,0.35009999999999997,conserve,spend_now,0,0.79058890625,0.7200021875
spb-res-e-20266114,resource_constraint,easy,8,remove_sample_identity,0.6499,0.35009999999999997,conserve,spend_now,0,0.79058890625,0.7200021875
spb-res-e-20266114,resource_constraint,easy,8,attention_only,0.6499,0.35009999999999997,spend_now,spend_now,1,1.51059109375,0.0
spb-res-e-20266114,resource_constraint,easy,8,simple_dedup,0.6499,0.35009999999999997,conserve,spend_now,0,0.79058890625,0.7200021875
spb-res-e-20266114,resource_constraint,easy,8,random_grouping,0.6499,0.35009999999999997,conserve,spend_now,0,0.79058890625,0.7200021875
spb-res-e-20266114,resource_constraint,easy,8,oracle_grouping,0.6499,0.35009999999999997,conserve,spend_now,0,0.79058890625,0.7200021875
spb-res-e-20266114,resource_constraint,easy,16,remove_provenance,0.9987713088049878,0.0012286911950122326,spend_now,spend_now,1,1.51059109375,0.0
spb-res-e-20266114,resource_constraint,easy,16,remove_belief_separation,0.6499,0.35009999999999997,conserve,spend_now,0,0.79058890625,0.7200021875
spb-res-e-20266114,resource_constraint,easy,16,remove_sample_identity,0.6499,0.35009999999999997,conserve,spend_now,0,0.79058890625,0.7200021875
spb-res-e-20266114,resource_constraint,easy,16,attention_only,0.6499,0.35009999999999997,spend_now,spend_now,1,1.51059109375,0.0
spb-res-e-20266114,resource_constraint,easy,16,simple_dedup,0.6499,0.35009999999999997,conserve,spend_now,0,0.79058890625,0.7200021875
spb-res-e-20266114,resource_constraint,easy,16,random_grouping,0.6499,0.35009999999999997,conserve,spend_now,0,0.79058890625,0.7200021875
spb-res-e-20266114,resource_constraint,easy,16,oracle_grouping,0.6499,0.35009999999999997,conserve,spend_now,0,0.79058890625,0.7200021875
spb-res-e-20266114,resource_constraint,easy,32,remove_provenance,0.9999981270950836,1.8729049163779266e-06,spend_now,spend_now,1,1.51059109375,0.0
spb-res-e-20266114,resource_constraint,easy,32,remove_belief_separation,0.6499,0.35009999999999997,conserve,spend_now,0,0.79058890625,0.7200021875
spb-res-e-20266114,resource_constraint,easy,32,remove_sample_identity,0.6499,0.35009999999999997,conserve,spend_now,0,0.79058890625,0.7200021875
spb-res-e-20266114,resource_constraint,easy,32,attention_only,0.6499,0.35009999999999997,spend_now,spend_now,1,1.51059109375,0.0
spb-res-e-20266114,resource_constraint,easy,32,simple_dedup,0.6499,0.35009999999999997,conserve,spend_now,0,0.79058890625,0.7200021875
spb-res-e-20266114,resource_constraint,easy,32,random_grouping,0.6499,0.35009999999999997,conserve,spend_now,0,0.79058890625,0.7200021875
spb-res-e-20266114,resource_constraint,easy,32,oracle_grouping,0.6499,0.35009999999999997,conserve,spend_now,0,0.79058890625,0.7200021875
spb-res-e-20266114,resource_constraint,easy,64,remove_provenance,0.999999999995659,4.340972026284362e-12,spend_now,spend_now,1,1.51059109375,0.0
spb-res-e-20266114,resource_constraint,easy,64,remove_belief_separation,0.6499,0.35009999999999997,conserve,spend_now,0,0.79058890625,0.7200021875
spb-res-e-20266114,resource_constraint,easy,64,remove_sample_identity,0.6499,0.35009999999999997,conserve,spend_now,0,0.79058890625,0.7200021875
spb-res-e-20266114,resource_constraint,easy,64,attention_only,0.6499,0.35009999999999997,spend_now,spend_now,1,1.51059109375,0.0
spb-res-e-20266114,resource_constraint,easy,64,simple_dedup,0.6499,0.35009999999999997,conserve,spend_now,0,0.79058890625,0.7200021875
spb-res-e-20266114,resource_constraint,easy,64,random_grouping,0.6499,0.35009999999999997,conserve,spend_now,0,0.79058890625,0.7200021875
spb-res-e-20266114,resource_constraint,easy,64,oracle_grouping,0.6499,0.35009999999999997,conserve,spend_now,0,0.79058890625,0.7200021875
spb-res-m-20266131,resource_constraint,medium,1,remove_provenance,0.5006,0.5006,conserve,conserve,1,0.805306875,0.0
spb-res-m-20266131,resource_constraint,medium,1,remove_belief_separation,0.5006,0.5006,conserve,conserve,1,0.805306875,0.0
spb-res-m-20266131,resource_constraint,medium,1,remove_sample_identity,0.5006,0.5006,conserve,conserve,1,0.805306875,0.0
spb-res-m-20266131,resource_constraint,medium,1,attention_only,0.5006,0.5006,spend_now,conserve,0,-1.374165,2.179471875
spb-res-m-20266131,resource_constraint,medium,1,simple_dedup,0.5006,0.5006,conserve,conserve,1,0.805306875,0.0
spb-res-m-20266131,resource_constraint,medium,1,random_grouping,0.5006,0.5006,conserve,conserve,1,0.805306875,0.0
spb-res-m-20266131,resource_constraint,medium,1,oracle_grouping,0.5006,0.5006,conserve,conserve,1,0.805306875,0.0
spb-res-m-20266131,resource_constraint,medium,2,remove_provenance,0.6005758617931697,0.6005758617931697,conserve,conserve,1,0.805306875,0.0
spb-res-m-20266131,resource_constraint,medium,2,remove_belief_separation,0.5006,0.5006,conserve,conserve,1,0.805306875,0.0
spb-res-m-20266131,resource_constraint,medium,2,remove_sample_identity,0.5006,0.5006,conserve,conserve,1,0.805306875,0.0
spb-res-m-20266131,resource_constraint,medium,2,attention_only,0.5006,0.5006,spend_now,conserve,0,-1.374165,2.179471875
spb-res-m-20266131,resource_constraint,medium,2,simple_dedup,0.5006,0.5006,conserve,conserve,1,0.805306875,0.0
spb-res-m-20266131,resource_constraint,medium,2,random_grouping,0.5006,0.5006,conserve,conserve,1,0.805306875,0.0
spb-res-m-20266131,resource_constraint,medium,2,oracle_grouping,0.5006,0.5006,conserve,conserve,1,0.805306875,0.0
spb-res-m-20266131,resource_constraint,medium,4,remove_provenance,0.77185147960757,0.77185147960757,spend_now,conserve,0,-1.374165,2.179471875
spb-res-m-20266131,resource_constraint,medium,4,remove_belief_separation,0.5006,0.5006,conserve,conserve,1,0.805306875,0.0
spb-res-m-20266131,resource_constraint,medium,4,remove_sample_identity,0.5006,0.5006,conserve,conserve,1,0.805306875,0.0
spb-res-m-20266131,resource_constraint,medium,4,attention_only,0.5006,0.5006,spend_now,conserve,0,-1.374165,2.179471875
spb-res-m-20266131,resource_constraint,medium,4,simple_dedup,0.5006,0.5006,conserve,conserve,1,0.805306875,0.0
spb-res-m-20266131,resource_constraint,medium,4,random_grouping,0.5006,0.5006,conserve,conserve,1,0.805306875,0.0
spb-res-m-20266131,resource_constraint,medium,4,oracle_grouping,0.5006,0.5006,conserve,conserve,1,0.805306875,0.0
spb-res-m-20266131,resource_constraint,medium,8,remove_provenance,0.9448336522729867,0.9448336522729867,spend_now,conserve,0,-1.374165,2.179471875
spb-res-m-20266131,resource_constraint,medium,8,remove_belief_separation,0.5006,0.5006,conserve,conserve,1,0.805306875,0.0
spb-res-m-20266131,resource_constraint,medium,8,remove_sample_identity,0.5006,0.5006,conserve,conserve,1,0.805306875,0.0
spb-res-m-20266131,resource_constraint,medium,8,attention_only,0.5006,0.5006,spend_now,conserve,0,-1.374165,2.179471875
spb-res-m-20266131,resource_constraint,medium,8,simple_dedup,0.5006,0.5006,conserve,conserve,1,0.805306875,0.0
spb-res-m-20266131,resource_constraint,medium,8,random_grouping,0.5006,0.5006,conserve,conserve,1,0.805306875,0.0
spb-res-m-20266131,resource_constraint,medium,8,oracle_grouping,0.5006,0.5006,conserve,conserve,1,0.805306875,0.0
spb-res-m-20266131,resource_constraint,medium,16,remove_provenance,0.9977269942756375,0.9977269942756375,spend_now,conserve,0,-1.374165,2.179471875
spb-res-m-20266131,resource_constraint,medium,16,remove_belief_separation,0.5006,0.5006,conserve,conserve,1,0.805306875,0.0
spb-res-m-20266131,resource_constraint,medium,16,remove_sample_identity,0.5006,0.5006,conserve,conserve,1,0.805306875,0.0
spb-res-m-20266131,resource_constraint,medium,16,attention_only,0.5006,0.5006,spend_now,conserve,0,-1.374165,2.179471875
spb-res-m-20266131,resource_constraint,medium,16,simple_dedup,0.5006,0.5006,conserve,conserve,1,0.805306875,0.0
spb-res-m-20266131,resource_constraint,medium,16,random_grouping,0.5006,0.5006,conserve,conserve,1,0.805306875,0.0
spb-res-m-20266131,resource_constraint,medium,16,oracle_grouping,0.5006,0.5006,conserve,conserve,1,0.805306875,0.0
spb-res-m-20266131,resource_constraint,medium,32,remove_provenance,0.999996531616147,0.999996531616147,spend_now,conserve,0,-1.374165,2.179471875
spb-res-m-20266131,resource_constraint,medium,32,remove_belief_separation,0.5006,0.5006,conserve,conserve,1,0.805306875,0.0
spb-res-m-20266131,resource_constraint,medium,32,remove_sample_identity,0.5006,0.5006,conserve,conserve,1,0.805306875,0.0
spb-res-m-20266131,resource_constraint,medium,32,attention_only,0.5006,0.5006,spend_now,conserve,0,-1.374165,2.179471875
spb-res-m-20266131,resource_constraint,medium,32,simple_dedup,0.5006,0.5006,conserve,conserve,1,0.805306875,0.0
spb-res-m-20266131,resource_constraint,medium,32,random_grouping,0.5006,0.5006,conserve,conserve,1,0.805306875,0.0
spb-res-m-20266131,resource_constraint,medium,32,oracle_grouping,0.5006,0.5006,conserve,conserve,1,0.805306875,0.0
spb-res-m-20266131,resource_constraint,medium,64,remove_provenance,0.9999999999919609,0.9999999999919609,spend_now,conserve,0,-1.374165,2.179471875
spb-res-m-20266131,resource_constraint,medium,64,remove_belief_separation,0.5006,0.5006,conserve,conserve,1,0.805306875,0.0
spb-res-m-20266131,resource_constraint,medium,64,remove_sample_identity,0.5006,0.5006,conserve,conserve,1,0.805306875,0.0
spb-res-m-20266131,resource_constraint,medium,64,attention_only,0.5006,0.5006,spend_now,conserve,0,-1.374165,2.179471875
spb-res-m-20266131,resource_constraint,medium,64,simple_dedup,0.5006,0.5006,conserve,conserve,1,0.805306875,0.0
spb-res-m-20266131,resource_constraint,medium,64,random_grouping,0.5006,0.5006,conserve,conserve,1,0.805306875,0.0
spb-res-m-20266131,resource_constraint,medium,64,oracle_grouping,0.5006,0.5006,conserve,conserve,1,0.805306875,0.0
spb-res-e-20266267,resource_constraint,easy,1,remove_provenance,0.4298,0.5702,conserve,spend_now,0,0.80153421875,0.7120589062500001
spb-res-e-20266267,resource_constraint,easy,1,remove_belief_separation,0.4298,0.5702,conserve,spend_now,0,0.80153421875,0.7120589062500001
spb-res-e-20266267,resource_constraint,easy,1,remove_sample_identity,0.4298,0.5702,conserve,spend_now,0,0.80153421875,0.7120589062500001
spb-res-e-20266267,resource_constraint,easy,1,attention_only,0.4298,0.5702,spend_now,spend_now,1,1.513593125,0.0
spb-res-e-20266267,resource_constraint,easy,1,simple_dedup,0.4298,0.5702,conserve,spend_now,0,0.80153421875,0.7120589062500001
spb-res-e-20266267,resource_constraint,easy,1,random_grouping,0.4298,0.5702,conserve,spend_now,0,0.80153421875,0.7120589062500001
spb-res-e-20266267,resource_constraint,easy,1,oracle_grouping,0.4298,0.5702,conserve,spend_now,0,0.80153421875,0.7120589062500001
spb-res-e-20266267,resource_constraint,easy,2,remove_provenance,0.5306609597497737,0.4693390402502263,conserve,spend_now,0,0.80153421875,0.7120589062500001
spb-res-e-20266267,resource_constraint,easy,2,remove_belief_separation,0.4298,0.5702,conserve,spend_now,0,0.80153421875,0.7120589062500001
spb-res-e-20266267,resource_constraint,easy,2,remove_sample_identity,0.4298,0.5702,conserve,spend_now,0,0.80153421875,0.7120589062500001
spb-res-e-20266267,resource_constraint,easy,2,attention_only,0.4298,0.5702,spend_now,spend_now,1,1.513593125,0.0
spb-res-e-20266267,resource_constraint,easy,2,simple_dedup,0.4298,0.5702,conserve,spend_now,0,0.80153421875,0.7120589062500001
spb-res-e-20266267,resource_constraint,easy,2,random_grouping,0.4298,0.5702,conserve,spend_now,0,0.80153421875,0.7120589062500001
spb-res-e-20266267,resource_constraint,easy,2,oracle_grouping,0.4298,0.5702,conserve,spend_now,0,0.80153421875,0.7120589062500001
spb-res-e-20266267,resource_constraint,easy,4,remove_provenance,0.7178310301740669,0.2821689698259331,conserve,spend_now,0,0.80153421875,0.7120589062500001
spb-res-e-20266267,resource_constraint,easy,4,remove_belief_separation,0.4298,0.5702,conserve,spend_now,0,0.80153421875,0.7120589062500001
spb-res-e-20266267,resource_constraint,easy,4,remove_sample_identity,0.4298,0.5702,conserve,spend_now,0,0.80153421875,0.7120589062500001
spb-res-e-20266267,resource_constraint,easy,4,attention_only,0.4298,0.5702,spend_now,spend_now,1,1.513593125,0.0
spb-res-e-20266267,resource_constraint,easy,4,simple_dedup,0.4298,0.5702,conserve,spend_now,0,0.80153421875,0.7120589062500001
spb-res-e-20266267,resource_constraint,easy,4,random_grouping,0.4298,0.5702,conserve,spend_now,0,0.80153421875,0.7120589062500001
spb-res-e-20266267,resource_constraint,easy,4,oracle_grouping,0.4298,0.5702,conserve,spend_now,0,0.80153421875,0.7120589062500001
spb-res-e-20266267,resource_constraint,easy,8,remove_provenance,0.9279480634047881,0.07205193659521192,spend_now,spend_now,1,1.513593125,0.0
spb-res-e-20266267,resource_constraint,easy,8,remove_belief_separation,0.4298,0.5702,conserve,spend_now,0,0.80153421875,0.7120589062500001
spb-res-e-20266267,resource_constraint,easy,8,remove_sample_identity,0.4298,0.5702,conserve,spend_now,0,0.80153421875,0.7120589062500001
spb-res-e-20266267,resource_constraint,easy,8,attention_only,0.4298,0.5702,spend_now,spend_now,1,1.513593125,0.0
spb-res-e-20266267,resource_constraint,easy,8,simple_dedup,0.4298,0.5702,conserve,spend_now,0,0.80153421875,0.7120589062500001
spb-res-e-20266267,resource_constraint,easy,8,random_grouping,0.4298,0.5702,conserve,spend_now,0,0.80153421875,0.7120589062500001
spb-res-e-20266267,resource_constraint,easy,8,oracle_grouping,0.4298,0.5702,conserve,spend_now,0,0.80153421875,0.7120589062500001
spb-res-e-20266267,resource_constraint,easy,16,remove_provenance,0.9969795048238709,0.003020495176129123,spend_now,spend_now,1,1.513593125,0.0
spb-res-e-20266267,resource_constraint,easy,16,remove_belief_separation,0.4298,0.5702,conserve,spend_now,0,0.80153421875,0.7120589062500001
spb-res-e-20266267,resource_constraint,easy,16,remove_sample_identity,0.4298,0.5702,conserve,spend_now,0,0.80153421875,0.7120589062500001
spb-res-e-20266267,resource_constraint,easy,16,attention_only,0.4298,0.5702,spend_now,spend_now,1,1.513593125,0.0
spb-res-e-20266267,resource_constraint,easy,16,simple_dedup,0.4298,0.5702,conserve,spend_now,0,0.80153421875,0.7120589062500001
spb-res-e-20266267,resource_constraint,easy,16,random_grouping,0.4298,0.5702,conserve,spend_now,0,0.80153421875,0.7120589062500001
spb-res-e-20266267,resource_constraint,easy,16,oracle_grouping,0.4298,0.5702,conserve,spend_now,0,0.80153421875,0.7120589062500001
spb-res-e-20266267,resource_constraint,easy,32,remove_provenance,0.9999953875702153,4.612429784667249e-06,spend_now,spend_now,1,1.513593125,0.0
spb-res-e-20266267,resource_constraint,easy,32,remove_belief_separation,0.4298,0.5702,conserve,spend_now,0,0.80153421875,0.7120589062500001
spb-res-e-20266267,resource_constraint,easy,32,remove_sample_identity,0.4298,0.5702,conserve,spend_now,0,0.80153421875,0.7120589062500001
spb-res-e-20266267,resource_constraint,easy,32,attention_only,0.4298,0.5702,spend_now,spend_now,1,1.513593125,0.0
spb-res-e-20266267,resource_constraint,easy,32,simple_dedup,0.4298,0.5702,conserve,spend_now,0,0.80153421875,0.7120589062500001
spb-res-e-20266267,resource_constraint,easy,32,random_grouping,0.4298,0.5702,conserve,spend_now,0,0.80153421875,0.7120589062500001
spb-res-e-20266267,resource_constraint,easy,32,oracle_grouping,0.4298,0.5702,conserve,spend_now,0,0.80153421875,0.7120589062500001
spb-res-e-20266267,resource_constraint,easy,64,remove_provenance,0.9999999999893092,1.0690781593325482e-11,spend_now,spend_now,1,1.513593125,0.0
spb-res-e-20266267,resource_constraint,easy,64,remove_belief_separation,0.4298,0.5702,conserve,spend_now,0,0.80153421875,0.7120589062500001
spb-res-e-20266267,resource_constraint,easy,64,remove_sample_identity,0.4298,0.5702,conserve,spend_now,0,0.80153421875,0.7120589062500001
spb-res-e-20266267,resource_constraint,easy,64,attention_only,0.4298,0.5702,spend_now,spend_now,1,1.513593125,0.0
spb-res-e-20266267,resource_constraint,easy,64,simple_dedup,0.4298,0.5702,conserve,spend_now,0,0.80153421875,0.7120589062500001
spb-res-e-20266267,resource_constraint,easy,64,random_grouping,0.4298,0.5702,conserve,spend_now,0,0.80153421875,0.7120589062500001
spb-res-e-20266267,resource_constraint,easy,64,oracle_grouping,0.4298,0.5702,conserve,spend_now,0,0.80153421875,0.7120589062500001
spb-res-h-20266352,resource_constraint,hard,1,remove_provenance,0.38730000000000003,0.38730000000000003,conserve,conserve,1,0.7608890625,0.0
spb-res-h-20266352,resource_constraint,hard,1,remove_belief_separation,0.3873,0.3873,conserve,conserve,1,0.7608890625,0.0
spb-res-h-20266352,resource_constraint,hard,1,remove_sample_identity,0.3873,0.3873,conserve,conserve,1,0.7608890625,0.0
spb-res-h-20266352,resource_constraint,hard,1,attention_only,0.3873,0.3873,spend_now,conserve,0,-1.3884810937500003,2.1493701562500003
spb-res-h-20266352,resource_constraint,hard,1,simple_dedup,0.3873,0.3873,conserve,conserve,1,0.7608890625,0.0
spb-res-h-20266352,resource_constraint,hard,1,random_grouping,0.3873,0.3873,conserve,conserve,1,0.7608890625,0.0
spb-res-h-20266352,resource_constraint,hard,1,oracle_grouping,0.3873,0.3873,conserve,conserve,1,0.7608890625,0.0
spb-res-h-20266352,resource_constraint,hard,2,remove_provenance,0.48670045658275035,0.48670045658275035,conserve,conserve,1,0.7608890625,0.0
spb-res-h-20266352,resource_constraint,hard,2,remove_belief_separation,0.3873,0.3873,conserve,conserve,1,0.7608890625,0.0
spb-res-h-20266352,resource_constraint,hard,2,remove_sample_identity,0.3873,0.3873,conserve,conserve,1,0.7608890625,0.0
spb-res-h-20266352,resource_constraint,hard,2,attention_only,0.3873,0.3873,spend_now,conserve,0,-1.3884810937500003,2.1493701562500003
spb-res-h-20266352,resource_constraint,hard,2,simple_dedup,0.3873,0.3873,conserve,conserve,1,0.7608890625,0.0
spb-res-h-20266352,resource_constraint,hard,2,random_grouping,0.3873,0.3873,conserve,conserve,1,0.7608890625,0.0
spb-res-h-20266352,resource_constraint,hard,2,oracle_grouping,0.3873,0.3873,conserve,conserve,1,0.7608890625,0.0
spb-res-h-20266352,resource_constraint,hard,4,remove_provenance,0.6808584059848816,0.6808584059848816,conserve,conserve,1,0.7608890625,0.0
spb-res-h-20266352,resource_constraint,hard,4,remove_belief_separation,0.3873,0.3873,conserve,conserve,1,0.7608890625,0.0
spb-res-h-20266352,resource_constraint,hard,4,remove_sample_identity,0.3873,0.3873,conserve,conserve,1,0.7608890625,0.0
spb-res-h-20266352,resource_constraint,hard,4,attention_only,0.3873,0.3873,spend_now,conserve,0,-1.3884810937500003,2.1493701562500003
spb-res-h-20266352,resource_constraint,hard,4,simple_dedup,0.3873,0.3873,conserve,conserve,1,0.7608890625,0.0
spb-res-h-20266352,resource_constraint,hard,4,random_grouping,0.3873,0.3873,conserve,conserve,1,0.7608890625,0.0
spb-res-h-20266352,resource_constraint,hard,4,oracle_grouping,0.3873,0.3873,conserve,conserve,1,0.7608890625,0.0
spb-res-h-20266352,resource_constraint,hard,8,remove_provenance,0.915256858090874,0.915256858090874,spend_now,conserve,0,-1.3884810937500003,2.1493701562500003
spb-res-h-20266352,resource_constraint,hard,8,remove_belief_separation,0.3873,0.3873,conserve,conserve,1,0.7608890625,0.0
spb-res-h-20266352,resource_constraint,hard,8,remove_sample_identity,0.3873,0.3873,conserve,conserve,1,0.7608890625,0.0
spb-res-h-20266352,resource_constraint,hard,8,attention_only,0.3873,0.3873,spend_now,conserve,0,-1.3884810937500003,2.1493701562500003
spb-res-h-20266352,resource_constraint,hard,8,simple_dedup,0.3873,0.3873,conserve,conserve,1,0.7608890625,0.0
spb-res-h-20266352,resource_constraint,hard,8,random_grouping,0.3873,0.3873,conserve,conserve,1,0.7608890625,0.0
spb-res-h-20266352,resource_constraint,hard,8,oracle_grouping,0.3873,0.3873,conserve,conserve,1,0.7608890625,0.0
spb-res-h-20266352,resource_constraint,hard,16,remove_provenance,0.9964003079360025,0.9964003079360025,spend_now,conserve,0,-1.3884810937500003,2.1493701562500003
spb-res-h-20266352,resource_constraint,hard,16,remove_belief_separation,0.3873,0.3873,conserve,conserve,1,0.7608890625,0.0
spb-res-h-20266352,resource_constraint,hard,16,remove_sample_identity,0.3873,0.3873,conserve,conserve,1,0.7608890625,0.0
spb-res-h-20266352,resource_constraint,hard,16,attention_only,0.3873,0.3873,spend_now,conserve,0,-1.3884810937500003,2.1493701562500003
spb-res-h-20266352,resource_constraint,hard,16,simple_dedup,0.3873,0.3873,conserve,conserve,1,0.7608890625,0.0
spb-res-h-20266352,resource_constraint,hard,16,random_grouping,0.3873,0.3873,conserve,conserve,1,0.7608890625,0.0
spb-res-h-20266352,resource_constraint,hard,16,oracle_grouping,0.3873,0.3873,conserve,conserve,1,0.7608890625,0.0
spb-res-h-20266352,resource_constraint,hard,32,remove_provenance,0.9999944999205382,0.9999944999205382,spend_now,conserve,0,-1.3884810937500003,2.1493701562500003
spb-res-h-20266352,resource_constraint,hard,32,remove_belief_separation,0.3873,0.3873,conserve,conserve,1,0.7608890625,0.0
spb-res-h-20266352,resource_constraint,hard,32,remove_sample_identity,0.3873,0.3873,conserve,conserve,1,0.7608890625,0.0
spb-res-h-20266352,resource_constraint,hard,32,attention_only,0.3873,0.3873,spend_now,conserve,0,-1.3884810937500003,2.1493701562500003
spb-res-h-20266352,resource_constraint,hard,32,simple_dedup,0.3873,0.3873,conserve,conserve,1,0.7608890625,0.0
spb-res-h-20266352,resource_constraint,hard,32,random_grouping,0.3873,0.3873,conserve,conserve,1,0.7608890625,0.0
spb-res-h-20266352,resource_constraint,hard,32,oracle_grouping,0.3873,0.3873,conserve,conserve,1,0.7608890625,0.0
spb-res-h-20266352,resource_constraint,hard,64,remove_provenance,0.9999999999872518,0.9999999999872518,spend_now,conserve,0,-1.3884810937500003,2.1493701562500003
spb-res-h-20266352,resource_constraint,hard,64,remove_belief_separation,0.3873,0.3873,conserve,conserve,1,0.7608890625,0.0
spb-res-h-20266352,resource_constraint,hard,64,remove_sample_identity,0.3873,0.3873,conserve,conserve,1,0.7608890625,0.0
spb-res-h-20266352,resource_constraint,hard,64,attention_only,0.3873,0.3873,spend_now,conserve,0,-1.3884810937500003,2.1493701562500003
spb-res-h-20266352,resource_constraint,hard,64,simple_dedup,0.3873,0.3873,conserve,conserve,1,0.7608890625,0.0
spb-res-h-20266352,resource_constraint,hard,64,random_grouping,0.3873,0.3873,conserve,conserve,1,0.7608890625,0.0
spb-res-h-20266352,resource_constraint,hard,64,oracle_grouping,0.3873,0.3873,conserve,conserve,1,0.7608890625,0.0
spb-res-m-20266386,resource_constraint,medium,1,remove_provenance,0.6258,0.3742,conserve,spend_now,0,0.7926514062499999,0.7352539062500001
spb-res-m-20266386,resource_constraint,medium,1,remove_belief_separation,0.6258,0.3742,conserve,spend_now,0,0.7926514062499999,0.7352539062500001
spb-res-m-20266386,resource_constraint,medium,1,remove_sample_identity,0.6258,0.3742,conserve,spend_now,0,0.7926514062499999,0.7352539062500001
spb-res-m-20266386,resource_constraint,medium,1,attention_only,0.6258,0.3742,spend_now,spend_now,1,1.5279053125,0.0
spb-res-m-20266386,resource_constraint,medium,1,simple_dedup,0.6258,0.3742,conserve,spend_now,0,0.7926514062499999,0.7352539062500001
spb-res-m-20266386,resource_constraint,medium,1,random_grouping,0.6258,0.3742,conserve,spend_now,0,0.7926514062499999,0.7352539062500001
spb-res-m-20266386,resource_constraint,medium,1,oracle_grouping,0.6258,0.3742,conserve,spend_now,0,0.7926514062499999,0.7352539062500001
spb-res-m-20266386,resource_constraint,medium,2,remove_provenance,0.7149821006931222,0.2850178993068778,conserve,spend_now,0,0.7926514062499999,0.7352539062500001
spb-res-m-20266386,resource_constraint,medium,2,remove_belief_separation,0.6258,0.3742,conserve,spend_now,0,0.7926514062499999,0.7352539062500001
spb-res-m-20266386,resource_constraint,medium,2,remove_sample_identity,0.6258,0.3742,conserve,spend_now,0,0.7926514062499999,0.7352539062500001
spb-res-m-20266386,resource_constraint,medium,2,attention_only,0.6258,0.3742,spend_now,spend_now,1,1.5279053125,0.0
spb-res-m-20266386,resource_constraint,medium,2,simple_dedup,0.6258,0.3742,conserve,spend_now,0,0.7926514062499999,0.7352539062500001
spb-res-m-20266386,resource_constraint,medium,2,random_grouping,0.6258,0.3742,conserve,spend_now,0,0.7926514062499999,0.7352539062500001
spb-res-m-20266386,resource_constraint,medium,2,oracle_grouping,0.6258,0.3742,conserve,spend_now,0,0.7926514062499999,0.7352539062500001
spb-res-m-20266386,resource_constraint,medium,4,remove_provenance,0.8494937205256861,0.15050627947431394,spend_now,spend_now,1,1.5279053125,0.0
spb-res-m-20266386,resource_constraint,medium,4,remove_belief_separation,0.6258,0.3742,conserve,spend_now,0,0.7926514062499999,0.7352539062500001
spb-res-m-20266386,resource_constraint,medium,4,remove_sample_identity,0.6258,0.3742,conserve,spend_now,0,0.7926514062499999,0.7352539062500001
spb-res-m-20266386,resource_constraint,medium,4,attention_only,0.6258,0.3742,spend_now,spend_now,1,1.5279053125,0.0
spb-res-m-20266386,resource_constraint,medium,4,simple_dedup,0.6258,0.3742,conserve,spend_now,0,0.7926514062499999,0.7352539062500001
spb-res-m-20266386,resource_constraint,medium,4,random_grouping,0.6258,0.3742,conserve,spend_now,0,0.7926514062499999,0.7352539062500001
spb-res-m-20266386,resource_constraint,medium,4,oracle_grouping,0.6258,0.3742,conserve,spend_now,0,0.7926514062499999,0.7352539062500001
spb-res-m-20266386,resource_constraint,medium,8,remove_provenance,0.9661864812284622,0.03381351877153782,spend_now,spend_now,1,1.5279053125,0.0
spb-res-m-20266386,resource_constraint,medium,8,remove_belief_separation,0.6258,0.3742,conserve,spend_now,0,0.7926514062499999,0.7352539062500001
spb-res-m-20266386,resource_constraint,medium,8,remove_sample_identity,0.6258,0.3742,conserve,spend_now,0,0.7926514062499999,0.7352539062500001
spb-res-m-20266386,resource_constraint,medium,8,attention_only,0.6258,0.3742,spend_now,spend_now,1,1.5279053125,0.0
spb-res-m-20266386,resource_constraint,medium,8,simple_dedup,0.6258,0.3742,conserve,spend_now,0,0.7926514062499999,0.7352539062500001
spb-res-m-20266386,resource_constraint,medium,8,random_grouping,0.6258,0.3742,conserve,spend_now,0,0.7926514062499999,0.7352539062500001
spb-res-m-20266386,resource_constraint,medium,8,oracle_grouping,0.6258,0.3742,conserve,spend_now,0,0.7926514062499999,0.7352539062500001
spb-res-m-20266386,resource_constraint,medium,16,remove_provenance,0.9986363381100273,0.0013636618899727226,spend_now,spend_now,1,1.5279053125,0.0
spb-res-m-20266386,resource_constraint,medium,16,remove_belief_separation,0.6258,0.3742,conserve,spend_now,0,0.7926514062499999,0.7352539062500001
spb-res-m-20266386,resource_constraint,medium,16,remove_sample_identity,0.6258,0.3742,conserve,spend_now,0,0.7926514062499999,0.7352539062500001
spb-res-m-20266386,resource_constraint,medium,16,attention_only,0.6258,0.3742,spend_now,spend_now,1,1.5279053125,0.0
spb-res-m-20266386,resource_constraint,medium,16,simple_dedup,0.6258,0.3742,conserve,spend_now,0,0.7926514062499999,0.7352539062500001
spb-res-m-20266386,resource_constraint,medium,16,random_grouping,0.6258,0.3742,conserve,spend_now,0,0.7926514062499999,0.7352539062500001
spb-res-m-20266386,resource_constraint,medium,16,oracle_grouping,0.6258,0.3742,conserve,spend_now,0,0.7926514062499999,0.7352539062500001
spb-res-m-20266386,resource_constraint,medium,32,remove_provenance,0.9999979210775423,2.078922457737775e-06,spend_now,spend_now,1,1.5279053125,0.0
spb-res-m-20266386,resource_constraint,medium,32,remove_belief_separation,0.6258,0.3742,conserve,spend_now,0,0.7926514062499999,0.7352539062500001
spb-res-m-20266386,resource_constraint,medium,32,remove_sample_identity,0.6258,0.3742,conserve,spend_now,0,0.7926514062499999,0.7352539062500001
spb-res-m-20266386,resource_constraint,medium,32,attention_only,0.6258,0.3742,spend_now,spend_now,1,1.5279053125,0.0
spb-res-m-20266386,resource_constraint,medium,32,simple_dedup,0.6258,0.3742,conserve,spend_now,0,0.7926514062499999,0.7352539062500001
spb-res-m-20266386,resource_constraint,medium,32,random_grouping,0.6258,0.3742,conserve,spend_now,0,0.7926514062499999,0.7352539062500001
spb-res-m-20266386,resource_constraint,medium,32,oracle_grouping,0.6258,0.3742,conserve,spend_now,0,0.7926514062499999,0.7352539062500001
spb-res-m-20266386,resource_constraint,medium,64,remove_provenance,0.9999999999951814,4.8185899714781044e-12,spend_now,spend_now,1,1.5279053125,0.0
spb-res-m-20266386,resource_constraint,medium,64,remove_belief_separation,0.6258,0.3742,conserve,spend_now,0,0.7926514062499999,0.7352539062500001
spb-res-m-20266386,resource_constraint,medium,64,remove_sample_identity,0.6258,0.3742,conserve,spend_now,0,0.7926514062499999,0.7352539062500001
spb-res-m-20266386,resource_constraint,medium,64,attention_only,0.6258,0.3742,spend_now,spend_now,1,1.5279053125,0.0
spb-res-m-20266386,resource_constraint,medium,64,simple_dedup,0.6258,0.3742,conserve,spend_now,0,0.7926514062499999,0.7352539062500001
spb-res-m-20266386,resource_constraint,medium,64,random_grouping,0.6258,0.3742,conserve,spend_now,0,0.7926514062499999,0.7352539062500001
spb-res-m-20266386,resource_constraint,medium,64,oracle_grouping,0.6258,0.3742,conserve,spend_now,0,0.7926514062499999,0.7352539062500001
spb-res-m-20266437,resource_constraint,medium,1,remove_provenance,0.5097,0.5097,conserve,conserve,1,0.79755390625,0.0
spb-res-m-20266437,resource_constraint,medium,1,remove_belief_separation,0.5097,0.5097,conserve,conserve,1,0.79755390625,0.0
spb-res-m-20266437,resource_constraint,medium,1,remove_sample_identity,0.5097,0.5097,conserve,conserve,1,0.79755390625,0.0
spb-res-m-20266437,resource_constraint,medium,1,attention_only,0.5097,0.5097,spend_now,conserve,0,-1.3682746875,2.16582859375
spb-res-m-20266437,resource_constraint,medium,1,simple_dedup,0.5097,0.5097,conserve,conserve,1,0.79755390625,0.0
spb-res-m-20266437,resource_constraint,medium,1,random_grouping,0.5097,0.5097,conserve,conserve,1,0.79755390625,0.0
spb-res-m-20266437,resource_constraint,medium,1,oracle_grouping,0.5097,0.5097,conserve,conserve,1,0.79755390625,0.0
spb-res-m-20266437,resource_constraint,medium,2,remove_provenance,0.6092760090847512,0.6092760090847512,conserve,conserve,1,0.79755390625,0.0
spb-res-m-20266437,resource_constraint,medium,2,remove_belief_separation,0.5097,0.5097,conserve,conserve,1,0.79755390625,0.0
spb-res-m-20266437,resource_constraint,medium,2,remove_sample_identity,0.5097,0.5097,conserve,conserve,1,0.79755390625,0.0
spb-res-m-20266437,resource_constraint,medium,2,attention_only,0.5097,0.5097,spend_now,conserve,0,-1.3682746875,2.16582859375
spb-res-m-20266437,resource_constraint,medium,2,simple_dedup,0.5097,0.5097,conserve,conserve,1,0.79755390625,0.0
spb-res-m-20266437,resource_constraint,medium,2,random_grouping,0.5097,0.5097,conserve,conserve,1,0.79755390625,0.0
spb-res-m-20266437,resource_constraint,medium,2,oracle_grouping,0.5097,0.5097,conserve,conserve,1,0.79755390625,0.0
spb-res-m-20266437,resource_constraint,medium,4,remove_provenance,0.7781987412563686,0.7781987412563686,spend_now,conserve,0,-1.3682746875,2.16582859375
spb-res-m-20266437,resource_constraint,medium,4,remove_belief_separation,0.5097,0.5097,conserve,conserve,1,0.79755390625,0.0
spb-res-m-20266437,resource_constraint,medium,4,remove_sample_identity,0.5097,0.5097,conserve,conserve,1,0.79755390625,0.0
spb-res-m-20266437,resource_constraint,medium,4,attention_only,0.5097,0.5097,spend_now,conserve,0,-1.3682746875,2.16582859375
spb-res-m-20266437,resource_constraint,medium,4,simple_dedup,0.5097,0.5097,conserve,conserve,1,0.79755390625,0.0
spb-res-m-20266437,resource_constraint,medium,4,random_grouping,0.5097,0.5097,conserve,conserve,1,0.79755390625,0.0
spb-res-m-20266437,resource_constraint,medium,4,oracle_grouping,0.5097,0.5097,conserve,conserve,1,0.79755390625,0.0
spb-res-m-20266437,resource_constraint,medium,8,remove_provenance,0.9467007419197887,0.9467007419197887,spend_now,conserve,0,-1.3682746875,2.16582859375
spb-res-m-20266437,resource_constraint,medium,8,remove_belief_separation,0.5097,0.5097,conserve,conserve,1,0.79755390625,0.0
spb-res-m-20266437,resource_constraint,medium,8,remove_sample_identity,0.5097,0.5097,conserve,conserve,1,0.79755390625,0.0
spb-res-m-20266437,resource_constraint,medium,8,attention_only,0.5097,0.5097,spend_now,conserve,0,-1.3682746875,2.16582859375
spb-res-m-20266437,resource_constraint,medium,8,simple_dedup,0.5097,0.5097,conserve,conserve,1,0.79755390625,0.0
spb-res-m-20266437,resource_constraint,medium,8,random_grouping,0.5097,0.5097,conserve,conserve,1,0.79755390625,0.0
spb-res-m-20266437,resource_constraint,medium,8,oracle_grouping,0.5097,0.5097,conserve,conserve,1,0.79755390625,0.0
spb-res-m-20266437,resource_constraint,medium,16,remove_provenance,0.9978080765206713,0.9978080765206713,spend_now,conserve,0,-1.3682746875,2.16582859375
spb-res-m-20266437,resource_constraint,medium,16,remove_belief_separation,0.5097,0.5097,conserve,conserve,1,0.79755390625,0.0
spb-res-m-20266437,resource_constraint,medium,16,remove_sample_identity,0.5097,0.5097,conserve,conserve,1,0.79755390625,0.0
spb-res-m-20266437,resource_constraint,medium,16,attention_only,0.5097,0.5097,spend_now,conserve,0,-1.3682746875,2.16582859375
spb-res-m-20266437,resource_constraint,medium,16,simple_dedup,0.5097,0.5097,conserve,conserve,1,0.79755390625,0.0
spb-res-m-20266437,resource_constraint,medium,16,random_grouping,0.5097,0.5097,conserve,conserve,1,0.79755390625,0.0
spb-res-m-20266437,resource_constraint,medium,16,oracle_grouping,0.5097,0.5097,conserve,conserve,1,0.79755390625,0.0
spb-res-m-20266437,resource_constraint,medium,32,remove_provenance,0.9999966556110759,0.9999966556110759,spend_now,conserve,0,-1.3682746875,2.16582859375
spb-res-m-20266437,resource_constraint,medium,32,remove_belief_separation,0.5097,0.5097,conserve,conserve,1,0.79755390625,0.0
spb-res-m-20266437,resource_constraint,medium,32,remove_sample_identity,0.5097,0.5097,conserve,conserve,1,0.79755390625,0.0
spb-res-m-20266437,resource_constraint,medium,32,attention_only,0.5097,0.5097,spend_now,conserve,0,-1.3682746875,2.16582859375
spb-res-m-20266437,resource_constraint,medium,32,simple_dedup,0.5097,0.5097,conserve,conserve,1,0.79755390625,0.0
spb-res-m-20266437,resource_constraint,medium,32,random_grouping,0.5097,0.5097,conserve,conserve,1,0.79755390625,0.0
spb-res-m-20266437,resource_constraint,medium,32,oracle_grouping,0.5097,0.5097,conserve,conserve,1,0.79755390625,0.0
spb-res-m-20266437,resource_constraint,medium,64,remove_provenance,0.9999999999922482,0.9999999999922482,spend_now,conserve,0,-1.3682746875,2.16582859375
spb-res-m-20266437,resource_constraint,medium,64,remove_belief_separation,0.5097,0.5097,conserve,conserve,1,0.79755390625,0.0
spb-res-m-20266437,resource_constraint,medium,64,remove_sample_identity,0.5097,0.5097,conserve,conserve,1,0.79755390625,0.0
spb-res-m-20266437,resource_constraint,medium,64,attention_only,0.5097,0.5097,spend_now,conserve,0,-1.3682746875,2.16582859375
spb-res-m-20266437,resource_constraint,medium,64,simple_dedup,0.5097,0.5097,conserve,conserve,1,0.79755390625,0.0
spb-res-m-20266437,resource_constraint,medium,64,random_grouping,0.5097,0.5097,conserve,conserve,1,0.79755390625,0.0
spb-res-m-20266437,resource_constraint,medium,64,oracle_grouping,0.5097,0.5097,conserve,conserve,1,0.79755390625,0.0
spb-res-h-20266454,resource_constraint,hard,1,remove_provenance,0.7971,0.7971,spend_now,conserve,0,-1.416649375,2.23912125
spb-res-h-20266454,resource_constraint,hard,1,remove_belief_separation,0.7971,0.7971,conserve,conserve,1,0.822471875,0.0
spb-res-h-20266454,resource_constraint,hard,1,remove_sample_identity,0.7971,0.7971,spend_now,conserve,0,-1.416649375,2.23912125
spb-res-h-20266454,resource_constraint,hard,1,attention_only,0.7971,0.7971,spend_now,conserve,0,-1.416649375,2.23912125
spb-res-h-20266454,resource_constraint,hard,1,simple_dedup,0.7971,0.7971,spend_now,conserve,0,-1.416649375,2.23912125
spb-res-h-20266454,resource_constraint,hard,1,random_grouping,0.7971,0.7971,spend_now,conserve,0,-1.416649375,2.23912125
spb-res-h-20266454,resource_constraint,hard,1,oracle_grouping,0.7971,0.7971,spend_now,conserve,0,-1.416649375,2.23912125
spb-res-h-20266454,resource_constraint,hard,2,remove_provenance,0.854921168352937,0.854921168352937,spend_now,conserve,0,-1.416649375,2.23912125
spb-res-h-20266454,resource_constraint,hard,2,remove_belief_separation,0.7971,0.7971,conserve,conserve,1,0.822471875,0.0
spb-res-h-20266454,resource_constraint,hard,2,remove_sample_identity,0.7971,0.7971,spend_now,conserve,0,-1.416649375,2.23912125
spb-res-h-20266454,resource_constraint,hard,2,attention_only,0.7971,0.7971,spend_now,conserve,0,-1.416649375,2.23912125
spb-res-h-20266454,resource_constraint,hard,2,simple_dedup,0.7971,0.7971,spend_now,conserve,0,-1.416649375,2.23912125
spb-res-h-20266454,resource_constraint,hard,2,random_grouping,0.7971,0.7971,spend_now,conserve,0,-1.416649375,2.23912125
spb-res-h-20266454,resource_constraint,hard,2,oracle_grouping,0.7971,0.7971,spend_now,conserve,0,-1.416649375,2.23912125
spb-res-h-20266454,resource_constraint,hard,4,remove_provenance,0.9298679190664034,0.9298679190664034,spend_now,conserve,0,-1.416649375,2.23912125
spb-res-h-20266454,resource_constraint,hard,4,remove_belief_separation,0.7971,0.7971,conserve,conserve,1,0.822471875,0.0
spb-res-h-20266454,resource_constraint,hard,4,remove_sample_identity,0.7971,0.7971,spend_now,conserve,0,-1.416649375,2.23912125
spb-res-h-20266454,resource_constraint,hard,4,attention_only,0.7971,0.7971,spend_now,conserve,0,-1.416649375,2.23912125
spb-res-h-20266454,resource_constraint,hard,4,simple_dedup,0.7971,0.7971,spend_now,conserve,0,-1.416649375,2.23912125
spb-res-h-20266454,resource_constraint,hard,4,random_grouping,0.7971,0.7971,spend_now,conserve,0,-1.416649375,2.23912125
spb-res-h-20266454,resource_constraint,hard,4,oracle_grouping,0.7971,0.7971,spend_now,conserve,0,-1.416649375,2.23912125
spb-res-h-20266454,resource_constraint,hard,8,remove_provenance,0.9853206105778626,0.9853206105778626,spend_now,conserve,0,-1.416649375,2.23912125
spb-res-h-20266454,resource_constraint,hard,8,remove_belief_separation,0.7971,0.7971,conserve,conserve,1,0.822471875,0.0
spb-res-h-20266454,resource_constraint,hard,8,remove_sample_identity,0.7971,0.7971,spend_now,conserve,0,-1.416649375,2.23912125
spb-res-h-20266454,resource_constraint,hard,8,attention_only,0.7971,0.7971,spend_now,conserve,0,-1.416649375,2.23912125
spb-res-h-20266454,resource_constraint,hard,8,simple_dedup,0.7971,0.7971,spend_now,conserve,0,-1.416649375,2.23912125
spb-res-h-20266454,resource_constraint,hard,8,random_grouping,0.7971,0.7971,spend_now,conserve,0,-1.416649375,2.23912125
spb-res-h-20266454,resource_constraint,hard,8,oracle_grouping,0.7971,0.7971,spend_now,conserve,0,-1.416649375,2.23912125
spb-res-h-20266454,resource_constraint,hard,16,remove_provenance,0.9994190376744566,0.9994190376744566,spend_now,conserve,0,-1.416649375,2.23912125
spb-res-h-20266454,resource_constraint,hard,16,remove_belief_separation,0.7971,0.7971,conserve,conserve,1,0.822471875,0.0
spb-res-h-20266454,resource_constraint,hard,16,remove_sample_identity,0.7971,0.7971,spend_now,conserve,0,-1.416649375,2.23912125
spb-res-h-20266454,resource_constraint,hard,16,attention_only,0.7971,0.7971,spend_now,conserve,0,-1.416649375,2.23912125
spb-res-h-20266454,resource_constraint,hard,16,simple_dedup,0.7971,0.7971,spend_now,conserve,0,-1.416649375,2.23912125
spb-res-h-20266454,resource_constraint,hard,16,random_grouping,0.7971,0.7971,spend_now,conserve,0,-1.416649375,2.23912125
spb-res-h-20266454,resource_constraint,hard,16,oracle_grouping,0.7971,0.7971,spend_now,conserve,0,-1.416649375,2.23912125
spb-res-h-20266454,resource_constraint,hard,32,remove_provenance,0.9999991150070261,0.9999991150070261,spend_now,conserve,0,-1.416649375,2.23912125
spb-res-h-20266454,resource_constraint,hard,32,remove_belief_separation,0.7971,0.7971,conserve,conserve,1,0.822471875,0.0
spb-res-h-20266454,resource_constraint,hard,32,remove_sample_identity,0.7971,0.7971,spend_now,conserve,0,-1.416649375,2.23912125
spb-res-h-20266454,resource_constraint,hard,32,attention_only,0.7971,0.7971,spend_now,conserve,0,-1.416649375,2.23912125
spb-res-h-20266454,resource_constraint,hard,32,simple_dedup,0.7971,0.7971,spend_now,conserve,0,-1.416649375,2.23912125
spb-res-h-20266454,resource_constraint,hard,32,random_grouping,0.7971,0.7971,spend_now,conserve,0,-1.416649375,2.23912125
spb-res-h-20266454,resource_constraint,hard,32,oracle_grouping,0.7971,0.7971,spend_now,conserve,0,-1.416649375,2.23912125
spb-res-h-20266454,resource_constraint,hard,64,remove_provenance,0.9999999999979488,0.9999999999979488,spend_now,conserve,0,-1.416649375,2.23912125
spb-res-h-20266454,resource_constraint,hard,64,remove_belief_separation,0.7971,0.7971,conserve,conserve,1,0.822471875,0.0
spb-res-h-20266454,resource_constraint,hard,64,remove_sample_identity,0.7971,0.7971,spend_now,conserve,0,-1.416649375,2.23912125
spb-res-h-20266454,resource_constraint,hard,64,attention_only,0.7971,0.7971,spend_now,conserve,0,-1.416649375,2.23912125
spb-res-h-20266454,resource_constraint,hard,64,simple_dedup,0.7971,0.7971,spend_now,conserve,0,-1.416649375,2.23912125
spb-res-h-20266454,resource_constraint,hard,64,random_grouping,0.7971,0.7971,spend_now,conserve,0,-1.416649375,2.23912125
spb-res-h-20266454,resource_constraint,hard,64,oracle_grouping,0.7971,0.7971,spend_now,conserve,0,-1.416649375,2.23912125
spb-res-h-20266556,resource_constraint,hard,1,remove_provenance,0.5222,0.4778,conserve,spend_now,0,0.769505625,0.73460125
spb-res-h-20266556,resource_constraint,hard,1,remove_belief_separation,0.5222,0.4778,conserve,spend_now,0,0.769505625,0.73460125
spb-res-h-20266556,resource_constraint,hard,1,remove_sample_identity,0.5222,0.4778,conserve,spend_now,0,0.769505625,0.73460125
spb-res-h-20266556,resource_constraint,hard,1,attention_only,0.5222,0.4778,spend_now,spend_now,1,1.504106875,0.0
spb-res-h-20266556,resource_constraint,hard,1,simple_dedup,0.5222,0.4778,conserve,spend_now,0,0.769505625,0.73460125
spb-res-h-20266556,resource_constraint,hard,1,random_grouping,0.5222,0.4778,conserve,spend_now,0,0.769505625,0.73460125
spb-res-h-20266556,resource_constraint,hard,1,oracle_grouping,0.5222,0.4778,conserve,spend_now,0,0.769505625,0.73460125
spb-res-h-20266556,resource_constraint,hard,2,remove_provenance,0.6211244151930854,0.37887558480691463,conserve,spend_now,0,0.769505625,0.73460125
spb-res-h-20266556,resource_constraint,hard,2,remove_belief_separation,0.5222,0.4778,conserve,spend_now,0,0.769505625,0.73460125
spb-res-h-20266556,resource_constraint,hard,2,remove_sample_identity,0.5222,0.4778,conserve,spend_now,0,0.769505625,0.73460125
spb-res-h-20266556,resource_constraint,hard,2,attention_only,0.5222,0.4778,spend_now,spend_now,1,1.504106875,0.0
spb-res-h-20266556,resource_constraint,hard,2,simple_dedup,0.5222,0.4778,conserve,spend_now,0,0.769505625,0.73460125
spb-res-h-20266556,resource_constraint,hard,2,random_grouping,0.5222,0.4778,conserve,spend_now,0,0.769505625,0.73460125
spb-res-h-20266556,resource_constraint,hard,2,oracle_grouping,0.5222,0.4778,conserve,spend_now,0,0.769505625,0.73460125
spb-res-h-20266556,resource_constraint,hard,4,remove_provenance,0.7867178520014732,0.21328214799852685,spend_now,spend_now,1,1.504106875,0.0
spb-res-h-20266556,resource_constraint,hard,4,remove_belief_separation,0.5222,0.4778,conserve,spend_now,0,0.769505625,0.73460125
spb-res-h-20266556,resource_constraint,hard,4,remove_sample_identity,0.5222,0.4778,conserve,spend_now,0,0.769505625,0.73460125
spb-res-h-20266556,resource_constraint,hard,4,attention_only,0.5222,0.4778,spend_now,spend_now,1,1.504106875,0.0
spb-res-h-20266556,resource_constraint,hard,4,simple_dedup,0.5222,0.4778,conserve,spend_now,0,0.769505625,0.73460125
spb-res-h-20266556,resource_constraint,hard,4,random_grouping,0.5222,0.4778,conserve,spend_now,0,0.769505625,0.73460125
spb-res-h-20266556,resource_constraint,hard,4,oracle_grouping,0.5222,0.4778,conserve,spend_now,0,0.769505625,0.73460125
spb-res-h-20266556,resource_constraint,hard,8,remove_provenance,0.9491706267684986,0.050829373231501385,spend_now,spend_now,1,1.504106875,0.0
spb-res-h-20266556,resource_constraint,hard,8,remove_belief_separation,0.5222,0.4778,conserve,spend_now,0,0.769505625,0.73460125
spb-res-h-20266556,resource_constraint,hard,8,remove_sample_identity,0.5222,0.4778,conserve,spend_now,0,0.769505625,0.73460125
spb-res-h-20266556,resource_constraint,hard,8,attention_only,0.5222,0.4778,spend_now,spend_now,1,1.504106875,0.0
spb-res-h-20266556,resource_constraint,hard,8,simple_dedup,0.5222,0.4778,conserve,spend_now,0,0.769505625,0.73460125
spb-res-h-20266556,resource_constraint,hard,8,random_grouping,0.5222,0.4778,conserve,spend_now,0,0.769505625,0.73460125
spb-res-h-20266556,resource_constraint,hard,8,oracle_grouping,0.5222,0.4778,conserve,spend_now,0,0.769505625,0.73460125
spb-res-h-20266556,resource_constraint,hard,16,remove_provenance,0.9979148664092967,0.002085133590703281,spend_now,spend_now,1,1.504106875,0.0
spb-res-h-20266556,resource_constraint,hard,16,remove_belief_separation,0.5222,0.4778,conserve,spend_now,0,0.769505625,0.73460125
spb-res-h-20266556,resource_constraint,hard,16,remove_sample_identity,0.5222,0.4778,conserve,spend_now,0,0.769505625,0.73460125
spb-res-h-20266556,resource_constraint,hard,16,attention_only,0.5222,0.4778,spend_now,spend_now,1,1.504106875,0.0
spb-res-h-20266556,resource_constraint,hard,16,simple_dedup,0.5222,0.4778,conserve,spend_now,0,0.769505625,0.73460125
spb-res-h-20266556,resource_constraint,hard,16,random_grouping,0.5222,0.4778,conserve,spend_now,0,0.769505625,0.73460125
spb-res-h-20266556,resource_constraint,hard,16,oracle_grouping,0.5222,0.4778,conserve,spend_now,0,0.769505625,0.73460125
spb-res-h-20266556,resource_constraint,hard,32,remove_provenance,0.9999968188886905,3.1811113094804e-06,spend_now,spend_now,1,1.504106875,0.0
spb-res-h-20266556,resource_constraint,hard,32,remove_belief_separation,0.5222,0.4778,conserve,spend_now,0,0.769505625,0.73460125
spb-res-h-20266556,resource_constraint,hard,32,remove_sample_identity,0.5222,0.4778,conserve,spend_now,0,0.769505625,0.73460125
spb-res-h-20266556,resource_constraint,hard,32,attention_only,0.5222,0.4778,spend_now,spend_now,1,1.504106875,0.0
spb-res-h-20266556,resource_constraint,hard,32,simple_dedup,0.5222,0.4778,conserve,spend_now,0,0.769505625,0.73460125
spb-res-h-20266556,resource_constraint,hard,32,random_grouping,0.5222,0.4778,conserve,spend_now,0,0.769505625,0.73460125
spb-res-h-20266556,resource_constraint,hard,32,oracle_grouping,0.5222,0.4778,conserve,spend_now,0,0.769505625,0.73460125
spb-res-h-20266556,resource_constraint,hard,64,remove_provenance,0.9999999999926268,7.37321315114059e-12,spend_now,spend_now,1,1.504106875,0.0
spb-res-h-20266556,resource_constraint,hard,64,remove_belief_separation,0.5222,0.4778,conserve,spend_now,0,0.769505625,0.73460125
spb-res-h-20266556,resource_constraint,hard,64,remove_sample_identity,0.5222,0.4778,conserve,spend_now,0,0.769505625,0.73460125
spb-res-h-20266556,resource_constraint,hard,64,attention_only,0.5222,0.4778,spend_now,spend_now,1,1.504106875,0.0
spb-res-h-20266556,resource_constraint,hard,64,simple_dedup,0.5222,0.4778,conserve,spend_now,0,0.769505625,0.73460125
spb-res-h-20266556,resource_constraint,hard,64,random_grouping,0.5222,0.4778,conserve,spend_now,0,0.769505625,0.73460125
spb-res-h-20266556,resource_constraint,hard,64,oracle_grouping,0.5222,0.4778,conserve,spend_now,0,0.769505625,0.73460125
spb-res-m-20266590,resource_constraint,medium,1,remove_provenance,0.4656,0.4656,conserve,conserve,1,0.7963340624999999,0.0
spb-res-m-20266590,resource_constraint,medium,1,remove_belief_separation,0.4656,0.4656,conserve,conserve,1,0.7963340624999999,0.0
spb-res-m-20266590,resource_constraint,medium,1,remove_sample_identity,0.4656,0.4656,conserve,conserve,1,0.7963340624999999,0.0
spb-res-m-20266590,resource_constraint,medium,1,attention_only,0.4656,0.4656,spend_now,conserve,0,-1.33832,2.1346540625
spb-res-m-20266590,resource_constraint,medium,1,simple_dedup,0.4656,0.4656,conserve,conserve,1,0.7963340624999999,0.0
spb-res-m-20266590,resource_constraint,medium,1,random_grouping,0.4656,0.4656,conserve,conserve,1,0.7963340624999999,0.0
spb-res-m-20266590,resource_constraint,medium,1,oracle_grouping,0.4656,0.4656,conserve,conserve,1,0.7963340624999999,0.0
spb-res-m-20266590,resource_constraint,medium,2,remove_provenance,0.5665152498377677,0.5665152498377677,conserve,conserve,1,0.7963340624999999,0.0
spb-res-m-20266590,resource_constraint,medium,2,remove_belief_separation,0.4656,0.4656,conserve,conserve,1,0.7963340624999999,0.0
spb-res-m-20266590,resource_constraint,medium,2,remove_sample_identity,0.4656,0.4656,conserve,conserve,1,0.7963340624999999,0.0
spb-res-m-20266590,resource_constraint,medium,2,attention_only,0.4656,0.4656,spend_now,conserve,0,-1.33832,2.1346540625
spb-res-m-20266590,resource_constraint,medium,2,simple_dedup,0.4656,0.4656,conserve,conserve,1,0.7963340624999999,0.0
spb-res-m-20266590,resource_constraint,medium,2,random_grouping,0.4656,0.4656,conserve,conserve,1,0.7963340624999999,0.0
spb-res-m-20266590,resource_constraint,medium,2,oracle_grouping,0.4656,0.4656,conserve,conserve,1,0.7963340624999999,0.0
spb-res-m-20266590,resource_constraint,medium,4,remove_provenance,0.746224712698262,0.746224712698262,conserve,conserve,1,0.7963340624999999,0.0
spb-res-m-20266590,resource_constraint,medium,4,remove_belief_separation,0.4656,0.4656,conserve,conserve,1,0.7963340624999999,0.0
spb-res-m-20266590,resource_constraint,medium,4,remove_sample_identity,0.4656,0.4656,conserve,conserve,1,0.7963340624999999,0.0
spb-res-m-20266590,resource_constraint,medium,4,attention_only,0.4656,0.4656,spend_now,conserve,0,-1.33832,2.1346540625
spb-res-m-20266590,resource_constraint,medium,4,simple_dedup,0.4656,0.4656,conserve,conserve,1,0.7963340624999999,0.0
spb-res-m-20266590,resource_constraint,medium,4,random_grouping,0.4656,0.4656,conserve,conserve,1,0.7963340624999999,0.0
spb-res-m-20266590,resource_constraint,medium,4,oracle_grouping,0.4656,0.4656,conserve,conserve,1,0.7963340624999999,0.0
spb-res-m-20266590,resource_constraint,medium,8,remove_provenance,0.9370524862000473,0.9370524862000473,spend_now,conserve,0,-1.33832,2.1346540625
spb-res-m-20266590,resource_constraint,medium,8,remove_belief_separation,0.4656,0.4656,conserve,conserve,1,0.7963340624999999,0.0
spb-res-m-20266590,resource_constraint,medium,8,remove_sample_identity,0.4656,0.4656,conserve,conserve,1,0.7963340624999999,0.0
spb-res-m-20266590,resource_constraint,medium,8,attention_only,0.4656,0.4656,spend_now,conserve,0,-1.33832,2.1346540625
spb-res-m-20266590,resource_constraint,medium,8,simple_dedup,0.4656,0.4656,conserve,conserve,1,0.7963340624999999,0.0
spb-res-m-20266590,resource_constraint,medium,8,random_grouping,0.4656,0.4656,conserve,conserve,1,0.7963340624999999,0.0
spb-res-m-20266590,resource_constraint,medium,8,oracle_grouping,0.4656,0.4656,conserve,conserve,1,0.7963340624999999,0.0
spb-res-m-20266590,resource_constraint,medium,16,remove_provenance,0.9973857461917374,0.9973857461917374,spend_now,conserve,0,-1.33832,2.1346540625
spb-res-m-20266590,resource_constraint,medium,16,remove_belief_separation,0.4656,0.4656,conserve,conserve,1,0.7963340624999999,0.0
spb-res-m-20266590,resource_constraint,medium,16,remove_sample_identity,0.4656,0.4656,conserve,conserve,1,0.7963340624999999,0.0
spb-res-m-20266590,resource_constraint,medium,16,attention_only,0.4656,0.4656,spend_now,conserve,0,-1.33832,2.1346540625
spb-res-m-20266590,resource_constraint,medium,16,simple_dedup,0.4656,0.4656,conserve,conserve,1,0.7963340624999999,0.0
spb-res-m-20266590,resource_constraint,medium,16,random_grouping,0.4656,0.4656,conserve,conserve,1,0.7963340624999999,0.0
spb-res-m-20266590,resource_constraint,medium,16,oracle_grouping,0.4656,0.4656,conserve,conserve,1,0.7963340624999999,0.0
spb-res-m-20266590,resource_constraint,medium,32,remove_provenance,0.9999960095422767,0.9999960095422767,spend_now,conserve,0,-1.33832,2.1346540625
spb-res-m-20266590,resource_constraint,medium,32,remove_belief_separation,0.4656,0.4656,conserve,conserve,1,0.7963340624999999,0.0
spb-res-m-20266590,resource_constraint,medium,32,remove_sample_identity,0.4656,0.4656,conserve,conserve,1,0.7963340624999999,0.0
spb-res-m-20266590,resource_constraint,medium,32,attention_only,0.4656,0.4656,spend_now,conserve,0,-1.33832,2.1346540625
spb-res-m-20266590,resource_constraint,medium,32,simple_dedup,0.4656,0.4656,conserve,conserve,1,0.7963340624999999,0.0
spb-res-m-20266590,resource_constraint,medium,32,random_grouping,0.4656,0.4656,conserve,conserve,1,0.7963340624999999,0.0
spb-res-m-20266590,resource_constraint,medium,32,oracle_grouping,0.4656,0.4656,conserve,conserve,1,0.7963340624999999,0.0
spb-res-m-20266590,resource_constraint,medium,64,remove_provenance,0.9999999999907507,0.9999999999907507,spend_now,conserve,0,-1.33832,2.1346540625
spb-res-m-20266590,resource_constraint,medium,64,remove_belief_separation,0.4656,0.4656,conserve,conserve,1,0.7963340624999999,0.0
spb-res-m-20266590,resource_constraint,medium,64,remove_sample_identity,0.4656,0.4656,conserve,conserve,1,0.7963340624999999,0.0
spb-res-m-20266590,resource_constraint,medium,64,attention_only,0.4656,0.4656,spend_now,conserve,0,-1.33832,2.1346540625
spb-res-m-20266590,resource_constraint,medium,64,simple_dedup,0.4656,0.4656,conserve,conserve,1,0.7963340624999999,0.0
spb-res-m-20266590,resource_constraint,medium,64,random_grouping,0.4656,0.4656,conserve,conserve,1,0.7963340624999999,0.0
spb-res-m-20266590,resource_constraint,medium,64,oracle_grouping,0.4656,0.4656,conserve,conserve,1,0.7963340624999999,0.0
spb-res-h-20266913,resource_constraint,hard,1,remove_provenance,0.7737,0.22629999999999995,conserve,spend_now,0,0.80277140625,0.6199493750000002
spb-res-h-20266913,resource_constraint,hard,1,remove_belief_separation,0.7737,0.22629999999999995,conserve,spend_now,0,0.80277140625,0.6199493750000002
spb-res-h-20266913,resource_constraint,hard,1,remove_sample_identity,0.7737,0.22629999999999995,conserve,spend_now,0,0.80277140625,0.6199493750000002
spb-res-h-20266913,resource_constraint,hard,1,attention_only,0.7737,0.22629999999999995,spend_now,spend_now,1,1.4227207812500002,0.0
spb-res-h-20266913,resource_constraint,hard,1,simple_dedup,0.7737,0.22629999999999995,conserve,spend_now,0,0.80277140625,0.6199493750000002
spb-res-h-20266913,resource_constraint,hard,1,random_grouping,0.7737,0.22629999999999995,conserve,spend_now,0,0.80277140625,0.6199493750000002
spb-res-h-20266913,resource_constraint,hard,1,oracle_grouping,0.7737,0.22629999999999995,conserve,spend_now,0,0.80277140625,0.6199493750000002
spb-res-h-20266913,resource_constraint,hard,2,remove_provenance,0.8368244583047915,0.16317554169520854,spend_now,spend_now,1,1.4227207812500002,0.0
spb-res-h-20266913,resource_constraint,hard,2,remove_belief_separation,0.7737,0.22629999999999995,conserve,spend_now,0,0.80277140625,0.6199493750000002
spb-res-h-20266913,resource_constraint,hard,2,remove_sample_identity,0.7737,0.22629999999999995,conserve,spend_now,0,0.80277140625,0.6199493750000002
spb-res-h-20266913,resource_constraint,hard,2,attention_only,0.7737,0.22629999999999995,spend_now,spend_now,1,1.4227207812500002,0.0
spb-res-h-20266913,resource_constraint,hard,2,simple_dedup,0.7737,0.22629999999999995,conserve,spend_now,0,0.80277140625,0.6199493750000002
spb-res-h-20266913,resource_constraint,hard,2,random_grouping,0.7737,0.22629999999999995,conserve,spend_now,0,0.80277140625,0.6199493750000002
spb-res-h-20266913,resource_constraint,hard,2,oracle_grouping,0.7737,0.22629999999999995,conserve,spend_now,0,0.80277140625,0.6199493750000002
spb-res-h-20266913,resource_constraint,hard,4,remove_provenance,0.9202477500297354,0.07975224997026464,spend_now,spend_now,1,1.4227207812500002,0.0
spb-res-h-20266913,resource_constraint,hard,4,remove_belief_separation,0.7737,0.22629999999999995,conserve,spend_now,0,0.80277140625,0.6199493750000002
spb-res-h-20266913,resource_constraint,hard,4,remove_sample_identity,0.7737,0.22629999999999995,conserve,spend_now,0,0.80277140625,0.6199493750000002
spb-res-h-20266913,resource_constraint,hard,4,attention_only,0.7737,0.22629999999999995,spend_now,spend_now,1,1.4227207812500002,0.0
spb-res-h-20266913,resource_constraint,hard,4,simple_dedup,0.7737,0.22629999999999995,conserve,spend_now,0,0.80277140625,0.6199493750000002
spb-res-h-20266913,resource_constraint,hard,4,random_grouping,0.7737,0.22629999999999995,conserve,spend_now,0,0.80277140625,0.6199493750000002
spb-res-h-20266913,resource_constraint,hard,4,oracle_grouping,0.7737,0.22629999999999995,conserve,spend_now,0,0.80277140625,0.6199493750000002
spb-res-h-20266913,resource_constraint,hard,8,remove_provenance,0.9831693276708156,0.01683067232918445,spend_now,spend_now,1,1.4227207812500002,0.0
spb-res-h-20266913,resource_constraint,hard,8,remove_belief_separation,0.7737,0.22629999999999995,conserve,spend_now,0,0.80277140625,0.6199493750000002
spb-res-h-20266913,resource_constraint,hard,8,remove_sample_identity,0.7737,0.22629999999999995,conserve,spend_now,0,0.80277140625,0.6199493750000002
spb-res-h-20266913,resource_constraint,hard,8,attention_only,0.7737,0.22629999999999995,spend_now,spend_now,1,1.4227207812500002,0.0
spb-res-h-20266913,resource_constraint,hard,8,simple_dedup,0.7737,0.22629999999999995,conserve,spend_now,0,0.80277140625,0.6199493750000002
spb-res-h-20266913,resource_constraint,hard,8,random_grouping,0.7737,0.22629999999999995,conserve,spend_now,0,0.80277140625,0.6199493750000002
spb-res-h-20266913,resource_constraint,hard,8,oracle_grouping,0.7737,0.22629999999999995,conserve,spend_now,0,0.80277140625,0.6199493750000002
spb-res-h-20266913,resource_constraint,hard,16,remove_provenance,0.999332497215526,0.0006675027844740278,spend_now,spend_now,1,1.4227207812500002,0.0
spb-res-h-20266913,resource_constraint,hard,16,remove_belief_separation,0.7737,0.22629999999999995,conserve,spend_now,0,0.80277140625,0.6199493750000002
spb-res-h-20266913,resource_constraint,hard,16,remove_sample_identity,0.7737,0.22629999999999995,conserve,spend_now,0,0.80277140625,0.6199493750000002
spb-res-h-20266913,resource_constraint,hard,16,attention_only,0.7737,0.22629999999999995,spend_now,spend_now,1,1.4227207812500002,0.0
spb-res-h-20266913,resource_constraint,hard,16,simple_dedup,0.7737,0.22629999999999995,conserve,spend_now,0,0.80277140625,0.6199493750000002
spb-res-h-20266913,resource_constraint,hard,16,random_grouping,0.7737,0.22629999999999995,conserve,spend_now,0,0.80277140625,0.6199493750000002
spb-res-h-20266913,resource_constraint,hard,16,oracle_grouping,0.7737,0.22629999999999995,conserve,spend_now,0,0.80277140625,0.6199493750000002
spb-res-h-20266913,resource_constraint,hard,32,remove_provenance,0.999998983090078,1.016909922046949e-06,spend_now,spend_now,1,1.4227207812500002,0.0
spb-res-h-20266913,resource_constraint,hard,32,remove_belief_separation,0.7737,0.22629999999999995,conserve,spend_now,0,0.80277140625,0.6199493750000002
spb-res-h-20266913,resource_constraint,hard,32,remove_sample_identity,0.7737,0.22629999999999995,conserve,spend_now,0,0.80277140625,0.6199493750000002
spb-res-h-20266913,resource_constraint,hard,32,attention_only,0.7737,0.22629999999999995,spend_now,spend_now,1,1.4227207812500002,0.0
spb-res-h-20266913,resource_constraint,hard,32,simple_dedup,0.7737,0.22629999999999995,conserve,spend_now,0,0.80277140625,0.6199493750000002
spb-res-h-20266913,resource_constraint,hard,32,random_grouping,0.7737,0.22629999999999995,conserve,spend_now,0,0.80277140625,0.6199493750000002
spb-res-h-20266913,resource_constraint,hard,32,oracle_grouping,0.7737,0.22629999999999995,conserve,spend_now,0,0.80277140625,0.6199493750000002
spb-res-h-20266913,resource_constraint,hard,64,remove_provenance,0.999999999997643,2.3570034812792073e-12,spend_now,spend_now,1,1.4227207812500002,0.0
spb-res-h-20266913,resource_constraint,hard,64,remove_belief_separation,0.7737,0.22629999999999995,conserve,spend_now,0,0.80277140625,0.6199493750000002
spb-res-h-20266913,resource_constraint,hard,64,remove_sample_identity,0.7737,0.22629999999999995,conserve,spend_now,0,0.80277140625,0.6199493750000002
spb-res-h-20266913,resource_constraint,hard,64,attention_only,0.7737,0.22629999999999995,spend_now,spend_now,1,1.4227207812500002,0.0
spb-res-h-20266913,resource_constraint,hard,64,simple_dedup,0.7737,0.22629999999999995,conserve,spend_now,0,0.80277140625,0.6199493750000002
spb-res-h-20266913,resource_constraint,hard,64,random_grouping,0.7737,0.22629999999999995,spend_now,spend_now,1,1.4227207812500002,0.0
spb-res-h-20266913,resource_constraint,hard,64,oracle_grouping,0.7737,0.22629999999999995,conserve,spend_now,0,0.80277140625,0.6199493750000002
spb-res-h-20267321,resource_constraint,hard,1,remove_provenance,0.1937,0.1937,conserve,conserve,1,0.82532609375,0.0
spb-res-h-20267321,resource_constraint,hard,1,remove_belief_separation,0.1937,0.1937,conserve,conserve,1,0.82532609375,0.0
spb-res-h-20267321,resource_constraint,hard,1,remove_sample_identity,0.1937,0.1937,conserve,conserve,1,0.82532609375,0.0
spb-res-h-20267321,resource_constraint,hard,1,attention_only,0.1937,0.1937,spend_now,conserve,0,-1.3078568750000001,2.13318296875
spb-res-h-20267321,resource_constraint,hard,1,simple_dedup,0.1937,0.1937,conserve,conserve,1,0.82532609375,0.0
spb-res-h-20267321,resource_constraint,hard,1,random_grouping,0.1937,0.1937,conserve,conserve,1,0.82532609375,0.0
spb-res-h-20267321,resource_constraint,hard,1,oracle_grouping,0.1937,0.1937,conserve,conserve,1,0.82532609375,0.0
spb-res-h-20267321,resource_constraint,hard,2,remove_provenance,0.26489492638008844,0.26489492638008844,conserve,conserve,1,0.82532609375,0.0
spb-res-h-20267321,resource_constraint,hard,2,remove_belief_separation,0.1937,0.1937,conserve,conserve,1,0.82532609375,0.0
spb-res-h-20267321,resource_constraint,hard,2,remove_sample_identity,0.1937,0.1937,conserve,conserve,1,0.82532609375,0.0
spb-res-h-20267321,resource_constraint,hard,2,attention_only,0.1937,0.1937,spend_now,conserve,0,-1.3078568750000001,2.13318296875
spb-res-h-20267321,resource_constraint,hard,2,simple_dedup,0.1937,0.1937,conserve,conserve,1,0.82532609375,0.0
spb-res-h-20267321,resource_constraint,hard,2,random_grouping,0.1937,0.1937,conserve,conserve,1,0.82532609375,0.0
spb-res-h-20267321,resource_constraint,hard,2,oracle_grouping,0.1937,0.1937,conserve,conserve,1,0.82532609375,0.0
spb-res-h-20267321,resource_constraint,hard,4,remove_provenance,0.4477539104303828,0.4477539104303828,conserve,conserve,1,0.82532609375,0.0
spb-res-h-20267321,resource_constraint,hard,4,remove_belief_separation,0.1937,0.1937,conserve,conserve,1,0.82532609375,0.0
spb-res-h-20267321,resource_constraint,hard,4,remove_sample_identity,0.1937,0.1937,conserve,conserve,1,0.82532609375,0.0
spb-res-h-20267321,resource_constraint,hard,4,attention_only,0.1937,0.1937,spend_now,conserve,0,-1.3078568750000001,2.13318296875
spb-res-h-20267321,resource_constraint,hard,4,simple_dedup,0.1937,0.1937,conserve,conserve,1,0.82532609375,0.0
spb-res-h-20267321,resource_constraint,hard,4,random_grouping,0.1937,0.1937,conserve,conserve,1,0.82532609375,0.0
spb-res-h-20267321,resource_constraint,hard,4,oracle_grouping,0.1937,0.1937,conserve,conserve,1,0.82532609375,0.0
spb-res-h-20267321,resource_constraint,hard,8,remove_provenance,0.8040986029034507,0.8040986029034507,spend_now,conserve,0,-1.3078568750000001,2.13318296875
spb-res-h-20267321,resource_constraint,hard,8,remove_belief_separation,0.1937,0.1937,conserve,conserve,1,0.82532609375,0.0
spb-res-h-20267321,resource_constraint,hard,8,remove_sample_identity,0.1937,0.1937,conserve,conserve,1,0.82532609375,0.0
spb-res-h-20267321,resource_constraint,hard,8,attention_only,0.1937,0.1937,spend_now,conserve,0,-1.3078568750000001,2.13318296875
spb-res-h-20267321,resource_constraint,hard,8,simple_dedup,0.1937,0.1937,conserve,conserve,1,0.82532609375,0.0
spb-res-h-20267321,resource_constraint,hard,8,random_grouping,0.1937,0.1937,conserve,conserve,1,0.82532609375,0.0
spb-res-h-20267321,resource_constraint,hard,8,oracle_grouping,0.1937,0.1937,conserve,conserve,1,0.82532609375,0.0
spb-res-h-20267321,resource_constraint,hard,16,remove_provenance,0.9905835057511039,0.9905835057511039,spend_now,conserve,0,-1.3078568750000001,2.13318296875
spb-res-h-20267321,resource_constraint,hard,16,remove_belief_separation,0.1937,0.1937,conserve,conserve,1,0.82532609375,0.0
spb-res-h-20267321,resource_constraint,hard,16,remove_sample_identity,0.1937,0.1937,conserve,conserve,1,0.82532609375,0.0
spb-res-h-20267321,resource_constraint,hard,16,attention_only,0.1937,0.1937,spend_now,conserve,0,-1.3078568750000001,2.13318296875
spb-res-h-20267321,resource_constraint,hard,16,simple_dedup,0.1937,0.1937,conserve,conserve,1,0.82532609375,0.0
spb-res-h-20267321,resource_constraint,hard,16,random_grouping,0.1937,0.1937,conserve,conserve,1,0.82532609375,0.0
spb-res-h-20267321,resource_constraint,hard,16,oracle_grouping,0.1937,0.1937,conserve,conserve,1,0.82532609375,0.0
spb-res-h-20267321,resource_constraint,hard,32,remove_provenance,0.999985527894389,0.999985527894389,spend_now,conserve,0,-1.3078568750000001,2.13318296875
spb-res-h-20267321,resource_constraint,hard,32,remove_belief_separation,0.1937,0.1937,conserve,conserve,1,0.82532609375,0.0
spb-res-h-20267321,resource_constraint,hard,32,remove_sample_identity,0.1937,0.1937,conserve,conserve,1,0.82532609375,0.0
spb-res-h-20267321,resource_constraint,hard,32,attention_only,0.1937,0.1937,spend_now,conserve,0,-1.3078568750000001,2.13318296875
spb-res-h-20267321,resource_constraint,hard,32,simple_dedup,0.1937,0.1937,conserve,conserve,1,0.82532609375,0.0
spb-res-h-20267321,resource_constraint,hard,32,random_grouping,0.1937,0.1937,conserve,conserve,1,0.82532609375,0.0
spb-res-h-20267321,resource_constraint,hard,32,oracle_grouping,0.1937,0.1937,conserve,conserve,1,0.82532609375,0.0
spb-res-h-20267321,resource_constraint,hard,64,remove_provenance,0.9999999999664557,0.9999999999664557,spend_now,conserve,0,-1.3078568750000001,2.13318296875
spb-res-h-20267321,resource_constraint,hard,64,remove_belief_separation,0.1937,0.1937,conserve,conserve,1,0.82532609375,0.0
spb-res-h-20267321,resource_constraint,hard,64,remove_sample_identity,0.1937,0.1937,conserve,conserve,1,0.82532609375,0.0
spb-res-h-20267321,resource_constraint,hard,64,attention_only,0.1937,0.1937,spend_now,conserve,0,-1.3078568750000001,2.13318296875
spb-res-h-20267321,resource_constraint,hard,64,simple_dedup,0.1937,0.1937,conserve,conserve,1,0.82532609375,0.0
spb-res-h-20267321,resource_constraint,hard,64,random_grouping,0.1937,0.1937,conserve,conserve,1,0.82532609375,0.0
spb-res-h-20267321,resource_constraint,hard,64,oracle_grouping,0.1937,0.1937,conserve,conserve,1,0.82532609375,0.0
spb-res-m-20267355,resource_constraint,medium,1,remove_provenance,0.3515,0.3515,conserve,conserve,1,0.8120184374999999,0.0
spb-res-m-20267355,resource_constraint,medium,1,remove_belief_separation,0.3515,0.3515,conserve,conserve,1,0.8120184374999999,0.0
spb-res-m-20267355,resource_constraint,medium,1,remove_sample_identity,0.3515,0.3515,conserve,conserve,1,0.8120184374999999,0.0
spb-res-m-20267355,resource_constraint,medium,1,attention_only,0.3515,0.3515,spend_now,conserve,0,-1.3691625,2.1811809374999998
spb-res-m-20267355,resource_constraint,medium,1,simple_dedup,0.3515,0.3515,conserve,conserve,1,0.8120184374999999,0.0
spb-res-m-20267355,resource_constraint,medium,1,random_grouping,0.3515,0.3515,conserve,conserve,1,0.8120184374999999,0.0
spb-res-m-20267355,resource_constraint,medium,1,oracle_grouping,0.3515,0.3515,conserve,conserve,1,0.8120184374999999,0.0
spb-res-m-20267355,resource_constraint,medium,2,remove_provenance,0.44843716776525616,0.44843716776525616,conserve,conserve,1,0.8120184374999999,0.0
spb-res-m-20267355,resource_constraint,medium,2,remove_belief_separation,0.3515,0.3515,conserve,conserve,1,0.8120184374999999,0.0
spb-res-m-20267355,resource_constraint,medium,2,remove_sample_identity,0.3515,0.3515,conserve,conserve,1,0.8120184374999999,0.0
spb-res-m-20267355,resource_constraint,medium,2,attention_only,0.3515,0.3515,spend_now,conserve,0,-1.3691625,2.1811809374999998
spb-res-m-20267355,resource_constraint,medium,2,simple_dedup,0.3515,0.3515,conserve,conserve,1,0.8120184374999999,0.0
spb-res-m-20267355,resource_constraint,medium,2,random_grouping,0.3515,0.3515,conserve,conserve,1,0.8120184374999999,0.0
spb-res-m-20267355,resource_constraint,medium,2,oracle_grouping,0.3515,0.3515,conserve,conserve,1,0.8120184374999999,0.0
spb-res-m-20267355,resource_constraint,medium,4,remove_provenance,0.6465578907926559,0.6465578907926559,conserve,conserve,1,0.8120184374999999,0.0
spb-res-m-20267355,resource_constraint,medium,4,remove_belief_separation,0.3515,0.3515,conserve,conserve,1,0.8120184374999999,0.0
spb-res-m-20267355,resource_constraint,medium,4,remove_sample_identity,0.3515,0.3515,conserve,conserve,1,0.8120184374999999,0.0
spb-res-m-20267355,resource_constraint,medium,4,attention_only,0.3515,0.3515,spend_now,conserve,0,-1.3691625,2.1811809374999998
spb-res-m-20267355,resource_constraint,medium,4,simple_dedup,0.3515,0.3515,conserve,conserve,1,0.8120184374999999,0.0
spb-res-m-20267355,resource_constraint,medium,4,random_grouping,0.3515,0.3515,conserve,conserve,1,0.8120184374999999,0.0
spb-res-m-20267355,resource_constraint,medium,4,oracle_grouping,0.3515,0.3515,conserve,conserve,1,0.8120184374999999,0.0
spb-res-m-20267355,resource_constraint,medium,8,remove_provenance,0.9025428579311608,0.9025428579311608,spend_now,conserve,0,-1.3691625,2.1811809374999998
spb-res-m-20267355,resource_constraint,medium,8,remove_belief_separation,0.3515,0.3515,conserve,conserve,1,0.8120184374999999,0.0
spb-res-m-20267355,resource_constraint,medium,8,remove_sample_identity,0.3515,0.3515,conserve,conserve,1,0.8120184374999999,0.0
spb-res-m-20267355,resource_constraint,medium,8,attention_only,0.3515,0.3515,spend_now,conserve,0,-1.3691625,2.1811809374999998
spb-res-m-20267355,resource_constraint,medium,8,simple_dedup,0.3515,0.3515,conserve,conserve,1,0.8120184374999999,0.0
spb-res-m-20267355,resource_constraint,medium,8,random_grouping,0.3515,0.3515,conserve,conserve,1,0.8120184374999999,0.0
spb-res-m-20267355,resource_constraint,medium,8,oracle_grouping,0.3515,0.3515,conserve,conserve,1,0.8120184374999999,0.0
spb-res-m-20267355,resource_constraint,medium,16,remove_provenance,0.9958044410839895,0.9958044410839895,spend_now,conserve,0,-1.3691625,2.1811809374999998
spb-res-m-20267355,resource_constraint,medium,16,remove_belief_separation,0.3515,0.3515,conserve,conserve,1,0.8120184374999999,0.0
spb-res-m-20267355,resource_constraint,medium,16,remove_sample_identity,0.3515,0.3515,conserve,conserve,1,0.8120184374999999,0.0
spb-res-m-20267355,resource_constraint,medium,16,attention_only,0.3515,0.3515,spend_now,conserve,0,-1.3691625,2.1811809374999998
spb-res-m-20267355,resource_constraint,medium,16,simple_dedup,0.3515,0.3515,conserve,conserve,1,0.8120184374999999,0.0
spb-res-m-20267355,resource_constraint,medium,16,random_grouping,0.3515,0.3515,conserve,conserve,1,0.8120184374999999,0.0
spb-res-m-20267355,resource_constraint,medium,16,oracle_grouping,0.3515,0.3515,conserve,conserve,1,0.8120184374999999,0.0
spb-res-m-20267355,resource_constraint,medium,32,remove_provenance,0.9999935856473263,0.9999935856473263,spend_now,conserve,0,-1.3691625,2.1811809374999998
spb-res-m-20267355,resource_constraint,medium,32,remove_belief_separation,0.3515,0.3515,conserve,conserve,1,0.8120184374999999,0.0
spb-res-m-20267355,resource_constraint,medium,32,remove_sample_identity,0.3515,0.3515,conserve,conserve,1,0.8120184374999999,0.0
spb-res-m-20267355,resource_constraint,medium,32,attention_only,0.3515,0.3515,spend_now,conserve,0,-1.3691625,2.1811809374999998
spb-res-m-20267355,resource_constraint,medium,32,simple_dedup,0.3515,0.3515,conserve,conserve,1,0.8120184374999999,0.0
spb-res-m-20267355,resource_constraint,medium,32,random_grouping,0.3515,0.3515,conserve,conserve,1,0.8120184374999999,0.0
spb-res-m-20267355,resource_constraint,medium,32,oracle_grouping,0.3515,0.3515,conserve,conserve,1,0.8120184374999999,0.0
spb-res-m-20267355,resource_constraint,medium,64,remove_provenance,0.9999999999851326,0.9999999999851326,spend_now,conserve,0,-1.3691625,2.1811809374999998
spb-res-m-20267355,resource_constraint,medium,64,remove_belief_separation,0.3515,0.3515,conserve,conserve,1,0.8120184374999999,0.0
spb-res-m-20267355,resource_constraint,medium,64,remove_sample_identity,0.3515,0.3515,conserve,conserve,1,0.8120184374999999,0.0
spb-res-m-20267355,resource_constraint,medium,64,attention_only,0.3515,0.3515,spend_now,conserve,0,-1.3691625,2.1811809374999998
spb-res-m-20267355,resource_constraint,medium,64,simple_dedup,0.3515,0.3515,conserve,conserve,1,0.8120184374999999,0.0
spb-res-m-20267355,resource_constraint,medium,64,random_grouping,0.3515,0.3515,conserve,conserve,1,0.8120184374999999,0.0
spb-res-m-20267355,resource_constraint,medium,64,oracle_grouping,0.3515,0.3515,conserve,conserve,1,0.8120184374999999,0.0
spb-res-e-20267440,resource_constraint,easy,1,remove_provenance,0.7853,0.7853,spend_now,conserve,0,-1.3860640625,2.17689890625
spb-res-e-20267440,resource_constraint,easy,1,remove_belief_separation,0.7853,0.7853,conserve,conserve,1,0.79083484375,0.0
spb-res-e-20267440,resource_constraint,easy,1,remove_sample_identity,0.7853,0.7853,spend_now,conserve,0,-1.3860640625,2.17689890625
spb-res-e-20267440,resource_constraint,easy,1,attention_only,0.7853,0.7853,spend_now,conserve,0,-1.3860640625,2.17689890625
spb-res-e-20267440,resource_constraint,easy,1,simple_dedup,0.7853,0.7853,spend_now,conserve,0,-1.3860640625,2.17689890625
spb-res-e-20267440,resource_constraint,easy,1,random_grouping,0.7853,0.7853,spend_now,conserve,0,-1.3860640625,2.17689890625
spb-res-e-20267440,resource_constraint,easy,1,oracle_grouping,0.7853,0.7853,spend_now,conserve,0,-1.3860640625,2.17689890625
spb-res-e-20267440,resource_constraint,easy,2,remove_provenance,0.8458334829282302,0.8458334829282302,spend_now,conserve,0,-1.3860640625,2.17689890625
spb-res-e-20267440,resource_constraint,easy,2,remove_belief_separation,0.7853,0.7853,conserve,conserve,1,0.79083484375,0.0
spb-res-e-20267440,resource_constraint,easy,2,remove_sample_identity,0.7853,0.7853,spend_now,conserve,0,-1.3860640625,2.17689890625
spb-res-e-20267440,resource_constraint,easy,2,attention_only,0.7853,0.7853,spend_now,conserve,0,-1.3860640625,2.17689890625
spb-res-e-20267440,resource_constraint,easy,2,simple_dedup,0.7853,0.7853,spend_now,conserve,0,-1.3860640625,2.17689890625
spb-res-e-20267440,resource_constraint,easy,2,random_grouping,0.7853,0.7853,spend_now,conserve,0,-1.3860640625,2.17689890625
spb-res-e-20267440,resource_constraint,easy,2,oracle_grouping,0.7853,0.7853,spend_now,conserve,0,-1.3860640625,2.17689890625
spb-res-e-20267440,resource_constraint,easy,4,remove_provenance,0.9250633706649448,0.9250633706649448,spend_now,conserve,0,-1.3860640625,2.17689890625
spb-res-e-20267440,resource_constraint,easy,4,remove_belief_separation,0.7853,0.7853,conserve,conserve,1,0.79083484375,0.0
spb-res-e-20267440,resource_constraint,easy,4,remove_sample_identity,0.7853,0.7853,spend_now,conserve,0,-1.3860640625,2.17689890625
spb-res-e-20267440,resource_constraint,easy,4,attention_only,0.7853,0.7853,spend_now,conserve,0,-1.3860640625,2.17689890625
spb-res-e-20267440,resource_constraint,easy,4,simple_dedup,0.7853,0.7853,spend_now,conserve,0,-1.3860640625,2.17689890625
spb-res-e-20267440,resource_constraint,easy,4,random_grouping,0.7853,0.7853,spend_now,conserve,0,-1.3860640625,2.17689890625
spb-res-e-20267440,resource_constraint,easy,4,oracle_grouping,0.7853,0.7853,spend_now,conserve,0,-1.3860640625,2.17689890625
spb-res-e-20267440,resource_constraint,easy,8,remove_provenance,0.9842506246802526,0.9842506246802526,spend_now,conserve,0,-1.3860640625,2.17689890625
spb-res-e-20267440,resource_constraint,easy,8,remove_belief_separation,0.7853,0.7853,conserve,conserve,1,0.79083484375,0.0
spb-res-e-20267440,resource_constraint,easy,8,remove_sample_identity,0.7853,0.7853,spend_now,conserve,0,-1.3860640625,2.17689890625
spb-res-e-20267440,resource_constraint,easy,8,attention_only,0.7853,0.7853,spend_now,conserve,0,-1.3860640625,2.17689890625
spb-res-e-20267440,resource_constraint,easy,8,simple_dedup,0.7853,0.7853,spend_now,conserve,0,-1.3860640625,2.17689890625
spb-res-e-20267440,resource_constraint,easy,8,random_grouping,0.7853,0.7853,spend_now,conserve,0,-1.3860640625,2.17689890625
spb-res-e-20267440,resource_constraint,easy,8,oracle_grouping,0.7853,0.7853,spend_now,conserve,0,-1.3860640625,2.17689890625
spb-res-e-20267440,resource_constraint,easy,16,remove_provenance,0.9993760403664406,0.9993760403664406,spend_now,conserve,0,-1.3860640625,2.17689890625
spb-res-e-20267440,resource_constraint,easy,16,remove_belief_separation,0.7853,0.7853,conserve,conserve,1,0.79083484375,0.0
spb-res-e-20267440,resource_constraint,easy,16,remove_sample_identity,0.7853,0.7853,spend_now,conserve,0,-1.3860640625,2.17689890625
spb-res-e-20267440,resource_constraint,easy,16,attention_only,0.7853,0.7853,spend_now,conserve,0,-1.3860640625,2.17689890625
spb-res-e-20267440,resource_constraint,easy,16,simple_dedup,0.7853,0.7853,spend_now,conserve,0,-1.3860640625,2.17689890625
spb-res-e-20267440,resource_constraint,easy,16,random_grouping,0.7853,0.7853,spend_now,conserve,0,-1.3860640625,2.17689890625
spb-res-e-20267440,resource_constraint,easy,16,oracle_grouping,0.7853,0.7853,spend_now,conserve,0,-1.3860640625,2.17689890625
spb-res-e-20267440,resource_constraint,easy,32,remove_provenance,0.999999049467428,0.999999049467428,spend_now,conserve,0,-1.3860640625,2.17689890625
spb-res-e-20267440,resource_constraint,easy,32,remove_belief_separation,0.7853,0.7853,conserve,conserve,1,0.79083484375,0.0
spb-res-e-20267440,resource_constraint,easy,32,remove_sample_identity,0.7853,0.7853,spend_now,conserve,0,-1.3860640625,2.17689890625
spb-res-e-20267440,resource_constraint,easy,32,attention_only,0.7853,0.7853,spend_now,conserve,0,-1.3860640625,2.17689890625
spb-res-e-20267440,resource_constraint,easy,32,simple_dedup,0.7853,0.7853,spend_now,conserve,0,-1.3860640625,2.17689890625
spb-res-e-20267440,resource_constraint,easy,32,random_grouping,0.7853,0.7853,spend_now,conserve,0,-1.3860640625,2.17689890625
spb-res-e-20267440,resource_constraint,easy,32,oracle_grouping,0.7853,0.7853,spend_now,conserve,0,-1.3860640625,2.17689890625
spb-res-e-20267440,resource_constraint,easy,64,remove_provenance,0.9999999999977969,0.9999999999977969,spend_now,conserve,0,-1.3860640625,2.17689890625
spb-res-e-20267440,resource_constraint,easy,64,remove_belief_separation,0.7853,0.7853,conserve,conserve,1,0.79083484375,0.0
spb-res-e-20267440,resource_constraint,easy,64,remove_sample_identity,0.7853,0.7853,spend_now,conserve,0,-1.3860640625,2.17689890625
spb-res-e-20267440,resource_constraint,easy,64,attention_only,0.7853,0.7853,spend_now,conserve,0,-1.3860640625,2.17689890625
spb-res-e-20267440,resource_constraint,easy,64,simple_dedup,0.7853,0.7853,spend_now,conserve,0,-1.3860640625,2.17689890625
spb-res-e-20267440,resource_constraint,easy,64,random_grouping,0.7853,0.7853,spend_now,conserve,0,-1.3860640625,2.17689890625
spb-res-e-20267440,resource_constraint,easy,64,oracle_grouping,0.7853,0.7853,spend_now,conserve,0,-1.3860640625,2.17689890625
spb-res-e-20267644,resource_constraint,easy,1,remove_provenance,0.5179,0.4821,conserve,spend_now,0,0.8025450000000001,0.6957326562499999
spb-res-e-20267644,resource_constraint,easy,1,remove_belief_separation,0.5179,0.4821,conserve,spend_now,0,0.8025450000000001,0.6957326562499999
spb-res-e-20267644,resource_constraint,easy,1,remove_sample_identity,0.5179,0.4821,conserve,spend_now,0,0.8025450000000001,0.6957326562499999
spb-res-e-20267644,resource_constraint,easy,1,attention_only,0.5179,0.4821,spend_now,spend_now,1,1.49827765625,0.0
spb-res-e-20267644,resource_constraint,easy,1,simple_dedup,0.5179,0.4821,conserve,spend_now,0,0.8025450000000001,0.6957326562499999
spb-res-e-20267644,resource_constraint,easy,1,random_grouping,0.5179,0.4821,conserve,spend_now,0,0.8025450000000001,0.6957326562499999
spb-res-e-20267644,resource_constraint,easy,1,oracle_grouping,0.5179,0.4821,conserve,spend_now,0,0.8025450000000001,0.6957326562499999
spb-res-e-20267644,resource_constraint,easy,2,remove_provenance,0.6170618372453235,0.3829381627546765,conserve,spend_now,0,0.8025450000000001,0.6957326562499999
spb-res-e-20267644,resource_constraint,easy,2,remove_belief_separation,0.5179,0.4821,conserve,spend_now,0,0.8025450000000001,0.6957326562499999
spb-res-e-20267644,resource_constraint,easy,2,remove_sample_identity,0.5179,0.4821,conserve,spend_now,0,0.8025450000000001,0.6957326562499999
spb-res-e-20267644,resource_constraint,easy,2,attention_only,0.5179,0.4821,spend_now,spend_now,1,1.49827765625,0.0
spb-res-e-20267644,resource_constraint,easy,2,simple_dedup,0.5179,0.4821,conserve,spend_now,0,0.8025450000000001,0.6957326562499999
spb-res-e-20267644,resource_constraint,easy,2,random_grouping,0.5179,0.4821,conserve,spend_now,0,0.8025450000000001,0.6957326562499999
spb-res-e-20267644,resource_constraint,easy,2,oracle_grouping,0.5179,0.4821,conserve,spend_now,0,0.8025450000000001,0.6957326562499999
spb-res-e-20267644,resource_constraint,easy,4,remove_provenance,0.7838128710040863,0.21618712899591375,spend_now,spend_now,1,1.49827765625,0.0
spb-res-e-20267644,resource_constraint,easy,4,remove_belief_separation,0.5179,0.4821,conserve,spend_now,0,0.8025450000000001,0.6957326562499999
spb-res-e-20267644,resource_constraint,easy,4,remove_sample_identity,0.5179,0.4821,conserve,spend_now,0,0.8025450000000001,0.6957326562499999
spb-res-e-20267644,resource_constraint,easy,4,attention_only,0.5179,0.4821,spend_now,spend_now,1,1.49827765625,0.0
spb-res-e-20267644,resource_constraint,easy,4,simple_dedup,0.5179,0.4821,conserve,spend_now,0,0.8025450000000001,0.6957326562499999
spb-res-e-20267644,resource_constraint,easy,4,random_grouping,0.5179,0.4821,conserve,spend_now,0,0.8025450000000001,0.6957326562499999
spb-res-e-20267644,resource_constraint,easy,4,oracle_grouping,0.5179,0.4821,conserve,spend_now,0,0.8025450000000001,0.6957326562499999
spb-res-e-20267644,resource_constraint,easy,8,remove_provenance,0.9483329971689347,0.05166700283106529,spend_now,spend_now,1,1.49827765625,0.0
spb-res-e-20267644,resource_constraint,easy,8,remove_belief_separation,0.5179,0.4821,conserve,spend_now,0,0.8025450000000001,0.6957326562499999
spb-res-e-20267644,resource_constraint,easy,8,remove_sample_identity,0.5179,0.4821,conserve,spend_now,0,0.8025450000000001,0.6957326562499999
spb-res-e-20267644,resource_constraint,easy,8,attention_only,0.5179,0.4821,spend_now,spend_now,1,1.49827765625,0.0
spb-res-e-20267644,resource_constraint,easy,8,simple_dedup,0.5179,0.4821,conserve,spend_now,0,0.8025450000000001,0.6957326562499999
spb-res-e-20267644,resource_constraint,easy,8,random_grouping,0.5179,0.4821,conserve,spend_now,0,0.8025450000000001,0.6957326562499999
spb-res-e-20267644,resource_constraint,easy,8,oracle_grouping,0.5179,0.4821,conserve,spend_now,0,0.8025450000000001,0.6957326562499999
spb-res-e-20267644,resource_constraint,easy,16,remove_provenance,0.9978787097713354,0.002121290228664585,spend_now,spend_now,1,1.49827765625,0.0
spb-res-e-20267644,resource_constraint,easy,16,remove_belief_separation,0.5179,0.4821,conserve,spend_now,0,0.8025450000000001,0.6957326562499999
spb-res-e-20267644,resource_constraint,easy,16,remove_sample_identity,0.5179,0.4821,conserve,spend_now,0,0.8025450000000001,0.6957326562499999
spb-res-e-20267644,resource_constraint,easy,16,attention_only,0.5179,0.4821,spend_now,spend_now,1,1.49827765625,0.0
spb-res-e-20267644,resource_constraint,easy,16,simple_dedup,0.5179,0.4821,conserve,spend_now,0,0.8025450000000001,0.6957326562499999
spb-res-e-20267644,resource_constraint,easy,16,random_grouping,0.5179,0.4821,conserve,spend_now,0,0.8025450000000001,0.6957326562499999
spb-res-e-20267644,resource_constraint,easy,16,oracle_grouping,0.5179,0.4821,conserve,spend_now,0,0.8025450000000001,0.6957326562499999
spb-res-e-20267644,resource_constraint,easy,32,remove_provenance,0.9999967636104949,3.2363895050568914e-06,spend_now,spend_now,1,1.49827765625,0.0
spb-res-e-20267644,resource_constraint,easy,32,remove_belief_separation,0.5179,0.4821,conserve,spend_now,0,0.8025450000000001,0.6957326562499999
spb-res-e-20267644,resource_constraint,easy,32,remove_sample_identity,0.5179,0.4821,conserve,spend_now,0,0.8025450000000001,0.6957326562499999
spb-res-e-20267644,resource_constraint,easy,32,attention_only,0.5179,0.4821,spend_now,spend_now,1,1.49827765625,0.0
spb-res-e-20267644,resource_constraint,easy,32,simple_dedup,0.5179,0.4821,conserve,spend_now,0,0.8025450000000001,0.6957326562499999
spb-res-e-20267644,resource_constraint,easy,32,random_grouping,0.5179,0.4821,conserve,spend_now,0,0.8025450000000001,0.6957326562499999
spb-res-e-20267644,resource_constraint,easy,32,oracle_grouping,0.5179,0.4821,conserve,spend_now,0,0.8025450000000001,0.6957326562499999
spb-res-e-20267644,resource_constraint,easy,64,remove_provenance,0.9999999999924987,7.501332888182333e-12,spend_now,spend_now,1,1.49827765625,0.0
spb-res-e-20267644,resource_constraint,easy,64,remove_belief_separation,0.5179,0.4821,conserve,spend_now,0,0.8025450000000001,0.6957326562499999
spb-res-e-20267644,resource_constraint,easy,64,remove_sample_identity,0.5179,0.4821,conserve,spend_now,0,0.8025450000000001,0.6957326562499999
spb-res-e-20267644,resource_constraint,easy,64,attention_only,0.5179,0.4821,spend_now,spend_now,1,1.49827765625,0.0
spb-res-e-20267644,resource_constraint,easy,64,simple_dedup,0.5179,0.4821,conserve,spend_now,0,0.8025450000000001,0.6957326562499999
spb-res-e-20267644,resource_constraint,easy,64,random_grouping,0.5179,0.4821,conserve,spend_now,0,0.8025450000000001,0.6957326562499999
spb-res-e-20267644,resource_constraint,easy,64,oracle_grouping,0.5179,0.4821,conserve,spend_now,0,0.8025450000000001,0.6957326562499999
spb-res-m-20267661,resource_constraint,medium,1,remove_provenance,0.725,0.275,conserve,spend_now,0,0.7932139062500001,0.6838687499999998
spb-res-m-20267661,resource_constraint,medium,1,remove_belief_separation,0.725,0.275,conserve,spend_now,0,0.7932139062500001,0.6838687499999998
spb-res-m-20267661,resource_constraint,medium,1,remove_sample_identity,0.725,0.275,conserve,spend_now,0,0.7932139062500001,0.6838687499999998
spb-res-m-20267661,resource_constraint,medium,1,attention_only,0.725,0.275,spend_now,spend_now,1,1.47708265625,0.0
spb-res-m-20267661,resource_constraint,medium,1,simple_dedup,0.725,0.275,conserve,spend_now,0,0.7932139062500001,0.6838687499999998
spb-res-m-20267661,resource_constraint,medium,1,random_grouping,0.725,0.275,conserve,spend_now,0,0.7932139062500001,0.6838687499999998
spb-res-m-20267661,resource_constraint,medium,1,oracle_grouping,0.725,0.275,conserve,spend_now,0,0.7932139062500001,0.6838687499999998
spb-res-m-20267661,resource_constraint,medium,2,remove_provenance,0.798165137614679,0.201834862385321,spend_now,spend_now,1,1.47708265625,0.0
spb-res-m-20267661,resource_constraint,medium,2,remove_belief_separation,0.725,0.275,conserve,spend_now,0,0.7932139062500001,0.6838687499999998
spb-res-m-20267661,resource_constraint,medium,2,remove_sample_identity,0.725,0.275,conserve,spend_now,0,0.7932139062500001,0.6838687499999998
spb-res-m-20267661,resource_constraint,medium,2,attention_only,0.725,0.275,spend_now,spend_now,1,1.47708265625,0.0
spb-res-m-20267661,resource_constraint,medium,2,simple_dedup,0.725,0.275,conserve,spend_now,0,0.7932139062500001,0.6838687499999998
spb-res-m-20267661,resource_constraint,medium,2,random_grouping,0.725,0.275,conserve,spend_now,0,0.7932139062500001,0.6838687499999998
spb-res-m-20267661,resource_constraint,medium,2,oracle_grouping,0.725,0.275,conserve,spend_now,0,0.7932139062500001,0.6838687499999998
spb-res-m-20267661,resource_constraint,medium,4,remove_provenance,0.8989667049368542,0.10103329506314584,spend_now,spend_now,1,1.47708265625,0.0
spb-res-m-20267661,resource_constraint,medium,4,remove_belief_separation,0.725,0.275,conserve,spend_now,0,0.7932139062500001,0.6838687499999998
spb-res-m-20267661,resource_constraint,medium,4,remove_sample_identity,0.725,0.275,conserve,spend_now,0,0.7932139062500001,0.6838687499999998
spb-res-m-20267661,resource_constraint,medium,4,attention_only,0.725,0.275,spend_now,spend_now,1,1.47708265625,0.0
spb-res-m-20267661,resource_constraint,medium,4,simple_dedup,0.725,0.275,conserve,spend_now,0,0.7932139062500001,0.6838687499999998
spb-res-m-20267661,resource_constraint,medium,4,random_grouping,0.725,0.275,conserve,spend_now,0,0.7932139062500001,0.6838687499999998
spb-res-m-20267661,resource_constraint,medium,4,oracle_grouping,0.725,0.275,conserve,spend_now,0,0.7932139062500001,0.6838687499999998
spb-res-m-20267661,resource_constraint,medium,8,remove_provenance,0.9782819947247458,0.02171800527525425,spend_now,spend_now,1,1.47708265625,0.0
spb-res-m-20267661,resource_constraint,medium,8,remove_belief_separation,0.725,0.275,conserve,spend_now,0,0.7932139062500001,0.6838687499999998
spb-res-m-20267661,resource_constraint,medium,8,remove_sample_identity,0.725,0.275,conserve,spend_now,0,0.7932139062500001,0.6838687499999998
spb-res-m-20267661,resource_constraint,medium,8,attention_only,0.725,0.275,spend_now,spend_now,1,1.47708265625,0.0
spb-res-m-20267661,resource_constraint,medium,8,simple_dedup,0.725,0.275,conserve,spend_now,0,0.7932139062500001,0.6838687499999998
spb-res-m-20267661,resource_constraint,medium,8,random_grouping,0.725,0.275,conserve,spend_now,0,0.7932139062500001,0.6838687499999998
spb-res-m-20267661,resource_constraint,medium,8,oracle_grouping,0.725,0.275,conserve,spend_now,0,0.7932139062500001,0.6838687499999998
spb-res-m-20267661,resource_constraint,medium,16,remove_provenance,0.9991345344771262,0.0008654655228738095,spend_now,spend_now,1,1.47708265625,0.0
spb-res-m-20267661,resource_constraint,medium,16,remove_belief_separation,0.725,0.275,conserve,spend_now,0,0.7932139062500001,0.6838687499999998
spb-res-m-20267661,resource_constraint,medium,16,remove_sample_identity,0.725,0.275,conserve,spend_now,0,0.7932139062500001,0.6838687499999998
spb-res-m-20267661,resource_constraint,medium,16,attention_only,0.725,0.275,spend_now,spend_now,1,1.47708265625,0.0
spb-res-m-20267661,resource_constraint,medium,16,simple_dedup,0.725,0.275,conserve,spend_now,0,0.7932139062500001,0.6838687499999998
spb-res-m-20267661,resource_constraint,medium,16,random_grouping,0.725,0.275,conserve,spend_now,0,0.7932139062500001,0.6838687499999998
spb-res-m-20267661,resource_constraint,medium,16,oracle_grouping,0.725,0.275,conserve,spend_now,0,0.7932139062500001,0.6838687499999998
spb-res-m-20267661,resource_constraint,medium,32,remove_provenance,0.999998681242071,1.3187579289697382e-06,spend_now,spend_now,1,1.47708265625,0.0
spb-res-m-20267661,resource_constraint,medium,32,remove_belief_separation,0.725,0.275,conserve,spend_now,0,0.7932139062500001,0.6838687499999998
spb-res-m-20267661,resource_constraint,medium,32,remove_sample_identity,0.725,0.275,conserve,spend_now,0,0.7932139062500001,0.6838687499999998
spb-res-m-20267661,resource_constraint,medium,32,attention_only,0.725,0.275,spend_now,spend_now,1,1.47708265625,0.0
spb-res-m-20267661,resource_constraint,medium,32,simple_dedup,0.725,0.275,conserve,spend_now,0,0.7932139062500001,0.6838687499999998
spb-res-m-20267661,resource_constraint,medium,32,random_grouping,0.725,0.275,conserve,spend_now,0,0.7932139062500001,0.6838687499999998
spb-res-m-20267661,resource_constraint,medium,32,oracle_grouping,0.725,0.275,conserve,spend_now,0,0.7932139062500001,0.6838687499999998
spb-res-m-20267661,resource_constraint,medium,64,remove_provenance,0.9999999999969433,3.056666031397981e-12,spend_now,spend_now,1,1.47708265625,0.0
spb-res-m-20267661,resource_constraint,medium,64,remove_belief_separation,0.725,0.275,conserve,spend_now,0,0.7932139062500001,0.6838687499999998
spb-res-m-20267661,resource_constraint,medium,64,remove_sample_identity,0.725,0.275,conserve,spend_now,0,0.7932139062500001,0.6838687499999998
spb-res-m-20267661,resource_constraint,medium,64,attention_only,0.725,0.275,spend_now,spend_now,1,1.47708265625,0.0
spb-res-m-20267661,resource_constraint,medium,64,simple_dedup,0.725,0.275,conserve,spend_now,0,0.7932139062500001,0.6838687499999998
spb-res-m-20267661,resource_constraint,medium,64,random_grouping,0.725,0.275,conserve,spend_now,0,0.7932139062500001,0.6838687499999998
spb-res-m-20267661,resource_constraint,medium,64,oracle_grouping,0.725,0.275,conserve,spend_now,0,0.7932139062500001,0.6838687499999998
spb-pla-e-20267865,planning_failure,easy,1,remove_provenance,0.1589,0.8411,verify_premise,plan_a,0,-0.14968765625000002,1.75020890625
spb-pla-e-20267865,planning_failure,easy,1,remove_belief_separation,0.1589,0.8411,plan_c,plan_a,0,0.89177875,0.7087424999999999
spb-pla-e-20267865,planning_failure,easy,1,remove_sample_identity,0.1589,0.8411,verify_premise,plan_a,0,-0.14968765625000002,1.75020890625
spb-pla-e-20267865,planning_failure,easy,1,attention_only,0.1589,0.8411,plan_a,plan_a,1,1.60052125,0.0
spb-pla-e-20267865,planning_failure,easy,1,simple_dedup,0.1589,0.8411,verify_premise,plan_a,0,-0.14968765625000002,1.75020890625
spb-pla-e-20267865,planning_failure,easy,1,random_grouping,0.1589,0.8411,verify_premise,plan_a,0,-0.14968765625000002,1.75020890625
spb-pla-e-20267865,planning_failure,easy,1,oracle_grouping,0.1589,0.8411,verify_premise,plan_a,0,-0.14968765625000002,1.75020890625
spb-pla-e-20267865,planning_failure,easy,2,remove_provenance,0.22080689239890686,0.7791931076010932,verify_premise,plan_a,0,-0.14968765625000002,1.75020890625
spb-pla-e-20267865,planning_failure,easy,2,remove_belief_separation,0.1589,0.8411,plan_c,plan_a,0,0.89177875,0.7087424999999999
spb-pla-e-20267865,planning_failure,easy,2,remove_sample_identity,0.1589,0.8411,verify_premise,plan_a,0,-0.14968765625000002,1.75020890625
spb-pla-e-20267865,planning_failure,easy,2,attention_only,0.1589,0.8411,plan_a,plan_a,1,1.60052125,0.0
spb-pla-e-20267865,planning_failure,easy,2,simple_dedup,0.1589,0.8411,verify_premise,plan_a,0,-0.14968765625000002,1.75020890625
spb-pla-e-20267865,planning_failure,easy,2,random_grouping,0.1589,0.8411,verify_premise,plan_a,0,-0.14968765625000002,1.75020890625
spb-pla-e-20267865,planning_failure,easy,2,oracle_grouping,0.1589,0.8411,verify_premise,plan_a,0,-0.14968765625000002,1.75020890625
spb-pla-e-20267865,planning_failure,easy,4,remove_provenance,0.38935121743155066,0.6106487825684493,plan_c,plan_a,0,0.89177875,0.7087424999999999
spb-pla-e-20267865,planning_failure,easy,4,remove_belief_separation,0.1589,0.8411,plan_c,plan_a,0,0.89177875,0.7087424999999999
spb-pla-e-20267865,planning_failure,easy,4,remove_sample_identity,0.1589,0.8411,verify_premise,plan_a,0,-0.14968765625000002,1.75020890625
spb-pla-e-20267865,planning_failure,easy,4,attention_only,0.1589,0.8411,plan_a,plan_a,1,1.60052125,0.0
spb-pla-e-20267865,planning_failure,easy,4,simple_dedup,0.1589,0.8411,verify_premise,plan_a,0,-0.14968765625000002,1.75020890625
spb-pla-e-20267865,planning_failure,easy,4,random_grouping,0.1589,0.8411,verify_premise,plan_a,0,-0.14968765625000002,1.75020890625
spb-pla-e-20267865,planning_failure,easy,4,oracle_grouping,0.1589,0.8411,verify_premise,plan_a,0,-0.14968765625000002,1.75020890625
spb-pla-e-20267865,planning_failure,easy,8,remove_provenance,0.7634738807109616,0.23652611928903844,plan_a,plan_a,1,1.60052125,0.0
spb-pla-e-20267865,planning_failure,easy,8,remove_belief_separation,0.1589,0.8411,plan_c,plan_a,0,0.89177875,0.7087424999999999
spb-pla-e-20267865,planning_failure,easy,8,remove_sample_identity,0.1589,0.8411,verify_premise,plan_a,0,-0.14968765625000002,1.75020890625
spb-pla-e-20267865,planning_failure,easy,8,attention_only,0.1589,0.8411,plan_a,plan_a,1,1.60052125,0.0
spb-pla-e-20267865,planning_failure,easy,8,simple_dedup,0.1589,0.8411,verify_premise,plan_a,0,-0.14968765625000002,1.75020890625
spb-pla-e-20267865,planning_failure,easy,8,random_grouping,0.1589,0.8411,verify_premise,plan_a,0,-0.14968765625000002,1.75020890625
spb-pla-e-20267865,planning_failure,easy,8,oracle_grouping,0.1589,0.8411,verify_premise,plan_a,0,-0.14968765625000002,1.75020890625
spb-pla-e-20267865,planning_failure,easy,16,remove_provenance,0.9880563637133896,0.011943636286610437,plan_a,plan_a,1,1.60052125,0.0
spb-pla-e-20267865,planning_failure,easy,16,remove_belief_separation,0.1589,0.8411,plan_c,plan_a,0,0.89177875,0.7087424999999999
spb-pla-e-20267865,planning_failure,easy,16,remove_sample_identity,0.1589,0.8411,verify_premise,plan_a,0,-0.14968765625000002,1.75020890625
spb-pla-e-20267865,planning_failure,easy,16,attention_only,0.1589,0.8411,plan_a,plan_a,1,1.60052125,0.0
spb-pla-e-20267865,planning_failure,easy,16,simple_dedup,0.1589,0.8411,verify_premise,plan_a,0,-0.14968765625000002,1.75020890625
spb-pla-e-20267865,planning_failure,easy,16,random_grouping,0.1589,0.8411,verify_premise,plan_a,0,-0.14968765625000002,1.75020890625
spb-pla-e-20267865,planning_failure,easy,16,oracle_grouping,0.1589,0.8411,verify_premise,plan_a,0,-0.14968765625000002,1.75020890625
spb-pla-e-20267865,planning_failure,easy,32,remove_provenance,0.9999815970810807,1.8402918919302458e-05,plan_a,plan_a,1,1.60052125,0.0
spb-pla-e-20267865,planning_failure,easy,32,remove_belief_separation,0.1589,0.8411,plan_c,plan_a,0,0.89177875,0.7087424999999999
spb-pla-e-20267865,planning_failure,easy,32,remove_sample_identity,0.1589,0.8411,verify_premise,plan_a,0,-0.14968765625000002,1.75020890625
spb-pla-e-20267865,planning_failure,easy,32,attention_only,0.1589,0.8411,plan_a,plan_a,1,1.60052125,0.0
spb-pla-e-20267865,planning_failure,easy,32,simple_dedup,0.1589,0.8411,verify_premise,plan_a,0,-0.14968765625000002,1.75020890625
spb-pla-e-20267865,planning_failure,easy,32,random_grouping,0.1589,0.8411,verify_premise,plan_a,0,-0.14968765625000002,1.75020890625
spb-pla-e-20267865,planning_failure,easy,32,oracle_grouping,0.1589,0.8411,verify_premise,plan_a,0,-0.14968765625000002,1.75020890625
spb-pla-e-20267865,planning_failure,easy,64,remove_provenance,0.9999999999573446,4.265543473991329e-11,plan_a,plan_a,1,1.60052125,0.0
spb-pla-e-20267865,planning_failure,easy,64,remove_belief_separation,0.1589,0.8411,plan_c,plan_a,0,0.89177875,0.7087424999999999
spb-pla-e-20267865,planning_failure,easy,64,remove_sample_identity,0.1589,0.8411,verify_premise,plan_a,0,-0.14968765625000002,1.75020890625
spb-pla-e-20267865,planning_failure,easy,64,attention_only,0.1589,0.8411,plan_a,plan_a,1,1.60052125,0.0
spb-pla-e-20267865,planning_failure,easy,64,simple_dedup,0.1589,0.8411,verify_premise,plan_a,0,-0.14968765625000002,1.75020890625
spb-pla-e-20267865,planning_failure,easy,64,random_grouping,0.1589,0.8411,verify_premise,plan_a,0,-0.14968765625000002,1.75020890625
spb-pla-e-20267865,planning_failure,easy,64,oracle_grouping,0.1589,0.8411,verify_premise,plan_a,0,-0.14968765625000002,1.75020890625
spb-pla-h-20267899,planning_failure,hard,1,remove_provenance,0.4241,0.5759000000000001,plan_c,plan_a,0,0.89707203125,0.71174265625
spb-pla-h-20267899,planning_failure,hard,1,remove_belief_separation,0.4241,0.5759000000000001,plan_c,plan_a,0,0.89707203125,0.71174265625
spb-pla-h-20267899,planning_failure,hard,1,remove_sample_identity,0.4241,0.5759000000000001,plan_c,plan_a,0,0.89707203125,0.71174265625
spb-pla-h-20267899,planning_failure,hard,1,attention_only,0.4241,0.5759000000000001,plan_a,plan_a,1,1.6088146875,0.0
spb-pla-h-20267899,planning_failure,hard,1,simple_dedup,0.4241,0.5759000000000001,plan_c,plan_a,0,0.89707203125,0.71174265625
spb-pla-h-20267899,planning_failure,hard,1,random_grouping,0.4241,0.5759000000000001,plan_c,plan_a,0,0.89707203125,0.71174265625
spb-pla-h-20267899,planning_failure,hard,1,oracle_grouping,0.4241,0.5759000000000001,plan_c,plan_a,0,0.89707203125,0.71174265625
spb-pla-h-20267899,planning_failure,hard,2,remove_provenance,0.5248545852068809,0.4751454147931191,plan_b,plan_a,0,1.2251485937500002,0.3836660937499998
spb-pla-h-20267899,planning_failure,hard,2,remove_belief_separation,0.4241,0.5759000000000001,plan_c,plan_a,0,0.89707203125,0.71174265625
spb-pla-h-20267899,planning_failure,hard,2,remove_sample_identity,0.4241,0.5759000000000001,plan_c,plan_a,0,0.89707203125,0.71174265625
spb-pla-h-20267899,planning_failure,hard,2,attention_only,0.4241,0.5759000000000001,plan_a,plan_a,1,1.6088146875,0.0
spb-pla-h-20267899,planning_failure,hard,2,simple_dedup,0.4241,0.5759000000000001,plan_c,plan_a,0,0.89707203125,0.71174265625
spb-pla-h-20267899,planning_failure,hard,2,random_grouping,0.4241,0.5759000000000001,plan_c,plan_a,0,0.89707203125,0.71174265625
spb-pla-h-20267899,planning_failure,hard,2,oracle_grouping,0.4241,0.5759000000000001,plan_c,plan_a,0,0.89707203125,0.71174265625
spb-pla-h-20267899,planning_failure,hard,4,remove_provenance,0.7130882618524215,0.28691173814757853,plan_a,plan_a,1,1.6088146875,0.0
spb-pla-h-20267899,planning_failure,hard,4,remove_belief_separation,0.4241,0.5759000000000001,plan_c,plan_a,0,0.89707203125,0.71174265625
spb-pla-h-20267899,planning_failure,hard,4,remove_sample_identity,0.4241,0.5759000000000001,plan_c,plan_a,0,0.89707203125,0.71174265625
spb-pla-h-20267899,planning_failure,hard,4,attention_only,0.4241,0.5759000000000001,plan_a,plan_a,1,1.6088146875,0.0
spb-pla-h-20267899,planning_failure,hard,4,simple_dedup,0.4241,0.5759000000000001,plan_c,plan_a,0,0.89707203125,0.71174265625
spb-pla-h-20267899,planning_failure,hard,4,random_grouping,0.4241,0.5759000000000001,plan_b,plan_a,0,1.2251485937500002,0.3836660937499998
spb-pla-h-20267899,planning_failure,hard,4,oracle_grouping,0.4241,0.5759000000000001,plan_c,plan_a,0,0.89707203125,0.71174265625
spb-pla-h-20267899,planning_failure,hard,8,remove_provenance,0.9263747626774843,0.07362523732251569,plan_a,plan_a,1,1.6088146875,0.0
spb-pla-h-20267899,planning_failure,hard,8,remove_belief_separation,0.4241,0.5759000000000001,plan_c,plan_a,0,0.89707203125,0.71174265625
spb-pla-h-20267899,planning_failure,hard,8,remove_sample_identity,0.4241,0.5759000000000001,plan_c,plan_a,0,0.89707203125,0.71174265625
spb-pla-h-20267899,planning_failure,hard,8,attention_only,0.4241,0.5759000000000001,plan_a,plan_a,1,1.6088146875,0.0
spb-pla-h-20267899,planning_failure,hard,8,simple_dedup,0.4241,0.5759000000000001,plan_c,plan_a,0,0.89707203125,0.71174265625
spb-pla-h-20267899,planning_failure,hard,8,random_grouping,0.4241,0.5759000000000001,plan_c,plan_a,0,0.89707203125,0.71174265625
spb-pla-h-20267899,planning_failure,hard,8,oracle_grouping,0.4241,0.5759000000000001,plan_c,plan_a,0,0.89707203125,0.71174265625
spb-pla-h-20267899,planning_failure,hard,16,remove_provenance,0.9969085286101041,0.00309147138989585,plan_a,plan_a,1,1.6088146875,0.0
spb-pla-h-20267899,planning_failure,hard,16,remove_belief_separation,0.4241,0.5759000000000001,plan_c,plan_a,0,0.89707203125,0.71174265625
spb-pla-h-20267899,planning_failure,hard,16,remove_sample_identity,0.4241,0.5759000000000001,plan_c,plan_a,0,0.89707203125,0.71174265625
spb-pla-h-20267899,planning_failure,hard,16,attention_only,0.4241,0.5759000000000001,plan_a,plan_a,1,1.6088146875,0.0
spb-pla-h-20267899,planning_failure,hard,16,simple_dedup,0.4241,0.5759000000000001,plan_c,plan_a,0,0.89707203125,0.71174265625
spb-pla-h-20267899,planning_failure,hard,16,random_grouping,0.4241,0.5759000000000001,plan_c,plan_a,0,0.89707203125,0.71174265625
spb-pla-h-20267899,planning_failure,hard,16,oracle_grouping,0.4241,0.5759000000000001,plan_c,plan_a,0,0.89707203125,0.71174265625
spb-pla-h-20267899,planning_failure,hard,32,remove_provenance,0.999995278850805,4.721149195030527e-06,plan_a,plan_a,1,1.6088146875,0.0
spb-pla-h-20267899,planning_failure,hard,32,remove_belief_separation,0.4241,0.5759000000000001,plan_c,plan_a,0,0.89707203125,0.71174265625
spb-pla-h-20267899,planning_failure,hard,32,remove_sample_identity,0.4241,0.5759000000000001,plan_c,plan_a,0,0.89707203125,0.71174265625
spb-pla-h-20267899,planning_failure,hard,32,attention_only,0.4241,0.5759000000000001,plan_a,plan_a,1,1.6088146875,0.0
spb-pla-h-20267899,planning_failure,hard,32,simple_dedup,0.4241,0.5759000000000001,plan_c,plan_a,0,0.89707203125,0.71174265625
spb-pla-h-20267899,planning_failure,hard,32,random_grouping,0.4241,0.5759000000000001,plan_c,plan_a,0,0.89707203125,0.71174265625
spb-pla-h-20267899,planning_failure,hard,32,oracle_grouping,0.4241,0.5759000000000001,plan_c,plan_a,0,0.89707203125,0.71174265625
spb-pla-h-20267899,planning_failure,hard,64,remove_provenance,0.9999999999890572,1.0942802219915393e-11,plan_a,plan_a,1,1.6088146875,0.0
spb-pla-h-20267899,planning_failure,hard,64,remove_belief_separation,0.4241,0.5759000000000001,plan_c,plan_a,0,0.89707203125,0.71174265625
spb-pla-h-20267899,planning_failure,hard,64,remove_sample_identity,0.4241,0.5759000000000001,plan_c,plan_a,0,0.89707203125,0.71174265625
spb-pla-h-20267899,planning_failure,hard,64,attention_only,0.4241,0.5759000000000001,plan_a,plan_a,1,1.6088146875,0.0
spb-pla-h-20267899,planning_failure,hard,64,simple_dedup,0.4241,0.5759000000000001,plan_c,plan_a,0,0.89707203125,0.71174265625
spb-pla-h-20267899,planning_failure,hard,64,random_grouping,0.4241,0.5759000000000001,plan_c,plan_a,0,0.89707203125,0.71174265625
spb-pla-h-20267899,planning_failure,hard,64,oracle_grouping,0.4241,0.5759000000000001,plan_c,plan_a,0,0.89707203125,0.71174265625
spb-pla-e-20267916,planning_failure,easy,1,remove_provenance,0.5916,0.4084,plan_b,plan_a,0,1.1939045312499998,0.4049368750000002
spb-pla-e-20267916,planning_failure,easy,1,remove_belief_separation,0.5916,0.4084,plan_c,plan_a,0,0.9032071875000001,0.69563421875
spb-pla-e-20267916,planning_failure,easy,1,remove_sample_identity,0.5916,0.4084,plan_b,plan_a,0,1.1939045312499998,0.4049368750000002
spb-pla-e-20267916,planning_failure,easy,1,attention_only,0.5916,0.4084,plan_a,plan_a,1,1.59884140625,0.0
spb-pla-e-20267916,planning_failure,easy,1,simple_dedup,0.5916,0.4084,plan_b,plan_a,0,1.1939045312499998,0.4049368750000002
spb-pla-e-20267916,planning_failure,easy,1,random_grouping,0.5916,0.4084,plan_b,plan_a,0,1.1939045312499998,0.4049368750000002
spb-pla-e-20267916,planning_failure,easy,1,oracle_grouping,0.5916,0.4084,plan_b,plan_a,0,1.1939045312499998,0.4049368750000002
spb-pla-e-20267916,planning_failure,easy,2,remove_provenance,0.6848279055409785,0.3151720944590215,plan_a,plan_a,1,1.59884140625,0.0
spb-pla-e-20267916,planning_failure,easy,2,remove_belief_separation,0.5916,0.4084,plan_c,plan_a,0,0.9032071875000001,0.69563421875
spb-pla-e-20267916,planning_failure,easy,2,remove_sample_identity,0.5916,0.4084,plan_b,plan_a,0,1.1939045312499998,0.4049368750000002
spb-pla-e-20267916,planning_failure,easy,2,attention_only,0.5916,0.4084,plan_a,plan_a,1,1.59884140625,0.0
spb-pla-e-20267916,planning_failure,easy,2,simple_dedup,0.5916,0.4084,plan_b,plan_a,0,1.1939045312499998,0.4049368750000002
spb-pla-e-20267916,planning_failure,easy,2,random_grouping,0.5916,0.4084,plan_b,plan_a,0,1.1939045312499998,0.4049368750000002
spb-pla-e-20267916,planning_failure,easy,2,oracle_grouping,0.5916,0.4084,plan_b,plan_a,0,1.1939045312499998,0.4049368750000002
spb-pla-e-20267916,planning_failure,easy,4,remove_provenance,0.830190640527224,0.16980935947277598,plan_a,plan_a,1,1.59884140625,0.0
spb-pla-e-20267916,planning_failure,easy,4,remove_belief_separation,0.5916,0.4084,plan_c,plan_a,0,0.9032071875000001,0.69563421875
spb-pla-e-20267916,planning_failure,easy,4,remove_sample_identity,0.5916,0.4084,plan_b,plan_a,0,1.1939045312499998,0.4049368750000002
spb-pla-e-20267916,planning_failure,easy,4,attention_only,0.5916,0.4084,plan_a,plan_a,1,1.59884140625,0.0
spb-pla-e-20267916,planning_failure,easy,4,simple_dedup,0.5916,0.4084,plan_b,plan_a,0,1.1939045312499998,0.4049368750000002
spb-pla-e-20267916,planning_failure,easy,4,random_grouping,0.5916,0.4084,plan_b,plan_a,0,1.1939045312499998,0.4049368750000002
spb-pla-e-20267916,planning_failure,easy,4,oracle_grouping,0.5916,0.4084,plan_b,plan_a,0,1.1939045312499998,0.4049368750000002
spb-pla-e-20267916,planning_failure,easy,8,remove_provenance,0.9611655678415433,0.03883443215845672,plan_a,plan_a,1,1.59884140625,0.0
spb-pla-e-20267916,planning_failure,easy,8,remove_belief_separation,0.5916,0.4084,plan_c,plan_a,0,0.9032071875000001,0.69563421875
spb-pla-e-20267916,planning_failure,easy,8,remove_sample_identity,0.5916,0.4084,plan_b,plan_a,0,1.1939045312499998,0.4049368750000002
spb-pla-e-20267916,planning_failure,easy,8,attention_only,0.5916,0.4084,plan_a,plan_a,1,1.59884140625,0.0
spb-pla-e-20267916,planning_failure,easy,8,simple_dedup,0.5916,0.4084,plan_b,plan_a,0,1.1939045312499998,0.4049368750000002
spb-pla-e-20267916,planning_failure,easy,8,random_grouping,0.5916,0.4084,plan_a,plan_a,1,1.59884140625,0.0
spb-pla-e-20267916,planning_failure,easy,8,oracle_grouping,0.5916,0.4084,plan_b,plan_a,0,1.1939045312499998,0.4049368750000002
spb-pla-e-20267916,planning_failure,easy,16,remove_provenance,0.9984260005928113,0.0015739994071887198,plan_a,plan_a,1,1.59884140625,0.0
spb-pla-e-20267916,planning_failure,easy,16,remove_belief_separation,0.5916,0.4084,plan_c,plan_a,0,0.9032071875000001,0.69563421875
spb-pla-e-20267916,planning_failure,easy,16,remove_sample_identity,0.5916,0.4084,plan_b,plan_a,0,1.1939045312499998,0.4049368750000002
spb-pla-e-20267916,planning_failure,easy,16,attention_only,0.5916,0.4084,plan_a,plan_a,1,1.59884140625,0.0
spb-pla-e-20267916,planning_failure,easy,16,simple_dedup,0.5916,0.4084,plan_b,plan_a,0,1.1939045312499998,0.4049368750000002
spb-pla-e-20267916,planning_failure,easy,16,random_grouping,0.5916,0.4084,plan_b,plan_a,0,1.1939045312499998,0.4049368750000002
spb-pla-e-20267916,planning_failure,easy,16,oracle_grouping,0.5916,0.4084,plan_b,plan_a,0,1.1939045312499998,0.4049368750000002
spb-pla-e-20267916,planning_failure,easy,32,remove_provenance,0.9999975999101792,2.4000898207754418e-06,plan_a,plan_a,1,1.59884140625,0.0
spb-pla-e-20267916,planning_failure,easy,32,remove_belief_separation,0.5916,0.4084,plan_c,plan_a,0,0.9032071875000001,0.69563421875
spb-pla-e-20267916,planning_failure,easy,32,remove_sample_identity,0.5916,0.4084,plan_b,plan_a,0,1.1939045312499998,0.4049368750000002
spb-pla-e-20267916,planning_failure,easy,32,attention_only,0.5916,0.4084,plan_a,plan_a,1,1.59884140625,0.0
spb-pla-e-20267916,planning_failure,easy,32,simple_dedup,0.5916,0.4084,plan_b,plan_a,0,1.1939045312499998,0.4049368750000002
spb-pla-e-20267916,planning_failure,easy,32,random_grouping,0.5916,0.4084,plan_c,plan_a,0,0.9032071875000001,0.69563421875
spb-pla-e-20267916,planning_failure,easy,32,oracle_grouping,0.5916,0.4084,plan_b,plan_a,0,1.1939045312499998,0.4049368750000002
spb-pla-e-20267916,planning_failure,easy,64,remove_provenance,0.9999999999944371,5.562883487186809e-12,plan_a,plan_a,1,1.59884140625,0.0
spb-pla-e-20267916,planning_failure,easy,64,remove_belief_separation,0.5916,0.4084,plan_c,plan_a,0,0.9032071875000001,0.69563421875
spb-pla-e-20267916,planning_failure,easy,64,remove_sample_identity,0.5916,0.4084,plan_b,plan_a,0,1.1939045312499998,0.4049368750000002
spb-pla-e-20267916,planning_failure,easy,64,attention_only,0.5916,0.4084,plan_a,plan_a,1,1.59884140625,0.0
spb-pla-e-20267916,planning_failure,easy,64,simple_dedup,0.5916,0.4084,plan_b,plan_a,0,1.1939045312499998,0.4049368750000002
spb-pla-e-20267916,planning_failure,easy,64,random_grouping,0.5916,0.4084,plan_b,plan_a,0,1.1939045312499998,0.4049368750000002
spb-pla-e-20267916,planning_failure,easy,64,oracle_grouping,0.5916,0.4084,plan_b,plan_a,0,1.1939045312499998,0.4049368750000002
spb-pla-h-20267950,planning_failure,hard,1,remove_provenance,0.23730000000000007,0.23730000000000007,verify_premise,verify_premise,1,-0.18387812499999998,0.0
spb-pla-h-20267950,planning_failure,hard,1,remove_belief_separation,0.2373,0.2373,plan_c,verify_premise,0,-0.78495203125,0.60107390625
spb-pla-h-20267950,planning_failure,hard,1,remove_sample_identity,0.2373,0.2373,verify_premise,verify_premise,1,-0.18387812499999998,0.0
spb-pla-h-20267950,planning_failure,hard,1,attention_only,0.2373,0.2373,plan_a,verify_premise,0,-1.82501359375,1.6411354687500002
spb-pla-h-20267950,planning_failure,hard,1,simple_dedup,0.2373,0.2373,verify_premise,verify_premise,1,-0.18387812499999998,0.0
spb-pla-h-20267950,planning_failure,hard,1,random_grouping,0.2373,0.2373,verify_premise,verify_premise,1,-0.18387812499999998,0.0
spb-pla-h-20267950,planning_failure,hard,1,oracle_grouping,0.2373,0.2373,verify_premise,verify_premise,1,-0.18387812499999998,0.0
spb-pla-h-20267950,planning_failure,hard,2,remove_provenance,0.3181960398694856,0.3181960398694856,verify_premise,verify_premise,1,-0.18387812499999998,0.0
spb-pla-h-20267950,planning_failure,hard,2,remove_belief_separation,0.2373,0.2373,plan_c,verify_premise,0,-0.78495203125,0.60107390625
spb-pla-h-20267950,planning_failure,hard,2,remove_sample_identity,0.2373,0.2373,verify_premise,verify_premise,1,-0.18387812499999998,0.0
spb-pla-h-20267950,planning_failure,hard,2,attention_only,0.2373,0.2373,plan_a,verify_premise,0,-1.82501359375,1.6411354687500002
spb-pla-h-20267950,planning_failure,hard,2,simple_dedup,0.2373,0.2373,verify_premise,verify_premise,1,-0.18387812499999998,0.0
spb-pla-h-20267950,planning_failure,hard,2,random_grouping,0.2373,0.2373,verify_premise,verify_premise,1,-0.18387812499999998,0.0
spb-pla-h-20267950,planning_failure,hard,2,oracle_grouping,0.2373,0.2373,verify_premise,verify_premise,1,-0.18387812499999998,0.0
spb-pla-h-20267950,planning_failure,hard,4,remove_provenance,0.5122115007954464,0.5122115007954464,plan_c,verify_premise,0,-0.78495203125,0.60107390625
spb-pla-h-20267950,planning_failure,hard,4,remove_belief_separation,0.2373,0.2373,plan_c,verify_premise,0,-0.78495203125,0.60107390625
spb-pla-h-20267950,planning_failure,hard,4,remove_sample_identity,0.2373,0.2373,verify_premise,verify_premise,1,-0.18387812499999998,0.0
spb-pla-h-20267950,planning_failure,hard,4,attention_only,0.2373,0.2373,plan_a,verify_premise,0,-1.82501359375,1.6411354687500002
spb-pla-h-20267950,planning_failure,hard,4,simple_dedup,0.2373,0.2373,verify_premise,verify_premise,1,-0.18387812499999998,0.0
spb-pla-h-20267950,planning_failure,hard,4,random_grouping,0.2373,0.2373,verify_premise,verify_premise,1,-0.18387812499999998,0.0
spb-pla-h-20267950,planning_failure,hard,4,oracle_grouping,0.2373,0.2373,verify_premise,verify_premise,1,-0.18387812499999998,0.0
spb-pla-h-20267950,planning_failure,hard,8,remove_provenance,0.8416712793222584,0.8416712793222584,plan_a,verify_premise,0,-1.82501359375,1.6411354687500002
spb-pla-h-20267950,planning_failure,hard,8,remove_belief_separation,0.2373,0.2373,plan_c,verify_premise,0,-0.78495203125,0.60107390625
spb-pla-h-20267950,planning_failure,hard,8,remove_sample_identity,0.2373,0.2373,verify_premise,verify_premise,1,-0.18387812499999998,0.0
spb-pla-h-20267950,planning_failure,hard,8,attention_only,0.2373,0.2373,plan_a,verify_premise,0,-1.82501359375,1.6411354687500002
spb-pla-h-20267950,planning_failure,hard,8,simple_dedup,0.2373,0.2373,verify_premise,verify_premise,1,-0.18387812499999998,0.0
spb-pla-h-20267950,planning_failure,hard,8,random_grouping,0.2373,0.2373,verify_premise,verify_premise,1,-0.18387812499999998,0.0
spb-pla-h-20267950,planning_failure,hard,8,oracle_grouping,0.2373,0.2373,verify_premise,verify_premise,1,-0.18387812499999998,0.0
spb-pla-h-20267950,planning_failure,hard,16,remove_provenance,0.9927136318935357,0.9927136318935357,plan_a,verify_premise,0,-1.82501359375,1.6411354687500002
spb-pla-h-20267950,planning_failure,hard,16,remove_belief_separation,0.2373,0.2373,plan_c,verify_premise,0,-0.78495203125,0.60107390625
spb-pla-h-20267950,planning_failure,hard,16,remove_sample_identity,0.2373,0.2373,verify_premise,verify_premise,1,-0.18387812499999998,0.0
spb-pla-h-20267950,planning_failure,hard,16,attention_only,0.2373,0.2373,plan_a,verify_premise,0,-1.82501359375,1.6411354687500002
spb-pla-h-20267950,planning_failure,hard,16,simple_dedup,0.2373,0.2373,verify_premise,verify_premise,1,-0.18387812499999998,0.0
spb-pla-h-20267950,planning_failure,hard,16,random_grouping,0.2373,0.2373,verify_premise,verify_premise,1,-0.18387812499999998,0.0
spb-pla-h-20267950,planning_failure,hard,16,oracle_grouping,0.2373,0.2373,verify_premise,verify_premise,1,-0.18387812499999998,0.0
spb-pla-h-20267950,planning_failure,hard,32,remove_provenance,0.999988825653747,0.999988825653747,plan_a,verify_premise,0,-1.82501359375,1.6411354687500002
spb-pla-h-20267950,planning_failure,hard,32,remove_belief_separation,0.2373,0.2373,plan_c,verify_premise,0,-0.78495203125,0.60107390625
spb-pla-h-20267950,planning_failure,hard,32,remove_sample_identity,0.2373,0.2373,verify_premise,verify_premise,1,-0.18387812499999998,0.0
spb-pla-h-20267950,planning_failure,hard,32,attention_only,0.2373,0.2373,plan_a,verify_premise,0,-1.82501359375,1.6411354687500002
spb-pla-h-20267950,planning_failure,hard,32,simple_dedup,0.2373,0.2373,verify_premise,verify_premise,1,-0.18387812499999998,0.0
spb-pla-h-20267950,planning_failure,hard,32,random_grouping,0.2373,0.2373,verify_premise,verify_premise,1,-0.18387812499999998,0.0
spb-pla-h-20267950,planning_failure,hard,32,oracle_grouping,0.2373,0.2373,verify_premise,verify_premise,1,-0.18387812499999998,0.0
spb-pla-h-20267950,planning_failure,hard,64,remove_provenance,0.9999999999740996,0.9999999999740996,plan_a,verify_premise,0,-1.82501359375,1.6411354687500002
spb-pla-h-20267950,planning_failure,hard,64,remove_belief_separation,0.2373,0.2373,plan_c,verify_premise,0,-0.78495203125,0.60107390625
spb-pla-h-20267950,planning_failure,hard,64,remove_sample_identity,0.2373,0.2373,verify_premise,verify_premise,1,-0.18387812499999998,0.0
spb-pla-h-20267950,planning_failure,hard,64,attention_only,0.2373,0.2373,plan_a,verify_premise,0,-1.82501359375,1.6411354687500002
spb-pla-h-20267950,planning_failure,hard,64,simple_dedup,0.2373,0.2373,verify_premise,verify_premise,1,-0.18387812499999998,0.0
spb-pla-h-20267950,planning_failure,hard,64,random_grouping,0.2373,0.2373,verify_premise,verify_premise,1,-0.18387812499999998,0.0
spb-pla-h-20267950,planning_failure,hard,64,oracle_grouping,0.2373,0.2373,verify_premise,verify_premise,1,-0.18387812499999998,0.0
spb-pla-e-20268018,planning_failure,easy,1,remove_provenance,0.3505,0.6495,verify_premise,plan_a,0,-0.16127703125,1.76868234375
spb-pla-e-20268018,planning_failure,easy,1,remove_belief_separation,0.3505,0.6495,plan_c,plan_a,0,0.89320734375,0.7141979687500001
spb-pla-e-20268018,planning_failure,easy,1,remove_sample_identity,0.3505,0.6495,verify_premise,plan_a,0,-0.16127703125,1.76868234375
spb-pla-e-20268018,planning_failure,easy,1,attention_only,0.3505,0.6495,plan_a,plan_a,1,1.6074053125,0.0
spb-pla-e-20268018,planning_failure,easy,1,simple_dedup,0.3505,0.6495,verify_premise,plan_a,0,-0.16127703125,1.76868234375
spb-pla-e-20268018,planning_failure,easy,1,random_grouping,0.3505,0.6495,verify_premise,plan_a,0,-0.16127703125,1.76868234375
spb-pla-e-20268018,planning_failure,easy,1,oracle_grouping,0.3505,0.6495,verify_premise,plan_a,0,-0.16127703125,1.76868234375
spb-pla-e-20268018,planning_failure,easy,2,remove_provenance,0.44735162731333766,0.5526483726866623,plan_c,plan_a,0,0.89320734375,0.7141979687500001
spb-pla-e-20268018,planning_failure,easy,2,remove_belief_separation,0.3505,0.6495,plan_c,plan_a,0,0.89320734375,0.7141979687500001
spb-pla-e-20268018,planning_failure,easy,2,remove_sample_identity,0.3505,0.6495,verify_premise,plan_a,0,-0.16127703125,1.76868234375
spb-pla-e-20268018,planning_failure,easy,2,attention_only,0.3505,0.6495,plan_a,plan_a,1,1.6074053125,0.0
spb-pla-e-20268018,planning_failure,easy,2,simple_dedup,0.3505,0.6495,verify_premise,plan_a,0,-0.16127703125,1.76868234375
spb-pla-e-20268018,planning_failure,easy,2,random_grouping,0.3505,0.6495,verify_premise,plan_a,0,-0.16127703125,1.76868234375
spb-pla-e-20268018,planning_failure,easy,2,oracle_grouping,0.3505,0.6495,verify_premise,plan_a,0,-0.16127703125,1.76868234375
spb-pla-e-20268018,planning_failure,easy,4,remove_provenance,0.6455540775606262,0.3544459224393738,plan_a,plan_a,1,1.6074053125,0.0
spb-pla-e-20268018,planning_failure,easy,4,remove_belief_separation,0.3505,0.6495,plan_c,plan_a,0,0.89320734375,0.7141979687500001
spb-pla-e-20268018,planning_failure,easy,4,remove_sample_identity,0.3505,0.6495,verify_premise,plan_a,0,-0.16127703125,1.76868234375
spb-pla-e-20268018,planning_failure,easy,4,attention_only,0.3505,0.6495,plan_a,plan_a,1,1.6074053125,0.0
spb-pla-e-20268018,planning_failure,easy,4,simple_dedup,0.3505,0.6495,verify_premise,plan_a,0,-0.16127703125,1.76868234375
spb-pla-e-20268018,planning_failure,easy,4,random_grouping,0.3505,0.6495,verify_premise,plan_a,0,-0.16127703125,1.76868234375
spb-pla-e-20268018,planning_failure,easy,4,oracle_grouping,0.3505,0.6495,verify_premise,plan_a,0,-0.16127703125,1.76868234375
spb-pla-e-20268018,planning_failure,easy,8,remove_provenance,0.9021560482511347,0.09784395174886529,plan_a,plan_a,1,1.6074053125,0.0
spb-pla-e-20268018,planning_failure,easy,8,remove_belief_separation,0.3505,0.6495,plan_c,plan_a,0,0.89320734375,0.7141979687500001
spb-pla-e-20268018,planning_failure,easy,8,remove_sample_identity,0.3505,0.6495,verify_premise,plan_a,0,-0.16127703125,1.76868234375
spb-pla-e-20268018,planning_failure,easy,8,attention_only,0.3505,0.6495,plan_a,plan_a,1,1.6074053125,0.0
spb-pla-e-20268018,planning_failure,easy,8,simple_dedup,0.3505,0.6495,verify_premise,plan_a,0,-0.16127703125,1.76868234375
spb-pla-e-20268018,planning_failure,easy,8,random_grouping,0.3505,0.6495,verify_premise,plan_a,0,-0.16127703125,1.76868234375
spb-pla-e-20268018,planning_failure,easy,8,oracle_grouping,0.3505,0.6495,verify_premise,plan_a,0,-0.16127703125,1.76868234375
spb-pla-e-20268018,planning_failure,easy,16,remove_provenance,0.9957860605610231,0.004213939438976855,plan_a,plan_a,1,1.6074053125,0.0
spb-pla-e-20268018,planning_failure,easy,16,remove_belief_separation,0.3505,0.6495,plan_c,plan_a,0,0.89320734375,0.7141979687500001
spb-pla-e-20268018,planning_failure,easy,16,remove_sample_identity,0.3505,0.6495,verify_premise,plan_a,0,-0.16127703125,1.76868234375
spb-pla-e-20268018,planning_failure,easy,16,attention_only,0.3505,0.6495,plan_a,plan_a,1,1.6074053125,0.0
spb-pla-e-20268018,planning_failure,easy,16,simple_dedup,0.3505,0.6495,verify_premise,plan_a,0,-0.16127703125,1.76868234375
spb-pla-e-20268018,planning_failure,easy,16,random_grouping,0.3505,0.6495,verify_premise,plan_a,0,-0.16127703125,1.76868234375
spb-pla-e-20268018,planning_failure,easy,16,oracle_grouping,0.3505,0.6495,verify_premise,plan_a,0,-0.16127703125,1.76868234375
spb-pla-e-20268018,planning_failure,easy,32,remove_provenance,0.9999935574276497,6.442572350273679e-06,plan_a,plan_a,1,1.6074053125,0.0
spb-pla-e-20268018,planning_failure,easy,32,remove_belief_separation,0.3505,0.6495,plan_c,plan_a,0,0.89320734375,0.7141979687500001
spb-pla-e-20268018,planning_failure,easy,32,remove_sample_identity,0.3505,0.6495,verify_premise,plan_a,0,-0.16127703125,1.76868234375
spb-pla-e-20268018,planning_failure,easy,32,attention_only,0.3505,0.6495,plan_a,plan_a,1,1.6074053125,0.0
spb-pla-e-20268018,planning_failure,easy,32,simple_dedup,0.3505,0.6495,verify_premise,plan_a,0,-0.16127703125,1.76868234375
spb-pla-e-20268018,planning_failure,easy,32,random_grouping,0.3505,0.6495,verify_premise,plan_a,0,-0.16127703125,1.76868234375
spb-pla-e-20268018,planning_failure,easy,32,oracle_grouping,0.3505,0.6495,verify_premise,plan_a,0,-0.16127703125,1.76868234375
spb-pla-e-20268018,planning_failure,easy,64,remove_provenance,0.9999999999850673,1.493272172581328e-11,plan_a,plan_a,1,1.6074053125,0.0
spb-pla-e-20268018,planning_failure,easy,64,remove_belief_separation,0.3505,0.6495,plan_c,plan_a,0,0.89320734375,0.7141979687500001
spb-pla-e-20268018,planning_failure,easy,64,remove_sample_identity,0.3505,0.6495,verify_premise,plan_a,0,-0.16127703125,1.76868234375
spb-pla-e-20268018,planning_failure,easy,64,attention_only,0.3505,0.6495,plan_a,plan_a,1,1.6074053125,0.0
spb-pla-e-20268018,planning_failure,easy,64,simple_dedup,0.3505,0.6495,verify_premise,plan_a,0,-0.16127703125,1.76868234375
spb-pla-e-20268018,planning_failure,easy,64,random_grouping,0.3505,0.6495,verify_premise,plan_a,0,-0.16127703125,1.76868234375
spb-pla-e-20268018,planning_failure,easy,64,oracle_grouping,0.3505,0.6495,verify_premise,plan_a,0,-0.16127703125,1.76868234375
spb-pla-e-20268069,planning_failure,easy,1,remove_provenance,0.37029999999999996,0.6297,verify_premise,plan_a,0,-0.146799375,1.7228609375000001
spb-pla-e-20268069,planning_failure,easy,1,remove_belief_separation,0.3703,0.6296999999999999,plan_c,plan_a,0,0.8949456250000001,0.6811159375
spb-pla-e-20268069,planning_failure,easy,1,remove_sample_identity,0.3703,0.6296999999999999,verify_premise,plan_a,0,-0.146799375,1.7228609375000001
spb-pla-e-20268069,planning_failure,easy,1,attention_only,0.3703,0.6296999999999999,plan_a,plan_a,1,1.5760615625,0.0
spb-pla-e-20268069,planning_failure,easy,1,simple_dedup,0.3703,0.6296999999999999,verify_premise,plan_a,0,-0.146799375,1.7228609375000001
spb-pla-e-20268069,planning_failure,easy,1,random_grouping,0.3703,0.6296999999999999,verify_premise,plan_a,0,-0.146799375,1.7228609375000001
spb-pla-e-20268069,planning_failure,easy,1,oracle_grouping,0.3703,0.6296999999999999,verify_premise,plan_a,0,-0.146799375,1.7228609375000001
spb-pla-e-20268069,planning_failure,easy,2,remove_provenance,0.4686748512846475,0.5313251487153525,plan_c,plan_a,0,0.8949456250000001,0.6811159375
spb-pla-e-20268069,planning_failure,easy,2,remove_belief_separation,0.3703,0.6296999999999999,plan_c,plan_a,0,0.8949456250000001,0.6811159375
spb-pla-e-20268069,planning_failure,easy,2,remove_sample_identity,0.3703,0.6296999999999999,verify_premise,plan_a,0,-0.146799375,1.7228609375000001
spb-pla-e-20268069,planning_failure,easy,2,attention_only,0.3703,0.6296999999999999,plan_a,plan_a,1,1.5760615625,0.0
spb-pla-e-20268069,planning_failure,easy,2,simple_dedup,0.3703,0.6296999999999999,verify_premise,plan_a,0,-0.146799375,1.7228609375000001
spb-pla-e-20268069,planning_failure,easy,2,random_grouping,0.3703,0.6296999999999999,verify_premise,plan_a,0,-0.146799375,1.7228609375000001
spb-pla-e-20268069,planning_failure,easy,2,oracle_grouping,0.3703,0.6296999999999999,verify_premise,plan_a,0,-0.146799375,1.7228609375000001
spb-pla-e-20268069,planning_failure,easy,4,remove_provenance,0.6649574013847044,0.3350425986152956,plan_a,plan_a,1,1.5760615625,0.0
spb-pla-e-20268069,planning_failure,easy,4,remove_belief_separation,0.3703,0.6296999999999999,plan_c,plan_a,0,0.8949456250000001,0.6811159375
spb-pla-e-20268069,planning_failure,easy,4,remove_sample_identity,0.3703,0.6296999999999999,verify_premise,plan_a,0,-0.146799375,1.7228609375000001
spb-pla-e-20268069,planning_failure,easy,4,attention_only,0.3703,0.6296999999999999,plan_a,plan_a,1,1.5760615625,0.0
spb-pla-e-20268069,planning_failure,easy,4,simple_dedup,0.3703,0.6296999999999999,verify_premise,plan_a,0,-0.146799375,1.7228609375000001
spb-pla-e-20268069,planning_failure,easy,4,random_grouping,0.3703,0.6296999999999999,verify_premise,plan_a,0,-0.146799375,1.7228609375000001
spb-pla-e-20268069,planning_failure,easy,4,oracle_grouping,0.3703,0.6296999999999999,verify_premise,plan_a,0,-0.146799375,1.7228609375000001
spb-pla-e-20268069,planning_failure,easy,8,remove_provenance,0.9094819381306729,0.0905180618693271,plan_a,plan_a,1,1.5760615625,0.0
spb-pla-e-20268069,planning_failure,easy,8,remove_belief_separation,0.3703,0.6296999999999999,plan_c,plan_a,0,0.8949456250000001,0.6811159375
spb-pla-e-20268069,planning_failure,easy,8,remove_sample_identity,0.3703,0.6296999999999999,verify_premise,plan_a,0,-0.146799375,1.7228609375000001
spb-pla-e-20268069,planning_failure,easy,8,attention_only,0.3703,0.6296999999999999,plan_a,plan_a,1,1.5760615625,0.0
spb-pla-e-20268069,planning_failure,easy,8,simple_dedup,0.3703,0.6296999999999999,verify_premise,plan_a,0,-0.146799375,1.7228609375000001
spb-pla-e-20268069,planning_failure,easy,8,random_grouping,0.3703,0.6296999999999999,verify_premise,plan_a,0,-0.146799375,1.7228609375000001
spb-pla-e-20268069,planning_failure,easy,8,oracle_grouping,0.3703,0.6296999999999999,verify_premise,plan_a,0,-0.146799375,1.7228609375000001
spb-pla-e-20268069,planning_failure,easy,16,remove_provenance,0.9961316316039673,0.003868368396032662,plan_a,plan_a,1,1.5760615625,0.0
spb-pla-e-20268069,planning_failure,easy,16,remove_belief_separation,0.3703,0.6296999999999999,plan_c,plan_a,0,0.8949456250000001,0.6811159375
spb-pla-e-20268069,planning_failure,easy,16,remove_sample_identity,0.3703,0.6296999999999999,verify_premise,plan_a,0,-0.146799375,1.7228609375000001
spb-pla-e-20268069,planning_failure,easy,16,attention_only,0.3703,0.6296999999999999,plan_a,plan_a,1,1.5760615625,0.0
spb-pla-e-20268069,planning_failure,easy,16,simple_dedup,0.3703,0.6296999999999999,verify_premise,plan_a,0,-0.146799375,1.7228609375000001
spb-pla-e-20268069,planning_failure,easy,16,random_grouping,0.3703,0.6296999999999999,verify_premise,plan_a,0,-0.146799375,1.7228609375000001
spb-pla-e-20268069,planning_failure,easy,16,oracle_grouping,0.3703,0.6296999999999999,verify_premise,plan_a,0,-0.146799375,1.7228609375000001
spb-pla-e-20268069,planning_failure,easy,32,remove_provenance,0.999994087809995,5.912190005008533e-06,plan_a,plan_a,1,1.5760615625,0.0
spb-pla-e-20268069,planning_failure,easy,32,remove_belief_separation,0.3703,0.6296999999999999,plan_c,plan_a,0,0.8949456250000001,0.6811159375
spb-pla-e-20268069,planning_failure,easy,32,remove_sample_identity,0.3703,0.6296999999999999,verify_premise,plan_a,0,-0.146799375,1.7228609375000001
spb-pla-e-20268069,planning_failure,easy,32,attention_only,0.3703,0.6296999999999999,plan_a,plan_a,1,1.5760615625,0.0
spb-pla-e-20268069,planning_failure,easy,32,simple_dedup,0.3703,0.6296999999999999,verify_premise,plan_a,0,-0.146799375,1.7228609375000001
spb-pla-e-20268069,planning_failure,easy,32,random_grouping,0.3703,0.6296999999999999,verify_premise,plan_a,0,-0.146799375,1.7228609375000001
spb-pla-e-20268069,planning_failure,easy,32,oracle_grouping,0.3703,0.6296999999999999,verify_premise,plan_a,0,-0.146799375,1.7228609375000001
spb-pla-e-20268069,planning_failure,easy,64,remove_provenance,0.9999999999862965,1.3703482792948307e-11,plan_a,plan_a,1,1.5760615625,0.0
spb-pla-e-20268069,planning_failure,easy,64,remove_belief_separation,0.3703,0.6296999999999999,plan_c,plan_a,0,0.8949456250000001,0.6811159375
spb-pla-e-20268069,planning_failure,easy,64,remove_sample_identity,0.3703,0.6296999999999999,verify_premise,plan_a,0,-0.146799375,1.7228609375000001
spb-pla-e-20268069,planning_failure,easy,64,attention_only,0.3703,0.6296999999999999,plan_a,plan_a,1,1.5760615625,0.0
spb-pla-e-20268069,planning_failure,easy,64,simple_dedup,0.3703,0.6296999999999999,verify_premise,plan_a,0,-0.146799375,1.7228609375000001
spb-pla-e-20268069,planning_failure,easy,64,random_grouping,0.3703,0.6296999999999999,verify_premise,plan_a,0,-0.146799375,1.7228609375000001
spb-pla-e-20268069,planning_failure,easy,64,oracle_grouping,0.3703,0.6296999999999999,verify_premise,plan_a,0,-0.146799375,1.7228609375000001
spb-pla-h-20268154,planning_failure,hard,1,remove_provenance,0.8127000000000001,0.1872999999999999,plan_a,plan_a,1,1.56527453125,0.0
spb-pla-h-20268154,planning_failure,hard,1,remove_belief_separation,0.8127,0.18730000000000002,plan_c,plan_a,0,0.9549960937499999,0.6102784375000001
spb-pla-h-20268154,planning_failure,hard,1,remove_sample_identity,0.8127,0.18730000000000002,plan_a,plan_a,1,1.56527453125,0.0
spb-pla-h-20268154,planning_failure,hard,1,attention_only,0.8127,0.18730000000000002,plan_a,plan_a,1,1.56527453125,0.0
spb-pla-h-20268154,planning_failure,hard,1,simple_dedup,0.8127,0.18730000000000002,plan_a,plan_a,1,1.56527453125,0.0
spb-pla-h-20268154,planning_failure,hard,1,random_grouping,0.8127,0.18730000000000002,plan_a,plan_a,1,1.56527453125,0.0
spb-pla-h-20268154,planning_failure,hard,1,oracle_grouping,0.8127,0.18730000000000002,plan_a,plan_a,1,1.56527453125,0.0
spb-pla-h-20268154,planning_failure,hard,2,remove_provenance,0.8668183595833185,0.13318164041668146,plan_a,plan_a,1,1.56527453125,0.0
spb-pla-h-20268154,planning_failure,hard,2,remove_belief_separation,0.8127,0.18730000000000002,plan_c,plan_a,0,0.9549960937499999,0.6102784375000001
spb-pla-h-20268154,planning_failure,hard,2,remove_sample_identity,0.8127,0.18730000000000002,plan_a,plan_a,1,1.56527453125,0.0
spb-pla-h-20268154,planning_failure,hard,2,attention_only,0.8127,0.18730000000000002,plan_a,plan_a,1,1.56527453125,0.0
spb-pla-h-20268154,planning_failure,hard,2,simple_dedup,0.8127,0.18730000000000002,plan_a,plan_a,1,1.56527453125,0.0
spb-pla-h-20268154,planning_failure,hard,2,random_grouping,0.8127,0.18730000000000002,plan_a,plan_a,1,1.56527453125,0.0
spb-pla-h-20268154,planning_failure,hard,2,oracle_grouping,0.8127,0.18730000000000002,plan_a,plan_a,1,1.56527453125,0.0
spb-pla-h-20268154,planning_failure,hard,4,remove_provenance,0.9360786304513828,0.06392136954861716,plan_a,plan_a,1,1.56527453125,0.0
spb-pla-h-20268154,planning_failure,hard,4,remove_belief_separation,0.8127,0.18730000000000002,plan_c,plan_a,0,0.9549960937499999,0.6102784375000001
spb-pla-h-20268154,planning_failure,hard,4,remove_sample_identity,0.8127,0.18730000000000002,plan_a,plan_a,1,1.56527453125,0.0
spb-pla-h-20268154,planning_failure,hard,4,attention_only,0.8127,0.18730000000000002,plan_a,plan_a,1,1.56527453125,0.0
spb-pla-h-20268154,planning_failure,hard,4,simple_dedup,0.8127,0.18730000000000002,plan_a,plan_a,1,1.56527453125,0.0
spb-pla-h-20268154,planning_failure,hard,4,random_grouping,0.8127,0.18730000000000002,plan_a,plan_a,1,1.56527453125,0.0
spb-pla-h-20268154,planning_failure,hard,4,oracle_grouping,0.8127,0.18730000000000002,plan_a,plan_a,1,1.56527453125,0.0
spb-pla-h-20268154,planning_failure,hard,8,remove_provenance,0.9866908655639415,0.013309134436058523,plan_a,plan_a,1,1.56527453125,0.0
spb-pla-h-20268154,planning_failure,hard,8,remove_belief_separation,0.8127,0.18730000000000002,plan_c,plan_a,0,0.9549960937499999,0.6102784375000001
spb-pla-h-20268154,planning_failure,hard,8,remove_sample_identity,0.8127,0.18730000000000002,plan_a,plan_a,1,1.56527453125,0.0
spb-pla-h-20268154,planning_failure,hard,8,attention_only,0.8127,0.18730000000000002,plan_a,plan_a,1,1.56527453125,0.0
spb-pla-h-20268154,planning_failure,hard,8,simple_dedup,0.8127,0.18730000000000002,plan_a,plan_a,1,1.56527453125,0.0
spb-pla-h-20268154,planning_failure,hard,8,random_grouping,0.8127,0.18730000000000002,plan_a,plan_a,1,1.56527453125,0.0
spb-pla-h-20268154,planning_failure,hard,8,oracle_grouping,0.8127,0.18730000000000002,plan_a,plan_a,1,1.56527453125,0.0
spb-pla-h-20268154,planning_failure,hard,16,remove_provenance,0.9994739704761754,0.0005260295238246337,plan_a,plan_a,1,1.56527453125,0.0
spb-pla-h-20268154,planning_failure,hard,16,remove_belief_separation,0.8127,0.18730000000000002,plan_c,plan_a,0,0.9549960937499999,0.6102784375000001
spb-pla-h-20268154,planning_failure,hard,16,remove_sample_identity,0.8127,0.18730000000000002,plan_a,plan_a,1,1.56527453125,0.0
spb-pla-h-20268154,planning_failure,hard,16,attention_only,0.8127,0.18730000000000002,plan_a,plan_a,1,1.56527453125,0.0
spb-pla-h-20268154,planning_failure,hard,16,simple_dedup,0.8127,0.18730000000000002,plan_a,plan_a,1,1.56527453125,0.0
spb-pla-h-20268154,planning_failure,hard,16,random_grouping,0.8127,0.18730000000000002,plan_a,plan_a,1,1.56527453125,0.0
spb-pla-h-20268154,planning_failure,hard,16,oracle_grouping,0.8127,0.18730000000000002,plan_a,plan_a,1,1.56527453125,0.0
spb-pla-h-20268154,planning_failure,hard,32,remove_provenance,0.9999991987313724,8.012686275593595e-07,plan_a,plan_a,1,1.56527453125,0.0
spb-pla-h-20268154,planning_failure,hard,32,remove_belief_separation,0.8127,0.18730000000000002,plan_c,plan_a,0,0.9549960937499999,0.6102784375000001
spb-pla-h-20268154,planning_failure,hard,32,remove_sample_identity,0.8127,0.18730000000000002,plan_a,plan_a,1,1.56527453125,0.0
spb-pla-h-20268154,planning_failure,hard,32,attention_only,0.8127,0.18730000000000002,plan_a,plan_a,1,1.56527453125,0.0
spb-pla-h-20268154,planning_failure,hard,32,simple_dedup,0.8127,0.18730000000000002,plan_a,plan_a,1,1.56527453125,0.0
spb-pla-h-20268154,planning_failure,hard,32,random_grouping,0.8127,0.18730000000000002,plan_a,plan_a,1,1.56527453125,0.0
spb-pla-h-20268154,planning_failure,hard,32,oracle_grouping,0.8127,0.18730000000000002,plan_a,plan_a,1,1.56527453125,0.0
spb-pla-h-20268154,planning_failure,hard,64,remove_provenance,0.9999999999981428,1.857181075592962e-12,plan_a,plan_a,1,1.56527453125,0.0
spb-pla-h-20268154,planning_failure,hard,64,remove_belief_separation,0.8127,0.18730000000000002,plan_c,plan_a,0,0.9549960937499999,0.6102784375000001
spb-pla-h-20268154,planning_failure,hard,64,remove_sample_identity,0.8127,0.18730000000000002,plan_a,plan_a,1,1.56527453125,0.0
spb-pla-h-20268154,planning_failure,hard,64,attention_only,0.8127,0.18730000000000002,plan_a,plan_a,1,1.56527453125,0.0
spb-pla-h-20268154,planning_failure,hard,64,simple_dedup,0.8127,0.18730000000000002,plan_a,plan_a,1,1.56527453125,0.0
spb-pla-h-20268154,planning_failure,hard,64,random_grouping,0.8127,0.18730000000000002,plan_a,plan_a,1,1.56527453125,0.0
spb-pla-h-20268154,planning_failure,hard,64,oracle_grouping,0.8127,0.18730000000000002,plan_a,plan_a,1,1.56527453125,0.0
spb-pla-e-20268273,planning_failure,easy,1,remove_provenance,0.278,0.278,verify_premise,verify_premise,1,-0.13524328125,0.0
spb-pla-e-20268273,planning_failure,easy,1,remove_belief_separation,0.278,0.278,plan_c,verify_premise,0,-0.78255265625,0.6473093750000001
spb-pla-e-20268273,planning_failure,easy,1,remove_sample_identity,0.278,0.278,verify_premise,verify_premise,1,-0.13524328125,0.0
spb-pla-e-20268273,planning_failure,easy,1,attention_only,0.278,0.278,plan_a,verify_premise,0,-1.8114046874999998,1.6761614062499999
spb-pla-e-20268273,planning_failure,easy,1,simple_dedup,0.278,0.278,verify_premise,verify_premise,1,-0.13524328125,0.0
spb-pla-e-20268273,planning_failure,easy,1,random_grouping,0.278,0.278,verify_premise,verify_premise,1,-0.13524328125,0.0
spb-pla-e-20268273,planning_failure,easy,1,oracle_grouping,0.278,0.278,verify_premise,verify_premise,1,-0.13524328125,0.0
spb-pla-e-20268273,planning_failure,easy,2,remove_provenance,0.36611062335381916,0.36611062335381916,verify_premise,verify_premise,1,-0.13524328125,0.0
spb-pla-e-20268273,planning_failure,easy,2,remove_belief_separation,0.278,0.278,plan_c,verify_premise,0,-0.78255265625,0.6473093750000001
spb-pla-e-20268273,planning_failure,easy,2,remove_sample_identity,0.278,0.278,verify_premise,verify_premise,1,-0.13524328125,0.0
spb-pla-e-20268273,planning_failure,easy,2,attention_only,0.278,0.278,plan_a,verify_premise,0,-1.8114046874999998,1.6761614062499999
spb-pla-e-20268273,planning_failure,easy,2,simple_dedup,0.278,0.278,verify_premise,verify_premise,1,-0.13524328125,0.0
spb-pla-e-20268273,planning_failure,easy,2,random_grouping,0.278,0.278,verify_premise,verify_premise,1,-0.13524328125,0.0
spb-pla-e-20268273,planning_failure,easy,2,oracle_grouping,0.278,0.278,verify_premise,verify_premise,1,-0.13524328125,0.0
spb-pla-e-20268273,planning_failure,easy,4,remove_provenance,0.5651257340761934,0.5651257340761934,plan_c,verify_premise,0,-0.78255265625,0.6473093750000001
spb-pla-e-20268273,planning_failure,easy,4,remove_belief_separation,0.278,0.278,plan_c,verify_premise,0,-0.78255265625,0.6473093750000001
spb-pla-e-20268273,planning_failure,easy,4,remove_sample_identity,0.278,0.278,verify_premise,verify_premise,1,-0.13524328125,0.0
spb-pla-e-20268273,planning_failure,easy,4,attention_only,0.278,0.278,plan_a,verify_premise,0,-1.8114046874999998,1.6761614062499999
spb-pla-e-20268273,planning_failure,easy,4,simple_dedup,0.278,0.278,verify_premise,verify_premise,1,-0.13524328125,0.0
spb-pla-e-20268273,planning_failure,easy,4,random_grouping,0.278,0.278,verify_premise,verify_premise,1,-0.13524328125,0.0
spb-pla-e-20268273,planning_failure,easy,4,oracle_grouping,0.278,0.278,verify_premise,verify_premise,1,-0.13524328125,0.0
spb-pla-e-20268273,planning_failure,easy,8,remove_provenance,0.8680529181812731,0.8680529181812731,plan_a,verify_premise,0,-1.8114046874999998,1.6761614062499999
spb-pla-e-20268273,planning_failure,easy,8,remove_belief_separation,0.278,0.278,plan_c,verify_premise,0,-0.78255265625,0.6473093750000001
spb-pla-e-20268273,planning_failure,easy,8,remove_sample_identity,0.278,0.278,verify_premise,verify_premise,1,-0.13524328125,0.0
spb-pla-e-20268273,planning_failure,easy,8,attention_only,0.278,0.278,plan_a,verify_premise,0,-1.8114046874999998,1.6761614062499999
spb-pla-e-20268273,planning_failure,easy,8,simple_dedup,0.278,0.278,verify_premise,verify_premise,1,-0.13524328125,0.0
spb-pla-e-20268273,planning_failure,easy,8,random_grouping,0.278,0.278,verify_premise,verify_premise,1,-0.13524328125,0.0
spb-pla-e-20268273,planning_failure,easy,8,oracle_grouping,0.278,0.278,verify_premise,verify_premise,1,-0.13524328125,0.0
spb-pla-e-20268273,planning_failure,easy,16,remove_provenance,0.994104028851033,0.994104028851033,plan_a,verify_premise,0,-1.8114046874999998,1.6761614062499999
spb-pla-e-20268273,planning_failure,easy,16,remove_belief_separation,0.278,0.278,plan_c,verify_premise,0,-0.78255265625,0.6473093750000001
spb-pla-e-20268273,planning_failure,easy,16,remove_sample_identity,0.278,0.278,verify_premise,verify_premise,1,-0.13524328125,0.0
spb-pla-e-20268273,planning_failure,easy,16,attention_only,0.278,0.278,plan_a,verify_premise,0,-1.8114046874999998,1.6761614062499999
spb-pla-e-20268273,planning_failure,easy,16,simple_dedup,0.278,0.278,verify_premise,verify_premise,1,-0.13524328125,0.0
spb-pla-e-20268273,planning_failure,easy,16,random_grouping,0.278,0.278,verify_premise,verify_premise,1,-0.13524328125,0.0
spb-pla-e-20268273,planning_failure,easy,16,oracle_grouping,0.278,0.278,verify_premise,verify_premise,1,-0.13524328125,0.0
spb-pla-e-20268273,planning_failure,easy,32,remove_provenance,0.9999909705884213,0.9999909705884213,plan_a,verify_premise,0,-1.8114046874999998,1.6761614062499999
spb-pla-e-20268273,planning_failure,easy,32,remove_belief_separation,0.278,0.278,plan_c,verify_premise,0,-0.78255265625,0.6473093750000001
spb-pla-e-20268273,planning_failure,easy,32,remove_sample_identity,0.278,0.278,verify_premise,verify_premise,1,-0.13524328125,0.0
spb-pla-e-20268273,planning_failure,easy,32,attention_only,0.278,0.278,plan_a,verify_premise,0,-1.8114046874999998,1.6761614062499999
spb-pla-e-20268273,planning_failure,easy,32,simple_dedup,0.278,0.278,verify_premise,verify_premise,1,-0.13524328125,0.0
spb-pla-e-20268273,planning_failure,easy,32,random_grouping,0.278,0.278,verify_premise,verify_premise,1,-0.13524328125,0.0
spb-pla-e-20268273,planning_failure,easy,32,oracle_grouping,0.278,0.278,verify_premise,verify_premise,1,-0.13524328125,0.0
spb-pla-e-20268273,planning_failure,easy,64,remove_provenance,0.9999999999790712,0.9999999999790712,plan_a,verify_premise,0,-1.8114046874999998,1.6761614062499999
spb-pla-e-20268273,planning_failure,easy,64,remove_belief_separation,0.278,0.278,plan_c,verify_premise,0,-0.78255265625,0.6473093750000001
spb-pla-e-20268273,planning_failure,easy,64,remove_sample_identity,0.278,0.278,verify_premise,verify_premise,1,-0.13524328125,0.0
spb-pla-e-20268273,planning_failure,easy,64,attention_only,0.278,0.278,plan_a,verify_premise,0,-1.8114046874999998,1.6761614062499999
spb-pla-e-20268273,planning_failure,easy,64,simple_dedup,0.278,0.278,verify_premise,verify_premise,1,-0.13524328125,0.0
spb-pla-e-20268273,planning_failure,easy,64,random_grouping,0.278,0.278,verify_premise,verify_premise,1,-0.13524328125,0.0
spb-pla-e-20268273,planning_failure,easy,64,oracle_grouping,0.278,0.278,verify_premise,verify_premise,1,-0.13524328125,0.0
spb-pla-h-20268409,planning_failure,hard,1,remove_provenance,0.7151,0.7151,plan_a,verify_premise,0,-1.80352765625,1.61752515625
spb-pla-h-20268409,planning_failure,hard,1,remove_belief_separation,0.7151,0.7151,plan_c,verify_premise,0,-0.794089375,0.6080868749999999
spb-pla-h-20268409,planning_failure,hard,1,remove_sample_identity,0.7151,0.7151,plan_a,verify_premise,0,-1.80352765625,1.61752515625
spb-pla-h-20268409,planning_failure,hard,1,attention_only,0.7151,0.7151,plan_a,verify_premise,0,-1.80352765625,1.61752515625
spb-pla-h-20268409,planning_failure,hard,1,simple_dedup,0.7151,0.7151,plan_a,verify_premise,0,-1.80352765625,1.61752515625
spb-pla-h-20268409,planning_failure,hard,1,random_grouping,0.7151,0.7151,plan_a,verify_premise,0,-1.80352765625,1.61752515625
spb-pla-h-20268409,planning_failure,hard,1,oracle_grouping,0.7151,0.7151,plan_a,verify_premise,0,-1.80352765625,1.61752515625
spb-pla-h-20268409,planning_failure,hard,2,remove_provenance,0.790136643217561,0.790136643217561,plan_a,verify_premise,0,-1.80352765625,1.61752515625
spb-pla-h-20268409,planning_failure,hard,2,remove_belief_separation,0.7151,0.7151,plan_c,verify_premise,0,-0.794089375,0.6080868749999999
spb-pla-h-20268409,planning_failure,hard,2,remove_sample_identity,0.7151,0.7151,plan_a,verify_premise,0,-1.80352765625,1.61752515625
spb-pla-h-20268409,planning_failure,hard,2,attention_only,0.7151,0.7151,plan_a,verify_premise,0,-1.80352765625,1.61752515625
spb-pla-h-20268409,planning_failure,hard,2,simple_dedup,0.7151,0.7151,plan_a,verify_premise,0,-1.80352765625,1.61752515625
spb-pla-h-20268409,planning_failure,hard,2,random_grouping,0.7151,0.7151,plan_a,verify_premise,0,-1.80352765625,1.61752515625
spb-pla-h-20268409,planning_failure,hard,2,oracle_grouping,0.7151,0.7151,plan_a,verify_premise,0,-1.80352765625,1.61752515625
spb-pla-h-20268409,planning_failure,hard,4,remove_provenance,0.8944174476186946,0.8944174476186946,plan_a,verify_premise,0,-1.80352765625,1.61752515625
spb-pla-h-20268409,planning_failure,hard,4,remove_belief_separation,0.7151,0.7151,plan_c,verify_premise,0,-0.794089375,0.6080868749999999
spb-pla-h-20268409,planning_failure,hard,4,remove_sample_identity,0.7151,0.7151,plan_a,verify_premise,0,-1.80352765625,1.61752515625
spb-pla-h-20268409,planning_failure,hard,4,attention_only,0.7151,0.7151,plan_a,verify_premise,0,-1.80352765625,1.61752515625
spb-pla-h-20268409,planning_failure,hard,4,simple_dedup,0.7151,0.7151,plan_a,verify_premise,0,-1.80352765625,1.61752515625
spb-pla-h-20268409,planning_failure,hard,4,random_grouping,0.7151,0.7151,plan_a,verify_premise,0,-1.80352765625,1.61752515625
spb-pla-h-20268409,planning_failure,hard,4,oracle_grouping,0.7151,0.7151,plan_a,verify_premise,0,-1.80352765625,1.61752515625
spb-pla-h-20268409,planning_failure,hard,8,remove_provenance,0.9772135670104098,0.9772135670104098,plan_a,verify_premise,0,-1.80352765625,1.61752515625
spb-pla-h-20268409,planning_failure,hard,8,remove_belief_separation,0.7151,0.7151,plan_c,verify_premise,0,-0.794089375,0.6080868749999999
spb-pla-h-20268409,planning_failure,hard,8,remove_sample_identity,0.7151,0.7151,plan_a,verify_premise,0,-1.80352765625,1.61752515625
spb-pla-h-20268409,planning_failure,hard,8,attention_only,0.7151,0.7151,plan_a,verify_premise,0,-1.80352765625,1.61752515625
spb-pla-h-20268409,planning_failure,hard,8,simple_dedup,0.7151,0.7151,plan_a,verify_premise,0,-1.80352765625,1.61752515625
spb-pla-h-20268409,planning_failure,hard,8,random_grouping,0.7151,0.7151,plan_a,verify_premise,0,-1.80352765625,1.61752515625
spb-pla-h-20268409,planning_failure,hard,8,oracle_grouping,0.7151,0.7151,plan_a,verify_premise,0,-1.80352765625,1.61752515625
spb-pla-h-20268409,planning_failure,hard,16,remove_provenance,0.999091004289092,0.999091004289092,plan_a,verify_premise,0,-1.80352765625,1.61752515625
spb-pla-h-20268409,planning_failure,hard,16,remove_belief_separation,0.7151,0.7151,plan_c,verify_premise,0,-0.794089375,0.6080868749999999
spb-pla-h-20268409,planning_failure,hard,16,remove_sample_identity,0.7151,0.7151,plan_a,verify_premise,0,-1.80352765625,1.61752515625
spb-pla-h-20268409,planning_failure,hard,16,attention_only,0.7151,0.7151,plan_a,verify_premise,0,-1.80352765625,1.61752515625
spb-pla-h-20268409,planning_failure,hard,16,simple_dedup,0.7151,0.7151,plan_a,verify_premise,0,-1.80352765625,1.61752515625
spb-pla-h-20268409,planning_failure,hard,16,random_grouping,0.7151,0.7151,plan_a,verify_premise,0,-1.80352765625,1.61752515625
spb-pla-h-20268409,planning_failure,hard,16,oracle_grouping,0.7151,0.7151,plan_a,verify_premise,0,-1.80352765625,1.61752515625
spb-pla-h-20268409,planning_failure,hard,32,remove_provenance,0.9999986148524478,0.9999986148524478,plan_a,verify_premise,0,-1.80352765625,1.61752515625
spb-pla-h-20268409,planning_failure,hard,32,remove_belief_separation,0.7151,0.7151,plan_c,verify_premise,0,-0.794089375,0.6080868749999999
spb-pla-h-20268409,planning_failure,hard,32,remove_sample_identity,0.7151,0.7151,plan_a,verify_premise,0,-1.80352765625,1.61752515625
spb-pla-h-20268409,planning_failure,hard,32,attention_only,0.7151,0.7151,plan_a,verify_premise,0,-1.80352765625,1.61752515625
spb-pla-h-20268409,planning_failure,hard,32,simple_dedup,0.7151,0.7151,plan_a,verify_premise,0,-1.80352765625,1.61752515625
spb-pla-h-20268409,planning_failure,hard,32,random_grouping,0.7151,0.7151,plan_a,verify_premise,0,-1.80352765625,1.61752515625
spb-pla-h-20268409,planning_failure,hard,32,oracle_grouping,0.7151,0.7151,plan_a,verify_premise,0,-1.80352765625,1.61752515625
spb-pla-h-20268409,planning_failure,hard,64,remove_provenance,0.9999999999967895,0.9999999999967895,plan_a,verify_premise,0,-1.80352765625,1.61752515625
spb-pla-h-20268409,planning_failure,hard,64,remove_belief_separation,0.7151,0.7151,plan_c,verify_premise,0,-0.794089375,0.6080868749999999
spb-pla-h-20268409,planning_failure,hard,64,remove_sample_identity,0.7151,0.7151,plan_a,verify_premise,0,-1.80352765625,1.61752515625
spb-pla-h-20268409,planning_failure,hard,64,attention_only,0.7151,0.7151,plan_a,verify_premise,0,-1.80352765625,1.61752515625
spb-pla-h-20268409,planning_failure,hard,64,simple_dedup,0.7151,0.7151,plan_a,verify_premise,0,-1.80352765625,1.61752515625
spb-pla-h-20268409,planning_failure,hard,64,random_grouping,0.7151,0.7151,plan_a,verify_premise,0,-1.80352765625,1.61752515625
spb-pla-h-20268409,planning_failure,hard,64,oracle_grouping,0.7151,0.7151,plan_a,verify_premise,0,-1.80352765625,1.61752515625
spb-pla-e-20268426,planning_failure,easy,1,remove_provenance,0.3077,0.3077,verify_premise,verify_premise,1,-0.15202312499999998,0.0
spb-pla-e-20268426,planning_failure,easy,1,remove_belief_separation,0.3077,0.3077,plan_c,verify_premise,0,-0.79049671875,0.6384735937500001
spb-pla-e-20268426,planning_failure,easy,1,remove_sample_identity,0.3077,0.3077,verify_premise,verify_premise,1,-0.15202312499999998,0.0
spb-pla-e-20268426,planning_failure,easy,1,attention_only,0.3077,0.3077,plan_a,verify_premise,0,-1.7888221875,1.6367990625000002
spb-pla-e-20268426,planning_failure,easy,1,simple_dedup,0.3077,0.3077,verify_premise,verify_premise,1,-0.15202312499999998,0.0
spb-pla-e-20268426,planning_failure,easy,1,random_grouping,0.3077,0.3077,verify_premise,verify_premise,1,-0.15202312499999998,0.0
spb-pla-e-20268426,planning_failure,easy,1,oracle_grouping,0.3077,0.3077,verify_premise,verify_premise,1,-0.15202312499999998,0.0
spb-pla-e-20268426,planning_failure,easy,2,remove_provenance,0.4000086666377779,0.4000086666377779,plan_c,verify_premise,0,-0.79049671875,0.6384735937500001
spb-pla-e-20268426,planning_failure,easy,2,remove_belief_separation,0.3077,0.3077,plan_c,verify_premise,0,-0.79049671875,0.6384735937500001
spb-pla-e-20268426,planning_failure,easy,2,remove_sample_identity,0.3077,0.3077,verify_premise,verify_premise,1,-0.15202312499999998,0.0
spb-pla-e-20268426,planning_failure,easy,2,attention_only,0.3077,0.3077,plan_a,verify_premise,0,-1.7888221875,1.6367990625000002
spb-pla-e-20268426,planning_failure,easy,2,simple_dedup,0.3077,0.3077,verify_premise,verify_premise,1,-0.15202312499999998,0.0
spb-pla-e-20268426,planning_failure,easy,2,random_grouping,0.3077,0.3077,verify_premise,verify_premise,1,-0.15202312499999998,0.0
spb-pla-e-20268426,planning_failure,easy,2,oracle_grouping,0.3077,0.3077,verify_premise,verify_premise,1,-0.15202312499999998,0.0
spb-pla-e-20268426,planning_failure,easy,4,remove_provenance,0.6000086665751861,0.6000086665751861,plan_a,verify_premise,0,-1.7888221875,1.6367990625000002
spb-pla-e-20268426,planning_failure,easy,4,remove_belief_separation,0.3077,0.3077,plan_c,verify_premise,0,-0.79049671875,0.6384735937500001
spb-pla-e-20268426,planning_failure,easy,4,remove_sample_identity,0.3077,0.3077,verify_premise,verify_premise,1,-0.15202312499999998,0.0
spb-pla-e-20268426,planning_failure,easy,4,attention_only,0.3077,0.3077,plan_a,verify_premise,0,-1.7888221875,1.6367990625000002
spb-pla-e-20268426,planning_failure,easy,4,simple_dedup,0.3077,0.3077,verify_premise,verify_premise,1,-0.15202312499999998,0.0
spb-pla-e-20268426,planning_failure,easy,4,random_grouping,0.3077,0.3077,verify_premise,verify_premise,1,-0.15202312499999998,0.0
spb-pla-e-20268426,planning_failure,easy,4,oracle_grouping,0.3077,0.3077,verify_premise,verify_premise,1,-0.15202312499999998,0.0
spb-pla-e-20268426,planning_failure,easy,8,remove_provenance,0.8836400766169923,0.8836400766169923,plan_a,verify_premise,0,-1.7888221875,1.6367990625000002
spb-pla-e-20268426,planning_failure,easy,8,remove_belief_separation,0.3077,0.3077,plan_c,verify_premise,0,-0.79049671875,0.6384735937500001
spb-pla-e-20268426,planning_failure,easy,8,remove_sample_identity,0.3077,0.3077,verify_premise,verify_premise,1,-0.15202312499999998,0.0
spb-pla-e-20268426,planning_failure,easy,8,attention_only,0.3077,0.3077,plan_a,verify_premise,0,-1.7888221875,1.6367990625000002
spb-pla-e-20268426,planning_failure,easy,8,simple_dedup,0.3077,0.3077,verify_premise,verify_premise,1,-0.15202312499999998,0.0
spb-pla-e-20268426,planning_failure,easy,8,random_grouping,0.3077,0.3077,verify_premise,verify_premise,1,-0.15202312499999998,0.0
spb-pla-e-20268426,planning_failure,easy,8,oracle_grouping,0.3077,0.3077,verify_premise,verify_premise,1,-0.15202312499999998,0.0
spb-pla-e-20268426,planning_failure,easy,16,remove_provenance,0.9948882190199071,0.9948882190199071,plan_a,verify_premise,0,-1.7888221875,1.6367990625000002
spb-pla-e-20268426,planning_failure,easy,16,remove_belief_separation,0.3077,0.3077,plan_c,verify_premise,0,-0.79049671875,0.6384735937500001
spb-pla-e-20268426,planning_failure,easy,16,remove_sample_identity,0.3077,0.3077,verify_premise,verify_premise,1,-0.15202312499999998,0.0
spb-pla-e-20268426,planning_failure,easy,16,attention_only,0.3077,0.3077,plan_a,verify_premise,0,-1.7888221875,1.6367990625000002
spb-pla-e-20268426,planning_failure,easy,16,simple_dedup,0.3077,0.3077,verify_premise,verify_premise,1,-0.15202312499999998,0.0
spb-pla-e-20268426,planning_failure,easy,16,random_grouping,0.3077,0.3077,verify_premise,verify_premise,1,-0.15202312499999998,0.0
spb-pla-e-20268426,planning_failure,easy,16,oracle_grouping,0.3077,0.3077,verify_premise,verify_premise,1,-0.15202312499999998,0.0
spb-pla-e-20268426,planning_failure,easy,32,remove_provenance,0.9999921777010898,0.9999921777010898,plan_a,verify_premise,0,-1.7888221875,1.6367990625000002
spb-pla-e-20268426,planning_failure,easy,32,remove_belief_separation,0.3077,0.3077,plan_c,verify_premise,0,-0.79049671875,0.6384735937500001
spb-pla-e-20268426,planning_failure,easy,32,remove_sample_identity,0.3077,0.3077,verify_premise,verify_premise,1,-0.15202312499999998,0.0
spb-pla-e-20268426,planning_failure,easy,32,attention_only,0.3077,0.3077,plan_a,verify_premise,0,-1.7888221875,1.6367990625000002
spb-pla-e-20268426,planning_failure,easy,32,simple_dedup,0.3077,0.3077,verify_premise,verify_premise,1,-0.15202312499999998,0.0
spb-pla-e-20268426,planning_failure,easy,32,random_grouping,0.3077,0.3077,verify_premise,verify_premise,1,-0.15202312499999998,0.0
spb-pla-e-20268426,planning_failure,easy,32,oracle_grouping,0.3077,0.3077,verify_premise,verify_premise,1,-0.15202312499999998,0.0
spb-pla-e-20268426,planning_failure,easy,64,remove_provenance,0.9999999999818692,0.9999999999818692,plan_a,verify_premise,0,-1.7888221875,1.6367990625000002
spb-pla-e-20268426,planning_failure,easy,64,remove_belief_separation,0.3077,0.3077,plan_c,verify_premise,0,-0.79049671875,0.6384735937500001
spb-pla-e-20268426,planning_failure,easy,64,remove_sample_identity,0.3077,0.3077,verify_premise,verify_premise,1,-0.15202312499999998,0.0
spb-pla-e-20268426,planning_failure,easy,64,attention_only,0.3077,0.3077,plan_a,verify_premise,0,-1.7888221875,1.6367990625000002
spb-pla-e-20268426,planning_failure,easy,64,simple_dedup,0.3077,0.3077,verify_premise,verify_premise,1,-0.15202312499999998,0.0
spb-pla-e-20268426,planning_failure,easy,64,random_grouping,0.3077,0.3077,verify_premise,verify_premise,1,-0.15202312499999998,0.0
spb-pla-e-20268426,planning_failure,easy,64,oracle_grouping,0.3077,0.3077,verify_premise,verify_premise,1,-0.15202312499999998,0.0
spb-pla-h-20268460,planning_failure,hard,1,remove_provenance,0.7413,0.7413,plan_a,verify_premise,0,-1.7659940625,1.60878359375
spb-pla-h-20268460,planning_failure,hard,1,remove_belief_separation,0.7413,0.7413,plan_c,verify_premise,0,-0.8675831249999999,0.7103726562499999
spb-pla-h-20268460,planning_failure,hard,1,remove_sample_identity,0.7413,0.7413,plan_a,verify_premise,0,-1.7659940625,1.60878359375
spb-pla-h-20268460,planning_failure,hard,1,attention_only,0.7413,0.7413,plan_a,verify_premise,0,-1.7659940625,1.60878359375
spb-pla-h-20268460,planning_failure,hard,1,simple_dedup,0.7413,0.7413,plan_a,verify_premise,0,-1.7659940625,1.60878359375
spb-pla-h-20268460,planning_failure,hard,1,random_grouping,0.7413,0.7413,plan_a,verify_premise,0,-1.7659940625,1.60878359375
spb-pla-h-20268460,planning_failure,hard,1,oracle_grouping,0.7413,0.7413,plan_a,verify_premise,0,-1.7659940625,1.60878359375
spb-pla-h-20268460,planning_failure,hard,2,remove_provenance,0.8112574326049683,0.8112574326049683,plan_a,verify_premise,0,-1.7659940625,1.60878359375
spb-pla-h-20268460,planning_failure,hard,2,remove_belief_separation,0.7413,0.7413,plan_c,verify_premise,0,-0.8675831249999999,0.7103726562499999
spb-pla-h-20268460,planning_failure,hard,2,remove_sample_identity,0.7413,0.7413,plan_a,verify_premise,0,-1.7659940625,1.60878359375
spb-pla-h-20268460,planning_failure,hard,2,attention_only,0.7413,0.7413,plan_a,verify_premise,0,-1.7659940625,1.60878359375
spb-pla-h-20268460,planning_failure,hard,2,simple_dedup,0.7413,0.7413,plan_a,verify_premise,0,-1.7659940625,1.60878359375
spb-pla-h-20268460,planning_failure,hard,2,random_grouping,0.7413,0.7413,plan_a,verify_premise,0,-1.7659940625,1.60878359375
spb-pla-h-20268460,planning_failure,hard,2,oracle_grouping,0.7413,0.7413,plan_a,verify_premise,0,-1.7659940625,1.60878359375
spb-pla-h-20268460,planning_failure,hard,4,remove_provenance,0.9062880636820966,0.9062880636820966,plan_a,verify_premise,0,-1.7659940625,1.60878359375
spb-pla-h-20268460,planning_failure,hard,4,remove_belief_separation,0.7413,0.7413,plan_c,verify_premise,0,-0.8675831249999999,0.7103726562499999
spb-pla-h-20268460,planning_failure,hard,4,remove_sample_identity,0.7413,0.7413,plan_a,verify_premise,0,-1.7659940625,1.60878359375
spb-pla-h-20268460,planning_failure,hard,4,attention_only,0.7413,0.7413,plan_a,verify_premise,0,-1.7659940625,1.60878359375
spb-pla-h-20268460,planning_failure,hard,4,simple_dedup,0.7413,0.7413,plan_a,verify_premise,0,-1.7659940625,1.60878359375
spb-pla-h-20268460,planning_failure,hard,4,random_grouping,0.7413,0.7413,plan_a,verify_premise,0,-1.7659940625,1.60878359375
spb-pla-h-20268460,planning_failure,hard,4,oracle_grouping,0.7413,0.7413,plan_a,verify_premise,0,-1.7659940625,1.60878359375
spb-pla-h-20268460,planning_failure,hard,8,remove_provenance,0.9799837602587188,0.9799837602587188,plan_a,verify_premise,0,-1.7659940625,1.60878359375
spb-pla-h-20268460,planning_failure,hard,8,remove_belief_separation,0.7413,0.7413,plan_c,verify_premise,0,-0.8675831249999999,0.7103726562499999
spb-pla-h-20268460,planning_failure,hard,8,remove_sample_identity,0.7413,0.7413,plan_a,verify_premise,0,-1.7659940625,1.60878359375
spb-pla-h-20268460,planning_failure,hard,8,attention_only,0.7413,0.7413,plan_a,verify_premise,0,-1.7659940625,1.60878359375
spb-pla-h-20268460,planning_failure,hard,8,simple_dedup,0.7413,0.7413,plan_a,verify_premise,0,-1.7659940625,1.60878359375
spb-pla-h-20268460,planning_failure,hard,8,random_grouping,0.7413,0.7413,plan_a,verify_premise,0,-1.7659940625,1.60878359375
spb-pla-h-20268460,planning_failure,hard,8,oracle_grouping,0.7413,0.7413,plan_a,verify_premise,0,-1.7659940625,1.60878359375
spb-pla-h-20268460,planning_failure,hard,16,remove_provenance,0.999203680102222,0.999203680102222,plan_a,verify_premise,0,-1.7659940625,1.60878359375
spb-pla-h-20268460,planning_failure,hard,16,remove_belief_separation,0.7413,0.7413,plan_c,verify_premise,0,-0.8675831249999999,0.7103726562499999
spb-pla-h-20268460,planning_failure,hard,16,remove_sample_identity,0.7413,0.7413,plan_a,verify_premise,0,-1.7659940625,1.60878359375
spb-pla-h-20268460,planning_failure,hard,16,attention_only,0.7413,0.7413,plan_a,verify_premise,0,-1.7659940625,1.60878359375
spb-pla-h-20268460,planning_failure,hard,16,simple_dedup,0.7413,0.7413,plan_a,verify_premise,0,-1.7659940625,1.60878359375
spb-pla-h-20268460,planning_failure,hard,16,random_grouping,0.7413,0.7413,plan_a,verify_premise,0,-1.7659940625,1.60878359375
spb-pla-h-20268460,planning_failure,hard,16,oracle_grouping,0.7413,0.7413,plan_a,verify_premise,0,-1.7659940625,1.60878359375
spb-pla-h-20268460,planning_failure,hard,32,remove_provenance,0.999998786686944,0.999998786686944,plan_a,verify_premise,0,-1.7659940625,1.60878359375
spb-pla-h-20268460,planning_failure,hard,32,remove_belief_separation,0.7413,0.7413,plan_c,verify_premise,0,-0.8675831249999999,0.7103726562499999
spb-pla-h-20268460,planning_failure,hard,32,remove_sample_identity,0.7413,0.7413,plan_a,verify_premise,0,-1.7659940625,1.60878359375
spb-pla-h-20268460,planning_failure,hard,32,attention_only,0.7413,0.7413,plan_a,verify_premise,0,-1.7659940625,1.60878359375
spb-pla-h-20268460,planning_failure,hard,32,simple_dedup,0.7413,0.7413,plan_a,verify_premise,0,-1.7659940625,1.60878359375
spb-pla-h-20268460,planning_failure,hard,32,random_grouping,0.7413,0.7413,plan_a,verify_premise,0,-1.7659940625,1.60878359375
spb-pla-h-20268460,planning_failure,hard,32,oracle_grouping,0.7413,0.7413,plan_a,verify_premise,0,-1.7659940625,1.60878359375
spb-pla-h-20268460,planning_failure,hard,64,remove_provenance,0.9999999999971878,0.9999999999971878,plan_a,verify_premise,0,-1.7659940625,1.60878359375
spb-pla-h-20268460,planning_failure,hard,64,remove_belief_separation,0.7413,0.7413,plan_c,verify_premise,0,-0.8675831249999999,0.7103726562499999
spb-pla-h-20268460,planning_failure,hard,64,remove_sample_identity,0.7413,0.7413,plan_a,verify_premise,0,-1.7659940625,1.60878359375
spb-pla-h-20268460,planning_failure,hard,64,attention_only,0.7413,0.7413,plan_a,verify_premise,0,-1.7659940625,1.60878359375
spb-pla-h-20268460,planning_failure,hard,64,simple_dedup,0.7413,0.7413,plan_a,verify_premise,0,-1.7659940625,1.60878359375
spb-pla-h-20268460,planning_failure,hard,64,random_grouping,0.7413,0.7413,plan_a,verify_premise,0,-1.7659940625,1.60878359375
spb-pla-h-20268460,planning_failure,hard,64,oracle_grouping,0.7413,0.7413,plan_a,verify_premise,0,-1.7659940625,1.60878359375
spb-pla-e-20268579,planning_failure,easy,1,remove_provenance,0.5052,0.4948,plan_c,plan_a,0,0.92339265625,0.6751514062500003
spb-pla-e-20268579,planning_failure,easy,1,remove_belief_separation,0.5052,0.4948,plan_c,plan_a,0,0.92339265625,0.6751514062500003
spb-pla-e-20268579,planning_failure,easy,1,remove_sample_identity,0.5052,0.4948,plan_c,plan_a,0,0.92339265625,0.6751514062500003
spb-pla-e-20268579,planning_failure,easy,1,attention_only,0.5052,0.4948,plan_a,plan_a,1,1.5985440625000003,0.0
spb-pla-e-20268579,planning_failure,easy,1,simple_dedup,0.5052,0.4948,plan_c,plan_a,0,0.92339265625,0.6751514062500003
spb-pla-e-20268579,planning_failure,easy,1,random_grouping,0.5052,0.4948,plan_c,plan_a,0,0.92339265625,0.6751514062500003
spb-pla-e-20268579,planning_failure,easy,1,oracle_grouping,0.5052,0.4948,plan_c,plan_a,0,0.92339265625,0.6751514062500003
spb-pla-e-20268579,planning_failure,easy,2,remove_provenance,0.6049816381925595,0.39501836180744054,plan_b,plan_a,0,1.1993890624999999,0.39915500000000037
spb-pla-e-20268579,planning_failure,easy,2,remove_belief_separation,0.5052,0.4948,plan_c,plan_a,0,0.92339265625,0.6751514062500003
spb-pla-e-20268579,planning_failure,easy,2,remove_sample_identity,0.5052,0.4948,plan_c,plan_a,0,0.92339265625,0.6751514062500003
spb-pla-e-20268579,planning_failure,easy,2,attention_only,0.5052,0.4948,plan_a,plan_a,1,1.5985440625000003,0.0
spb-pla-e-20268579,planning_failure,easy,2,simple_dedup,0.5052,0.4948,plan_c,plan_a,0,0.92339265625,0.6751514062500003
spb-pla-e-20268579,planning_failure,easy,2,random_grouping,0.5052,0.4948,plan_c,plan_a,0,0.92339265625,0.6751514062500003
spb-pla-e-20268579,planning_failure,easy,2,oracle_grouping,0.5052,0.4948,plan_c,plan_a,0,0.92339265625,0.6751514062500003
spb-pla-e-20268579,planning_failure,easy,4,remove_provenance,0.7750755733345456,0.22492442666545442,plan_a,plan_a,1,1.5985440625000003,0.0
spb-pla-e-20268579,planning_failure,easy,4,remove_belief_separation,0.5052,0.4948,plan_c,plan_a,0,0.92339265625,0.6751514062500003
spb-pla-e-20268579,planning_failure,easy,4,remove_sample_identity,0.5052,0.4948,plan_c,plan_a,0,0.92339265625,0.6751514062500003
spb-pla-e-20268579,planning_failure,easy,4,attention_only,0.5052,0.4948,plan_a,plan_a,1,1.5985440625000003,0.0
spb-pla-e-20268579,planning_failure,easy,4,simple_dedup,0.5052,0.4948,plan_c,plan_a,0,0.92339265625,0.6751514062500003
spb-pla-e-20268579,planning_failure,easy,4,random_grouping,0.5052,0.4948,plan_c,plan_a,0,0.92339265625,0.6751514062500003
spb-pla-e-20268579,planning_failure,easy,4,oracle_grouping,0.5052,0.4948,plan_c,plan_a,0,0.92339265625,0.6751514062500003
spb-pla-e-20268579,planning_failure,easy,8,remove_provenance,0.9457849415017958,0.05421505849820418,plan_a,plan_a,1,1.5985440625000003,0.0
spb-pla-e-20268579,planning_failure,easy,8,remove_belief_separation,0.5052,0.4948,plan_c,plan_a,0,0.92339265625,0.6751514062500003
spb-pla-e-20268579,planning_failure,easy,8,remove_sample_identity,0.5052,0.4948,plan_c,plan_a,0,0.92339265625,0.6751514062500003
spb-pla-e-20268579,planning_failure,easy,8,attention_only,0.5052,0.4948,plan_a,plan_a,1,1.5985440625000003,0.0
spb-pla-e-20268579,planning_failure,easy,8,simple_dedup,0.5052,0.4948,plan_c,plan_a,0,0.92339265625,0.6751514062500003
spb-pla-e-20268579,planning_failure,easy,8,random_grouping,0.5052,0.4948,plan_c,plan_a,0,0.92339265625,0.6751514062500003
spb-pla-e-20268579,planning_failure,easy,8,oracle_grouping,0.5052,0.4948,plan_c,plan_a,0,0.92339265625,0.6751514062500003
spb-pla-e-20268579,planning_failure,easy,16,remove_provenance,0.9977683443411954,0.0022316556588045655,plan_a,plan_a,1,1.5985440625000003,0.0
spb-pla-e-20268579,planning_failure,easy,16,remove_belief_separation,0.5052,0.4948,plan_c,plan_a,0,0.92339265625,0.6751514062500003
spb-pla-e-20268579,planning_failure,easy,16,remove_sample_identity,0.5052,0.4948,plan_c,plan_a,0,0.92339265625,0.6751514062500003
spb-pla-e-20268579,planning_failure,easy,16,attention_only,0.5052,0.4948,plan_a,plan_a,1,1.5985440625000003,0.0
spb-pla-e-20268579,planning_failure,easy,16,simple_dedup,0.5052,0.4948,plan_c,plan_a,0,0.92339265625,0.6751514062500003
spb-pla-e-20268579,planning_failure,easy,16,random_grouping,0.5052,0.4948,plan_c,plan_a,0,0.92339265625,0.6751514062500003
spb-pla-e-20268579,planning_failure,easy,16,oracle_grouping,0.5052,0.4948,plan_c,plan_a,0,0.92339265625,0.6751514062500003
spb-pla-e-20268579,planning_failure,easy,32,remove_provenance,0.9999965948532009,3.4051467990847684e-06,plan_a,plan_a,1,1.5985440625000003,0.0
spb-pla-e-20268579,planning_failure,easy,32,remove_belief_separation,0.5052,0.4948,plan_c,plan_a,0,0.92339265625,0.6751514062500003
spb-pla-e-20268579,planning_failure,easy,32,remove_sample_identity,0.5052,0.4948,plan_c,plan_a,0,0.92339265625,0.6751514062500003
spb-pla-e-20268579,planning_failure,easy,32,attention_only,0.5052,0.4948,plan_a,plan_a,1,1.5985440625000003,0.0
spb-pla-e-20268579,planning_failure,easy,32,simple_dedup,0.5052,0.4948,plan_c,plan_a,0,0.92339265625,0.6751514062500003
spb-pla-e-20268579,planning_failure,easy,32,random_grouping,0.5052,0.4948,plan_c,plan_a,0,0.92339265625,0.6751514062500003
spb-pla-e-20268579,planning_failure,easy,32,oracle_grouping,0.5052,0.4948,plan_c,plan_a,0,0.92339265625,0.6751514062500003
spb-pla-e-20268579,planning_failure,easy,64,remove_provenance,0.9999999999921074,7.892575482060238e-12,plan_a,plan_a,1,1.5985440625000003,0.0
spb-pla-e-20268579,planning_failure,easy,64,remove_belief_separation,0.5052,0.4948,plan_c,plan_a,0,0.92339265625,0.6751514062500003
spb-pla-e-20268579,planning_failure,easy,64,remove_sample_identity,0.5052,0.4948,plan_c,plan_a,0,0.92339265625,0.6751514062500003
spb-pla-e-20268579,planning_failure,easy,64,attention_only,0.5052,0.4948,plan_a,plan_a,1,1.5985440625000003,0.0
spb-pla-e-20268579,planning_failure,easy,64,simple_dedup,0.5052,0.4948,plan_c,plan_a,0,0.92339265625,0.6751514062500003
spb-pla-e-20268579,planning_failure,easy,64,random_grouping,0.5052,0.4948,plan_c,plan_a,0,0.92339265625,0.6751514062500003
spb-pla-e-20268579,planning_failure,easy,64,oracle_grouping,0.5052,0.4948,plan_c,plan_a,0,0.92339265625,0.6751514062500003
spb-pla-m-20268800,planning_failure,medium,1,remove_provenance,0.1823,0.8177,verify_premise,plan_a,0,-0.174580625,1.8160712499999998
spb-pla-m-20268800,planning_failure,medium,1,remove_belief_separation,0.1823,0.8177,plan_c,plan_a,0,0.89688625,0.7446043749999999
spb-pla-m-20268800,planning_failure,medium,1,remove_sample_identity,0.1823,0.8177,verify_premise,plan_a,0,-0.174580625,1.8160712499999998
spb-pla-m-20268800,planning_failure,medium,1,attention_only,0.1823,0.8177,plan_a,plan_a,1,1.6414906249999999,0.0
spb-pla-m-20268800,planning_failure,medium,1,simple_dedup,0.1823,0.8177,verify_premise,plan_a,0,-0.174580625,1.8160712499999998
spb-pla-m-20268800,planning_failure,medium,1,random_grouping,0.1823,0.8177,verify_premise,plan_a,0,-0.174580625,1.8160712499999998
spb-pla-m-20268800,planning_failure,medium,1,oracle_grouping,0.1823,0.8177,verify_premise,plan_a,0,-0.174580625,1.8160712499999998
spb-pla-m-20268800,planning_failure,medium,2,remove_provenance,0.2506071575860331,0.7493928424139669,verify_premise,plan_a,0,-0.174580625,1.8160712499999998
spb-pla-m-20268800,planning_failure,medium,2,remove_belief_separation,0.1823,0.8177,plan_c,plan_a,0,0.89688625,0.7446043749999999
spb-pla-m-20268800,planning_failure,medium,2,remove_sample_identity,0.1823,0.8177,verify_premise,plan_a,0,-0.174580625,1.8160712499999998
spb-pla-m-20268800,planning_failure,medium,2,attention_only,0.1823,0.8177,plan_a,plan_a,1,1.6414906249999999,0.0
spb-pla-m-20268800,planning_failure,medium,2,simple_dedup,0.1823,0.8177,verify_premise,plan_a,0,-0.174580625,1.8160712499999998
spb-pla-m-20268800,planning_failure,medium,2,random_grouping,0.1823,0.8177,verify_premise,plan_a,0,-0.174580625,1.8160712499999998
spb-pla-m-20268800,planning_failure,medium,2,oracle_grouping,0.1823,0.8177,verify_premise,plan_a,0,-0.174580625,1.8160712499999998
spb-pla-m-20268800,planning_failure,medium,4,remove_provenance,0.42936399242827356,0.5706360075717265,plan_c,plan_a,0,0.89688625,0.7446043749999999
spb-pla-m-20268800,planning_failure,medium,4,remove_belief_separation,0.1823,0.8177,plan_c,plan_a,0,0.89688625,0.7446043749999999
spb-pla-m-20268800,planning_failure,medium,4,remove_sample_identity,0.1823,0.8177,verify_premise,plan_a,0,-0.174580625,1.8160712499999998
spb-pla-m-20268800,planning_failure,medium,4,attention_only,0.1823,0.8177,plan_a,plan_a,1,1.6414906249999999,0.0
spb-pla-m-20268800,planning_failure,medium,4,simple_dedup,0.1823,0.8177,verify_premise,plan_a,0,-0.174580625,1.8160712499999998
spb-pla-m-20268800,planning_failure,medium,4,random_grouping,0.1823,0.8177,verify_premise,plan_a,0,-0.174580625,1.8160712499999998
spb-pla-m-20268800,planning_failure,medium,4,oracle_grouping,0.1823,0.8177,verify_premise,plan_a,0,-0.174580625,1.8160712499999998
spb-pla-m-20268800,planning_failure,medium,8,remove_provenance,0.7920643393926006,0.20793566060739943,plan_a,plan_a,1,1.6414906249999999,0.0
spb-pla-m-20268800,planning_failure,medium,8,remove_belief_separation,0.1823,0.8177,plan_c,plan_a,0,0.89688625,0.7446043749999999
spb-pla-m-20268800,planning_failure,medium,8,remove_sample_identity,0.1823,0.8177,verify_premise,plan_a,0,-0.174580625,1.8160712499999998
spb-pla-m-20268800,planning_failure,medium,8,attention_only,0.1823,0.8177,plan_a,plan_a,1,1.6414906249999999,0.0
spb-pla-m-20268800,planning_failure,medium,8,simple_dedup,0.1823,0.8177,verify_premise,plan_a,0,-0.174580625,1.8160712499999998
spb-pla-m-20268800,planning_failure,medium,8,random_grouping,0.1823,0.8177,verify_premise,plan_a,0,-0.174580625,1.8160712499999998
spb-pla-m-20268800,planning_failure,medium,8,oracle_grouping,0.1823,0.8177,verify_premise,plan_a,0,-0.174580625,1.8160712499999998
spb-pla-m-20268800,planning_failure,medium,16,remove_provenance,0.9898605947992413,0.010139405200758733,plan_a,plan_a,1,1.6414906249999999,0.0
spb-pla-m-20268800,planning_failure,medium,16,remove_belief_separation,0.1823,0.8177,plan_c,plan_a,0,0.89688625,0.7446043749999999
spb-pla-m-20268800,planning_failure,medium,16,remove_sample_identity,0.1823,0.8177,verify_premise,plan_a,0,-0.174580625,1.8160712499999998
spb-pla-m-20268800,planning_failure,medium,16,attention_only,0.1823,0.8177,plan_a,plan_a,1,1.6414906249999999,0.0
spb-pla-m-20268800,planning_failure,medium,16,simple_dedup,0.1823,0.8177,verify_premise,plan_a,0,-0.174580625,1.8160712499999998
spb-pla-m-20268800,planning_failure,medium,16,random_grouping,0.1823,0.8177,verify_premise,plan_a,0,-0.174580625,1.8160712499999998
spb-pla-m-20268800,planning_failure,medium,16,oracle_grouping,0.1823,0.8177,verify_premise,plan_a,0,-0.174580625,1.8160712499999998
spb-pla-m-20268800,planning_failure,medium,32,remove_provenance,0.9999844054974507,1.5594502549287625e-05,plan_a,plan_a,1,1.6414906249999999,0.0
spb-pla-m-20268800,planning_failure,medium,32,remove_belief_separation,0.1823,0.8177,plan_c,plan_a,0,0.89688625,0.7446043749999999
spb-pla-m-20268800,planning_failure,medium,32,remove_sample_identity,0.1823,0.8177,verify_premise,plan_a,0,-0.174580625,1.8160712499999998
spb-pla-m-20268800,planning_failure,medium,32,attention_only,0.1823,0.8177,plan_a,plan_a,1,1.6414906249999999,0.0
spb-pla-m-20268800,planning_failure,medium,32,simple_dedup,0.1823,0.8177,verify_premise,plan_a,0,-0.174580625,1.8160712499999998
spb-pla-m-20268800,planning_failure,medium,32,random_grouping,0.1823,0.8177,verify_premise,plan_a,0,-0.174580625,1.8160712499999998
spb-pla-m-20268800,planning_failure,medium,32,oracle_grouping,0.1823,0.8177,verify_premise,plan_a,0,-0.174580625,1.8160712499999998
spb-pla-m-20268800,planning_failure,medium,64,remove_provenance,0.9999999999638542,3.6145753057326147e-11,plan_a,plan_a,1,1.6414906249999999,0.0
spb-pla-m-20268800,planning_failure,medium,64,remove_belief_separation,0.1823,0.8177,plan_c,plan_a,0,0.89688625,0.7446043749999999
spb-pla-m-20268800,planning_failure,medium,64,remove_sample_identity,0.1823,0.8177,verify_premise,plan_a,0,-0.174580625,1.8160712499999998
spb-pla-m-20268800,planning_failure,medium,64,attention_only,0.1823,0.8177,plan_a,plan_a,1,1.6414906249999999,0.0
spb-pla-m-20268800,planning_failure,medium,64,simple_dedup,0.1823,0.8177,verify_premise,plan_a,0,-0.174580625,1.8160712499999998
spb-pla-m-20268800,planning_failure,medium,64,random_grouping,0.1823,0.8177,verify_premise,plan_a,0,-0.174580625,1.8160712499999998
spb-pla-m-20268800,planning_failure,medium,64,oracle_grouping,0.1823,0.8177,verify_premise,plan_a,0,-0.174580625,1.8160712499999998
spb-pla-h-20268817,planning_failure,hard,1,remove_provenance,0.46419999999999995,0.5358,plan_c,plan_a,0,0.9446865625,0.6254521875000001
spb-pla-h-20268817,planning_failure,hard,1,remove_belief_separation,0.4642,0.5358,plan_c,plan_a,0,0.9446865625,0.6254521875000001
spb-pla-h-20268817,planning_failure,hard,1,remove_sample_identity,0.4642,0.5358,plan_c,plan_a,0,0.9446865625,0.6254521875000001
spb-pla-h-20268817,planning_failure,hard,1,attention_only,0.4642,0.5358,plan_a,plan_a,1,1.5701387500000001,0.0
spb-pla-h-20268817,planning_failure,hard,1,simple_dedup,0.4642,0.5358,plan_c,plan_a,0,0.9446865625,0.6254521875000001
spb-pla-h-20268817,planning_failure,hard,1,random_grouping,0.4642,0.5358,plan_c,plan_a,0,0.9446865625,0.6254521875000001
spb-pla-h-20268817,planning_failure,hard,1,oracle_grouping,0.4642,0.5358,plan_c,plan_a,0,0.9446865625,0.6254521875000001
spb-pla-h-20268817,planning_failure,hard,2,remove_provenance,0.5651327002678354,0.43486729973216465,plan_c,plan_a,0,0.9446865625,0.6254521875000001
spb-pla-h-20268817,planning_failure,hard,2,remove_belief_separation,0.4642,0.5358,plan_c,plan_a,0,0.9446865625,0.6254521875000001
spb-pla-h-20268817,planning_failure,hard,2,remove_sample_identity,0.4642,0.5358,plan_c,plan_a,0,0.9446865625,0.6254521875000001
spb-pla-h-20268817,planning_failure,hard,2,attention_only,0.4642,0.5358,plan_a,plan_a,1,1.5701387500000001,0.0
spb-pla-h-20268817,planning_failure,hard,2,simple_dedup,0.4642,0.5358,plan_c,plan_a,0,0.9446865625,0.6254521875000001
spb-pla-h-20268817,planning_failure,hard,2,random_grouping,0.4642,0.5358,plan_c,plan_a,0,0.9446865625,0.6254521875000001
spb-pla-h-20268817,planning_failure,hard,2,oracle_grouping,0.4642,0.5358,plan_c,plan_a,0,0.9446865625,0.6254521875000001
spb-pla-h-20268817,planning_failure,hard,4,remove_provenance,0.7451574929547319,0.2548425070452681,plan_a,plan_a,1,1.5701387500000001,0.0
spb-pla-h-20268817,planning_failure,hard,4,remove_belief_separation,0.4642,0.5358,plan_c,plan_a,0,0.9446865625,0.6254521875000001
spb-pla-h-20268817,planning_failure,hard,4,remove_sample_identity,0.4642,0.5358,plan_c,plan_a,0,0.9446865625,0.6254521875000001
spb-pla-h-20268817,planning_failure,hard,4,attention_only,0.4642,0.5358,plan_a,plan_a,1,1.5701387500000001,0.0
spb-pla-h-20268817,planning_failure,hard,4,simple_dedup,0.4642,0.5358,plan_c,plan_a,0,0.9446865625,0.6254521875000001
spb-pla-h-20268817,planning_failure,hard,4,random_grouping,0.4642,0.5358,plan_c,plan_a,0,0.9446865625,0.6254521875000001
spb-pla-h-20268817,planning_failure,hard,4,oracle_grouping,0.4642,0.5358,plan_c,plan_a,0,0.9446865625,0.6254521875000001
spb-pla-h-20268817,planning_failure,hard,8,remove_provenance,0.9367197157967639,0.06328028420323606,plan_a,plan_a,1,1.5701387500000001,0.0
spb-pla-h-20268817,planning_failure,hard,8,remove_belief_separation,0.4642,0.5358,plan_c,plan_a,0,0.9446865625,0.6254521875000001
spb-pla-h-20268817,planning_failure,hard,8,remove_sample_identity,0.4642,0.5358,plan_c,plan_a,0,0.9446865625,0.6254521875000001
spb-pla-h-20268817,planning_failure,hard,8,attention_only,0.4642,0.5358,plan_a,plan_a,1,1.5701387500000001,0.0
spb-pla-h-20268817,planning_failure,hard,8,simple_dedup,0.4642,0.5358,plan_c,plan_a,0,0.9446865625,0.6254521875000001
spb-pla-h-20268817,planning_failure,hard,8,random_grouping,0.4642,0.5358,plan_c,plan_a,0,0.9446865625,0.6254521875000001
spb-pla-h-20268817,planning_failure,hard,8,oracle_grouping,0.4642,0.5358,plan_c,plan_a,0,0.9446865625,0.6254521875000001
spb-pla-h-20268817,planning_failure,hard,16,remove_provenance,0.9973710311685992,0.0026289688314008464,plan_a,plan_a,1,1.5701387500000001,0.0
spb-pla-h-20268817,planning_failure,hard,16,remove_belief_separation,0.4642,0.5358,plan_c,plan_a,0,0.9446865625,0.6254521875000001
spb-pla-h-20268817,planning_failure,hard,16,remove_sample_identity,0.4642,0.5358,plan_c,plan_a,0,0.9446865625,0.6254521875000001
spb-pla-h-20268817,planning_failure,hard,16,attention_only,0.4642,0.5358,plan_a,plan_a,1,1.5701387500000001,0.0
spb-pla-h-20268817,planning_failure,hard,16,simple_dedup,0.4642,0.5358,plan_c,plan_a,0,0.9446865625,0.6254521875000001
spb-pla-h-20268817,planning_failure,hard,16,random_grouping,0.4642,0.5358,plan_b,plan_a,0,1.19194609375,0.3781926562500002
spb-pla-h-20268817,planning_failure,hard,16,oracle_grouping,0.4642,0.5358,plan_c,plan_a,0,0.9446865625,0.6254521875000001
spb-pla-h-20268817,planning_failure,hard,32,remove_provenance,0.999995987021808,4.012978191969552e-06,plan_a,plan_a,1,1.5701387500000001,0.0
spb-pla-h-20268817,planning_failure,hard,32,remove_belief_separation,0.4642,0.5358,plan_c,plan_a,0,0.9446865625,0.6254521875000001
spb-pla-h-20268817,planning_failure,hard,32,remove_sample_identity,0.4642,0.5358,plan_c,plan_a,0,0.9446865625,0.6254521875000001
spb-pla-h-20268817,planning_failure,hard,32,attention_only,0.4642,0.5358,plan_a,plan_a,1,1.5701387500000001,0.0
spb-pla-h-20268817,planning_failure,hard,32,simple_dedup,0.4642,0.5358,plan_c,plan_a,0,0.9446865625,0.6254521875000001
spb-pla-h-20268817,planning_failure,hard,32,random_grouping,0.4642,0.5358,plan_c,plan_a,0,0.9446865625,0.6254521875000001
spb-pla-h-20268817,planning_failure,hard,32,oracle_grouping,0.4642,0.5358,plan_c,plan_a,0,0.9446865625,0.6254521875000001
spb-pla-h-20268817,planning_failure,hard,64,remove_provenance,0.9999999999906986,9.301448500309561e-12,plan_a,plan_a,1,1.5701387500000001,0.0
spb-pla-h-20268817,planning_failure,hard,64,remove_belief_separation,0.4642,0.5358,plan_c,plan_a,0,0.9446865625,0.6254521875000001
spb-pla-h-20268817,planning_failure,hard,64,remove_sample_identity,0.4642,0.5358,plan_c,plan_a,0,0.9446865625,0.6254521875000001
spb-pla-h-20268817,planning_failure,hard,64,attention_only,0.4642,0.5358,plan_a,plan_a,1,1.5701387500000001,0.0
spb-pla-h-20268817,planning_failure,hard,64,simple_dedup,0.4642,0.5358,plan_c,plan_a,0,0.9446865625,0.6254521875000001
spb-pla-h-20268817,planning_failure,hard,64,random_grouping,0.4642,0.5358,plan_c,plan_a,0,0.9446865625,0.6254521875000001
spb-pla-h-20268817,planning_failure,hard,64,oracle_grouping,0.4642,0.5358,plan_c,plan_a,0,0.9446865625,0.6254521875000001
spb-pla-m-20268902,planning_failure,medium,1,remove_provenance,0.6998,0.6998,plan_a,verify_premise,0,-1.77651078125,1.62655890625
spb-pla-m-20268902,planning_failure,medium,1,remove_belief_separation,0.6998,0.6998,plan_c,verify_premise,0,-0.82213171875,0.67217984375
spb-pla-m-20268902,planning_failure,medium,1,remove_sample_identity,0.6998,0.6998,plan_a,verify_premise,0,-1.77651078125,1.62655890625
spb-pla-m-20268902,planning_failure,medium,1,attention_only,0.6998,0.6998,plan_a,verify_premise,0,-1.77651078125,1.62655890625
spb-pla-m-20268902,planning_failure,medium,1,simple_dedup,0.6998,0.6998,plan_a,verify_premise,0,-1.77651078125,1.62655890625
spb-pla-m-20268902,planning_failure,medium,1,random_grouping,0.6998,0.6998,plan_a,verify_premise,0,-1.77651078125,1.62655890625
spb-pla-m-20268902,planning_failure,medium,1,oracle_grouping,0.6998,0.6998,plan_a,verify_premise,0,-1.77651078125,1.62655890625
spb-pla-m-20268902,planning_failure,medium,2,remove_provenance,0.7776131565301134,0.7776131565301134,plan_a,verify_premise,0,-1.77651078125,1.62655890625
spb-pla-m-20268902,planning_failure,medium,2,remove_belief_separation,0.6998,0.6998,plan_c,verify_premise,0,-0.82213171875,0.67217984375
spb-pla-m-20268902,planning_failure,medium,2,remove_sample_identity,0.6998,0.6998,plan_a,verify_premise,0,-1.77651078125,1.62655890625
spb-pla-m-20268902,planning_failure,medium,2,attention_only,0.6998,0.6998,plan_a,verify_premise,0,-1.77651078125,1.62655890625
spb-pla-m-20268902,planning_failure,medium,2,simple_dedup,0.6998,0.6998,plan_a,verify_premise,0,-1.77651078125,1.62655890625
spb-pla-m-20268902,planning_failure,medium,2,random_grouping,0.6998,0.6998,plan_a,verify_premise,0,-1.77651078125,1.62655890625
spb-pla-m-20268902,planning_failure,medium,2,oracle_grouping,0.6998,0.6998,plan_a,verify_premise,0,-1.77651078125,1.62655890625
spb-pla-m-20268902,planning_failure,medium,4,remove_provenance,0.8872287074689382,0.8872287074689382,plan_a,verify_premise,0,-1.77651078125,1.62655890625
spb-pla-m-20268902,planning_failure,medium,4,remove_belief_separation,0.6998,0.6998,plan_c,verify_premise,0,-0.82213171875,0.67217984375
spb-pla-m-20268902,planning_failure,medium,4,remove_sample_identity,0.6998,0.6998,plan_a,verify_premise,0,-1.77651078125,1.62655890625
spb-pla-m-20268902,planning_failure,medium,4,attention_only,0.6998,0.6998,plan_a,verify_premise,0,-1.77651078125,1.62655890625
spb-pla-m-20268902,planning_failure,medium,4,simple_dedup,0.6998,0.6998,plan_a,verify_premise,0,-1.77651078125,1.62655890625
spb-pla-m-20268902,planning_failure,medium,4,random_grouping,0.6998,0.6998,plan_a,verify_premise,0,-1.77651078125,1.62655890625
spb-pla-m-20268902,planning_failure,medium,4,oracle_grouping,0.6998,0.6998,plan_a,verify_premise,0,-1.77651078125,1.62655890625
spb-pla-m-20268902,planning_failure,medium,8,remove_provenance,0.9755077512852732,0.9755077512852732,plan_a,verify_premise,0,-1.77651078125,1.62655890625
spb-pla-m-20268902,planning_failure,medium,8,remove_belief_separation,0.6998,0.6998,plan_c,verify_premise,0,-0.82213171875,0.67217984375
spb-pla-m-20268902,planning_failure,medium,8,remove_sample_identity,0.6998,0.6998,plan_a,verify_premise,0,-1.77651078125,1.62655890625
spb-pla-m-20268902,planning_failure,medium,8,attention_only,0.6998,0.6998,plan_a,verify_premise,0,-1.77651078125,1.62655890625
spb-pla-m-20268902,planning_failure,medium,8,simple_dedup,0.6998,0.6998,plan_a,verify_premise,0,-1.77651078125,1.62655890625
spb-pla-m-20268902,planning_failure,medium,8,random_grouping,0.6998,0.6998,plan_a,verify_premise,0,-1.77651078125,1.62655890625
spb-pla-m-20268902,planning_failure,medium,8,oracle_grouping,0.6998,0.6998,plan_a,verify_premise,0,-1.77651078125,1.62655890625
spb-pla-m-20268902,planning_failure,medium,16,remove_provenance,0.9990213157063862,0.9990213157063862,plan_a,verify_premise,0,-1.77651078125,1.62655890625
spb-pla-m-20268902,planning_failure,medium,16,remove_belief_separation,0.6998,0.6998,plan_c,verify_premise,0,-0.82213171875,0.67217984375
spb-pla-m-20268902,planning_failure,medium,16,remove_sample_identity,0.6998,0.6998,plan_a,verify_premise,0,-1.77651078125,1.62655890625
spb-pla-m-20268902,planning_failure,medium,16,attention_only,0.6998,0.6998,plan_a,verify_premise,0,-1.77651078125,1.62655890625
spb-pla-m-20268902,planning_failure,medium,16,simple_dedup,0.6998,0.6998,plan_a,verify_premise,0,-1.77651078125,1.62655890625
spb-pla-m-20268902,planning_failure,medium,16,random_grouping,0.6998,0.6998,plan_a,verify_premise,0,-1.77651078125,1.62655890625
spb-pla-m-20268902,planning_failure,medium,16,oracle_grouping,0.6998,0.6998,plan_a,verify_premise,0,-1.77651078125,1.62655890625
spb-pla-m-20268902,planning_failure,medium,32,remove_provenance,0.999998508555588,0.999998508555588,plan_a,verify_premise,0,-1.77651078125,1.62655890625
spb-pla-m-20268902,planning_failure,medium,32,remove_belief_separation,0.6998,0.6998,plan_c,verify_premise,0,-0.82213171875,0.67217984375
spb-pla-m-20268902,planning_failure,medium,32,remove_sample_identity,0.6998,0.6998,plan_a,verify_premise,0,-1.77651078125,1.62655890625
spb-pla-m-20268902,planning_failure,medium,32,attention_only,0.6998,0.6998,plan_a,verify_premise,0,-1.77651078125,1.62655890625
spb-pla-m-20268902,planning_failure,medium,32,simple_dedup,0.6998,0.6998,plan_a,verify_premise,0,-1.77651078125,1.62655890625
spb-pla-m-20268902,planning_failure,medium,32,random_grouping,0.6998,0.6998,plan_a,verify_premise,0,-1.77651078125,1.62655890625
spb-pla-m-20268902,planning_failure,medium,32,oracle_grouping,0.6998,0.6998,plan_a,verify_premise,0,-1.77651078125,1.62655890625
spb-pla-m-20268902,planning_failure,medium,64,remove_provenance,0.999999999996543,0.999999999996543,plan_a,verify_premise,0,-1.77651078125,1.62655890625
spb-pla-m-20268902,planning_failure,medium,64,remove_belief_separation,0.6998,0.6998,plan_c,verify_premise,0,-0.82213171875,0.67217984375
spb-pla-m-20268902,planning_failure,medium,64,remove_sample_identity,0.6998,0.6998,plan_a,verify_premise,0,-1.77651078125,1.62655890625
spb-pla-m-20268902,planning_failure,medium,64,attention_only,0.6998,0.6998,plan_a,verify_premise,0,-1.77651078125,1.62655890625
spb-pla-m-20268902,planning_failure,medium,64,simple_dedup,0.6998,0.6998,plan_a,verify_premise,0,-1.77651078125,1.62655890625
spb-pla-m-20268902,planning_failure,medium,64,random_grouping,0.6998,0.6998,plan_a,verify_premise,0,-1.77651078125,1.62655890625
spb-pla-m-20268902,planning_failure,medium,64,oracle_grouping,0.6998,0.6998,plan_a,verify_premise,0,-1.77651078125,1.62655890625
spb-pla-e-20269038,planning_failure,easy,1,remove_provenance,0.7591,0.2409,plan_a,plan_a,1,1.607439375,0.0
spb-pla-e-20269038,planning_failure,easy,1,remove_belief_separation,0.7591,0.2409,plan_c,plan_a,0,0.9042359375,0.7032034375
spb-pla-e-20269038,planning_failure,easy,1,remove_sample_identity,0.7591,0.2409,plan_a,plan_a,1,1.607439375,0.0
spb-pla-e-20269038,planning_failure,easy,1,attention_only,0.7591,0.2409,plan_a,plan_a,1,1.607439375,0.0
spb-pla-e-20269038,planning_failure,easy,1,simple_dedup,0.7591,0.2409,plan_a,plan_a,1,1.607439375,0.0
spb-pla-e-20269038,planning_failure,easy,1,random_grouping,0.7591,0.2409,plan_a,plan_a,1,1.607439375,0.0
spb-pla-e-20269038,planning_failure,easy,1,oracle_grouping,0.7591,0.2409,plan_a,plan_a,1,1.607439375,0.0
spb-pla-e-20269038,planning_failure,easy,2,remove_provenance,0.8253778406001957,0.1746221593998043,plan_a,plan_a,1,1.607439375,0.0
spb-pla-e-20269038,planning_failure,easy,2,remove_belief_separation,0.7591,0.2409,plan_c,plan_a,0,0.9042359375,0.7032034375
spb-pla-e-20269038,planning_failure,easy,2,remove_sample_identity,0.7591,0.2409,plan_a,plan_a,1,1.607439375,0.0
spb-pla-e-20269038,planning_failure,easy,2,attention_only,0.7591,0.2409,plan_a,plan_a,1,1.607439375,0.0
spb-pla-e-20269038,planning_failure,easy,2,simple_dedup,0.7591,0.2409,plan_a,plan_a,1,1.607439375,0.0
spb-pla-e-20269038,planning_failure,easy,2,random_grouping,0.7591,0.2409,plan_a,plan_a,1,1.607439375,0.0
spb-pla-e-20269038,planning_failure,easy,2,oracle_grouping,0.7591,0.2409,plan_a,plan_a,1,1.607439375,0.0
spb-pla-e-20269038,planning_failure,easy,4,remove_provenance,0.9140521520409938,0.08594784795900623,plan_a,plan_a,1,1.607439375,0.0
spb-pla-e-20269038,planning_failure,easy,4,remove_belief_separation,0.7591,0.2409,plan_c,plan_a,0,0.9042359375,0.7032034375
spb-pla-e-20269038,planning_failure,easy,4,remove_sample_identity,0.7591,0.2409,plan_a,plan_a,1,1.607439375,0.0
spb-pla-e-20269038,planning_failure,easy,4,attention_only,0.7591,0.2409,plan_a,plan_a,1,1.607439375,0.0
spb-pla-e-20269038,planning_failure,easy,4,simple_dedup,0.7591,0.2409,plan_a,plan_a,1,1.607439375,0.0
spb-pla-e-20269038,planning_failure,easy,4,random_grouping,0.7591,0.2409,plan_a,plan_a,1,1.607439375,0.0
spb-pla-e-20269038,planning_failure,easy,4,oracle_grouping,0.7591,0.2409,plan_a,plan_a,1,1.607439375,0.0
spb-pla-e-20269038,planning_failure,easy,8,remove_provenance,0.9817649681378371,0.01823503186216291,plan_a,plan_a,1,1.607439375,0.0
spb-pla-e-20269038,planning_failure,easy,8,remove_belief_separation,0.7591,0.2409,plan_c,plan_a,0,0.9042359375,0.7032034375
spb-pla-e-20269038,planning_failure,easy,8,remove_sample_identity,0.7591,0.2409,plan_a,plan_a,1,1.607439375,0.0
spb-pla-e-20269038,planning_failure,easy,8,attention_only,0.7591,0.2409,plan_a,plan_a,1,1.607439375,0.0
spb-pla-e-20269038,planning_failure,easy,8,simple_dedup,0.7591,0.2409,plan_a,plan_a,1,1.607439375,0.0
spb-pla-e-20269038,planning_failure,easy,8,random_grouping,0.7591,0.2409,plan_a,plan_a,1,1.607439375,0.0
spb-pla-e-20269038,planning_failure,easy,8,oracle_grouping,0.7591,0.2409,plan_a,plan_a,1,1.607439375,0.0
spb-pla-e-20269038,planning_failure,easy,16,remove_provenance,0.9992758070447669,0.0007241929552330717,plan_a,plan_a,1,1.607439375,0.0
spb-pla-e-20269038,planning_failure,easy,16,remove_belief_separation,0.7591,0.2409,plan_c,plan_a,0,0.9042359375,0.7032034375
spb-pla-e-20269038,planning_failure,easy,16,remove_sample_identity,0.7591,0.2409,plan_a,plan_a,1,1.607439375,0.0
spb-pla-e-20269038,planning_failure,easy,16,attention_only,0.7591,0.2409,plan_a,plan_a,1,1.607439375,0.0
spb-pla-e-20269038,planning_failure,easy,16,simple_dedup,0.7591,0.2409,plan_a,plan_a,1,1.607439375,0.0
spb-pla-e-20269038,planning_failure,easy,16,random_grouping,0.7591,0.2409,plan_a,plan_a,1,1.607439375,0.0
spb-pla-e-20269038,planning_failure,easy,16,oracle_grouping,0.7591,0.2409,plan_a,plan_a,1,1.607439375,0.0
spb-pla-e-20269038,planning_failure,easy,32,remove_provenance,0.9999988966627044,1.1033372956381626e-06,plan_a,plan_a,1,1.607439375,0.0
spb-pla-e-20269038,planning_failure,easy,32,remove_belief_separation,0.7591,0.2409,plan_c,plan_a,0,0.9042359375,0.7032034375
spb-pla-e-20269038,planning_failure,easy,32,remove_sample_identity,0.7591,0.2409,plan_a,plan_a,1,1.607439375,0.0
spb-pla-e-20269038,planning_failure,easy,32,attention_only,0.7591,0.2409,plan_a,plan_a,1,1.607439375,0.0
spb-pla-e-20269038,planning_failure,easy,32,simple_dedup,0.7591,0.2409,plan_a,plan_a,1,1.607439375,0.0
spb-pla-e-20269038,planning_failure,easy,32,random_grouping,0.7591,0.2409,plan_a,plan_a,1,1.607439375,0.0
spb-pla-e-20269038,planning_failure,easy,32,oracle_grouping,0.7591,0.2409,plan_a,plan_a,1,1.607439375,0.0
spb-pla-e-20269038,planning_failure,easy,64,remove_provenance,0.9999999999974427,2.5572877149215856e-12,plan_a,plan_a,1,1.607439375,0.0
spb-pla-e-20269038,planning_failure,easy,64,remove_belief_separation,0.7591,0.2409,plan_c,plan_a,0,0.9042359375,0.7032034375
spb-pla-e-20269038,planning_failure,easy,64,remove_sample_identity,0.7591,0.2409,plan_a,plan_a,1,1.607439375,0.0
spb-pla-e-20269038,planning_failure,easy,64,attention_only,0.7591,0.2409,plan_a,plan_a,1,1.607439375,0.0
spb-pla-e-20269038,planning_failure,easy,64,simple_dedup,0.7591,0.2409,plan_a,plan_a,1,1.607439375,0.0
spb-pla-e-20269038,planning_failure,easy,64,random_grouping,0.7591,0.2409,plan_a,plan_a,1,1.607439375,0.0
spb-pla-e-20269038,planning_failure,easy,64,oracle_grouping,0.7591,0.2409,plan_a,plan_a,1,1.607439375,0.0
spb-pla-m-20269055,planning_failure,medium,1,remove_provenance,0.476,0.524,plan_c,plan_a,0,0.8822943750000001,0.7032126562499998
spb-pla-m-20269055,planning_failure,medium,1,remove_belief_separation,0.476,0.524,plan_c,plan_a,0,0.8822943750000001,0.7032126562499998
spb-pla-m-20269055,planning_failure,medium,1,remove_sample_identity,0.476,0.524,plan_c,plan_a,0,0.8822943750000001,0.7032126562499998
spb-pla-m-20269055,planning_failure,medium,1,attention_only,0.476,0.524,plan_a,plan_a,1,1.58550703125,0.0
spb-pla-m-20269055,planning_failure,medium,1,simple_dedup,0.476,0.524,plan_c,plan_a,0,0.8822943750000001,0.7032126562499998
spb-pla-m-20269055,planning_failure,medium,1,random_grouping,0.476,0.524,plan_c,plan_a,0,0.8822943750000001,0.7032126562499998
spb-pla-m-20269055,planning_failure,medium,1,oracle_grouping,0.476,0.524,plan_c,plan_a,0,0.8822943750000001,0.7032126562499998
spb-pla-m-20269055,planning_failure,medium,2,remove_provenance,0.5767366720516963,0.4232633279483037,plan_b,plan_a,0,1.17608515625,0.4094218749999998
spb-pla-m-20269055,planning_failure,medium,2,remove_belief_separation,0.476,0.524,plan_c,plan_a,0,0.8822943750000001,0.7032126562499998
spb-pla-m-20269055,planning_failure,medium,2,remove_sample_identity,0.476,0.524,plan_c,plan_a,0,0.8822943750000001,0.7032126562499998
spb-pla-m-20269055,planning_failure,medium,2,attention_only,0.476,0.524,plan_a,plan_a,1,1.58550703125,0.0
spb-pla-m-20269055,planning_failure,medium,2,simple_dedup,0.476,0.524,plan_c,plan_a,0,0.8822943750000001,0.7032126562499998
spb-pla-m-20269055,planning_failure,medium,2,random_grouping,0.476,0.524,plan_c,plan_a,0,0.8822943750000001,0.7032126562499998
spb-pla-m-20269055,planning_failure,medium,2,oracle_grouping,0.476,0.524,plan_c,plan_a,0,0.8822943750000001,0.7032126562499998
spb-pla-m-20269055,planning_failure,medium,4,remove_provenance,0.7540483454588124,0.24595165454118761,plan_a,plan_a,1,1.58550703125,0.0
spb-pla-m-20269055,planning_failure,medium,4,remove_belief_separation,0.476,0.524,plan_c,plan_a,0,0.8822943750000001,0.7032126562499998
spb-pla-m-20269055,planning_failure,medium,4,remove_sample_identity,0.476,0.524,plan_c,plan_a,0,0.8822943750000001,0.7032126562499998
spb-pla-m-20269055,planning_failure,medium,4,attention_only,0.476,0.524,plan_a,plan_a,1,1.58550703125,0.0
spb-pla-m-20269055,planning_failure,medium,4,simple_dedup,0.476,0.524,plan_c,plan_a,0,0.8822943750000001,0.7032126562499998
spb-pla-m-20269055,planning_failure,medium,4,random_grouping,0.476,0.524,plan_c,plan_a,0,0.8822943750000001,0.7032126562499998
spb-pla-m-20269055,planning_failure,medium,4,oracle_grouping,0.476,0.524,plan_c,plan_a,0,0.8822943750000001,0.7032126562499998
spb-pla-m-20269055,planning_failure,medium,8,remove_provenance,0.9394702928658838,0.060529707134116206,plan_a,plan_a,1,1.58550703125,0.0
spb-pla-m-20269055,planning_failure,medium,8,remove_belief_separation,0.476,0.524,plan_c,plan_a,0,0.8822943750000001,0.7032126562499998
spb-pla-m-20269055,planning_failure,medium,8,remove_sample_identity,0.476,0.524,plan_c,plan_a,0,0.8822943750000001,0.7032126562499998
spb-pla-m-20269055,planning_failure,medium,8,attention_only,0.476,0.524,plan_a,plan_a,1,1.58550703125,0.0
spb-pla-m-20269055,planning_failure,medium,8,simple_dedup,0.476,0.524,plan_c,plan_a,0,0.8822943750000001,0.7032126562499998
spb-pla-m-20269055,planning_failure,medium,8,random_grouping,0.476,0.524,plan_c,plan_a,0,0.8822943750000001,0.7032126562499998
spb-pla-m-20269055,planning_failure,medium,8,oracle_grouping,0.476,0.524,plan_c,plan_a,0,0.8822943750000001,0.7032126562499998
spb-pla-m-20269055,planning_failure,medium,16,remove_provenance,0.9974923609348647,0.002507639065135292,plan_a,plan_a,1,1.58550703125,0.0
spb-pla-m-20269055,planning_failure,medium,16,remove_belief_separation,0.476,0.524,plan_c,plan_a,0,0.8822943750000001,0.7032126562499998
spb-pla-m-20269055,planning_failure,medium,16,remove_sample_identity,0.476,0.524,plan_c,plan_a,0,0.8822943750000001,0.7032126562499998
spb-pla-m-20269055,planning_failure,medium,16,attention_only,0.476,0.524,plan_a,plan_a,1,1.58550703125,0.0
spb-pla-m-20269055,planning_failure,medium,16,simple_dedup,0.476,0.524,plan_c,plan_a,0,0.8822943750000001,0.7032126562499998
spb-pla-m-20269055,planning_failure,medium,16,random_grouping,0.476,0.524,plan_c,plan_a,0,0.8822943750000001,0.7032126562499998
spb-pla-m-20269055,planning_failure,medium,16,oracle_grouping,0.476,0.524,plan_c,plan_a,0,0.8822943750000001,0.7032126562499998
spb-pla-m-20269055,planning_failure,medium,32,remove_provenance,0.9999961726899892,3.827310010806606e-06,plan_a,plan_a,1,1.58550703125,0.0
spb-pla-m-20269055,planning_failure,medium,32,remove_belief_separation,0.476,0.524,plan_c,plan_a,0,0.8822943750000001,0.7032126562499998
spb-pla-m-20269055,planning_failure,medium,32,remove_sample_identity,0.476,0.524,plan_c,plan_a,0,0.8822943750000001,0.7032126562499998
spb-pla-m-20269055,planning_failure,medium,32,attention_only,0.476,0.524,plan_a,plan_a,1,1.58550703125,0.0
spb-pla-m-20269055,planning_failure,medium,32,simple_dedup,0.476,0.524,plan_c,plan_a,0,0.8822943750000001,0.7032126562499998
spb-pla-m-20269055,planning_failure,medium,32,random_grouping,0.476,0.524,plan_c,plan_a,0,0.8822943750000001,0.7032126562499998
spb-pla-m-20269055,planning_failure,medium,32,oracle_grouping,0.476,0.524,plan_c,plan_a,0,0.8822943750000001,0.7032126562499998
spb-pla-m-20269055,planning_failure,medium,64,remove_provenance,0.9999999999911289,8.871126055964851e-12,plan_a,plan_a,1,1.58550703125,0.0
spb-pla-m-20269055,planning_failure,medium,64,remove_belief_separation,0.476,0.524,plan_c,plan_a,0,0.8822943750000001,0.7032126562499998
spb-pla-m-20269055,planning_failure,medium,64,remove_sample_identity,0.476,0.524,plan_c,plan_a,0,0.8822943750000001,0.7032126562499998
spb-pla-m-20269055,planning_failure,medium,64,attention_only,0.476,0.524,plan_a,plan_a,1,1.58550703125,0.0
spb-pla-m-20269055,planning_failure,medium,64,simple_dedup,0.476,0.524,plan_c,plan_a,0,0.8822943750000001,0.7032126562499998
spb-pla-m-20269055,planning_failure,medium,64,random_grouping,0.476,0.524,plan_c,plan_a,0,0.8822943750000001,0.7032126562499998
spb-pla-m-20269055,planning_failure,medium,64,oracle_grouping,0.476,0.524,plan_c,plan_a,0,0.8822943750000001,0.7032126562499998
spb-pla-e-20269089,planning_failure,easy,1,remove_provenance,0.3963,0.3963,plan_c,verify_premise,0,-0.7901735937500001,0.6454228125000001
spb-pla-e-20269089,planning_failure,easy,1,remove_belief_separation,0.3963,0.3963,plan_c,verify_premise,0,-0.7901735937500001,0.6454228125000001
spb-pla-e-20269089,planning_failure,easy,1,remove_sample_identity,0.3963,0.3963,plan_c,verify_premise,0,-0.7901735937500001,0.6454228125000001
spb-pla-e-20269089,planning_failure,easy,1,attention_only,0.3963,0.3963,plan_a,verify_premise,0,-1.8088221875,1.66407140625
spb-pla-e-20269089,planning_failure,easy,1,simple_dedup,0.3963,0.3963,plan_c,verify_premise,0,-0.7901735937500001,0.6454228125000001
spb-pla-e-20269089,planning_failure,easy,1,random_grouping,0.3963,0.3963,plan_c,verify_premise,0,-0.7901735937500001,0.6454228125000001
spb-pla-e-20269089,planning_failure,easy,1,oracle_grouping,0.3963,0.3963,plan_c,verify_premise,0,-0.7901735937500001,0.6454228125000001
spb-pla-e-20269089,planning_failure,easy,2,remove_provenance,0.4961398823185744,0.4961398823185744,plan_c,verify_premise,0,-0.7901735937500001,0.6454228125000001
spb-pla-e-20269089,planning_failure,easy,2,remove_belief_separation,0.3963,0.3963,plan_c,verify_premise,0,-0.7901735937500001,0.6454228125000001
spb-pla-e-20269089,planning_failure,easy,2,remove_sample_identity,0.3963,0.3963,plan_c,verify_premise,0,-0.7901735937500001,0.6454228125000001
spb-pla-e-20269089,planning_failure,easy,2,attention_only,0.3963,0.3963,plan_a,verify_premise,0,-1.8088221875,1.66407140625
spb-pla-e-20269089,planning_failure,easy,2,simple_dedup,0.3963,0.3963,plan_c,verify_premise,0,-0.7901735937500001,0.6454228125000001
spb-pla-e-20269089,planning_failure,easy,2,random_grouping,0.3963,0.3963,plan_c,verify_premise,0,-0.7901735937500001,0.6454228125000001
spb-pla-e-20269089,planning_failure,easy,2,oracle_grouping,0.3963,0.3963,plan_c,verify_premise,0,-0.7901735937500001,0.6454228125000001
spb-pla-e-20269089,planning_failure,easy,4,remove_provenance,0.6890088024881356,0.6890088024881356,plan_a,verify_premise,0,-1.8088221875,1.66407140625
spb-pla-e-20269089,planning_failure,easy,4,remove_belief_separation,0.3963,0.3963,plan_c,verify_premise,0,-0.7901735937500001,0.6454228125000001
spb-pla-e-20269089,planning_failure,easy,4,remove_sample_identity,0.3963,0.3963,plan_c,verify_premise,0,-0.7901735937500001,0.6454228125000001
spb-pla-e-20269089,planning_failure,easy,4,attention_only,0.3963,0.3963,plan_a,verify_premise,0,-1.8088221875,1.66407140625
spb-pla-e-20269089,planning_failure,easy,4,simple_dedup,0.3963,0.3963,plan_c,verify_premise,0,-0.7901735937500001,0.6454228125000001
spb-pla-e-20269089,planning_failure,easy,4,random_grouping,0.3963,0.3963,plan_c,verify_premise,0,-0.7901735937500001,0.6454228125000001
spb-pla-e-20269089,planning_failure,easy,4,oracle_grouping,0.3963,0.3963,plan_c,verify_premise,0,-0.7901735937500001,0.6454228125000001
spb-pla-e-20269089,planning_failure,easy,8,remove_provenance,0.9181407859919318,0.9181407859919318,plan_a,verify_premise,0,-1.8088221875,1.66407140625
spb-pla-e-20269089,planning_failure,easy,8,remove_belief_separation,0.3963,0.3963,plan_c,verify_premise,0,-0.7901735937500001,0.6454228125000001
spb-pla-e-20269089,planning_failure,easy,8,remove_sample_identity,0.3963,0.3963,plan_c,verify_premise,0,-0.7901735937500001,0.6454228125000001
spb-pla-e-20269089,planning_failure,easy,8,attention_only,0.3963,0.3963,plan_a,verify_premise,0,-1.8088221875,1.66407140625
spb-pla-e-20269089,planning_failure,easy,8,simple_dedup,0.3963,0.3963,plan_c,verify_premise,0,-0.7901735937500001,0.6454228125000001
spb-pla-e-20269089,planning_failure,easy,8,random_grouping,0.3963,0.3963,plan_c,verify_premise,0,-0.7901735937500001,0.6454228125000001
spb-pla-e-20269089,planning_failure,easy,8,oracle_grouping,0.3963,0.3963,plan_c,verify_premise,0,-0.7901735937500001,0.6454228125000001
spb-pla-e-20269089,planning_failure,easy,16,remove_provenance,0.9965332699882887,0.9965332699882887,plan_a,verify_premise,0,-1.8088221875,1.66407140625
spb-pla-e-20269089,planning_failure,easy,16,remove_belief_separation,0.3963,0.3963,plan_c,verify_premise,0,-0.7901735937500001,0.6454228125000001
spb-pla-e-20269089,planning_failure,easy,16,remove_sample_identity,0.3963,0.3963,plan_c,verify_premise,0,-0.7901735937500001,0.6454228125000001
spb-pla-e-20269089,planning_failure,easy,16,attention_only,0.3963,0.3963,plan_a,verify_premise,0,-1.8088221875,1.66407140625
spb-pla-e-20269089,planning_failure,easy,16,simple_dedup,0.3963,0.3963,plan_c,verify_premise,0,-0.7901735937500001,0.6454228125000001
spb-pla-e-20269089,planning_failure,easy,16,random_grouping,0.3963,0.3963,plan_c,verify_premise,0,-0.7901735937500001,0.6454228125000001
spb-pla-e-20269089,planning_failure,easy,16,oracle_grouping,0.3963,0.3963,plan_c,verify_premise,0,-0.7901735937500001,0.6454228125000001
spb-pla-e-20269089,planning_failure,easy,32,remove_provenance,0.9999947037829796,0.9999947037829796,plan_a,verify_premise,0,-1.8088221875,1.66407140625
spb-pla-e-20269089,planning_failure,easy,32,remove_belief_separation,0.3963,0.3963,plan_c,verify_premise,0,-0.7901735937500001,0.6454228125000001
spb-pla-e-20269089,planning_failure,easy,32,remove_sample_identity,0.3963,0.3963,plan_c,verify_premise,0,-0.7901735937500001,0.6454228125000001
spb-pla-e-20269089,planning_failure,easy,32,attention_only,0.3963,0.3963,plan_a,verify_premise,0,-1.8088221875,1.66407140625
spb-pla-e-20269089,planning_failure,easy,32,simple_dedup,0.3963,0.3963,plan_c,verify_premise,0,-0.7901735937500001,0.6454228125000001
spb-pla-e-20269089,planning_failure,easy,32,random_grouping,0.3963,0.3963,plan_c,verify_premise,0,-0.7901735937500001,0.6454228125000001
spb-pla-e-20269089,planning_failure,easy,32,oracle_grouping,0.3963,0.3963,plan_c,verify_premise,0,-0.7901735937500001,0.6454228125000001
spb-pla-e-20269089,planning_failure,easy,64,remove_provenance,0.9999999999877243,0.9999999999877243,plan_a,verify_premise,0,-1.8088221875,1.66407140625
spb-pla-e-20269089,planning_failure,easy,64,remove_belief_separation,0.3963,0.3963,plan_c,verify_premise,0,-0.7901735937500001,0.6454228125000001
spb-pla-e-20269089,planning_failure,easy,64,remove_sample_identity,0.3963,0.3963,plan_c,verify_premise,0,-0.7901735937500001,0.6454228125000001
spb-pla-e-20269089,planning_failure,easy,64,attention_only,0.3963,0.3963,plan_a,verify_premise,0,-1.8088221875,1.66407140625
spb-pla-e-20269089,planning_failure,easy,64,simple_dedup,0.3963,0.3963,plan_c,verify_premise,0,-0.7901735937500001,0.6454228125000001
spb-pla-e-20269089,planning_failure,easy,64,random_grouping,0.3963,0.3963,plan_c,verify_premise,0,-0.7901735937500001,0.6454228125000001
spb-pla-e-20269089,planning_failure,easy,64,oracle_grouping,0.3963,0.3963,plan_c,verify_premise,0,-0.7901735937500001,0.6454228125000001
spb-pla-e-20269191,planning_failure,easy,1,remove_provenance,0.8133,0.8133,plan_a,verify_premise,0,-1.7998795312499998,1.6392371874999998
spb-pla-e-20269191,planning_failure,easy,1,remove_belief_separation,0.8133,0.8133,plan_c,verify_premise,0,-0.7953418749999999,0.6346995312499999
spb-pla-e-20269191,planning_failure,easy,1,remove_sample_identity,0.8133,0.8133,plan_a,verify_premise,0,-1.7998795312499998,1.6392371874999998
spb-pla-e-20269191,planning_failure,easy,1,attention_only,0.8133,0.8133,plan_a,verify_premise,0,-1.7998795312499998,1.6392371874999998
spb-pla-e-20269191,planning_failure,easy,1,simple_dedup,0.8133,0.8133,plan_a,verify_premise,0,-1.7998795312499998,1.6392371874999998
spb-pla-e-20269191,planning_failure,easy,1,random_grouping,0.8133,0.8133,plan_a,verify_premise,0,-1.7998795312499998,1.6392371874999998
spb-pla-e-20269191,planning_failure,easy,1,oracle_grouping,0.8133,0.8133,plan_a,verify_premise,0,-1.7998795312499998,1.6392371874999998
spb-pla-e-20269191,planning_failure,easy,2,remove_provenance,0.8672733089254612,0.8672733089254612,plan_a,verify_premise,0,-1.7998795312499998,1.6392371874999998
spb-pla-e-20269191,planning_failure,easy,2,remove_belief_separation,0.8133,0.8133,plan_c,verify_premise,0,-0.7953418749999999,0.6346995312499999
spb-pla-e-20269191,planning_failure,easy,2,remove_sample_identity,0.8133,0.8133,plan_a,verify_premise,0,-1.7998795312499998,1.6392371874999998
spb-pla-e-20269191,planning_failure,easy,2,attention_only,0.8133,0.8133,plan_a,verify_premise,0,-1.7998795312499998,1.6392371874999998
spb-pla-e-20269191,planning_failure,easy,2,simple_dedup,0.8133,0.8133,plan_a,verify_premise,0,-1.7998795312499998,1.6392371874999998
spb-pla-e-20269191,planning_failure,easy,2,random_grouping,0.8133,0.8133,plan_a,verify_premise,0,-1.7998795312499998,1.6392371874999998
spb-pla-e-20269191,planning_failure,easy,2,oracle_grouping,0.8133,0.8133,plan_a,verify_premise,0,-1.7998795312499998,1.6392371874999998
spb-pla-e-20269191,planning_failure,easy,4,remove_provenance,0.9363143689212755,0.9363143689212755,plan_a,verify_premise,0,-1.7998795312499998,1.6392371874999998
spb-pla-e-20269191,planning_failure,easy,4,remove_belief_separation,0.8133,0.8133,plan_c,verify_premise,0,-0.7953418749999999,0.6346995312499999
spb-pla-e-20269191,planning_failure,easy,4,remove_sample_identity,0.8133,0.8133,plan_a,verify_premise,0,-1.7998795312499998,1.6392371874999998
spb-pla-e-20269191,planning_failure,easy,4,attention_only,0.8133,0.8133,plan_a,verify_premise,0,-1.7998795312499998,1.6392371874999998
spb-pla-e-20269191,planning_failure,easy,4,simple_dedup,0.8133,0.8133,plan_a,verify_premise,0,-1.7998795312499998,1.6392371874999998
spb-pla-e-20269191,planning_failure,easy,4,random_grouping,0.8133,0.8133,plan_a,verify_premise,0,-1.7998795312499998,1.6392371874999998
spb-pla-e-20269191,planning_failure,easy,4,oracle_grouping,0.8133,0.8133,plan_a,verify_premise,0,-1.7998795312499998,1.6392371874999998
spb-pla-e-20269191,planning_failure,easy,8,remove_provenance,0.9867425924562658,0.9867425924562658,plan_a,verify_premise,0,-1.7998795312499998,1.6392371874999998
spb-pla-e-20269191,planning_failure,easy,8,remove_belief_separation,0.8133,0.8133,plan_c,verify_premise,0,-0.7953418749999999,0.6346995312499999
spb-pla-e-20269191,planning_failure,easy,8,remove_sample_identity,0.8133,0.8133,plan_a,verify_premise,0,-1.7998795312499998,1.6392371874999998
spb-pla-e-20269191,planning_failure,easy,8,attention_only,0.8133,0.8133,plan_a,verify_premise,0,-1.7998795312499998,1.6392371874999998
spb-pla-e-20269191,planning_failure,easy,8,simple_dedup,0.8133,0.8133,plan_a,verify_premise,0,-1.7998795312499998,1.6392371874999998
spb-pla-e-20269191,planning_failure,easy,8,random_grouping,0.8133,0.8133,plan_a,verify_premise,0,-1.7998795312499998,1.6392371874999998
spb-pla-e-20269191,planning_failure,easy,8,oracle_grouping,0.8133,0.8133,plan_a,verify_premise,0,-1.7998795312499998,1.6392371874999998
spb-pla-e-20269191,planning_failure,easy,16,remove_provenance,0.9994760413098026,0.9994760413098026,plan_a,verify_premise,0,-1.7998795312499998,1.6392371874999998
spb-pla-e-20269191,planning_failure,easy,16,remove_belief_separation,0.8133,0.8133,plan_c,verify_premise,0,-0.7953418749999999,0.6346995312499999
spb-pla-e-20269191,planning_failure,easy,16,remove_sample_identity,0.8133,0.8133,plan_a,verify_premise,0,-1.7998795312499998,1.6392371874999998
spb-pla-e-20269191,planning_failure,easy,16,attention_only,0.8133,0.8133,plan_a,verify_premise,0,-1.7998795312499998,1.6392371874999998
spb-pla-e-20269191,planning_failure,easy,16,simple_dedup,0.8133,0.8133,plan_a,verify_premise,0,-1.7998795312499998,1.6392371874999998
spb-pla-e-20269191,planning_failure,easy,16,random_grouping,0.8133,0.8133,plan_a,verify_premise,0,-1.7998795312499998,1.6392371874999998
spb-pla-e-20269191,planning_failure,easy,16,oracle_grouping,0.8133,0.8133,plan_a,verify_premise,0,-1.7998795312499998,1.6392371874999998
spb-pla-e-20269191,planning_failure,easy,32,remove_provenance,0.9999992018873979,0.9999992018873979,plan_a,verify_premise,0,-1.7998795312499998,1.6392371874999998
spb-pla-e-20269191,planning_failure,easy,32,remove_belief_separation,0.8133,0.8133,plan_c,verify_premise,0,-0.7953418749999999,0.6346995312499999
spb-pla-e-20269191,planning_failure,easy,32,remove_sample_identity,0.8133,0.8133,plan_a,verify_premise,0,-1.7998795312499998,1.6392371874999998
spb-pla-e-20269191,planning_failure,easy,32,attention_only,0.8133,0.8133,plan_a,verify_premise,0,-1.7998795312499998,1.6392371874999998
spb-pla-e-20269191,planning_failure,easy,32,simple_dedup,0.8133,0.8133,plan_a,verify_premise,0,-1.7998795312499998,1.6392371874999998
spb-pla-e-20269191,planning_failure,easy,32,random_grouping,0.8133,0.8133,plan_a,verify_premise,0,-1.7998795312499998,1.6392371874999998
spb-pla-e-20269191,planning_failure,easy,32,oracle_grouping,0.8133,0.8133,plan_a,verify_premise,0,-1.7998795312499998,1.6392371874999998
spb-pla-e-20269191,planning_failure,easy,64,remove_provenance,0.9999999999981501,0.9999999999981501,plan_a,verify_premise,0,-1.7998795312499998,1.6392371874999998
spb-pla-e-20269191,planning_failure,easy,64,remove_belief_separation,0.8133,0.8133,plan_c,verify_premise,0,-0.7953418749999999,0.6346995312499999
spb-pla-e-20269191,planning_failure,easy,64,remove_sample_identity,0.8133,0.8133,plan_a,verify_premise,0,-1.7998795312499998,1.6392371874999998
spb-pla-e-20269191,planning_failure,easy,64,attention_only,0.8133,0.8133,plan_a,verify_premise,0,-1.7998795312499998,1.6392371874999998
spb-pla-e-20269191,planning_failure,easy,64,simple_dedup,0.8133,0.8133,plan_a,verify_premise,0,-1.7998795312499998,1.6392371874999998
spb-pla-e-20269191,planning_failure,easy,64,random_grouping,0.8133,0.8133,plan_a,verify_premise,0,-1.7998795312499998,1.6392371874999998
spb-pla-e-20269191,planning_failure,easy,64,oracle_grouping,0.8133,0.8133,plan_a,verify_premise,0,-1.7998795312499998,1.6392371874999998
spb-pla-m-20269310,planning_failure,medium,1,remove_provenance,0.6738,0.32620000000000005,plan_a,plan_a,1,1.62351875,0.0
spb-pla-m-20269310,planning_failure,medium,1,remove_belief_separation,0.6738,0.32620000000000005,plan_c,plan_a,0,0.9016584375000001,0.7218603124999998
spb-pla-m-20269310,planning_failure,medium,1,remove_sample_identity,0.6738,0.32620000000000005,plan_a,plan_a,1,1.62351875,0.0
spb-pla-m-20269310,planning_failure,medium,1,attention_only,0.6738,0.32620000000000005,plan_a,plan_a,1,1.62351875,0.0
spb-pla-m-20269310,planning_failure,medium,1,simple_dedup,0.6738,0.32620000000000005,plan_a,plan_a,1,1.62351875,0.0
spb-pla-m-20269310,planning_failure,medium,1,random_grouping,0.6738,0.32620000000000005,plan_a,plan_a,1,1.62351875,0.0
spb-pla-m-20269310,planning_failure,medium,1,oracle_grouping,0.6738,0.32620000000000005,plan_a,plan_a,1,1.62351875,0.0
spb-pla-m-20269310,planning_failure,medium,2,remove_provenance,0.7560026927967686,0.24399730720323143,plan_a,plan_a,1,1.62351875,0.0
spb-pla-m-20269310,planning_failure,medium,2,remove_belief_separation,0.6738,0.32620000000000005,plan_c,plan_a,0,0.9016584375000001,0.7218603124999998
spb-pla-m-20269310,planning_failure,medium,2,remove_sample_identity,0.6738,0.32620000000000005,plan_a,plan_a,1,1.62351875,0.0
spb-pla-m-20269310,planning_failure,medium,2,attention_only,0.6738,0.32620000000000005,plan_a,plan_a,1,1.62351875,0.0
spb-pla-m-20269310,planning_failure,medium,2,simple_dedup,0.6738,0.32620000000000005,plan_a,plan_a,1,1.62351875,0.0
spb-pla-m-20269310,planning_failure,medium,2,random_grouping,0.6738,0.32620000000000005,plan_a,plan_a,1,1.62351875,0.0
spb-pla-m-20269310,planning_failure,medium,2,oracle_grouping,0.6738,0.32620000000000005,plan_a,plan_a,1,1.62351875,0.0
spb-pla-m-20269310,planning_failure,medium,4,remove_provenance,0.8745517301054697,0.12544826989453028,plan_a,plan_a,1,1.62351875,0.0
spb-pla-m-20269310,planning_failure,medium,4,remove_belief_separation,0.6738,0.32620000000000005,plan_c,plan_a,0,0.9016584375000001,0.7218603124999998
spb-pla-m-20269310,planning_failure,medium,4,remove_sample_identity,0.6738,0.32620000000000005,plan_a,plan_a,1,1.62351875,0.0
spb-pla-m-20269310,planning_failure,medium,4,attention_only,0.6738,0.32620000000000005,plan_a,plan_a,1,1.62351875,0.0
spb-pla-m-20269310,planning_failure,medium,4,simple_dedup,0.6738,0.32620000000000005,plan_a,plan_a,1,1.62351875,0.0
spb-pla-m-20269310,planning_failure,medium,4,random_grouping,0.6738,0.32620000000000005,plan_a,plan_a,1,1.62351875,0.0
spb-pla-m-20269310,planning_failure,medium,4,oracle_grouping,0.6738,0.32620000000000005,plan_a,plan_a,1,1.62351875,0.0
spb-pla-m-20269310,planning_failure,medium,8,remove_provenance,0.9724463099122305,0.027553690087769533,plan_a,plan_a,1,1.62351875,0.0
spb-pla-m-20269310,planning_failure,medium,8,remove_belief_separation,0.6738,0.32620000000000005,plan_c,plan_a,0,0.9016584375000001,0.7218603124999998
spb-pla-m-20269310,planning_failure,medium,8,remove_sample_identity,0.6738,0.32620000000000005,plan_a,plan_a,1,1.62351875,0.0
spb-pla-m-20269310,planning_failure,medium,8,attention_only,0.6738,0.32620000000000005,plan_a,plan_a,1,1.62351875,0.0
spb-pla-m-20269310,planning_failure,medium,8,simple_dedup,0.6738,0.32620000000000005,plan_a,plan_a,1,1.62351875,0.0
spb-pla-m-20269310,planning_failure,medium,8,random_grouping,0.6738,0.32620000000000005,plan_a,plan_a,1,1.62351875,0.0
spb-pla-m-20269310,planning_failure,medium,8,oracle_grouping,0.6738,0.32620000000000005,plan_a,plan_a,1,1.62351875,0.0
spb-pla-m-20269310,planning_failure,medium,16,remove_provenance,0.998895656475651,0.0011043435243489608,plan_a,plan_a,1,1.62351875,0.0
spb-pla-m-20269310,planning_failure,medium,16,remove_belief_separation,0.6738,0.32620000000000005,plan_c,plan_a,0,0.9016584375000001,0.7218603124999998
spb-pla-m-20269310,planning_failure,medium,16,remove_sample_identity,0.6738,0.32620000000000005,plan_a,plan_a,1,1.62351875,0.0
spb-pla-m-20269310,planning_failure,medium,16,attention_only,0.6738,0.32620000000000005,plan_a,plan_a,1,1.62351875,0.0
spb-pla-m-20269310,planning_failure,medium,16,simple_dedup,0.6738,0.32620000000000005,plan_a,plan_a,1,1.62351875,0.0
spb-pla-m-20269310,planning_failure,medium,16,random_grouping,0.6738,0.32620000000000005,plan_a,plan_a,1,1.62351875,0.0
spb-pla-m-20269310,planning_failure,medium,16,oracle_grouping,0.6738,0.32620000000000005,plan_a,plan_a,1,1.62351875,0.0
spb-pla-m-20269310,planning_failure,medium,32,remove_provenance,0.9999983168485779,1.6831514221271604e-06,plan_a,plan_a,1,1.62351875,0.0
spb-pla-m-20269310,planning_failure,medium,32,remove_belief_separation,0.6738,0.32620000000000005,plan_c,plan_a,0,0.9016584375000001,0.7218603124999998
spb-pla-m-20269310,planning_failure,medium,32,remove_sample_identity,0.6738,0.32620000000000005,plan_a,plan_a,1,1.62351875,0.0
spb-pla-m-20269310,planning_failure,medium,32,attention_only,0.6738,0.32620000000000005,plan_a,plan_a,1,1.62351875,0.0
spb-pla-m-20269310,planning_failure,medium,32,simple_dedup,0.6738,0.32620000000000005,plan_a,plan_a,1,1.62351875,0.0
spb-pla-m-20269310,planning_failure,medium,32,random_grouping,0.6738,0.32620000000000005,plan_a,plan_a,1,1.62351875,0.0
spb-pla-m-20269310,planning_failure,medium,32,oracle_grouping,0.6738,0.32620000000000005,plan_a,plan_a,1,1.62351875,0.0
spb-pla-m-20269310,planning_failure,medium,64,remove_provenance,0.9999999999960987,3.9013237085328e-12,plan_a,plan_a,1,1.62351875,0.0
spb-pla-m-20269310,planning_failure,medium,64,remove_belief_separation,0.6738,0.32620000000000005,plan_c,plan_a,0,0.9016584375000001,0.7218603124999998
spb-pla-m-20269310,planning_failure,medium,64,remove_sample_identity,0.6738,0.32620000000000005,plan_a,plan_a,1,1.62351875,0.0
spb-pla-m-20269310,planning_failure,medium,64,attention_only,0.6738,0.32620000000000005,plan_a,plan_a,1,1.62351875,0.0
spb-pla-m-20269310,planning_failure,medium,64,simple_dedup,0.6738,0.32620000000000005,plan_a,plan_a,1,1.62351875,0.0
spb-pla-m-20269310,planning_failure,medium,64,random_grouping,0.6738,0.32620000000000005,plan_a,plan_a,1,1.62351875,0.0
spb-pla-m-20269310,planning_failure,medium,64,oracle_grouping,0.6738,0.32620000000000005,plan_a,plan_a,1,1.62351875,0.0
