family,difficulty,condition,budget,method,n,root_confidence_mean,root_confidence_std,wrong_premise_confidence_mean,wrong_premise_confidence_std,reward_mean,reward_std,regret_mean,regret_std,action_correct_mean,action_correct_std
hidden_state_dependency,easy,independent_rollout,1,bayesian_mixing,2,0.5011,0.4156373659814527,0.7939,0.0015556349186104687,-0.5008831250000001,2.116966112583617,1.8812401562499999,1.545223876111778,0.0,0.0
hidden_state_dependency,easy,independent_rollout,1,exact_dedup,2,0.5011,0.4156373659814527,0.7939,0.0015556349186104687,-0.5008831250000001,2.116966112583617,1.8812401562499999,1.545223876111778,0.0,0.0
hidden_state_dependency,easy,independent_rollout,1,flat_rollout,2,0.5011,0.4156373659814527,0.7939,0.0015556349186103902,-0.5008831250000001,2.116966112583617,1.8812401562499999,1.545223876111778,0.0,0.0
hidden_state_dependency,easy,independent_rollout,1,independent_trajectory,2,0.5011,0.4156373659814527,0.7939,0.0015556349186104687,0.98605609375,0.0141165030029129,0.3943009375,0.5576257334689261,0.5,0.7071067811865476
hidden_state_dependency,easy,independent_rollout,1,mean_pooling,2,0.5011,0.4156373659814527,0.7939,0.0015556349186104687,0.98605609375,0.0141165030029129,0.3943009375,0.5576257334689261,0.5,0.7071067811865476
hidden_state_dependency,easy,independent_rollout,1,no_imagination,2,0.5011,0.4156373659814527,0.7939,0.0015556349186104687,0.1110284375,0.0018137288937434928,1.26932859375,0.5735559653655824,0.0,0.0
hidden_state_dependency,easy,independent_rollout,1,oracle_provenance,2,0.5011,0.4156373659814527,0.7939,0.0015556349186104687,-0.5008831250000001,2.116966112583617,1.8812401562499999,1.545223876111778,0.0,0.0
hidden_state_dependency,easy,independent_rollout,1,provenance_preserving,2,0.5011,0.4156373659814527,0.7939,0.0015556349186104687,-0.5008831250000001,2.116966112583617,1.8812401562499999,1.545223876111778,0.0,0.0
hidden_state_dependency,easy,independent_rollout,1,risk_classifier,2,0.5011,0.4156373659814527,0.7939,0.0015556349186104687,-0.10658218750000004,2.674591846052543,1.48693921875,2.102849609580704,0.5,0.7071067811865476
hidden_state_dependency,easy,independent_rollout,1,semantic_dedup,2,0.5011,0.4156373659814527,0.7939,0.0015556349186104687,-0.5008831250000001,2.116966112583617,1.8812401562499999,1.545223876111778,0.0,0.0
hidden_state_dependency,easy,independent_rollout,1,source_grouping,2,0.5011,0.4156373659814527,0.7939,0.0015556349186104687,-0.5008831250000001,2.116966112583617,1.8812401562499999,1.545223876111778,0.0,0.0
hidden_state_dependency,easy,independent_rollout,2,bayesian_mixing,2,0.5011,0.4156373659814527,0.7939,0.0015556349186104687,-0.5008831250000001,2.116966112583617,1.8812401562499999,1.545223876111778,0.0,0.0
hidden_state_dependency,easy,independent_rollout,2,exact_dedup,2,0.5011,0.4156373659814527,0.7939,0.0015556349186104687,-0.5008831250000001,2.116966112583617,1.8812401562499999,1.545223876111778,0.0,0.0
hidden_state_dependency,easy,independent_rollout,2,flat_rollout,2,0.5011,0.4156373659814527,0.7939,0.0015556349186103902,-0.5008831250000001,2.116966112583617,1.8812401562499999,1.545223876111778,0.0,0.0
hidden_state_dependency,easy,independent_rollout,2,independent_trajectory,2,0.5011,0.4156373659814527,0.7939,0.0015556349186104687,0.98605609375,0.0141165030029129,0.3943009375,0.5576257334689261,0.5,0.7071067811865476
hidden_state_dependency,easy,independent_rollout,2,mean_pooling,2,0.5011,0.4156373659814527,0.7939,0.0015556349186104687,0.98605609375,0.0141165030029129,0.3943009375,0.5576257334689261,0.5,0.7071067811865476
hidden_state_dependency,easy,independent_rollout,2,no_imagination,2,0.5011,0.4156373659814527,0.7939,0.0015556349186104687,0.1110284375,0.0018137288937434928,1.26932859375,0.5735559653655824,0.0,0.0
hidden_state_dependency,easy,independent_rollout,2,oracle_provenance,2,0.5011,0.4156373659814527,0.7939,0.0015556349186104687,-0.5008831250000001,2.116966112583617,1.8812401562499999,1.545223876111778,0.0,0.0
hidden_state_dependency,easy,independent_rollout,2,provenance_preserving,2,0.5011,0.4156373659814527,0.7939,0.0015556349186104687,-0.5008831250000001,2.116966112583617,1.8812401562499999,1.545223876111778,0.0,0.0
hidden_state_dependency,easy,independent_rollout,2,risk_classifier,2,0.5011,0.4156373659814527,0.7939,0.0015556349186104687,-0.10658218750000004,2.674591846052543,1.48693921875,2.102849609580704,0.5,0.7071067811865476
hidden_state_dependency,easy,independent_rollout,2,semantic_dedup,2,0.5011,0.4156373659814527,0.7939,0.0015556349186104687,-0.5008831250000001,2.116966112583617,1.8812401562499999,1.545223876111778,0.0,0.0
hidden_state_dependency,easy,independent_rollout,2,source_grouping,2,0.5011,0.4156373659814527,0.7939,0.0015556349186104687,-0.5008831250000001,2.116966112583617,1.8812401562499999,1.545223876111778,0.0,0.0
hidden_state_dependency,easy,independent_rollout,4,bayesian_mixing,2,0.5011,0.4156373659814527,0.7939,0.0015556349186104687,-0.5008831250000001,2.116966112583617,1.8812401562499999,1.545223876111778,0.0,0.0
hidden_state_dependency,easy,independent_rollout,4,exact_dedup,2,0.5011,0.4156373659814527,0.7939,0.0015556349186104687,-0.5008831250000001,2.116966112583617,1.8812401562499999,1.545223876111778,0.0,0.0
hidden_state_dependency,easy,independent_rollout,4,flat_rollout,2,0.5011,0.4156373659814527,0.7939,0.0015556349186103902,-0.5008831250000001,2.116966112583617,1.8812401562499999,1.545223876111778,0.0,0.0
hidden_state_dependency,easy,independent_rollout,4,independent_trajectory,2,0.5011,0.4156373659814527,0.7939,0.0015556349186104687,0.98605609375,0.0141165030029129,0.3943009375,0.5576257334689261,0.5,0.7071067811865476
hidden_state_dependency,easy,independent_rollout,4,mean_pooling,2,0.5011,0.4156373659814527,0.7939,0.0015556349186104687,0.98605609375,0.0141165030029129,0.3943009375,0.5576257334689261,0.5,0.7071067811865476
hidden_state_dependency,easy,independent_rollout,4,no_imagination,2,0.5011,0.4156373659814527,0.7939,0.0015556349186104687,0.1110284375,0.0018137288937434928,1.26932859375,0.5735559653655824,0.0,0.0
hidden_state_dependency,easy,independent_rollout,4,oracle_provenance,2,0.5011,0.4156373659814527,0.7939,0.0015556349186104687,-0.5008831250000001,2.116966112583617,1.8812401562499999,1.545223876111778,0.0,0.0
hidden_state_dependency,easy,independent_rollout,4,provenance_preserving,2,0.5011,0.4156373659814527,0.7939,0.0015556349186104687,-0.5008831250000001,2.116966112583617,1.8812401562499999,1.545223876111778,0.0,0.0
hidden_state_dependency,easy,independent_rollout,4,risk_classifier,2,0.5011,0.4156373659814527,0.7939,0.0015556349186104687,-0.5008831250000001,2.116966112583617,1.8812401562499999,1.545223876111778,0.0,0.0
hidden_state_dependency,easy,independent_rollout,4,semantic_dedup,2,0.5011,0.4156373659814527,0.7939,0.0015556349186104687,-0.5008831250000001,2.116966112583617,1.8812401562499999,1.545223876111778,0.0,0.0
hidden_state_dependency,easy,independent_rollout,4,source_grouping,2,0.5011,0.4156373659814527,0.7939,0.0015556349186104687,-0.5008831250000001,2.116966112583617,1.8812401562499999,1.545223876111778,0.0,0.0
hidden_state_dependency,easy,independent_rollout,8,bayesian_mixing,2,0.5011,0.4156373659814527,0.7939,0.0015556349186104687,-0.5008831250000001,2.116966112583617,1.8812401562499999,1.545223876111778,0.0,0.0
hidden_state_dependency,easy,independent_rollout,8,exact_dedup,2,0.5011,0.4156373659814527,0.7939,0.0015556349186104687,-0.5008831250000001,2.116966112583617,1.8812401562499999,1.545223876111778,0.0,0.0
hidden_state_dependency,easy,independent_rollout,8,flat_rollout,2,0.5011,0.4156373659814527,0.7939,0.0015556349186103902,-0.5008831250000001,2.116966112583617,1.8812401562499999,1.545223876111778,0.0,0.0
hidden_state_dependency,easy,independent_rollout,8,independent_trajectory,2,0.5011,0.4156373659814527,0.7939,0.0015556349186104687,0.98605609375,0.0141165030029129,0.3943009375,0.5576257334689261,0.5,0.7071067811865476
hidden_state_dependency,easy,independent_rollout,8,mean_pooling,2,0.5011,0.4156373659814527,0.7939,0.0015556349186104687,0.98605609375,0.0141165030029129,0.3943009375,0.5576257334689261,0.5,0.7071067811865476
hidden_state_dependency,easy,independent_rollout,8,no_imagination,2,0.5011,0.4156373659814527,0.7939,0.0015556349186104687,0.1110284375,0.0018137288937434928,1.26932859375,0.5735559653655824,0.0,0.0
hidden_state_dependency,easy,independent_rollout,8,oracle_provenance,2,0.5011,0.4156373659814527,0.7939,0.0015556349186104687,-0.5008831250000001,2.116966112583617,1.8812401562499999,1.545223876111778,0.0,0.0
hidden_state_dependency,easy,independent_rollout,8,provenance_preserving,2,0.5011,0.4156373659814527,0.7939,0.0015556349186104687,-0.5008831250000001,2.116966112583617,1.8812401562499999,1.545223876111778,0.0,0.0
hidden_state_dependency,easy,independent_rollout,8,risk_classifier,2,0.5011,0.4156373659814527,0.7939,0.0015556349186104687,-0.10658218750000004,2.674591846052543,1.48693921875,2.102849609580704,0.5,0.7071067811865476
hidden_state_dependency,easy,independent_rollout,8,semantic_dedup,2,0.5011,0.4156373659814527,0.7939,0.0015556349186104687,-0.5008831250000001,2.116966112583617,1.8812401562499999,1.545223876111778,0.0,0.0
hidden_state_dependency,easy,independent_rollout,8,source_grouping,2,0.5011,0.4156373659814527,0.7939,0.0015556349186104687,-0.5008831250000001,2.116966112583617,1.8812401562499999,1.545223876111778,0.0,0.0
hidden_state_dependency,easy,independent_rollout,16,bayesian_mixing,2,0.5011,0.4156373659814527,0.7939,0.0015556349186104687,-0.5008831250000001,2.116966112583617,1.8812401562499999,1.545223876111778,0.0,0.0
hidden_state_dependency,easy,independent_rollout,16,exact_dedup,2,0.5011,0.4156373659814527,0.7939,0.0015556349186104687,-0.5008831250000001,2.116966112583617,1.8812401562499999,1.545223876111778,0.0,0.0
hidden_state_dependency,easy,independent_rollout,16,flat_rollout,2,0.5011,0.4156373659814527,0.7939,0.0015556349186103902,-0.5008831250000001,2.116966112583617,1.8812401562499999,1.545223876111778,0.0,0.0
hidden_state_dependency,easy,independent_rollout,16,independent_trajectory,2,0.5011,0.4156373659814527,0.7939,0.0015556349186104687,0.98605609375,0.0141165030029129,0.3943009375,0.5576257334689261,0.5,0.7071067811865476
hidden_state_dependency,easy,independent_rollout,16,mean_pooling,2,0.5011,0.4156373659814527,0.7939,0.0015556349186104687,0.98605609375,0.0141165030029129,0.3943009375,0.5576257334689261,0.5,0.7071067811865476
hidden_state_dependency,easy,independent_rollout,16,no_imagination,2,0.5011,0.4156373659814527,0.7939,0.0015556349186104687,0.1110284375,0.0018137288937434928,1.26932859375,0.5735559653655824,0.0,0.0
hidden_state_dependency,easy,independent_rollout,16,oracle_provenance,2,0.5011,0.4156373659814527,0.7939,0.0015556349186104687,-0.5008831250000001,2.116966112583617,1.8812401562499999,1.545223876111778,0.0,0.0
hidden_state_dependency,easy,independent_rollout,16,provenance_preserving,2,0.5011,0.4156373659814527,0.7939,0.0015556349186104687,-0.5008831250000001,2.116966112583617,1.8812401562499999,1.545223876111778,0.0,0.0
hidden_state_dependency,easy,independent_rollout,16,risk_classifier,2,0.5011,0.4156373659814527,0.7939,0.0015556349186104687,-0.10658218750000004,2.674591846052543,1.48693921875,2.102849609580704,0.5,0.7071067811865476
hidden_state_dependency,easy,independent_rollout,16,semantic_dedup,2,0.5011,0.4156373659814527,0.7939,0.0015556349186104687,-0.5008831250000001,2.116966112583617,1.8812401562499999,1.545223876111778,0.0,0.0
hidden_state_dependency,easy,independent_rollout,16,source_grouping,2,0.5011,0.4156373659814527,0.7939,0.0015556349186104687,-0.5008831250000001,2.116966112583617,1.8812401562499999,1.545223876111778,0.0,0.0
hidden_state_dependency,easy,independent_rollout,32,bayesian_mixing,2,0.5011,0.4156373659814527,0.7939,0.0015556349186104687,-0.5008831250000001,2.116966112583617,1.8812401562499999,1.545223876111778,0.0,0.0
hidden_state_dependency,easy,independent_rollout,32,exact_dedup,2,0.5011,0.4156373659814527,0.7939,0.0015556349186104687,-0.5008831250000001,2.116966112583617,1.8812401562499999,1.545223876111778,0.0,0.0
hidden_state_dependency,easy,independent_rollout,32,flat_rollout,2,0.5011,0.4156373659814527,0.7939,0.0015556349186103902,-0.5008831250000001,2.116966112583617,1.8812401562499999,1.545223876111778,0.0,0.0
hidden_state_dependency,easy,independent_rollout,32,independent_trajectory,2,0.5011,0.4156373659814527,0.7939,0.0015556349186104687,0.98605609375,0.0141165030029129,0.3943009375,0.5576257334689261,0.5,0.7071067811865476
hidden_state_dependency,easy,independent_rollout,32,mean_pooling,2,0.5011,0.4156373659814527,0.7939,0.0015556349186104687,0.98605609375,0.0141165030029129,0.3943009375,0.5576257334689261,0.5,0.7071067811865476
hidden_state_dependency,easy,independent_rollout,32,no_imagination,2,0.5011,0.4156373659814527,0.7939,0.0015556349186104687,0.1110284375,0.0018137288937434928,1.26932859375,0.5735559653655824,0.0,0.0
hidden_state_dependency,easy,independent_rollout,32,oracle_provenance,2,0.5011,0.4156373659814527,0.7939,0.0015556349186104687,-0.5008831250000001,2.116966112583617,1.8812401562499999,1.545223876111778,0.0,0.0
hidden_state_dependency,easy,independent_rollout,32,provenance_preserving,2,0.5011,0.4156373659814527,0.7939,0.0015556349186104687,-0.5008831250000001,2.116966112583617,1.8812401562499999,1.545223876111778,0.0,0.0
hidden_state_dependency,easy,independent_rollout,32,risk_classifier,2,0.5011,0.4156373659814527,0.7939,0.0015556349186104687,-0.10658218750000004,2.674591846052543,1.48693921875,2.102849609580704,0.5,0.7071067811865476
hidden_state_dependency,easy,independent_rollout,32,semantic_dedup,2,0.5011,0.4156373659814527,0.7939,0.0015556349186104687,-0.5008831250000001,2.116966112583617,1.8812401562499999,1.545223876111778,0.0,0.0
hidden_state_dependency,easy,independent_rollout,32,source_grouping,2,0.5011,0.4156373659814527,0.7939,0.0015556349186104687,-0.5008831250000001,2.116966112583617,1.8812401562499999,1.545223876111778,0.0,0.0
hidden_state_dependency,easy,independent_rollout,64,bayesian_mixing,2,0.5011,0.4156373659814527,0.7939,0.0015556349186104687,-0.5008831250000001,2.116966112583617,1.8812401562499999,1.545223876111778,0.0,0.0
hidden_state_dependency,easy,independent_rollout,64,exact_dedup,2,0.5011,0.4156373659814527,0.7939,0.0015556349186104687,-0.5008831250000001,2.116966112583617,1.8812401562499999,1.545223876111778,0.0,0.0
hidden_state_dependency,easy,independent_rollout,64,flat_rollout,2,0.5011,0.4156373659814527,0.7939,0.0015556349186103902,-0.5008831250000001,2.116966112583617,1.8812401562499999,1.545223876111778,0.0,0.0
hidden_state_dependency,easy,independent_rollout,64,independent_trajectory,2,0.5011,0.4156373659814527,0.7939,0.0015556349186104687,0.98605609375,0.0141165030029129,0.3943009375,0.5576257334689261,0.5,0.7071067811865476
hidden_state_dependency,easy,independent_rollout,64,mean_pooling,2,0.5011,0.4156373659814527,0.7939,0.0015556349186104687,0.98605609375,0.0141165030029129,0.3943009375,0.5576257334689261,0.5,0.7071067811865476
hidden_state_dependency,easy,independent_rollout,64,no_imagination,2,0.5011,0.4156373659814527,0.7939,0.0015556349186104687,0.1110284375,0.0018137288937434928,1.26932859375,0.5735559653655824,0.0,0.0
hidden_state_dependency,easy,independent_rollout,64,oracle_provenance,2,0.5011,0.4156373659814527,0.7939,0.0015556349186104687,-0.5008831250000001,2.116966112583617,1.8812401562499999,1.545223876111778,0.0,0.0
hidden_state_dependency,easy,independent_rollout,64,provenance_preserving,2,0.5011,0.4156373659814527,0.7939,0.0015556349186104687,-0.5008831250000001,2.116966112583617,1.8812401562499999,1.545223876111778,0.0,0.0
hidden_state_dependency,easy,independent_rollout,64,risk_classifier,2,0.5011,0.4156373659814527,0.7939,0.0015556349186104687,-0.10658218750000004,2.674591846052543,1.48693921875,2.102849609580704,0.5,0.7071067811865476
hidden_state_dependency,easy,independent_rollout,64,semantic_dedup,2,0.5011,0.4156373659814527,0.7939,0.0015556349186104687,-0.5008831250000001,2.116966112583617,1.8812401562499999,1.545223876111778,0.0,0.0
hidden_state_dependency,easy,independent_rollout,64,source_grouping,2,0.5011,0.4156373659814527,0.7939,0.0015556349186104687,-0.5008831250000001,2.116966112583617,1.8812401562499999,1.545223876111778,0.0,0.0
hidden_state_dependency,easy,pure_duplication,1,bayesian_mixing,2,0.5011,0.4156373659814527,0.7939,0.0015556349186104687,-0.5008831250000001,2.116966112583617,1.8812401562499999,1.545223876111778,0.0,0.0
hidden_state_dependency,easy,pure_duplication,1,exact_dedup,2,0.5011,0.4156373659814527,0.7939,0.0015556349186104687,-0.5008831250000001,2.116966112583617,1.8812401562499999,1.545223876111778,0.0,0.0
hidden_state_dependency,easy,pure_duplication,1,flat_rollout,2,0.5011,0.4156373659814527,0.7939,0.0015556349186103902,-0.5008831250000001,2.116966112583617,1.8812401562499999,1.545223876111778,0.0,0.0
hidden_state_dependency,easy,pure_duplication,1,independent_trajectory,2,0.5011,0.4156373659814527,0.7939,0.0015556349186104687,0.98605609375,0.0141165030029129,0.3943009375,0.5576257334689261,0.5,0.7071067811865476
hidden_state_dependency,easy,pure_duplication,1,mean_pooling,2,0.5011,0.4156373659814527,0.7939,0.0015556349186104687,0.98605609375,0.0141165030029129,0.3943009375,0.5576257334689261,0.5,0.7071067811865476
hidden_state_dependency,easy,pure_duplication,1,no_imagination,2,0.5011,0.4156373659814527,0.7939,0.0015556349186104687,0.1110284375,0.0018137288937434928,1.26932859375,0.5735559653655824,0.0,0.0
hidden_state_dependency,easy,pure_duplication,1,oracle_provenance,2,0.5011,0.4156373659814527,0.7939,0.0015556349186104687,-0.5008831250000001,2.116966112583617,1.8812401562499999,1.545223876111778,0.0,0.0
hidden_state_dependency,easy,pure_duplication,1,provenance_preserving,2,0.5011,0.4156373659814527,0.7939,0.0015556349186104687,-0.5008831250000001,2.116966112583617,1.8812401562499999,1.545223876111778,0.0,0.0
hidden_state_dependency,easy,pure_duplication,1,risk_classifier,2,0.5011,0.4156373659814527,0.7939,0.0015556349186104687,-0.10658218750000004,2.674591846052543,1.48693921875,2.102849609580704,0.5,0.7071067811865476
hidden_state_dependency,easy,pure_duplication,1,semantic_dedup,2,0.5011,0.4156373659814527,0.7939,0.0015556349186104687,-0.5008831250000001,2.116966112583617,1.8812401562499999,1.545223876111778,0.0,0.0
hidden_state_dependency,easy,pure_duplication,1,source_grouping,2,0.5011,0.4156373659814527,0.7939,0.0015556349186104687,-0.5008831250000001,2.116966112583617,1.8812401562499999,1.545223876111778,0.0,0.0
hidden_state_dependency,easy,pure_duplication,2,bayesian_mixing,2,0.5011,0.4156373659814527,0.7939,0.0015556349186104687,-0.5008831250000001,2.116966112583617,1.8812401562499999,1.545223876111778,0.0,0.0
hidden_state_dependency,easy,pure_duplication,2,exact_dedup,2,0.5011,0.4156373659814527,0.7939,0.0015556349186104687,-0.5008831250000001,2.116966112583617,1.8812401562499999,1.545223876111778,0.0,0.0
hidden_state_dependency,easy,pure_duplication,2,flat_rollout,2,0.5674666289735788,0.4042428383492885,0.7858428522428793,0.09541222170202868,-0.5008831250000001,2.116966112583617,1.8812401562499999,1.545223876111778,0.0,0.0
hidden_state_dependency,easy,pure_duplication,2,independent_trajectory,2,0.5011,0.4156373659814527,0.7939,0.0015556349186104687,0.98605609375,0.0141165030029129,0.3943009375,0.5576257334689261,0.5,0.7071067811865476
hidden_state_dependency,easy,pure_duplication,2,mean_pooling,2,0.5011,0.4156373659814527,0.7939,0.0015556349186104687,0.98605609375,0.0141165030029129,0.3943009375,0.5576257334689261,0.5,0.7071067811865476
hidden_state_dependency,easy,pure_duplication,2,no_imagination,2,0.5011,0.4156373659814527,0.7939,0.0015556349186104687,0.1110284375,0.0018137288937434928,1.26932859375,0.5735559653655824,0.0,0.0
hidden_state_dependency,easy,pure_duplication,2,oracle_provenance,2,0.5011,0.4156373659814527,0.7939,0.0015556349186104687,-0.5008831250000001,2.116966112583617,1.8812401562499999,1.545223876111778,0.0,0.0
hidden_state_dependency,easy,pure_duplication,2,provenance_preserving,2,0.5011,0.4156373659814527,0.7939,0.0015556349186104687,-0.5008831250000001,2.116966112583617,1.8812401562499999,1.545223876111778,0.0,0.0
hidden_state_dependency,easy,pure_duplication,2,risk_classifier,2,0.5011,0.4156373659814527,0.7939,0.0015556349186104687,-0.10658218750000004,2.674591846052543,1.48693921875,2.102849609580704,0.5,0.7071067811865476
hidden_state_dependency,easy,pure_duplication,2,semantic_dedup,2,0.5011,0.4156373659814527,0.7939,0.0015556349186104687,-0.5008831250000001,2.116966112583617,1.8812401562499999,1.545223876111778,0.0,0.0
hidden_state_dependency,easy,pure_duplication,2,source_grouping,2,0.5011,0.4156373659814527,0.7939,0.0015556349186104687,-0.5008831250000001,2.116966112583617,1.8812401562499999,1.545223876111778,0.0,0.0
hidden_state_dependency,easy,pure_duplication,4,bayesian_mixing,2,0.5011,0.4156373659814527,0.7939,0.0015556349186104687,-0.5008831250000001,2.116966112583617,1.8812401562499999,1.545223876111778,0.0,0.0
hidden_state_dependency,easy,pure_duplication,4,exact_dedup,2,0.5011,0.4156373659814527,0.7939,0.0015556349186104687,-0.5008831250000001,2.116966112583617,1.8812401562499999,1.545223876111778,0.0,0.0
hidden_state_dependency,easy,pure_duplication,4,flat_rollout,2,0.6988440062624565,0.3255175774987022,0.7301756864447498,0.28120789045296657,-0.5008831250000001,2.116966112583617,1.8812401562499999,1.545223876111778,0.0,0.0
hidden_state_dependency,easy,pure_duplication,4,independent_trajectory,2,0.5011,0.4156373659814527,0.7939,0.0015556349186104687,0.98605609375,0.0141165030029129,0.3943009375,0.5576257334689261,0.5,0.7071067811865476
hidden_state_dependency,easy,pure_duplication,4,mean_pooling,2,0.5011,0.4156373659814527,0.7939,0.0015556349186104687,0.98605609375,0.0141165030029129,0.3943009375,0.5576257334689261,0.5,0.7071067811865476
hidden_state_dependency,easy,pure_duplication,4,no_imagination,2,0.5011,0.4156373659814527,0.7939,0.0015556349186104687,0.1110284375,0.0018137288937434928,1.26932859375,0.5735559653655824,0.0,0.0
hidden_state_dependency,easy,pure_duplication,4,oracle_provenance,2,0.5011,0.4156373659814527,0.7939,0.0015556349186104687,-0.5008831250000001,2.116966112583617,1.8812401562499999,1.545223876111778,0.0,0.0
hidden_state_dependency,easy,pure_duplication,4,provenance_preserving,2,0.5011,0.4156373659814527,0.7939,0.0015556349186104687,-0.5008831250000001,2.116966112583617,1.8812401562499999,1.545223876111778,0.0,0.0
hidden_state_dependency,easy,pure_duplication,4,risk_classifier,2,0.5011,0.4156373659814527,0.7939,0.0015556349186104687,-0.10658218750000004,2.674591846052543,1.48693921875,2.102849609580704,0.5,0.7071067811865476
hidden_state_dependency,easy,pure_duplication,4,semantic_dedup,2,0.5011,0.4156373659814527,0.7939,0.0015556349186104687,-0.5008831250000001,2.116966112583617,1.8812401562499999,1.545223876111778,0.0,0.0
hidden_state_dependency,easy,pure_duplication,4,source_grouping,2,0.5011,0.4156373659814527,0.7939,0.0015556349186104687,-0.5008831250000001,2.116966112583617,1.8812401562499999,1.545223876111778,0.0,0.0
hidden_state_dependency,easy,pure_duplication,8,bayesian_mixing,2,0.5011,0.4156373659814527,0.7939,0.0015556349186104687,-0.5008831250000001,2.116966112583617,1.8812401562499999,1.545223876111778,0.0,0.0
hidden_state_dependency,easy,pure_duplication,8,exact_dedup,2,0.5011,0.4156373659814527,0.7939,0.0015556349186104687,-0.5008831250000001,2.116966112583617,1.8812401562499999,1.545223876111778,0.0,0.0
hidden_state_dependency,easy,pure_duplication,8,flat_rollout,2,0.901082343770254,0.11886465057304794,0.5840500004635716,0.5672160901882811,-0.10658218750000004,2.674591846052543,1.48693921875,2.102849609580704,0.5,0.7071067811865476
hidden_state_dependency,easy,pure_duplication,8,independent_trajectory,2,0.5011,0.4156373659814527,0.7939,0.0015556349186104687,0.98605609375,0.0141165030029129,0.3943009375,0.5576257334689261,0.5,0.7071067811865476
hidden_state_dependency,easy,pure_duplication,8,mean_pooling,2,0.5011,0.4156373659814527,0.7939,0.0015556349186104687,0.98605609375,0.0141165030029129,0.3943009375,0.5576257334689261,0.5,0.7071067811865476
hidden_state_dependency,easy,pure_duplication,8,no_imagination,2,0.5011,0.4156373659814527,0.7939,0.0015556349186104687,0.1110284375,0.0018137288937434928,1.26932859375,0.5735559653655824,0.0,0.0
hidden_state_dependency,easy,pure_duplication,8,oracle_provenance,2,0.5011,0.4156373659814527,0.7939,0.0015556349186104687,-0.5008831250000001,2.116966112583617,1.8812401562499999,1.545223876111778,0.0,0.0
hidden_state_dependency,easy,pure_duplication,8,provenance_preserving,2,0.5011,0.4156373659814527,0.7939,0.0015556349186104687,-0.5008831250000001,2.116966112583617,1.8812401562499999,1.545223876111778,0.0,0.0
hidden_state_dependency,easy,pure_duplication,8,risk_classifier,2,0.5011,0.4156373659814527,0.7939,0.0015556349186104687,-0.10658218750000004,2.674591846052543,1.48693921875,2.102849609580704,0.5,0.7071067811865476
hidden_state_dependency,easy,pure_duplication,8,semantic_dedup,2,0.5011,0.4156373659814527,0.7939,0.0015556349186104687,-0.5008831250000001,2.116966112583617,1.8812401562499999,1.545223876111778,0.0,0.0
hidden_state_dependency,easy,pure_duplication,8,source_grouping,2,0.5011,0.4156373659814527,0.7939,0.0015556349186104687,-0.5008831250000001,2.116966112583617,1.8812401562499999,1.545223876111778,0.0,0.0
hidden_state_dependency,easy,pure_duplication,16,bayesian_mixing,2,0.5011,0.4156373659814527,0.7939,0.0015556349186104687,-0.5008831250000001,2.116966112583617,1.8812401562499999,1.545223876111778,0.0,0.0
hidden_state_dependency,easy,pure_duplication,16,exact_dedup,2,0.5011,0.4156373659814527,0.7939,0.0015556349186104687,-0.5008831250000001,2.116966112583617,1.8812401562499999,1.545223876111778,0.0,0.0
hidden_state_dependency,easy,pure_duplication,16,flat_rollout,2,0.9953746545395498,0.0057089314878360125,0.5040368241683783,0.700565554905718,-0.10658218750000004,2.674591846052543,1.48693921875,2.102849609580704,0.5,0.7071067811865476
hidden_state_dependency,easy,pure_duplication,16,independent_trajectory,2,0.5011,0.4156373659814527,0.7939,0.0015556349186104687,0.98605609375,0.0141165030029129,0.3943009375,0.5576257334689261,0.5,0.7071067811865476
hidden_state_dependency,easy,pure_duplication,16,mean_pooling,2,0.5011,0.4156373659814527,0.7939,0.0015556349186104687,0.98605609375,0.0141165030029129,0.3943009375,0.5576257334689261,0.5,0.7071067811865476
hidden_state_dependency,easy,pure_duplication,16,no_imagination,2,0.5011,0.4156373659814527,0.7939,0.0015556349186104687,0.1110284375,0.0018137288937434928,1.26932859375,0.5735559653655824,0.0,0.0
hidden_state_dependency,easy,pure_duplication,16,oracle_provenance,2,0.5011,0.4156373659814527,0.7939,0.0015556349186104687,-0.5008831250000001,2.116966112583617,1.8812401562499999,1.545223876111778,0.0,0.0
hidden_state_dependency,easy,pure_duplication,16,provenance_preserving,2,0.5011,0.4156373659814527,0.7939,0.0015556349186104687,-0.5008831250000001,2.116966112583617,1.8812401562499999,1.545223876111778,0.0,0.0
hidden_state_dependency,easy,pure_duplication,16,risk_classifier,2,0.5011,0.4156373659814527,0.7939,0.0015556349186104687,-0.10658218750000004,2.674591846052543,1.48693921875,2.102849609580704,0.5,0.7071067811865476
hidden_state_dependency,easy,pure_duplication,16,semantic_dedup,2,0.5011,0.4156373659814527,0.7939,0.0015556349186104687,-0.5008831250000001,2.116966112583617,1.8812401562499999,1.545223876111778,0.0,0.0
hidden_state_dependency,easy,pure_duplication,16,source_grouping,2,0.5011,0.4156373659814527,0.7939,0.0015556349186104687,-0.5008831250000001,2.116966112583617,1.8812401562499999,1.545223876111778,0.0,0.0
hidden_state_dependency,easy,pure_duplication,32,bayesian_mixing,2,0.5011,0.4156373659814527,0.7939,0.0015556349186104687,-0.5008831250000001,2.116966112583617,1.8812401562499999,1.545223876111778,0.0,0.0
hidden_state_dependency,easy,pure_duplication,32,exact_dedup,2,0.5011,0.4156373659814527,0.7939,0.0015556349186104687,-0.5008831250000001,2.116966112583617,1.8812401562499999,1.545223876111778,0.0,0.0
hidden_state_dependency,easy,pure_duplication,32,flat_rollout,2,0.9999929004037018,8.772482424270033e-06,0.50000620308181,0.7070967408411754,-0.10658218750000004,2.674591846052543,1.48693921875,2.102849609580704,0.5,0.7071067811865476
hidden_state_dependency,easy,pure_duplication,32,independent_trajectory,2,0.5011,0.4156373659814527,0.7939,0.0015556349186104687,0.98605609375,0.0141165030029129,0.3943009375,0.5576257334689261,0.5,0.7071067811865476
hidden_state_dependency,easy,pure_duplication,32,mean_pooling,2,0.5011,0.4156373659814527,0.7939,0.0015556349186104687,0.98605609375,0.0141165030029129,0.3943009375,0.5576257334689261,0.5,0.7071067811865476
hidden_state_dependency,easy,pure_duplication,32,no_imagination,2,0.5011,0.4156373659814527,0.7939,0.0015556349186104687,0.1110284375,0.0018137288937434928,1.26932859375,0.5735559653655824,0.0,0.0
hidden_state_dependency,easy,pure_duplication,32,oracle_provenance,2,0.5011,0.4156373659814527,0.7939,0.0015556349186104687,-0.5008831250000001,2.116966112583617,1.8812401562499999,1.545223876111778,0.0,0.0
hidden_state_dependency,easy,pure_duplication,32,provenance_preserving,2,0.5011,0.4156373659814527,0.7939,0.0015556349186104687,-0.5008831250000001,2.116966112583617,1.8812401562499999,1.545223876111778,0.0,0.0
hidden_state_dependency,easy,pure_duplication,32,risk_classifier,2,0.5011,0.4156373659814527,0.7939,0.0015556349186104687,-0.10658218750000004,2.674591846052543,1.48693921875,2.102849609580704,0.5,0.7071067811865476
hidden_state_dependency,easy,pure_duplication,32,semantic_dedup,2,0.5011,0.4156373659814527,0.7939,0.0015556349186104687,-0.5008831250000001,2.116966112583617,1.8812401562499999,1.545223876111778,0.0,0.0
hidden_state_dependency,easy,pure_duplication,32,source_grouping,2,0.5011,0.4156373659814527,0.7939,0.0015556349186104687,-0.5008831250000001,2.116966112583617,1.8812401562499999,1.545223876111778,0.0,0.0
hidden_state_dependency,easy,pure_duplication,64,bayesian_mixing,2,0.5011,0.4156373659814527,0.7939,0.0015556349186104687,-0.5008831250000001,2.116966112583617,1.8812401562499999,1.545223876111778,0.0,0.0
hidden_state_dependency,easy,pure_duplication,64,exact_dedup,2,0.5011,0.4156373659814527,0.7939,0.0015556349186104687,-0.5008831250000001,2.116966112583617,1.8812401562499999,1.545223876111778,0.0,0.0
hidden_state_dependency,easy,pure_duplication,64,flat_rollout,2,0.9999999999835443,2.033332537693836e-11,0.5000000000143778,0.7071067811632756,-0.10658218750000004,2.674591846052543,1.48693921875,2.102849609580704,0.5,0.7071067811865476
hidden_state_dependency,easy,pure_duplication,64,independent_trajectory,2,0.5011,0.4156373659814527,0.7939,0.0015556349186104687,0.98605609375,0.0141165030029129,0.3943009375,0.5576257334689261,0.5,0.7071067811865476
hidden_state_dependency,easy,pure_duplication,64,mean_pooling,2,0.5011,0.4156373659814527,0.7939,0.0015556349186104687,0.98605609375,0.0141165030029129,0.3943009375,0.5576257334689261,0.5,0.7071067811865476
hidden_state_dependency,easy,pure_duplication,64,no_imagination,2,0.5011,0.4156373659814527,0.7939,0.0015556349186104687,0.1110284375,0.0018137288937434928,1.26932859375,0.5735559653655824,0.0,0.0
hidden_state_dependency,easy,pure_duplication,64,oracle_provenance,2,0.5011,0.4156373659814527,0.7939,0.0015556349186104687,-0.5008831250000001,2.116966112583617,1.8812401562499999,1.545223876111778,0.0,0.0
hidden_state_dependency,easy,pure_duplication,64,provenance_preserving,2,0.5011,0.4156373659814527,0.7939,0.0015556349186104687,-0.5008831250000001,2.116966112583617,1.8812401562499999,1.545223876111778,0.0,0.0
hidden_state_dependency,easy,pure_duplication,64,risk_classifier,2,0.5011,0.4156373659814527,0.7939,0.0015556349186104687,-0.10658218750000004,2.674591846052543,1.48693921875,2.102849609580704,0.5,0.7071067811865476
hidden_state_dependency,easy,pure_duplication,64,semantic_dedup,2,0.5011,0.4156373659814527,0.7939,0.0015556349186104687,-0.5008831250000001,2.116966112583617,1.8812401562499999,1.545223876111778,0.0,0.0
hidden_state_dependency,easy,pure_duplication,64,source_grouping,2,0.5011,0.4156373659814527,0.7939,0.0015556349186104687,-0.5008831250000001,2.116966112583617,1.8812401562499999,1.545223876111778,0.0,0.0
hidden_state_dependency,hard,independent_rollout,1,bayesian_mixing,2,0.7741,0.02913279938488577,0.7741,0.02913279938488577,-0.47475851562499993,2.0718828624675503,1.490291875,2.1075909815194294,0.5,0.7071067811865476
hidden_state_dependency,hard,independent_rollout,1,exact_dedup,2,0.7741,0.02913279938488577,0.7741,0.02913279938488577,-0.47475851562499993,2.0718828624675503,1.490291875,2.1075909815194294,0.5,0.7071067811865476
hidden_state_dependency,hard,independent_rollout,1,flat_rollout,2,0.7741,0.02913279938488577,0.7741,0.02913279938488577,-0.47475851562499993,2.0718828624675503,1.490291875,2.1075909815194294,0.5,0.7071067811865476
hidden_state_dependency,hard,independent_rollout,1,independent_trajectory,2,0.7741,0.02913279938488577,0.7741,0.02913279938488577,1.015533359375,0.03570811905187879,0.0,0.0,1.0,0.0
hidden_state_dependency,hard,independent_rollout,1,mean_pooling,2,0.7741,0.02913279938488577,0.7741,0.02913279938488577,1.015533359375,0.03570811905187879,0.0,0.0,1.0,0.0
hidden_state_dependency,hard,independent_rollout,1,no_imagination,2,0.7741,0.02913279938488577,0.7741,0.02913279938488577,0.08922523437499999,0.02305576902776019,0.926308125,0.01265235002411859,0.0,0.0
hidden_state_dependency,hard,independent_rollout,1,oracle_provenance,2,0.7741,0.02913279938488577,0.7741,0.02913279938488577,-0.47475851562499993,2.0718828624675503,1.490291875,2.1075909815194294,0.5,0.7071067811865476
hidden_state_dependency,hard,independent_rollout,1,provenance_preserving,2,0.7741,0.02913279938488577,0.7741,0.02913279938488577,-0.47475851562499993,2.0718828624675503,1.490291875,2.1075909815194294,0.5,0.7071067811865476
hidden_state_dependency,hard,independent_rollout,1,risk_classifier,2,0.7741,0.02913279938488577,0.7741,0.02913279938488577,-0.47475851562499993,2.0718828624675503,1.490291875,2.1075909815194294,0.5,0.7071067811865476
hidden_state_dependency,hard,independent_rollout,1,semantic_dedup,2,0.7741,0.02913279938488577,0.7741,0.02913279938488577,-0.47475851562499993,2.0718828624675503,1.490291875,2.1075909815194294,0.5,0.7071067811865476
hidden_state_dependency,hard,independent_rollout,1,source_grouping,2,0.7741,0.02913279938488577,0.7741,0.02913279938488577,-0.47475851562499993,2.0718828624675503,1.490291875,2.1075909815194294,0.5,0.7071067811865476
hidden_state_dependency,hard,independent_rollout,2,bayesian_mixing,2,0.7741,0.02913279938488577,0.7741,0.02913279938488577,-0.47475851562499993,2.0718828624675503,1.490291875,2.1075909815194294,0.5,0.7071067811865476
hidden_state_dependency,hard,independent_rollout,2,exact_dedup,2,0.7741,0.02913279938488577,0.7741,0.02913279938488577,-0.47475851562499993,2.0718828624675503,1.490291875,2.1075909815194294,0.5,0.7071067811865476
hidden_state_dependency,hard,independent_rollout,2,flat_rollout,2,0.7741,0.02913279938488577,0.7741,0.02913279938488577,-0.47475851562499993,2.0718828624675503,1.490291875,2.1075909815194294,0.5,0.7071067811865476
hidden_state_dependency,hard,independent_rollout,2,independent_trajectory,2,0.7741,0.02913279938488577,0.7741,0.02913279938488577,1.015533359375,0.03570811905187879,0.0,0.0,1.0,0.0
hidden_state_dependency,hard,independent_rollout,2,mean_pooling,2,0.7741,0.02913279938488577,0.7741,0.02913279938488577,1.015533359375,0.03570811905187879,0.0,0.0,1.0,0.0
hidden_state_dependency,hard,independent_rollout,2,no_imagination,2,0.7741,0.02913279938488577,0.7741,0.02913279938488577,0.08922523437499999,0.02305576902776019,0.926308125,0.01265235002411859,0.0,0.0
hidden_state_dependency,hard,independent_rollout,2,oracle_provenance,2,0.7741,0.02913279938488577,0.7741,0.02913279938488577,-0.47475851562499993,2.0718828624675503,1.490291875,2.1075909815194294,0.5,0.7071067811865476
hidden_state_dependency,hard,independent_rollout,2,provenance_preserving,2,0.7741,0.02913279938488577,0.7741,0.02913279938488577,-0.47475851562499993,2.0718828624675503,1.490291875,2.1075909815194294,0.5,0.7071067811865476
hidden_state_dependency,hard,independent_rollout,2,risk_classifier,2,0.7741,0.02913279938488577,0.7741,0.02913279938488577,-0.47475851562499993,2.0718828624675503,1.490291875,2.1075909815194294,0.5,0.7071067811865476
hidden_state_dependency,hard,independent_rollout,2,semantic_dedup,2,0.7741,0.02913279938488577,0.7741,0.02913279938488577,-0.47475851562499993,2.0718828624675503,1.490291875,2.1075909815194294,0.5,0.7071067811865476
hidden_state_dependency,hard,independent_rollout,2,source_grouping,2,0.7741,0.02913279938488577,0.7741,0.02913279938488577,-0.47475851562499993,2.0718828624675503,1.490291875,2.1075909815194294,0.5,0.7071067811865476
hidden_state_dependency,hard,independent_rollout,4,bayesian_mixing,2,0.7741,0.02913279938488577,0.7741,0.02913279938488577,-0.47475851562499993,2.0718828624675503,1.490291875,2.1075909815194294,0.5,0.7071067811865476
hidden_state_dependency,hard,independent_rollout,4,exact_dedup,2,0.7741,0.02913279938488577,0.7741,0.02913279938488577,-0.47475851562499993,2.0718828624675503,1.490291875,2.1075909815194294,0.5,0.7071067811865476
hidden_state_dependency,hard,independent_rollout,4,flat_rollout,2,0.7741,0.02913279938488577,0.7741,0.02913279938488577,-0.47475851562499993,2.0718828624675503,1.490291875,2.1075909815194294,0.5,0.7071067811865476
hidden_state_dependency,hard,independent_rollout,4,independent_trajectory,2,0.7741,0.02913279938488577,0.7741,0.02913279938488577,1.015533359375,0.03570811905187879,0.0,0.0,1.0,0.0
hidden_state_dependency,hard,independent_rollout,4,mean_pooling,2,0.7741,0.02913279938488577,0.7741,0.02913279938488577,1.015533359375,0.03570811905187879,0.0,0.0,1.0,0.0
hidden_state_dependency,hard,independent_rollout,4,no_imagination,2,0.7741,0.02913279938488577,0.7741,0.02913279938488577,0.08922523437499999,0.02305576902776019,0.926308125,0.01265235002411859,0.0,0.0
hidden_state_dependency,hard,independent_rollout,4,oracle_provenance,2,0.7741,0.02913279938488577,0.7741,0.02913279938488577,-0.47475851562499993,2.0718828624675503,1.490291875,2.1075909815194294,0.5,0.7071067811865476
hidden_state_dependency,hard,independent_rollout,4,provenance_preserving,2,0.7741,0.02913279938488577,0.7741,0.02913279938488577,-0.47475851562499993,2.0718828624675503,1.490291875,2.1075909815194294,0.5,0.7071067811865476
hidden_state_dependency,hard,independent_rollout,4,risk_classifier,2,0.7741,0.02913279938488577,0.7741,0.02913279938488577,-0.47475851562499993,2.0718828624675503,1.490291875,2.1075909815194294,0.5,0.7071067811865476
hidden_state_dependency,hard,independent_rollout,4,semantic_dedup,2,0.7741,0.02913279938488577,0.7741,0.02913279938488577,-0.47475851562499993,2.0718828624675503,1.490291875,2.1075909815194294,0.5,0.7071067811865476
hidden_state_dependency,hard,independent_rollout,4,source_grouping,2,0.7741,0.02913279938488577,0.7741,0.02913279938488577,-0.47475851562499993,2.0718828624675503,1.490291875,2.1075909815194294,0.5,0.7071067811865476
hidden_state_dependency,hard,independent_rollout,8,bayesian_mixing,2,0.7741,0.02913279938488577,0.7741,0.02913279938488577,-0.43336609375,2.084761376176214,1.4488994531250001,2.0490532571243354,0.5,0.7071067811865476
hidden_state_dependency,hard,independent_rollout,8,exact_dedup,2,0.7741,0.02913279938488577,0.7741,0.02913279938488577,-0.43336609375,2.084761376176214,1.4488994531250001,2.0490532571243354,0.5,0.7071067811865476
hidden_state_dependency,hard,independent_rollout,8,flat_rollout,2,0.7741,0.02913279938488577,0.7741,0.02913279938488577,-0.43336609375,2.084761376176214,1.4488994531250001,2.0490532571243354,0.5,0.7071067811865476
hidden_state_dependency,hard,independent_rollout,8,independent_trajectory,2,0.7741,0.02913279938488577,0.7741,0.02913279938488577,1.015533359375,0.03570811905187879,0.0,0.0,1.0,0.0
hidden_state_dependency,hard,independent_rollout,8,mean_pooling,2,0.7741,0.02913279938488577,0.7741,0.02913279938488577,1.015533359375,0.03570811905187879,0.0,0.0,1.0,0.0
hidden_state_dependency,hard,independent_rollout,8,no_imagination,2,0.7741,0.02913279938488577,0.7741,0.02913279938488577,0.08922523437499999,0.02305576902776019,0.926308125,0.01265235002411859,0.0,0.0
hidden_state_dependency,hard,independent_rollout,8,oracle_provenance,2,0.7741,0.02913279938488577,0.7741,0.02913279938488577,-0.43336609375,2.084761376176214,1.4488994531250001,2.0490532571243354,0.5,0.7071067811865476
hidden_state_dependency,hard,independent_rollout,8,provenance_preserving,2,0.7741,0.02913279938488577,0.7741,0.02913279938488577,-0.43336609375,2.084761376176214,1.4488994531250001,2.0490532571243354,0.5,0.7071067811865476
hidden_state_dependency,hard,independent_rollout,8,risk_classifier,2,0.7741,0.02913279938488577,0.7741,0.02913279938488577,-0.43336609375,2.084761376176214,1.4488994531250001,2.0490532571243354,0.5,0.7071067811865476
hidden_state_dependency,hard,independent_rollout,8,semantic_dedup,2,0.7741,0.02913279938488577,0.7741,0.02913279938488577,-0.43336609375,2.084761376176214,1.4488994531250001,2.0490532571243354,0.5,0.7071067811865476
hidden_state_dependency,hard,independent_rollout,8,source_grouping,2,0.7741,0.02913279938488577,0.7741,0.02913279938488577,-0.43336609375,2.084761376176214,1.4488994531250001,2.0490532571243354,0.5,0.7071067811865476
hidden_state_dependency,hard,independent_rollout,16,bayesian_mixing,2,0.7741,0.02913279938488577,0.7741,0.02913279938488577,-0.43336609375,2.084761376176214,1.4488994531250001,2.0490532571243354,0.5,0.7071067811865476
hidden_state_dependency,hard,independent_rollout,16,exact_dedup,2,0.7741,0.02913279938488577,0.7741,0.02913279938488577,-0.43336609375,2.084761376176214,1.4488994531250001,2.0490532571243354,0.5,0.7071067811865476
hidden_state_dependency,hard,independent_rollout,16,flat_rollout,2,0.7741,0.02913279938488577,0.7741,0.02913279938488577,-0.43336609375,2.084761376176214,1.4488994531250001,2.0490532571243354,0.5,0.7071067811865476
hidden_state_dependency,hard,independent_rollout,16,independent_trajectory,2,0.7741,0.02913279938488577,0.7741,0.02913279938488577,1.015533359375,0.03570811905187879,0.0,0.0,1.0,0.0
hidden_state_dependency,hard,independent_rollout,16,mean_pooling,2,0.7741,0.02913279938488577,0.7741,0.02913279938488577,1.015533359375,0.03570811905187879,0.0,0.0,1.0,0.0
hidden_state_dependency,hard,independent_rollout,16,no_imagination,2,0.7741,0.02913279938488577,0.7741,0.02913279938488577,0.08922523437499999,0.02305576902776019,0.926308125,0.01265235002411859,0.0,0.0
hidden_state_dependency,hard,independent_rollout,16,oracle_provenance,2,0.7741,0.02913279938488577,0.7741,0.02913279938488577,-0.43336609375,2.084761376176214,1.4488994531250001,2.0490532571243354,0.5,0.7071067811865476
hidden_state_dependency,hard,independent_rollout,16,provenance_preserving,2,0.7741,0.02913279938488577,0.7741,0.02913279938488577,-0.43336609375,2.084761376176214,1.4488994531250001,2.0490532571243354,0.5,0.7071067811865476
hidden_state_dependency,hard,independent_rollout,16,risk_classifier,2,0.7741,0.02913279938488577,0.7741,0.02913279938488577,-0.47475851562499993,2.0718828624675503,1.490291875,2.1075909815194294,0.5,0.7071067811865476
hidden_state_dependency,hard,independent_rollout,16,semantic_dedup,2,0.7741,0.02913279938488577,0.7741,0.02913279938488577,-0.43336609375,2.084761376176214,1.4488994531250001,2.0490532571243354,0.5,0.7071067811865476
hidden_state_dependency,hard,independent_rollout,16,source_grouping,2,0.7741,0.02913279938488577,0.7741,0.02913279938488577,-0.43336609375,2.084761376176214,1.4488994531250001,2.0490532571243354,0.5,0.7071067811865476
hidden_state_dependency,hard,independent_rollout,32,bayesian_mixing,2,0.7741,0.02913279938488577,0.7741,0.02913279938488577,-0.43336609375,2.084761376176214,1.4488994531250001,2.0490532571243354,0.5,0.7071067811865476
hidden_state_dependency,hard,independent_rollout,32,exact_dedup,2,0.7741,0.02913279938488577,0.7741,0.02913279938488577,-0.43336609375,2.084761376176214,1.4488994531250001,2.0490532571243354,0.5,0.7071067811865476
hidden_state_dependency,hard,independent_rollout,32,flat_rollout,2,0.7741,0.02913279938488577,0.7741,0.02913279938488577,-0.43336609375,2.084761376176214,1.4488994531250001,2.0490532571243354,0.5,0.7071067811865476
hidden_state_dependency,hard,independent_rollout,32,independent_trajectory,2,0.7741,0.02913279938488577,0.7741,0.02913279938488577,1.015533359375,0.03570811905187879,0.0,0.0,1.0,0.0
hidden_state_dependency,hard,independent_rollout,32,mean_pooling,2,0.7741,0.02913279938488577,0.7741,0.02913279938488577,1.015533359375,0.03570811905187879,0.0,0.0,1.0,0.0
hidden_state_dependency,hard,independent_rollout,32,no_imagination,2,0.7741,0.02913279938488577,0.7741,0.02913279938488577,0.08922523437499999,0.02305576902776019,0.926308125,0.01265235002411859,0.0,0.0
hidden_state_dependency,hard,independent_rollout,32,oracle_provenance,2,0.7741,0.02913279938488577,0.7741,0.02913279938488577,-0.43336609375,2.084761376176214,1.4488994531250001,2.0490532571243354,0.5,0.7071067811865476
hidden_state_dependency,hard,independent_rollout,32,provenance_preserving,2,0.7741,0.02913279938488577,0.7741,0.02913279938488577,-0.43336609375,2.084761376176214,1.4488994531250001,2.0490532571243354,0.5,0.7071067811865476
hidden_state_dependency,hard,independent_rollout,32,risk_classifier,2,0.7741,0.02913279938488577,0.7741,0.02913279938488577,-0.43336609375,2.084761376176214,1.4488994531250001,2.0490532571243354,0.5,0.7071067811865476
hidden_state_dependency,hard,independent_rollout,32,semantic_dedup,2,0.7741,0.02913279938488577,0.7741,0.02913279938488577,-0.43336609375,2.084761376176214,1.4488994531250001,2.0490532571243354,0.5,0.7071067811865476
hidden_state_dependency,hard,independent_rollout,32,source_grouping,2,0.7741,0.02913279938488577,0.7741,0.02913279938488577,-0.43336609375,2.084761376176214,1.4488994531250001,2.0490532571243354,0.5,0.7071067811865476
hidden_state_dependency,hard,independent_rollout,64,bayesian_mixing,2,0.7741,0.02913279938488577,0.7741,0.02913279938488577,-0.43336609375,2.084761376176214,1.4488994531250001,2.0490532571243354,0.5,0.7071067811865476
hidden_state_dependency,hard,independent_rollout,64,exact_dedup,2,0.7741,0.02913279938488577,0.7741,0.02913279938488577,-0.43336609375,2.084761376176214,1.4488994531250001,2.0490532571243354,0.5,0.7071067811865476
hidden_state_dependency,hard,independent_rollout,64,flat_rollout,2,0.7741,0.02913279938488577,0.7741,0.02913279938488577,-0.43336609375,2.084761376176214,1.4488994531250001,2.0490532571243354,0.5,0.7071067811865476
hidden_state_dependency,hard,independent_rollout,64,independent_trajectory,2,0.7741,0.02913279938488577,0.7741,0.02913279938488577,1.015533359375,0.03570811905187879,0.0,0.0,1.0,0.0
hidden_state_dependency,hard,independent_rollout,64,mean_pooling,2,0.7741,0.02913279938488577,0.7741,0.02913279938488577,1.015533359375,0.03570811905187879,0.0,0.0,1.0,0.0
hidden_state_dependency,hard,independent_rollout,64,no_imagination,2,0.7741,0.02913279938488577,0.7741,0.02913279938488577,0.08922523437499999,0.02305576902776019,0.926308125,0.01265235002411859,0.0,0.0
hidden_state_dependency,hard,independent_rollout,64,oracle_provenance,2,0.7741,0.02913279938488577,0.7741,0.02913279938488577,-0.43336609375,2.084761376176214,1.4488994531250001,2.0490532571243354,0.5,0.7071067811865476
hidden_state_dependency,hard,independent_rollout,64,provenance_preserving,2,0.7741,0.02913279938488577,0.7741,0.02913279938488577,-0.43336609375,2.084761376176214,1.4488994531250001,2.0490532571243354,0.5,0.7071067811865476
hidden_state_dependency,hard,independent_rollout,64,risk_classifier,2,0.7741,0.02913279938488577,0.7741,0.02913279938488577,1.015533359375,0.03570811905187879,0.0,0.0,1.0,0.0
hidden_state_dependency,hard,independent_rollout,64,semantic_dedup,2,0.7741,0.02913279938488577,0.7741,0.02913279938488577,-0.43336609375,2.084761376176214,1.4488994531250001,2.0490532571243354,0.5,0.7071067811865476
hidden_state_dependency,hard,independent_rollout,64,source_grouping,2,0.7741,0.02913279938488577,0.7741,0.02913279938488577,-0.43336609375,2.084761376176214,1.4488994531250001,2.0490532571243354,0.5,0.7071067811865476
hidden_state_dependency,hard,pure_duplication,1,bayesian_mixing,2,0.7741,0.02913279938488577,0.7741,0.02913279938488577,-0.43336609375,2.084761376176214,1.4488994531250001,2.0490532571243354,0.5,0.7071067811865476
hidden_state_dependency,hard,pure_duplication,1,exact_dedup,2,0.7741,0.02913279938488577,0.7741,0.02913279938488577,-0.43336609375,2.084761376176214,1.4488994531250001,2.0490532571243354,0.5,0.7071067811865476
hidden_state_dependency,hard,pure_duplication,1,flat_rollout,2,0.7741,0.02913279938488577,0.7741,0.02913279938488577,-0.43336609375,2.084761376176214,1.4488994531250001,2.0490532571243354,0.5,0.7071067811865476
hidden_state_dependency,hard,pure_duplication,1,independent_trajectory,2,0.7741,0.02913279938488577,0.7741,0.02913279938488577,1.015533359375,0.03570811905187879,0.0,0.0,1.0,0.0
hidden_state_dependency,hard,pure_duplication,1,mean_pooling,2,0.7741,0.02913279938488577,0.7741,0.02913279938488577,1.015533359375,0.03570811905187879,0.0,0.0,1.0,0.0
hidden_state_dependency,hard,pure_duplication,1,no_imagination,2,0.7741,0.02913279938488577,0.7741,0.02913279938488577,0.08922523437499999,0.02305576902776019,0.926308125,0.01265235002411859,0.0,0.0
hidden_state_dependency,hard,pure_duplication,1,oracle_provenance,2,0.7741,0.02913279938488577,0.7741,0.02913279938488577,-0.43336609375,2.084761376176214,1.4488994531250001,2.0490532571243354,0.5,0.7071067811865476
hidden_state_dependency,hard,pure_duplication,1,provenance_preserving,2,0.7741,0.02913279938488577,0.7741,0.02913279938488577,-0.43336609375,2.084761376176214,1.4488994531250001,2.0490532571243354,0.5,0.7071067811865476
hidden_state_dependency,hard,pure_duplication,1,risk_classifier,2,0.7741,0.02913279938488577,0.7741,0.02913279938488577,1.015533359375,0.03570811905187879,0.0,0.0,1.0,0.0
hidden_state_dependency,hard,pure_duplication,1,semantic_dedup,2,0.7741,0.02913279938488577,0.7741,0.02913279938488577,-0.43336609375,2.084761376176214,1.4488994531250001,2.0490532571243354,0.5,0.7071067811865476
hidden_state_dependency,hard,pure_duplication,1,source_grouping,2,0.7741,0.02913279938488577,0.7741,0.02913279938488577,-0.43336609375,2.084761376176214,1.4488994531250001,2.0490532571243354,0.5,0.7071067811865476
hidden_state_dependency,hard,pure_duplication,2,bayesian_mixing,2,0.7741,0.02913279938488577,0.7741,0.02913279938488577,-0.43336609375,2.084761376176214,1.4488994531250001,2.0490532571243354,0.5,0.7071067811865476
hidden_state_dependency,hard,pure_duplication,2,exact_dedup,2,0.7741,0.02913279938488577,0.7741,0.02913279938488577,-0.43336609375,2.084761376176214,1.4488994531250001,2.0490532571243354,0.5,0.7071067811865476
hidden_state_dependency,hard,pure_duplication,2,flat_rollout,2,0.8370170952333579,0.022715023624780707,0.8370170952333579,0.022715023624780707,-1.92365796875,0.022829605343214873,2.939191328125,0.05853772439509366,0.0,0.0
hidden_state_dependency,hard,pure_duplication,2,independent_trajectory,2,0.7741,0.02913279938488577,0.7741,0.02913279938488577,1.015533359375,0.03570811905187879,0.0,0.0,1.0,0.0
hidden_state_dependency,hard,pure_duplication,2,mean_pooling,2,0.7741,0.02913279938488577,0.7741,0.02913279938488577,1.015533359375,0.03570811905187879,0.0,0.0,1.0,0.0
hidden_state_dependency,hard,pure_duplication,2,no_imagination,2,0.7741,0.02913279938488577,0.7741,0.02913279938488577,0.08922523437499999,0.02305576902776019,0.926308125,0.01265235002411859,0.0,0.0
hidden_state_dependency,hard,pure_duplication,2,oracle_provenance,2,0.7741,0.02913279938488577,0.7741,0.02913279938488577,-0.43336609375,2.084761376176214,1.4488994531250001,2.0490532571243354,0.5,0.7071067811865476
hidden_state_dependency,hard,pure_duplication,2,provenance_preserving,2,0.7741,0.02913279938488577,0.7741,0.02913279938488577,-0.43336609375,2.084761376176214,1.4488994531250001,2.0490532571243354,0.5,0.7071067811865476
hidden_state_dependency,hard,pure_duplication,2,risk_classifier,2,0.7741,0.02913279938488577,0.7741,0.02913279938488577,1.015533359375,0.03570811905187879,0.0,0.0,1.0,0.0
hidden_state_dependency,hard,pure_duplication,2,semantic_dedup,2,0.7741,0.02913279938488577,0.7741,0.02913279938488577,-0.43336609375,2.084761376176214,1.4488994531250001,2.0490532571243354,0.5,0.7071067811865476
hidden_state_dependency,hard,pure_duplication,2,source_grouping,2,0.7741,0.02913279938488577,0.7741,0.02913279938488577,-0.43336609375,2.084761376176214,1.4488994531250001,2.0490532571243354,0.5,0.7071067811865476
hidden_state_dependency,hard,pure_duplication,4,bayesian_mixing,2,0.7741,0.02913279938488577,0.7741,0.02913279938488577,-0.43336609375,2.084761376176214,1.4488994531250001,2.0490532571243354,0.5,0.7071067811865476
hidden_state_dependency,hard,pure_duplication,4,exact_dedup,2,0.7741,0.02913279938488577,0.7741,0.02913279938488577,-0.43336609375,2.084761376176214,1.4488994531250001,2.0490532571243354,0.5,0.7071067811865476
hidden_state_dependency,hard,pure_duplication,4,flat_rollout,2,0.9202665836431466,0.012207059653953276,0.9202665836431466,0.012207059653953276,-1.92365796875,0.022829605343214873,2.939191328125,0.05853772439509366,0.0,0.0
hidden_state_dependency,hard,pure_duplication,4,independent_trajectory,2,0.7741,0.02913279938488577,0.7741,0.02913279938488577,1.015533359375,0.03570811905187879,0.0,0.0,1.0,0.0
hidden_state_dependency,hard,pure_duplication,4,mean_pooling,2,0.7741,0.02913279938488577,0.7741,0.02913279938488577,1.015533359375,0.03570811905187879,0.0,0.0,1.0,0.0
hidden_state_dependency,hard,pure_duplication,4,no_imagination,2,0.7741,0.02913279938488577,0.7741,0.02913279938488577,0.08922523437499999,0.02305576902776019,0.926308125,0.01265235002411859,0.0,0.0
hidden_state_dependency,hard,pure_duplication,4,oracle_provenance,2,0.7741,0.02913279938488577,0.7741,0.02913279938488577,-0.43336609375,2.084761376176214,1.4488994531250001,2.0490532571243354,0.5,0.7071067811865476
hidden_state_dependency,hard,pure_duplication,4,provenance_preserving,2,0.7741,0.02913279938488577,0.7741,0.02913279938488577,-0.43336609375,2.084761376176214,1.4488994531250001,2.0490532571243354,0.5,0.7071067811865476
hidden_state_dependency,hard,pure_duplication,4,risk_classifier,2,0.7741,0.02913279938488577,0.7741,0.02913279938488577,1.015533359375,0.03570811905187879,0.0,0.0,1.0,0.0
hidden_state_dependency,hard,pure_duplication,4,semantic_dedup,2,0.7741,0.02913279938488577,0.7741,0.02913279938488577,-0.43336609375,2.084761376176214,1.4488994531250001,2.0490532571243354,0.5,0.7071067811865476
hidden_state_dependency,hard,pure_duplication,4,source_grouping,2,0.7741,0.02913279938488577,0.7741,0.02913279938488577,-0.43336609375,2.084761376176214,1.4488994531250001,2.0490532571243354,0.5,0.7071067811865476
hidden_state_dependency,hard,pure_duplication,8,bayesian_mixing,2,0.7741,0.02913279938488577,0.7741,0.02913279938488577,-0.43336609375,2.084761376176214,1.4488994531250001,2.0490532571243354,0.5,0.7071067811865476
hidden_state_dependency,hard,pure_duplication,8,exact_dedup,2,0.7741,0.02913279938488577,0.7741,0.02913279938488577,-0.43336609375,2.084761376176214,1.4488994531250001,2.0490532571243354,0.5,0.7071067811865476
hidden_state_dependency,hard,pure_duplication,8,flat_rollout,2,0.9831591717510397,0.0027523452068358243,0.9831591717510397,0.0027523452068358243,-1.92365796875,0.022829605343214873,2.939191328125,0.05853772439509366,0.0,0.0
hidden_state_dependency,hard,pure_duplication,8,independent_trajectory,2,0.7741,0.02913279938488577,0.7741,0.02913279938488577,1.015533359375,0.03570811905187879,0.0,0.0,1.0,0.0
hidden_state_dependency,hard,pure_duplication,8,mean_pooling,2,0.7741,0.02913279938488577,0.7741,0.02913279938488577,1.015533359375,0.03570811905187879,0.0,0.0,1.0,0.0
hidden_state_dependency,hard,pure_duplication,8,no_imagination,2,0.7741,0.02913279938488577,0.7741,0.02913279938488577,0.08922523437499999,0.02305576902776019,0.926308125,0.01265235002411859,0.0,0.0
hidden_state_dependency,hard,pure_duplication,8,oracle_provenance,2,0.7741,0.02913279938488577,0.7741,0.02913279938488577,-0.43336609375,2.084761376176214,1.4488994531250001,2.0490532571243354,0.5,0.7071067811865476
hidden_state_dependency,hard,pure_duplication,8,provenance_preserving,2,0.7741,0.02913279938488577,0.7741,0.02913279938488577,-0.43336609375,2.084761376176214,1.4488994531250001,2.0490532571243354,0.5,0.7071067811865476
hidden_state_dependency,hard,pure_duplication,8,risk_classifier,2,0.7741,0.02913279938488577,0.7741,0.02913279938488577,1.015533359375,0.03570811905187879,0.0,0.0,1.0,0.0
hidden_state_dependency,hard,pure_duplication,8,semantic_dedup,2,0.7741,0.02913279938488577,0.7741,0.02913279938488577,-0.43336609375,2.084761376176214,1.4488994531250001,2.0490532571243354,0.5,0.7071067811865476
hidden_state_dependency,hard,pure_duplication,8,source_grouping,2,0.7741,0.02913279938488577,0.7741,0.02913279938488577,-0.43336609375,2.084761376176214,1.4488994531250001,2.0490532571243354,0.5,0.7071067811865476
hidden_state_dependency,hard,pure_duplication,16,bayesian_mixing,2,0.7741,0.02913279938488577,0.7741,0.02913279938488577,-0.43336609375,2.084761376176214,1.4488994531250001,2.0490532571243354,0.5,0.7071067811865476
hidden_state_dependency,hard,pure_duplication,16,exact_dedup,2,0.7741,0.02913279938488577,0.7741,0.02913279938488577,-0.43336609375,2.084761376176214,1.4488994531250001,2.0490532571243354,0.5,0.7071067811865476
hidden_state_dependency,hard,pure_duplication,16,flat_rollout,2,0.9993319386580037,0.00011095487676539029,0.9993319386580037,0.00011095487676539029,-1.92365796875,0.022829605343214873,2.939191328125,0.05853772439509366,0.0,0.0
hidden_state_dependency,hard,pure_duplication,16,independent_trajectory,2,0.7741,0.02913279938488577,0.7741,0.02913279938488577,1.015533359375,0.03570811905187879,0.0,0.0,1.0,0.0
hidden_state_dependency,hard,pure_duplication,16,mean_pooling,2,0.7741,0.02913279938488577,0.7741,0.02913279938488577,1.015533359375,0.03570811905187879,0.0,0.0,1.0,0.0
hidden_state_dependency,hard,pure_duplication,16,no_imagination,2,0.7741,0.02913279938488577,0.7741,0.02913279938488577,0.08922523437499999,0.02305576902776019,0.926308125,0.01265235002411859,0.0,0.0
hidden_state_dependency,hard,pure_duplication,16,oracle_provenance,2,0.7741,0.02913279938488577,0.7741,0.02913279938488577,-0.43336609375,2.084761376176214,1.4488994531250001,2.0490532571243354,0.5,0.7071067811865476
hidden_state_dependency,hard,pure_duplication,16,provenance_preserving,2,0.7741,0.02913279938488577,0.7741,0.02913279938488577,-0.43336609375,2.084761376176214,1.4488994531250001,2.0490532571243354,0.5,0.7071067811865476
hidden_state_dependency,hard,pure_duplication,16,risk_classifier,2,0.7741,0.02913279938488577,0.7741,0.02913279938488577,1.015533359375,0.03570811905187879,0.0,0.0,1.0,0.0
hidden_state_dependency,hard,pure_duplication,16,semantic_dedup,2,0.7741,0.02913279938488577,0.7741,0.02913279938488577,-0.43336609375,2.084761376176214,1.4488994531250001,2.0490532571243354,0.5,0.7071067811865476
hidden_state_dependency,hard,pure_duplication,16,source_grouping,2,0.7741,0.02913279938488577,0.7741,0.02913279938488577,-0.43336609375,2.084761376176214,1.4488994531250001,2.0490532571243354,0.5,0.7071067811865476
hidden_state_dependency,hard,pure_duplication,32,bayesian_mixing,2,0.7741,0.02913279938488577,0.7741,0.02913279938488577,-0.43336609375,2.084761376176214,1.4488994531250001,2.0490532571243354,0.5,0.7071067811865476
hidden_state_dependency,hard,pure_duplication,32,exact_dedup,2,0.7741,0.02913279938488577,0.7741,0.02913279938488577,-0.43336609375,2.084761376176214,1.4488994531250001,2.0490532571243354,0.5,0.7071067811865476
hidden_state_dependency,hard,pure_duplication,32,flat_rollout,2,0.9999989822291974,1.691475975375109e-07,0.9999989822291974,1.691475975375109e-07,-1.92365796875,0.022829605343214873,2.939191328125,0.05853772439509366,0.0,0.0
hidden_state_dependency,hard,pure_duplication,32,independent_trajectory,2,0.7741,0.02913279938488577,0.7741,0.02913279938488577,1.015533359375,0.03570811905187879,0.0,0.0,1.0,0.0
hidden_state_dependency,hard,pure_duplication,32,mean_pooling,2,0.7741,0.02913279938488577,0.7741,0.02913279938488577,1.015533359375,0.03570811905187879,0.0,0.0,1.0,0.0
hidden_state_dependency,hard,pure_duplication,32,no_imagination,2,0.7741,0.02913279938488577,0.7741,0.02913279938488577,0.08922523437499999,0.02305576902776019,0.926308125,0.01265235002411859,0.0,0.0
hidden_state_dependency,hard,pure_duplication,32,oracle_provenance,2,0.7741,0.02913279938488577,0.7741,0.02913279938488577,-0.43336609375,2.084761376176214,1.4488994531250001,2.0490532571243354,0.5,0.7071067811865476
hidden_state_dependency,hard,pure_duplication,32,provenance_preserving,2,0.7741,0.02913279938488577,0.7741,0.02913279938488577,-0.43336609375,2.084761376176214,1.4488994531250001,2.0490532571243354,0.5,0.7071067811865476
hidden_state_dependency,hard,pure_duplication,32,risk_classifier,2,0.7741,0.02913279938488577,0.7741,0.02913279938488577,1.015533359375,0.03570811905187879,0.0,0.0,1.0,0.0
hidden_state_dependency,hard,pure_duplication,32,semantic_dedup,2,0.7741,0.02913279938488577,0.7741,0.02913279938488577,-0.43336609375,2.084761376176214,1.4488994531250001,2.0490532571243354,0.5,0.7071067811865476
hidden_state_dependency,hard,pure_duplication,32,source_grouping,2,0.7741,0.02913279938488577,0.7741,0.02913279938488577,-0.43336609375,2.084761376176214,1.4488994531250001,2.0490532571243354,0.5,0.7071067811865476
hidden_state_dependency,hard,pure_duplication,64,bayesian_mixing,2,0.7741,0.02913279938488577,0.7741,0.02913279938488577,-0.43336609375,2.084761376176214,1.4488994531250001,2.0490532571243354,0.5,0.7071067811865476
hidden_state_dependency,hard,pure_duplication,64,exact_dedup,2,0.7741,0.02913279938488577,0.7741,0.02913279938488577,-0.43336609375,2.084761376176214,1.4488994531250001,2.0490532571243354,0.5,0.7071067811865476
hidden_state_dependency,hard,pure_duplication,64,flat_rollout,2,0.9999999999976409,3.9205208693333864e-13,0.9999999999976409,3.9205208693333864e-13,-1.92365796875,0.022829605343214873,2.939191328125,0.05853772439509366,0.0,0.0
hidden_state_dependency,hard,pure_duplication,64,independent_trajectory,2,0.7741,0.02913279938488577,0.7741,0.02913279938488577,1.015533359375,0.03570811905187879,0.0,0.0,1.0,0.0
hidden_state_dependency,hard,pure_duplication,64,mean_pooling,2,0.7741,0.02913279938488577,0.7741,0.02913279938488577,1.015533359375,0.03570811905187879,0.0,0.0,1.0,0.0
hidden_state_dependency,hard,pure_duplication,64,no_imagination,2,0.7741,0.02913279938488577,0.7741,0.02913279938488577,0.08922523437499999,0.02305576902776019,0.926308125,0.01265235002411859,0.0,0.0
hidden_state_dependency,hard,pure_duplication,64,oracle_provenance,2,0.7741,0.02913279938488577,0.7741,0.02913279938488577,-0.43336609375,2.084761376176214,1.4488994531250001,2.0490532571243354,0.5,0.7071067811865476
hidden_state_dependency,hard,pure_duplication,64,provenance_preserving,2,0.7741,0.02913279938488577,0.7741,0.02913279938488577,-0.43336609375,2.084761376176214,1.4488994531250001,2.0490532571243354,0.5,0.7071067811865476
hidden_state_dependency,hard,pure_duplication,64,risk_classifier,2,0.7741,0.02913279938488577,0.7741,0.02913279938488577,1.015533359375,0.03570811905187879,0.0,0.0,1.0,0.0
hidden_state_dependency,hard,pure_duplication,64,semantic_dedup,2,0.7741,0.02913279938488577,0.7741,0.02913279938488577,-0.43336609375,2.084761376176214,1.4488994531250001,2.0490532571243354,0.5,0.7071067811865476
hidden_state_dependency,hard,pure_duplication,64,source_grouping,2,0.7741,0.02913279938488577,0.7741,0.02913279938488577,-0.43336609375,2.084761376176214,1.4488994531250001,2.0490532571243354,0.5,0.7071067811865476
hidden_state_dependency,medium,independent_rollout,1,bayesian_mixing,3,0.37379999999999997,0.2705141955609724,0.37379999999999997,0.2705141955609724,0.9986138541666666,0.024621053731490854,0.0,0.0,1.0,0.0
hidden_state_dependency,medium,independent_rollout,1,exact_dedup,3,0.37379999999999997,0.2705141955609724,0.37379999999999997,0.2705141955609724,0.9986138541666666,0.024621053731490854,0.0,0.0,1.0,0.0
hidden_state_dependency,medium,independent_rollout,1,flat_rollout,3,0.37379999999999997,0.2705141955609723,0.37379999999999997,0.2705141955609723,0.9986138541666666,0.024621053731490854,0.0,0.0,1.0,0.0
hidden_state_dependency,medium,independent_rollout,1,independent_trajectory,3,0.37379999999999997,0.2705141955609724,0.37379999999999997,0.2705141955609724,0.9986138541666666,0.024621053731490854,0.0,0.0,1.0,0.0
hidden_state_dependency,medium,independent_rollout,1,mean_pooling,3,0.37379999999999997,0.2705141955609724,0.37379999999999997,0.2705141955609724,0.9986138541666666,0.024621053731490854,0.0,0.0,1.0,0.0
hidden_state_dependency,medium,independent_rollout,1,no_imagination,3,0.37379999999999997,0.2705141955609724,0.37379999999999997,0.2705141955609724,0.09261437499999998,0.0018464908851297322,0.9059994791666668,0.02362561007207367,0.0,0.0
hidden_state_dependency,medium,independent_rollout,1,oracle_provenance,3,0.37379999999999997,0.2705141955609724,0.37379999999999997,0.2705141955609724,0.9986138541666666,0.024621053731490854,0.0,0.0,1.0,0.0
hidden_state_dependency,medium,independent_rollout,1,provenance_preserving,3,0.37379999999999997,0.2705141955609724,0.37379999999999997,0.2705141955609724,0.9986138541666666,0.024621053731490854,0.0,0.0,1.0,0.0
hidden_state_dependency,medium,independent_rollout,1,risk_classifier,3,0.37379999999999997,0.2705141955609724,0.37379999999999997,0.2705141955609724,-0.011702395833333323,1.7511541722901032,1.01031625,1.74991907671246,0.6666666666666666,0.5773502691896258
hidden_state_dependency,medium,independent_rollout,1,semantic_dedup,3,0.37379999999999997,0.2705141955609724,0.37379999999999997,0.2705141955609724,0.9986138541666666,0.024621053731490854,0.0,0.0,1.0,0.0
hidden_state_dependency,medium,independent_rollout,1,source_grouping,3,0.37379999999999997,0.2705141955609724,0.37379999999999997,0.2705141955609724,0.9986138541666666,0.024621053731490854,0.0,0.0,1.0,0.0
hidden_state_dependency,medium,independent_rollout,2,bayesian_mixing,3,0.37379999999999997,0.2705141955609724,0.37379999999999997,0.2705141955609724,0.9986138541666666,0.024621053731490854,0.0,0.0,1.0,0.0
hidden_state_dependency,medium,independent_rollout,2,exact_dedup,3,0.37379999999999997,0.2705141955609724,0.37379999999999997,0.2705141955609724,0.9986138541666666,0.024621053731490854,0.0,0.0,1.0,0.0
hidden_state_dependency,medium,independent_rollout,2,flat_rollout,3,0.37379999999999997,0.2705141955609723,0.37379999999999997,0.2705141955609723,0.9986138541666666,0.024621053731490854,0.0,0.0,1.0,0.0
hidden_state_dependency,medium,independent_rollout,2,independent_trajectory,3,0.37379999999999997,0.2705141955609724,0.37379999999999997,0.2705141955609724,0.9986138541666666,0.024621053731490854,0.0,0.0,1.0,0.0
hidden_state_dependency,medium,independent_rollout,2,mean_pooling,3,0.37379999999999997,0.2705141955609724,0.37379999999999997,0.2705141955609724,0.9986138541666666,0.024621053731490854,0.0,0.0,1.0,0.0
hidden_state_dependency,medium,independent_rollout,2,no_imagination,3,0.37379999999999997,0.2705141955609724,0.37379999999999997,0.2705141955609724,0.09261437499999998,0.0018464908851297322,0.9059994791666668,0.02362561007207367,0.0,0.0
hidden_state_dependency,medium,independent_rollout,2,oracle_provenance,3,0.37379999999999997,0.2705141955609724,0.37379999999999997,0.2705141955609724,0.9986138541666666,0.024621053731490854,0.0,0.0,1.0,0.0
hidden_state_dependency,medium,independent_rollout,2,provenance_preserving,3,0.37379999999999997,0.2705141955609724,0.37379999999999997,0.2705141955609724,0.9986138541666666,0.024621053731490854,0.0,0.0,1.0,0.0
hidden_state_dependency,medium,independent_rollout,2,risk_classifier,3,0.37379999999999997,0.2705141955609724,0.37379999999999997,0.2705141955609724,-0.011702395833333323,1.7511541722901032,1.01031625,1.74991907671246,0.6666666666666666,0.5773502691896258
hidden_state_dependency,medium,independent_rollout,2,semantic_dedup,3,0.37379999999999997,0.2705141955609724,0.37379999999999997,0.2705141955609724,0.9986138541666666,0.024621053731490854,0.0,0.0,1.0,0.0
hidden_state_dependency,medium,independent_rollout,2,source_grouping,3,0.37379999999999997,0.2705141955609724,0.37379999999999997,0.2705141955609724,0.9986138541666666,0.024621053731490854,0.0,0.0,1.0,0.0
hidden_state_dependency,medium,independent_rollout,4,bayesian_mixing,3,0.37379999999999997,0.2705141955609724,0.37379999999999997,0.2705141955609724,0.9986138541666666,0.024621053731490854,0.0,0.0,1.0,0.0
hidden_state_dependency,medium,independent_rollout,4,exact_dedup,3,0.37379999999999997,0.2705141955609724,0.37379999999999997,0.2705141955609724,0.9986138541666666,0.024621053731490854,0.0,0.0,1.0,0.0
hidden_state_dependency,medium,independent_rollout,4,flat_rollout,3,0.37379999999999997,0.2705141955609723,0.37379999999999997,0.2705141955609723,0.9986138541666666,0.024621053731490854,0.0,0.0,1.0,0.0
hidden_state_dependency,medium,independent_rollout,4,independent_trajectory,3,0.37379999999999997,0.2705141955609724,0.37379999999999997,0.2705141955609724,0.9986138541666666,0.024621053731490854,0.0,0.0,1.0,0.0
hidden_state_dependency,medium,independent_rollout,4,mean_pooling,3,0.37379999999999997,0.2705141955609724,0.37379999999999997,0.2705141955609724,0.9986138541666666,0.024621053731490854,0.0,0.0,1.0,0.0
hidden_state_dependency,medium,independent_rollout,4,no_imagination,3,0.37379999999999997,0.2705141955609724,0.37379999999999997,0.2705141955609724,0.09261437499999998,0.0018464908851297322,0.9059994791666668,0.02362561007207367,0.0,0.0
hidden_state_dependency,medium,independent_rollout,4,oracle_provenance,3,0.37379999999999997,0.2705141955609724,0.37379999999999997,0.2705141955609724,0.9986138541666666,0.024621053731490854,0.0,0.0,1.0,0.0
hidden_state_dependency,medium,independent_rollout,4,provenance_preserving,3,0.37379999999999997,0.2705141955609724,0.37379999999999997,0.2705141955609724,0.9986138541666666,0.024621053731490854,0.0,0.0,1.0,0.0
hidden_state_dependency,medium,independent_rollout,4,risk_classifier,3,0.37379999999999997,0.2705141955609724,0.37379999999999997,0.2705141955609724,-1.0383790625,1.7433529365175753,2.036992916666667,1.7642583000195924,0.3333333333333333,0.5773502691896258
hidden_state_dependency,medium,independent_rollout,4,semantic_dedup,3,0.37379999999999997,0.2705141955609724,0.37379999999999997,0.2705141955609724,0.9986138541666666,0.024621053731490854,0.0,0.0,1.0,0.0
hidden_state_dependency,medium,independent_rollout,4,source_grouping,3,0.37379999999999997,0.2705141955609724,0.37379999999999997,0.2705141955609724,0.9986138541666666,0.024621053731490854,0.0,0.0,1.0,0.0
hidden_state_dependency,medium,independent_rollout,8,bayesian_mixing,3,0.37379999999999997,0.2705141955609724,0.37379999999999997,0.2705141955609724,0.9986138541666666,0.024621053731490854,0.0,0.0,1.0,0.0
hidden_state_dependency,medium,independent_rollout,8,exact_dedup,3,0.37379999999999997,0.2705141955609724,0.37379999999999997,0.2705141955609724,0.9986138541666666,0.024621053731490854,0.0,0.0,1.0,0.0
hidden_state_dependency,medium,independent_rollout,8,flat_rollout,3,0.37379999999999997,0.2705141955609723,0.37379999999999997,0.2705141955609723,0.9986138541666666,0.024621053731490854,0.0,0.0,1.0,0.0
hidden_state_dependency,medium,independent_rollout,8,independent_trajectory,3,0.37379999999999997,0.2705141955609724,0.37379999999999997,0.2705141955609724,0.9986138541666666,0.024621053731490854,0.0,0.0,1.0,0.0
hidden_state_dependency,medium,independent_rollout,8,mean_pooling,3,0.37379999999999997,0.2705141955609724,0.37379999999999997,0.2705141955609724,0.9986138541666666,0.024621053731490854,0.0,0.0,1.0,0.0
hidden_state_dependency,medium,independent_rollout,8,no_imagination,3,0.37379999999999997,0.2705141955609724,0.37379999999999997,0.2705141955609724,0.09261437499999998,0.0018464908851297322,0.9059994791666668,0.02362561007207367,0.0,0.0
hidden_state_dependency,medium,independent_rollout,8,oracle_provenance,3,0.37379999999999997,0.2705141955609724,0.37379999999999997,0.2705141955609724,0.9986138541666666,0.024621053731490854,0.0,0.0,1.0,0.0
hidden_state_dependency,medium,independent_rollout,8,provenance_preserving,3,0.37379999999999997,0.2705141955609724,0.37379999999999997,0.2705141955609724,0.9986138541666666,0.024621053731490854,0.0,0.0,1.0,0.0
hidden_state_dependency,medium,independent_rollout,8,risk_classifier,3,0.37379999999999997,0.2705141955609724,0.37379999999999997,0.2705141955609724,-1.0383790625,1.7433529365175753,2.036992916666667,1.7642583000195924,0.3333333333333333,0.5773502691896258
hidden_state_dependency,medium,independent_rollout,8,semantic_dedup,3,0.37379999999999997,0.2705141955609724,0.37379999999999997,0.2705141955609724,0.9986138541666666,0.024621053731490854,0.0,0.0,1.0,0.0
hidden_state_dependency,medium,independent_rollout,8,source_grouping,3,0.37379999999999997,0.2705141955609724,0.37379999999999997,0.2705141955609724,0.9986138541666666,0.024621053731490854,0.0,0.0,1.0,0.0
hidden_state_dependency,medium,independent_rollout,16,bayesian_mixing,3,0.37379999999999997,0.2705141955609724,0.37379999999999997,0.2705141955609724,0.9986138541666666,0.024621053731490854,0.0,0.0,1.0,0.0
hidden_state_dependency,medium,independent_rollout,16,exact_dedup,3,0.37379999999999997,0.2705141955609724,0.37379999999999997,0.2705141955609724,0.9986138541666666,0.024621053731490854,0.0,0.0,1.0,0.0
hidden_state_dependency,medium,independent_rollout,16,flat_rollout,3,0.37379999999999997,0.2705141955609723,0.37379999999999997,0.2705141955609723,0.9986138541666666,0.024621053731490854,0.0,0.0,1.0,0.0
hidden_state_dependency,medium,independent_rollout,16,independent_trajectory,3,0.37379999999999997,0.2705141955609724,0.37379999999999997,0.2705141955609724,0.9986138541666666,0.024621053731490854,0.0,0.0,1.0,0.0
hidden_state_dependency,medium,independent_rollout,16,mean_pooling,3,0.37379999999999997,0.2705141955609724,0.37379999999999997,0.2705141955609724,0.9986138541666666,0.024621053731490854,0.0,0.0,1.0,0.0
hidden_state_dependency,medium,independent_rollout,16,no_imagination,3,0.37379999999999997,0.2705141955609724,0.37379999999999997,0.2705141955609724,0.09261437499999998,0.0018464908851297322,0.9059994791666668,0.02362561007207367,0.0,0.0
hidden_state_dependency,medium,independent_rollout,16,oracle_provenance,3,0.37379999999999997,0.2705141955609724,0.37379999999999997,0.2705141955609724,0.9986138541666666,0.024621053731490854,0.0,0.0,1.0,0.0
hidden_state_dependency,medium,independent_rollout,16,provenance_preserving,3,0.37379999999999997,0.2705141955609724,0.37379999999999997,0.2705141955609724,0.9986138541666666,0.024621053731490854,0.0,0.0,1.0,0.0
hidden_state_dependency,medium,independent_rollout,16,risk_classifier,3,0.37379999999999997,0.2705141955609724,0.37379999999999997,0.2705141955609724,-1.0383790625,1.7433529365175753,2.036992916666667,1.7642583000195924,0.3333333333333333,0.5773502691896258
hidden_state_dependency,medium,independent_rollout,16,semantic_dedup,3,0.37379999999999997,0.2705141955609724,0.37379999999999997,0.2705141955609724,0.9986138541666666,0.024621053731490854,0.0,0.0,1.0,0.0
hidden_state_dependency,medium,independent_rollout,16,source_grouping,3,0.37379999999999997,0.2705141955609724,0.37379999999999997,0.2705141955609724,0.9986138541666666,0.024621053731490854,0.0,0.0,1.0,0.0
hidden_state_dependency,medium,independent_rollout,32,bayesian_mixing,3,0.37379999999999997,0.2705141955609724,0.37379999999999997,0.2705141955609724,0.9986138541666666,0.024621053731490854,0.0,0.0,1.0,0.0
hidden_state_dependency,medium,independent_rollout,32,exact_dedup,3,0.37379999999999997,0.2705141955609724,0.37379999999999997,0.2705141955609724,0.9986138541666666,0.024621053731490854,0.0,0.0,1.0,0.0
hidden_state_dependency,medium,independent_rollout,32,flat_rollout,3,0.37379999999999997,0.2705141955609723,0.37379999999999997,0.2705141955609723,0.9986138541666666,0.024621053731490854,0.0,0.0,1.0,0.0
hidden_state_dependency,medium,independent_rollout,32,independent_trajectory,3,0.37379999999999997,0.2705141955609724,0.37379999999999997,0.2705141955609724,0.9986138541666666,0.024621053731490854,0.0,0.0,1.0,0.0
hidden_state_dependency,medium,independent_rollout,32,mean_pooling,3,0.37379999999999997,0.2705141955609724,0.37379999999999997,0.2705141955609724,0.9986138541666666,0.024621053731490854,0.0,0.0,1.0,0.0
hidden_state_dependency,medium,independent_rollout,32,no_imagination,3,0.37379999999999997,0.2705141955609724,0.37379999999999997,0.2705141955609724,0.09261437499999998,0.0018464908851297322,0.9059994791666668,0.02362561007207367,0.0,0.0
hidden_state_dependency,medium,independent_rollout,32,oracle_provenance,3,0.37379999999999997,0.2705141955609724,0.37379999999999997,0.2705141955609724,0.9986138541666666,0.024621053731490854,0.0,0.0,1.0,0.0
hidden_state_dependency,medium,independent_rollout,32,provenance_preserving,3,0.37379999999999997,0.2705141955609724,0.37379999999999997,0.2705141955609724,0.9986138541666666,0.024621053731490854,0.0,0.0,1.0,0.0
hidden_state_dependency,medium,independent_rollout,32,risk_classifier,3,0.37379999999999997,0.2705141955609724,0.37379999999999997,0.2705141955609724,-2.0294601562500003,0.029013473984199723,3.028074010416667,0.0534513696840585,0.0,0.0
hidden_state_dependency,medium,independent_rollout,32,semantic_dedup,3,0.37379999999999997,0.2705141955609724,0.37379999999999997,0.2705141955609724,0.9986138541666666,0.024621053731490854,0.0,0.0,1.0,0.0
hidden_state_dependency,medium,independent_rollout,32,source_grouping,3,0.37379999999999997,0.2705141955609724,0.37379999999999997,0.2705141955609724,0.9986138541666666,0.024621053731490854,0.0,0.0,1.0,0.0
hidden_state_dependency,medium,independent_rollout,64,bayesian_mixing,3,0.37379999999999997,0.2705141955609724,0.37379999999999997,0.2705141955609724,0.9986138541666666,0.024621053731490854,0.0,0.0,1.0,0.0
hidden_state_dependency,medium,independent_rollout,64,exact_dedup,3,0.37379999999999997,0.2705141955609724,0.37379999999999997,0.2705141955609724,0.9986138541666666,0.024621053731490854,0.0,0.0,1.0,0.0
hidden_state_dependency,medium,independent_rollout,64,flat_rollout,3,0.37379999999999997,0.2705141955609723,0.37379999999999997,0.2705141955609723,0.9986138541666666,0.024621053731490854,0.0,0.0,1.0,0.0
hidden_state_dependency,medium,independent_rollout,64,independent_trajectory,3,0.37379999999999997,0.2705141955609724,0.37379999999999997,0.2705141955609724,0.9986138541666666,0.024621053731490854,0.0,0.0,1.0,0.0
hidden_state_dependency,medium,independent_rollout,64,mean_pooling,3,0.37379999999999997,0.2705141955609724,0.37379999999999997,0.2705141955609724,0.9986138541666666,0.024621053731490854,0.0,0.0,1.0,0.0
hidden_state_dependency,medium,independent_rollout,64,no_imagination,3,0.37379999999999997,0.2705141955609724,0.37379999999999997,0.2705141955609724,0.09261437499999998,0.0018464908851297322,0.9059994791666668,0.02362561007207367,0.0,0.0
hidden_state_dependency,medium,independent_rollout,64,oracle_provenance,3,0.37379999999999997,0.2705141955609724,0.37379999999999997,0.2705141955609724,0.9986138541666666,0.024621053731490854,0.0,0.0,1.0,0.0
hidden_state_dependency,medium,independent_rollout,64,provenance_preserving,3,0.37379999999999997,0.2705141955609724,0.37379999999999997,0.2705141955609724,0.9986138541666666,0.024621053731490854,0.0,0.0,1.0,0.0
hidden_state_dependency,medium,independent_rollout,64,risk_classifier,3,0.37379999999999997,0.2705141955609724,0.37379999999999997,0.2705141955609724,-1.01914390625,1.7466045358260525,2.0177577604166665,1.7482450158992617,0.3333333333333333,0.5773502691896258
hidden_state_dependency,medium,independent_rollout,64,semantic_dedup,3,0.37379999999999997,0.2705141955609724,0.37379999999999997,0.2705141955609724,0.9986138541666666,0.024621053731490854,0.0,0.0,1.0,0.0
hidden_state_dependency,medium,independent_rollout,64,source_grouping,3,0.37379999999999997,0.2705141955609724,0.37379999999999997,0.2705141955609724,0.9986138541666666,0.024621053731490854,0.0,0.0,1.0,0.0
hidden_state_dependency,medium,pure_duplication,1,bayesian_mixing,3,0.37379999999999997,0.2705141955609724,0.37379999999999997,0.2705141955609724,0.9986138541666666,0.024621053731490854,0.0,0.0,1.0,0.0
hidden_state_dependency,medium,pure_duplication,1,exact_dedup,3,0.37379999999999997,0.2705141955609724,0.37379999999999997,0.2705141955609724,0.9986138541666666,0.024621053731490854,0.0,0.0,1.0,0.0
hidden_state_dependency,medium,pure_duplication,1,flat_rollout,3,0.37379999999999997,0.2705141955609723,0.37379999999999997,0.2705141955609723,0.9986138541666666,0.024621053731490854,0.0,0.0,1.0,0.0
hidden_state_dependency,medium,pure_duplication,1,independent_trajectory,3,0.37379999999999997,0.2705141955609724,0.37379999999999997,0.2705141955609724,0.9986138541666666,0.024621053731490854,0.0,0.0,1.0,0.0
hidden_state_dependency,medium,pure_duplication,1,mean_pooling,3,0.37379999999999997,0.2705141955609724,0.37379999999999997,0.2705141955609724,0.9986138541666666,0.024621053731490854,0.0,0.0,1.0,0.0
hidden_state_dependency,medium,pure_duplication,1,no_imagination,3,0.37379999999999997,0.2705141955609724,0.37379999999999997,0.2705141955609724,0.09261437499999998,0.0018464908851297322,0.9059994791666668,0.02362561007207367,0.0,0.0
hidden_state_dependency,medium,pure_duplication,1,oracle_provenance,3,0.37379999999999997,0.2705141955609724,0.37379999999999997,0.2705141955609724,0.9986138541666666,0.024621053731490854,0.0,0.0,1.0,0.0
hidden_state_dependency,medium,pure_duplication,1,provenance_preserving,3,0.37379999999999997,0.2705141955609724,0.37379999999999997,0.2705141955609724,0.9986138541666666,0.024621053731490854,0.0,0.0,1.0,0.0
hidden_state_dependency,medium,pure_duplication,1,risk_classifier,3,0.37379999999999997,0.2705141955609724,0.37379999999999997,0.2705141955609724,-1.01914390625,1.7466045358260525,2.0177577604166665,1.7482450158992617,0.3333333333333333,0.5773502691896258
hidden_state_dependency,medium,pure_duplication,1,semantic_dedup,3,0.37379999999999997,0.2705141955609724,0.37379999999999997,0.2705141955609724,0.9986138541666666,0.024621053731490854,0.0,0.0,1.0,0.0
hidden_state_dependency,medium,pure_duplication,1,source_grouping,3,0.37379999999999997,0.2705141955609724,0.37379999999999997,0.2705141955609724,0.9986138541666666,0.024621053731490854,0.0,0.0,1.0,0.0
hidden_state_dependency,medium,pure_duplication,2,bayesian_mixing,3,0.37379999999999997,0.2705141955609724,0.37379999999999997,0.2705141955609724,0.9986138541666666,0.024621053731490854,0.0,0.0,1.0,0.0
hidden_state_dependency,medium,pure_duplication,2,exact_dedup,3,0.37379999999999997,0.2705141955609724,0.37379999999999997,0.2705141955609724,0.9986138541666666,0.024621053731490854,0.0,0.0,1.0,0.0
hidden_state_dependency,medium,pure_duplication,2,flat_rollout,3,0.45164523629084913,0.27333779857101087,0.45164523629084913,0.27333779857101087,0.9986138541666666,0.024621053731490854,0.0,0.0,1.0,0.0
hidden_state_dependency,medium,pure_duplication,2,independent_trajectory,3,0.37379999999999997,0.2705141955609724,0.37379999999999997,0.2705141955609724,0.9986138541666666,0.024621053731490854,0.0,0.0,1.0,0.0
hidden_state_dependency,medium,pure_duplication,2,mean_pooling,3,0.37379999999999997,0.2705141955609724,0.37379999999999997,0.2705141955609724,0.9986138541666666,0.024621053731490854,0.0,0.0,1.0,0.0
hidden_state_dependency,medium,pure_duplication,2,no_imagination,3,0.37379999999999997,0.2705141955609724,0.37379999999999997,0.2705141955609724,0.09261437499999998,0.0018464908851297322,0.9059994791666668,0.02362561007207367,0.0,0.0
hidden_state_dependency,medium,pure_duplication,2,oracle_provenance,3,0.37379999999999997,0.2705141955609724,0.37379999999999997,0.2705141955609724,0.9986138541666666,0.024621053731490854,0.0,0.0,1.0,0.0
hidden_state_dependency,medium,pure_duplication,2,provenance_preserving,3,0.37379999999999997,0.2705141955609724,0.37379999999999997,0.2705141955609724,0.9986138541666666,0.024621053731490854,0.0,0.0,1.0,0.0
hidden_state_dependency,medium,pure_duplication,2,risk_classifier,3,0.37379999999999997,0.2705141955609724,0.37379999999999997,0.2705141955609724,-1.01914390625,1.7466045358260525,2.0177577604166665,1.7482450158992617,0.3333333333333333,0.5773502691896258
hidden_state_dependency,medium,pure_duplication,2,semantic_dedup,3,0.37379999999999997,0.2705141955609724,0.37379999999999997,0.2705141955609724,0.9986138541666666,0.024621053731490854,0.0,0.0,1.0,0.0
hidden_state_dependency,medium,pure_duplication,2,source_grouping,3,0.37379999999999997,0.2705141955609724,0.37379999999999997,0.2705141955609724,0.9986138541666666,0.024621053731490854,0.0,0.0,1.0,0.0
hidden_state_dependency,medium,pure_duplication,4,bayesian_mixing,3,0.37379999999999997,0.2705141955609724,0.37379999999999997,0.2705141955609724,0.9986138541666666,0.024621053731490854,0.0,0.0,1.0,0.0
hidden_state_dependency,medium,pure_duplication,4,exact_dedup,3,0.37379999999999997,0.2705141955609724,0.37379999999999997,0.2705141955609724,0.9986138541666666,0.024621053731490854,0.0,0.0,1.0,0.0
hidden_state_dependency,medium,pure_duplication,4,flat_rollout,3,0.6157851819712712,0.23195357823108612,0.6157851819712712,0.23195357823108612,0.007532760416666617,1.7374245365275685,0.9910810937500001,1.716602808795934,0.6666666666666666,0.5773502691896258
hidden_state_dependency,medium,pure_duplication,4,independent_trajectory,3,0.37379999999999997,0.2705141955609724,0.37379999999999997,0.2705141955609724,0.9986138541666666,0.024621053731490854,0.0,0.0,1.0,0.0
hidden_state_dependency,medium,pure_duplication,4,mean_pooling,3,0.37379999999999997,0.2705141955609724,0.37379999999999997,0.2705141955609724,0.9986138541666666,0.024621053731490854,0.0,0.0,1.0,0.0
hidden_state_dependency,medium,pure_duplication,4,no_imagination,3,0.37379999999999997,0.2705141955609724,0.37379999999999997,0.2705141955609724,0.09261437499999998,0.0018464908851297322,0.9059994791666668,0.02362561007207367,0.0,0.0
hidden_state_dependency,medium,pure_duplication,4,oracle_provenance,3,0.37379999999999997,0.2705141955609724,0.37379999999999997,0.2705141955609724,0.9986138541666666,0.024621053731490854,0.0,0.0,1.0,0.0
hidden_state_dependency,medium,pure_duplication,4,provenance_preserving,3,0.37379999999999997,0.2705141955609724,0.37379999999999997,0.2705141955609724,0.9986138541666666,0.024621053731490854,0.0,0.0,1.0,0.0
hidden_state_dependency,medium,pure_duplication,4,risk_classifier,3,0.37379999999999997,0.2705141955609724,0.37379999999999997,0.2705141955609724,-1.01914390625,1.7466045358260525,2.0177577604166665,1.7482450158992617,0.3333333333333333,0.5773502691896258
hidden_state_dependency,medium,pure_duplication,4,semantic_dedup,3,0.37379999999999997,0.2705141955609724,0.37379999999999997,0.2705141955609724,0.9986138541666666,0.024621053731490854,0.0,0.0,1.0,0.0
hidden_state_dependency,medium,pure_duplication,4,source_grouping,3,0.37379999999999997,0.2705141955609724,0.37379999999999997,0.2705141955609724,0.9986138541666666,0.024621053731490854,0.0,0.0,1.0,0.0
hidden_state_dependency,medium,pure_duplication,8,bayesian_mixing,3,0.37379999999999997,0.2705141955609724,0.37379999999999997,0.2705141955609724,0.9986138541666666,0.024621053731490854,0.0,0.0,1.0,0.0
hidden_state_dependency,medium,pure_duplication,8,exact_dedup,3,0.37379999999999997,0.2705141955609724,0.37379999999999997,0.2705141955609724,0.9986138541666666,0.024621053731490854,0.0,0.0,1.0,0.0
hidden_state_dependency,medium,pure_duplication,8,flat_rollout,3,0.8743935361414626,0.08885166906873372,0.8743935361414626,0.08885166906873372,-1.01914390625,1.7466045358260525,2.0177577604166665,1.7482450158992617,0.3333333333333333,0.5773502691896258
hidden_state_dependency,medium,pure_duplication,8,independent_trajectory,3,0.37379999999999997,0.2705141955609724,0.37379999999999997,0.2705141955609724,0.9986138541666666,0.024621053731490854,0.0,0.0,1.0,0.0
hidden_state_dependency,medium,pure_duplication,8,mean_pooling,3,0.37379999999999997,0.2705141955609724,0.37379999999999997,0.2705141955609724,0.9986138541666666,0.024621053731490854,0.0,0.0,1.0,0.0
hidden_state_dependency,medium,pure_duplication,8,no_imagination,3,0.37379999999999997,0.2705141955609724,0.37379999999999997,0.2705141955609724,0.09261437499999998,0.0018464908851297322,0.9059994791666668,0.02362561007207367,0.0,0.0
hidden_state_dependency,medium,pure_duplication,8,oracle_provenance,3,0.37379999999999997,0.2705141955609724,0.37379999999999997,0.2705141955609724,0.9986138541666666,0.024621053731490854,0.0,0.0,1.0,0.0
hidden_state_dependency,medium,pure_duplication,8,provenance_preserving,3,0.37379999999999997,0.2705141955609724,0.37379999999999997,0.2705141955609724,0.9986138541666666,0.024621053731490854,0.0,0.0,1.0,0.0
hidden_state_dependency,medium,pure_duplication,8,risk_classifier,3,0.37379999999999997,0.2705141955609724,0.37379999999999997,0.2705141955609724,-1.01914390625,1.7466045358260525,2.0177577604166665,1.7482450158992617,0.3333333333333333,0.5773502691896258
hidden_state_dependency,medium,pure_duplication,8,semantic_dedup,3,0.37379999999999997,0.2705141955609724,0.37379999999999997,0.2705141955609724,0.9986138541666666,0.024621053731490854,0.0,0.0,1.0,0.0
hidden_state_dependency,medium,pure_duplication,8,source_grouping,3,0.37379999999999997,0.2705141955609724,0.37379999999999997,0.2705141955609724,0.9986138541666666,0.024621053731490854,0.0,0.0,1.0,0.0
hidden_state_dependency,medium,pure_duplication,16,bayesian_mixing,3,0.37379999999999997,0.2705141955609724,0.37379999999999997,0.2705141955609724,0.9986138541666666,0.024621053731490854,0.0,0.0,1.0,0.0
hidden_state_dependency,medium,pure_duplication,16,exact_dedup,3,0.37379999999999997,0.2705141955609724,0.37379999999999997,0.2705141955609724,0.9986138541666666,0.024621053731490854,0.0,0.0,1.0,0.0
hidden_state_dependency,medium,pure_duplication,16,flat_rollout,3,0.9941452365683378,0.004344291769148878,0.9941452365683378,0.004344291769148878,-2.0294601562500003,0.029013473984199723,3.028074010416667,0.0534513696840585,0.0,0.0
hidden_state_dependency,medium,pure_duplication,16,independent_trajectory,3,0.37379999999999997,0.2705141955609724,0.37379999999999997,0.2705141955609724,0.9986138541666666,0.024621053731490854,0.0,0.0,1.0,0.0
hidden_state_dependency,medium,pure_duplication,16,mean_pooling,3,0.37379999999999997,0.2705141955609724,0.37379999999999997,0.2705141955609724,0.9986138541666666,0.024621053731490854,0.0,0.0,1.0,0.0
hidden_state_dependency,medium,pure_duplication,16,no_imagination,3,0.37379999999999997,0.2705141955609724,0.37379999999999997,0.2705141955609724,0.09261437499999998,0.0018464908851297322,0.9059994791666668,0.02362561007207367,0.0,0.0
hidden_state_dependency,medium,pure_duplication,16,oracle_provenance,3,0.37379999999999997,0.2705141955609724,0.37379999999999997,0.2705141955609724,0.9986138541666666,0.024621053731490854,0.0,0.0,1.0,0.0
hidden_state_dependency,medium,pure_duplication,16,provenance_preserving,3,0.37379999999999997,0.2705141955609724,0.37379999999999997,0.2705141955609724,0.9986138541666666,0.024621053731490854,0.0,0.0,1.0,0.0
hidden_state_dependency,medium,pure_duplication,16,risk_classifier,3,0.37379999999999997,0.2705141955609724,0.37379999999999997,0.2705141955609724,-1.01914390625,1.7466045358260525,2.0177577604166665,1.7482450158992617,0.3333333333333333,0.5773502691896258
hidden_state_dependency,medium,pure_duplication,16,semantic_dedup,3,0.37379999999999997,0.2705141955609724,0.37379999999999997,0.2705141955609724,0.9986138541666666,0.024621053731490854,0.0,0.0,1.0,0.0
hidden_state_dependency,medium,pure_duplication,16,source_grouping,3,0.37379999999999997,0.2705141955609724,0.37379999999999997,0.2705141955609724,0.9986138541666666,0.024621053731490854,0.0,0.0,1.0,0.0
hidden_state_dependency,medium,pure_duplication,32,bayesian_mixing,3,0.37379999999999997,0.2705141955609724,0.37379999999999997,0.2705141955609724,0.9986138541666666,0.024621053731490854,0.0,0.0,1.0,0.0
hidden_state_dependency,medium,pure_duplication,32,exact_dedup,3,0.37379999999999997,0.2705141955609724,0.37379999999999997,0.2705141955609724,0.9986138541666666,0.024621053731490854,0.0,0.0,1.0,0.0
hidden_state_dependency,medium,pure_duplication,32,flat_rollout,3,0.9999910146328808,6.6812702096163195e-06,0.9999910146328808,6.6812702096163195e-06,-2.0294601562500003,0.029013473984199723,3.028074010416667,0.0534513696840585,0.0,0.0
hidden_state_dependency,medium,pure_duplication,32,independent_trajectory,3,0.37379999999999997,0.2705141955609724,0.37379999999999997,0.2705141955609724,0.9986138541666666,0.024621053731490854,0.0,0.0,1.0,0.0
hidden_state_dependency,medium,pure_duplication,32,mean_pooling,3,0.37379999999999997,0.2705141955609724,0.37379999999999997,0.2705141955609724,0.9986138541666666,0.024621053731490854,0.0,0.0,1.0,0.0
hidden_state_dependency,medium,pure_duplication,32,no_imagination,3,0.37379999999999997,0.2705141955609724,0.37379999999999997,0.2705141955609724,0.09261437499999998,0.0018464908851297322,0.9059994791666668,0.02362561007207367,0.0,0.0
hidden_state_dependency,medium,pure_duplication,32,oracle_provenance,3,0.37379999999999997,0.2705141955609724,0.37379999999999997,0.2705141955609724,0.9986138541666666,0.024621053731490854,0.0,0.0,1.0,0.0
hidden_state_dependency,medium,pure_duplication,32,provenance_preserving,3,0.37379999999999997,0.2705141955609724,0.37379999999999997,0.2705141955609724,0.9986138541666666,0.024621053731490854,0.0,0.0,1.0,0.0
hidden_state_dependency,medium,pure_duplication,32,risk_classifier,3,0.37379999999999997,0.2705141955609724,0.37379999999999997,0.2705141955609724,-1.01914390625,1.7466045358260525,2.0177577604166665,1.7482450158992617,0.3333333333333333,0.5773502691896258
hidden_state_dependency,medium,pure_duplication,32,semantic_dedup,3,0.37379999999999997,0.2705141955609724,0.37379999999999997,0.2705141955609724,0.9986138541666666,0.024621053731490854,0.0,0.0,1.0,0.0
hidden_state_dependency,medium,pure_duplication,32,source_grouping,3,0.37379999999999997,0.2705141955609724,0.37379999999999997,0.2705141955609724,0.9986138541666666,0.024621053731490854,0.0,0.0,1.0,0.0
hidden_state_dependency,medium,pure_duplication,64,bayesian_mixing,3,0.37379999999999997,0.2705141955609724,0.37379999999999997,0.2705141955609724,0.9986138541666666,0.024621053731490854,0.0,0.0,1.0,0.0
hidden_state_dependency,medium,pure_duplication,64,exact_dedup,3,0.37379999999999997,0.2705141955609724,0.37379999999999997,0.2705141955609724,0.9986138541666666,0.024621053731490854,0.0,0.0,1.0,0.0
hidden_state_dependency,medium,pure_duplication,64,flat_rollout,3,0.9999999999791734,1.5486238096957623e-11,0.9999999999791734,1.5486238096957623e-11,-2.0294601562500003,0.029013473984199723,3.028074010416667,0.0534513696840585,0.0,0.0
hidden_state_dependency,medium,pure_duplication,64,independent_trajectory,3,0.37379999999999997,0.2705141955609724,0.37379999999999997,0.2705141955609724,0.9986138541666666,0.024621053731490854,0.0,0.0,1.0,0.0
hidden_state_dependency,medium,pure_duplication,64,mean_pooling,3,0.37379999999999997,0.2705141955609724,0.37379999999999997,0.2705141955609724,0.9986138541666666,0.024621053731490854,0.0,0.0,1.0,0.0
hidden_state_dependency,medium,pure_duplication,64,no_imagination,3,0.37379999999999997,0.2705141955609724,0.37379999999999997,0.2705141955609724,0.09261437499999998,0.0018464908851297322,0.9059994791666668,0.02362561007207367,0.0,0.0
hidden_state_dependency,medium,pure_duplication,64,oracle_provenance,3,0.37379999999999997,0.2705141955609724,0.37379999999999997,0.2705141955609724,0.9986138541666666,0.024621053731490854,0.0,0.0,1.0,0.0
hidden_state_dependency,medium,pure_duplication,64,provenance_preserving,3,0.37379999999999997,0.2705141955609724,0.37379999999999997,0.2705141955609724,0.9986138541666666,0.024621053731490854,0.0,0.0,1.0,0.0
hidden_state_dependency,medium,pure_duplication,64,risk_classifier,3,0.37379999999999997,0.2705141955609724,0.37379999999999997,0.2705141955609724,-1.01914390625,1.7466045358260525,2.0177577604166665,1.7482450158992617,0.3333333333333333,0.5773502691896258
hidden_state_dependency,medium,pure_duplication,64,semantic_dedup,3,0.37379999999999997,0.2705141955609724,0.37379999999999997,0.2705141955609724,0.9986138541666666,0.024621053731490854,0.0,0.0,1.0,0.0
hidden_state_dependency,medium,pure_duplication,64,source_grouping,3,0.37379999999999997,0.2705141955609724,0.37379999999999997,0.2705141955609724,0.9986138541666666,0.024621053731490854,0.0,0.0,1.0,0.0
object_property_uncertainty,easy,independent_rollout,1,bayesian_mixing,8,0.42946249999999997,0.18776440357533158,0.5734874999999999,0.18646689049265555,1.1988659375,0.0024426432087851545,0.22774916015625,0.3143466374325598,0.625,0.5175491695067657
object_property_uncertainty,easy,independent_rollout,1,exact_dedup,8,0.42946249999999997,0.18776440357533158,0.5734874999999999,0.18646689049265555,1.1988659375,0.0024426432087851545,0.22774916015625,0.3143466374325598,0.625,0.5175491695067657
object_property_uncertainty,easy,independent_rollout,1,flat_rollout,8,0.42946249999999997,0.1877644035753316,0.5734874999999999,0.18646689049265555,1.1988659375,0.0024426432087851545,0.22774916015625,0.3143466374325598,0.625,0.5175491695067657
object_property_uncertainty,easy,independent_rollout,1,independent_trajectory,8,0.42946249999999997,0.18776440357533158,0.5734874999999999,0.18646689049265555,1.1988659375,0.0024426432087851545,0.22774916015625,0.3143466374325598,0.625,0.5175491695067657
object_property_uncertainty,easy,independent_rollout,1,mean_pooling,8,0.42946249999999997,0.18776440357533158,0.5734874999999999,0.18646689049265555,1.1988659375,0.0024426432087851545,0.22774916015625,0.3143466374325598,0.625,0.5175491695067657
object_property_uncertainty,easy,independent_rollout,1,no_imagination,8,0.42946249999999997,0.18776440357533158,0.5734874999999999,0.18646689049265555,-0.09556626953125,0.013496150612588893,1.5221813671874997,0.31417856769419045,0.0,0.0
object_property_uncertainty,easy,independent_rollout,1,oracle_provenance,8,0.42946249999999997,0.18776440357533158,0.5734874999999999,0.18646689049265555,1.1988659375,0.0024426432087851545,0.22774916015625,0.3143466374325598,0.625,0.5175491695067657
object_property_uncertainty,easy,independent_rollout,1,provenance_preserving,8,0.42946249999999997,0.18776440357533158,0.5734874999999999,0.18646689049265555,1.1988659375,0.0024426432087851545,0.22774916015625,0.3143466374325598,0.625,0.5175491695067657
object_property_uncertainty,easy,independent_rollout,1,risk_classifier,8,0.42946249999999997,0.18776440357533158,0.5734874999999999,0.18646689049265555,1.1988659375,0.0024426432087851545,0.22774916015625,0.3143466374325598,0.625,0.5175491695067657
object_property_uncertainty,easy,independent_rollout,1,semantic_dedup,8,0.42946249999999997,0.18776440357533158,0.5734874999999999,0.18646689049265555,1.1988659375,0.0024426432087851545,0.22774916015625,0.3143466374325598,0.625,0.5175491695067657
object_property_uncertainty,easy,independent_rollout,1,source_grouping,8,0.42946249999999997,0.18776440357533158,0.5734874999999999,0.18646689049265555,1.1988659375,0.0024426432087851545,0.22774916015625,0.3143466374325598,0.625,0.5175491695067657
object_property_uncertainty,easy,independent_rollout,2,bayesian_mixing,8,0.42946249999999997,0.18776440357533158,0.5734874999999999,0.18646689049265555,1.1988659375,0.0024426432087851545,0.22774916015625,0.3143466374325598,0.625,0.5175491695067657
object_property_uncertainty,easy,independent_rollout,2,exact_dedup,8,0.42946249999999997,0.18776440357533158,0.5734874999999999,0.18646689049265555,1.1988659375,0.0024426432087851545,0.22774916015625,0.3143466374325598,0.625,0.5175491695067657
object_property_uncertainty,easy,independent_rollout,2,flat_rollout,8,0.42946249999999997,0.1877644035753316,0.5734874999999999,0.18646689049265555,1.1988659375,0.0024426432087851545,0.22774916015625,0.3143466374325598,0.625,0.5175491695067657
object_property_uncertainty,easy,independent_rollout,2,independent_trajectory,8,0.42946249999999997,0.18776440357533158,0.5734874999999999,0.18646689049265555,1.1988659375,0.0024426432087851545,0.22774916015625,0.3143466374325598,0.625,0.5175491695067657
object_property_uncertainty,easy,independent_rollout,2,mean_pooling,8,0.42946249999999997,0.18776440357533158,0.5734874999999999,0.18646689049265555,1.1988659375,0.0024426432087851545,0.22774916015625,0.3143466374325598,0.625,0.5175491695067657
object_property_uncertainty,easy,independent_rollout,2,no_imagination,8,0.42946249999999997,0.18776440357533158,0.5734874999999999,0.18646689049265555,-0.09556626953125,0.013496150612588893,1.5221813671874997,0.31417856769419045,0.0,0.0
object_property_uncertainty,easy,independent_rollout,2,oracle_provenance,8,0.42946249999999997,0.18776440357533158,0.5734874999999999,0.18646689049265555,1.1988659375,0.0024426432087851545,0.22774916015625,0.3143466374325598,0.625,0.5175491695067657
object_property_uncertainty,easy,independent_rollout,2,provenance_preserving,8,0.42946249999999997,0.18776440357533158,0.5734874999999999,0.18646689049265555,1.1988659375,0.0024426432087851545,0.22774916015625,0.3143466374325598,0.625,0.5175491695067657
object_property_uncertainty,easy,independent_rollout,2,risk_classifier,8,0.42946249999999997,0.18776440357533158,0.5734874999999999,0.18646689049265555,1.1988659375,0.0024426432087851545,0.22774916015625,0.3143466374325598,0.625,0.5175491695067657
object_property_uncertainty,easy,independent_rollout,2,semantic_dedup,8,0.42946249999999997,0.18776440357533158,0.5734874999999999,0.18646689049265555,1.1988659375,0.0024426432087851545,0.22774916015625,0.3143466374325598,0.625,0.5175491695067657
object_property_uncertainty,easy,independent_rollout,2,source_grouping,8,0.42946249999999997,0.18776440357533158,0.5734874999999999,0.18646689049265555,1.1988659375,0.0024426432087851545,0.22774916015625,0.3143466374325598,0.625,0.5175491695067657
object_property_uncertainty,easy,independent_rollout,4,bayesian_mixing,8,0.42946249999999997,0.18776440357533158,0.5734874999999999,0.18646689049265555,1.1988659375,0.0024426432087851545,0.22774916015625,0.3143466374325598,0.625,0.5175491695067657
object_property_uncertainty,easy,independent_rollout,4,exact_dedup,8,0.42946249999999997,0.18776440357533158,0.5734874999999999,0.18646689049265555,1.1988659375,0.0024426432087851545,0.22774916015625,0.3143466374325598,0.625,0.5175491695067657
object_property_uncertainty,easy,independent_rollout,4,flat_rollout,8,0.42946249999999997,0.1877644035753316,0.5734874999999999,0.18646689049265555,1.1988659375,0.0024426432087851545,0.22774916015625,0.3143466374325598,0.625,0.5175491695067657
object_property_uncertainty,easy,independent_rollout,4,independent_trajectory,8,0.42946249999999997,0.18776440357533158,0.5734874999999999,0.18646689049265555,1.1988659375,0.0024426432087851545,0.22774916015625,0.3143466374325598,0.625,0.5175491695067657
object_property_uncertainty,easy,independent_rollout,4,mean_pooling,8,0.42946249999999997,0.18776440357533158,0.5734874999999999,0.18646689049265555,1.1988659375,0.0024426432087851545,0.22774916015625,0.3143466374325598,0.625,0.5175491695067657
object_property_uncertainty,easy,independent_rollout,4,no_imagination,8,0.42946249999999997,0.18776440357533158,0.5734874999999999,0.18646689049265555,-0.09556626953125,0.013496150612588893,1.5221813671874997,0.31417856769419045,0.0,0.0
object_property_uncertainty,easy,independent_rollout,4,oracle_provenance,8,0.42946249999999997,0.18776440357533158,0.5734874999999999,0.18646689049265555,1.1988659375,0.0024426432087851545,0.22774916015625,0.3143466374325598,0.625,0.5175491695067657
object_property_uncertainty,easy,independent_rollout,4,provenance_preserving,8,0.42946249999999997,0.18776440357533158,0.5734874999999999,0.18646689049265555,1.1988659375,0.0024426432087851545,0.22774916015625,0.3143466374325598,0.625,0.5175491695067657
object_property_uncertainty,easy,independent_rollout,4,risk_classifier,8,0.42946249999999997,0.18776440357533158,0.5734874999999999,0.18646689049265555,1.1988659375,0.0024426432087851545,0.22774916015625,0.3143466374325598,0.625,0.5175491695067657
object_property_uncertainty,easy,independent_rollout,4,semantic_dedup,8,0.42946249999999997,0.18776440357533158,0.5734874999999999,0.18646689049265555,1.1988659375,0.0024426432087851545,0.22774916015625,0.3143466374325598,0.625,0.5175491695067657
object_property_uncertainty,easy,independent_rollout,4,source_grouping,8,0.42946249999999997,0.18776440357533158,0.5734874999999999,0.18646689049265555,1.1988659375,0.0024426432087851545,0.22774916015625,0.3143466374325598,0.625,0.5175491695067657
object_property_uncertainty,easy,independent_rollout,8,bayesian_mixing,8,0.42946249999999997,0.18776440357533158,0.5734874999999999,0.18646689049265555,1.1988659375,0.0024426432087851545,0.22774916015625,0.3143466374325598,0.625,0.5175491695067657
object_property_uncertainty,easy,independent_rollout,8,exact_dedup,8,0.42946249999999997,0.18776440357533158,0.5734874999999999,0.18646689049265555,1.1988659375,0.0024426432087851545,0.22774916015625,0.3143466374325598,0.625,0.5175491695067657
object_property_uncertainty,easy,independent_rollout,8,flat_rollout,8,0.42946249999999997,0.1877644035753316,0.5734874999999999,0.18646689049265555,1.1988659375,0.0024426432087851545,0.22774916015625,0.3143466374325598,0.625,0.5175491695067657
object_property_uncertainty,easy,independent_rollout,8,independent_trajectory,8,0.42946249999999997,0.18776440357533158,0.5734874999999999,0.18646689049265555,1.1988659375,0.0024426432087851545,0.22774916015625,0.3143466374325598,0.625,0.5175491695067657
object_property_uncertainty,easy,independent_rollout,8,mean_pooling,8,0.42946249999999997,0.18776440357533158,0.5734874999999999,0.18646689049265555,1.1988659375,0.0024426432087851545,0.22774916015625,0.3143466374325598,0.625,0.5175491695067657
object_property_uncertainty,easy,independent_rollout,8,no_imagination,8,0.42946249999999997,0.18776440357533158,0.5734874999999999,0.18646689049265555,-0.09556626953125,0.013496150612588893,1.5221813671874997,0.31417856769419045,0.0,0.0
object_property_uncertainty,easy,independent_rollout,8,oracle_provenance,8,0.42946249999999997,0.18776440357533158,0.5734874999999999,0.18646689049265555,1.1988659375,0.0024426432087851545,0.22774916015625,0.3143466374325598,0.625,0.5175491695067657
object_property_uncertainty,easy,independent_rollout,8,provenance_preserving,8,0.42946249999999997,0.18776440357533158,0.5734874999999999,0.18646689049265555,1.1988659375,0.0024426432087851545,0.22774916015625,0.3143466374325598,0.625,0.5175491695067657
object_property_uncertainty,easy,independent_rollout,8,risk_classifier,8,0.42946249999999997,0.18776440357533158,0.5734874999999999,0.18646689049265555,1.1988659375,0.0024426432087851545,0.22774916015625,0.3143466374325598,0.625,0.5175491695067657
object_property_uncertainty,easy,independent_rollout,8,semantic_dedup,8,0.42946249999999997,0.18776440357533158,0.5734874999999999,0.18646689049265555,1.1988659375,0.0024426432087851545,0.22774916015625,0.3143466374325598,0.625,0.5175491695067657
object_property_uncertainty,easy,independent_rollout,8,source_grouping,8,0.42946249999999997,0.18776440357533158,0.5734874999999999,0.18646689049265555,1.1988659375,0.0024426432087851545,0.22774916015625,0.3143466374325598,0.625,0.5175491695067657
object_property_uncertainty,easy,independent_rollout,16,bayesian_mixing,8,0.42946249999999997,0.18776440357533158,0.5734874999999999,0.18646689049265555,1.1988659375,0.0024426432087851545,0.22774916015625,0.3143466374325598,0.625,0.5175491695067657
object_property_uncertainty,easy,independent_rollout,16,exact_dedup,8,0.42946249999999997,0.18776440357533158,0.5734874999999999,0.18646689049265555,1.1988659375,0.0024426432087851545,0.22774916015625,0.3143466374325598,0.625,0.5175491695067657
object_property_uncertainty,easy,independent_rollout,16,flat_rollout,8,0.42946249999999997,0.1877644035753316,0.5734874999999999,0.18646689049265555,1.1988659375,0.0024426432087851545,0.22774916015625,0.3143466374325598,0.625,0.5175491695067657
object_property_uncertainty,easy,independent_rollout,16,independent_trajectory,8,0.42946249999999997,0.18776440357533158,0.5734874999999999,0.18646689049265555,1.1988659375,0.0024426432087851545,0.22774916015625,0.3143466374325598,0.625,0.5175491695067657
object_property_uncertainty,easy,independent_rollout,16,mean_pooling,8,0.42946249999999997,0.18776440357533158,0.5734874999999999,0.18646689049265555,1.1988659375,0.0024426432087851545,0.22774916015625,0.3143466374325598,0.625,0.5175491695067657
object_property_uncertainty,easy,independent_rollout,16,no_imagination,8,0.42946249999999997,0.18776440357533158,0.5734874999999999,0.18646689049265555,-0.09556626953125,0.013496150612588893,1.5221813671874997,0.31417856769419045,0.0,0.0
object_property_uncertainty,easy,independent_rollout,16,oracle_provenance,8,0.42946249999999997,0.18776440357533158,0.5734874999999999,0.18646689049265555,1.1988659375,0.0024426432087851545,0.22774916015625,0.3143466374325598,0.625,0.5175491695067657
object_property_uncertainty,easy,independent_rollout,16,provenance_preserving,8,0.42946249999999997,0.18776440357533158,0.5734874999999999,0.18646689049265555,1.1988659375,0.0024426432087851545,0.22774916015625,0.3143466374325598,0.625,0.5175491695067657
object_property_uncertainty,easy,independent_rollout,16,risk_classifier,8,0.42946249999999997,0.18776440357533158,0.5734874999999999,0.18646689049265555,1.1988659375,0.0024426432087851545,0.22774916015625,0.3143466374325598,0.625,0.5175491695067657
object_property_uncertainty,easy,independent_rollout,16,semantic_dedup,8,0.42946249999999997,0.18776440357533158,0.5734874999999999,0.18646689049265555,1.1988659375,0.0024426432087851545,0.22774916015625,0.3143466374325598,0.625,0.5175491695067657
object_property_uncertainty,easy,independent_rollout,16,source_grouping,8,0.42946249999999997,0.18776440357533158,0.5734874999999999,0.18646689049265555,1.1988659375,0.0024426432087851545,0.22774916015625,0.3143466374325598,0.625,0.5175491695067657
object_property_uncertainty,easy,independent_rollout,32,bayesian_mixing,8,0.42946249999999997,0.18776440357533158,0.5734874999999999,0.18646689049265555,1.1988659375,0.0024426432087851545,0.22774916015625,0.3143466374325598,0.625,0.5175491695067657
object_property_uncertainty,easy,independent_rollout,32,exact_dedup,8,0.42946249999999997,0.18776440357533158,0.5734874999999999,0.18646689049265555,1.1988659375,0.0024426432087851545,0.22774916015625,0.3143466374325598,0.625,0.5175491695067657
object_property_uncertainty,easy,independent_rollout,32,flat_rollout,8,0.42946249999999997,0.1877644035753316,0.5734874999999999,0.18646689049265555,1.1988659375,0.0024426432087851545,0.22774916015625,0.3143466374325598,0.625,0.5175491695067657
object_property_uncertainty,easy,independent_rollout,32,independent_trajectory,8,0.42946249999999997,0.18776440357533158,0.5734874999999999,0.18646689049265555,1.1988659375,0.0024426432087851545,0.22774916015625,0.3143466374325598,0.625,0.5175491695067657
object_property_uncertainty,easy,independent_rollout,32,mean_pooling,8,0.42946249999999997,0.18776440357533158,0.5734874999999999,0.18646689049265555,1.1988659375,0.0024426432087851545,0.22774916015625,0.3143466374325598,0.625,0.5175491695067657
object_property_uncertainty,easy,independent_rollout,32,no_imagination,8,0.42946249999999997,0.18776440357533158,0.5734874999999999,0.18646689049265555,-0.09556626953125,0.013496150612588893,1.5221813671874997,0.31417856769419045,0.0,0.0
object_property_uncertainty,easy,independent_rollout,32,oracle_provenance,8,0.42946249999999997,0.18776440357533158,0.5734874999999999,0.18646689049265555,1.1988659375,0.0024426432087851545,0.22774916015625,0.3143466374325598,0.625,0.5175491695067657
object_property_uncertainty,easy,independent_rollout,32,provenance_preserving,8,0.42946249999999997,0.18776440357533158,0.5734874999999999,0.18646689049265555,1.1988659375,0.0024426432087851545,0.22774916015625,0.3143466374325598,0.625,0.5175491695067657
object_property_uncertainty,easy,independent_rollout,32,risk_classifier,8,0.42946249999999997,0.18776440357533158,0.5734874999999999,0.18646689049265555,1.1988659375,0.0024426432087851545,0.22774916015625,0.3143466374325598,0.625,0.5175491695067657
object_property_uncertainty,easy,independent_rollout,32,semantic_dedup,8,0.42946249999999997,0.18776440357533158,0.5734874999999999,0.18646689049265555,1.1988659375,0.0024426432087851545,0.22774916015625,0.3143466374325598,0.625,0.5175491695067657
object_property_uncertainty,easy,independent_rollout,32,source_grouping,8,0.42946249999999997,0.18776440357533158,0.5734874999999999,0.18646689049265555,1.1988659375,0.0024426432087851545,0.22774916015625,0.3143466374325598,0.625,0.5175491695067657
object_property_uncertainty,easy,independent_rollout,64,bayesian_mixing,8,0.42946249999999997,0.18776440357533158,0.5734874999999999,0.18646689049265555,1.1988659375,0.0024426432087851545,0.22774916015625,0.3143466374325598,0.625,0.5175491695067657
object_property_uncertainty,easy,independent_rollout,64,exact_dedup,8,0.42946249999999997,0.18776440357533158,0.5734874999999999,0.18646689049265555,1.1988659375,0.0024426432087851545,0.22774916015625,0.3143466374325598,0.625,0.5175491695067657
object_property_uncertainty,easy,independent_rollout,64,flat_rollout,8,0.42946249999999997,0.1877644035753316,0.5734874999999999,0.18646689049265555,1.1988659375,0.0024426432087851545,0.22774916015625,0.3143466374325598,0.625,0.5175491695067657
object_property_uncertainty,easy,independent_rollout,64,independent_trajectory,8,0.42946249999999997,0.18776440357533158,0.5734874999999999,0.18646689049265555,1.1988659375,0.0024426432087851545,0.22774916015625,0.3143466374325598,0.625,0.5175491695067657
object_property_uncertainty,easy,independent_rollout,64,mean_pooling,8,0.42946249999999997,0.18776440357533158,0.5734874999999999,0.18646689049265555,1.1988659375,0.0024426432087851545,0.22774916015625,0.3143466374325598,0.625,0.5175491695067657
object_property_uncertainty,easy,independent_rollout,64,no_imagination,8,0.42946249999999997,0.18776440357533158,0.5734874999999999,0.18646689049265555,-0.09556626953125,0.013496150612588893,1.5221813671874997,0.31417856769419045,0.0,0.0
object_property_uncertainty,easy,independent_rollout,64,oracle_provenance,8,0.42946249999999997,0.18776440357533158,0.5734874999999999,0.18646689049265555,1.1988659375,0.0024426432087851545,0.22774916015625,0.3143466374325598,0.625,0.5175491695067657
object_property_uncertainty,easy,independent_rollout,64,provenance_preserving,8,0.42946249999999997,0.18776440357533158,0.5734874999999999,0.18646689049265555,1.1988659375,0.0024426432087851545,0.22774916015625,0.3143466374325598,0.625,0.5175491695067657
object_property_uncertainty,easy,independent_rollout,64,risk_classifier,8,0.42946249999999997,0.18776440357533158,0.5734874999999999,0.18646689049265555,1.1988659375,0.0024426432087851545,0.22774916015625,0.3143466374325598,0.625,0.5175491695067657
object_property_uncertainty,easy,independent_rollout,64,semantic_dedup,8,0.42946249999999997,0.18776440357533158,0.5734874999999999,0.18646689049265555,1.1988659375,0.0024426432087851545,0.22774916015625,0.3143466374325598,0.625,0.5175491695067657
object_property_uncertainty,easy,independent_rollout,64,source_grouping,8,0.42946249999999997,0.18776440357533158,0.5734874999999999,0.18646689049265555,1.1988659375,0.0024426432087851545,0.22774916015625,0.3143466374325598,0.625,0.5175491695067657
object_property_uncertainty,easy,pure_duplication,1,bayesian_mixing,8,0.42946249999999997,0.18776440357533158,0.5734874999999999,0.18646689049265555,1.1988659375,0.0024426432087851545,0.22774916015625,0.3143466374325598,0.625,0.5175491695067657
object_property_uncertainty,easy,pure_duplication,1,exact_dedup,8,0.42946249999999997,0.18776440357533158,0.5734874999999999,0.18646689049265555,1.1988659375,0.0024426432087851545,0.22774916015625,0.3143466374325598,0.625,0.5175491695067657
object_property_uncertainty,easy,pure_duplication,1,flat_rollout,8,0.42946249999999997,0.1877644035753316,0.5734874999999999,0.18646689049265555,1.1988659375,0.0024426432087851545,0.22774916015625,0.3143466374325598,0.625,0.5175491695067657
object_property_uncertainty,easy,pure_duplication,1,independent_trajectory,8,0.42946249999999997,0.18776440357533158,0.5734874999999999,0.18646689049265555,1.1988659375,0.0024426432087851545,0.22774916015625,0.3143466374325598,0.625,0.5175491695067657
object_property_uncertainty,easy,pure_duplication,1,mean_pooling,8,0.42946249999999997,0.18776440357533158,0.5734874999999999,0.18646689049265555,1.1988659375,0.0024426432087851545,0.22774916015625,0.3143466374325598,0.625,0.5175491695067657
object_property_uncertainty,easy,pure_duplication,1,no_imagination,8,0.42946249999999997,0.18776440357533158,0.5734874999999999,0.18646689049265555,-0.09556626953125,0.013496150612588893,1.5221813671874997,0.31417856769419045,0.0,0.0
object_property_uncertainty,easy,pure_duplication,1,oracle_provenance,8,0.42946249999999997,0.18776440357533158,0.5734874999999999,0.18646689049265555,1.1988659375,0.0024426432087851545,0.22774916015625,0.3143466374325598,0.625,0.5175491695067657
object_property_uncertainty,easy,pure_duplication,1,provenance_preserving,8,0.42946249999999997,0.18776440357533158,0.5734874999999999,0.18646689049265555,1.1988659375,0.0024426432087851545,0.22774916015625,0.3143466374325598,0.625,0.5175491695067657
object_property_uncertainty,easy,pure_duplication,1,risk_classifier,8,0.42946249999999997,0.18776440357533158,0.5734874999999999,0.18646689049265555,1.1988659375,0.0024426432087851545,0.22774916015625,0.3143466374325598,0.625,0.5175491695067657
object_property_uncertainty,easy,pure_duplication,1,semantic_dedup,8,0.42946249999999997,0.18776440357533158,0.5734874999999999,0.18646689049265555,1.1988659375,0.0024426432087851545,0.22774916015625,0.3143466374325598,0.625,0.5175491695067657
object_property_uncertainty,easy,pure_duplication,1,source_grouping,8,0.42946249999999997,0.18776440357533158,0.5734874999999999,0.18646689049265555,1.1988659375,0.0024426432087851545,0.22774916015625,0.3143466374325598,0.625,0.5175491695067657
object_property_uncertainty,easy,pure_duplication,2,bayesian_mixing,8,0.42946249999999997,0.18776440357533158,0.5734874999999999,0.18646689049265555,1.1988659375,0.0024426432087851545,0.22774916015625,0.3143466374325598,0.625,0.5175491695067657
object_property_uncertainty,easy,pure_duplication,2,exact_dedup,8,0.42946249999999997,0.18776440357533158,0.5734874999999999,0.18646689049265555,1.1988659375,0.0024426432087851545,0.22774916015625,0.3143466374325598,0.625,0.5175491695067657
object_property_uncertainty,easy,pure_duplication,2,flat_rollout,8,0.5176161662249061,0.18821454040971555,0.5445391737181962,0.18306350306741495,1.1988659375,0.0024426432087851545,0.22774916015625,0.3143466374325598,0.625,0.5175491695067657
object_property_uncertainty,easy,pure_duplication,2,independent_trajectory,8,0.42946249999999997,0.18776440357533158,0.5734874999999999,0.18646689049265555,1.1988659375,0.0024426432087851545,0.22774916015625,0.3143466374325598,0.625,0.5175491695067657
object_property_uncertainty,easy,pure_duplication,2,mean_pooling,8,0.42946249999999997,0.18776440357533158,0.5734874999999999,0.18646689049265555,1.1988659375,0.0024426432087851545,0.22774916015625,0.3143466374325598,0.625,0.5175491695067657
object_property_uncertainty,easy,pure_duplication,2,no_imagination,8,0.42946249999999997,0.18776440357533158,0.5734874999999999,0.18646689049265555,-0.09556626953125,0.013496150612588893,1.5221813671874997,0.31417856769419045,0.0,0.0
object_property_uncertainty,easy,pure_duplication,2,oracle_provenance,8,0.42946249999999997,0.18776440357533158,0.5734874999999999,0.18646689049265555,1.1988659375,0.0024426432087851545,0.22774916015625,0.3143466374325598,0.625,0.5175491695067657
object_property_uncertainty,easy,pure_duplication,2,provenance_preserving,8,0.42946249999999997,0.18776440357533158,0.5734874999999999,0.18646689049265555,1.1988659375,0.0024426432087851545,0.22774916015625,0.3143466374325598,0.625,0.5175491695067657
object_property_uncertainty,easy,pure_duplication,2,risk_classifier,8,0.42946249999999997,0.18776440357533158,0.5734874999999999,0.18646689049265555,1.1988659375,0.0024426432087851545,0.22774916015625,0.3143466374325598,0.625,0.5175491695067657
object_property_uncertainty,easy,pure_duplication,2,semantic_dedup,8,0.42946249999999997,0.18776440357533158,0.5734874999999999,0.18646689049265555,1.1988659375,0.0024426432087851545,0.22774916015625,0.3143466374325598,0.625,0.5175491695067657
object_property_uncertainty,easy,pure_duplication,2,source_grouping,8,0.42946249999999997,0.18776440357533158,0.5734874999999999,0.18646689049265555,1.1988659375,0.0024426432087851545,0.22774916015625,0.3143466374325598,0.625,0.5175491695067657
object_property_uncertainty,easy,pure_duplication,4,bayesian_mixing,8,0.42946249999999997,0.18776440357533158,0.5734874999999999,0.18646689049265555,1.1988659375,0.0024426432087851545,0.22774916015625,0.3143466374325598,0.625,0.5175491695067657
object_property_uncertainty,easy,pure_duplication,4,exact_dedup,8,0.42946249999999997,0.18776440357533158,0.5734874999999999,0.18646689049265555,1.1988659375,0.0024426432087851545,0.22774916015625,0.3143466374325598,0.625,0.5175491695067657
object_property_uncertainty,easy,pure_duplication,4,flat_rollout,8,0.6874612148555139,0.15832808734005,0.4821497950134675,0.25468723136474136,1.1988659375,0.0024426432087851545,0.22774916015625,0.3143466374325598,0.625,0.5175491695067657
object_property_uncertainty,easy,pure_duplication,4,independent_trajectory,8,0.42946249999999997,0.18776440357533158,0.5734874999999999,0.18646689049265555,1.1988659375,0.0024426432087851545,0.22774916015625,0.3143466374325598,0.625,0.5175491695067657
object_property_uncertainty,easy,pure_duplication,4,mean_pooling,8,0.42946249999999997,0.18776440357533158,0.5734874999999999,0.18646689049265555,1.1988659375,0.0024426432087851545,0.22774916015625,0.3143466374325598,0.625,0.5175491695067657
object_property_uncertainty,easy,pure_duplication,4,no_imagination,8,0.42946249999999997,0.18776440357533158,0.5734874999999999,0.18646689049265555,-0.09556626953125,0.013496150612588893,1.5221813671874997,0.31417856769419045,0.0,0.0
object_property_uncertainty,easy,pure_duplication,4,oracle_provenance,8,0.42946249999999997,0.18776440357533158,0.5734874999999999,0.18646689049265555,1.1988659375,0.0024426432087851545,0.22774916015625,0.3143466374325598,0.625,0.5175491695067657
object_property_uncertainty,easy,pure_duplication,4,provenance_preserving,8,0.42946249999999997,0.18776440357533158,0.5734874999999999,0.18646689049265555,1.1988659375,0.0024426432087851545,0.22774916015625,0.3143466374325598,0.625,0.5175491695067657
object_property_uncertainty,easy,pure_duplication,4,risk_classifier,8,0.42946249999999997,0.18776440357533158,0.5734874999999999,0.18646689049265555,1.1988659375,0.0024426432087851545,0.22774916015625,0.3143466374325598,0.625,0.5175491695067657
object_property_uncertainty,easy,pure_duplication,4,semantic_dedup,8,0.42946249999999997,0.18776440357533158,0.5734874999999999,0.18646689049265555,1.1988659375,0.0024426432087851545,0.22774916015625,0.3143466374325598,0.625,0.5175491695067657
object_property_uncertainty,easy,pure_duplication,4,source_grouping,8,0.42946249999999997,0.18776440357533158,0.5734874999999999,0.18646689049265555,1.1988659375,0.0024426432087851545,0.22774916015625,0.3143466374325598,0.625,0.5175491695067657
object_property_uncertainty,easy,pure_duplication,8,bayesian_mixing,8,0.42946249999999997,0.18776440357533158,0.5734874999999999,0.18646689049265555,1.1988659375,0.0024426432087851545,0.22774916015625,0.3143466374325598,0.625,0.5175491695067657
object_property_uncertainty,easy,pure_duplication,8,exact_dedup,8,0.42946249999999997,0.18776440357533158,0.5734874999999999,0.18646689049265555,1.1988659375,0.0024426432087851545,0.22774916015625,0.3143466374325598,0.625,0.5175491695067657
object_property_uncertainty,easy,pure_duplication,8,flat_rollout,8,0.9087693403117347,0.06007083822168987,0.4026346777593416,0.42864545456980835,1.1988659375,0.0024426432087851545,0.22774916015625,0.3143466374325598,0.625,0.5175491695067657
object_property_uncertainty,easy,pure_duplication,8,independent_trajectory,8,0.42946249999999997,0.18776440357533158,0.5734874999999999,0.18646689049265555,1.1988659375,0.0024426432087851545,0.22774916015625,0.3143466374325598,0.625,0.5175491695067657
object_property_uncertainty,easy,pure_duplication,8,mean_pooling,8,0.42946249999999997,0.18776440357533158,0.5734874999999999,0.18646689049265555,1.1988659375,0.0024426432087851545,0.22774916015625,0.3143466374325598,0.625,0.5175491695067657
object_property_uncertainty,easy,pure_duplication,8,no_imagination,8,0.42946249999999997,0.18776440357533158,0.5734874999999999,0.18646689049265555,-0.09556626953125,0.013496150612588893,1.5221813671874997,0.31417856769419045,0.0,0.0
object_property_uncertainty,easy,pure_duplication,8,oracle_provenance,8,0.42946249999999997,0.18776440357533158,0.5734874999999999,0.18646689049265555,1.1988659375,0.0024426432087851545,0.22774916015625,0.3143466374325598,0.625,0.5175491695067657
object_property_uncertainty,easy,pure_duplication,8,provenance_preserving,8,0.42946249999999997,0.18776440357533158,0.5734874999999999,0.18646689049265555,1.1988659375,0.0024426432087851545,0.22774916015625,0.3143466374325598,0.625,0.5175491695067657
object_property_uncertainty,easy,pure_duplication,8,risk_classifier,8,0.42946249999999997,0.18776440357533158,0.5734874999999999,0.18646689049265555,1.1988659375,0.0024426432087851545,0.22774916015625,0.3143466374325598,0.625,0.5175491695067657
object_property_uncertainty,easy,pure_duplication,8,semantic_dedup,8,0.42946249999999997,0.18776440357533158,0.5734874999999999,0.18646689049265555,1.1988659375,0.0024426432087851545,0.22774916015625,0.3143466374325598,0.625,0.5175491695067657
object_property_uncertainty,easy,pure_duplication,8,source_grouping,8,0.42946249999999997,0.18776440357533158,0.5734874999999999,0.18646689049265555,1.1988659375,0.0024426432087851545,0.22774916015625,0.3143466374325598,0.625,0.5175491695067657
object_property_uncertainty,easy,pure_duplication,16,bayesian_mixing,8,0.42946249999999997,0.18776440357533158,0.5734874999999999,0.18646689049265555,1.1988659375,0.0024426432087851545,0.22774916015625,0.3143466374325598,0.625,0.5175491695067657
object_property_uncertainty,easy,pure_duplication,16,exact_dedup,8,0.42946249999999997,0.18776440357533158,0.5734874999999999,0.18646689049265555,1.1988659375,0.0024426432087851545,0.22774916015625,0.3143466374325598,0.625,0.5175491695067657
object_property_uncertainty,easy,pure_duplication,16,flat_rollout,8,0.9959367635413967,0.002920731873979887,0.37613449863936566,0.5133843732330873,1.1988659375,0.0024426432087851545,0.22774916015625,0.3143466374325598,0.625,0.5175491695067657
object_property_uncertainty,easy,pure_duplication,16,independent_trajectory,8,0.42946249999999997,0.18776440357533158,0.5734874999999999,0.18646689049265555,1.1988659375,0.0024426432087851545,0.22774916015625,0.3143466374325598,0.625,0.5175491695067657
object_property_uncertainty,easy,pure_duplication,16,mean_pooling,8,0.42946249999999997,0.18776440357533158,0.5734874999999999,0.18646689049265555,1.1988659375,0.0024426432087851545,0.22774916015625,0.3143466374325598,0.625,0.5175491695067657
object_property_uncertainty,easy,pure_duplication,16,no_imagination,8,0.42946249999999997,0.18776440357533158,0.5734874999999999,0.18646689049265555,-0.09556626953125,0.013496150612588893,1.5221813671874997,0.31417856769419045,0.0,0.0
object_property_uncertainty,easy,pure_duplication,16,oracle_provenance,8,0.42946249999999997,0.18776440357533158,0.5734874999999999,0.18646689049265555,1.1988659375,0.0024426432087851545,0.22774916015625,0.3143466374325598,0.625,0.5175491695067657
object_property_uncertainty,easy,pure_duplication,16,provenance_preserving,8,0.42946249999999997,0.18776440357533158,0.5734874999999999,0.18646689049265555,1.1988659375,0.0024426432087851545,0.22774916015625,0.3143466374325598,0.625,0.5175491695067657
object_property_uncertainty,easy,pure_duplication,16,risk_classifier,8,0.42946249999999997,0.18776440357533158,0.5734874999999999,0.18646689049265555,1.1988659375,0.0024426432087851545,0.22774916015625,0.3143466374325598,0.625,0.5175491695067657
object_property_uncertainty,easy,pure_duplication,16,semantic_dedup,8,0.42946249999999997,0.18776440357533158,0.5734874999999999,0.18646689049265555,1.1988659375,0.0024426432087851545,0.22774916015625,0.3143466374325598,0.625,0.5175491695067657
object_property_uncertainty,easy,pure_duplication,16,source_grouping,8,0.42946249999999997,0.18776440357533158,0.5734874999999999,0.18646689049265555,1.1988659375,0.0024426432087851545,0.22774916015625,0.3143466374325598,0.625,0.5175491695067657
object_property_uncertainty,easy,pure_duplication,32,bayesian_mixing,8,0.42946249999999997,0.18776440357533158,0.5734874999999999,0.18646689049265555,1.1988659375,0.0024426432087851545,0.22774916015625,0.3143466374325598,0.625,0.5175491695067657
object_property_uncertainty,easy,pure_duplication,32,exact_dedup,8,0.42946249999999997,0.18776440357533158,0.5734874999999999,0.18646689049265555,1.1988659375,0.0024426432087851545,0.22774916015625,0.3143466374325598,0.625,0.5175491695067657
object_property_uncertainty,easy,pure_duplication,32,flat_rollout,8,0.9999937772662757,4.490570063941296e-06,0.3750017299763012,0.5175427764942722,1.1988659375,0.0024426432087851545,0.22774916015625,0.3143466374325598,0.625,0.5175491695067657
object_property_uncertainty,easy,pure_duplication,32,independent_trajectory,8,0.42946249999999997,0.18776440357533158,0.5734874999999999,0.18646689049265555,1.1988659375,0.0024426432087851545,0.22774916015625,0.3143466374325598,0.625,0.5175491695067657
object_property_uncertainty,easy,pure_duplication,32,mean_pooling,8,0.42946249999999997,0.18776440357533158,0.5734874999999999,0.18646689049265555,1.1988659375,0.0024426432087851545,0.22774916015625,0.3143466374325598,0.625,0.5175491695067657
object_property_uncertainty,easy,pure_duplication,32,no_imagination,8,0.42946249999999997,0.18776440357533158,0.5734874999999999,0.18646689049265555,-0.09556626953125,0.013496150612588893,1.5221813671874997,0.31417856769419045,0.0,0.0
object_property_uncertainty,easy,pure_duplication,32,oracle_provenance,8,0.42946249999999997,0.18776440357533158,0.5734874999999999,0.18646689049265555,1.1988659375,0.0024426432087851545,0.22774916015625,0.3143466374325598,0.625,0.5175491695067657
object_property_uncertainty,easy,pure_duplication,32,provenance_preserving,8,0.42946249999999997,0.18776440357533158,0.5734874999999999,0.18646689049265555,1.1988659375,0.0024426432087851545,0.22774916015625,0.3143466374325598,0.625,0.5175491695067657
object_property_uncertainty,easy,pure_duplication,32,risk_classifier,8,0.42946249999999997,0.18776440357533158,0.5734874999999999,0.18646689049265555,1.1988659375,0.0024426432087851545,0.22774916015625,0.3143466374325598,0.625,0.5175491695067657
object_property_uncertainty,easy,pure_duplication,32,semantic_dedup,8,0.42946249999999997,0.18776440357533158,0.5734874999999999,0.18646689049265555,1.1988659375,0.0024426432087851545,0.22774916015625,0.3143466374325598,0.625,0.5175491695067657
object_property_uncertainty,easy,pure_duplication,32,source_grouping,8,0.42946249999999997,0.18776440357533158,0.5734874999999999,0.18646689049265555,1.1988659375,0.0024426432087851545,0.22774916015625,0.3143466374325598,0.625,0.5175491695067657
object_property_uncertainty,easy,pure_duplication,64,bayesian_mixing,8,0.42946249999999997,0.18776440357533158,0.5734874999999999,0.18646689049265555,1.1988659375,0.0024426432087851545,0.22774916015625,0.3143466374325598,0.625,0.5175491695067657
object_property_uncertainty,easy,pure_duplication,64,exact_dedup,8,0.42946249999999997,0.18776440357533158,0.5734874999999999,0.18646689049265555,1.1988659375,0.0024426432087851545,0.22774916015625,0.3143466374325598,0.625,0.5175491695067657
object_property_uncertainty,easy,pure_duplication,64,flat_rollout,8,0.9999999999855766,1.0408538995922173e-11,0.3750000000040098,0.5175491694919476,1.1988659375,0.0024426432087851545,0.22774916015625,0.3143466374325598,0.625,0.5175491695067657
object_property_uncertainty,easy,pure_duplication,64,independent_trajectory,8,0.42946249999999997,0.18776440357533158,0.5734874999999999,0.18646689049265555,1.1988659375,0.0024426432087851545,0.22774916015625,0.3143466374325598,0.625,0.5175491695067657
object_property_uncertainty,easy,pure_duplication,64,mean_pooling,8,0.42946249999999997,0.18776440357533158,0.5734874999999999,0.18646689049265555,1.1988659375,0.0024426432087851545,0.22774916015625,0.3143466374325598,0.625,0.5175491695067657
object_property_uncertainty,easy,pure_duplication,64,no_imagination,8,0.42946249999999997,0.18776440357533158,0.5734874999999999,0.18646689049265555,-0.09556626953125,0.013496150612588893,1.5221813671874997,0.31417856769419045,0.0,0.0
object_property_uncertainty,easy,pure_duplication,64,oracle_provenance,8,0.42946249999999997,0.18776440357533158,0.5734874999999999,0.18646689049265555,1.1988659375,0.0024426432087851545,0.22774916015625,0.3143466374325598,0.625,0.5175491695067657
object_property_uncertainty,easy,pure_duplication,64,provenance_preserving,8,0.42946249999999997,0.18776440357533158,0.5734874999999999,0.18646689049265555,1.1988659375,0.0024426432087851545,0.22774916015625,0.3143466374325598,0.625,0.5175491695067657
object_property_uncertainty,easy,pure_duplication,64,risk_classifier,8,0.42946249999999997,0.18776440357533158,0.5734874999999999,0.18646689049265555,1.1988659375,0.0024426432087851545,0.22774916015625,0.3143466374325598,0.625,0.5175491695067657
object_property_uncertainty,easy,pure_duplication,64,semantic_dedup,8,0.42946249999999997,0.18776440357533158,0.5734874999999999,0.18646689049265555,1.1988659375,0.0024426432087851545,0.22774916015625,0.3143466374325598,0.625,0.5175491695067657
object_property_uncertainty,easy,pure_duplication,64,source_grouping,8,0.42946249999999997,0.18776440357533158,0.5734874999999999,0.18646689049265555,1.1988659375,0.0024426432087851545,0.22774916015625,0.3143466374325598,0.625,0.5175491695067657
object_property_uncertainty,hard,independent_rollout,1,bayesian_mixing,7,0.6005285714285715,0.23518641339928428,0.5665571428571429,0.2488670586018625,0.7333265401785715,1.2195415016484732,0.8966835044642857,1.0180103729253174,0.14285714285714285,0.37796447300922725
object_property_uncertainty,hard,independent_rollout,1,exact_dedup,7,0.6005285714285715,0.23518641339928428,0.5665571428571429,0.2488670586018625,0.7333265401785715,1.2195415016484732,0.8966835044642857,1.0180103729253174,0.14285714285714285,0.37796447300922725
object_property_uncertainty,hard,independent_rollout,1,flat_rollout,7,0.6005285714285714,0.2351864133992843,0.5665571428571429,0.24886705860186248,0.7333265401785715,1.2195415016484732,0.8966835044642857,1.0180103729253174,0.14285714285714285,0.37796447300922725
object_property_uncertainty,hard,independent_rollout,1,independent_trajectory,7,0.6005285714285715,0.23518641339928428,0.5665571428571429,0.2488670586018625,1.1820323660714287,0.0441259724779254,0.4479776785714286,0.30985557704158667,0.2857142857142857,0.48795003647426655
object_property_uncertainty,hard,independent_rollout,1,mean_pooling,7,0.6005285714285715,0.23518641339928428,0.5665571428571429,0.2488670586018625,1.1820323660714287,0.0441259724779254,0.4479776785714286,0.30985557704158667,0.2857142857142857,0.48795003647426655
object_property_uncertainty,hard,independent_rollout,1,no_imagination,7,0.6005285714285715,0.23518641339928428,0.5665571428571429,0.2488670586018625,-0.11159234375,0.06157239162792751,1.741602388392857,0.3512257577207124,0.0,0.0
object_property_uncertainty,hard,independent_rollout,1,oracle_provenance,7,0.6005285714285715,0.23518641339928428,0.5665571428571429,0.2488670586018625,0.7333265401785715,1.2195415016484732,0.8966835044642857,1.0180103729253174,0.14285714285714285,0.37796447300922725
object_property_uncertainty,hard,independent_rollout,1,provenance_preserving,7,0.6005285714285715,0.23518641339928428,0.5665571428571429,0.2488670586018625,0.7333265401785715,1.2195415016484732,0.8966835044642857,1.0180103729253174,0.14285714285714285,0.37796447300922725
object_property_uncertainty,hard,independent_rollout,1,risk_classifier,7,0.6005285714285715,0.23518641339928428,0.5665571428571429,0.2488670586018625,0.9040433258928571,1.3248713266902472,0.7259667187499999,1.1135307787164412,0.42857142857142855,0.5345224838248487
object_property_uncertainty,hard,independent_rollout,1,semantic_dedup,7,0.6005285714285715,0.23518641339928428,0.5665571428571429,0.2488670586018625,0.7333265401785715,1.2195415016484732,0.8966835044642857,1.0180103729253174,0.14285714285714285,0.37796447300922725
object_property_uncertainty,hard,independent_rollout,1,source_grouping,7,0.6005285714285715,0.23518641339928428,0.5665571428571429,0.2488670586018625,0.7333265401785715,1.2195415016484732,0.8966835044642857,1.0180103729253174,0.14285714285714285,0.37796447300922725
object_property_uncertainty,hard,independent_rollout,2,bayesian_mixing,7,0.6005285714285715,0.23518641339928428,0.5665571428571429,0.2488670586018625,1.1820323660714287,0.0441259724779254,0.4479776785714286,0.30985557704158667,0.2857142857142857,0.48795003647426655
object_property_uncertainty,hard,independent_rollout,2,exact_dedup,7,0.6005285714285715,0.23518641339928428,0.5665571428571429,0.2488670586018625,1.1820323660714287,0.0441259724779254,0.4479776785714286,0.30985557704158667,0.2857142857142857,0.48795003647426655
object_property_uncertainty,hard,independent_rollout,2,flat_rollout,7,0.6005285714285714,0.2351864133992843,0.5665571428571429,0.24886705860186248,1.1820323660714287,0.0441259724779254,0.4479776785714286,0.30985557704158667,0.2857142857142857,0.48795003647426655
object_property_uncertainty,hard,independent_rollout,2,independent_trajectory,7,0.6005285714285715,0.23518641339928428,0.5665571428571429,0.2488670586018625,1.1820323660714287,0.0441259724779254,0.4479776785714286,0.30985557704158667,0.2857142857142857,0.48795003647426655
object_property_uncertainty,hard,independent_rollout,2,mean_pooling,7,0.6005285714285715,0.23518641339928428,0.5665571428571429,0.2488670586018625,1.1820323660714287,0.0441259724779254,0.4479776785714286,0.30985557704158667,0.2857142857142857,0.48795003647426655
object_property_uncertainty,hard,independent_rollout,2,no_imagination,7,0.6005285714285715,0.23518641339928428,0.5665571428571429,0.2488670586018625,-0.11159234375,0.06157239162792751,1.741602388392857,0.3512257577207124,0.0,0.0
object_property_uncertainty,hard,independent_rollout,2,oracle_provenance,7,0.6005285714285715,0.23518641339928428,0.5665571428571429,0.2488670586018625,1.1820323660714287,0.0441259724779254,0.4479776785714286,0.30985557704158667,0.2857142857142857,0.48795003647426655
object_property_uncertainty,hard,independent_rollout,2,provenance_preserving,7,0.6005285714285715,0.23518641339928428,0.5665571428571429,0.2488670586018625,1.1820323660714287,0.0441259724779254,0.4479776785714286,0.30985557704158667,0.2857142857142857,0.48795003647426655
object_property_uncertainty,hard,independent_rollout,2,risk_classifier,7,0.6005285714285715,0.23518641339928428,0.5665571428571429,0.2488670586018625,0.8245992410714287,1.2830735037319312,0.8054108035714285,1.0721745301408985,0.2857142857142857,0.4879500364742666
object_property_uncertainty,hard,independent_rollout,2,semantic_dedup,7,0.6005285714285715,0.23518641339928428,0.5665571428571429,0.2488670586018625,1.1820323660714287,0.0441259724779254,0.4479776785714286,0.30985557704158667,0.2857142857142857,0.48795003647426655
object_property_uncertainty,hard,independent_rollout,2,source_grouping,7,0.6005285714285715,0.23518641339928428,0.5665571428571429,0.2488670586018625,1.1820323660714287,0.0441259724779254,0.4479776785714286,0.30985557704158667,0.2857142857142857,0.48795003647426655
object_property_uncertainty,hard,independent_rollout,4,bayesian_mixing,7,0.6005285714285715,0.23518641339928428,0.5665571428571429,0.2488670586018625,1.1820323660714287,0.0441259724779254,0.4479776785714286,0.30985557704158667,0.2857142857142857,0.48795003647426655
object_property_uncertainty,hard,independent_rollout,4,exact_dedup,7,0.6005285714285715,0.23518641339928428,0.5665571428571429,0.2488670586018625,1.1820323660714287,0.0441259724779254,0.4479776785714286,0.30985557704158667,0.2857142857142857,0.48795003647426655
object_property_uncertainty,hard,independent_rollout,4,flat_rollout,7,0.6005285714285714,0.2351864133992843,0.5665571428571429,0.24886705860186248,1.1820323660714287,0.0441259724779254,0.4479776785714286,0.30985557704158667,0.2857142857142857,0.48795003647426655
object_property_uncertainty,hard,independent_rollout,4,independent_trajectory,7,0.6005285714285715,0.23518641339928428,0.5665571428571429,0.2488670586018625,1.1820323660714287,0.0441259724779254,0.4479776785714286,0.30985557704158667,0.2857142857142857,0.48795003647426655
object_property_uncertainty,hard,independent_rollout,4,mean_pooling,7,0.6005285714285715,0.23518641339928428,0.5665571428571429,0.2488670586018625,1.1820323660714287,0.0441259724779254,0.4479776785714286,0.30985557704158667,0.2857142857142857,0.48795003647426655
object_property_uncertainty,hard,independent_rollout,4,no_imagination,7,0.6005285714285715,0.23518641339928428,0.5665571428571429,0.2488670586018625,-0.11159234375,0.06157239162792751,1.741602388392857,0.3512257577207124,0.0,0.0
object_property_uncertainty,hard,independent_rollout,4,oracle_provenance,7,0.6005285714285715,0.23518641339928428,0.5665571428571429,0.2488670586018625,1.1820323660714287,0.0441259724779254,0.4479776785714286,0.30985557704158667,0.2857142857142857,0.48795003647426655
object_property_uncertainty,hard,independent_rollout,4,provenance_preserving,7,0.6005285714285715,0.23518641339928428,0.5665571428571429,0.2488670586018625,1.1820323660714287,0.0441259724779254,0.4479776785714286,0.30985557704158667,0.2857142857142857,0.48795003647426655
object_property_uncertainty,hard,independent_rollout,4,risk_classifier,7,0.6005285714285715,0.23518641339928428,0.5665571428571429,0.2488670586018625,0.8245992410714287,1.2830735037319312,0.8054108035714285,1.0721745301408985,0.2857142857142857,0.4879500364742666
object_property_uncertainty,hard,independent_rollout,4,semantic_dedup,7,0.6005285714285715,0.23518641339928428,0.5665571428571429,0.2488670586018625,1.1820323660714287,0.0441259724779254,0.4479776785714286,0.30985557704158667,0.2857142857142857,0.48795003647426655
object_property_uncertainty,hard,independent_rollout,4,source_grouping,7,0.6005285714285715,0.23518641339928428,0.5665571428571429,0.2488670586018625,1.1820323660714287,0.0441259724779254,0.4479776785714286,0.30985557704158667,0.2857142857142857,0.48795003647426655
object_property_uncertainty,hard,independent_rollout,8,bayesian_mixing,7,0.6005285714285715,0.23518641339928428,0.5665571428571429,0.2488670586018625,1.1820323660714287,0.0441259724779254,0.4479776785714286,0.30985557704158667,0.2857142857142857,0.48795003647426655
object_property_uncertainty,hard,independent_rollout,8,exact_dedup,7,0.6005285714285715,0.23518641339928428,0.5665571428571429,0.2488670586018625,1.1820323660714287,0.0441259724779254,0.4479776785714286,0.30985557704158667,0.2857142857142857,0.48795003647426655
object_property_uncertainty,hard,independent_rollout,8,flat_rollout,7,0.6005285714285714,0.2351864133992843,0.5665571428571429,0.24886705860186248,1.1820323660714287,0.0441259724779254,0.4479776785714286,0.30985557704158667,0.2857142857142857,0.48795003647426655
object_property_uncertainty,hard,independent_rollout,8,independent_trajectory,7,0.6005285714285715,0.23518641339928428,0.5665571428571429,0.2488670586018625,1.1820323660714287,0.0441259724779254,0.4479776785714286,0.30985557704158667,0.2857142857142857,0.48795003647426655
object_property_uncertainty,hard,independent_rollout,8,mean_pooling,7,0.6005285714285715,0.23518641339928428,0.5665571428571429,0.2488670586018625,1.1820323660714287,0.0441259724779254,0.4479776785714286,0.30985557704158667,0.2857142857142857,0.48795003647426655
object_property_uncertainty,hard,independent_rollout,8,no_imagination,7,0.6005285714285715,0.23518641339928428,0.5665571428571429,0.2488670586018625,-0.11159234375,0.06157239162792751,1.741602388392857,0.3512257577207124,0.0,0.0
object_property_uncertainty,hard,independent_rollout,8,oracle_provenance,7,0.6005285714285715,0.23518641339928428,0.5665571428571429,0.2488670586018625,1.1820323660714287,0.0441259724779254,0.4479776785714286,0.30985557704158667,0.2857142857142857,0.48795003647426655
object_property_uncertainty,hard,independent_rollout,8,provenance_preserving,7,0.6005285714285715,0.23518641339928428,0.5665571428571429,0.2488670586018625,1.1820323660714287,0.0441259724779254,0.4479776785714286,0.30985557704158667,0.2857142857142857,0.48795003647426655
object_property_uncertainty,hard,independent_rollout,8,risk_classifier,7,0.6005285714285715,0.23518641339928428,0.5665571428571429,0.2488670586018625,0.7333265401785715,1.2195415016484732,0.8966835044642857,1.0180103729253174,0.14285714285714285,0.37796447300922725
object_property_uncertainty,hard,independent_rollout,8,semantic_dedup,7,0.6005285714285715,0.23518641339928428,0.5665571428571429,0.2488670586018625,1.1820323660714287,0.0441259724779254,0.4479776785714286,0.30985557704158667,0.2857142857142857,0.48795003647426655
object_property_uncertainty,hard,independent_rollout,8,source_grouping,7,0.6005285714285715,0.23518641339928428,0.5665571428571429,0.2488670586018625,1.1820323660714287,0.0441259724779254,0.4479776785714286,0.30985557704158667,0.2857142857142857,0.48795003647426655
object_property_uncertainty,hard,independent_rollout,16,bayesian_mixing,7,0.6005285714285715,0.23518641339928428,0.5665571428571429,0.2488670586018625,1.1820323660714287,0.0441259724779254,0.4479776785714286,0.30985557704158667,0.2857142857142857,0.48795003647426655
object_property_uncertainty,hard,independent_rollout,16,exact_dedup,7,0.6005285714285715,0.23518641339928428,0.5665571428571429,0.2488670586018625,1.1820323660714287,0.0441259724779254,0.4479776785714286,0.30985557704158667,0.2857142857142857,0.48795003647426655
object_property_uncertainty,hard,independent_rollout,16,flat_rollout,7,0.6005285714285714,0.2351864133992843,0.5665571428571429,0.24886705860186248,1.1820323660714287,0.0441259724779254,0.4479776785714286,0.30985557704158667,0.2857142857142857,0.48795003647426655
object_property_uncertainty,hard,independent_rollout,16,independent_trajectory,7,0.6005285714285715,0.23518641339928428,0.5665571428571429,0.2488670586018625,1.1820323660714287,0.0441259724779254,0.4479776785714286,0.30985557704158667,0.2857142857142857,0.48795003647426655
object_property_uncertainty,hard,independent_rollout,16,mean_pooling,7,0.6005285714285715,0.23518641339928428,0.5665571428571429,0.2488670586018625,1.1820323660714287,0.0441259724779254,0.4479776785714286,0.30985557704158667,0.2857142857142857,0.48795003647426655
object_property_uncertainty,hard,independent_rollout,16,no_imagination,7,0.6005285714285715,0.23518641339928428,0.5665571428571429,0.2488670586018625,-0.11159234375,0.06157239162792751,1.741602388392857,0.3512257577207124,0.0,0.0
object_property_uncertainty,hard,independent_rollout,16,oracle_provenance,7,0.6005285714285715,0.23518641339928428,0.5665571428571429,0.2488670586018625,1.1820323660714287,0.0441259724779254,0.4479776785714286,0.30985557704158667,0.2857142857142857,0.48795003647426655
object_property_uncertainty,hard,independent_rollout,16,provenance_preserving,7,0.6005285714285715,0.23518641339928428,0.5665571428571429,0.2488670586018625,1.1820323660714287,0.0441259724779254,0.4479776785714286,0.30985557704158667,0.2857142857142857,0.48795003647426655
object_property_uncertainty,hard,independent_rollout,16,risk_classifier,7,0.6005285714285715,0.23518641339928428,0.5665571428571429,0.2488670586018625,1.1820323660714287,0.0441259724779254,0.4479776785714286,0.30985557704158667,0.2857142857142857,0.48795003647426655
object_property_uncertainty,hard,independent_rollout,16,semantic_dedup,7,0.6005285714285715,0.23518641339928428,0.5665571428571429,0.2488670586018625,1.1820323660714287,0.0441259724779254,0.4479776785714286,0.30985557704158667,0.2857142857142857,0.48795003647426655
object_property_uncertainty,hard,independent_rollout,16,source_grouping,7,0.6005285714285715,0.23518641339928428,0.5665571428571429,0.2488670586018625,1.1820323660714287,0.0441259724779254,0.4479776785714286,0.30985557704158667,0.2857142857142857,0.48795003647426655
object_property_uncertainty,hard,independent_rollout,32,bayesian_mixing,7,0.6005285714285715,0.23518641339928428,0.5665571428571429,0.2488670586018625,1.1820323660714287,0.0441259724779254,0.4479776785714286,0.30985557704158667,0.2857142857142857,0.48795003647426655
object_property_uncertainty,hard,independent_rollout,32,exact_dedup,7,0.6005285714285715,0.23518641339928428,0.5665571428571429,0.2488670586018625,1.1820323660714287,0.0441259724779254,0.4479776785714286,0.30985557704158667,0.2857142857142857,0.48795003647426655
object_property_uncertainty,hard,independent_rollout,32,flat_rollout,7,0.6005285714285714,0.2351864133992843,0.5665571428571429,0.24886705860186248,1.1820323660714287,0.0441259724779254,0.4479776785714286,0.30985557704158667,0.2857142857142857,0.48795003647426655
object_property_uncertainty,hard,independent_rollout,32,independent_trajectory,7,0.6005285714285715,0.23518641339928428,0.5665571428571429,0.2488670586018625,1.1820323660714287,0.0441259724779254,0.4479776785714286,0.30985557704158667,0.2857142857142857,0.48795003647426655
object_property_uncertainty,hard,independent_rollout,32,mean_pooling,7,0.6005285714285715,0.23518641339928428,0.5665571428571429,0.2488670586018625,1.1820323660714287,0.0441259724779254,0.4479776785714286,0.30985557704158667,0.2857142857142857,0.48795003647426655
object_property_uncertainty,hard,independent_rollout,32,no_imagination,7,0.6005285714285715,0.23518641339928428,0.5665571428571429,0.2488670586018625,-0.11159234375,0.06157239162792751,1.741602388392857,0.3512257577207124,0.0,0.0
object_property_uncertainty,hard,independent_rollout,32,oracle_provenance,7,0.6005285714285715,0.23518641339928428,0.5665571428571429,0.2488670586018625,1.1820323660714287,0.0441259724779254,0.4479776785714286,0.30985557704158667,0.2857142857142857,0.48795003647426655
object_property_uncertainty,hard,independent_rollout,32,provenance_preserving,7,0.6005285714285715,0.23518641339928428,0.5665571428571429,0.2488670586018625,1.1820323660714287,0.0441259724779254,0.4479776785714286,0.30985557704158667,0.2857142857142857,0.48795003647426655
object_property_uncertainty,hard,independent_rollout,32,risk_classifier,7,0.6005285714285715,0.23518641339928428,0.5665571428571429,0.2488670586018625,1.1820323660714287,0.0441259724779254,0.4479776785714286,0.30985557704158667,0.2857142857142857,0.48795003647426655
object_property_uncertainty,hard,independent_rollout,32,semantic_dedup,7,0.6005285714285715,0.23518641339928428,0.5665571428571429,0.2488670586018625,1.1820323660714287,0.0441259724779254,0.4479776785714286,0.30985557704158667,0.2857142857142857,0.48795003647426655
object_property_uncertainty,hard,independent_rollout,32,source_grouping,7,0.6005285714285715,0.23518641339928428,0.5665571428571429,0.2488670586018625,1.1820323660714287,0.0441259724779254,0.4479776785714286,0.30985557704158667,0.2857142857142857,0.48795003647426655
object_property_uncertainty,hard,independent_rollout,64,bayesian_mixing,7,0.6005285714285715,0.23518641339928428,0.5665571428571429,0.2488670586018625,1.1820323660714287,0.0441259724779254,0.4479776785714286,0.30985557704158667,0.2857142857142857,0.48795003647426655
object_property_uncertainty,hard,independent_rollout,64,exact_dedup,7,0.6005285714285715,0.23518641339928428,0.5665571428571429,0.2488670586018625,1.1820323660714287,0.0441259724779254,0.4479776785714286,0.30985557704158667,0.2857142857142857,0.48795003647426655
object_property_uncertainty,hard,independent_rollout,64,flat_rollout,7,0.6005285714285714,0.2351864133992843,0.5665571428571429,0.24886705860186248,1.1820323660714287,0.0441259724779254,0.4479776785714286,0.30985557704158667,0.2857142857142857,0.48795003647426655
object_property_uncertainty,hard,independent_rollout,64,independent_trajectory,7,0.6005285714285715,0.23518641339928428,0.5665571428571429,0.2488670586018625,1.1820323660714287,0.0441259724779254,0.4479776785714286,0.30985557704158667,0.2857142857142857,0.48795003647426655
object_property_uncertainty,hard,independent_rollout,64,mean_pooling,7,0.6005285714285715,0.23518641339928428,0.5665571428571429,0.2488670586018625,1.1820323660714287,0.0441259724779254,0.4479776785714286,0.30985557704158667,0.2857142857142857,0.48795003647426655
object_property_uncertainty,hard,independent_rollout,64,no_imagination,7,0.6005285714285715,0.23518641339928428,0.5665571428571429,0.2488670586018625,-0.11159234375,0.06157239162792751,1.741602388392857,0.3512257577207124,0.0,0.0
object_property_uncertainty,hard,independent_rollout,64,oracle_provenance,7,0.6005285714285715,0.23518641339928428,0.5665571428571429,0.2488670586018625,1.1820323660714287,0.0441259724779254,0.4479776785714286,0.30985557704158667,0.2857142857142857,0.48795003647426655
object_property_uncertainty,hard,independent_rollout,64,provenance_preserving,7,0.6005285714285715,0.23518641339928428,0.5665571428571429,0.2488670586018625,1.1820323660714287,0.0441259724779254,0.4479776785714286,0.30985557704158667,0.2857142857142857,0.48795003647426655
object_property_uncertainty,hard,independent_rollout,64,risk_classifier,7,0.6005285714285715,0.23518641339928428,0.5665571428571429,0.2488670586018625,1.1820323660714287,0.0441259724779254,0.4479776785714286,0.30985557704158667,0.2857142857142857,0.48795003647426655
object_property_uncertainty,hard,independent_rollout,64,semantic_dedup,7,0.6005285714285715,0.23518641339928428,0.5665571428571429,0.2488670586018625,1.1820323660714287,0.0441259724779254,0.4479776785714286,0.30985557704158667,0.2857142857142857,0.48795003647426655
object_property_uncertainty,hard,independent_rollout,64,source_grouping,7,0.6005285714285715,0.23518641339928428,0.5665571428571429,0.2488670586018625,1.1820323660714287,0.0441259724779254,0.4479776785714286,0.30985557704158667,0.2857142857142857,0.48795003647426655
object_property_uncertainty,hard,pure_duplication,1,bayesian_mixing,7,0.6005285714285715,0.23518641339928428,0.5665571428571429,0.2488670586018625,1.1820323660714287,0.0441259724779254,0.4479776785714286,0.30985557704158667,0.2857142857142857,0.48795003647426655
object_property_uncertainty,hard,pure_duplication,1,exact_dedup,7,0.6005285714285715,0.23518641339928428,0.5665571428571429,0.2488670586018625,1.1820323660714287,0.0441259724779254,0.4479776785714286,0.30985557704158667,0.2857142857142857,0.48795003647426655
object_property_uncertainty,hard,pure_duplication,1,flat_rollout,7,0.6005285714285714,0.2351864133992843,0.5665571428571429,0.24886705860186248,1.1820323660714287,0.0441259724779254,0.4479776785714286,0.30985557704158667,0.2857142857142857,0.48795003647426655
object_property_uncertainty,hard,pure_duplication,1,independent_trajectory,7,0.6005285714285715,0.23518641339928428,0.5665571428571429,0.2488670586018625,1.1820323660714287,0.0441259724779254,0.4479776785714286,0.30985557704158667,0.2857142857142857,0.48795003647426655
object_property_uncertainty,hard,pure_duplication,1,mean_pooling,7,0.6005285714285715,0.23518641339928428,0.5665571428571429,0.2488670586018625,1.1820323660714287,0.0441259724779254,0.4479776785714286,0.30985557704158667,0.2857142857142857,0.48795003647426655
object_property_uncertainty,hard,pure_duplication,1,no_imagination,7,0.6005285714285715,0.23518641339928428,0.5665571428571429,0.2488670586018625,-0.11159234375,0.06157239162792751,1.741602388392857,0.3512257577207124,0.0,0.0
object_property_uncertainty,hard,pure_duplication,1,oracle_provenance,7,0.6005285714285715,0.23518641339928428,0.5665571428571429,0.2488670586018625,1.1820323660714287,0.0441259724779254,0.4479776785714286,0.30985557704158667,0.2857142857142857,0.48795003647426655
object_property_uncertainty,hard,pure_duplication,1,provenance_preserving,7,0.6005285714285715,0.23518641339928428,0.5665571428571429,0.2488670586018625,1.1820323660714287,0.0441259724779254,0.4479776785714286,0.30985557704158667,0.2857142857142857,0.48795003647426655
object_property_uncertainty,hard,pure_duplication,1,risk_classifier,7,0.6005285714285715,0.23518641339928428,0.5665571428571429,0.2488670586018625,1.1820323660714287,0.0441259724779254,0.4479776785714286,0.30985557704158667,0.2857142857142857,0.48795003647426655
object_property_uncertainty,hard,pure_duplication,1,semantic_dedup,7,0.6005285714285715,0.23518641339928428,0.5665571428571429,0.2488670586018625,1.1820323660714287,0.0441259724779254,0.4479776785714286,0.30985557704158667,0.2857142857142857,0.48795003647426655
object_property_uncertainty,hard,pure_duplication,1,source_grouping,7,0.6005285714285715,0.23518641339928428,0.5665571428571429,0.2488670586018625,1.1820323660714287,0.0441259724779254,0.4479776785714286,0.30985557704158667,0.2857142857142857,0.48795003647426655
object_property_uncertainty,hard,pure_duplication,2,bayesian_mixing,7,0.6005285714285715,0.23518641339928428,0.5665571428571429,0.2488670586018625,1.1820323660714287,0.0441259724779254,0.4479776785714286,0.30985557704158667,0.2857142857142857,0.48795003647426655
object_property_uncertainty,hard,pure_duplication,2,exact_dedup,7,0.6005285714285715,0.23518641339928428,0.5665571428571429,0.2488670586018625,1.1820323660714287,0.0441259724779254,0.4479776785714286,0.30985557704158667,0.2857142857142857,0.48795003647426655
object_property_uncertainty,hard,pure_duplication,2,flat_rollout,7,0.6753871805208338,0.22462458584965314,0.5981379291887999,0.2740573227835863,1.1820323660714287,0.0441259724779254,0.4479776785714286,0.30985557704158667,0.2857142857142857,0.48795003647426655
object_property_uncertainty,hard,pure_duplication,2,independent_trajectory,7,0.6005285714285715,0.23518641339928428,0.5665571428571429,0.2488670586018625,1.1820323660714287,0.0441259724779254,0.4479776785714286,0.30985557704158667,0.2857142857142857,0.48795003647426655
object_property_uncertainty,hard,pure_duplication,2,mean_pooling,7,0.6005285714285715,0.23518641339928428,0.5665571428571429,0.2488670586018625,1.1820323660714287,0.0441259724779254,0.4479776785714286,0.30985557704158667,0.2857142857142857,0.48795003647426655
object_property_uncertainty,hard,pure_duplication,2,no_imagination,7,0.6005285714285715,0.23518641339928428,0.5665571428571429,0.2488670586018625,-0.11159234375,0.06157239162792751,1.741602388392857,0.3512257577207124,0.0,0.0
object_property_uncertainty,hard,pure_duplication,2,oracle_provenance,7,0.6005285714285715,0.23518641339928428,0.5665571428571429,0.2488670586018625,1.1820323660714287,0.0441259724779254,0.4479776785714286,0.30985557704158667,0.2857142857142857,0.48795003647426655
object_property_uncertainty,hard,pure_duplication,2,provenance_preserving,7,0.6005285714285715,0.23518641339928428,0.5665571428571429,0.2488670586018625,1.1820323660714287,0.0441259724779254,0.4479776785714286,0.30985557704158667,0.2857142857142857,0.48795003647426655
object_property_uncertainty,hard,pure_duplication,2,risk_classifier,7,0.6005285714285715,0.23518641339928428,0.5665571428571429,0.2488670586018625,1.1820323660714287,0.0441259724779254,0.4479776785714286,0.30985557704158667,0.2857142857142857,0.48795003647426655
object_property_uncertainty,hard,pure_duplication,2,semantic_dedup,7,0.6005285714285715,0.23518641339928428,0.5665571428571429,0.2488670586018625,1.1820323660714287,0.0441259724779254,0.4479776785714286,0.30985557704158667,0.2857142857142857,0.48795003647426655
object_property_uncertainty,hard,pure_duplication,2,source_grouping,7,0.6005285714285715,0.23518641339928428,0.5665571428571429,0.2488670586018625,1.1820323660714287,0.0441259724779254,0.4479776785714286,0.30985557704158667,0.2857142857142857,0.48795003647426655
object_property_uncertainty,hard,pure_duplication,4,bayesian_mixing,7,0.6005285714285715,0.23518641339928428,0.5665571428571429,0.2488670586018625,1.1820323660714287,0.0441259724779254,0.4479776785714286,0.30985557704158667,0.2857142857142857,0.48795003647426655
object_property_uncertainty,hard,pure_duplication,4,exact_dedup,7,0.6005285714285715,0.23518641339928428,0.5665571428571429,0.2488670586018625,1.1820323660714287,0.0441259724779254,0.4479776785714286,0.30985557704158667,0.2857142857142857,0.48795003647426655
object_property_uncertainty,hard,pure_duplication,4,flat_rollout,7,0.8014107261788348,0.1736128129400072,0.6457599045916952,0.333682929686541,1.1820323660714287,0.0441259724779254,0.4479776785714286,0.30985557704158667,0.2857142857142857,0.48795003647426655
object_property_uncertainty,hard,pure_duplication,4,independent_trajectory,7,0.6005285714285715,0.23518641339928428,0.5665571428571429,0.2488670586018625,1.1820323660714287,0.0441259724779254,0.4479776785714286,0.30985557704158667,0.2857142857142857,0.48795003647426655
object_property_uncertainty,hard,pure_duplication,4,mean_pooling,7,0.6005285714285715,0.23518641339928428,0.5665571428571429,0.2488670586018625,1.1820323660714287,0.0441259724779254,0.4479776785714286,0.30985557704158667,0.2857142857142857,0.48795003647426655
object_property_uncertainty,hard,pure_duplication,4,no_imagination,7,0.6005285714285715,0.23518641339928428,0.5665571428571429,0.2488670586018625,-0.11159234375,0.06157239162792751,1.741602388392857,0.3512257577207124,0.0,0.0
object_property_uncertainty,hard,pure_duplication,4,oracle_provenance,7,0.6005285714285715,0.23518641339928428,0.5665571428571429,0.2488670586018625,1.1820323660714287,0.0441259724779254,0.4479776785714286,0.30985557704158667,0.2857142857142857,0.48795003647426655
object_property_uncertainty,hard,pure_duplication,4,provenance_preserving,7,0.6005285714285715,0.23518641339928428,0.5665571428571429,0.2488670586018625,1.1820323660714287,0.0441259724779254,0.4479776785714286,0.30985557704158667,0.2857142857142857,0.48795003647426655
object_property_uncertainty,hard,pure_duplication,4,risk_classifier,7,0.6005285714285715,0.23518641339928428,0.5665571428571429,0.2488670586018625,1.1820323660714287,0.0441259724779254,0.4479776785714286,0.30985557704158667,0.2857142857142857,0.48795003647426655
object_property_uncertainty,hard,pure_duplication,4,semantic_dedup,7,0.6005285714285715,0.23518641339928428,0.5665571428571429,0.2488670586018625,1.1820323660714287,0.0441259724779254,0.4479776785714286,0.30985557704158667,0.2857142857142857,0.48795003647426655
object_property_uncertainty,hard,pure_duplication,4,source_grouping,7,0.6005285714285715,0.23518641339928428,0.5665571428571429,0.2488670586018625,1.1820323660714287,0.0441259724779254,0.4479776785714286,0.30985557704158667,0.2857142857142857,0.48795003647426655
object_property_uncertainty,hard,pure_duplication,8,bayesian_mixing,7,0.6005285714285715,0.23518641339928428,0.5665571428571429,0.2488670586018625,1.1820323660714287,0.0441259724779254,0.4479776785714286,0.30985557704158667,0.2857142857142857,0.48795003647426655
object_property_uncertainty,hard,pure_duplication,8,exact_dedup,7,0.6005285714285715,0.23518641339928428,0.5665571428571429,0.2488670586018625,1.1820323660714287,0.0441259724779254,0.4479776785714286,0.30985557704158667,0.2857142857142857,0.48795003647426655
object_property_uncertainty,hard,pure_duplication,8,flat_rollout,7,0.9449472026712054,0.0593286623661103,0.6949024032787106,0.4360918874114924,1.1820323660714287,0.0441259724779254,0.4479776785714286,0.30985557704158667,0.2857142857142857,0.48795003647426655
object_property_uncertainty,hard,pure_duplication,8,independent_trajectory,7,0.6005285714285715,0.23518641339928428,0.5665571428571429,0.2488670586018625,1.1820323660714287,0.0441259724779254,0.4479776785714286,0.30985557704158667,0.2857142857142857,0.48795003647426655
object_property_uncertainty,hard,pure_duplication,8,mean_pooling,7,0.6005285714285715,0.23518641339928428,0.5665571428571429,0.2488670586018625,1.1820323660714287,0.0441259724779254,0.4479776785714286,0.30985557704158667,0.2857142857142857,0.48795003647426655
object_property_uncertainty,hard,pure_duplication,8,no_imagination,7,0.6005285714285715,0.23518641339928428,0.5665571428571429,0.2488670586018625,-0.11159234375,0.06157239162792751,1.741602388392857,0.3512257577207124,0.0,0.0
object_property_uncertainty,hard,pure_duplication,8,oracle_provenance,7,0.6005285714285715,0.23518641339928428,0.5665571428571429,0.2488670586018625,1.1820323660714287,0.0441259724779254,0.4479776785714286,0.30985557704158667,0.2857142857142857,0.48795003647426655
object_property_uncertainty,hard,pure_duplication,8,provenance_preserving,7,0.6005285714285715,0.23518641339928428,0.5665571428571429,0.2488670586018625,1.1820323660714287,0.0441259724779254,0.4479776785714286,0.30985557704158667,0.2857142857142857,0.48795003647426655
object_property_uncertainty,hard,pure_duplication,8,risk_classifier,7,0.6005285714285715,0.23518641339928428,0.5665571428571429,0.2488670586018625,1.1820323660714287,0.0441259724779254,0.4479776785714286,0.30985557704158667,0.2857142857142857,0.48795003647426655
object_property_uncertainty,hard,pure_duplication,8,semantic_dedup,7,0.6005285714285715,0.23518641339928428,0.5665571428571429,0.2488670586018625,1.1820323660714287,0.0441259724779254,0.4479776785714286,0.30985557704158667,0.2857142857142857,0.48795003647426655
object_property_uncertainty,hard,pure_duplication,8,source_grouping,7,0.6005285714285715,0.23518641339928428,0.5665571428571429,0.2488670586018625,1.1820323660714287,0.0441259724779254,0.4479776785714286,0.30985557704158667,0.2857142857142857,0.48795003647426655
object_property_uncertainty,hard,pure_duplication,16,bayesian_mixing,7,0.6005285714285715,0.23518641339928428,0.5665571428571429,0.2488670586018625,1.1820323660714287,0.0441259724779254,0.4479776785714286,0.30985557704158667,0.2857142857142857,0.48795003647426655
object_property_uncertainty,hard,pure_duplication,16,exact_dedup,7,0.6005285714285715,0.23518641339928428,0.5665571428571429,0.2488670586018625,1.1820323660714287,0.0441259724779254,0.4479776785714286,0.30985557704158667,0.2857142857142857,0.48795003647426655
object_property_uncertainty,hard,pure_duplication,16,flat_rollout,7,0.9975892432007848,0.002767099581030253,0.7134146973301186,0.48552214066042904,1.1820323660714287,0.0441259724779254,0.4479776785714286,0.30985557704158667,0.2857142857142857,0.48795003647426655
object_property_uncertainty,hard,pure_duplication,16,independent_trajectory,7,0.6005285714285715,0.23518641339928428,0.5665571428571429,0.2488670586018625,1.1820323660714287,0.0441259724779254,0.4479776785714286,0.30985557704158667,0.2857142857142857,0.48795003647426655
object_property_uncertainty,hard,pure_duplication,16,mean_pooling,7,0.6005285714285715,0.23518641339928428,0.5665571428571429,0.2488670586018625,1.1820323660714287,0.0441259724779254,0.4479776785714286,0.30985557704158667,0.2857142857142857,0.48795003647426655
object_property_uncertainty,hard,pure_duplication,16,no_imagination,7,0.6005285714285715,0.23518641339928428,0.5665571428571429,0.2488670586018625,-0.11159234375,0.06157239162792751,1.741602388392857,0.3512257577207124,0.0,0.0
object_property_uncertainty,hard,pure_duplication,16,oracle_provenance,7,0.6005285714285715,0.23518641339928428,0.5665571428571429,0.2488670586018625,1.1820323660714287,0.0441259724779254,0.4479776785714286,0.30985557704158667,0.2857142857142857,0.48795003647426655
object_property_uncertainty,hard,pure_duplication,16,provenance_preserving,7,0.6005285714285715,0.23518641339928428,0.5665571428571429,0.2488670586018625,1.1820323660714287,0.0441259724779254,0.4479776785714286,0.30985557704158667,0.2857142857142857,0.48795003647426655
object_property_uncertainty,hard,pure_duplication,16,risk_classifier,7,0.6005285714285715,0.23518641339928428,0.5665571428571429,0.2488670586018625,1.1820323660714287,0.0441259724779254,0.4479776785714286,0.30985557704158667,0.2857142857142857,0.48795003647426655
object_property_uncertainty,hard,pure_duplication,16,semantic_dedup,7,0.6005285714285715,0.23518641339928428,0.5665571428571429,0.2488670586018625,1.1820323660714287,0.0441259724779254,0.4479776785714286,0.30985557704158667,0.2857142857142857,0.48795003647426655
object_property_uncertainty,hard,pure_duplication,16,source_grouping,7,0.6005285714285715,0.23518641339928428,0.5665571428571429,0.2488670586018625,1.1820323660714287,0.0441259724779254,0.4479776785714286,0.30985557704158667,0.2857142857142857,0.48795003647426655
object_property_uncertainty,hard,pure_duplication,32,bayesian_mixing,7,0.6005285714285715,0.23518641339928428,0.5665571428571429,0.2488670586018625,1.1820323660714287,0.0441259724779254,0.4479776785714286,0.30985557704158667,0.2857142857142857,0.48795003647426655
object_property_uncertainty,hard,pure_duplication,32,exact_dedup,7,0.6005285714285715,0.23518641339928428,0.5665571428571429,0.2488670586018625,1.1820323660714287,0.0441259724779254,0.4479776785714286,0.30985557704158667,0.2857142857142857,0.48795003647426655
object_property_uncertainty,hard,pure_duplication,32,flat_rollout,7,0.9999963108346537,4.246043759787841e-06,0.7142843795291594,0.48794631003739214,1.1820323660714287,0.0441259724779254,0.4479776785714286,0.30985557704158667,0.2857142857142857,0.48795003647426655
object_property_uncertainty,hard,pure_duplication,32,independent_trajectory,7,0.6005285714285715,0.23518641339928428,0.5665571428571429,0.2488670586018625,1.1820323660714287,0.0441259724779254,0.4479776785714286,0.30985557704158667,0.2857142857142857,0.48795003647426655
object_property_uncertainty,hard,pure_duplication,32,mean_pooling,7,0.6005285714285715,0.23518641339928428,0.5665571428571429,0.2488670586018625,1.1820323660714287,0.0441259724779254,0.4479776785714286,0.30985557704158667,0.2857142857142857,0.48795003647426655
object_property_uncertainty,hard,pure_duplication,32,no_imagination,7,0.6005285714285715,0.23518641339928428,0.5665571428571429,0.2488670586018625,-0.11159234375,0.06157239162792751,1.741602388392857,0.3512257577207124,0.0,0.0
object_property_uncertainty,hard,pure_duplication,32,oracle_provenance,7,0.6005285714285715,0.23518641339928428,0.5665571428571429,0.2488670586018625,1.1820323660714287,0.0441259724779254,0.4479776785714286,0.30985557704158667,0.2857142857142857,0.48795003647426655
object_property_uncertainty,hard,pure_duplication,32,provenance_preserving,7,0.6005285714285715,0.23518641339928428,0.5665571428571429,0.2488670586018625,1.1820323660714287,0.0441259724779254,0.4479776785714286,0.30985557704158667,0.2857142857142857,0.48795003647426655
object_property_uncertainty,hard,pure_duplication,32,risk_classifier,7,0.6005285714285715,0.23518641339928428,0.5665571428571429,0.2488670586018625,1.1820323660714287,0.0441259724779254,0.4479776785714286,0.30985557704158667,0.2857142857142857,0.48795003647426655
object_property_uncertainty,hard,pure_duplication,32,semantic_dedup,7,0.6005285714285715,0.23518641339928428,0.5665571428571429,0.2488670586018625,1.1820323660714287,0.0441259724779254,0.4479776785714286,0.30985557704158667,0.2857142857142857,0.48795003647426655
object_property_uncertainty,hard,pure_duplication,32,source_grouping,7,0.6005285714285715,0.23518641339928428,0.5665571428571429,0.2488670586018625,1.1820323660714287,0.0441259724779254,0.4479776785714286,0.30985557704158667,0.2857142857142857,0.48795003647426655
object_property_uncertainty,hard,pure_duplication,64,bayesian_mixing,7,0.6005285714285715,0.23518641339928428,0.5665571428571429,0.2488670586018625,1.1820323660714287,0.0441259724779254,0.4479776785714286,0.30985557704158667,0.2857142857142857,0.48795003647426655
object_property_uncertainty,hard,pure_duplication,64,exact_dedup,7,0.6005285714285715,0.23518641339928428,0.5665571428571429,0.2488670586018625,1.1820323660714287,0.0441259724779254,0.4479776785714286,0.30985557704158667,0.2857142857142857,0.48795003647426655
object_property_uncertainty,hard,pure_duplication,64,flat_rollout,7,0.9999999999914492,9.841706618776688e-12,0.7142857142826206,0.48795003646562923,1.1820323660714287,0.0441259724779254,0.4479776785714286,0.30985557704158667,0.2857142857142857,0.48795003647426655
object_property_uncertainty,hard,pure_duplication,64,independent_trajectory,7,0.6005285714285715,0.23518641339928428,0.5665571428571429,0.2488670586018625,1.1820323660714287,0.0441259724779254,0.4479776785714286,0.30985557704158667,0.2857142857142857,0.48795003647426655
object_property_uncertainty,hard,pure_duplication,64,mean_pooling,7,0.6005285714285715,0.23518641339928428,0.5665571428571429,0.2488670586018625,1.1820323660714287,0.0441259724779254,0.4479776785714286,0.30985557704158667,0.2857142857142857,0.48795003647426655
object_property_uncertainty,hard,pure_duplication,64,no_imagination,7,0.6005285714285715,0.23518641339928428,0.5665571428571429,0.2488670586018625,-0.11159234375,0.06157239162792751,1.741602388392857,0.3512257577207124,0.0,0.0
object_property_uncertainty,hard,pure_duplication,64,oracle_provenance,7,0.6005285714285715,0.23518641339928428,0.5665571428571429,0.2488670586018625,1.1820323660714287,0.0441259724779254,0.4479776785714286,0.30985557704158667,0.2857142857142857,0.48795003647426655
object_property_uncertainty,hard,pure_duplication,64,provenance_preserving,7,0.6005285714285715,0.23518641339928428,0.5665571428571429,0.2488670586018625,1.1820323660714287,0.0441259724779254,0.4479776785714286,0.30985557704158667,0.2857142857142857,0.48795003647426655
object_property_uncertainty,hard,pure_duplication,64,risk_classifier,7,0.6005285714285715,0.23518641339928428,0.5665571428571429,0.2488670586018625,1.1820323660714287,0.0441259724779254,0.4479776785714286,0.30985557704158667,0.2857142857142857,0.48795003647426655
object_property_uncertainty,hard,pure_duplication,64,semantic_dedup,7,0.6005285714285715,0.23518641339928428,0.5665571428571429,0.2488670586018625,1.1820323660714287,0.0441259724779254,0.4479776785714286,0.30985557704158667,0.2857142857142857,0.48795003647426655
object_property_uncertainty,hard,pure_duplication,64,source_grouping,7,0.6005285714285715,0.23518641339928428,0.5665571428571429,0.2488670586018625,1.1820323660714287,0.0441259724779254,0.4479776785714286,0.30985557704158667,0.2857142857142857,0.48795003647426655
object_property_uncertainty,medium,independent_rollout,1,bayesian_mixing,7,0.46727142857142867,0.18430551370198445,0.5288428571428572,0.18506119579878488,1.1899370089285715,0.011780957163147658,0.09215276785714284,0.2438133063762665,0.8571428571428571,0.37796447300922725
object_property_uncertainty,medium,independent_rollout,1,exact_dedup,7,0.46727142857142867,0.18430551370198445,0.5288428571428572,0.18506119579878488,1.1899370089285715,0.011780957163147658,0.09215276785714284,0.2438133063762665,0.8571428571428571,0.37796447300922725
object_property_uncertainty,medium,independent_rollout,1,flat_rollout,7,0.4672714285714286,0.18430551370198453,0.5288428571428572,0.18506119579878494,1.1899370089285715,0.011780957163147658,0.09215276785714284,0.2438133063762665,0.8571428571428571,0.37796447300922725
object_property_uncertainty,medium,independent_rollout,1,independent_trajectory,7,0.46727142857142867,0.18430551370198445,0.5288428571428572,0.18506119579878488,1.1899370089285715,0.011780957163147658,0.09215276785714284,0.2438133063762665,0.8571428571428571,0.37796447300922725
object_property_uncertainty,medium,independent_rollout,1,mean_pooling,7,0.46727142857142867,0.18430551370198445,0.5288428571428572,0.18506119579878488,1.1899370089285715,0.011780957163147658,0.09215276785714284,0.2438133063762665,0.8571428571428571,0.37796447300922725
object_property_uncertainty,medium,independent_rollout,1,no_imagination,7,0.46727142857142867,0.18430551370198445,0.5288428571428572,0.18506119579878488,-0.10019696428571427,0.01619099171233948,1.3822867410714286,0.24874802228752488,0.0,0.0
object_property_uncertainty,medium,independent_rollout,1,oracle_provenance,7,0.46727142857142867,0.18430551370198445,0.5288428571428572,0.18506119579878488,1.1899370089285715,0.011780957163147658,0.09215276785714284,0.2438133063762665,0.8571428571428571,0.37796447300922725
object_property_uncertainty,medium,independent_rollout,1,provenance_preserving,7,0.46727142857142867,0.18430551370198445,0.5288428571428572,0.18506119579878488,1.1899370089285715,0.011780957163147658,0.09215276785714284,0.2438133063762665,0.8571428571428571,0.37796447300922725
object_property_uncertainty,medium,independent_rollout,1,risk_classifier,7,0.46727142857142867,0.18430551370198445,0.5288428571428572,0.18506119579878488,0.37328602678571426,1.636263263379941,0.9088037499999999,1.55209723528459,0.7142857142857143,0.48795003647426666
object_property_uncertainty,medium,independent_rollout,1,semantic_dedup,7,0.46727142857142867,0.18430551370198445,0.5288428571428572,0.18506119579878488,1.1899370089285715,0.011780957163147658,0.09215276785714284,0.2438133063762665,0.8571428571428571,0.37796447300922725
object_property_uncertainty,medium,independent_rollout,1,source_grouping,7,0.46727142857142867,0.18430551370198445,0.5288428571428572,0.18506119579878488,1.1899370089285715,0.011780957163147658,0.09215276785714284,0.2438133063762665,0.8571428571428571,0.37796447300922725
object_property_uncertainty,medium,independent_rollout,2,bayesian_mixing,7,0.46727142857142867,0.18430551370198445,0.5288428571428572,0.18506119579878488,1.1899370089285715,0.011780957163147658,0.09215276785714284,0.2438133063762665,0.8571428571428571,0.37796447300922725
object_property_uncertainty,medium,independent_rollout,2,exact_dedup,7,0.46727142857142867,0.18430551370198445,0.5288428571428572,0.18506119579878488,1.1899370089285715,0.011780957163147658,0.09215276785714284,0.2438133063762665,0.8571428571428571,0.37796447300922725
object_property_uncertainty,medium,independent_rollout,2,flat_rollout,7,0.4672714285714286,0.18430551370198453,0.5288428571428572,0.18506119579878494,1.1899370089285715,0.011780957163147658,0.09215276785714284,0.2438133063762665,0.8571428571428571,0.37796447300922725
object_property_uncertainty,medium,independent_rollout,2,independent_trajectory,7,0.46727142857142867,0.18430551370198445,0.5288428571428572,0.18506119579878488,1.1899370089285715,0.011780957163147658,0.09215276785714284,0.2438133063762665,0.8571428571428571,0.37796447300922725
object_property_uncertainty,medium,independent_rollout,2,mean_pooling,7,0.46727142857142867,0.18430551370198445,0.5288428571428572,0.18506119579878488,1.1899370089285715,0.011780957163147658,0.09215276785714284,0.2438133063762665,0.8571428571428571,0.37796447300922725
object_property_uncertainty,medium,independent_rollout,2,no_imagination,7,0.46727142857142867,0.18430551370198445,0.5288428571428572,0.18506119579878488,-0.10019696428571427,0.01619099171233948,1.3822867410714286,0.24874802228752488,0.0,0.0
object_property_uncertainty,medium,independent_rollout,2,oracle_provenance,7,0.46727142857142867,0.18430551370198445,0.5288428571428572,0.18506119579878488,1.1899370089285715,0.011780957163147658,0.09215276785714284,0.2438133063762665,0.8571428571428571,0.37796447300922725
object_property_uncertainty,medium,independent_rollout,2,provenance_preserving,7,0.46727142857142867,0.18430551370198445,0.5288428571428572,0.18506119579878488,1.1899370089285715,0.011780957163147658,0.09215276785714284,0.2438133063762665,0.8571428571428571,0.37796447300922725
object_property_uncertainty,medium,independent_rollout,2,risk_classifier,7,0.46727142857142867,0.18430551370198445,0.5288428571428572,0.18506119579878488,1.1899370089285715,0.011780957163147658,0.09215276785714284,0.2438133063762665,0.8571428571428571,0.37796447300922725
object_property_uncertainty,medium,independent_rollout,2,semantic_dedup,7,0.46727142857142867,0.18430551370198445,0.5288428571428572,0.18506119579878488,1.1899370089285715,0.011780957163147658,0.09215276785714284,0.2438133063762665,0.8571428571428571,0.37796447300922725
object_property_uncertainty,medium,independent_rollout,2,source_grouping,7,0.46727142857142867,0.18430551370198445,0.5288428571428572,0.18506119579878488,1.1899370089285715,0.011780957163147658,0.09215276785714284,0.2438133063762665,0.8571428571428571,0.37796447300922725
object_property_uncertainty,medium,independent_rollout,4,bayesian_mixing,7,0.46727142857142867,0.18430551370198445,0.5288428571428572,0.18506119579878488,1.1899370089285715,0.011780957163147658,0.09215276785714284,0.2438133063762665,0.8571428571428571,0.37796447300922725
object_property_uncertainty,medium,independent_rollout,4,exact_dedup,7,0.46727142857142867,0.18430551370198445,0.5288428571428572,0.18506119579878488,1.1899370089285715,0.011780957163147658,0.09215276785714284,0.2438133063762665,0.8571428571428571,0.37796447300922725
object_property_uncertainty,medium,independent_rollout,4,flat_rollout,7,0.4672714285714286,0.18430551370198453,0.5288428571428572,0.18506119579878494,1.1899370089285715,0.011780957163147658,0.09215276785714284,0.2438133063762665,0.8571428571428571,0.37796447300922725
object_property_uncertainty,medium,independent_rollout,4,independent_trajectory,7,0.46727142857142867,0.18430551370198445,0.5288428571428572,0.18506119579878488,1.1899370089285715,0.011780957163147658,0.09215276785714284,0.2438133063762665,0.8571428571428571,0.37796447300922725
object_property_uncertainty,medium,independent_rollout,4,mean_pooling,7,0.46727142857142867,0.18430551370198445,0.5288428571428572,0.18506119579878488,1.1899370089285715,0.011780957163147658,0.09215276785714284,0.2438133063762665,0.8571428571428571,0.37796447300922725
object_property_uncertainty,medium,independent_rollout,4,no_imagination,7,0.46727142857142867,0.18430551370198445,0.5288428571428572,0.18506119579878488,-0.10019696428571427,0.01619099171233948,1.3822867410714286,0.24874802228752488,0.0,0.0
object_property_uncertainty,medium,independent_rollout,4,oracle_provenance,7,0.46727142857142867,0.18430551370198445,0.5288428571428572,0.18506119579878488,1.1899370089285715,0.011780957163147658,0.09215276785714284,0.2438133063762665,0.8571428571428571,0.37796447300922725
object_property_uncertainty,medium,independent_rollout,4,provenance_preserving,7,0.46727142857142867,0.18430551370198445,0.5288428571428572,0.18506119579878488,1.1899370089285715,0.011780957163147658,0.09215276785714284,0.2438133063762665,0.8571428571428571,0.37796447300922725
object_property_uncertainty,medium,independent_rollout,4,risk_classifier,7,0.46727142857142867,0.18430551370198445,0.5288428571428572,0.18506119579878488,1.1899370089285715,0.011780957163147658,0.09215276785714284,0.2438133063762665,0.8571428571428571,0.37796447300922725
object_property_uncertainty,medium,independent_rollout,4,semantic_dedup,7,0.46727142857142867,0.18430551370198445,0.5288428571428572,0.18506119579878488,1.1899370089285715,0.011780957163147658,0.09215276785714284,0.2438133063762665,0.8571428571428571,0.37796447300922725
object_property_uncertainty,medium,independent_rollout,4,source_grouping,7,0.46727142857142867,0.18430551370198445,0.5288428571428572,0.18506119579878488,1.1899370089285715,0.011780957163147658,0.09215276785714284,0.2438133063762665,0.8571428571428571,0.37796447300922725
object_property_uncertainty,medium,independent_rollout,8,bayesian_mixing,7,0.46727142857142867,0.18430551370198445,0.5288428571428572,0.18506119579878488,1.1899370089285715,0.011780957163147658,0.09215276785714284,0.2438133063762665,0.8571428571428571,0.37796447300922725
object_property_uncertainty,medium,independent_rollout,8,exact_dedup,7,0.46727142857142867,0.18430551370198445,0.5288428571428572,0.18506119579878488,1.1899370089285715,0.011780957163147658,0.09215276785714284,0.2438133063762665,0.8571428571428571,0.37796447300922725
object_property_uncertainty,medium,independent_rollout,8,flat_rollout,7,0.4672714285714286,0.18430551370198453,0.5288428571428572,0.18506119579878494,1.1899370089285715,0.011780957163147658,0.09215276785714284,0.2438133063762665,0.8571428571428571,0.37796447300922725
object_property_uncertainty,medium,independent_rollout,8,independent_trajectory,7,0.46727142857142867,0.18430551370198445,0.5288428571428572,0.18506119579878488,1.1899370089285715,0.011780957163147658,0.09215276785714284,0.2438133063762665,0.8571428571428571,0.37796447300922725
object_property_uncertainty,medium,independent_rollout,8,mean_pooling,7,0.46727142857142867,0.18430551370198445,0.5288428571428572,0.18506119579878488,1.1899370089285715,0.011780957163147658,0.09215276785714284,0.2438133063762665,0.8571428571428571,0.37796447300922725
object_property_uncertainty,medium,independent_rollout,8,no_imagination,7,0.46727142857142867,0.18430551370198445,0.5288428571428572,0.18506119579878488,-0.10019696428571427,0.01619099171233948,1.3822867410714286,0.24874802228752488,0.0,0.0
object_property_uncertainty,medium,independent_rollout,8,oracle_provenance,7,0.46727142857142867,0.18430551370198445,0.5288428571428572,0.18506119579878488,1.1899370089285715,0.011780957163147658,0.09215276785714284,0.2438133063762665,0.8571428571428571,0.37796447300922725
object_property_uncertainty,medium,independent_rollout,8,provenance_preserving,7,0.46727142857142867,0.18430551370198445,0.5288428571428572,0.18506119579878488,1.1899370089285715,0.011780957163147658,0.09215276785714284,0.2438133063762665,0.8571428571428571,0.37796447300922725
object_property_uncertainty,medium,independent_rollout,8,risk_classifier,7,0.46727142857142867,0.18430551370198445,0.5288428571428572,0.18506119579878488,1.1899370089285715,0.011780957163147658,0.09215276785714284,0.2438133063762665,0.8571428571428571,0.37796447300922725
object_property_uncertainty,medium,independent_rollout,8,semantic_dedup,7,0.46727142857142867,0.18430551370198445,0.5288428571428572,0.18506119579878488,1.1899370089285715,0.011780957163147658,0.09215276785714284,0.2438133063762665,0.8571428571428571,0.37796447300922725
object_property_uncertainty,medium,independent_rollout,8,source_grouping,7,0.46727142857142867,0.18430551370198445,0.5288428571428572,0.18506119579878488,1.1899370089285715,0.011780957163147658,0.09215276785714284,0.2438133063762665,0.8571428571428571,0.37796447300922725
object_property_uncertainty,medium,independent_rollout,16,bayesian_mixing,7,0.46727142857142867,0.18430551370198445,0.5288428571428572,0.18506119579878488,1.1899370089285715,0.011780957163147658,0.09215276785714284,0.2438133063762665,0.8571428571428571,0.37796447300922725
object_property_uncertainty,medium,independent_rollout,16,exact_dedup,7,0.46727142857142867,0.18430551370198445,0.5288428571428572,0.18506119579878488,1.1899370089285715,0.011780957163147658,0.09215276785714284,0.2438133063762665,0.8571428571428571,0.37796447300922725
object_property_uncertainty,medium,independent_rollout,16,flat_rollout,7,0.4672714285714286,0.18430551370198453,0.5288428571428572,0.18506119579878494,1.1899370089285715,0.011780957163147658,0.09215276785714284,0.2438133063762665,0.8571428571428571,0.37796447300922725
object_property_uncertainty,medium,independent_rollout,16,independent_trajectory,7,0.46727142857142867,0.18430551370198445,0.5288428571428572,0.18506119579878488,1.1899370089285715,0.011780957163147658,0.09215276785714284,0.2438133063762665,0.8571428571428571,0.37796447300922725
object_property_uncertainty,medium,independent_rollout,16,mean_pooling,7,0.46727142857142867,0.18430551370198445,0.5288428571428572,0.18506119579878488,1.1899370089285715,0.011780957163147658,0.09215276785714284,0.2438133063762665,0.8571428571428571,0.37796447300922725
object_property_uncertainty,medium,independent_rollout,16,no_imagination,7,0.46727142857142867,0.18430551370198445,0.5288428571428572,0.18506119579878488,-0.10019696428571427,0.01619099171233948,1.3822867410714286,0.24874802228752488,0.0,0.0
object_property_uncertainty,medium,independent_rollout,16,oracle_provenance,7,0.46727142857142867,0.18430551370198445,0.5288428571428572,0.18506119579878488,1.1899370089285715,0.011780957163147658,0.09215276785714284,0.2438133063762665,0.8571428571428571,0.37796447300922725
object_property_uncertainty,medium,independent_rollout,16,provenance_preserving,7,0.46727142857142867,0.18430551370198445,0.5288428571428572,0.18506119579878488,1.1899370089285715,0.011780957163147658,0.09215276785714284,0.2438133063762665,0.8571428571428571,0.37796447300922725
object_property_uncertainty,medium,independent_rollout,16,risk_classifier,7,0.46727142857142867,0.18430551370198445,0.5288428571428572,0.18506119579878488,1.1899370089285715,0.011780957163147658,0.09215276785714284,0.2438133063762665,0.8571428571428571,0.37796447300922725
object_property_uncertainty,medium,independent_rollout,16,semantic_dedup,7,0.46727142857142867,0.18430551370198445,0.5288428571428572,0.18506119579878488,1.1899370089285715,0.011780957163147658,0.09215276785714284,0.2438133063762665,0.8571428571428571,0.37796447300922725
object_property_uncertainty,medium,independent_rollout,16,source_grouping,7,0.46727142857142867,0.18430551370198445,0.5288428571428572,0.18506119579878488,1.1899370089285715,0.011780957163147658,0.09215276785714284,0.2438133063762665,0.8571428571428571,0.37796447300922725
object_property_uncertainty,medium,independent_rollout,32,bayesian_mixing,7,0.46727142857142867,0.18430551370198445,0.5288428571428572,0.18506119579878488,1.1899370089285715,0.011780957163147658,0.09215276785714284,0.2438133063762665,0.8571428571428571,0.37796447300922725
object_property_uncertainty,medium,independent_rollout,32,exact_dedup,7,0.46727142857142867,0.18430551370198445,0.5288428571428572,0.18506119579878488,1.1899370089285715,0.011780957163147658,0.09215276785714284,0.2438133063762665,0.8571428571428571,0.37796447300922725
object_property_uncertainty,medium,independent_rollout,32,flat_rollout,7,0.4672714285714286,0.18430551370198453,0.5288428571428572,0.18506119579878494,1.1899370089285715,0.011780957163147658,0.09215276785714284,0.2438133063762665,0.8571428571428571,0.37796447300922725
object_property_uncertainty,medium,independent_rollout,32,independent_trajectory,7,0.46727142857142867,0.18430551370198445,0.5288428571428572,0.18506119579878488,1.1899370089285715,0.011780957163147658,0.09215276785714284,0.2438133063762665,0.8571428571428571,0.37796447300922725
object_property_uncertainty,medium,independent_rollout,32,mean_pooling,7,0.46727142857142867,0.18430551370198445,0.5288428571428572,0.18506119579878488,1.1899370089285715,0.011780957163147658,0.09215276785714284,0.2438133063762665,0.8571428571428571,0.37796447300922725
object_property_uncertainty,medium,independent_rollout,32,no_imagination,7,0.46727142857142867,0.18430551370198445,0.5288428571428572,0.18506119579878488,-0.10019696428571427,0.01619099171233948,1.3822867410714286,0.24874802228752488,0.0,0.0
object_property_uncertainty,medium,independent_rollout,32,oracle_provenance,7,0.46727142857142867,0.18430551370198445,0.5288428571428572,0.18506119579878488,1.1899370089285715,0.011780957163147658,0.09215276785714284,0.2438133063762665,0.8571428571428571,0.37796447300922725
object_property_uncertainty,medium,independent_rollout,32,provenance_preserving,7,0.46727142857142867,0.18430551370198445,0.5288428571428572,0.18506119579878488,1.1899370089285715,0.011780957163147658,0.09215276785714284,0.2438133063762665,0.8571428571428571,0.37796447300922725
object_property_uncertainty,medium,independent_rollout,32,risk_classifier,7,0.46727142857142867,0.18430551370198445,0.5288428571428572,0.18506119579878488,1.1899370089285715,0.011780957163147658,0.09215276785714284,0.2438133063762665,0.8571428571428571,0.37796447300922725
object_property_uncertainty,medium,independent_rollout,32,semantic_dedup,7,0.46727142857142867,0.18430551370198445,0.5288428571428572,0.18506119579878488,1.1899370089285715,0.011780957163147658,0.09215276785714284,0.2438133063762665,0.8571428571428571,0.37796447300922725
object_property_uncertainty,medium,independent_rollout,32,source_grouping,7,0.46727142857142867,0.18430551370198445,0.5288428571428572,0.18506119579878488,1.1899370089285715,0.011780957163147658,0.09215276785714284,0.2438133063762665,0.8571428571428571,0.37796447300922725
object_property_uncertainty,medium,independent_rollout,64,bayesian_mixing,7,0.46727142857142867,0.18430551370198445,0.5288428571428572,0.18506119579878488,1.1899370089285715,0.011780957163147658,0.09215276785714284,0.2438133063762665,0.8571428571428571,0.37796447300922725
object_property_uncertainty,medium,independent_rollout,64,exact_dedup,7,0.46727142857142867,0.18430551370198445,0.5288428571428572,0.18506119579878488,1.1899370089285715,0.011780957163147658,0.09215276785714284,0.2438133063762665,0.8571428571428571,0.37796447300922725
object_property_uncertainty,medium,independent_rollout,64,flat_rollout,7,0.4672714285714286,0.18430551370198453,0.5288428571428572,0.18506119579878494,1.1899370089285715,0.011780957163147658,0.09215276785714284,0.2438133063762665,0.8571428571428571,0.37796447300922725
object_property_uncertainty,medium,independent_rollout,64,independent_trajectory,7,0.46727142857142867,0.18430551370198445,0.5288428571428572,0.18506119579878488,1.1899370089285715,0.011780957163147658,0.09215276785714284,0.2438133063762665,0.8571428571428571,0.37796447300922725
object_property_uncertainty,medium,independent_rollout,64,mean_pooling,7,0.46727142857142867,0.18430551370198445,0.5288428571428572,0.18506119579878488,1.1899370089285715,0.011780957163147658,0.09215276785714284,0.2438133063762665,0.8571428571428571,0.37796447300922725
object_property_uncertainty,medium,independent_rollout,64,no_imagination,7,0.46727142857142867,0.18430551370198445,0.5288428571428572,0.18506119579878488,-0.10019696428571427,0.01619099171233948,1.3822867410714286,0.24874802228752488,0.0,0.0
object_property_uncertainty,medium,independent_rollout,64,oracle_provenance,7,0.46727142857142867,0.18430551370198445,0.5288428571428572,0.18506119579878488,1.1899370089285715,0.011780957163147658,0.09215276785714284,0.2438133063762665,0.8571428571428571,0.37796447300922725
object_property_uncertainty,medium,independent_rollout,64,provenance_preserving,7,0.46727142857142867,0.18430551370198445,0.5288428571428572,0.18506119579878488,1.1899370089285715,0.011780957163147658,0.09215276785714284,0.2438133063762665,0.8571428571428571,0.37796447300922725
object_property_uncertainty,medium,independent_rollout,64,risk_classifier,7,0.46727142857142867,0.18430551370198445,0.5288428571428572,0.18506119579878488,1.1899370089285715,0.011780957163147658,0.09215276785714284,0.2438133063762665,0.8571428571428571,0.37796447300922725
object_property_uncertainty,medium,independent_rollout,64,semantic_dedup,7,0.46727142857142867,0.18430551370198445,0.5288428571428572,0.18506119579878488,1.1899370089285715,0.011780957163147658,0.09215276785714284,0.2438133063762665,0.8571428571428571,0.37796447300922725
object_property_uncertainty,medium,independent_rollout,64,source_grouping,7,0.46727142857142867,0.18430551370198445,0.5288428571428572,0.18506119579878488,1.1899370089285715,0.011780957163147658,0.09215276785714284,0.2438133063762665,0.8571428571428571,0.37796447300922725
object_property_uncertainty,medium,pure_duplication,1,bayesian_mixing,7,0.46727142857142867,0.18430551370198445,0.5288428571428572,0.18506119579878488,1.1899370089285715,0.011780957163147658,0.09215276785714284,0.2438133063762665,0.8571428571428571,0.37796447300922725
object_property_uncertainty,medium,pure_duplication,1,exact_dedup,7,0.46727142857142867,0.18430551370198445,0.5288428571428572,0.18506119579878488,1.1899370089285715,0.011780957163147658,0.09215276785714284,0.2438133063762665,0.8571428571428571,0.37796447300922725
object_property_uncertainty,medium,pure_duplication,1,flat_rollout,7,0.4672714285714286,0.18430551370198453,0.5288428571428572,0.18506119579878494,1.1899370089285715,0.011780957163147658,0.09215276785714284,0.2438133063762665,0.8571428571428571,0.37796447300922725
object_property_uncertainty,medium,pure_duplication,1,independent_trajectory,7,0.46727142857142867,0.18430551370198445,0.5288428571428572,0.18506119579878488,1.1899370089285715,0.011780957163147658,0.09215276785714284,0.2438133063762665,0.8571428571428571,0.37796447300922725
object_property_uncertainty,medium,pure_duplication,1,mean_pooling,7,0.46727142857142867,0.18430551370198445,0.5288428571428572,0.18506119579878488,1.1899370089285715,0.011780957163147658,0.09215276785714284,0.2438133063762665,0.8571428571428571,0.37796447300922725
object_property_uncertainty,medium,pure_duplication,1,no_imagination,7,0.46727142857142867,0.18430551370198445,0.5288428571428572,0.18506119579878488,-0.10019696428571427,0.01619099171233948,1.3822867410714286,0.24874802228752488,0.0,0.0
object_property_uncertainty,medium,pure_duplication,1,oracle_provenance,7,0.46727142857142867,0.18430551370198445,0.5288428571428572,0.18506119579878488,1.1899370089285715,0.011780957163147658,0.09215276785714284,0.2438133063762665,0.8571428571428571,0.37796447300922725
object_property_uncertainty,medium,pure_duplication,1,provenance_preserving,7,0.46727142857142867,0.18430551370198445,0.5288428571428572,0.18506119579878488,1.1899370089285715,0.011780957163147658,0.09215276785714284,0.2438133063762665,0.8571428571428571,0.37796447300922725
object_property_uncertainty,medium,pure_duplication,1,risk_classifier,7,0.46727142857142867,0.18430551370198445,0.5288428571428572,0.18506119579878488,1.1899370089285715,0.011780957163147658,0.09215276785714284,0.2438133063762665,0.8571428571428571,0.37796447300922725
object_property_uncertainty,medium,pure_duplication,1,semantic_dedup,7,0.46727142857142867,0.18430551370198445,0.5288428571428572,0.18506119579878488,1.1899370089285715,0.011780957163147658,0.09215276785714284,0.2438133063762665,0.8571428571428571,0.37796447300922725
object_property_uncertainty,medium,pure_duplication,1,source_grouping,7,0.46727142857142867,0.18430551370198445,0.5288428571428572,0.18506119579878488,1.1899370089285715,0.011780957163147658,0.09215276785714284,0.2438133063762665,0.8571428571428571,0.37796447300922725
object_property_uncertainty,medium,pure_duplication,2,bayesian_mixing,7,0.46727142857142867,0.18430551370198445,0.5288428571428572,0.18506119579878488,1.1899370089285715,0.011780957163147658,0.09215276785714284,0.2438133063762665,0.8571428571428571,0.37796447300922725
object_property_uncertainty,medium,pure_duplication,2,exact_dedup,7,0.46727142857142867,0.18430551370198445,0.5288428571428572,0.18506119579878488,1.1899370089285715,0.011780957163147658,0.09215276785714284,0.2438133063762665,0.8571428571428571,0.37796447300922725
object_property_uncertainty,medium,pure_duplication,2,flat_rollout,7,0.5571746911226878,0.17209093636619516,0.4676460479837655,0.17946536895907644,1.1899370089285715,0.011780957163147658,0.09215276785714284,0.2438133063762665,0.8571428571428571,0.37796447300922725
object_property_uncertainty,medium,pure_duplication,2,independent_trajectory,7,0.46727142857142867,0.18430551370198445,0.5288428571428572,0.18506119579878488,1.1899370089285715,0.011780957163147658,0.09215276785714284,0.2438133063762665,0.8571428571428571,0.37796447300922725
object_property_uncertainty,medium,pure_duplication,2,mean_pooling,7,0.46727142857142867,0.18430551370198445,0.5288428571428572,0.18506119579878488,1.1899370089285715,0.011780957163147658,0.09215276785714284,0.2438133063762665,0.8571428571428571,0.37796447300922725
object_property_uncertainty,medium,pure_duplication,2,no_imagination,7,0.46727142857142867,0.18430551370198445,0.5288428571428572,0.18506119579878488,-0.10019696428571427,0.01619099171233948,1.3822867410714286,0.24874802228752488,0.0,0.0
object_property_uncertainty,medium,pure_duplication,2,oracle_provenance,7,0.46727142857142867,0.18430551370198445,0.5288428571428572,0.18506119579878488,1.1899370089285715,0.011780957163147658,0.09215276785714284,0.2438133063762665,0.8571428571428571,0.37796447300922725
object_property_uncertainty,medium,pure_duplication,2,provenance_preserving,7,0.46727142857142867,0.18430551370198445,0.5288428571428572,0.18506119579878488,1.1899370089285715,0.011780957163147658,0.09215276785714284,0.2438133063762665,0.8571428571428571,0.37796447300922725
object_property_uncertainty,medium,pure_duplication,2,risk_classifier,7,0.46727142857142867,0.18430551370198445,0.5288428571428572,0.18506119579878488,1.1899370089285715,0.011780957163147658,0.09215276785714284,0.2438133063762665,0.8571428571428571,0.37796447300922725
object_property_uncertainty,medium,pure_duplication,2,semantic_dedup,7,0.46727142857142867,0.18430551370198445,0.5288428571428572,0.18506119579878488,1.1899370089285715,0.011780957163147658,0.09215276785714284,0.2438133063762665,0.8571428571428571,0.37796447300922725
object_property_uncertainty,medium,pure_duplication,2,source_grouping,7,0.46727142857142867,0.18430551370198445,0.5288428571428572,0.18506119579878488,1.1899370089285715,0.011780957163147658,0.09215276785714284,0.2438133063762665,0.8571428571428571,0.37796447300922725
object_property_uncertainty,medium,pure_duplication,4,bayesian_mixing,7,0.46727142857142867,0.18430551370198445,0.5288428571428572,0.18506119579878488,1.1899370089285715,0.011780957163147658,0.09215276785714284,0.2438133063762665,0.8571428571428571,0.37796447300922725
object_property_uncertainty,medium,pure_duplication,4,exact_dedup,7,0.46727142857142867,0.18430551370198445,0.5288428571428572,0.18506119579878488,1.1899370089285715,0.011780957163147658,0.09215276785714284,0.2438133063762665,0.8571428571428571,0.37796447300922725
object_property_uncertainty,medium,pure_duplication,4,flat_rollout,7,0.7251403471885357,0.12836999588383657,0.3496289814783431,0.2218897113830182,1.1899370089285715,0.011780957163147658,0.09215276785714284,0.2438133063762665,0.8571428571428571,0.37796447300922725
object_property_uncertainty,medium,pure_duplication,4,independent_trajectory,7,0.46727142857142867,0.18430551370198445,0.5288428571428572,0.18506119579878488,1.1899370089285715,0.011780957163147658,0.09215276785714284,0.2438133063762665,0.8571428571428571,0.37796447300922725
object_property_uncertainty,medium,pure_duplication,4,mean_pooling,7,0.46727142857142867,0.18430551370198445,0.5288428571428572,0.18506119579878488,1.1899370089285715,0.011780957163147658,0.09215276785714284,0.2438133063762665,0.8571428571428571,0.37796447300922725
object_property_uncertainty,medium,pure_duplication,4,no_imagination,7,0.46727142857142867,0.18430551370198445,0.5288428571428572,0.18506119579878488,-0.10019696428571427,0.01619099171233948,1.3822867410714286,0.24874802228752488,0.0,0.0
object_property_uncertainty,medium,pure_duplication,4,oracle_provenance,7,0.46727142857142867,0.18430551370198445,0.5288428571428572,0.18506119579878488,1.1899370089285715,0.011780957163147658,0.09215276785714284,0.2438133063762665,0.8571428571428571,0.37796447300922725
object_property_uncertainty,medium,pure_duplication,4,provenance_preserving,7,0.46727142857142867,0.18430551370198445,0.5288428571428572,0.18506119579878488,1.1899370089285715,0.011780957163147658,0.09215276785714284,0.2438133063762665,0.8571428571428571,0.37796447300922725
object_property_uncertainty,medium,pure_duplication,4,risk_classifier,7,0.46727142857142867,0.18430551370198445,0.5288428571428572,0.18506119579878488,1.1899370089285715,0.011780957163147658,0.09215276785714284,0.2438133063762665,0.8571428571428571,0.37796447300922725
object_property_uncertainty,medium,pure_duplication,4,semantic_dedup,7,0.46727142857142867,0.18430551370198445,0.5288428571428572,0.18506119579878488,1.1899370089285715,0.011780957163147658,0.09215276785714284,0.2438133063762665,0.8571428571428571,0.37796447300922725
object_property_uncertainty,medium,pure_duplication,4,source_grouping,7,0.46727142857142867,0.18430551370198445,0.5288428571428572,0.18506119579878488,1.1899370089285715,0.011780957163147658,0.09215276785714284,0.2438133063762665,0.8571428571428571,0.37796447300922725
object_property_uncertainty,medium,pure_duplication,8,bayesian_mixing,7,0.46727142857142867,0.18430551370198445,0.5288428571428572,0.18506119579878488,1.1899370089285715,0.011780957163147658,0.09215276785714284,0.2438133063762665,0.8571428571428571,0.37796447300922725
object_property_uncertainty,medium,pure_duplication,8,exact_dedup,7,0.46727142857142867,0.18430551370198445,0.5288428571428572,0.18506119579878488,1.1899370089285715,0.011780957163147658,0.09215276785714284,0.2438133063762665,0.8571428571428571,0.37796447300922725
object_property_uncertainty,medium,pure_duplication,8,flat_rollout,7,0.9256143811374938,0.04218930725379241,0.2006131684258821,0.32946560555359145,1.1899370089285715,0.011780957163147658,0.09215276785714284,0.2438133063762665,0.8571428571428571,0.37796447300922725
object_property_uncertainty,medium,pure_duplication,8,independent_trajectory,7,0.46727142857142867,0.18430551370198445,0.5288428571428572,0.18506119579878488,1.1899370089285715,0.011780957163147658,0.09215276785714284,0.2438133063762665,0.8571428571428571,0.37796447300922725
object_property_uncertainty,medium,pure_duplication,8,mean_pooling,7,0.46727142857142867,0.18430551370198445,0.5288428571428572,0.18506119579878488,1.1899370089285715,0.011780957163147658,0.09215276785714284,0.2438133063762665,0.8571428571428571,0.37796447300922725
object_property_uncertainty,medium,pure_duplication,8,no_imagination,7,0.46727142857142867,0.18430551370198445,0.5288428571428572,0.18506119579878488,-0.10019696428571427,0.01619099171233948,1.3822867410714286,0.24874802228752488,0.0,0.0
object_property_uncertainty,medium,pure_duplication,8,oracle_provenance,7,0.46727142857142867,0.18430551370198445,0.5288428571428572,0.18506119579878488,1.1899370089285715,0.011780957163147658,0.09215276785714284,0.2438133063762665,0.8571428571428571,0.37796447300922725
object_property_uncertainty,medium,pure_duplication,8,provenance_preserving,7,0.46727142857142867,0.18430551370198445,0.5288428571428572,0.18506119579878488,1.1899370089285715,0.011780957163147658,0.09215276785714284,0.2438133063762665,0.8571428571428571,0.37796447300922725
object_property_uncertainty,medium,pure_duplication,8,risk_classifier,7,0.46727142857142867,0.18430551370198445,0.5288428571428572,0.18506119579878488,1.1899370089285715,0.011780957163147658,0.09215276785714284,0.2438133063762665,0.8571428571428571,0.37796447300922725
object_property_uncertainty,medium,pure_duplication,8,semantic_dedup,7,0.46727142857142867,0.18430551370198445,0.5288428571428572,0.18506119579878488,1.1899370089285715,0.011780957163147658,0.09215276785714284,0.2438133063762665,0.8571428571428571,0.37796447300922725
object_property_uncertainty,medium,pure_duplication,8,source_grouping,7,0.46727142857142867,0.18430551370198445,0.5288428571428572,0.18506119579878488,1.1899370089285715,0.011780957163147658,0.09215276785714284,0.2438133063762665,0.8571428571428571,0.37796447300922725
object_property_uncertainty,medium,pure_duplication,16,bayesian_mixing,7,0.46727142857142867,0.18430551370198445,0.5288428571428572,0.18506119579878488,1.1899370089285715,0.011780957163147658,0.09215276785714284,0.2438133063762665,0.8571428571428571,0.37796447300922725
object_property_uncertainty,medium,pure_duplication,16,exact_dedup,7,0.46727142857142867,0.18430551370198445,0.5288428571428572,0.18506119579878488,1.1899370089285715,0.011780957163147658,0.09215276785714284,0.2438133063762665,0.8571428571428571,0.37796447300922725
object_property_uncertainty,medium,pure_duplication,16,flat_rollout,7,0.9968017103470024,0.0019376490832663223,0.145368129038388,0.3758013117365863,1.1899370089285715,0.011780957163147658,0.09215276785714284,0.2438133063762665,0.8571428571428571,0.37796447300922725
object_property_uncertainty,medium,pure_duplication,16,independent_trajectory,7,0.46727142857142867,0.18430551370198445,0.5288428571428572,0.18506119579878488,1.1899370089285715,0.011780957163147658,0.09215276785714284,0.2438133063762665,0.8571428571428571,0.37796447300922725
object_property_uncertainty,medium,pure_duplication,16,mean_pooling,7,0.46727142857142867,0.18430551370198445,0.5288428571428572,0.18506119579878488,1.1899370089285715,0.011780957163147658,0.09215276785714284,0.2438133063762665,0.8571428571428571,0.37796447300922725
object_property_uncertainty,medium,pure_duplication,16,no_imagination,7,0.46727142857142867,0.18430551370198445,0.5288428571428572,0.18506119579878488,-0.10019696428571427,0.01619099171233948,1.3822867410714286,0.24874802228752488,0.0,0.0
object_property_uncertainty,medium,pure_duplication,16,oracle_provenance,7,0.46727142857142867,0.18430551370198445,0.5288428571428572,0.18506119579878488,1.1899370089285715,0.011780957163147658,0.09215276785714284,0.2438133063762665,0.8571428571428571,0.37796447300922725
object_property_uncertainty,medium,pure_duplication,16,provenance_preserving,7,0.46727142857142867,0.18430551370198445,0.5288428571428572,0.18506119579878488,1.1899370089285715,0.011780957163147658,0.09215276785714284,0.2438133063762665,0.8571428571428571,0.37796447300922725
object_property_uncertainty,medium,pure_duplication,16,risk_classifier,7,0.46727142857142867,0.18430551370198445,0.5288428571428572,0.18506119579878488,1.1899370089285715,0.011780957163147658,0.09215276785714284,0.2438133063762665,0.8571428571428571,0.37796447300922725
object_property_uncertainty,medium,pure_duplication,16,semantic_dedup,7,0.46727142857142867,0.18430551370198445,0.5288428571428572,0.18506119579878488,1.1899370089285715,0.011780957163147658,0.09215276785714284,0.2438133063762665,0.8571428571428571,0.37796447300922725
object_property_uncertainty,medium,pure_duplication,16,source_grouping,7,0.46727142857142867,0.18430551370198445,0.5288428571428572,0.18506119579878488,1.1899370089285715,0.011780957163147658,0.09215276785714284,0.2438133063762665,0.8571428571428571,0.37796447300922725
object_property_uncertainty,medium,pure_duplication,32,bayesian_mixing,7,0.46727142857142867,0.18430551370198445,0.5288428571428572,0.18506119579878488,1.1899370089285715,0.011780957163147658,0.09215276785714284,0.2438133063762665,0.8571428571428571,0.37796447300922725
object_property_uncertainty,medium,pure_duplication,32,exact_dedup,7,0.46727142857142867,0.18430551370198445,0.5288428571428572,0.18506119579878488,1.1899370089285715,0.011780957163147658,0.09215276785714284,0.2438133063762665,0.8571428571428571,0.37796447300922725
object_property_uncertainty,medium,pure_duplication,32,flat_rollout,7,0.9999951102576026,2.9710999056676388e-06,0.14286098370269465,0.37796116054671125,1.1899370089285715,0.011780957163147658,0.09215276785714284,0.2438133063762665,0.8571428571428571,0.37796447300922725
object_property_uncertainty,medium,pure_duplication,32,independent_trajectory,7,0.46727142857142867,0.18430551370198445,0.5288428571428572,0.18506119579878488,1.1899370089285715,0.011780957163147658,0.09215276785714284,0.2438133063762665,0.8571428571428571,0.37796447300922725
object_property_uncertainty,medium,pure_duplication,32,mean_pooling,7,0.46727142857142867,0.18430551370198445,0.5288428571428572,0.18506119579878488,1.1899370089285715,0.011780957163147658,0.09215276785714284,0.2438133063762665,0.8571428571428571,0.37796447300922725
object_property_uncertainty,medium,pure_duplication,32,no_imagination,7,0.46727142857142867,0.18430551370198445,0.5288428571428572,0.18506119579878488,-0.10019696428571427,0.01619099171233948,1.3822867410714286,0.24874802228752488,0.0,0.0
object_property_uncertainty,medium,pure_duplication,32,oracle_provenance,7,0.46727142857142867,0.18430551370198445,0.5288428571428572,0.18506119579878488,1.1899370089285715,0.011780957163147658,0.09215276785714284,0.2438133063762665,0.8571428571428571,0.37796447300922725
object_property_uncertainty,medium,pure_duplication,32,provenance_preserving,7,0.46727142857142867,0.18430551370198445,0.5288428571428572,0.18506119579878488,1.1899370089285715,0.011780957163147658,0.09215276785714284,0.2438133063762665,0.8571428571428571,0.37796447300922725
object_property_uncertainty,medium,pure_duplication,32,risk_classifier,7,0.46727142857142867,0.18430551370198445,0.5288428571428572,0.18506119579878488,1.1899370089285715,0.011780957163147658,0.09215276785714284,0.2438133063762665,0.8571428571428571,0.37796447300922725
object_property_uncertainty,medium,pure_duplication,32,semantic_dedup,7,0.46727142857142867,0.18430551370198445,0.5288428571428572,0.18506119579878488,1.1899370089285715,0.011780957163147658,0.09215276785714284,0.2438133063762665,0.8571428571428571,0.37796447300922725
object_property_uncertainty,medium,pure_duplication,32,source_grouping,7,0.46727142857142867,0.18430551370198445,0.5288428571428572,0.18506119579878488,1.1899370089285715,0.011780957163147658,0.09215276785714284,0.2438133063762665,0.8571428571428571,0.37796447300922725
object_property_uncertainty,medium,pure_duplication,64,bayesian_mixing,7,0.46727142857142867,0.18430551370198445,0.5288428571428572,0.18506119579878488,1.1899370089285715,0.011780957163147658,0.09215276785714284,0.2438133063762665,0.8571428571428571,0.37796447300922725
object_property_uncertainty,medium,pure_duplication,64,exact_dedup,7,0.46727142857142867,0.18430551370198445,0.5288428571428572,0.18506119579878488,1.1899370089285715,0.011780957163147658,0.09215276785714284,0.2438133063762665,0.8571428571428571,0.37796447300922725
object_property_uncertainty,medium,pure_duplication,64,flat_rollout,7,0.9999999999886665,6.886524116099309e-12,0.1428571428660453,0.3779644730015495,1.1899370089285715,0.011780957163147658,0.09215276785714284,0.2438133063762665,0.8571428571428571,0.37796447300922725
object_property_uncertainty,medium,pure_duplication,64,independent_trajectory,7,0.46727142857142867,0.18430551370198445,0.5288428571428572,0.18506119579878488,1.1899370089285715,0.011780957163147658,0.09215276785714284,0.2438133063762665,0.8571428571428571,0.37796447300922725
object_property_uncertainty,medium,pure_duplication,64,mean_pooling,7,0.46727142857142867,0.18430551370198445,0.5288428571428572,0.18506119579878488,1.1899370089285715,0.011780957163147658,0.09215276785714284,0.2438133063762665,0.8571428571428571,0.37796447300922725
object_property_uncertainty,medium,pure_duplication,64,no_imagination,7,0.46727142857142867,0.18430551370198445,0.5288428571428572,0.18506119579878488,-0.10019696428571427,0.01619099171233948,1.3822867410714286,0.24874802228752488,0.0,0.0
object_property_uncertainty,medium,pure_duplication,64,oracle_provenance,7,0.46727142857142867,0.18430551370198445,0.5288428571428572,0.18506119579878488,1.1899370089285715,0.011780957163147658,0.09215276785714284,0.2438133063762665,0.8571428571428571,0.37796447300922725
object_property_uncertainty,medium,pure_duplication,64,provenance_preserving,7,0.46727142857142867,0.18430551370198445,0.5288428571428572,0.18506119579878488,1.1899370089285715,0.011780957163147658,0.09215276785714284,0.2438133063762665,0.8571428571428571,0.37796447300922725
object_property_uncertainty,medium,pure_duplication,64,risk_classifier,7,0.46727142857142867,0.18430551370198445,0.5288428571428572,0.18506119579878488,1.1899370089285715,0.011780957163147658,0.09215276785714284,0.2438133063762665,0.8571428571428571,0.37796447300922725
object_property_uncertainty,medium,pure_duplication,64,semantic_dedup,7,0.46727142857142867,0.18430551370198445,0.5288428571428572,0.18506119579878488,1.1899370089285715,0.011780957163147658,0.09215276785714284,0.2438133063762665,0.8571428571428571,0.37796447300922725
object_property_uncertainty,medium,pure_duplication,64,source_grouping,7,0.46727142857142867,0.18430551370198445,0.5288428571428572,0.18506119579878488,1.1899370089285715,0.011780957163147658,0.09215276785714284,0.2438133063762665,0.8571428571428571,0.37796447300922725
permission_tool_availability,easy,independent_rollout,1,bayesian_mixing,2,0.49324999999999997,0.0398101117808026,0.50675,0.03981011178080256,0.812878125,6.187184335305067e-06,1.178575859375,0.023861428816574895,0.0,0.0
permission_tool_availability,easy,independent_rollout,1,exact_dedup,2,0.49324999999999997,0.0398101117808026,0.50675,0.03981011178080256,0.812878125,6.187184335305067e-06,1.178575859375,0.023861428816574895,0.0,0.0
permission_tool_availability,easy,independent_rollout,1,flat_rollout,2,0.49324999999999997,0.0398101117808026,0.50675,0.03981011178080256,0.812878125,6.187184335305067e-06,1.178575859375,0.023861428816574895,0.0,0.0
permission_tool_availability,easy,independent_rollout,1,independent_trajectory,2,0.49324999999999997,0.0398101117808026,0.50675,0.03981011178080256,0.812878125,6.187184335305067e-06,1.178575859375,0.023861428816574895,0.0,0.0
permission_tool_availability,easy,independent_rollout,1,mean_pooling,2,0.49324999999999997,0.0398101117808026,0.50675,0.03981011178080256,0.812878125,6.187184335305067e-06,1.178575859375,0.023861428816574895,0.0,0.0
permission_tool_availability,easy,independent_rollout,1,no_imagination,2,0.49324999999999997,0.0398101117808026,0.50675,0.03981011178080256,-0.20955039062499997,0.009032294760747106,2.201004375,0.014835321240163114,0.0,0.0
permission_tool_availability,easy,independent_rollout,1,oracle_provenance,2,0.49324999999999997,0.0398101117808026,0.50675,0.03981011178080256,0.812878125,6.187184335305067e-06,1.178575859375,0.023861428816574895,0.0,0.0
permission_tool_availability,easy,independent_rollout,1,provenance_preserving,2,0.49324999999999997,0.0398101117808026,0.50675,0.03981011178080256,0.812878125,6.187184335305067e-06,1.178575859375,0.023861428816574895,0.0,0.0
permission_tool_availability,easy,independent_rollout,1,risk_classifier,2,0.49324999999999997,0.0398101117808026,0.50675,0.03981011178080256,1.991453984375,0.0238676160009102,0.0,0.0,1.0,0.0
permission_tool_availability,easy,independent_rollout,1,semantic_dedup,2,0.49324999999999997,0.0398101117808026,0.50675,0.03981011178080256,0.812878125,6.187184335305067e-06,1.178575859375,0.023861428816574895,0.0,0.0
permission_tool_availability,easy,independent_rollout,1,source_grouping,2,0.49324999999999997,0.0398101117808026,0.50675,0.03981011178080256,0.812878125,6.187184335305067e-06,1.178575859375,0.023861428816574895,0.0,0.0
permission_tool_availability,easy,independent_rollout,2,bayesian_mixing,2,0.49324999999999997,0.0398101117808026,0.50675,0.03981011178080256,0.812878125,6.187184335305067e-06,1.178575859375,0.023861428816574895,0.0,0.0
permission_tool_availability,easy,independent_rollout,2,exact_dedup,2,0.49324999999999997,0.0398101117808026,0.50675,0.03981011178080256,0.812878125,6.187184335305067e-06,1.178575859375,0.023861428816574895,0.0,0.0
permission_tool_availability,easy,independent_rollout,2,flat_rollout,2,0.49324999999999997,0.0398101117808026,0.50675,0.03981011178080256,0.812878125,6.187184335305067e-06,1.178575859375,0.023861428816574895,0.0,0.0
permission_tool_availability,easy,independent_rollout,2,independent_trajectory,2,0.49324999999999997,0.0398101117808026,0.50675,0.03981011178080256,0.812878125,6.187184335305067e-06,1.178575859375,0.023861428816574895,0.0,0.0
permission_tool_availability,easy,independent_rollout,2,mean_pooling,2,0.49324999999999997,0.0398101117808026,0.50675,0.03981011178080256,0.812878125,6.187184335305067e-06,1.178575859375,0.023861428816574895,0.0,0.0
permission_tool_availability,easy,independent_rollout,2,no_imagination,2,0.49324999999999997,0.0398101117808026,0.50675,0.03981011178080256,-0.20955039062499997,0.009032294760747106,2.201004375,0.014835321240163114,0.0,0.0
permission_tool_availability,easy,independent_rollout,2,oracle_provenance,2,0.49324999999999997,0.0398101117808026,0.50675,0.03981011178080256,0.812878125,6.187184335305067e-06,1.178575859375,0.023861428816574895,0.0,0.0
permission_tool_availability,easy,independent_rollout,2,provenance_preserving,2,0.49324999999999997,0.0398101117808026,0.50675,0.03981011178080256,0.812878125,6.187184335305067e-06,1.178575859375,0.023861428816574895,0.0,0.0
permission_tool_availability,easy,independent_rollout,2,risk_classifier,2,0.49324999999999997,0.0398101117808026,0.50675,0.03981011178080256,1.991453984375,0.0238676160009102,0.0,0.0,1.0,0.0
permission_tool_availability,easy,independent_rollout,2,semantic_dedup,2,0.49324999999999997,0.0398101117808026,0.50675,0.03981011178080256,0.812878125,6.187184335305067e-06,1.178575859375,0.023861428816574895,0.0,0.0
permission_tool_availability,easy,independent_rollout,2,source_grouping,2,0.49324999999999997,0.0398101117808026,0.50675,0.03981011178080256,0.812878125,6.187184335305067e-06,1.178575859375,0.023861428816574895,0.0,0.0
permission_tool_availability,easy,independent_rollout,4,bayesian_mixing,2,0.49324999999999997,0.0398101117808026,0.50675,0.03981011178080256,0.812878125,6.187184335305067e-06,1.178575859375,0.023861428816574895,0.0,0.0
permission_tool_availability,easy,independent_rollout,4,exact_dedup,2,0.49324999999999997,0.0398101117808026,0.50675,0.03981011178080256,0.812878125,6.187184335305067e-06,1.178575859375,0.023861428816574895,0.0,0.0
permission_tool_availability,easy,independent_rollout,4,flat_rollout,2,0.49324999999999997,0.0398101117808026,0.50675,0.03981011178080256,0.812878125,6.187184335305067e-06,1.178575859375,0.023861428816574895,0.0,0.0
permission_tool_availability,easy,independent_rollout,4,independent_trajectory,2,0.49324999999999997,0.0398101117808026,0.50675,0.03981011178080256,0.812878125,6.187184335305067e-06,1.178575859375,0.023861428816574895,0.0,0.0
permission_tool_availability,easy,independent_rollout,4,mean_pooling,2,0.49324999999999997,0.0398101117808026,0.50675,0.03981011178080256,0.812878125,6.187184335305067e-06,1.178575859375,0.023861428816574895,0.0,0.0
permission_tool_availability,easy,independent_rollout,4,no_imagination,2,0.49324999999999997,0.0398101117808026,0.50675,0.03981011178080256,-0.20955039062499997,0.009032294760747106,2.201004375,0.014835321240163114,0.0,0.0
permission_tool_availability,easy,independent_rollout,4,oracle_provenance,2,0.49324999999999997,0.0398101117808026,0.50675,0.03981011178080256,0.812878125,6.187184335305067e-06,1.178575859375,0.023861428816574895,0.0,0.0
permission_tool_availability,easy,independent_rollout,4,provenance_preserving,2,0.49324999999999997,0.0398101117808026,0.50675,0.03981011178080256,0.812878125,6.187184335305067e-06,1.178575859375,0.023861428816574895,0.0,0.0
permission_tool_availability,easy,independent_rollout,4,risk_classifier,2,0.49324999999999997,0.0398101117808026,0.50675,0.03981011178080256,1.991453984375,0.0238676160009102,0.0,0.0,1.0,0.0
permission_tool_availability,easy,independent_rollout,4,semantic_dedup,2,0.49324999999999997,0.0398101117808026,0.50675,0.03981011178080256,0.812878125,6.187184335305067e-06,1.178575859375,0.023861428816574895,0.0,0.0
permission_tool_availability,easy,independent_rollout,4,source_grouping,2,0.49324999999999997,0.0398101117808026,0.50675,0.03981011178080256,0.812878125,6.187184335305067e-06,1.178575859375,0.023861428816574895,0.0,0.0
permission_tool_availability,easy,independent_rollout,8,bayesian_mixing,2,0.49324999999999997,0.0398101117808026,0.50675,0.03981011178080256,0.812878125,6.187184335305067e-06,1.178575859375,0.023861428816574895,0.0,0.0
permission_tool_availability,easy,independent_rollout,8,exact_dedup,2,0.49324999999999997,0.0398101117808026,0.50675,0.03981011178080256,0.812878125,6.187184335305067e-06,1.178575859375,0.023861428816574895,0.0,0.0
permission_tool_availability,easy,independent_rollout,8,flat_rollout,2,0.49324999999999997,0.0398101117808026,0.50675,0.03981011178080256,0.812878125,6.187184335305067e-06,1.178575859375,0.023861428816574895,0.0,0.0
permission_tool_availability,easy,independent_rollout,8,independent_trajectory,2,0.49324999999999997,0.0398101117808026,0.50675,0.03981011178080256,0.812878125,6.187184335305067e-06,1.178575859375,0.023861428816574895,0.0,0.0
permission_tool_availability,easy,independent_rollout,8,mean_pooling,2,0.49324999999999997,0.0398101117808026,0.50675,0.03981011178080256,0.812878125,6.187184335305067e-06,1.178575859375,0.023861428816574895,0.0,0.0
permission_tool_availability,easy,independent_rollout,8,no_imagination,2,0.49324999999999997,0.0398101117808026,0.50675,0.03981011178080256,-0.20955039062499997,0.009032294760747106,2.201004375,0.014835321240163114,0.0,0.0
permission_tool_availability,easy,independent_rollout,8,oracle_provenance,2,0.49324999999999997,0.0398101117808026,0.50675,0.03981011178080256,0.812878125,6.187184335305067e-06,1.178575859375,0.023861428816574895,0.0,0.0
permission_tool_availability,easy,independent_rollout,8,provenance_preserving,2,0.49324999999999997,0.0398101117808026,0.50675,0.03981011178080256,0.812878125,6.187184335305067e-06,1.178575859375,0.023861428816574895,0.0,0.0
permission_tool_availability,easy,independent_rollout,8,risk_classifier,2,0.49324999999999997,0.0398101117808026,0.50675,0.03981011178080256,1.991453984375,0.0238676160009102,0.0,0.0,1.0,0.0
permission_tool_availability,easy,independent_rollout,8,semantic_dedup,2,0.49324999999999997,0.0398101117808026,0.50675,0.03981011178080256,0.812878125,6.187184335305067e-06,1.178575859375,0.023861428816574895,0.0,0.0
permission_tool_availability,easy,independent_rollout,8,source_grouping,2,0.49324999999999997,0.0398101117808026,0.50675,0.03981011178080256,0.812878125,6.187184335305067e-06,1.178575859375,0.023861428816574895,0.0,0.0
permission_tool_availability,easy,independent_rollout,16,bayesian_mixing,2,0.49324999999999997,0.0398101117808026,0.50675,0.03981011178080256,0.812878125,6.187184335305067e-06,1.178575859375,0.023861428816574895,0.0,0.0
permission_tool_availability,easy,independent_rollout,16,exact_dedup,2,0.49324999999999997,0.0398101117808026,0.50675,0.03981011178080256,0.812878125,6.187184335305067e-06,1.178575859375,0.023861428816574895,0.0,0.0
permission_tool_availability,easy,independent_rollout,16,flat_rollout,2,0.49324999999999997,0.0398101117808026,0.50675,0.03981011178080256,0.812878125,6.187184335305067e-06,1.178575859375,0.023861428816574895,0.0,0.0
permission_tool_availability,easy,independent_rollout,16,independent_trajectory,2,0.49324999999999997,0.0398101117808026,0.50675,0.03981011178080256,0.812878125,6.187184335305067e-06,1.178575859375,0.023861428816574895,0.0,0.0
permission_tool_availability,easy,independent_rollout,16,mean_pooling,2,0.49324999999999997,0.0398101117808026,0.50675,0.03981011178080256,0.812878125,6.187184335305067e-06,1.178575859375,0.023861428816574895,0.0,0.0
permission_tool_availability,easy,independent_rollout,16,no_imagination,2,0.49324999999999997,0.0398101117808026,0.50675,0.03981011178080256,-0.20955039062499997,0.009032294760747106,2.201004375,0.014835321240163114,0.0,0.0
permission_tool_availability,easy,independent_rollout,16,oracle_provenance,2,0.49324999999999997,0.0398101117808026,0.50675,0.03981011178080256,0.812878125,6.187184335305067e-06,1.178575859375,0.023861428816574895,0.0,0.0
permission_tool_availability,easy,independent_rollout,16,provenance_preserving,2,0.49324999999999997,0.0398101117808026,0.50675,0.03981011178080256,0.812878125,6.187184335305067e-06,1.178575859375,0.023861428816574895,0.0,0.0
permission_tool_availability,easy,independent_rollout,16,risk_classifier,2,0.49324999999999997,0.0398101117808026,0.50675,0.03981011178080256,1.991453984375,0.0238676160009102,0.0,0.0,1.0,0.0
permission_tool_availability,easy,independent_rollout,16,semantic_dedup,2,0.49324999999999997,0.0398101117808026,0.50675,0.03981011178080256,0.812878125,6.187184335305067e-06,1.178575859375,0.023861428816574895,0.0,0.0
permission_tool_availability,easy,independent_rollout,16,source_grouping,2,0.49324999999999997,0.0398101117808026,0.50675,0.03981011178080256,0.812878125,6.187184335305067e-06,1.178575859375,0.023861428816574895,0.0,0.0
permission_tool_availability,easy,independent_rollout,32,bayesian_mixing,2,0.49324999999999997,0.0398101117808026,0.50675,0.03981011178080256,0.812878125,6.187184335305067e-06,1.178575859375,0.023861428816574895,0.0,0.0
permission_tool_availability,easy,independent_rollout,32,exact_dedup,2,0.49324999999999997,0.0398101117808026,0.50675,0.03981011178080256,0.812878125,6.187184335305067e-06,1.178575859375,0.023861428816574895,0.0,0.0
permission_tool_availability,easy,independent_rollout,32,flat_rollout,2,0.49324999999999997,0.0398101117808026,0.50675,0.03981011178080256,0.812878125,6.187184335305067e-06,1.178575859375,0.023861428816574895,0.0,0.0
permission_tool_availability,easy,independent_rollout,32,independent_trajectory,2,0.49324999999999997,0.0398101117808026,0.50675,0.03981011178080256,0.812878125,6.187184335305067e-06,1.178575859375,0.023861428816574895,0.0,0.0
permission_tool_availability,easy,independent_rollout,32,mean_pooling,2,0.49324999999999997,0.0398101117808026,0.50675,0.03981011178080256,0.812878125,6.187184335305067e-06,1.178575859375,0.023861428816574895,0.0,0.0
permission_tool_availability,easy,independent_rollout,32,no_imagination,2,0.49324999999999997,0.0398101117808026,0.50675,0.03981011178080256,-0.20955039062499997,0.009032294760747106,2.201004375,0.014835321240163114,0.0,0.0
permission_tool_availability,easy,independent_rollout,32,oracle_provenance,2,0.49324999999999997,0.0398101117808026,0.50675,0.03981011178080256,0.812878125,6.187184335305067e-06,1.178575859375,0.023861428816574895,0.0,0.0
permission_tool_availability,easy,independent_rollout,32,provenance_preserving,2,0.49324999999999997,0.0398101117808026,0.50675,0.03981011178080256,0.812878125,6.187184335305067e-06,1.178575859375,0.023861428816574895,0.0,0.0
permission_tool_availability,easy,independent_rollout,32,risk_classifier,2,0.49324999999999997,0.0398101117808026,0.50675,0.03981011178080256,1.991453984375,0.0238676160009102,0.0,0.0,1.0,0.0
permission_tool_availability,easy,independent_rollout,32,semantic_dedup,2,0.49324999999999997,0.0398101117808026,0.50675,0.03981011178080256,0.812878125,6.187184335305067e-06,1.178575859375,0.023861428816574895,0.0,0.0
permission_tool_availability,easy,independent_rollout,32,source_grouping,2,0.49324999999999997,0.0398101117808026,0.50675,0.03981011178080256,0.812878125,6.187184335305067e-06,1.178575859375,0.023861428816574895,0.0,0.0
permission_tool_availability,easy,independent_rollout,64,bayesian_mixing,2,0.49324999999999997,0.0398101117808026,0.50675,0.03981011178080256,0.812878125,6.187184335305067e-06,1.178575859375,0.023861428816574895,0.0,0.0
permission_tool_availability,easy,independent_rollout,64,exact_dedup,2,0.49324999999999997,0.0398101117808026,0.50675,0.03981011178080256,0.812878125,6.187184335305067e-06,1.178575859375,0.023861428816574895,0.0,0.0
permission_tool_availability,easy,independent_rollout,64,flat_rollout,2,0.49324999999999997,0.0398101117808026,0.50675,0.03981011178080256,0.812878125,6.187184335305067e-06,1.178575859375,0.023861428816574895,0.0,0.0
permission_tool_availability,easy,independent_rollout,64,independent_trajectory,2,0.49324999999999997,0.0398101117808026,0.50675,0.03981011178080256,0.812878125,6.187184335305067e-06,1.178575859375,0.023861428816574895,0.0,0.0
permission_tool_availability,easy,independent_rollout,64,mean_pooling,2,0.49324999999999997,0.0398101117808026,0.50675,0.03981011178080256,0.812878125,6.187184335305067e-06,1.178575859375,0.023861428816574895,0.0,0.0
permission_tool_availability,easy,independent_rollout,64,no_imagination,2,0.49324999999999997,0.0398101117808026,0.50675,0.03981011178080256,-0.20955039062499997,0.009032294760747106,2.201004375,0.014835321240163114,0.0,0.0
permission_tool_availability,easy,independent_rollout,64,oracle_provenance,2,0.49324999999999997,0.0398101117808026,0.50675,0.03981011178080256,0.812878125,6.187184335305067e-06,1.178575859375,0.023861428816574895,0.0,0.0
permission_tool_availability,easy,independent_rollout,64,provenance_preserving,2,0.49324999999999997,0.0398101117808026,0.50675,0.03981011178080256,0.812878125,6.187184335305067e-06,1.178575859375,0.023861428816574895,0.0,0.0
permission_tool_availability,easy,independent_rollout,64,risk_classifier,2,0.49324999999999997,0.0398101117808026,0.50675,0.03981011178080256,1.991453984375,0.0238676160009102,0.0,0.0,1.0,0.0
permission_tool_availability,easy,independent_rollout,64,semantic_dedup,2,0.49324999999999997,0.0398101117808026,0.50675,0.03981011178080256,0.812878125,6.187184335305067e-06,1.178575859375,0.023861428816574895,0.0,0.0
permission_tool_availability,easy,independent_rollout,64,source_grouping,2,0.49324999999999997,0.0398101117808026,0.50675,0.03981011178080256,0.812878125,6.187184335305067e-06,1.178575859375,0.023861428816574895,0.0,0.0
permission_tool_availability,easy,pure_duplication,1,bayesian_mixing,2,0.49324999999999997,0.0398101117808026,0.50675,0.03981011178080256,0.812878125,6.187184335305067e-06,1.178575859375,0.023861428816574895,0.0,0.0
permission_tool_availability,easy,pure_duplication,1,exact_dedup,2,0.49324999999999997,0.0398101117808026,0.50675,0.03981011178080256,0.812878125,6.187184335305067e-06,1.178575859375,0.023861428816574895,0.0,0.0
permission_tool_availability,easy,pure_duplication,1,flat_rollout,2,0.49324999999999997,0.0398101117808026,0.50675,0.03981011178080256,0.812878125,6.187184335305067e-06,1.178575859375,0.023861428816574895,0.0,0.0
permission_tool_availability,easy,pure_duplication,1,independent_trajectory,2,0.49324999999999997,0.0398101117808026,0.50675,0.03981011178080256,0.812878125,6.187184335305067e-06,1.178575859375,0.023861428816574895,0.0,0.0
permission_tool_availability,easy,pure_duplication,1,mean_pooling,2,0.49324999999999997,0.0398101117808026,0.50675,0.03981011178080256,0.812878125,6.187184335305067e-06,1.178575859375,0.023861428816574895,0.0,0.0
permission_tool_availability,easy,pure_duplication,1,no_imagination,2,0.49324999999999997,0.0398101117808026,0.50675,0.03981011178080256,-0.20955039062499997,0.009032294760747106,2.201004375,0.014835321240163114,0.0,0.0
permission_tool_availability,easy,pure_duplication,1,oracle_provenance,2,0.49324999999999997,0.0398101117808026,0.50675,0.03981011178080256,0.812878125,6.187184335305067e-06,1.178575859375,0.023861428816574895,0.0,0.0
permission_tool_availability,easy,pure_duplication,1,provenance_preserving,2,0.49324999999999997,0.0398101117808026,0.50675,0.03981011178080256,0.812878125,6.187184335305067e-06,1.178575859375,0.023861428816574895,0.0,0.0
permission_tool_availability,easy,pure_duplication,1,risk_classifier,2,0.49324999999999997,0.0398101117808026,0.50675,0.03981011178080256,1.991453984375,0.0238676160009102,0.0,0.0,1.0,0.0
permission_tool_availability,easy,pure_duplication,1,semantic_dedup,2,0.49324999999999997,0.0398101117808026,0.50675,0.03981011178080256,0.812878125,6.187184335305067e-06,1.178575859375,0.023861428816574895,0.0,0.0
permission_tool_availability,easy,pure_duplication,1,source_grouping,2,0.49324999999999997,0.0398101117808026,0.50675,0.03981011178080256,0.812878125,6.187184335305067e-06,1.178575859375,0.023861428816574895,0.0,0.0
permission_tool_availability,easy,pure_duplication,2,bayesian_mixing,2,0.49324999999999997,0.0398101117808026,0.50675,0.03981011178080256,0.812878125,6.187184335305067e-06,1.178575859375,0.023861428816574895,0.0,0.0
permission_tool_availability,easy,pure_duplication,2,exact_dedup,2,0.49324999999999997,0.0398101117808026,0.50675,0.03981011178080256,0.812878125,6.187184335305067e-06,1.178575859375,0.023861428816574895,0.0,0.0
permission_tool_availability,easy,pure_duplication,2,flat_rollout,2,0.5931956491618795,0.038429820612207954,0.40680435083812055,0.03842982061220796,0.812878125,6.187184335305067e-06,1.178575859375,0.023861428816574895,0.0,0.0
permission_tool_availability,easy,pure_duplication,2,independent_trajectory,2,0.49324999999999997,0.0398101117808026,0.50675,0.03981011178080256,0.812878125,6.187184335305067e-06,1.178575859375,0.023861428816574895,0.0,0.0
permission_tool_availability,easy,pure_duplication,2,mean_pooling,2,0.49324999999999997,0.0398101117808026,0.50675,0.03981011178080256,0.812878125,6.187184335305067e-06,1.178575859375,0.023861428816574895,0.0,0.0
permission_tool_availability,easy,pure_duplication,2,no_imagination,2,0.49324999999999997,0.0398101117808026,0.50675,0.03981011178080256,-0.20955039062499997,0.009032294760747106,2.201004375,0.014835321240163114,0.0,0.0
permission_tool_availability,easy,pure_duplication,2,oracle_provenance,2,0.49324999999999997,0.0398101117808026,0.50675,0.03981011178080256,0.812878125,6.187184335305067e-06,1.178575859375,0.023861428816574895,0.0,0.0
permission_tool_availability,easy,pure_duplication,2,provenance_preserving,2,0.49324999999999997,0.0398101117808026,0.50675,0.03981011178080256,0.812878125,6.187184335305067e-06,1.178575859375,0.023861428816574895,0.0,0.0
permission_tool_availability,easy,pure_duplication,2,risk_classifier,2,0.49324999999999997,0.0398101117808026,0.50675,0.03981011178080256,1.991453984375,0.0238676160009102,0.0,0.0,1.0,0.0
permission_tool_availability,easy,pure_duplication,2,semantic_dedup,2,0.49324999999999997,0.0398101117808026,0.50675,0.03981011178080256,0.812878125,6.187184335305067e-06,1.178575859375,0.023861428816574895,0.0,0.0
permission_tool_availability,easy,pure_duplication,2,source_grouping,2,0.49324999999999997,0.0398101117808026,0.50675,0.03981011178080256,0.812878125,6.187184335305067e-06,1.178575859375,0.023861428816574895,0.0,0.0
permission_tool_availability,easy,pure_duplication,4,bayesian_mixing,2,0.49324999999999997,0.0398101117808026,0.50675,0.03981011178080256,0.812878125,6.187184335305067e-06,1.178575859375,0.023861428816574895,0.0,0.0
permission_tool_availability,easy,pure_duplication,4,exact_dedup,2,0.49324999999999997,0.0398101117808026,0.50675,0.03981011178080256,0.812878125,6.187184335305067e-06,1.178575859375,0.023861428816574895,0.0,0.0
permission_tool_availability,easy,pure_duplication,4,flat_rollout,2,0.7660116737181681,0.028521468551837993,0.23398832628183186,0.028521468551837993,1.991453984375,0.0238676160009102,0.0,0.0,1.0,0.0
permission_tool_availability,easy,pure_duplication,4,independent_trajectory,2,0.49324999999999997,0.0398101117808026,0.50675,0.03981011178080256,0.812878125,6.187184335305067e-06,1.178575859375,0.023861428816574895,0.0,0.0
permission_tool_availability,easy,pure_duplication,4,mean_pooling,2,0.49324999999999997,0.0398101117808026,0.50675,0.03981011178080256,0.812878125,6.187184335305067e-06,1.178575859375,0.023861428816574895,0.0,0.0
permission_tool_availability,easy,pure_duplication,4,no_imagination,2,0.49324999999999997,0.0398101117808026,0.50675,0.03981011178080256,-0.20955039062499997,0.009032294760747106,2.201004375,0.014835321240163114,0.0,0.0
permission_tool_availability,easy,pure_duplication,4,oracle_provenance,2,0.49324999999999997,0.0398101117808026,0.50675,0.03981011178080256,0.812878125,6.187184335305067e-06,1.178575859375,0.023861428816574895,0.0,0.0
permission_tool_availability,easy,pure_duplication,4,provenance_preserving,2,0.49324999999999997,0.0398101117808026,0.50675,0.03981011178080256,0.812878125,6.187184335305067e-06,1.178575859375,0.023861428816574895,0.0,0.0
permission_tool_availability,easy,pure_duplication,4,risk_classifier,2,0.49324999999999997,0.0398101117808026,0.50675,0.03981011178080256,1.991453984375,0.0238676160009102,0.0,0.0,1.0,0.0
permission_tool_availability,easy,pure_duplication,4,semantic_dedup,2,0.49324999999999997,0.0398101117808026,0.50675,0.03981011178080256,0.812878125,6.187184335305067e-06,1.178575859375,0.023861428816574895,0.0,0.0
permission_tool_availability,easy,pure_duplication,4,source_grouping,2,0.49324999999999997,0.0398101117808026,0.50675,0.03981011178080256,0.812878125,6.187184335305067e-06,1.178575859375,0.023861428816574895,0.0,0.0
permission_tool_availability,easy,pure_duplication,8,bayesian_mixing,2,0.49324999999999997,0.0398101117808026,0.50675,0.03981011178080256,0.812878125,6.187184335305067e-06,1.178575859375,0.023861428816574895,0.0,0.0
permission_tool_availability,easy,pure_duplication,8,exact_dedup,2,0.49324999999999997,0.0398101117808026,0.50675,0.03981011178080256,0.812878125,6.187184335305067e-06,1.178575859375,0.023861428816574895,0.0,0.0
permission_tool_availability,easy,pure_duplication,8,flat_rollout,2,0.9429747829238502,0.008543179892734702,0.05702521707614977,0.008543179892734702,1.991453984375,0.0238676160009102,0.0,0.0,1.0,0.0
permission_tool_availability,easy,pure_duplication,8,independent_trajectory,2,0.49324999999999997,0.0398101117808026,0.50675,0.03981011178080256,0.812878125,6.187184335305067e-06,1.178575859375,0.023861428816574895,0.0,0.0
permission_tool_availability,easy,pure_duplication,8,mean_pooling,2,0.49324999999999997,0.0398101117808026,0.50675,0.03981011178080256,0.812878125,6.187184335305067e-06,1.178575859375,0.023861428816574895,0.0,0.0
permission_tool_availability,easy,pure_duplication,8,no_imagination,2,0.49324999999999997,0.0398101117808026,0.50675,0.03981011178080256,-0.20955039062499997,0.009032294760747106,2.201004375,0.014835321240163114,0.0,0.0
permission_tool_availability,easy,pure_duplication,8,oracle_provenance,2,0.49324999999999997,0.0398101117808026,0.50675,0.03981011178080256,0.812878125,6.187184335305067e-06,1.178575859375,0.023861428816574895,0.0,0.0
permission_tool_availability,easy,pure_duplication,8,provenance_preserving,2,0.49324999999999997,0.0398101117808026,0.50675,0.03981011178080256,0.812878125,6.187184335305067e-06,1.178575859375,0.023861428816574895,0.0,0.0
permission_tool_availability,easy,pure_duplication,8,risk_classifier,2,0.49324999999999997,0.0398101117808026,0.50675,0.03981011178080256,1.991453984375,0.0238676160009102,0.0,0.0,1.0,0.0
permission_tool_availability,easy,pure_duplication,8,semantic_dedup,2,0.49324999999999997,0.0398101117808026,0.50675,0.03981011178080256,0.812878125,6.187184335305067e-06,1.178575859375,0.023861428816574895,0.0,0.0
permission_tool_availability,easy,pure_duplication,8,source_grouping,2,0.49324999999999997,0.0398101117808026,0.50675,0.03981011178080256,0.812878125,6.187184335305067e-06,1.178575859375,0.023861428816574895,0.0,0.0
permission_tool_availability,easy,pure_duplication,16,bayesian_mixing,2,0.49324999999999997,0.0398101117808026,0.50675,0.03981011178080256,0.812878125,6.187184335305067e-06,1.178575859375,0.023861428816574895,0.0,0.0
permission_tool_availability,easy,pure_duplication,16,exact_dedup,2,0.49324999999999997,0.0398101117808026,0.50675,0.03981011178080256,0.812878125,6.187184335305067e-06,1.178575859375,0.023861428816574895,0.0,0.0
permission_tool_availability,easy,pure_duplication,16,flat_rollout,2,0.9976443427483335,0.00037312865515676713,0.0023556572516664764,0.00037312865515676713,1.991453984375,0.0238676160009102,0.0,0.0,1.0,0.0
permission_tool_availability,easy,pure_duplication,16,independent_trajectory,2,0.49324999999999997,0.0398101117808026,0.50675,0.03981011178080256,0.812878125,6.187184335305067e-06,1.178575859375,0.023861428816574895,0.0,0.0
permission_tool_availability,easy,pure_duplication,16,mean_pooling,2,0.49324999999999997,0.0398101117808026,0.50675,0.03981011178080256,0.812878125,6.187184335305067e-06,1.178575859375,0.023861428816574895,0.0,0.0
permission_tool_availability,easy,pure_duplication,16,no_imagination,2,0.49324999999999997,0.0398101117808026,0.50675,0.03981011178080256,-0.20955039062499997,0.009032294760747106,2.201004375,0.014835321240163114,0.0,0.0
permission_tool_availability,easy,pure_duplication,16,oracle_provenance,2,0.49324999999999997,0.0398101117808026,0.50675,0.03981011178080256,0.812878125,6.187184335305067e-06,1.178575859375,0.023861428816574895,0.0,0.0
permission_tool_availability,easy,pure_duplication,16,provenance_preserving,2,0.49324999999999997,0.0398101117808026,0.50675,0.03981011178080256,0.812878125,6.187184335305067e-06,1.178575859375,0.023861428816574895,0.0,0.0
permission_tool_availability,easy,pure_duplication,16,risk_classifier,2,0.49324999999999997,0.0398101117808026,0.50675,0.03981011178080256,1.991453984375,0.0238676160009102,0.0,0.0,1.0,0.0
permission_tool_availability,easy,pure_duplication,16,semantic_dedup,2,0.49324999999999997,0.0398101117808026,0.50675,0.03981011178080256,0.812878125,6.187184335305067e-06,1.178575859375,0.023861428816574895,0.0,0.0
permission_tool_availability,easy,pure_duplication,16,source_grouping,2,0.49324999999999997,0.0398101117808026,0.50675,0.03981011178080256,0.812878125,6.187184335305067e-06,1.178575859375,0.023861428816574895,0.0,0.0
permission_tool_availability,easy,pure_duplication,32,bayesian_mixing,2,0.49324999999999997,0.0398101117808026,0.50675,0.03981011178080256,0.812878125,6.187184335305067e-06,1.178575859375,0.023861428816574895,0.0,0.0
permission_tool_availability,easy,pure_duplication,32,exact_dedup,2,0.49324999999999997,0.0398101117808026,0.50675,0.03981011178080256,0.812878125,6.187184335305067e-06,1.178575859375,0.023861428816574895,0.0,0.0
permission_tool_availability,easy,pure_duplication,32,flat_rollout,2,0.999996405094113,5.707473155981513e-07,3.5949058869721995e-06,5.707473155981513e-07,1.991453984375,0.0238676160009102,0.0,0.0,1.0,0.0
permission_tool_availability,easy,pure_duplication,32,independent_trajectory,2,0.49324999999999997,0.0398101117808026,0.50675,0.03981011178080256,0.812878125,6.187184335305067e-06,1.178575859375,0.023861428816574895,0.0,0.0
permission_tool_availability,easy,pure_duplication,32,mean_pooling,2,0.49324999999999997,0.0398101117808026,0.50675,0.03981011178080256,0.812878125,6.187184335305067e-06,1.178575859375,0.023861428816574895,0.0,0.0
permission_tool_availability,easy,pure_duplication,32,no_imagination,2,0.49324999999999997,0.0398101117808026,0.50675,0.03981011178080256,-0.20955039062499997,0.009032294760747106,2.201004375,0.014835321240163114,0.0,0.0
permission_tool_availability,easy,pure_duplication,32,oracle_provenance,2,0.49324999999999997,0.0398101117808026,0.50675,0.03981011178080256,0.812878125,6.187184335305067e-06,1.178575859375,0.023861428816574895,0.0,0.0
permission_tool_availability,easy,pure_duplication,32,provenance_preserving,2,0.49324999999999997,0.0398101117808026,0.50675,0.03981011178080256,0.812878125,6.187184335305067e-06,1.178575859375,0.023861428816574895,0.0,0.0
permission_tool_availability,easy,pure_duplication,32,risk_classifier,2,0.49324999999999997,0.0398101117808026,0.50675,0.03981011178080256,1.991453984375,0.0238676160009102,0.0,0.0,1.0,0.0
permission_tool_availability,easy,pure_duplication,32,semantic_dedup,2,0.49324999999999997,0.0398101117808026,0.50675,0.03981011178080256,0.812878125,6.187184335305067e-06,1.178575859375,0.023861428816574895,0.0,0.0
permission_tool_availability,easy,pure_duplication,32,source_grouping,2,0.49324999999999997,0.0398101117808026,0.50675,0.03981011178080256,0.812878125,6.187184335305067e-06,1.178575859375,0.023861428816574895,0.0,0.0
permission_tool_availability,easy,pure_duplication,64,bayesian_mixing,2,0.49324999999999997,0.0398101117808026,0.50675,0.03981011178080256,0.812878125,6.187184335305067e-06,1.178575859375,0.023861428816574895,0.0,0.0
permission_tool_availability,easy,pure_duplication,64,exact_dedup,2,0.49324999999999997,0.0398101117808026,0.50675,0.03981011178080256,0.812878125,6.187184335305067e-06,1.178575859375,0.023861428816574895,0.0,0.0
permission_tool_availability,easy,pure_duplication,64,flat_rollout,2,0.9999999999916677,1.3228028964410805e-12,8.332334822114262e-12,1.3228028964410805e-12,1.991453984375,0.0238676160009102,0.0,0.0,1.0,0.0
permission_tool_availability,easy,pure_duplication,64,independent_trajectory,2,0.49324999999999997,0.0398101117808026,0.50675,0.03981011178080256,0.812878125,6.187184335305067e-06,1.178575859375,0.023861428816574895,0.0,0.0
permission_tool_availability,easy,pure_duplication,64,mean_pooling,2,0.49324999999999997,0.0398101117808026,0.50675,0.03981011178080256,0.812878125,6.187184335305067e-06,1.178575859375,0.023861428816574895,0.0,0.0
permission_tool_availability,easy,pure_duplication,64,no_imagination,2,0.49324999999999997,0.0398101117808026,0.50675,0.03981011178080256,-0.20955039062499997,0.009032294760747106,2.201004375,0.014835321240163114,0.0,0.0
permission_tool_availability,easy,pure_duplication,64,oracle_provenance,2,0.49324999999999997,0.0398101117808026,0.50675,0.03981011178080256,0.812878125,6.187184335305067e-06,1.178575859375,0.023861428816574895,0.0,0.0
permission_tool_availability,easy,pure_duplication,64,provenance_preserving,2,0.49324999999999997,0.0398101117808026,0.50675,0.03981011178080256,0.812878125,6.187184335305067e-06,1.178575859375,0.023861428816574895,0.0,0.0
permission_tool_availability,easy,pure_duplication,64,risk_classifier,2,0.49324999999999997,0.0398101117808026,0.50675,0.03981011178080256,1.991453984375,0.0238676160009102,0.0,0.0,1.0,0.0
permission_tool_availability,easy,pure_duplication,64,semantic_dedup,2,0.49324999999999997,0.0398101117808026,0.50675,0.03981011178080256,0.812878125,6.187184335305067e-06,1.178575859375,0.023861428816574895,0.0,0.0
permission_tool_availability,easy,pure_duplication,64,source_grouping,2,0.49324999999999997,0.0398101117808026,0.50675,0.03981011178080256,0.812878125,6.187184335305067e-06,1.178575859375,0.023861428816574895,0.0,0.0
permission_tool_availability,hard,independent_rollout,1,bayesian_mixing,6,0.5695333333333333,0.22034922887695038,0.3589666666666667,0.1746057349191792,1.2024188020833333,0.6146899747238382,0.18523606770833326,0.4537338478450526,0.8333333333333334,0.408248290463863
permission_tool_availability,hard,independent_rollout,1,exact_dedup,6,0.5695333333333333,0.22034922887695038,0.3589666666666667,0.1746057349191792,1.2024188020833333,0.6146899747238382,0.18523606770833326,0.4537338478450526,0.8333333333333334,0.408248290463863
permission_tool_availability,hard,independent_rollout,1,flat_rollout,6,0.5695333333333333,0.2203492288769504,0.35896666666666666,0.17460573491917922,1.2024188020833333,0.6146899747238382,0.18523606770833326,0.4537338478450526,0.8333333333333334,0.408248290463863
permission_tool_availability,hard,independent_rollout,1,independent_trajectory,6,0.5695333333333333,0.22034922887695038,0.3589666666666667,0.1746057349191792,0.7853090104166666,0.06282122883718474,0.602345859375,0.6623327090766393,0.5,0.5477225575051661
permission_tool_availability,hard,independent_rollout,1,mean_pooling,6,0.5695333333333333,0.22034922887695038,0.3589666666666667,0.1746057349191792,0.7853090104166666,0.06282122883718474,0.602345859375,0.6623327090766393,0.5,0.5477225575051661
permission_tool_availability,hard,independent_rollout,1,no_imagination,6,0.5695333333333333,0.22034922887695038,0.3589666666666667,0.1746057349191792,-0.19200554687499996,0.02749931899454191,1.5796604166666663,0.6422700958339456,0.0,0.0
permission_tool_availability,hard,independent_rollout,1,oracle_provenance,6,0.5695333333333333,0.22034922887695038,0.3589666666666667,0.1746057349191792,1.2024188020833333,0.6146899747238382,0.18523606770833326,0.4537338478450526,0.8333333333333334,0.408248290463863
permission_tool_availability,hard,independent_rollout,1,provenance_preserving,6,0.5695333333333333,0.22034922887695038,0.3589666666666667,0.1746057349191792,1.2024188020833333,0.6146899747238382,0.18523606770833326,0.4537338478450526,0.8333333333333334,0.408248290463863
permission_tool_availability,hard,independent_rollout,1,risk_classifier,6,0.5695333333333333,0.22034922887695038,0.3589666666666667,0.1746057349191792,-0.45178888020833335,2.296260288659324,1.83944375,1.6605444255865345,0.3333333333333333,0.5163977794943223
permission_tool_availability,hard,independent_rollout,1,semantic_dedup,6,0.5695333333333333,0.22034922887695038,0.3589666666666667,0.1746057349191792,1.2024188020833333,0.6146899747238382,0.18523606770833326,0.4537338478450526,0.8333333333333334,0.408248290463863
permission_tool_availability,hard,independent_rollout,1,source_grouping,6,0.5695333333333333,0.22034922887695038,0.3589666666666667,0.1746057349191792,1.2024188020833333,0.6146899747238382,0.18523606770833326,0.4537338478450526,0.8333333333333334,0.408248290463863
permission_tool_availability,hard,independent_rollout,2,bayesian_mixing,6,0.5695333333333333,0.22034922887695038,0.3589666666666667,0.1746057349191792,1.2024188020833333,0.6146899747238382,0.18523606770833326,0.4537338478450526,0.8333333333333334,0.408248290463863
permission_tool_availability,hard,independent_rollout,2,exact_dedup,6,0.5695333333333333,0.22034922887695038,0.3589666666666667,0.1746057349191792,1.2024188020833333,0.6146899747238382,0.18523606770833326,0.4537338478450526,0.8333333333333334,0.408248290463863
permission_tool_availability,hard,independent_rollout,2,flat_rollout,6,0.5695333333333333,0.2203492288769504,0.35896666666666666,0.17460573491917922,1.2024188020833333,0.6146899747238382,0.18523606770833326,0.4537338478450526,0.8333333333333334,0.408248290463863
permission_tool_availability,hard,independent_rollout,2,independent_trajectory,6,0.5695333333333333,0.22034922887695038,0.3589666666666667,0.1746057349191792,0.7853090104166666,0.06282122883718474,0.602345859375,0.6623327090766393,0.5,0.5477225575051661
permission_tool_availability,hard,independent_rollout,2,mean_pooling,6,0.5695333333333333,0.22034922887695038,0.3589666666666667,0.1746057349191792,0.7853090104166666,0.06282122883718474,0.602345859375,0.6623327090766393,0.5,0.5477225575051661
permission_tool_availability,hard,independent_rollout,2,no_imagination,6,0.5695333333333333,0.22034922887695038,0.3589666666666667,0.1746057349191792,-0.19200554687499996,0.02749931899454191,1.5796604166666663,0.6422700958339456,0.0,0.0
permission_tool_availability,hard,independent_rollout,2,oracle_provenance,6,0.5695333333333333,0.22034922887695038,0.3589666666666667,0.1746057349191792,1.2024188020833333,0.6146899747238382,0.18523606770833326,0.4537338478450526,0.8333333333333334,0.408248290463863
permission_tool_availability,hard,independent_rollout,2,provenance_preserving,6,0.5695333333333333,0.22034922887695038,0.3589666666666667,0.1746057349191792,1.2024188020833333,0.6146899747238382,0.18523606770833326,0.4537338478450526,0.8333333333333334,0.408248290463863
permission_tool_availability,hard,independent_rollout,2,risk_classifier,6,0.5695333333333333,0.22034922887695038,0.3589666666666667,0.1746057349191792,-0.45178888020833335,2.296260288659324,1.83944375,1.6605444255865345,0.3333333333333333,0.5163977794943223
permission_tool_availability,hard,independent_rollout,2,semantic_dedup,6,0.5695333333333333,0.22034922887695038,0.3589666666666667,0.1746057349191792,1.2024188020833333,0.6146899747238382,0.18523606770833326,0.4537338478450526,0.8333333333333334,0.408248290463863
permission_tool_availability,hard,independent_rollout,2,source_grouping,6,0.5695333333333333,0.22034922887695038,0.3589666666666667,0.1746057349191792,1.2024188020833333,0.6146899747238382,0.18523606770833326,0.4537338478450526,0.8333333333333334,0.408248290463863
permission_tool_availability,hard,independent_rollout,4,bayesian_mixing,6,0.5695333333333333,0.22034922887695038,0.3589666666666667,0.1746057349191792,1.2024188020833333,0.6146899747238382,0.18523606770833326,0.4537338478450526,0.8333333333333334,0.408248290463863
permission_tool_availability,hard,independent_rollout,4,exact_dedup,6,0.5695333333333333,0.22034922887695038,0.3589666666666667,0.1746057349191792,1.2024188020833333,0.6146899747238382,0.18523606770833326,0.4537338478450526,0.8333333333333334,0.408248290463863
permission_tool_availability,hard,independent_rollout,4,flat_rollout,6,0.5695333333333333,0.2203492288769504,0.35896666666666666,0.17460573491917922,1.2024188020833333,0.6146899747238382,0.18523606770833326,0.4537338478450526,0.8333333333333334,0.408248290463863
permission_tool_availability,hard,independent_rollout,4,independent_trajectory,6,0.5695333333333333,0.22034922887695038,0.3589666666666667,0.1746057349191792,0.7853090104166666,0.06282122883718474,0.602345859375,0.6623327090766393,0.5,0.5477225575051661
permission_tool_availability,hard,independent_rollout,4,mean_pooling,6,0.5695333333333333,0.22034922887695038,0.3589666666666667,0.1746057349191792,0.7853090104166666,0.06282122883718474,0.602345859375,0.6623327090766393,0.5,0.5477225575051661
permission_tool_availability,hard,independent_rollout,4,no_imagination,6,0.5695333333333333,0.22034922887695038,0.3589666666666667,0.1746057349191792,-0.19200554687499996,0.02749931899454191,1.5796604166666663,0.6422700958339456,0.0,0.0
permission_tool_availability,hard,independent_rollout,4,oracle_provenance,6,0.5695333333333333,0.22034922887695038,0.3589666666666667,0.1746057349191792,1.2024188020833333,0.6146899747238382,0.18523606770833326,0.4537338478450526,0.8333333333333334,0.408248290463863
permission_tool_availability,hard,independent_rollout,4,provenance_preserving,6,0.5695333333333333,0.22034922887695038,0.3589666666666667,0.1746057349191792,1.2024188020833333,0.6146899747238382,0.18523606770833326,0.4537338478450526,0.8333333333333334,0.408248290463863
permission_tool_availability,hard,independent_rollout,4,risk_classifier,6,0.5695333333333333,0.22034922887695038,0.3589666666666667,0.1746057349191792,-0.45178888020833335,2.296260288659324,1.83944375,1.6605444255865345,0.3333333333333333,0.5163977794943223
permission_tool_availability,hard,independent_rollout,4,semantic_dedup,6,0.5695333333333333,0.22034922887695038,0.3589666666666667,0.1746057349191792,1.2024188020833333,0.6146899747238382,0.18523606770833326,0.4537338478450526,0.8333333333333334,0.408248290463863
permission_tool_availability,hard,independent_rollout,4,source_grouping,6,0.5695333333333333,0.22034922887695038,0.3589666666666667,0.1746057349191792,1.2024188020833333,0.6146899747238382,0.18523606770833326,0.4537338478450526,0.8333333333333334,0.408248290463863
permission_tool_availability,hard,independent_rollout,8,bayesian_mixing,6,0.5695333333333333,0.22034922887695038,0.3589666666666667,0.1746057349191792,1.2024188020833333,0.6146899747238382,0.18523606770833326,0.4537338478450526,0.8333333333333334,0.408248290463863
permission_tool_availability,hard,independent_rollout,8,exact_dedup,6,0.5695333333333333,0.22034922887695038,0.3589666666666667,0.1746057349191792,1.2024188020833333,0.6146899747238382,0.18523606770833326,0.4537338478450526,0.8333333333333334,0.408248290463863
permission_tool_availability,hard,independent_rollout,8,flat_rollout,6,0.5695333333333333,0.2203492288769504,0.35896666666666666,0.17460573491917922,1.2024188020833333,0.6146899747238382,0.18523606770833326,0.4537338478450526,0.8333333333333334,0.408248290463863
permission_tool_availability,hard,independent_rollout,8,independent_trajectory,6,0.5695333333333333,0.22034922887695038,0.3589666666666667,0.1746057349191792,0.7853090104166666,0.06282122883718474,0.602345859375,0.6623327090766393,0.5,0.5477225575051661
permission_tool_availability,hard,independent_rollout,8,mean_pooling,6,0.5695333333333333,0.22034922887695038,0.3589666666666667,0.1746057349191792,0.7853090104166666,0.06282122883718474,0.602345859375,0.6623327090766393,0.5,0.5477225575051661
permission_tool_availability,hard,independent_rollout,8,no_imagination,6,0.5695333333333333,0.22034922887695038,0.3589666666666667,0.1746057349191792,-0.19200554687499996,0.02749931899454191,1.5796604166666663,0.6422700958339456,0.0,0.0
permission_tool_availability,hard,independent_rollout,8,oracle_provenance,6,0.5695333333333333,0.22034922887695038,0.3589666666666667,0.1746057349191792,1.2024188020833333,0.6146899747238382,0.18523606770833326,0.4537338478450526,0.8333333333333334,0.408248290463863
permission_tool_availability,hard,independent_rollout,8,provenance_preserving,6,0.5695333333333333,0.22034922887695038,0.3589666666666667,0.1746057349191792,1.2024188020833333,0.6146899747238382,0.18523606770833326,0.4537338478450526,0.8333333333333334,0.408248290463863
permission_tool_availability,hard,independent_rollout,8,risk_classifier,6,0.5695333333333333,0.22034922887695038,0.3589666666666667,0.1746057349191792,-0.26655281250000007,2.4599323477541843,1.654207682291667,1.8129916733520137,0.5,0.5477225575051661
permission_tool_availability,hard,independent_rollout,8,semantic_dedup,6,0.5695333333333333,0.22034922887695038,0.3589666666666667,0.1746057349191792,1.2024188020833333,0.6146899747238382,0.18523606770833326,0.4537338478450526,0.8333333333333334,0.408248290463863
permission_tool_availability,hard,independent_rollout,8,source_grouping,6,0.5695333333333333,0.22034922887695038,0.3589666666666667,0.1746057349191792,1.2024188020833333,0.6146899747238382,0.18523606770833326,0.4537338478450526,0.8333333333333334,0.408248290463863
permission_tool_availability,hard,independent_rollout,16,bayesian_mixing,6,0.5695333333333333,0.22034922887695038,0.3589666666666667,0.1746057349191792,1.2024188020833333,0.6146899747238382,0.18523606770833326,0.4537338478450526,0.8333333333333334,0.408248290463863
permission_tool_availability,hard,independent_rollout,16,exact_dedup,6,0.5695333333333333,0.22034922887695038,0.3589666666666667,0.1746057349191792,1.2024188020833333,0.6146899747238382,0.18523606770833326,0.4537338478450526,0.8333333333333334,0.408248290463863
permission_tool_availability,hard,independent_rollout,16,flat_rollout,6,0.5695333333333333,0.2203492288769504,0.35896666666666666,0.17460573491917922,1.2024188020833333,0.6146899747238382,0.18523606770833326,0.4537338478450526,0.8333333333333334,0.408248290463863
permission_tool_availability,hard,independent_rollout,16,independent_trajectory,6,0.5695333333333333,0.22034922887695038,0.3589666666666667,0.1746057349191792,0.7853090104166666,0.06282122883718474,0.602345859375,0.6623327090766393,0.5,0.5477225575051661
permission_tool_availability,hard,independent_rollout,16,mean_pooling,6,0.5695333333333333,0.22034922887695038,0.3589666666666667,0.1746057349191792,0.7853090104166666,0.06282122883718474,0.602345859375,0.6623327090766393,0.5,0.5477225575051661
permission_tool_availability,hard,independent_rollout,16,no_imagination,6,0.5695333333333333,0.22034922887695038,0.3589666666666667,0.1746057349191792,-0.19200554687499996,0.02749931899454191,1.5796604166666663,0.6422700958339456,0.0,0.0
permission_tool_availability,hard,independent_rollout,16,oracle_provenance,6,0.5695333333333333,0.22034922887695038,0.3589666666666667,0.1746057349191792,1.2024188020833333,0.6146899747238382,0.18523606770833326,0.4537338478450526,0.8333333333333334,0.408248290463863
permission_tool_availability,hard,independent_rollout,16,provenance_preserving,6,0.5695333333333333,0.22034922887695038,0.3589666666666667,0.1746057349191792,1.2024188020833333,0.6146899747238382,0.18523606770833326,0.4537338478450526,0.8333333333333334,0.408248290463863
permission_tool_availability,hard,independent_rollout,16,risk_classifier,6,0.5695333333333333,0.22034922887695038,0.3589666666666667,0.1746057349191792,-0.26655281250000007,2.4599323477541843,1.654207682291667,1.8129916733520137,0.5,0.5477225575051661
permission_tool_availability,hard,independent_rollout,16,semantic_dedup,6,0.5695333333333333,0.22034922887695038,0.3589666666666667,0.1746057349191792,1.2024188020833333,0.6146899747238382,0.18523606770833326,0.4537338478450526,0.8333333333333334,0.408248290463863
permission_tool_availability,hard,independent_rollout,16,source_grouping,6,0.5695333333333333,0.22034922887695038,0.3589666666666667,0.1746057349191792,1.2024188020833333,0.6146899747238382,0.18523606770833326,0.4537338478450526,0.8333333333333334,0.408248290463863
permission_tool_availability,hard,independent_rollout,32,bayesian_mixing,6,0.5695333333333333,0.22034922887695038,0.3589666666666667,0.1746057349191792,1.0007855468750002,0.47788180851392786,0.38686932291666665,0.6001423324196326,0.6666666666666666,0.5163977794943223
permission_tool_availability,hard,independent_rollout,32,exact_dedup,6,0.5695333333333333,0.22034922887695038,0.3589666666666667,0.1746057349191792,1.0007855468750002,0.47788180851392786,0.38686932291666665,0.6001423324196326,0.6666666666666666,0.5163977794943223
permission_tool_availability,hard,independent_rollout,32,flat_rollout,6,0.5695333333333333,0.2203492288769504,0.35896666666666666,0.17460573491917922,1.0007855468750002,0.47788180851392786,0.38686932291666665,0.6001423324196326,0.6666666666666666,0.5163977794943223
permission_tool_availability,hard,independent_rollout,32,independent_trajectory,6,0.5695333333333333,0.22034922887695038,0.3589666666666667,0.1746057349191792,0.7853090104166666,0.06282122883718474,0.602345859375,0.6623327090766393,0.5,0.5477225575051661
permission_tool_availability,hard,independent_rollout,32,mean_pooling,6,0.5695333333333333,0.22034922887695038,0.3589666666666667,0.1746057349191792,0.7853090104166666,0.06282122883718474,0.602345859375,0.6623327090766393,0.5,0.5477225575051661
permission_tool_availability,hard,independent_rollout,32,no_imagination,6,0.5695333333333333,0.22034922887695038,0.3589666666666667,0.1746057349191792,-0.19200554687499996,0.02749931899454191,1.5796604166666663,0.6422700958339456,0.0,0.0
permission_tool_availability,hard,independent_rollout,32,oracle_provenance,6,0.5695333333333333,0.22034922887695038,0.3589666666666667,0.1746057349191792,1.0007855468750002,0.47788180851392786,0.38686932291666665,0.6001423324196326,0.6666666666666666,0.5163977794943223
permission_tool_availability,hard,independent_rollout,32,provenance_preserving,6,0.5695333333333333,0.22034922887695038,0.3589666666666667,0.1746057349191792,1.0007855468750002,0.47788180851392786,0.38686932291666665,0.6001423324196326,0.6666666666666666,0.5163977794943223
permission_tool_availability,hard,independent_rollout,32,risk_classifier,6,0.5695333333333333,0.22034922887695038,0.3589666666666667,0.1746057349191792,-0.26655281250000007,2.4599323477541843,1.654207682291667,1.8129916733520137,0.5,0.5477225575051661
permission_tool_availability,hard,independent_rollout,32,semantic_dedup,6,0.5695333333333333,0.22034922887695038,0.3589666666666667,0.1746057349191792,1.0007855468750002,0.47788180851392786,0.38686932291666665,0.6001423324196326,0.6666666666666666,0.5163977794943223
permission_tool_availability,hard,independent_rollout,32,source_grouping,6,0.5695333333333333,0.22034922887695038,0.3589666666666667,0.1746057349191792,1.0007855468750002,0.47788180851392786,0.38686932291666665,0.6001423324196326,0.6666666666666666,0.5163977794943223
permission_tool_availability,hard,independent_rollout,64,bayesian_mixing,6,0.5695333333333333,0.22034922887695038,0.3589666666666667,0.1746057349191792,1.0007855468750002,0.47788180851392786,0.38686932291666665,0.6001423324196326,0.6666666666666666,0.5163977794943223
permission_tool_availability,hard,independent_rollout,64,exact_dedup,6,0.5695333333333333,0.22034922887695038,0.3589666666666667,0.1746057349191792,1.0007855468750002,0.47788180851392786,0.38686932291666665,0.6001423324196326,0.6666666666666666,0.5163977794943223
permission_tool_availability,hard,independent_rollout,64,flat_rollout,6,0.5695333333333333,0.2203492288769504,0.35896666666666666,0.17460573491917922,1.0007855468750002,0.47788180851392786,0.38686932291666665,0.6001423324196326,0.6666666666666666,0.5163977794943223
permission_tool_availability,hard,independent_rollout,64,independent_trajectory,6,0.5695333333333333,0.22034922887695038,0.3589666666666667,0.1746057349191792,0.7853090104166666,0.06282122883718474,0.602345859375,0.6623327090766393,0.5,0.5477225575051661
permission_tool_availability,hard,independent_rollout,64,mean_pooling,6,0.5695333333333333,0.22034922887695038,0.3589666666666667,0.1746057349191792,0.7853090104166666,0.06282122883718474,0.602345859375,0.6623327090766393,0.5,0.5477225575051661
permission_tool_availability,hard,independent_rollout,64,no_imagination,6,0.5695333333333333,0.22034922887695038,0.3589666666666667,0.1746057349191792,-0.19200554687499996,0.02749931899454191,1.5796604166666663,0.6422700958339456,0.0,0.0
permission_tool_availability,hard,independent_rollout,64,oracle_provenance,6,0.5695333333333333,0.22034922887695038,0.3589666666666667,0.1746057349191792,1.0007855468750002,0.47788180851392786,0.38686932291666665,0.6001423324196326,0.6666666666666666,0.5163977794943223
permission_tool_availability,hard,independent_rollout,64,provenance_preserving,6,0.5695333333333333,0.22034922887695038,0.3589666666666667,0.1746057349191792,1.0007855468750002,0.47788180851392786,0.38686932291666665,0.6001423324196326,0.6666666666666666,0.5163977794943223
permission_tool_availability,hard,independent_rollout,64,risk_classifier,6,0.5695333333333333,0.22034922887695038,0.3589666666666667,0.1746057349191792,-0.26655281250000007,2.4599323477541843,1.654207682291667,1.8129916733520137,0.5,0.5477225575051661
permission_tool_availability,hard,independent_rollout,64,semantic_dedup,6,0.5695333333333333,0.22034922887695038,0.3589666666666667,0.1746057349191792,1.0007855468750002,0.47788180851392786,0.38686932291666665,0.6001423324196326,0.6666666666666666,0.5163977794943223
permission_tool_availability,hard,independent_rollout,64,source_grouping,6,0.5695333333333333,0.22034922887695038,0.3589666666666667,0.1746057349191792,1.0007855468750002,0.47788180851392786,0.38686932291666665,0.6001423324196326,0.6666666666666666,0.5163977794943223
permission_tool_availability,hard,pure_duplication,1,bayesian_mixing,6,0.5695333333333333,0.22034922887695038,0.3589666666666667,0.1746057349191792,1.0007855468750002,0.47788180851392786,0.38686932291666665,0.6001423324196326,0.6666666666666666,0.5163977794943223
permission_tool_availability,hard,pure_duplication,1,exact_dedup,6,0.5695333333333333,0.22034922887695038,0.3589666666666667,0.1746057349191792,1.0007855468750002,0.47788180851392786,0.38686932291666665,0.6001423324196326,0.6666666666666666,0.5163977794943223
permission_tool_availability,hard,pure_duplication,1,flat_rollout,6,0.5695333333333333,0.2203492288769504,0.35896666666666666,0.17460573491917922,1.0007855468750002,0.47788180851392786,0.38686932291666665,0.6001423324196326,0.6666666666666666,0.5163977794943223
permission_tool_availability,hard,pure_duplication,1,independent_trajectory,6,0.5695333333333333,0.22034922887695038,0.3589666666666667,0.1746057349191792,0.7853090104166666,0.06282122883718474,0.602345859375,0.6623327090766393,0.5,0.5477225575051661
permission_tool_availability,hard,pure_duplication,1,mean_pooling,6,0.5695333333333333,0.22034922887695038,0.3589666666666667,0.1746057349191792,0.7853090104166666,0.06282122883718474,0.602345859375,0.6623327090766393,0.5,0.5477225575051661
permission_tool_availability,hard,pure_duplication,1,no_imagination,6,0.5695333333333333,0.22034922887695038,0.3589666666666667,0.1746057349191792,-0.19200554687499996,0.02749931899454191,1.5796604166666663,0.6422700958339456,0.0,0.0
permission_tool_availability,hard,pure_duplication,1,oracle_provenance,6,0.5695333333333333,0.22034922887695038,0.3589666666666667,0.1746057349191792,1.0007855468750002,0.47788180851392786,0.38686932291666665,0.6001423324196326,0.6666666666666666,0.5163977794943223
permission_tool_availability,hard,pure_duplication,1,provenance_preserving,6,0.5695333333333333,0.22034922887695038,0.3589666666666667,0.1746057349191792,1.0007855468750002,0.47788180851392786,0.38686932291666665,0.6001423324196326,0.6666666666666666,0.5163977794943223
permission_tool_availability,hard,pure_duplication,1,risk_classifier,6,0.5695333333333333,0.22034922887695038,0.3589666666666667,0.1746057349191792,-0.26655281250000007,2.4599323477541843,1.654207682291667,1.8129916733520137,0.5,0.5477225575051661
permission_tool_availability,hard,pure_duplication,1,semantic_dedup,6,0.5695333333333333,0.22034922887695038,0.3589666666666667,0.1746057349191792,1.0007855468750002,0.47788180851392786,0.38686932291666665,0.6001423324196326,0.6666666666666666,0.5163977794943223
permission_tool_availability,hard,pure_duplication,1,source_grouping,6,0.5695333333333333,0.22034922887695038,0.3589666666666667,0.1746057349191792,1.0007855468750002,0.47788180851392786,0.38686932291666665,0.6001423324196326,0.6666666666666666,0.5163977794943223
permission_tool_availability,hard,pure_duplication,2,bayesian_mixing,6,0.5695333333333333,0.22034922887695038,0.3589666666666667,0.1746057349191792,1.0007855468750002,0.47788180851392786,0.38686932291666665,0.6001423324196326,0.6666666666666666,0.5163977794943223
permission_tool_availability,hard,pure_duplication,2,exact_dedup,6,0.5695333333333333,0.22034922887695038,0.3589666666666667,0.1746057349191792,1.0007855468750002,0.47788180851392786,0.38686932291666665,0.6001423324196326,0.6666666666666666,0.5163977794943223
permission_tool_availability,hard,pure_duplication,2,flat_rollout,6,0.6492074088060135,0.22052634169346103,0.3628325964667714,0.2297159386750728,0.8489683072916664,1.720328767970622,0.5386865625,1.3195072094188793,0.8333333333333334,0.408248290463863
permission_tool_availability,hard,pure_duplication,2,independent_trajectory,6,0.5695333333333333,0.22034922887695038,0.3589666666666667,0.1746057349191792,0.7853090104166666,0.06282122883718474,0.602345859375,0.6623327090766393,0.5,0.5477225575051661
permission_tool_availability,hard,pure_duplication,2,mean_pooling,6,0.5695333333333333,0.22034922887695038,0.3589666666666667,0.1746057349191792,0.7853090104166666,0.06282122883718474,0.602345859375,0.6623327090766393,0.5,0.5477225575051661
permission_tool_availability,hard,pure_duplication,2,no_imagination,6,0.5695333333333333,0.22034922887695038,0.3589666666666667,0.1746057349191792,-0.19200554687499996,0.02749931899454191,1.5796604166666663,0.6422700958339456,0.0,0.0
permission_tool_availability,hard,pure_duplication,2,oracle_provenance,6,0.5695333333333333,0.22034922887695038,0.3589666666666667,0.1746057349191792,1.0007855468750002,0.47788180851392786,0.38686932291666665,0.6001423324196326,0.6666666666666666,0.5163977794943223
permission_tool_availability,hard,pure_duplication,2,provenance_preserving,6,0.5695333333333333,0.22034922887695038,0.3589666666666667,0.1746057349191792,1.0007855468750002,0.47788180851392786,0.38686932291666665,0.6001423324196326,0.6666666666666666,0.5163977794943223
permission_tool_availability,hard,pure_duplication,2,risk_classifier,6,0.5695333333333333,0.22034922887695038,0.3589666666666667,0.1746057349191792,-0.26655281250000007,2.4599323477541843,1.654207682291667,1.8129916733520137,0.5,0.5477225575051661
permission_tool_availability,hard,pure_duplication,2,semantic_dedup,6,0.5695333333333333,0.22034922887695038,0.3589666666666667,0.1746057349191792,1.0007855468750002,0.47788180851392786,0.38686932291666665,0.6001423324196326,0.6666666666666666,0.5163977794943223
permission_tool_availability,hard,pure_duplication,2,source_grouping,6,0.5695333333333333,0.22034922887695038,0.3589666666666667,0.1746057349191792,1.0007855468750002,0.47788180851392786,0.38686932291666665,0.6001423324196326,0.6666666666666666,0.5163977794943223
permission_tool_availability,hard,pure_duplication,4,bayesian_mixing,6,0.5695333333333333,0.22034922887695038,0.3589666666666667,0.1746057349191792,1.0007855468750002,0.47788180851392786,0.38686932291666665,0.6001423324196326,0.6666666666666666,0.5163977794943223
permission_tool_availability,hard,pure_duplication,4,exact_dedup,6,0.5695333333333333,0.22034922887695038,0.3589666666666667,0.1746057349191792,1.0007855468750002,0.47788180851392786,0.38686932291666665,0.6001423324196326,0.6666666666666666,0.5163977794943223
permission_tool_availability,hard,pure_duplication,4,flat_rollout,6,0.7827575517424598,0.18698084131940645,0.390539756324995,0.3413593132857385,0.8489683072916664,1.720328767970622,0.5386865625,1.3195072094188793,0.8333333333333334,0.408248290463863
permission_tool_availability,hard,pure_duplication,4,independent_trajectory,6,0.5695333333333333,0.22034922887695038,0.3589666666666667,0.1746057349191792,0.7853090104166666,0.06282122883718474,0.602345859375,0.6623327090766393,0.5,0.5477225575051661
permission_tool_availability,hard,pure_duplication,4,mean_pooling,6,0.5695333333333333,0.22034922887695038,0.3589666666666667,0.1746057349191792,0.7853090104166666,0.06282122883718474,0.602345859375,0.6623327090766393,0.5,0.5477225575051661
permission_tool_availability,hard,pure_duplication,4,no_imagination,6,0.5695333333333333,0.22034922887695038,0.3589666666666667,0.1746057349191792,-0.19200554687499996,0.02749931899454191,1.5796604166666663,0.6422700958339456,0.0,0.0
permission_tool_availability,hard,pure_duplication,4,oracle_provenance,6,0.5695333333333333,0.22034922887695038,0.3589666666666667,0.1746057349191792,1.0007855468750002,0.47788180851392786,0.38686932291666665,0.6001423324196326,0.6666666666666666,0.5163977794943223
permission_tool_availability,hard,pure_duplication,4,provenance_preserving,6,0.5695333333333333,0.22034922887695038,0.3589666666666667,0.1746057349191792,1.0007855468750002,0.47788180851392786,0.38686932291666665,0.6001423324196326,0.6666666666666666,0.5163977794943223
permission_tool_availability,hard,pure_duplication,4,risk_classifier,6,0.5695333333333333,0.22034922887695038,0.3589666666666667,0.1746057349191792,-0.26655281250000007,2.4599323477541843,1.654207682291667,1.8129916733520137,0.5,0.5477225575051661
permission_tool_availability,hard,pure_duplication,4,semantic_dedup,6,0.5695333333333333,0.22034922887695038,0.3589666666666667,0.1746057349191792,1.0007855468750002,0.47788180851392786,0.38686932291666665,0.6001423324196326,0.6666666666666666,0.5163977794943223
permission_tool_availability,hard,pure_duplication,4,source_grouping,6,0.5695333333333333,0.22034922887695038,0.3589666666666667,0.1746057349191792,1.0007855468750002,0.47788180851392786,0.38686932291666665,0.6001423324196326,0.6666666666666666,0.5163977794943223
permission_tool_availability,hard,pure_duplication,8,bayesian_mixing,6,0.5695333333333333,0.22034922887695038,0.3589666666666667,0.1746057349191792,1.0007855468750002,0.47788180851392786,0.38686932291666665,0.6001423324196326,0.6666666666666666,0.5163977794943223
permission_tool_availability,hard,pure_duplication,8,exact_dedup,6,0.5695333333333333,0.22034922887695038,0.3589666666666667,0.1746057349191792,1.0007855468750002,0.47788180851392786,0.38686932291666665,0.6001423324196326,0.6666666666666666,0.5163977794943223
permission_tool_availability,hard,pure_duplication,8,flat_rollout,6,0.9369192929219999,0.07383170445765774,0.46023516800440517,0.48231918122723444,-0.26655281250000007,2.4599323477541843,1.654207682291667,1.8129916733520137,0.5,0.5477225575051661
permission_tool_availability,hard,pure_duplication,8,independent_trajectory,6,0.5695333333333333,0.22034922887695038,0.3589666666666667,0.1746057349191792,0.7853090104166666,0.06282122883718474,0.602345859375,0.6623327090766393,0.5,0.5477225575051661
permission_tool_availability,hard,pure_duplication,8,mean_pooling,6,0.5695333333333333,0.22034922887695038,0.3589666666666667,0.1746057349191792,0.7853090104166666,0.06282122883718474,0.602345859375,0.6623327090766393,0.5,0.5477225575051661
permission_tool_availability,hard,pure_duplication,8,no_imagination,6,0.5695333333333333,0.22034922887695038,0.3589666666666667,0.1746057349191792,-0.19200554687499996,0.02749931899454191,1.5796604166666663,0.6422700958339456,0.0,0.0
permission_tool_availability,hard,pure_duplication,8,oracle_provenance,6,0.5695333333333333,0.22034922887695038,0.3589666666666667,0.1746057349191792,1.0007855468750002,0.47788180851392786,0.38686932291666665,0.6001423324196326,0.6666666666666666,0.5163977794943223
permission_tool_availability,hard,pure_duplication,8,provenance_preserving,6,0.5695333333333333,0.22034922887695038,0.3589666666666667,0.1746057349191792,1.0007855468750002,0.47788180851392786,0.38686932291666665,0.6001423324196326,0.6666666666666666,0.5163977794943223
permission_tool_availability,hard,pure_duplication,8,risk_classifier,6,0.5695333333333333,0.22034922887695038,0.3589666666666667,0.1746057349191792,-0.26655281250000007,2.4599323477541843,1.654207682291667,1.8129916733520137,0.5,0.5477225575051661
permission_tool_availability,hard,pure_duplication,8,semantic_dedup,6,0.5695333333333333,0.22034922887695038,0.3589666666666667,0.1746057349191792,1.0007855468750002,0.47788180851392786,0.38686932291666665,0.6001423324196326,0.6666666666666666,0.5163977794943223
permission_tool_availability,hard,pure_duplication,8,source_grouping,6,0.5695333333333333,0.22034922887695038,0.3589666666666667,0.1746057349191792,1.0007855468750002,0.47788180851392786,0.38686932291666665,0.6001423324196326,0.6666666666666666,0.5163977794943223
permission_tool_availability,hard,pure_duplication,16,bayesian_mixing,6,0.5695333333333333,0.22034922887695038,0.3589666666666667,0.1746057349191792,1.0007855468750002,0.47788180851392786,0.38686932291666665,0.6001423324196326,0.6666666666666666,0.5163977794943223
permission_tool_availability,hard,pure_duplication,16,exact_dedup,6,0.5695333333333333,0.22034922887695038,0.3589666666666667,0.1746057349191792,1.0007855468750002,0.47788180851392786,0.38686932291666665,0.6001423324196326,0.6666666666666666,0.5163977794943223
permission_tool_availability,hard,pure_duplication,16,flat_rollout,6,0.9971483357142626,0.003681044817708932,0.49807904120934476,0.54460709069557,-0.26655281250000007,2.4599323477541843,1.654207682291667,1.8129916733520137,0.5,0.5477225575051661
permission_tool_availability,hard,pure_duplication,16,independent_trajectory,6,0.5695333333333333,0.22034922887695038,0.3589666666666667,0.1746057349191792,0.7853090104166666,0.06282122883718474,0.602345859375,0.6623327090766393,0.5,0.5477225575051661
permission_tool_availability,hard,pure_duplication,16,mean_pooling,6,0.5695333333333333,0.22034922887695038,0.3589666666666667,0.1746057349191792,0.7853090104166666,0.06282122883718474,0.602345859375,0.6623327090766393,0.5,0.5477225575051661
permission_tool_availability,hard,pure_duplication,16,no_imagination,6,0.5695333333333333,0.22034922887695038,0.3589666666666667,0.1746057349191792,-0.19200554687499996,0.02749931899454191,1.5796604166666663,0.6422700958339456,0.0,0.0
permission_tool_availability,hard,pure_duplication,16,oracle_provenance,6,0.5695333333333333,0.22034922887695038,0.3589666666666667,0.1746057349191792,1.0007855468750002,0.47788180851392786,0.38686932291666665,0.6001423324196326,0.6666666666666666,0.5163977794943223
permission_tool_availability,hard,pure_duplication,16,provenance_preserving,6,0.5695333333333333,0.22034922887695038,0.3589666666666667,0.1746057349191792,1.0007855468750002,0.47788180851392786,0.38686932291666665,0.6001423324196326,0.6666666666666666,0.5163977794943223
permission_tool_availability,hard,pure_duplication,16,risk_classifier,6,0.5695333333333333,0.22034922887695038,0.3589666666666667,0.1746057349191792,-0.26655281250000007,2.4599323477541843,1.654207682291667,1.8129916733520137,0.5,0.5477225575051661
permission_tool_availability,hard,pure_duplication,16,semantic_dedup,6,0.5695333333333333,0.22034922887695038,0.3589666666666667,0.1746057349191792,1.0007855468750002,0.47788180851392786,0.38686932291666665,0.6001423324196326,0.6666666666666666,0.5163977794943223
permission_tool_availability,hard,pure_duplication,16,source_grouping,6,0.5695333333333333,0.22034922887695038,0.3589666666666667,0.1746057349191792,1.0007855468750002,0.47788180851392786,0.38686932291666665,0.6001423324196326,0.6666666666666666,0.5163977794943223
permission_tool_availability,hard,pure_duplication,32,bayesian_mixing,6,0.5695333333333333,0.22034922887695038,0.3589666666666667,0.1746057349191792,1.0007855468750002,0.47788180851392786,0.38686932291666665,0.6001423324196326,0.6666666666666666,0.5163977794943223
permission_tool_availability,hard,pure_duplication,32,exact_dedup,6,0.5695333333333333,0.22034922887695038,0.3589666666666667,0.1746057349191792,1.0007855468750002,0.47788180851392786,0.38686932291666665,0.6001423324196326,0.6666666666666666,0.5163977794943223
permission_tool_availability,hard,pure_duplication,32,flat_rollout,6,0.9999956287123232,5.66683580985688e-06,0.49999704697914577,0.5477177690191968,-0.26655281250000007,2.4599323477541843,1.654207682291667,1.8129916733520137,0.5,0.5477225575051661
permission_tool_availability,hard,pure_duplication,32,independent_trajectory,6,0.5695333333333333,0.22034922887695038,0.3589666666666667,0.1746057349191792,0.7853090104166666,0.06282122883718474,0.602345859375,0.6623327090766393,0.5,0.5477225575051661
permission_tool_availability,hard,pure_duplication,32,mean_pooling,6,0.5695333333333333,0.22034922887695038,0.3589666666666667,0.1746057349191792,0.7853090104166666,0.06282122883718474,0.602345859375,0.6623327090766393,0.5,0.5477225575051661
permission_tool_availability,hard,pure_duplication,32,no_imagination,6,0.5695333333333333,0.22034922887695038,0.3589666666666667,0.1746057349191792,-0.19200554687499996,0.02749931899454191,1.5796604166666663,0.6422700958339456,0.0,0.0
permission_tool_availability,hard,pure_duplication,32,oracle_provenance,6,0.5695333333333333,0.22034922887695038,0.3589666666666667,0.1746057349191792,1.0007855468750002,0.47788180851392786,0.38686932291666665,0.6001423324196326,0.6666666666666666,0.5163977794943223
permission_tool_availability,hard,pure_duplication,32,provenance_preserving,6,0.5695333333333333,0.22034922887695038,0.3589666666666667,0.1746057349191792,1.0007855468750002,0.47788180851392786,0.38686932291666665,0.6001423324196326,0.6666666666666666,0.5163977794943223
permission_tool_availability,hard,pure_duplication,32,risk_classifier,6,0.5695333333333333,0.22034922887695038,0.3589666666666667,0.1746057349191792,-0.26655281250000007,2.4599323477541843,1.654207682291667,1.8129916733520137,0.5,0.5477225575051661
permission_tool_availability,hard,pure_duplication,32,semantic_dedup,6,0.5695333333333333,0.22034922887695038,0.3589666666666667,0.1746057349191792,1.0007855468750002,0.47788180851392786,0.38686932291666665,0.6001423324196326,0.6666666666666666,0.5163977794943223
permission_tool_availability,hard,pure_duplication,32,source_grouping,6,0.5695333333333333,0.22034922887695038,0.3589666666666667,0.1746057349191792,1.0007855468750002,0.47788180851392786,0.38686932291666665,0.6001423324196326,0.6666666666666666,0.5163977794943223
permission_tool_availability,hard,pure_duplication,64,bayesian_mixing,6,0.5695333333333333,0.22034922887695038,0.3589666666666667,0.1746057349191792,1.0007855468750002,0.47788180851392786,0.38686932291666665,0.6001423324196326,0.6666666666666666,0.5163977794943223
permission_tool_availability,hard,pure_duplication,64,exact_dedup,6,0.5695333333333333,0.22034922887695038,0.3589666666666667,0.1746057349191792,1.0007855468750002,0.47788180851392786,0.38686932291666665,0.6001423324196326,0.6666666666666666,0.5163977794943223
permission_tool_availability,hard,pure_duplication,64,flat_rollout,6,0.9999999999898681,1.3134954685386326e-11,0.4999999999931553,0.5477225574940672,-0.26655281250000007,2.4599323477541843,1.654207682291667,1.8129916733520137,0.5,0.5477225575051661
permission_tool_availability,hard,pure_duplication,64,independent_trajectory,6,0.5695333333333333,0.22034922887695038,0.3589666666666667,0.1746057349191792,0.7853090104166666,0.06282122883718474,0.602345859375,0.6623327090766393,0.5,0.5477225575051661
permission_tool_availability,hard,pure_duplication,64,mean_pooling,6,0.5695333333333333,0.22034922887695038,0.3589666666666667,0.1746057349191792,0.7853090104166666,0.06282122883718474,0.602345859375,0.6623327090766393,0.5,0.5477225575051661
permission_tool_availability,hard,pure_duplication,64,no_imagination,6,0.5695333333333333,0.22034922887695038,0.3589666666666667,0.1746057349191792,-0.19200554687499996,0.02749931899454191,1.5796604166666663,0.6422700958339456,0.0,0.0
permission_tool_availability,hard,pure_duplication,64,oracle_provenance,6,0.5695333333333333,0.22034922887695038,0.3589666666666667,0.1746057349191792,1.0007855468750002,0.47788180851392786,0.38686932291666665,0.6001423324196326,0.6666666666666666,0.5163977794943223
permission_tool_availability,hard,pure_duplication,64,provenance_preserving,6,0.5695333333333333,0.22034922887695038,0.3589666666666667,0.1746057349191792,1.0007855468750002,0.47788180851392786,0.38686932291666665,0.6001423324196326,0.6666666666666666,0.5163977794943223
permission_tool_availability,hard,pure_duplication,64,risk_classifier,6,0.5695333333333333,0.22034922887695038,0.3589666666666667,0.1746057349191792,-0.26655281250000007,2.4599323477541843,1.654207682291667,1.8129916733520137,0.5,0.5477225575051661
permission_tool_availability,hard,pure_duplication,64,semantic_dedup,6,0.5695333333333333,0.22034922887695038,0.3589666666666667,0.1746057349191792,1.0007855468750002,0.47788180851392786,0.38686932291666665,0.6001423324196326,0.6666666666666666,0.5163977794943223
permission_tool_availability,hard,pure_duplication,64,source_grouping,6,0.5695333333333333,0.22034922887695038,0.3589666666666667,0.1746057349191792,1.0007855468750002,0.47788180851392786,0.38686932291666665,0.6001423324196326,0.6666666666666666,0.5163977794943223
permission_tool_availability,medium,independent_rollout,1,bayesian_mixing,6,0.4273,0.24963803396117348,0.7220999999999999,0.0973005858152971,-0.311860546875,1.6917428074947163,1.7110740104166666,1.3215894588788546,0.16666666666666666,0.408248290463863
permission_tool_availability,medium,independent_rollout,1,exact_dedup,6,0.4273,0.24963803396117348,0.7220999999999999,0.0973005858152971,-0.311860546875,1.6917428074947163,1.7110740104166666,1.3215894588788546,0.16666666666666666,0.408248290463863
permission_tool_availability,medium,independent_rollout,1,flat_rollout,6,0.4273,0.24963803396117348,0.7220999999999999,0.0973005858152971,-0.311860546875,1.6917428074947163,1.7110740104166666,1.3215894588788546,0.16666666666666666,0.408248290463863
permission_tool_availability,medium,independent_rollout,1,independent_trajectory,6,0.4273,0.24963803396117348,0.7220999999999999,0.0973005858152971,0.7894133072916666,0.0247681681847624,0.6098001562500001,0.669033251332908,0.5,0.5477225575051661
permission_tool_availability,medium,independent_rollout,1,mean_pooling,6,0.4273,0.24963803396117348,0.7220999999999999,0.0973005858152971,0.7894133072916666,0.0247681681847624,0.6098001562500001,0.669033251332908,0.5,0.5477225575051661
permission_tool_availability,medium,independent_rollout,1,no_imagination,6,0.4273,0.24963803396117348,0.7220999999999999,0.0973005858152971,-0.1945762760416667,0.010914075632336696,1.5937897395833336,0.6534362069076657,0.0,0.0
permission_tool_availability,medium,independent_rollout,1,oracle_provenance,6,0.4273,0.24963803396117348,0.7220999999999999,0.0973005858152971,-0.311860546875,1.6917428074947163,1.7110740104166666,1.3215894588788546,0.16666666666666666,0.408248290463863
permission_tool_availability,medium,independent_rollout,1,provenance_preserving,6,0.4273,0.24963803396117348,0.7220999999999999,0.0973005858152971,-0.311860546875,1.6917428074947163,1.7110740104166666,1.3215894588788546,0.16666666666666666,0.408248290463863
permission_tool_availability,medium,independent_rollout,1,risk_classifier,6,0.4273,0.24963803396117348,0.7220999999999999,0.0973005858152971,-0.2566673697916666,2.4705767897762576,1.6558808333333335,1.8139474472303523,0.5,0.5477225575051661
permission_tool_availability,medium,independent_rollout,1,semantic_dedup,6,0.4273,0.24963803396117348,0.7220999999999999,0.0973005858152971,-0.311860546875,1.6917428074947163,1.7110740104166666,1.3215894588788546,0.16666666666666666,0.408248290463863
permission_tool_availability,medium,independent_rollout,1,source_grouping,6,0.4273,0.24963803396117348,0.7220999999999999,0.0973005858152971,-0.311860546875,1.6917428074947163,1.7110740104166666,1.3215894588788546,0.16666666666666666,0.408248290463863
permission_tool_availability,medium,independent_rollout,2,bayesian_mixing,6,0.4273,0.24963803396117348,0.7220999999999999,0.0973005858152971,-0.311860546875,1.6917428074947163,1.7110740104166666,1.3215894588788546,0.16666666666666666,0.408248290463863
permission_tool_availability,medium,independent_rollout,2,exact_dedup,6,0.4273,0.24963803396117348,0.7220999999999999,0.0973005858152971,-0.311860546875,1.6917428074947163,1.7110740104166666,1.3215894588788546,0.16666666666666666,0.408248290463863
permission_tool_availability,medium,independent_rollout,2,flat_rollout,6,0.4273,0.24963803396117348,0.7220999999999999,0.0973005858152971,-0.311860546875,1.6917428074947163,1.7110740104166666,1.3215894588788546,0.16666666666666666,0.408248290463863
permission_tool_availability,medium,independent_rollout,2,independent_trajectory,6,0.4273,0.24963803396117348,0.7220999999999999,0.0973005858152971,0.7894133072916666,0.0247681681847624,0.6098001562500001,0.669033251332908,0.5,0.5477225575051661
permission_tool_availability,medium,independent_rollout,2,mean_pooling,6,0.4273,0.24963803396117348,0.7220999999999999,0.0973005858152971,0.7894133072916666,0.0247681681847624,0.6098001562500001,0.669033251332908,0.5,0.5477225575051661
permission_tool_availability,medium,independent_rollout,2,no_imagination,6,0.4273,0.24963803396117348,0.7220999999999999,0.0973005858152971,-0.1945762760416667,0.010914075632336696,1.5937897395833336,0.6534362069076657,0.0,0.0
permission_tool_availability,medium,independent_rollout,2,oracle_provenance,6,0.4273,0.24963803396117348,0.7220999999999999,0.0973005858152971,-0.311860546875,1.6917428074947163,1.7110740104166666,1.3215894588788546,0.16666666666666666,0.408248290463863
permission_tool_availability,medium,independent_rollout,2,provenance_preserving,6,0.4273,0.24963803396117348,0.7220999999999999,0.0973005858152971,-0.311860546875,1.6917428074947163,1.7110740104166666,1.3215894588788546,0.16666666666666666,0.408248290463863
permission_tool_availability,medium,independent_rollout,2,risk_classifier,6,0.4273,0.24963803396117348,0.7220999999999999,0.0973005858152971,-0.2566673697916666,2.4705767897762576,1.6558808333333335,1.8139474472303523,0.5,0.5477225575051661
permission_tool_availability,medium,independent_rollout,2,semantic_dedup,6,0.4273,0.24963803396117348,0.7220999999999999,0.0973005858152971,-0.311860546875,1.6917428074947163,1.7110740104166666,1.3215894588788546,0.16666666666666666,0.408248290463863
permission_tool_availability,medium,independent_rollout,2,source_grouping,6,0.4273,0.24963803396117348,0.7220999999999999,0.0973005858152971,-0.311860546875,1.6917428074947163,1.7110740104166666,1.3215894588788546,0.16666666666666666,0.408248290463863
permission_tool_availability,medium,independent_rollout,4,bayesian_mixing,6,0.4273,0.24963803396117348,0.7220999999999999,0.0973005858152971,0.23885364583333335,1.3494018907081047,1.1603598177083334,1.2085304523024634,0.3333333333333333,0.5163977794943223
permission_tool_availability,medium,independent_rollout,4,exact_dedup,6,0.4273,0.24963803396117348,0.7220999999999999,0.0973005858152971,0.23885364583333335,1.3494018907081047,1.1603598177083334,1.2085304523024634,0.3333333333333333,0.5163977794943223
permission_tool_availability,medium,independent_rollout,4,flat_rollout,6,0.4273,0.24963803396117348,0.7220999999999999,0.0973005858152971,0.23885364583333335,1.3494018907081047,1.1603598177083334,1.2085304523024634,0.3333333333333333,0.5163977794943223
permission_tool_availability,medium,independent_rollout,4,independent_trajectory,6,0.4273,0.24963803396117348,0.7220999999999999,0.0973005858152971,0.7894133072916666,0.0247681681847624,0.6098001562500001,0.669033251332908,0.5,0.5477225575051661
permission_tool_availability,medium,independent_rollout,4,mean_pooling,6,0.4273,0.24963803396117348,0.7220999999999999,0.0973005858152971,0.7894133072916666,0.0247681681847624,0.6098001562500001,0.669033251332908,0.5,0.5477225575051661
permission_tool_availability,medium,independent_rollout,4,no_imagination,6,0.4273,0.24963803396117348,0.7220999999999999,0.0973005858152971,-0.1945762760416667,0.010914075632336696,1.5937897395833336,0.6534362069076657,0.0,0.0
permission_tool_availability,medium,independent_rollout,4,oracle_provenance,6,0.4273,0.24963803396117348,0.7220999999999999,0.0973005858152971,0.23885364583333335,1.3494018907081047,1.1603598177083334,1.2085304523024634,0.3333333333333333,0.5163977794943223
permission_tool_availability,medium,independent_rollout,4,provenance_preserving,6,0.4273,0.24963803396117348,0.7220999999999999,0.0973005858152971,0.23885364583333335,1.3494018907081047,1.1603598177083334,1.2085304523024634,0.3333333333333333,0.5163977794943223
permission_tool_availability,medium,independent_rollout,4,risk_classifier,6,0.4273,0.24963803396117348,0.7220999999999999,0.0973005858152971,-0.2566673697916666,2.4705767897762576,1.6558808333333335,1.8139474472303523,0.5,0.5477225575051661
permission_tool_availability,medium,independent_rollout,4,semantic_dedup,6,0.4273,0.24963803396117348,0.7220999999999999,0.0973005858152971,0.23885364583333335,1.3494018907081047,1.1603598177083334,1.2085304523024634,0.3333333333333333,0.5163977794943223
permission_tool_availability,medium,independent_rollout,4,source_grouping,6,0.4273,0.24963803396117348,0.7220999999999999,0.0973005858152971,0.23885364583333335,1.3494018907081047,1.1603598177083334,1.2085304523024634,0.3333333333333333,0.5163977794943223
permission_tool_availability,medium,independent_rollout,8,bayesian_mixing,6,0.4273,0.24963803396117348,0.7220999999999999,0.0973005858152971,0.7894133072916666,0.0247681681847624,0.6098001562500001,0.669033251332908,0.5,0.5477225575051661
permission_tool_availability,medium,independent_rollout,8,exact_dedup,6,0.4273,0.24963803396117348,0.7220999999999999,0.0973005858152971,0.7894133072916666,0.0247681681847624,0.6098001562500001,0.669033251332908,0.5,0.5477225575051661
permission_tool_availability,medium,independent_rollout,8,flat_rollout,6,0.4273,0.24963803396117348,0.7220999999999999,0.0973005858152971,0.7894133072916666,0.0247681681847624,0.6098001562500001,0.669033251332908,0.5,0.5477225575051661
permission_tool_availability,medium,independent_rollout,8,independent_trajectory,6,0.4273,0.24963803396117348,0.7220999999999999,0.0973005858152971,0.7894133072916666,0.0247681681847624,0.6098001562500001,0.669033251332908,0.5,0.5477225575051661
permission_tool_availability,medium,independent_rollout,8,mean_pooling,6,0.4273,0.24963803396117348,0.7220999999999999,0.0973005858152971,0.7894133072916666,0.0247681681847624,0.6098001562500001,0.669033251332908,0.5,0.5477225575051661
permission_tool_availability,medium,independent_rollout,8,no_imagination,6,0.4273,0.24963803396117348,0.7220999999999999,0.0973005858152971,-0.1945762760416667,0.010914075632336696,1.5937897395833336,0.6534362069076657,0.0,0.0
permission_tool_availability,medium,independent_rollout,8,oracle_provenance,6,0.4273,0.24963803396117348,0.7220999999999999,0.0973005858152971,0.7894133072916666,0.0247681681847624,0.6098001562500001,0.669033251332908,0.5,0.5477225575051661
permission_tool_availability,medium,independent_rollout,8,provenance_preserving,6,0.4273,0.24963803396117348,0.7220999999999999,0.0973005858152971,0.7894133072916666,0.0247681681847624,0.6098001562500001,0.669033251332908,0.5,0.5477225575051661
permission_tool_availability,medium,independent_rollout,8,risk_classifier,6,0.4273,0.24963803396117348,0.7220999999999999,0.0973005858152971,-0.2566673697916666,2.4705767897762576,1.6558808333333335,1.8139474472303523,0.5,0.5477225575051661
permission_tool_availability,medium,independent_rollout,8,semantic_dedup,6,0.4273,0.24963803396117348,0.7220999999999999,0.0973005858152971,0.7894133072916666,0.0247681681847624,0.6098001562500001,0.669033251332908,0.5,0.5477225575051661
permission_tool_availability,medium,independent_rollout,8,source_grouping,6,0.4273,0.24963803396117348,0.7220999999999999,0.0973005858152971,0.7894133072916666,0.0247681681847624,0.6098001562500001,0.669033251332908,0.5,0.5477225575051661
permission_tool_availability,medium,independent_rollout,16,bayesian_mixing,6,0.4273,0.24963803396117348,0.7220999999999999,0.0973005858152971,0.7894133072916666,0.0247681681847624,0.6098001562500001,0.669033251332908,0.5,0.5477225575051661
permission_tool_availability,medium,independent_rollout,16,exact_dedup,6,0.4273,0.24963803396117348,0.7220999999999999,0.0973005858152971,0.7894133072916666,0.0247681681847624,0.6098001562500001,0.669033251332908,0.5,0.5477225575051661
permission_tool_availability,medium,independent_rollout,16,flat_rollout,6,0.4273,0.24963803396117348,0.7220999999999999,0.0973005858152971,0.7894133072916666,0.0247681681847624,0.6098001562500001,0.669033251332908,0.5,0.5477225575051661
permission_tool_availability,medium,independent_rollout,16,independent_trajectory,6,0.4273,0.24963803396117348,0.7220999999999999,0.0973005858152971,0.7894133072916666,0.0247681681847624,0.6098001562500001,0.669033251332908,0.5,0.5477225575051661
permission_tool_availability,medium,independent_rollout,16,mean_pooling,6,0.4273,0.24963803396117348,0.7220999999999999,0.0973005858152971,0.7894133072916666,0.0247681681847624,0.6098001562500001,0.669033251332908,0.5,0.5477225575051661
permission_tool_availability,medium,independent_rollout,16,no_imagination,6,0.4273,0.24963803396117348,0.7220999999999999,0.0973005858152971,-0.1945762760416667,0.010914075632336696,1.5937897395833336,0.6534362069076657,0.0,0.0
permission_tool_availability,medium,independent_rollout,16,oracle_provenance,6,0.4273,0.24963803396117348,0.7220999999999999,0.0973005858152971,0.7894133072916666,0.0247681681847624,0.6098001562500001,0.669033251332908,0.5,0.5477225575051661
permission_tool_availability,medium,independent_rollout,16,provenance_preserving,6,0.4273,0.24963803396117348,0.7220999999999999,0.0973005858152971,0.7894133072916666,0.0247681681847624,0.6098001562500001,0.669033251332908,0.5,0.5477225575051661
permission_tool_availability,medium,independent_rollout,16,risk_classifier,6,0.4273,0.24963803396117348,0.7220999999999999,0.0973005858152971,-0.2566673697916666,2.4705767897762576,1.6558808333333335,1.8139474472303523,0.5,0.5477225575051661
permission_tool_availability,medium,independent_rollout,16,semantic_dedup,6,0.4273,0.24963803396117348,0.7220999999999999,0.0973005858152971,0.7894133072916666,0.0247681681847624,0.6098001562500001,0.669033251332908,0.5,0.5477225575051661
permission_tool_availability,medium,independent_rollout,16,source_grouping,6,0.4273,0.24963803396117348,0.7220999999999999,0.0973005858152971,0.7894133072916666,0.0247681681847624,0.6098001562500001,0.669033251332908,0.5,0.5477225575051661
permission_tool_availability,medium,independent_rollout,32,bayesian_mixing,6,0.4273,0.24963803396117348,0.7220999999999999,0.0973005858152971,0.7894133072916666,0.0247681681847624,0.6098001562500001,0.669033251332908,0.5,0.5477225575051661
permission_tool_availability,medium,independent_rollout,32,exact_dedup,6,0.4273,0.24963803396117348,0.7220999999999999,0.0973005858152971,0.7894133072916666,0.0247681681847624,0.6098001562500001,0.669033251332908,0.5,0.5477225575051661
permission_tool_availability,medium,independent_rollout,32,flat_rollout,6,0.4273,0.24963803396117348,0.7220999999999999,0.0973005858152971,0.7894133072916666,0.0247681681847624,0.6098001562500001,0.669033251332908,0.5,0.5477225575051661
permission_tool_availability,medium,independent_rollout,32,independent_trajectory,6,0.4273,0.24963803396117348,0.7220999999999999,0.0973005858152971,0.7894133072916666,0.0247681681847624,0.6098001562500001,0.669033251332908,0.5,0.5477225575051661
permission_tool_availability,medium,independent_rollout,32,mean_pooling,6,0.4273,0.24963803396117348,0.7220999999999999,0.0973005858152971,0.7894133072916666,0.0247681681847624,0.6098001562500001,0.669033251332908,0.5,0.5477225575051661
permission_tool_availability,medium,independent_rollout,32,no_imagination,6,0.4273,0.24963803396117348,0.7220999999999999,0.0973005858152971,-0.1945762760416667,0.010914075632336696,1.5937897395833336,0.6534362069076657,0.0,0.0
permission_tool_availability,medium,independent_rollout,32,oracle_provenance,6,0.4273,0.24963803396117348,0.7220999999999999,0.0973005858152971,0.7894133072916666,0.0247681681847624,0.6098001562500001,0.669033251332908,0.5,0.5477225575051661
permission_tool_availability,medium,independent_rollout,32,provenance_preserving,6,0.4273,0.24963803396117348,0.7220999999999999,0.0973005858152971,0.7894133072916666,0.0247681681847624,0.6098001562500001,0.669033251332908,0.5,0.5477225575051661
permission_tool_availability,medium,independent_rollout,32,risk_classifier,6,0.4273,0.24963803396117348,0.7220999999999999,0.0973005858152971,-0.2566673697916666,2.4705767897762576,1.6558808333333335,1.8139474472303523,0.5,0.5477225575051661
permission_tool_availability,medium,independent_rollout,32,semantic_dedup,6,0.4273,0.24963803396117348,0.7220999999999999,0.0973005858152971,0.7894133072916666,0.0247681681847624,0.6098001562500001,0.669033251332908,0.5,0.5477225575051661
permission_tool_availability,medium,independent_rollout,32,source_grouping,6,0.4273,0.24963803396117348,0.7220999999999999,0.0973005858152971,0.7894133072916666,0.0247681681847624,0.6098001562500001,0.669033251332908,0.5,0.5477225575051661
permission_tool_availability,medium,independent_rollout,64,bayesian_mixing,6,0.4273,0.24963803396117348,0.7220999999999999,0.0973005858152971,0.7894133072916666,0.0247681681847624,0.6098001562500001,0.669033251332908,0.5,0.5477225575051661
permission_tool_availability,medium,independent_rollout,64,exact_dedup,6,0.4273,0.24963803396117348,0.7220999999999999,0.0973005858152971,0.7894133072916666,0.0247681681847624,0.6098001562500001,0.669033251332908,0.5,0.5477225575051661
permission_tool_availability,medium,independent_rollout,64,flat_rollout,6,0.4273,0.24963803396117348,0.7220999999999999,0.0973005858152971,0.7894133072916666,0.0247681681847624,0.6098001562500001,0.669033251332908,0.5,0.5477225575051661
permission_tool_availability,medium,independent_rollout,64,independent_trajectory,6,0.4273,0.24963803396117348,0.7220999999999999,0.0973005858152971,0.7894133072916666,0.0247681681847624,0.6098001562500001,0.669033251332908,0.5,0.5477225575051661
permission_tool_availability,medium,independent_rollout,64,mean_pooling,6,0.4273,0.24963803396117348,0.7220999999999999,0.0973005858152971,0.7894133072916666,0.0247681681847624,0.6098001562500001,0.669033251332908,0.5,0.5477225575051661
permission_tool_availability,medium,independent_rollout,64,no_imagination,6,0.4273,0.24963803396117348,0.7220999999999999,0.0973005858152971,-0.1945762760416667,0.010914075632336696,1.5937897395833336,0.6534362069076657,0.0,0.0
permission_tool_availability,medium,independent_rollout,64,oracle_provenance,6,0.4273,0.24963803396117348,0.7220999999999999,0.0973005858152971,0.7894133072916666,0.0247681681847624,0.6098001562500001,0.669033251332908,0.5,0.5477225575051661
permission_tool_availability,medium,independent_rollout,64,provenance_preserving,6,0.4273,0.24963803396117348,0.7220999999999999,0.0973005858152971,0.7894133072916666,0.0247681681847624,0.6098001562500001,0.669033251332908,0.5,0.5477225575051661
permission_tool_availability,medium,independent_rollout,64,risk_classifier,6,0.4273,0.24963803396117348,0.7220999999999999,0.0973005858152971,-0.2566673697916666,2.4705767897762576,1.6558808333333335,1.8139474472303523,0.5,0.5477225575051661
permission_tool_availability,medium,independent_rollout,64,semantic_dedup,6,0.4273,0.24963803396117348,0.7220999999999999,0.0973005858152971,0.7894133072916666,0.0247681681847624,0.6098001562500001,0.669033251332908,0.5,0.5477225575051661
permission_tool_availability,medium,independent_rollout,64,source_grouping,6,0.4273,0.24963803396117348,0.7220999999999999,0.0973005858152971,0.7894133072916666,0.0247681681847624,0.6098001562500001,0.669033251332908,0.5,0.5477225575051661
permission_tool_availability,medium,pure_duplication,1,bayesian_mixing,6,0.4273,0.24963803396117348,0.7220999999999999,0.0973005858152971,0.7894133072916666,0.0247681681847624,0.6098001562500001,0.669033251332908,0.5,0.5477225575051661
permission_tool_availability,medium,pure_duplication,1,exact_dedup,6,0.4273,0.24963803396117348,0.7220999999999999,0.0973005858152971,0.7894133072916666,0.0247681681847624,0.6098001562500001,0.669033251332908,0.5,0.5477225575051661
permission_tool_availability,medium,pure_duplication,1,flat_rollout,6,0.4273,0.24963803396117348,0.7220999999999999,0.0973005858152971,0.7894133072916666,0.0247681681847624,0.6098001562500001,0.669033251332908,0.5,0.5477225575051661
permission_tool_availability,medium,pure_duplication,1,independent_trajectory,6,0.4273,0.24963803396117348,0.7220999999999999,0.0973005858152971,0.7894133072916666,0.0247681681847624,0.6098001562500001,0.669033251332908,0.5,0.5477225575051661
permission_tool_availability,medium,pure_duplication,1,mean_pooling,6,0.4273,0.24963803396117348,0.7220999999999999,0.0973005858152971,0.7894133072916666,0.0247681681847624,0.6098001562500001,0.669033251332908,0.5,0.5477225575051661
permission_tool_availability,medium,pure_duplication,1,no_imagination,6,0.4273,0.24963803396117348,0.7220999999999999,0.0973005858152971,-0.1945762760416667,0.010914075632336696,1.5937897395833336,0.6534362069076657,0.0,0.0
permission_tool_availability,medium,pure_duplication,1,oracle_provenance,6,0.4273,0.24963803396117348,0.7220999999999999,0.0973005858152971,0.7894133072916666,0.0247681681847624,0.6098001562500001,0.669033251332908,0.5,0.5477225575051661
permission_tool_availability,medium,pure_duplication,1,provenance_preserving,6,0.4273,0.24963803396117348,0.7220999999999999,0.0973005858152971,0.7894133072916666,0.0247681681847624,0.6098001562500001,0.669033251332908,0.5,0.5477225575051661
permission_tool_availability,medium,pure_duplication,1,risk_classifier,6,0.4273,0.24963803396117348,0.7220999999999999,0.0973005858152971,-0.2566673697916666,2.4705767897762576,1.6558808333333335,1.8139474472303523,0.5,0.5477225575051661
permission_tool_availability,medium,pure_duplication,1,semantic_dedup,6,0.4273,0.24963803396117348,0.7220999999999999,0.0973005858152971,0.7894133072916666,0.0247681681847624,0.6098001562500001,0.669033251332908,0.5,0.5477225575051661
permission_tool_availability,medium,pure_duplication,1,source_grouping,6,0.4273,0.24963803396117348,0.7220999999999999,0.0973005858152971,0.7894133072916666,0.0247681681847624,0.6098001562500001,0.669033251332908,0.5,0.5477225575051661
permission_tool_availability,medium,pure_duplication,2,bayesian_mixing,6,0.4273,0.24963803396117348,0.7220999999999999,0.0973005858152971,0.7894133072916666,0.0247681681847624,0.6098001562500001,0.669033251332908,0.5,0.5477225575051661
permission_tool_availability,medium,pure_duplication,2,exact_dedup,6,0.4273,0.24963803396117348,0.7220999999999999,0.0973005858152971,0.7894133072916666,0.0247681681847624,0.6098001562500001,0.669033251332908,0.5,0.5477225575051661
permission_tool_availability,medium,pure_duplication,2,flat_rollout,6,0.5063658470982836,0.2539407107444586,0.7273297437920277,0.05019898892882709,-0.311860546875,1.6917428074947163,1.7110740104166666,1.3215894588788546,0.16666666666666666,0.408248290463863
permission_tool_availability,medium,pure_duplication,2,independent_trajectory,6,0.4273,0.24963803396117348,0.7220999999999999,0.0973005858152971,0.7894133072916666,0.0247681681847624,0.6098001562500001,0.669033251332908,0.5,0.5477225575051661
permission_tool_availability,medium,pure_duplication,2,mean_pooling,6,0.4273,0.24963803396117348,0.7220999999999999,0.0973005858152971,0.7894133072916666,0.0247681681847624,0.6098001562500001,0.669033251332908,0.5,0.5477225575051661
permission_tool_availability,medium,pure_duplication,2,no_imagination,6,0.4273,0.24963803396117348,0.7220999999999999,0.0973005858152971,-0.1945762760416667,0.010914075632336696,1.5937897395833336,0.6534362069076657,0.0,0.0
permission_tool_availability,medium,pure_duplication,2,oracle_provenance,6,0.4273,0.24963803396117348,0.7220999999999999,0.0973005858152971,0.7894133072916666,0.0247681681847624,0.6098001562500001,0.669033251332908,0.5,0.5477225575051661
permission_tool_availability,medium,pure_duplication,2,provenance_preserving,6,0.4273,0.24963803396117348,0.7220999999999999,0.0973005858152971,0.7894133072916666,0.0247681681847624,0.6098001562500001,0.669033251332908,0.5,0.5477225575051661
permission_tool_availability,medium,pure_duplication,2,risk_classifier,6,0.4273,0.24963803396117348,0.7220999999999999,0.0973005858152971,-0.2566673697916666,2.4705767897762576,1.6558808333333335,1.8139474472303523,0.5,0.5477225575051661
permission_tool_availability,medium,pure_duplication,2,semantic_dedup,6,0.4273,0.24963803396117348,0.7220999999999999,0.0973005858152971,0.7894133072916666,0.0247681681847624,0.6098001562500001,0.669033251332908,0.5,0.5477225575051661
permission_tool_availability,medium,pure_duplication,2,source_grouping,6,0.4273,0.24963803396117348,0.7220999999999999,0.0973005858152971,0.7894133072916666,0.0247681681847624,0.6098001562500001,0.669033251332908,0.5,0.5477225575051661
permission_tool_availability,medium,pure_duplication,4,bayesian_mixing,6,0.4273,0.24963803396117348,0.7220999999999999,0.0973005858152971,0.7894133072916666,0.0247681681847624,0.6098001562500001,0.669033251332908,0.5,0.5477225575051661
permission_tool_availability,medium,pure_duplication,4,exact_dedup,6,0.4273,0.24963803396117348,0.7220999999999999,0.0973005858152971,0.7894133072916666,0.0247681681847624,0.6098001562500001,0.669033251332908,0.5,0.5477225575051661
permission_tool_availability,medium,pure_duplication,4,flat_rollout,6,0.6623166433328173,0.2188063234703742,0.6972175816382884,0.18115879505371996,-0.8664675260416667,1.802580061894626,2.265680989583333,1.146558107793618,0.0,0.0
permission_tool_availability,medium,pure_duplication,4,independent_trajectory,6,0.4273,0.24963803396117348,0.7220999999999999,0.0973005858152971,0.7894133072916666,0.0247681681847624,0.6098001562500001,0.669033251332908,0.5,0.5477225575051661
permission_tool_availability,medium,pure_duplication,4,mean_pooling,6,0.4273,0.24963803396117348,0.7220999999999999,0.0973005858152971,0.7894133072916666,0.0247681681847624,0.6098001562500001,0.669033251332908,0.5,0.5477225575051661
permission_tool_availability,medium,pure_duplication,4,no_imagination,6,0.4273,0.24963803396117348,0.7220999999999999,0.0973005858152971,-0.1945762760416667,0.010914075632336696,1.5937897395833336,0.6534362069076657,0.0,0.0
permission_tool_availability,medium,pure_duplication,4,oracle_provenance,6,0.4273,0.24963803396117348,0.7220999999999999,0.0973005858152971,0.7894133072916666,0.0247681681847624,0.6098001562500001,0.669033251332908,0.5,0.5477225575051661
permission_tool_availability,medium,pure_duplication,4,provenance_preserving,6,0.4273,0.24963803396117348,0.7220999999999999,0.0973005858152971,0.7894133072916666,0.0247681681847624,0.6098001562500001,0.669033251332908,0.5,0.5477225575051661
permission_tool_availability,medium,pure_duplication,4,risk_classifier,6,0.4273,0.24963803396117348,0.7220999999999999,0.0973005858152971,-0.2566673697916666,2.4705767897762576,1.6558808333333335,1.8139474472303523,0.5,0.5477225575051661
permission_tool_availability,medium,pure_duplication,4,semantic_dedup,6,0.4273,0.24963803396117348,0.7220999999999999,0.0973005858152971,0.7894133072916666,0.0247681681847624,0.6098001562500001,0.669033251332908,0.5,0.5477225575051661
permission_tool_availability,medium,pure_duplication,4,source_grouping,6,0.4273,0.24963803396117348,0.7220999999999999,0.0973005858152971,0.7894133072916666,0.0247681681847624,0.6098001562500001,0.669033251332908,0.5,0.5477225575051661
permission_tool_availability,medium,pure_duplication,8,bayesian_mixing,6,0.4273,0.24963803396117348,0.7220999999999999,0.0973005858152971,0.7894133072916666,0.0247681681847624,0.6098001562500001,0.669033251332908,0.5,0.5477225575051661
permission_tool_availability,medium,pure_duplication,8,exact_dedup,6,0.4273,0.24963803396117348,0.7220999999999999,0.0973005858152971,0.7894133072916666,0.0247681681847624,0.6098001562500001,0.669033251332908,0.5,0.5477225575051661
permission_tool_availability,medium,pure_duplication,8,flat_rollout,6,0.8914194295974563,0.08528565837237138,0.576958711389894,0.42897258123700055,-0.2566673697916666,2.4705767897762576,1.6558808333333335,1.8139474472303523,0.5,0.5477225575051661
permission_tool_availability,medium,pure_duplication,8,independent_trajectory,6,0.4273,0.24963803396117348,0.7220999999999999,0.0973005858152971,0.7894133072916666,0.0247681681847624,0.6098001562500001,0.669033251332908,0.5,0.5477225575051661
permission_tool_availability,medium,pure_duplication,8,mean_pooling,6,0.4273,0.24963803396117348,0.7220999999999999,0.0973005858152971,0.7894133072916666,0.0247681681847624,0.6098001562500001,0.669033251332908,0.5,0.5477225575051661
permission_tool_availability,medium,pure_duplication,8,no_imagination,6,0.4273,0.24963803396117348,0.7220999999999999,0.0973005858152971,-0.1945762760416667,0.010914075632336696,1.5937897395833336,0.6534362069076657,0.0,0.0
permission_tool_availability,medium,pure_duplication,8,oracle_provenance,6,0.4273,0.24963803396117348,0.7220999999999999,0.0973005858152971,0.7894133072916666,0.0247681681847624,0.6098001562500001,0.669033251332908,0.5,0.5477225575051661
permission_tool_availability,medium,pure_duplication,8,provenance_preserving,6,0.4273,0.24963803396117348,0.7220999999999999,0.0973005858152971,0.7894133072916666,0.0247681681847624,0.6098001562500001,0.669033251332908,0.5,0.5477225575051661
permission_tool_availability,medium,pure_duplication,8,risk_classifier,6,0.4273,0.24963803396117348,0.7220999999999999,0.0973005858152971,-0.2566673697916666,2.4705767897762576,1.6558808333333335,1.8139474472303523,0.5,0.5477225575051661
permission_tool_availability,medium,pure_duplication,8,semantic_dedup,6,0.4273,0.24963803396117348,0.7220999999999999,0.0973005858152971,0.7894133072916666,0.0247681681847624,0.6098001562500001,0.669033251332908,0.5,0.5477225575051661
permission_tool_availability,medium,pure_duplication,8,source_grouping,6,0.4273,0.24963803396117348,0.7220999999999999,0.0973005858152971,0.7894133072916666,0.0247681681847624,0.6098001562500001,0.669033251332908,0.5,0.5477225575051661
permission_tool_availability,medium,pure_duplication,16,bayesian_mixing,6,0.4273,0.24963803396117348,0.7220999999999999,0.0973005858152971,0.7894133072916666,0.0247681681847624,0.6098001562500001,0.669033251332908,0.5,0.5477225575051661
permission_tool_availability,medium,pure_duplication,16,exact_dedup,6,0.4273,0.24963803396117348,0.7220999999999999,0.0973005858152971,0.7894133072916666,0.0247681681847624,0.6098001562500001,0.669033251332908,0.5,0.5477225575051661
permission_tool_availability,medium,pure_duplication,16,flat_rollout,6,0.994950556145391,0.004187602148202912,0.5037728045395045,0.5421915886300689,-0.2566673697916666,2.4705767897762576,1.6558808333333335,1.8139474472303523,0.5,0.5477225575051661
permission_tool_availability,medium,pure_duplication,16,independent_trajectory,6,0.4273,0.24963803396117348,0.7220999999999999,0.0973005858152971,0.7894133072916666,0.0247681681847624,0.6098001562500001,0.669033251332908,0.5,0.5477225575051661
permission_tool_availability,medium,pure_duplication,16,mean_pooling,6,0.4273,0.24963803396117348,0.7220999999999999,0.0973005858152971,0.7894133072916666,0.0247681681847624,0.6098001562500001,0.669033251332908,0.5,0.5477225575051661
permission_tool_availability,medium,pure_duplication,16,no_imagination,6,0.4273,0.24963803396117348,0.7220999999999999,0.0973005858152971,-0.1945762760416667,0.010914075632336696,1.5937897395833336,0.6534362069076657,0.0,0.0
permission_tool_availability,medium,pure_duplication,16,oracle_provenance,6,0.4273,0.24963803396117348,0.7220999999999999,0.0973005858152971,0.7894133072916666,0.0247681681847624,0.6098001562500001,0.669033251332908,0.5,0.5477225575051661
permission_tool_availability,medium,pure_duplication,16,provenance_preserving,6,0.4273,0.24963803396117348,0.7220999999999999,0.0973005858152971,0.7894133072916666,0.0247681681847624,0.6098001562500001,0.669033251332908,0.5,0.5477225575051661
permission_tool_availability,medium,pure_duplication,16,risk_classifier,6,0.4273,0.24963803396117348,0.7220999999999999,0.0973005858152971,-0.2566673697916666,2.4705767897762576,1.6558808333333335,1.8139474472303523,0.5,0.5477225575051661
permission_tool_availability,medium,pure_duplication,16,semantic_dedup,6,0.4273,0.24963803396117348,0.7220999999999999,0.0973005858152971,0.7894133072916666,0.0247681681847624,0.6098001562500001,0.669033251332908,0.5,0.5477225575051661
permission_tool_availability,medium,pure_duplication,16,source_grouping,6,0.4273,0.24963803396117348,0.7220999999999999,0.0973005858152971,0.7894133072916666,0.0247681681847624,0.6098001562500001,0.669033251332908,0.5,0.5477225575051661
permission_tool_availability,medium,pure_duplication,32,bayesian_mixing,6,0.4273,0.24963803396117348,0.7220999999999999,0.0973005858152971,0.7894133072916666,0.0247681681847624,0.6098001562500001,0.669033251332908,0.5,0.5477225575051661
permission_tool_availability,medium,pure_duplication,32,exact_dedup,6,0.4273,0.24963803396117348,0.7220999999999999,0.0973005858152971,0.7894133072916666,0.0247681681847624,0.6098001562500001,0.669033251332908,0.5,0.5477225575051661
permission_tool_availability,medium,pure_duplication,32,flat_rollout,6,0.999992251018524,6.4412391017276705e-06,0.5000058026293985,0.5477140689222522,-0.2566673697916666,2.4705767897762576,1.6558808333333335,1.8139474472303523,0.5,0.5477225575051661
permission_tool_availability,medium,pure_duplication,32,independent_trajectory,6,0.4273,0.24963803396117348,0.7220999999999999,0.0973005858152971,0.7894133072916666,0.0247681681847624,0.6098001562500001,0.669033251332908,0.5,0.5477225575051661
permission_tool_availability,medium,pure_duplication,32,mean_pooling,6,0.4273,0.24963803396117348,0.7220999999999999,0.0973005858152971,0.7894133072916666,0.0247681681847624,0.6098001562500001,0.669033251332908,0.5,0.5477225575051661
permission_tool_availability,medium,pure_duplication,32,no_imagination,6,0.4273,0.24963803396117348,0.7220999999999999,0.0973005858152971,-0.1945762760416667,0.010914075632336696,1.5937897395833336,0.6534362069076657,0.0,0.0
permission_tool_availability,medium,pure_duplication,32,oracle_provenance,6,0.4273,0.24963803396117348,0.7220999999999999,0.0973005858152971,0.7894133072916666,0.0247681681847624,0.6098001562500001,0.669033251332908,0.5,0.5477225575051661
permission_tool_availability,medium,pure_duplication,32,provenance_preserving,6,0.4273,0.24963803396117348,0.7220999999999999,0.0973005858152971,0.7894133072916666,0.0247681681847624,0.6098001562500001,0.669033251332908,0.5,0.5477225575051661
permission_tool_availability,medium,pure_duplication,32,risk_classifier,6,0.4273,0.24963803396117348,0.7220999999999999,0.0973005858152971,-0.2566673697916666,2.4705767897762576,1.6558808333333335,1.8139474472303523,0.5,0.5477225575051661
permission_tool_availability,medium,pure_duplication,32,semantic_dedup,6,0.4273,0.24963803396117348,0.7220999999999999,0.0973005858152971,0.7894133072916666,0.0247681681847624,0.6098001562500001,0.669033251332908,0.5,0.5477225575051661
permission_tool_availability,medium,pure_duplication,32,source_grouping,6,0.4273,0.24963803396117348,0.7220999999999999,0.0973005858152971,0.7894133072916666,0.0247681681847624,0.6098001562500001,0.669033251332908,0.5,0.5477225575051661
permission_tool_availability,medium,pure_duplication,64,bayesian_mixing,6,0.4273,0.24963803396117348,0.7220999999999999,0.0973005858152971,0.7894133072916666,0.0247681681847624,0.6098001562500001,0.669033251332908,0.5,0.5477225575051661
permission_tool_availability,medium,pure_duplication,64,exact_dedup,6,0.4273,0.24963803396117348,0.7220999999999999,0.0973005858152971,0.7894133072916666,0.0247681681847624,0.6098001562500001,0.669033251332908,0.5,0.5477225575051661
permission_tool_availability,medium,pure_duplication,64,flat_rollout,6,0.9999999999820389,1.492988982761068e-11,0.5000000000134497,0.5477225574854908,-0.2566673697916666,2.4705767897762576,1.6558808333333335,1.8139474472303523,0.5,0.5477225575051661
permission_tool_availability,medium,pure_duplication,64,independent_trajectory,6,0.4273,0.24963803396117348,0.7220999999999999,0.0973005858152971,0.7894133072916666,0.0247681681847624,0.6098001562500001,0.669033251332908,0.5,0.5477225575051661
permission_tool_availability,medium,pure_duplication,64,mean_pooling,6,0.4273,0.24963803396117348,0.7220999999999999,0.0973005858152971,0.7894133072916666,0.0247681681847624,0.6098001562500001,0.669033251332908,0.5,0.5477225575051661
permission_tool_availability,medium,pure_duplication,64,no_imagination,6,0.4273,0.24963803396117348,0.7220999999999999,0.0973005858152971,-0.1945762760416667,0.010914075632336696,1.5937897395833336,0.6534362069076657,0.0,0.0
permission_tool_availability,medium,pure_duplication,64,oracle_provenance,6,0.4273,0.24963803396117348,0.7220999999999999,0.0973005858152971,0.7894133072916666,0.0247681681847624,0.6098001562500001,0.669033251332908,0.5,0.5477225575051661
permission_tool_availability,medium,pure_duplication,64,provenance_preserving,6,0.4273,0.24963803396117348,0.7220999999999999,0.0973005858152971,0.7894133072916666,0.0247681681847624,0.6098001562500001,0.669033251332908,0.5,0.5477225575051661
permission_tool_availability,medium,pure_duplication,64,risk_classifier,6,0.4273,0.24963803396117348,0.7220999999999999,0.0973005858152971,-0.2566673697916666,2.4705767897762576,1.6558808333333335,1.8139474472303523,0.5,0.5477225575051661
permission_tool_availability,medium,pure_duplication,64,semantic_dedup,6,0.4273,0.24963803396117348,0.7220999999999999,0.0973005858152971,0.7894133072916666,0.0247681681847624,0.6098001562500001,0.669033251332908,0.5,0.5477225575051661
permission_tool_availability,medium,pure_duplication,64,source_grouping,6,0.4273,0.24963803396117348,0.7220999999999999,0.0973005858152971,0.7894133072916666,0.0247681681847624,0.6098001562500001,0.669033251332908,0.5,0.5477225575051661
planning_failure,easy,independent_rollout,1,bayesian_mixing,10,0.45309,0.21193299491427314,0.5059699999999999,0.21753401292160673,0.03896529687500001,0.9900645080399727,0.8606500468749999,0.7800288943785092,0.3,0.4830458915396479
planning_failure,easy,independent_rollout,1,exact_dedup,10,0.45309,0.21193299491427314,0.5059699999999999,0.21753401292160673,0.03896529687500001,0.9900645080399727,0.8606500468749999,0.7800288943785092,0.3,0.4830458915396479
planning_failure,easy,independent_rollout,1,flat_rollout,10,0.45309,0.21193299491427317,0.5059699999999999,0.21753401292160673,0.03896529687500001,0.9900645080399727,0.8606500468749999,0.7800288943785092,0.3,0.4830458915396479
planning_failure,easy,independent_rollout,1,independent_trajectory,10,0.45309,0.21193299491427314,0.5059699999999999,0.21753401292160673,0.28652128125000004,0.9331273389993011,0.6130940625000001,0.12179699226668776,0.0,0.0
planning_failure,easy,independent_rollout,1,mean_pooling,10,0.45309,0.21193299491427314,0.5059699999999999,0.21753401292160673,0.28652128125000004,0.9331273389993011,0.6130940625000001,0.12179699226668776,0.0,0.0
planning_failure,easy,independent_rollout,1,no_imagination,10,0.45309,0.21193299491427314,0.5059699999999999,0.21753401292160673,-0.152253765625,0.008465289949383751,1.051869109375,0.905392369339883,0.4,0.5163977794943222
planning_failure,easy,independent_rollout,1,oracle_provenance,10,0.45309,0.21193299491427314,0.5059699999999999,0.21753401292160673,0.03896529687500001,0.9900645080399727,0.8606500468749999,0.7800288943785092,0.3,0.4830458915396479
planning_failure,easy,independent_rollout,1,provenance_preserving,10,0.45309,0.21193299491427314,0.5059699999999999,0.21753401292160673,0.03896529687500001,0.9900645080399727,0.8606500468749999,0.7800288943785092,0.3,0.4830458915396479
planning_failure,easy,independent_rollout,1,risk_classifier,10,0.45309,0.21193299491427314,0.5059699999999999,0.21753401292160673,0.2379884375000001,1.7559732753944604,0.66162690625,0.8542286190245401,0.6,0.5163977794943222
planning_failure,easy,independent_rollout,1,semantic_dedup,10,0.45309,0.21193299491427314,0.5059699999999999,0.21753401292160673,0.03896529687500001,0.9900645080399727,0.8606500468749999,0.7800288943785092,0.3,0.4830458915396479
planning_failure,easy,independent_rollout,1,source_grouping,10,0.45309,0.21193299491427314,0.5059699999999999,0.21753401292160673,0.03896529687500001,0.9900645080399727,0.8606500468749999,0.7800288943785092,0.3,0.4830458915396479
planning_failure,easy,independent_rollout,2,bayesian_mixing,10,0.45309,0.21193299491427314,0.5059699999999999,0.21753401292160673,0.03896529687500001,0.9900645080399727,0.8606500468749999,0.7800288943785092,0.3,0.4830458915396479
planning_failure,easy,independent_rollout,2,exact_dedup,10,0.45309,0.21193299491427314,0.5059699999999999,0.21753401292160673,0.03896529687500001,0.9900645080399727,0.8606500468749999,0.7800288943785092,0.3,0.4830458915396479
planning_failure,easy,independent_rollout,2,flat_rollout,10,0.45309,0.21193299491427317,0.5059699999999999,0.21753401292160673,0.03896529687500001,0.9900645080399727,0.8606500468749999,0.7800288943785092,0.3,0.4830458915396479
planning_failure,easy,independent_rollout,2,independent_trajectory,10,0.45309,0.21193299491427314,0.5059699999999999,0.21753401292160673,0.22522026562499997,0.8735032448891281,0.6743950781250001,0.030785814030227343,0.0,0.0
planning_failure,easy,independent_rollout,2,mean_pooling,10,0.45309,0.21193299491427314,0.5059699999999999,0.21753401292160673,0.22522026562499997,0.8735032448891281,0.6743950781250001,0.030785814030227343,0.0,0.0
planning_failure,easy,independent_rollout,2,no_imagination,10,0.45309,0.21193299491427314,0.5059699999999999,0.21753401292160673,-0.152253765625,0.008465289949383751,1.051869109375,0.905392369339883,0.4,0.5163977794943222
planning_failure,easy,independent_rollout,2,oracle_provenance,10,0.45309,0.21193299491427314,0.5059699999999999,0.21753401292160673,0.03896529687500001,0.9900645080399727,0.8606500468749999,0.7800288943785092,0.3,0.4830458915396479
planning_failure,easy,independent_rollout,2,provenance_preserving,10,0.45309,0.21193299491427314,0.5059699999999999,0.21753401292160673,0.03896529687500001,0.9900645080399727,0.8606500468749999,0.7800288943785092,0.3,0.4830458915396479
planning_failure,easy,independent_rollout,2,risk_classifier,10,0.45309,0.21193299491427314,0.5059699999999999,0.21753401292160673,0.2379884375000001,1.7559732753944604,0.66162690625,0.8542286190245401,0.6,0.5163977794943222
planning_failure,easy,independent_rollout,2,semantic_dedup,10,0.45309,0.21193299491427314,0.5059699999999999,0.21753401292160673,0.03896529687500001,0.9900645080399727,0.8606500468749999,0.7800288943785092,0.3,0.4830458915396479
planning_failure,easy,independent_rollout,2,source_grouping,10,0.45309,0.21193299491427314,0.5059699999999999,0.21753401292160673,0.03896529687500001,0.9900645080399727,0.8606500468749999,0.7800288943785092,0.3,0.4830458915396479
planning_failure,easy,independent_rollout,4,bayesian_mixing,10,0.45309,0.21193299491427314,0.5059699999999999,0.21753401292160673,0.03896529687500001,0.9900645080399727,0.8606500468749999,0.7800288943785092,0.3,0.4830458915396479
planning_failure,easy,independent_rollout,4,exact_dedup,10,0.45309,0.21193299491427314,0.5059699999999999,0.21753401292160673,0.03896529687500001,0.9900645080399727,0.8606500468749999,0.7800288943785092,0.3,0.4830458915396479
planning_failure,easy,independent_rollout,4,flat_rollout,10,0.45309,0.21193299491427317,0.5059699999999999,0.21753401292160673,0.03896529687500001,0.9900645080399727,0.8606500468749999,0.7800288943785092,0.3,0.4830458915396479
planning_failure,easy,independent_rollout,4,independent_trajectory,10,0.45309,0.21193299491427314,0.5059699999999999,0.21753401292160673,0.22522026562499997,0.8735032448891281,0.6743950781250001,0.030785814030227343,0.0,0.0
planning_failure,easy,independent_rollout,4,mean_pooling,10,0.45309,0.21193299491427314,0.5059699999999999,0.21753401292160673,0.22522026562499997,0.8735032448891281,0.6743950781250001,0.030785814030227343,0.0,0.0
planning_failure,easy,independent_rollout,4,no_imagination,10,0.45309,0.21193299491427314,0.5059699999999999,0.21753401292160673,-0.152253765625,0.008465289949383751,1.051869109375,0.905392369339883,0.4,0.5163977794943222
planning_failure,easy,independent_rollout,4,oracle_provenance,10,0.45309,0.21193299491427314,0.5059699999999999,0.21753401292160673,0.03896529687500001,0.9900645080399727,0.8606500468749999,0.7800288943785092,0.3,0.4830458915396479
planning_failure,easy,independent_rollout,4,provenance_preserving,10,0.45309,0.21193299491427314,0.5059699999999999,0.21753401292160673,0.03896529687500001,0.9900645080399727,0.8606500468749999,0.7800288943785092,0.3,0.4830458915396479
planning_failure,easy,independent_rollout,4,risk_classifier,10,0.45309,0.21193299491427314,0.5059699999999999,0.21753401292160673,0.2379884375000001,1.7559732753944604,0.66162690625,0.8542286190245401,0.6,0.5163977794943222
planning_failure,easy,independent_rollout,4,semantic_dedup,10,0.45309,0.21193299491427314,0.5059699999999999,0.21753401292160673,0.03896529687500001,0.9900645080399727,0.8606500468749999,0.7800288943785092,0.3,0.4830458915396479
planning_failure,easy,independent_rollout,4,source_grouping,10,0.45309,0.21193299491427314,0.5059699999999999,0.21753401292160673,0.03896529687500001,0.9900645080399727,0.8606500468749999,0.7800288943785092,0.3,0.4830458915396479
planning_failure,easy,independent_rollout,8,bayesian_mixing,10,0.45309,0.21193299491427314,0.5059699999999999,0.21753401292160673,0.03896529687500001,0.9900645080399727,0.8606500468749999,0.7800288943785092,0.3,0.4830458915396479
planning_failure,easy,independent_rollout,8,exact_dedup,10,0.45309,0.21193299491427314,0.5059699999999999,0.21753401292160673,0.03896529687500001,0.9900645080399727,0.8606500468749999,0.7800288943785092,0.3,0.4830458915396479
planning_failure,easy,independent_rollout,8,flat_rollout,10,0.45309,0.21193299491427317,0.5059699999999999,0.21753401292160673,0.03896529687500001,0.9900645080399727,0.8606500468749999,0.7800288943785092,0.3,0.4830458915396479
planning_failure,easy,independent_rollout,8,independent_trajectory,10,0.45309,0.21193299491427314,0.5059699999999999,0.21753401292160673,0.22522026562499997,0.8735032448891281,0.6743950781250001,0.030785814030227343,0.0,0.0
planning_failure,easy,independent_rollout,8,mean_pooling,10,0.45309,0.21193299491427314,0.5059699999999999,0.21753401292160673,0.22522026562499997,0.8735032448891281,0.6743950781250001,0.030785814030227343,0.0,0.0
planning_failure,easy,independent_rollout,8,no_imagination,10,0.45309,0.21193299491427314,0.5059699999999999,0.21753401292160673,-0.152253765625,0.008465289949383751,1.051869109375,0.905392369339883,0.4,0.5163977794943222
planning_failure,easy,independent_rollout,8,oracle_provenance,10,0.45309,0.21193299491427314,0.5059699999999999,0.21753401292160673,0.03896529687500001,0.9900645080399727,0.8606500468749999,0.7800288943785092,0.3,0.4830458915396479
planning_failure,easy,independent_rollout,8,provenance_preserving,10,0.45309,0.21193299491427314,0.5059699999999999,0.21753401292160673,0.03896529687500001,0.9900645080399727,0.8606500468749999,0.7800288943785092,0.3,0.4830458915396479
planning_failure,easy,independent_rollout,8,risk_classifier,10,0.45309,0.21193299491427314,0.5059699999999999,0.21753401292160673,0.2379884375000001,1.7559732753944604,0.66162690625,0.8542286190245401,0.6,0.5163977794943222
planning_failure,easy,independent_rollout,8,semantic_dedup,10,0.45309,0.21193299491427314,0.5059699999999999,0.21753401292160673,0.03896529687500001,0.9900645080399727,0.8606500468749999,0.7800288943785092,0.3,0.4830458915396479
planning_failure,easy,independent_rollout,8,source_grouping,10,0.45309,0.21193299491427314,0.5059699999999999,0.21753401292160673,0.03896529687500001,0.9900645080399727,0.8606500468749999,0.7800288943785092,0.3,0.4830458915396479
planning_failure,easy,independent_rollout,16,bayesian_mixing,10,0.45309,0.21193299491427314,0.5059699999999999,0.21753401292160673,0.07443784375000004,0.9170469673379176,0.8251775,0.814955631924618,0.4,0.5163977794943223
planning_failure,easy,independent_rollout,16,exact_dedup,10,0.45309,0.21193299491427314,0.5059699999999999,0.21753401292160673,0.07443784375000004,0.9170469673379176,0.8251775,0.814955631924618,0.4,0.5163977794943223
planning_failure,easy,independent_rollout,16,flat_rollout,10,0.45309,0.21193299491427317,0.5059699999999999,0.21753401292160673,0.07443784375000004,0.9170469673379176,0.8251775,0.814955631924618,0.4,0.5163977794943223
planning_failure,easy,independent_rollout,16,independent_trajectory,10,0.45309,0.21193299491427314,0.5059699999999999,0.21753401292160673,0.22522026562499997,0.8735032448891281,0.6743950781250001,0.030785814030227343,0.0,0.0
planning_failure,easy,independent_rollout,16,mean_pooling,10,0.45309,0.21193299491427314,0.5059699999999999,0.21753401292160673,0.22522026562499997,0.8735032448891281,0.6743950781250001,0.030785814030227343,0.0,0.0
planning_failure,easy,independent_rollout,16,no_imagination,10,0.45309,0.21193299491427314,0.5059699999999999,0.21753401292160673,-0.152253765625,0.008465289949383751,1.051869109375,0.905392369339883,0.4,0.5163977794943222
planning_failure,easy,independent_rollout,16,oracle_provenance,10,0.45309,0.21193299491427314,0.5059699999999999,0.21753401292160673,0.07443784375000004,0.9170469673379176,0.8251775,0.814955631924618,0.4,0.5163977794943223
planning_failure,easy,independent_rollout,16,provenance_preserving,10,0.45309,0.21193299491427314,0.5059699999999999,0.21753401292160673,0.07443784375000004,0.9170469673379176,0.8251775,0.814955631924618,0.4,0.5163977794943223
planning_failure,easy,independent_rollout,16,risk_classifier,10,0.45309,0.21193299491427314,0.5059699999999999,0.21753401292160673,0.2379884375000001,1.7559732753944604,0.66162690625,0.8542286190245401,0.6,0.5163977794943222
planning_failure,easy,independent_rollout,16,semantic_dedup,10,0.45309,0.21193299491427314,0.5059699999999999,0.21753401292160673,0.07443784375000004,0.9170469673379176,0.8251775,0.814955631924618,0.4,0.5163977794943223
planning_failure,easy,independent_rollout,16,source_grouping,10,0.45309,0.21193299491427314,0.5059699999999999,0.21753401292160673,0.07443784375000004,0.9170469673379176,0.8251775,0.814955631924618,0.4,0.5163977794943223
planning_failure,easy,independent_rollout,32,bayesian_mixing,10,0.45309,0.21193299491427314,0.5059699999999999,0.21753401292160673,0.03896529687500001,0.9900645080399727,0.8606500468749999,0.7800288943785092,0.3,0.4830458915396479
planning_failure,easy,independent_rollout,32,exact_dedup,10,0.45309,0.21193299491427314,0.5059699999999999,0.21753401292160673,0.03896529687500001,0.9900645080399727,0.8606500468749999,0.7800288943785092,0.3,0.4830458915396479
planning_failure,easy,independent_rollout,32,flat_rollout,10,0.45309,0.21193299491427317,0.5059699999999999,0.21753401292160673,0.03896529687500001,0.9900645080399727,0.8606500468749999,0.7800288943785092,0.3,0.4830458915396479
planning_failure,easy,independent_rollout,32,independent_trajectory,10,0.45309,0.21193299491427314,0.5059699999999999,0.21753401292160673,0.22522026562499997,0.8735032448891281,0.6743950781250001,0.030785814030227343,0.0,0.0
planning_failure,easy,independent_rollout,32,mean_pooling,10,0.45309,0.21193299491427314,0.5059699999999999,0.21753401292160673,0.22522026562499997,0.8735032448891281,0.6743950781250001,0.030785814030227343,0.0,0.0
planning_failure,easy,independent_rollout,32,no_imagination,10,0.45309,0.21193299491427314,0.5059699999999999,0.21753401292160673,-0.152253765625,0.008465289949383751,1.051869109375,0.905392369339883,0.4,0.5163977794943222
planning_failure,easy,independent_rollout,32,oracle_provenance,10,0.45309,0.21193299491427314,0.5059699999999999,0.21753401292160673,0.03896529687500001,0.9900645080399727,0.8606500468749999,0.7800288943785092,0.3,0.4830458915396479
planning_failure,easy,independent_rollout,32,provenance_preserving,10,0.45309,0.21193299491427314,0.5059699999999999,0.21753401292160673,0.03896529687500001,0.9900645080399727,0.8606500468749999,0.7800288943785092,0.3,0.4830458915396479
planning_failure,easy,independent_rollout,32,risk_classifier,10,0.45309,0.21193299491427314,0.5059699999999999,0.21753401292160673,0.2379884375000001,1.7559732753944604,0.66162690625,0.8542286190245401,0.6,0.5163977794943222
planning_failure,easy,independent_rollout,32,semantic_dedup,10,0.45309,0.21193299491427314,0.5059699999999999,0.21753401292160673,0.03896529687500001,0.9900645080399727,0.8606500468749999,0.7800288943785092,0.3,0.4830458915396479
planning_failure,easy,independent_rollout,32,source_grouping,10,0.45309,0.21193299491427314,0.5059699999999999,0.21753401292160673,0.03896529687500001,0.9900645080399727,0.8606500468749999,0.7800288943785092,0.3,0.4830458915396479
planning_failure,easy,independent_rollout,64,bayesian_mixing,10,0.45309,0.21193299491427314,0.5059699999999999,0.21753401292160673,0.03896529687500001,0.9900645080399727,0.8606500468749999,0.7800288943785092,0.3,0.4830458915396479
planning_failure,easy,independent_rollout,64,exact_dedup,10,0.45309,0.21193299491427314,0.5059699999999999,0.21753401292160673,0.03896529687500001,0.9900645080399727,0.8606500468749999,0.7800288943785092,0.3,0.4830458915396479
planning_failure,easy,independent_rollout,64,flat_rollout,10,0.45309,0.21193299491427317,0.5059699999999999,0.21753401292160673,0.03896529687500001,0.9900645080399727,0.8606500468749999,0.7800288943785092,0.3,0.4830458915396479
planning_failure,easy,independent_rollout,64,independent_trajectory,10,0.45309,0.21193299491427314,0.5059699999999999,0.21753401292160673,0.22522026562499997,0.8735032448891281,0.6743950781250001,0.030785814030227343,0.0,0.0
planning_failure,easy,independent_rollout,64,mean_pooling,10,0.45309,0.21193299491427314,0.5059699999999999,0.21753401292160673,0.22522026562499997,0.8735032448891281,0.6743950781250001,0.030785814030227343,0.0,0.0
planning_failure,easy,independent_rollout,64,no_imagination,10,0.45309,0.21193299491427314,0.5059699999999999,0.21753401292160673,-0.152253765625,0.008465289949383751,1.051869109375,0.905392369339883,0.4,0.5163977794943222
planning_failure,easy,independent_rollout,64,oracle_provenance,10,0.45309,0.21193299491427314,0.5059699999999999,0.21753401292160673,0.03896529687500001,0.9900645080399727,0.8606500468749999,0.7800288943785092,0.3,0.4830458915396479
planning_failure,easy,independent_rollout,64,provenance_preserving,10,0.45309,0.21193299491427314,0.5059699999999999,0.21753401292160673,0.03896529687500001,0.9900645080399727,0.8606500468749999,0.7800288943785092,0.3,0.4830458915396479
planning_failure,easy,independent_rollout,64,risk_classifier,10,0.45309,0.21193299491427314,0.5059699999999999,0.21753401292160673,0.2379884375000001,1.7559732753944604,0.66162690625,0.8542286190245401,0.6,0.5163977794943222
planning_failure,easy,independent_rollout,64,semantic_dedup,10,0.45309,0.21193299491427314,0.5059699999999999,0.21753401292160673,0.03896529687500001,0.9900645080399727,0.8606500468749999,0.7800288943785092,0.3,0.4830458915396479
planning_failure,easy,independent_rollout,64,source_grouping,10,0.45309,0.21193299491427314,0.5059699999999999,0.21753401292160673,0.03896529687500001,0.9900645080399727,0.8606500468749999,0.7800288943785092,0.3,0.4830458915396479
planning_failure,easy,pure_duplication,1,bayesian_mixing,10,0.45309,0.21193299491427314,0.5059699999999999,0.21753401292160673,0.03896529687500001,0.9900645080399727,0.8606500468749999,0.7800288943785092,0.3,0.4830458915396479
planning_failure,easy,pure_duplication,1,exact_dedup,10,0.45309,0.21193299491427314,0.5059699999999999,0.21753401292160673,0.03896529687500001,0.9900645080399727,0.8606500468749999,0.7800288943785092,0.3,0.4830458915396479
planning_failure,easy,pure_duplication,1,flat_rollout,10,0.45309,0.21193299491427317,0.5059699999999999,0.21753401292160673,0.03896529687500001,0.9900645080399727,0.8606500468749999,0.7800288943785092,0.3,0.4830458915396479
planning_failure,easy,pure_duplication,1,independent_trajectory,10,0.45309,0.21193299491427314,0.5059699999999999,0.21753401292160673,0.22522026562499997,0.8735032448891281,0.6743950781250001,0.030785814030227343,0.0,0.0
planning_failure,easy,pure_duplication,1,mean_pooling,10,0.45309,0.21193299491427314,0.5059699999999999,0.21753401292160673,0.22522026562499997,0.8735032448891281,0.6743950781250001,0.030785814030227343,0.0,0.0
planning_failure,easy,pure_duplication,1,no_imagination,10,0.45309,0.21193299491427314,0.5059699999999999,0.21753401292160673,-0.152253765625,0.008465289949383751,1.051869109375,0.905392369339883,0.4,0.5163977794943222
planning_failure,easy,pure_duplication,1,oracle_provenance,10,0.45309,0.21193299491427314,0.5059699999999999,0.21753401292160673,0.03896529687500001,0.9900645080399727,0.8606500468749999,0.7800288943785092,0.3,0.4830458915396479
planning_failure,easy,pure_duplication,1,provenance_preserving,10,0.45309,0.21193299491427314,0.5059699999999999,0.21753401292160673,0.03896529687500001,0.9900645080399727,0.8606500468749999,0.7800288943785092,0.3,0.4830458915396479
planning_failure,easy,pure_duplication,1,risk_classifier,10,0.45309,0.21193299491427314,0.5059699999999999,0.21753401292160673,0.2379884375000001,1.7559732753944604,0.66162690625,0.8542286190245401,0.6,0.5163977794943222
planning_failure,easy,pure_duplication,1,semantic_dedup,10,0.45309,0.21193299491427314,0.5059699999999999,0.21753401292160673,0.03896529687500001,0.9900645080399727,0.8606500468749999,0.7800288943785092,0.3,0.4830458915396479
planning_failure,easy,pure_duplication,1,source_grouping,10,0.45309,0.21193299491427314,0.5059699999999999,0.21753401292160673,0.03896529687500001,0.9900645080399727,0.8606500468749999,0.7800288943785092,0.3,0.4830458915396479
planning_failure,easy,pure_duplication,2,bayesian_mixing,10,0.45309,0.21193299491427314,0.5059699999999999,0.21753401292160673,0.03896529687500001,0.9900645080399727,0.8606500468749999,0.7800288943785092,0.3,0.4830458915396479
planning_failure,easy,pure_duplication,2,exact_dedup,10,0.45309,0.21193299491427314,0.5059699999999999,0.21753401292160673,0.03896529687500001,0.9900645080399727,0.8606500468749999,0.7800288943785092,0.3,0.4830458915396479
planning_failure,easy,pure_duplication,2,flat_rollout,10,0.5381553236566259,0.2057576984515913,0.48775117259050066,0.20925370665858267,0.252834203125,1.157953550930138,0.6467811406250001,0.6257984094505507,0.3,0.4830458915396479
planning_failure,easy,pure_duplication,2,independent_trajectory,10,0.45309,0.21193299491427314,0.5059699999999999,0.21753401292160673,0.22522026562499997,0.8735032448891281,0.6743950781250001,0.030785814030227343,0.0,0.0
planning_failure,easy,pure_duplication,2,mean_pooling,10,0.45309,0.21193299491427314,0.5059699999999999,0.21753401292160673,0.22522026562499997,0.8735032448891281,0.6743950781250001,0.030785814030227343,0.0,0.0
planning_failure,easy,pure_duplication,2,no_imagination,10,0.45309,0.21193299491427314,0.5059699999999999,0.21753401292160673,-0.152253765625,0.008465289949383751,1.051869109375,0.905392369339883,0.4,0.5163977794943222
planning_failure,easy,pure_duplication,2,oracle_provenance,10,0.45309,0.21193299491427314,0.5059699999999999,0.21753401292160673,0.03896529687500001,0.9900645080399727,0.8606500468749999,0.7800288943785092,0.3,0.4830458915396479
planning_failure,easy,pure_duplication,2,provenance_preserving,10,0.45309,0.21193299491427314,0.5059699999999999,0.21753401292160673,0.03896529687500001,0.9900645080399727,0.8606500468749999,0.7800288943785092,0.3,0.4830458915396479
planning_failure,easy,pure_duplication,2,risk_classifier,10,0.45309,0.21193299491427314,0.5059699999999999,0.21753401292160673,0.2379884375000001,1.7559732753944604,0.66162690625,0.8542286190245401,0.6,0.5163977794943222
planning_failure,easy,pure_duplication,2,semantic_dedup,10,0.45309,0.21193299491427314,0.5059699999999999,0.21753401292160673,0.03896529687500001,0.9900645080399727,0.8606500468749999,0.7800288943785092,0.3,0.4830458915396479
planning_failure,easy,pure_duplication,2,source_grouping,10,0.45309,0.21193299491427314,0.5059699999999999,0.21753401292160673,0.03896529687500001,0.9900645080399727,0.8606500468749999,0.7800288943785092,0.3,0.4830458915396479
planning_failure,easy,pure_duplication,4,bayesian_mixing,10,0.45309,0.21193299491427314,0.5059699999999999,0.21753401292160673,0.03896529687500001,0.9900645080399727,0.8606500468749999,0.7800288943785092,0.3,0.4830458915396479
planning_failure,easy,pure_duplication,4,exact_dedup,10,0.45309,0.21193299491427314,0.5059699999999999,0.21753401292160673,0.03896529687500001,0.9900645080399727,0.8606500468749999,0.7800288943785092,0.3,0.4830458915396479
planning_failure,easy,pure_duplication,4,flat_rollout,10,0.7009638634340435,0.16774471613065814,0.45712765097811453,0.26640173695309227,0.2699993906250001,1.603924711959563,0.6296159531250001,0.7522194011321697,0.5,0.5270462766947299
planning_failure,easy,pure_duplication,4,independent_trajectory,10,0.45309,0.21193299491427314,0.5059699999999999,0.21753401292160673,0.22522026562499997,0.8735032448891281,0.6743950781250001,0.030785814030227343,0.0,0.0
planning_failure,easy,pure_duplication,4,mean_pooling,10,0.45309,0.21193299491427314,0.5059699999999999,0.21753401292160673,0.22522026562499997,0.8735032448891281,0.6743950781250001,0.030785814030227343,0.0,0.0
planning_failure,easy,pure_duplication,4,no_imagination,10,0.45309,0.21193299491427314,0.5059699999999999,0.21753401292160673,-0.152253765625,0.008465289949383751,1.051869109375,0.905392369339883,0.4,0.5163977794943222
planning_failure,easy,pure_duplication,4,oracle_provenance,10,0.45309,0.21193299491427314,0.5059699999999999,0.21753401292160673,0.03896529687500001,0.9900645080399727,0.8606500468749999,0.7800288943785092,0.3,0.4830458915396479
planning_failure,easy,pure_duplication,4,provenance_preserving,10,0.45309,0.21193299491427314,0.5059699999999999,0.21753401292160673,0.03896529687500001,0.9900645080399727,0.8606500468749999,0.7800288943785092,0.3,0.4830458915396479
planning_failure,easy,pure_duplication,4,risk_classifier,10,0.45309,0.21193299491427314,0.5059699999999999,0.21753401292160673,0.2379884375000001,1.7559732753944604,0.66162690625,0.8542286190245401,0.6,0.5163977794943222
planning_failure,easy,pure_duplication,4,semantic_dedup,10,0.45309,0.21193299491427314,0.5059699999999999,0.21753401292160673,0.03896529687500001,0.9900645080399727,0.8606500468749999,0.7800288943785092,0.3,0.4830458915396479
planning_failure,easy,pure_duplication,4,source_grouping,10,0.45309,0.21193299491427314,0.5059699999999999,0.21753401292160673,0.03896529687500001,0.9900645080399727,0.8606500468749999,0.7800288943785092,0.3,0.4830458915396479
planning_failure,easy,pure_duplication,8,bayesian_mixing,10,0.45309,0.21193299491427314,0.5059699999999999,0.21753401292160673,0.03896529687500001,0.9900645080399727,0.8606500468749999,0.7800288943785092,0.3,0.4830458915396479
planning_failure,easy,pure_duplication,8,exact_dedup,10,0.45309,0.21193299491427314,0.5059699999999999,0.21753401292160673,0.03896529687500001,0.9900645080399727,0.8606500468749999,0.7800288943785092,0.3,0.4830458915396479
planning_failure,easy,pure_duplication,8,flat_rollout,10,0.9120403717820409,0.06578488308364051,0.4192749028672518,0.43096224690193274,0.2379884375000001,1.7559732753944604,0.66162690625,0.8542286190245401,0.6,0.5163977794943222
planning_failure,easy,pure_duplication,8,independent_trajectory,10,0.45309,0.21193299491427314,0.5059699999999999,0.21753401292160673,0.22522026562499997,0.8735032448891281,0.6743950781250001,0.030785814030227343,0.0,0.0
planning_failure,easy,pure_duplication,8,mean_pooling,10,0.45309,0.21193299491427314,0.5059699999999999,0.21753401292160673,0.22522026562499997,0.8735032448891281,0.6743950781250001,0.030785814030227343,0.0,0.0
planning_failure,easy,pure_duplication,8,no_imagination,10,0.45309,0.21193299491427314,0.5059699999999999,0.21753401292160673,-0.152253765625,0.008465289949383751,1.051869109375,0.905392369339883,0.4,0.5163977794943222
planning_failure,easy,pure_duplication,8,oracle_provenance,10,0.45309,0.21193299491427314,0.5059699999999999,0.21753401292160673,0.03896529687500001,0.9900645080399727,0.8606500468749999,0.7800288943785092,0.3,0.4830458915396479
planning_failure,easy,pure_duplication,8,provenance_preserving,10,0.45309,0.21193299491427314,0.5059699999999999,0.21753401292160673,0.03896529687500001,0.9900645080399727,0.8606500468749999,0.7800288943785092,0.3,0.4830458915396479
planning_failure,easy,pure_duplication,8,risk_classifier,10,0.45309,0.21193299491427314,0.5059699999999999,0.21753401292160673,0.2379884375000001,1.7559732753944604,0.66162690625,0.8542286190245401,0.6,0.5163977794943222
planning_failure,easy,pure_duplication,8,semantic_dedup,10,0.45309,0.21193299491427314,0.5059699999999999,0.21753401292160673,0.03896529687500001,0.9900645080399727,0.8606500468749999,0.7800288943785092,0.3,0.4830458915396479
planning_failure,easy,pure_duplication,8,source_grouping,10,0.45309,0.21193299491427314,0.5059699999999999,0.21753401292160673,0.03896529687500001,0.9900645080399727,0.8606500468749999,0.7800288943785092,0.3,0.4830458915396479
planning_failure,easy,pure_duplication,16,bayesian_mixing,10,0.45309,0.21193299491427314,0.5059699999999999,0.21753401292160673,0.03896529687500001,0.9900645080399727,0.8606500468749999,0.7800288943785092,0.3,0.4830458915396479
planning_failure,easy,pure_duplication,16,exact_dedup,10,0.45309,0.21193299491427314,0.5059699999999999,0.21753401292160673,0.03896529687500001,0.9900645080399727,0.8606500468749999,0.7800288943785092,0.3,0.4830458915396479
planning_failure,easy,pure_duplication,16,flat_rollout,10,0.9960445767026187,0.0033347666849201834,0.40095573513118776,0.5123588849349807,0.2379884375000001,1.7559732753944604,0.66162690625,0.8542286190245401,0.6,0.5163977794943222
planning_failure,easy,pure_duplication,16,independent_trajectory,10,0.45309,0.21193299491427314,0.5059699999999999,0.21753401292160673,0.22522026562499997,0.8735032448891281,0.6743950781250001,0.030785814030227343,0.0,0.0
planning_failure,easy,pure_duplication,16,mean_pooling,10,0.45309,0.21193299491427314,0.5059699999999999,0.21753401292160673,0.22522026562499997,0.8735032448891281,0.6743950781250001,0.030785814030227343,0.0,0.0
planning_failure,easy,pure_duplication,16,no_imagination,10,0.45309,0.21193299491427314,0.5059699999999999,0.21753401292160673,-0.152253765625,0.008465289949383751,1.051869109375,0.905392369339883,0.4,0.5163977794943222
planning_failure,easy,pure_duplication,16,oracle_provenance,10,0.45309,0.21193299491427314,0.5059699999999999,0.21753401292160673,0.03896529687500001,0.9900645080399727,0.8606500468749999,0.7800288943785092,0.3,0.4830458915396479
planning_failure,easy,pure_duplication,16,provenance_preserving,10,0.45309,0.21193299491427314,0.5059699999999999,0.21753401292160673,0.03896529687500001,0.9900645080399727,0.8606500468749999,0.7800288943785092,0.3,0.4830458915396479
planning_failure,easy,pure_duplication,16,risk_classifier,10,0.45309,0.21193299491427314,0.5059699999999999,0.21753401292160673,0.2379884375000001,1.7559732753944604,0.66162690625,0.8542286190245401,0.6,0.5163977794943222
planning_failure,easy,pure_duplication,16,semantic_dedup,10,0.45309,0.21193299491427314,0.5059699999999999,0.21753401292160673,0.03896529687500001,0.9900645080399727,0.8606500468749999,0.7800288943785092,0.3,0.4830458915396479
planning_failure,easy,pure_duplication,16,source_grouping,10,0.45309,0.21193299491427314,0.5059699999999999,0.21753401292160673,0.03896529687500001,0.9900645080399727,0.8606500468749999,0.7800288943785092,0.3,0.4830458915396479
planning_failure,easy,pure_duplication,32,bayesian_mixing,10,0.45309,0.21193299491427314,0.5059699999999999,0.21753401292160673,0.03896529687500001,0.9900645080399727,0.8606500468749999,0.7800288943785092,0.3,0.4830458915396479
planning_failure,easy,pure_duplication,32,exact_dedup,10,0.45309,0.21193299491427314,0.5059699999999999,0.21753401292160673,0.03896529687500001,0.9900645080399727,0.8606500468749999,0.7800288943785092,0.3,0.4830458915396479
planning_failure,easy,pure_duplication,32,flat_rollout,10,0.9999939387704698,5.139406158218382e-06,0.4000014720215079,0.516391575403691,0.2379884375000001,1.7559732753944604,0.66162690625,0.8542286190245401,0.6,0.5163977794943222
planning_failure,easy,pure_duplication,32,independent_trajectory,10,0.45309,0.21193299491427314,0.5059699999999999,0.21753401292160673,0.22522026562499997,0.8735032448891281,0.6743950781250001,0.030785814030227343,0.0,0.0
planning_failure,easy,pure_duplication,32,mean_pooling,10,0.45309,0.21193299491427314,0.5059699999999999,0.21753401292160673,0.22522026562499997,0.8735032448891281,0.6743950781250001,0.030785814030227343,0.0,0.0
planning_failure,easy,pure_duplication,32,no_imagination,10,0.45309,0.21193299491427314,0.5059699999999999,0.21753401292160673,-0.152253765625,0.008465289949383751,1.051869109375,0.905392369339883,0.4,0.5163977794943222
planning_failure,easy,pure_duplication,32,oracle_provenance,10,0.45309,0.21193299491427314,0.5059699999999999,0.21753401292160673,0.03896529687500001,0.9900645080399727,0.8606500468749999,0.7800288943785092,0.3,0.4830458915396479
planning_failure,easy,pure_duplication,32,provenance_preserving,10,0.45309,0.21193299491427314,0.5059699999999999,0.21753401292160673,0.03896529687500001,0.9900645080399727,0.8606500468749999,0.7800288943785092,0.3,0.4830458915396479
planning_failure,easy,pure_duplication,32,risk_classifier,10,0.45309,0.21193299491427314,0.5059699999999999,0.21753401292160673,0.2379884375000001,1.7559732753944604,0.66162690625,0.8542286190245401,0.6,0.5163977794943222
planning_failure,easy,pure_duplication,32,semantic_dedup,10,0.45309,0.21193299491427314,0.5059699999999999,0.21753401292160673,0.03896529687500001,0.9900645080399727,0.8606500468749999,0.7800288943785092,0.3,0.4830458915396479
planning_failure,easy,pure_duplication,32,source_grouping,10,0.45309,0.21193299491427314,0.5059699999999999,0.21753401292160673,0.03896529687500001,0.9900645080399727,0.8606500468749999,0.7800288943785092,0.3,0.4830458915396479
planning_failure,easy,pure_duplication,64,bayesian_mixing,10,0.45309,0.21193299491427314,0.5059699999999999,0.21753401292160673,0.03896529687500001,0.9900645080399727,0.8606500468749999,0.7800288943785092,0.3,0.4830458915396479
planning_failure,easy,pure_duplication,64,exact_dedup,10,0.45309,0.21193299491427314,0.5059699999999999,0.21753401292160673,0.03896529687500001,0.9900645080399727,0.8606500468749999,0.7800288943785092,0.3,0.4830458915396479
planning_failure,easy,pure_duplication,64,flat_rollout,10,0.999999999985951,1.1912460618371886e-11,0.40000000000341196,0.5163977794799421,0.2379884375000001,1.7559732753944604,0.66162690625,0.8542286190245401,0.6,0.5163977794943222
planning_failure,easy,pure_duplication,64,independent_trajectory,10,0.45309,0.21193299491427314,0.5059699999999999,0.21753401292160673,0.22522026562499997,0.8735032448891281,0.6743950781250001,0.030785814030227343,0.0,0.0
planning_failure,easy,pure_duplication,64,mean_pooling,10,0.45309,0.21193299491427314,0.5059699999999999,0.21753401292160673,0.22522026562499997,0.8735032448891281,0.6743950781250001,0.030785814030227343,0.0,0.0
planning_failure,easy,pure_duplication,64,no_imagination,10,0.45309,0.21193299491427314,0.5059699999999999,0.21753401292160673,-0.152253765625,0.008465289949383751,1.051869109375,0.905392369339883,0.4,0.5163977794943222
planning_failure,easy,pure_duplication,64,oracle_provenance,10,0.45309,0.21193299491427314,0.5059699999999999,0.21753401292160673,0.03896529687500001,0.9900645080399727,0.8606500468749999,0.7800288943785092,0.3,0.4830458915396479
planning_failure,easy,pure_duplication,64,provenance_preserving,10,0.45309,0.21193299491427314,0.5059699999999999,0.21753401292160673,0.03896529687500001,0.9900645080399727,0.8606500468749999,0.7800288943785092,0.3,0.4830458915396479
planning_failure,easy,pure_duplication,64,risk_classifier,10,0.45309,0.21193299491427314,0.5059699999999999,0.21753401292160673,0.2379884375000001,1.7559732753944604,0.66162690625,0.8542286190245401,0.6,0.5163977794943222
planning_failure,easy,pure_duplication,64,semantic_dedup,10,0.45309,0.21193299491427314,0.5059699999999999,0.21753401292160673,0.03896529687500001,0.9900645080399727,0.8606500468749999,0.7800288943785092,0.3,0.4830458915396479
planning_failure,easy,pure_duplication,64,source_grouping,10,0.45309,0.21193299491427314,0.5059699999999999,0.21753401292160673,0.03896529687500001,0.9900645080399727,0.8606500468749999,0.7800288943785092,0.3,0.4830458915396479
planning_failure,hard,independent_rollout,1,bayesian_mixing,6,0.5657833333333333,0.22466154469928015,0.49878333333333336,0.23593212936492278,-0.0392829947916666,1.6068067440232043,0.7421391406250001,0.7283446351773644,0.3333333333333333,0.5163977794943223
planning_failure,hard,independent_rollout,1,exact_dedup,6,0.5657833333333333,0.22466154469928015,0.49878333333333336,0.23593212936492278,-0.0392829947916666,1.6068067440232043,0.7421391406250001,0.7283446351773644,0.3333333333333333,0.5163977794943223
planning_failure,hard,independent_rollout,1,flat_rollout,6,0.5657833333333333,0.22466154469928015,0.49878333333333336,0.2359321293649228,-0.0392829947916666,1.6068067440232043,0.7421391406250001,0.7283446351773644,0.3333333333333333,0.5163977794943223
planning_failure,hard,independent_rollout,1,independent_trajectory,6,0.5657833333333333,0.22466154469928015,0.49878333333333336,0.23593212936492278,0.32527700520833336,1.210224216541457,0.377579140625,0.425364038791606,0.5,0.5477225575051661
planning_failure,hard,independent_rollout,1,mean_pooling,6,0.5657833333333333,0.22466154469928015,0.49878333333333336,0.23593212936492278,0.32527700520833336,1.210224216541457,0.377579140625,0.425364038791606,0.5,0.5477225575051661
planning_failure,hard,independent_rollout,1,no_imagination,6,0.5657833333333333,0.22466154469928015,0.49878333333333336,0.23593212936492278,-0.17796296875000003,0.01828207369565283,0.8808191145833334,0.9653465561259871,0.5,0.5477225575051661
planning_failure,hard,independent_rollout,1,oracle_provenance,6,0.5657833333333333,0.22466154469928015,0.49878333333333336,0.23593212936492278,-0.0392829947916666,1.6068067440232043,0.7421391406250001,0.7283446351773644,0.3333333333333333,0.5163977794943223
planning_failure,hard,independent_rollout,1,provenance_preserving,6,0.5657833333333333,0.22466154469928015,0.49878333333333336,0.23593212936492278,-0.0392829947916666,1.6068067440232043,0.7421391406250001,0.7283446351773644,0.3333333333333333,0.5163977794943223
planning_failure,hard,independent_rollout,1,risk_classifier,6,0.5657833333333333,0.22466154469928015,0.49878333333333336,0.23593212936492278,-0.2126265885416666,1.7528070637894322,0.9154827343750002,0.8075192290746033,0.3333333333333333,0.5163977794943223
planning_failure,hard,independent_rollout,1,semantic_dedup,6,0.5657833333333333,0.22466154469928015,0.49878333333333336,0.23593212936492278,-0.0392829947916666,1.6068067440232043,0.7421391406250001,0.7283446351773644,0.3333333333333333,0.5163977794943223
planning_failure,hard,independent_rollout,1,source_grouping,6,0.5657833333333333,0.22466154469928015,0.49878333333333336,0.23593212936492278,-0.0392829947916666,1.6068067440232043,0.7421391406250001,0.7283446351773644,0.3333333333333333,0.5163977794943223
planning_failure,hard,independent_rollout,2,bayesian_mixing,6,0.5657833333333333,0.22466154469928015,0.49878333333333336,0.23593212936492278,0.2106311458333334,1.3931139602480636,0.49222499999999997,0.6416376979180389,0.5,0.5477225575051661
planning_failure,hard,independent_rollout,2,exact_dedup,6,0.5657833333333333,0.22466154469928015,0.49878333333333336,0.23593212936492278,0.2106311458333334,1.3931139602480636,0.49222499999999997,0.6416376979180389,0.5,0.5477225575051661
planning_failure,hard,independent_rollout,2,flat_rollout,6,0.5657833333333333,0.22466154469928015,0.49878333333333336,0.2359321293649228,0.2106311458333334,1.3931139602480636,0.49222499999999997,0.6416376979180389,0.5,0.5477225575051661
planning_failure,hard,independent_rollout,2,independent_trajectory,6,0.5657833333333333,0.22466154469928015,0.49878333333333336,0.23593212936492278,0.11989638020833338,1.1804369727633879,0.582959765625,0.3143570713475963,0.16666666666666666,0.408248290463863
planning_failure,hard,independent_rollout,2,mean_pooling,6,0.5657833333333333,0.22466154469928015,0.49878333333333336,0.23593212936492278,0.11989638020833338,1.1804369727633879,0.582959765625,0.3143570713475963,0.16666666666666666,0.408248290463863
planning_failure,hard,independent_rollout,2,no_imagination,6,0.5657833333333333,0.22466154469928015,0.49878333333333336,0.23593212936492278,-0.17796296875000003,0.01828207369565283,0.8808191145833334,0.9653465561259871,0.5,0.5477225575051661
planning_failure,hard,independent_rollout,2,oracle_provenance,6,0.5657833333333333,0.22466154469928015,0.49878333333333336,0.23593212936492278,0.2106311458333334,1.3931139602480636,0.49222499999999997,0.6416376979180389,0.5,0.5477225575051661
planning_failure,hard,independent_rollout,2,provenance_preserving,6,0.5657833333333333,0.22466154469928015,0.49878333333333336,0.23593212936492278,0.2106311458333334,1.3931139602480636,0.49222499999999997,0.6416376979180389,0.5,0.5477225575051661
planning_failure,hard,independent_rollout,2,risk_classifier,6,0.5657833333333333,0.22466154469928015,0.49878333333333336,0.23593212936492278,-0.08069460937500002,1.7026966145910154,0.7835507552083335,0.7618515197639978,0.3333333333333333,0.5163977794943223
planning_failure,hard,independent_rollout,2,semantic_dedup,6,0.5657833333333333,0.22466154469928015,0.49878333333333336,0.23593212936492278,0.2106311458333334,1.3931139602480636,0.49222499999999997,0.6416376979180389,0.5,0.5477225575051661
planning_failure,hard,independent_rollout,2,source_grouping,6,0.5657833333333333,0.22466154469928015,0.49878333333333336,0.23593212936492278,0.2106311458333334,1.3931139602480636,0.49222499999999997,0.6416376979180389,0.5,0.5477225575051661
planning_failure,hard,independent_rollout,4,bayesian_mixing,6,0.5657833333333333,0.22466154469928015,0.49878333333333336,0.23593212936492278,0.09200736979166668,1.2755929446904284,0.6108487760416667,0.5966519297335751,0.3333333333333333,0.5163977794943223
planning_failure,hard,independent_rollout,4,exact_dedup,6,0.5657833333333333,0.22466154469928015,0.49878333333333336,0.23593212936492278,0.09200736979166668,1.2755929446904284,0.6108487760416667,0.5966519297335751,0.3333333333333333,0.5163977794943223
planning_failure,hard,independent_rollout,4,flat_rollout,6,0.5657833333333333,0.22466154469928015,0.49878333333333336,0.2359321293649228,0.09200736979166668,1.2755929446904284,0.6108487760416667,0.5966519297335751,0.3333333333333333,0.5163977794943223
planning_failure,hard,independent_rollout,4,independent_trajectory,6,0.5657833333333333,0.22466154469928015,0.49878333333333336,0.23593212936492278,0.20316466145833337,1.0934289762385931,0.49969148437499994,0.4019584284198811,0.3333333333333333,0.5163977794943223
planning_failure,hard,independent_rollout,4,mean_pooling,6,0.5657833333333333,0.22466154469928015,0.49878333333333336,0.23593212936492278,0.20316466145833337,1.0934289762385931,0.49969148437499994,0.4019584284198811,0.3333333333333333,0.5163977794943223
planning_failure,hard,independent_rollout,4,no_imagination,6,0.5657833333333333,0.22466154469928015,0.49878333333333336,0.23593212936492278,-0.17796296875000003,0.01828207369565283,0.8808191145833334,0.9653465561259871,0.5,0.5477225575051661
planning_failure,hard,independent_rollout,4,oracle_provenance,6,0.5657833333333333,0.22466154469928015,0.49878333333333336,0.23593212936492278,0.09200736979166668,1.2755929446904284,0.6108487760416667,0.5966519297335751,0.3333333333333333,0.5163977794943223
planning_failure,hard,independent_rollout,4,provenance_preserving,6,0.5657833333333333,0.22466154469928015,0.49878333333333336,0.23593212936492278,0.09200736979166668,1.2755929446904284,0.6108487760416667,0.5966519297335751,0.3333333333333333,0.5163977794943223
planning_failure,hard,independent_rollout,4,risk_classifier,6,0.5657833333333333,0.22466154469928015,0.49878333333333336,0.23593212936492278,-0.08069460937500002,1.7026966145910154,0.7835507552083335,0.7618515197639978,0.3333333333333333,0.5163977794943223
planning_failure,hard,independent_rollout,4,semantic_dedup,6,0.5657833333333333,0.22466154469928015,0.49878333333333336,0.23593212936492278,0.09200736979166668,1.2755929446904284,0.6108487760416667,0.5966519297335751,0.3333333333333333,0.5163977794943223
planning_failure,hard,independent_rollout,4,source_grouping,6,0.5657833333333333,0.22466154469928015,0.49878333333333336,0.23593212936492278,0.09200736979166668,1.2755929446904284,0.6108487760416667,0.5966519297335751,0.3333333333333333,0.5163977794943223
planning_failure,hard,independent_rollout,8,bayesian_mixing,6,0.5657833333333333,0.22466154469928015,0.49878333333333336,0.23593212936492278,-0.24473083333333334,1.3661748234906803,0.9475869791666667,0.821860868028482,0.3333333333333333,0.5163977794943223
planning_failure,hard,independent_rollout,8,exact_dedup,6,0.5657833333333333,0.22466154469928015,0.49878333333333336,0.23593212936492278,-0.24473083333333334,1.3661748234906803,0.9475869791666667,0.821860868028482,0.3333333333333333,0.5163977794943223
planning_failure,hard,independent_rollout,8,flat_rollout,6,0.5657833333333333,0.22466154469928015,0.49878333333333336,0.2359321293649228,-0.24473083333333334,1.3661748234906803,0.9475869791666667,0.821860868028482,0.3333333333333333,0.5163977794943223
planning_failure,hard,independent_rollout,8,independent_trajectory,6,0.5657833333333333,0.22466154469928015,0.49878333333333336,0.23593212936492278,0.0012726041666667094,1.0266305955564943,0.7015835416666668,0.1314649646537538,0.0,0.0
planning_failure,hard,independent_rollout,8,mean_pooling,6,0.5657833333333333,0.22466154469928015,0.49878333333333336,0.23593212936492278,0.0012726041666667094,1.0266305955564943,0.7015835416666668,0.1314649646537538,0.0,0.0
planning_failure,hard,independent_rollout,8,no_imagination,6,0.5657833333333333,0.22466154469928015,0.49878333333333336,0.23593212936492278,-0.17796296875000003,0.01828207369565283,0.8808191145833334,0.9653465561259871,0.5,0.5477225575051661
planning_failure,hard,independent_rollout,8,oracle_provenance,6,0.5657833333333333,0.22466154469928015,0.49878333333333336,0.23593212936492278,-0.24473083333333334,1.3661748234906803,0.9475869791666667,0.821860868028482,0.3333333333333333,0.5163977794943223
planning_failure,hard,independent_rollout,8,provenance_preserving,6,0.5657833333333333,0.22466154469928015,0.49878333333333336,0.23593212936492278,-0.24473083333333334,1.3661748234906803,0.9475869791666667,0.821860868028482,0.3333333333333333,0.5163977794943223
planning_failure,hard,independent_rollout,8,risk_classifier,6,0.5657833333333333,0.22466154469928015,0.49878333333333336,0.23593212936492278,-0.10838455729166659,1.8512343520261012,0.8112407031250001,0.8887326976059301,0.5,0.5477225575051661
planning_failure,hard,independent_rollout,8,semantic_dedup,6,0.5657833333333333,0.22466154469928015,0.49878333333333336,0.23593212936492278,-0.24473083333333334,1.3661748234906803,0.9475869791666667,0.821860868028482,0.3333333333333333,0.5163977794943223
planning_failure,hard,independent_rollout,8,source_grouping,6,0.5657833333333333,0.22466154469928015,0.49878333333333336,0.23593212936492278,-0.24473083333333334,1.3661748234906803,0.9475869791666667,0.821860868028482,0.3333333333333333,0.5163977794943223
planning_failure,hard,independent_rollout,16,bayesian_mixing,6,0.5657833333333333,0.22466154469928015,0.49878333333333336,0.23593212936492278,-0.016517864583333337,1.4885683887031742,0.7193740104166667,0.7415100505603733,0.3333333333333333,0.5163977794943223
planning_failure,hard,independent_rollout,16,exact_dedup,6,0.5657833333333333,0.22466154469928015,0.49878333333333336,0.23593212936492278,-0.016517864583333337,1.4885683887031742,0.7193740104166667,0.7415100505603733,0.3333333333333333,0.5163977794943223
planning_failure,hard,independent_rollout,16,flat_rollout,6,0.5657833333333333,0.22466154469928015,0.49878333333333336,0.2359321293649228,-0.016517864583333337,1.4885683887031742,0.7193740104166667,0.7415100505603733,0.3333333333333333,0.5163977794943223
planning_failure,hard,independent_rollout,16,independent_trajectory,6,0.5657833333333333,0.22466154469928015,0.49878333333333336,0.23593212936492278,-0.01228015624999997,1.1332303195032143,0.7151363020833332,0.21260805490669357,0.0,0.0
planning_failure,hard,independent_rollout,16,mean_pooling,6,0.5657833333333333,0.22466154469928015,0.49878333333333336,0.23593212936492278,-0.01228015624999997,1.1332303195032143,0.7151363020833332,0.21260805490669357,0.0,0.0
planning_failure,hard,independent_rollout,16,no_imagination,6,0.5657833333333333,0.22466154469928015,0.49878333333333336,0.23593212936492278,-0.17796296875000003,0.01828207369565283,0.8808191145833334,0.9653465561259871,0.5,0.5477225575051661
planning_failure,hard,independent_rollout,16,oracle_provenance,6,0.5657833333333333,0.22466154469928015,0.49878333333333336,0.23593212936492278,-0.016517864583333337,1.4885683887031742,0.7193740104166667,0.7415100505603733,0.3333333333333333,0.5163977794943223
planning_failure,hard,independent_rollout,16,provenance_preserving,6,0.5657833333333333,0.22466154469928015,0.49878333333333336,0.23593212936492278,-0.016517864583333337,1.4885683887031742,0.7193740104166667,0.7415100505603733,0.3333333333333333,0.5163977794943223
planning_failure,hard,independent_rollout,16,risk_classifier,6,0.5657833333333333,0.22466154469928015,0.49878333333333336,0.23593212936492278,-0.10838455729166659,1.8512343520261012,0.8112407031250001,0.8887326976059301,0.5,0.5477225575051661
planning_failure,hard,independent_rollout,16,semantic_dedup,6,0.5657833333333333,0.22466154469928015,0.49878333333333336,0.23593212936492278,-0.016517864583333337,1.4885683887031742,0.7193740104166667,0.7415100505603733,0.3333333333333333,0.5163977794943223
planning_failure,hard,independent_rollout,16,source_grouping,6,0.5657833333333333,0.22466154469928015,0.49878333333333336,0.23593212936492278,-0.016517864583333337,1.4885683887031742,0.7193740104166667,0.7415100505603733,0.3333333333333333,0.5163977794943223
planning_failure,hard,independent_rollout,32,bayesian_mixing,6,0.5657833333333333,0.22466154469928015,0.49878333333333336,0.23593212936492278,-0.05772778645833332,1.4513799299508099,0.7605839322916665,0.7254533509238984,0.3333333333333333,0.5163977794943223
planning_failure,hard,independent_rollout,32,exact_dedup,6,0.5657833333333333,0.22466154469928015,0.49878333333333336,0.23593212936492278,-0.05772778645833332,1.4513799299508099,0.7605839322916665,0.7254533509238984,0.3333333333333333,0.5163977794943223
planning_failure,hard,independent_rollout,32,flat_rollout,6,0.5657833333333333,0.22466154469928015,0.49878333333333336,0.2359321293649228,-0.05772778645833332,1.4513799299508099,0.7605839322916665,0.7254533509238984,0.3333333333333333,0.5163977794943223
planning_failure,hard,independent_rollout,32,independent_trajectory,6,0.5657833333333333,0.22466154469928015,0.49878333333333336,0.23593212936492278,0.09024135416666663,1.1389592019496346,0.6126147916666668,0.2680948360557007,0.0,0.0
planning_failure,hard,independent_rollout,32,mean_pooling,6,0.5657833333333333,0.22466154469928015,0.49878333333333336,0.23593212936492278,0.09024135416666663,1.1389592019496346,0.6126147916666668,0.2680948360557007,0.0,0.0
planning_failure,hard,independent_rollout,32,no_imagination,6,0.5657833333333333,0.22466154469928015,0.49878333333333336,0.23593212936492278,-0.17796296875000003,0.01828207369565283,0.8808191145833334,0.9653465561259871,0.5,0.5477225575051661
planning_failure,hard,independent_rollout,32,oracle_provenance,6,0.5657833333333333,0.22466154469928015,0.49878333333333336,0.23593212936492278,-0.05772778645833332,1.4513799299508099,0.7605839322916665,0.7254533509238984,0.3333333333333333,0.5163977794943223
planning_failure,hard,independent_rollout,32,provenance_preserving,6,0.5657833333333333,0.22466154469928015,0.49878333333333336,0.23593212936492278,-0.05772778645833332,1.4513799299508099,0.7605839322916665,0.7254533509238984,0.3333333333333333,0.5163977794943223
planning_failure,hard,independent_rollout,32,risk_classifier,6,0.5657833333333333,0.22466154469928015,0.49878333333333336,0.23593212936492278,-0.10838455729166659,1.8512343520261012,0.8112407031250001,0.8887326976059301,0.5,0.5477225575051661
planning_failure,hard,independent_rollout,32,semantic_dedup,6,0.5657833333333333,0.22466154469928015,0.49878333333333336,0.23593212936492278,-0.05772778645833332,1.4513799299508099,0.7605839322916665,0.7254533509238984,0.3333333333333333,0.5163977794943223
planning_failure,hard,independent_rollout,32,source_grouping,6,0.5657833333333333,0.22466154469928015,0.49878333333333336,0.23593212936492278,-0.05772778645833332,1.4513799299508099,0.7605839322916665,0.7254533509238984,0.3333333333333333,0.5163977794943223
planning_failure,hard,independent_rollout,64,bayesian_mixing,6,0.5657833333333333,0.22466154469928015,0.49878333333333336,0.23593212936492278,-0.05772778645833332,1.4513799299508099,0.7605839322916665,0.7254533509238984,0.3333333333333333,0.5163977794943223
planning_failure,hard,independent_rollout,64,exact_dedup,6,0.5657833333333333,0.22466154469928015,0.49878333333333336,0.23593212936492278,-0.05772778645833332,1.4513799299508099,0.7605839322916665,0.7254533509238984,0.3333333333333333,0.5163977794943223
planning_failure,hard,independent_rollout,64,flat_rollout,6,0.5657833333333333,0.22466154469928015,0.49878333333333336,0.2359321293649228,-0.05772778645833332,1.4513799299508099,0.7605839322916665,0.7254533509238984,0.3333333333333333,0.5163977794943223
planning_failure,hard,independent_rollout,64,independent_trajectory,6,0.5657833333333333,0.22466154469928015,0.49878333333333336,0.23593212936492278,0.05835502604166668,0.9579336846511914,0.6445011197916667,0.05216599935798927,0.0,0.0
planning_failure,hard,independent_rollout,64,mean_pooling,6,0.5657833333333333,0.22466154469928015,0.49878333333333336,0.23593212936492278,0.05835502604166668,0.9579336846511914,0.6445011197916667,0.05216599935798927,0.0,0.0
planning_failure,hard,independent_rollout,64,no_imagination,6,0.5657833333333333,0.22466154469928015,0.49878333333333336,0.23593212936492278,-0.17796296875000003,0.01828207369565283,0.8808191145833334,0.9653465561259871,0.5,0.5477225575051661
planning_failure,hard,independent_rollout,64,oracle_provenance,6,0.5657833333333333,0.22466154469928015,0.49878333333333336,0.23593212936492278,-0.05772778645833332,1.4513799299508099,0.7605839322916665,0.7254533509238984,0.3333333333333333,0.5163977794943223
planning_failure,hard,independent_rollout,64,provenance_preserving,6,0.5657833333333333,0.22466154469928015,0.49878333333333336,0.23593212936492278,-0.05772778645833332,1.4513799299508099,0.7605839322916665,0.7254533509238984,0.3333333333333333,0.5163977794943223
planning_failure,hard,independent_rollout,64,risk_classifier,6,0.5657833333333333,0.22466154469928015,0.49878333333333336,0.23593212936492278,-0.10838455729166659,1.8512343520261012,0.8112407031250001,0.8887326976059301,0.5,0.5477225575051661
planning_failure,hard,independent_rollout,64,semantic_dedup,6,0.5657833333333333,0.22466154469928015,0.49878333333333336,0.23593212936492278,-0.05772778645833332,1.4513799299508099,0.7605839322916665,0.7254533509238984,0.3333333333333333,0.5163977794943223
planning_failure,hard,independent_rollout,64,source_grouping,6,0.5657833333333333,0.22466154469928015,0.49878333333333336,0.23593212936492278,-0.05772778645833332,1.4513799299508099,0.7605839322916665,0.7254533509238984,0.3333333333333333,0.5163977794943223
planning_failure,hard,pure_duplication,1,bayesian_mixing,6,0.5657833333333333,0.22466154469928015,0.49878333333333336,0.23593212936492278,-0.05772778645833332,1.4513799299508099,0.7605839322916665,0.7254533509238984,0.3333333333333333,0.5163977794943223
planning_failure,hard,pure_duplication,1,exact_dedup,6,0.5657833333333333,0.22466154469928015,0.49878333333333336,0.23593212936492278,-0.05772778645833332,1.4513799299508099,0.7605839322916665,0.7254533509238984,0.3333333333333333,0.5163977794943223
planning_failure,hard,pure_duplication,1,flat_rollout,6,0.5657833333333333,0.22466154469928015,0.49878333333333336,0.2359321293649228,-0.05772778645833332,1.4513799299508099,0.7605839322916665,0.7254533509238984,0.3333333333333333,0.5163977794943223
planning_failure,hard,pure_duplication,1,independent_trajectory,6,0.5657833333333333,0.22466154469928015,0.49878333333333336,0.23593212936492278,0.05835502604166668,0.9579336846511914,0.6445011197916667,0.05216599935798927,0.0,0.0
planning_failure,hard,pure_duplication,1,mean_pooling,6,0.5657833333333333,0.22466154469928015,0.49878333333333336,0.23593212936492278,0.05835502604166668,0.9579336846511914,0.6445011197916667,0.05216599935798927,0.0,0.0
planning_failure,hard,pure_duplication,1,no_imagination,6,0.5657833333333333,0.22466154469928015,0.49878333333333336,0.23593212936492278,-0.17796296875000003,0.01828207369565283,0.8808191145833334,0.9653465561259871,0.5,0.5477225575051661
planning_failure,hard,pure_duplication,1,oracle_provenance,6,0.5657833333333333,0.22466154469928015,0.49878333333333336,0.23593212936492278,-0.05772778645833332,1.4513799299508099,0.7605839322916665,0.7254533509238984,0.3333333333333333,0.5163977794943223
planning_failure,hard,pure_duplication,1,provenance_preserving,6,0.5657833333333333,0.22466154469928015,0.49878333333333336,0.23593212936492278,-0.05772778645833332,1.4513799299508099,0.7605839322916665,0.7254533509238984,0.3333333333333333,0.5163977794943223
planning_failure,hard,pure_duplication,1,risk_classifier,6,0.5657833333333333,0.22466154469928015,0.49878333333333336,0.23593212936492278,-0.10838455729166659,1.8512343520261012,0.8112407031250001,0.8887326976059301,0.5,0.5477225575051661
planning_failure,hard,pure_duplication,1,semantic_dedup,6,0.5657833333333333,0.22466154469928015,0.49878333333333336,0.23593212936492278,-0.05772778645833332,1.4513799299508099,0.7605839322916665,0.7254533509238984,0.3333333333333333,0.5163977794943223
planning_failure,hard,pure_duplication,1,source_grouping,6,0.5657833333333333,0.22466154469928015,0.49878333333333336,0.23593212936492278,-0.05772778645833332,1.4513799299508099,0.7605839322916665,0.7254533509238984,0.3333333333333333,0.5163977794943223
planning_failure,hard,pure_duplication,2,bayesian_mixing,6,0.5657833333333333,0.22466154469928015,0.49878333333333336,0.23593212936492278,-0.05772778645833332,1.4513799299508099,0.7605839322916665,0.7254533509238984,0.3333333333333333,0.5163977794943223
planning_failure,hard,pure_duplication,2,exact_dedup,6,0.5657833333333333,0.22466154469928015,0.49878333333333336,0.23593212936492278,-0.05772778645833332,1.4513799299508099,0.7605839322916665,0.7254533509238984,0.3333333333333333,0.5163977794943223
planning_failure,hard,pure_duplication,2,flat_rollout,6,0.6460659601250083,0.21237574284388877,0.49379741177233,0.2658187489179718,-0.0030483593749998836,1.4999139029853472,0.7059045052083333,0.7420451967531546,0.3333333333333333,0.5163977794943223
planning_failure,hard,pure_duplication,2,independent_trajectory,6,0.5657833333333333,0.22466154469928015,0.49878333333333336,0.23593212936492278,0.05835502604166668,0.9579336846511914,0.6445011197916667,0.05216599935798927,0.0,0.0
planning_failure,hard,pure_duplication,2,mean_pooling,6,0.5657833333333333,0.22466154469928015,0.49878333333333336,0.23593212936492278,0.05835502604166668,0.9579336846511914,0.6445011197916667,0.05216599935798927,0.0,0.0
planning_failure,hard,pure_duplication,2,no_imagination,6,0.5657833333333333,0.22466154469928015,0.49878333333333336,0.23593212936492278,-0.17796296875000003,0.01828207369565283,0.8808191145833334,0.9653465561259871,0.5,0.5477225575051661
planning_failure,hard,pure_duplication,2,oracle_provenance,6,0.5657833333333333,0.22466154469928015,0.49878333333333336,0.23593212936492278,-0.05772778645833332,1.4513799299508099,0.7605839322916665,0.7254533509238984,0.3333333333333333,0.5163977794943223
planning_failure,hard,pure_duplication,2,provenance_preserving,6,0.5657833333333333,0.22466154469928015,0.49878333333333336,0.23593212936492278,-0.05772778645833332,1.4513799299508099,0.7605839322916665,0.7254533509238984,0.3333333333333333,0.5163977794943223
planning_failure,hard,pure_duplication,2,risk_classifier,6,0.5657833333333333,0.22466154469928015,0.49878333333333336,0.23593212936492278,-0.10838455729166659,1.8512343520261012,0.8112407031250001,0.8887326976059301,0.5,0.5477225575051661
planning_failure,hard,pure_duplication,2,semantic_dedup,6,0.5657833333333333,0.22466154469928015,0.49878333333333336,0.23593212936492278,-0.05772778645833332,1.4513799299508099,0.7605839322916665,0.7254533509238984,0.3333333333333333,0.5163977794943223
planning_failure,hard,pure_duplication,2,source_grouping,6,0.5657833333333333,0.22466154469928015,0.49878333333333336,0.23593212936492278,-0.05772778645833332,1.4513799299508099,0.7605839322916665,0.7254533509238984,0.3333333333333333,0.5163977794943223
planning_failure,hard,pure_duplication,4,bayesian_mixing,6,0.5657833333333333,0.22466154469928015,0.49878333333333336,0.23593212936492278,-0.05772778645833332,1.4513799299508099,0.7605839322916665,0.7254533509238984,0.3333333333333333,0.5163977794943223
planning_failure,hard,pure_duplication,4,exact_dedup,6,0.5657833333333333,0.22466154469928015,0.49878333333333336,0.23593212936492278,-0.05772778645833332,1.4513799299508099,0.7605839322916665,0.7254533509238984,0.3333333333333333,0.5163977794943223
planning_failure,hard,pure_duplication,4,flat_rollout,6,0.7845402328924623,0.1616655468854013,0.4864321044729502,0.350814219586824,0.06495903645833341,1.7009399413059236,0.637897109375,0.7904917191851539,0.5,0.5477225575051661
planning_failure,hard,pure_duplication,4,independent_trajectory,6,0.5657833333333333,0.22466154469928015,0.49878333333333336,0.23593212936492278,0.05835502604166668,0.9579336846511914,0.6445011197916667,0.05216599935798927,0.0,0.0
planning_failure,hard,pure_duplication,4,mean_pooling,6,0.5657833333333333,0.22466154469928015,0.49878333333333336,0.23593212936492278,0.05835502604166668,0.9579336846511914,0.6445011197916667,0.05216599935798927,0.0,0.0
planning_failure,hard,pure_duplication,4,no_imagination,6,0.5657833333333333,0.22466154469928015,0.49878333333333336,0.23593212936492278,-0.17796296875000003,0.01828207369565283,0.8808191145833334,0.9653465561259871,0.5,0.5477225575051661
planning_failure,hard,pure_duplication,4,oracle_provenance,6,0.5657833333333333,0.22466154469928015,0.49878333333333336,0.23593212936492278,-0.05772778645833332,1.4513799299508099,0.7605839322916665,0.7254533509238984,0.3333333333333333,0.5163977794943223
planning_failure,hard,pure_duplication,4,provenance_preserving,6,0.5657833333333333,0.22466154469928015,0.49878333333333336,0.23593212936492278,-0.05772778645833332,1.4513799299508099,0.7605839322916665,0.7254533509238984,0.3333333333333333,0.5163977794943223
planning_failure,hard,pure_duplication,4,risk_classifier,6,0.5657833333333333,0.22466154469928015,0.49878333333333336,0.23593212936492278,-0.10838455729166659,1.8512343520261012,0.8112407031250001,0.8887326976059301,0.5,0.5477225575051661
planning_failure,hard,pure_duplication,4,semantic_dedup,6,0.5657833333333333,0.22466154469928015,0.49878333333333336,0.23593212936492278,-0.05772778645833332,1.4513799299508099,0.7605839322916665,0.7254533509238984,0.3333333333333333,0.5163977794943223
planning_failure,hard,pure_duplication,4,source_grouping,6,0.5657833333333333,0.22466154469928015,0.49878333333333336,0.23593212936492278,-0.05772778645833332,1.4513799299508099,0.7605839322916665,0.7254533509238984,0.3333333333333333,0.5163977794943223
planning_failure,hard,pure_duplication,8,bayesian_mixing,6,0.5657833333333333,0.22466154469928015,0.49878333333333336,0.23593212936492278,-0.05772778645833332,1.4513799299508099,0.7605839322916665,0.7254533509238984,0.3333333333333333,0.5163977794943223
planning_failure,hard,pure_duplication,8,exact_dedup,6,0.5657833333333333,0.22466154469928015,0.49878333333333336,0.23593212936492278,-0.05772778645833332,1.4513799299508099,0.7605839322916665,0.7254533509238984,0.3333333333333333,0.5163977794943223
planning_failure,hard,pure_duplication,8,flat_rollout,6,0.9414423251049295,0.054801551871448625,0.4915138770921996,0.4865823513260289,-0.10838455729166659,1.8512343520261012,0.8112407031250001,0.8887326976059301,0.5,0.5477225575051661
planning_failure,hard,pure_duplication,8,independent_trajectory,6,0.5657833333333333,0.22466154469928015,0.49878333333333336,0.23593212936492278,0.05835502604166668,0.9579336846511914,0.6445011197916667,0.05216599935798927,0.0,0.0
planning_failure,hard,pure_duplication,8,mean_pooling,6,0.5657833333333333,0.22466154469928015,0.49878333333333336,0.23593212936492278,0.05835502604166668,0.9579336846511914,0.6445011197916667,0.05216599935798927,0.0,0.0
planning_failure,hard,pure_duplication,8,no_imagination,6,0.5657833333333333,0.22466154469928015,0.49878333333333336,0.23593212936492278,-0.17796296875000003,0.01828207369565283,0.8808191145833334,0.9653465561259871,0.5,0.5477225575051661
planning_failure,hard,pure_duplication,8,oracle_provenance,6,0.5657833333333333,0.22466154469928015,0.49878333333333336,0.23593212936492278,-0.05772778645833332,1.4513799299508099,0.7605839322916665,0.7254533509238984,0.3333333333333333,0.5163977794943223
planning_failure,hard,pure_duplication,8,provenance_preserving,6,0.5657833333333333,0.22466154469928015,0.49878333333333336,0.23593212936492278,-0.05772778645833332,1.4513799299508099,0.7605839322916665,0.7254533509238984,0.3333333333333333,0.5163977794943223
planning_failure,hard,pure_duplication,8,risk_classifier,6,0.5657833333333333,0.22466154469928015,0.49878333333333336,0.23593212936492278,-0.10838455729166659,1.8512343520261012,0.8112407031250001,0.8887326976059301,0.5,0.5477225575051661
planning_failure,hard,pure_duplication,8,semantic_dedup,6,0.5657833333333333,0.22466154469928015,0.49878333333333336,0.23593212936492278,-0.05772778645833332,1.4513799299508099,0.7605839322916665,0.7254533509238984,0.3333333333333333,0.5163977794943223
planning_failure,hard,pure_duplication,8,source_grouping,6,0.5657833333333333,0.22466154469928015,0.49878333333333336,0.23593212936492278,-0.05772778645833332,1.4513799299508099,0.7605839322916665,0.7254533509238984,0.3333333333333333,0.5163977794943223
planning_failure,hard,pure_duplication,16,bayesian_mixing,6,0.5657833333333333,0.22466154469928015,0.49878333333333336,0.23593212936492278,-0.05772778645833332,1.4513799299508099,0.7605839322916665,0.7254533509238984,0.3333333333333333,0.5163977794943223
planning_failure,hard,pure_duplication,16,exact_dedup,6,0.5657833333333333,0.22466154469928015,0.49878333333333336,0.23593212936492278,-0.05772778645833332,1.4513799299508099,0.7605839322916665,0.7254533509238984,0.3333333333333333,0.5163977794943223
planning_failure,hard,pure_duplication,16,flat_rollout,6,0.9974603077566214,0.002553300536538507,0.49954246433832855,0.544946215225821,-0.10838455729166659,1.8512343520261012,0.8112407031250001,0.8887326976059301,0.5,0.5477225575051661
planning_failure,hard,pure_duplication,16,independent_trajectory,6,0.5657833333333333,0.22466154469928015,0.49878333333333336,0.23593212936492278,0.05835502604166668,0.9579336846511914,0.6445011197916667,0.05216599935798927,0.0,0.0
planning_failure,hard,pure_duplication,16,mean_pooling,6,0.5657833333333333,0.22466154469928015,0.49878333333333336,0.23593212936492278,0.05835502604166668,0.9579336846511914,0.6445011197916667,0.05216599935798927,0.0,0.0
planning_failure,hard,pure_duplication,16,no_imagination,6,0.5657833333333333,0.22466154469928015,0.49878333333333336,0.23593212936492278,-0.17796296875000003,0.01828207369565283,0.8808191145833334,0.9653465561259871,0.5,0.5477225575051661
planning_failure,hard,pure_duplication,16,oracle_provenance,6,0.5657833333333333,0.22466154469928015,0.49878333333333336,0.23593212936492278,-0.05772778645833332,1.4513799299508099,0.7605839322916665,0.7254533509238984,0.3333333333333333,0.5163977794943223
planning_failure,hard,pure_duplication,16,provenance_preserving,6,0.5657833333333333,0.22466154469928015,0.49878333333333336,0.23593212936492278,-0.05772778645833332,1.4513799299508099,0.7605839322916665,0.7254533509238984,0.3333333333333333,0.5163977794943223
planning_failure,hard,pure_duplication,16,risk_classifier,6,0.5657833333333333,0.22466154469928015,0.49878333333333336,0.23593212936492278,-0.10838455729166659,1.8512343520261012,0.8112407031250001,0.8887326976059301,0.5,0.5477225575051661
planning_failure,hard,pure_duplication,16,semantic_dedup,6,0.5657833333333333,0.22466154469928015,0.49878333333333336,0.23593212936492278,-0.05772778645833332,1.4513799299508099,0.7605839322916665,0.7254533509238984,0.3333333333333333,0.5163977794943223
planning_failure,hard,pure_duplication,16,source_grouping,6,0.5657833333333333,0.22466154469928015,0.49878333333333336,0.23593212936492278,-0.05772778645833332,1.4513799299508099,0.7605839322916665,0.7254533509238984,0.3333333333333333,0.5163977794943223
planning_failure,hard,pure_duplication,32,bayesian_mixing,6,0.5657833333333333,0.22466154469928015,0.49878333333333336,0.23593212936492278,-0.05772778645833332,1.4513799299508099,0.7605839322916665,0.7254533509238984,0.3333333333333333,0.5163977794943223
planning_failure,hard,pure_duplication,32,exact_dedup,6,0.5657833333333333,0.22466154469928015,0.49878333333333336,0.23593212936492278,-0.05772778645833332,1.4513799299508099,0.7605839322916665,0.7254533509238984,0.3333333333333333,0.5163977794943223
planning_failure,hard,pure_duplication,32,flat_rollout,6,0.9999961152995208,3.917822474694754e-06,0.4999992937648589,0.5477183020424684,-0.10838455729166659,1.8512343520261012,0.8112407031250001,0.8887326976059301,0.5,0.5477225575051661
planning_failure,hard,pure_duplication,32,independent_trajectory,6,0.5657833333333333,0.22466154469928015,0.49878333333333336,0.23593212936492278,0.05835502604166668,0.9579336846511914,0.6445011197916667,0.05216599935798927,0.0,0.0
planning_failure,hard,pure_duplication,32,mean_pooling,6,0.5657833333333333,0.22466154469928015,0.49878333333333336,0.23593212936492278,0.05835502604166668,0.9579336846511914,0.6445011197916667,0.05216599935798927,0.0,0.0
planning_failure,hard,pure_duplication,32,no_imagination,6,0.5657833333333333,0.22466154469928015,0.49878333333333336,0.23593212936492278,-0.17796296875000003,0.01828207369565283,0.8808191145833334,0.9653465561259871,0.5,0.5477225575051661
planning_failure,hard,pure_duplication,32,oracle_provenance,6,0.5657833333333333,0.22466154469928015,0.49878333333333336,0.23593212936492278,-0.05772778645833332,1.4513799299508099,0.7605839322916665,0.7254533509238984,0.3333333333333333,0.5163977794943223
planning_failure,hard,pure_duplication,32,provenance_preserving,6,0.5657833333333333,0.22466154469928015,0.49878333333333336,0.23593212936492278,-0.05772778645833332,1.4513799299508099,0.7605839322916665,0.7254533509238984,0.3333333333333333,0.5163977794943223
planning_failure,hard,pure_duplication,32,risk_classifier,6,0.5657833333333333,0.22466154469928015,0.49878333333333336,0.23593212936492278,-0.10838455729166659,1.8512343520261012,0.8112407031250001,0.8887326976059301,0.5,0.5477225575051661
planning_failure,hard,pure_duplication,32,semantic_dedup,6,0.5657833333333333,0.22466154469928015,0.49878333333333336,0.23593212936492278,-0.05772778645833332,1.4513799299508099,0.7605839322916665,0.7254533509238984,0.3333333333333333,0.5163977794943223
planning_failure,hard,pure_duplication,32,source_grouping,6,0.5657833333333333,0.22466154469928015,0.49878333333333336,0.23593212936492278,-0.05772778645833332,1.4513799299508099,0.7605839322916665,0.7254533509238984,0.3333333333333333,0.5163977794943223
planning_failure,hard,pure_duplication,64,bayesian_mixing,6,0.5657833333333333,0.22466154469928015,0.49878333333333336,0.23593212936492278,-0.05772778645833332,1.4513799299508099,0.7605839322916665,0.7254533509238984,0.3333333333333333,0.5163977794943223
planning_failure,hard,pure_duplication,64,exact_dedup,6,0.5657833333333333,0.22466154469928015,0.49878333333333336,0.23593212936492278,-0.05772778645833332,1.4513799299508099,0.7605839322916665,0.7254533509238984,0.3333333333333333,0.5163977794943223
planning_failure,hard,pure_duplication,64,flat_rollout,6,0.999999999990996,9.08091558838709e-12,0.49999999999836303,0.5477225574953026,-0.10838455729166659,1.8512343520261012,0.8112407031250001,0.8887326976059301,0.5,0.5477225575051661
planning_failure,hard,pure_duplication,64,independent_trajectory,6,0.5657833333333333,0.22466154469928015,0.49878333333333336,0.23593212936492278,0.05835502604166668,0.9579336846511914,0.6445011197916667,0.05216599935798927,0.0,0.0
planning_failure,hard,pure_duplication,64,mean_pooling,6,0.5657833333333333,0.22466154469928015,0.49878333333333336,0.23593212936492278,0.05835502604166668,0.9579336846511914,0.6445011197916667,0.05216599935798927,0.0,0.0
planning_failure,hard,pure_duplication,64,no_imagination,6,0.5657833333333333,0.22466154469928015,0.49878333333333336,0.23593212936492278,-0.17796296875000003,0.01828207369565283,0.8808191145833334,0.9653465561259871,0.5,0.5477225575051661
planning_failure,hard,pure_duplication,64,oracle_provenance,6,0.5657833333333333,0.22466154469928015,0.49878333333333336,0.23593212936492278,-0.05772778645833332,1.4513799299508099,0.7605839322916665,0.7254533509238984,0.3333333333333333,0.5163977794943223
planning_failure,hard,pure_duplication,64,provenance_preserving,6,0.5657833333333333,0.22466154469928015,0.49878333333333336,0.23593212936492278,-0.05772778645833332,1.4513799299508099,0.7605839322916665,0.7254533509238984,0.3333333333333333,0.5163977794943223
planning_failure,hard,pure_duplication,64,risk_classifier,6,0.5657833333333333,0.22466154469928015,0.49878333333333336,0.23593212936492278,-0.10838455729166659,1.8512343520261012,0.8112407031250001,0.8887326976059301,0.5,0.5477225575051661
planning_failure,hard,pure_duplication,64,semantic_dedup,6,0.5657833333333333,0.22466154469928015,0.49878333333333336,0.23593212936492278,-0.05772778645833332,1.4513799299508099,0.7605839322916665,0.7254533509238984,0.3333333333333333,0.5163977794943223
planning_failure,hard,pure_duplication,64,source_grouping,6,0.5657833333333333,0.22466154469928015,0.49878333333333336,0.23593212936492278,-0.05772778645833332,1.4513799299508099,0.7605839322916665,0.7254533509238984,0.3333333333333333,0.5163977794943223
planning_failure,medium,independent_rollout,1,bayesian_mixing,4,0.507975,0.23901280823420318,0.591925,0.21434780731325428,-0.04178464843749996,1.2610731442194085,1.2169257812499998,0.5875842018998485,0.0,0.0
planning_failure,medium,independent_rollout,1,exact_dedup,4,0.507975,0.23901280823420318,0.591925,0.21434780731325428,-0.04178464843749996,1.2610731442194085,1.2169257812499998,0.5875842018998485,0.0,0.0
planning_failure,medium,independent_rollout,1,flat_rollout,4,0.507975,0.23901280823420318,0.591925,0.21434780731325428,-0.04178464843749996,1.2610731442194085,1.2169257812499998,0.5875842018998485,0.0,0.0
planning_failure,medium,independent_rollout,1,independent_trajectory,4,0.507975,0.23901280823420318,0.591925,0.21434780731325428,0.818872890625,0.7362511108872921,0.3562682421874999,0.41145356526477905,0.5,0.5773502691896257
planning_failure,medium,independent_rollout,1,mean_pooling,4,0.507975,0.23901280823420318,0.591925,0.21434780731325428,0.818872890625,0.7362511108872921,0.3562682421874999,0.41145356526477905,0.5,0.5773502691896257
planning_failure,medium,independent_rollout,1,no_imagination,4,0.507975,0.23901280823420318,0.591925,0.21434780731325428,-0.1452649609375,0.022083924231865126,1.32040609375,0.8812639750455327,0.25,0.5
planning_failure,medium,independent_rollout,1,oracle_provenance,4,0.507975,0.23901280823420318,0.591925,0.21434780731325428,-0.04178464843749996,1.2610731442194085,1.2169257812499998,0.5875842018998485,0.0,0.0
planning_failure,medium,independent_rollout,1,provenance_preserving,4,0.507975,0.23901280823420318,0.591925,0.21434780731325428,-0.04178464843749996,1.2610731442194085,1.2169257812499998,0.5875842018998485,0.0,0.0
planning_failure,medium,independent_rollout,1,risk_classifier,4,0.507975,0.23901280823420318,0.591925,0.21434780731325428,0.76850140625,1.6968352954811905,0.4066397265625,0.8132794531249999,0.75,0.5
planning_failure,medium,independent_rollout,1,semantic_dedup,4,0.507975,0.23901280823420318,0.591925,0.21434780731325428,-0.04178464843749996,1.2610731442194085,1.2169257812499998,0.5875842018998485,0.0,0.0
planning_failure,medium,independent_rollout,1,source_grouping,4,0.507975,0.23901280823420318,0.591925,0.21434780731325428,-0.04178464843749996,1.2610731442194085,1.2169257812499998,0.5875842018998485,0.0,0.0
planning_failure,medium,independent_rollout,2,bayesian_mixing,4,0.507975,0.23901280823420318,0.591925,0.21434780731325428,0.1386804296875,1.4746520945596897,1.036460703125,0.8448497980900632,0.25,0.5
planning_failure,medium,independent_rollout,2,exact_dedup,4,0.507975,0.23901280823420318,0.591925,0.21434780731325428,0.1386804296875,1.4746520945596897,1.036460703125,0.8448497980900632,0.25,0.5
planning_failure,medium,independent_rollout,2,flat_rollout,4,0.507975,0.23901280823420318,0.591925,0.21434780731325428,0.1386804296875,1.4746520945596897,1.036460703125,0.8448497980900632,0.25,0.5
planning_failure,medium,independent_rollout,2,independent_trajectory,4,0.507975,0.23901280823420318,0.591925,0.21434780731325428,0.4122331640625,1.5013514582668552,0.76290796875,0.6666258198432289,0.25,0.5
planning_failure,medium,independent_rollout,2,mean_pooling,4,0.507975,0.23901280823420318,0.591925,0.21434780731325428,0.4122331640625,1.5013514582668552,0.76290796875,0.6666258198432289,0.25,0.5
planning_failure,medium,independent_rollout,2,no_imagination,4,0.507975,0.23901280823420318,0.591925,0.21434780731325428,-0.1452649609375,0.022083924231865126,1.32040609375,0.8812639750455327,0.25,0.5
planning_failure,medium,independent_rollout,2,oracle_provenance,4,0.507975,0.23901280823420318,0.591925,0.21434780731325428,0.1386804296875,1.4746520945596897,1.036460703125,0.8448497980900632,0.25,0.5
planning_failure,medium,independent_rollout,2,provenance_preserving,4,0.507975,0.23901280823420318,0.591925,0.21434780731325428,0.1386804296875,1.4746520945596897,1.036460703125,0.8448497980900632,0.25,0.5
planning_failure,medium,independent_rollout,2,risk_classifier,4,0.507975,0.23901280823420318,0.591925,0.21434780731325428,0.76850140625,1.6968352954811905,0.4066397265625,0.8132794531249999,0.75,0.5
planning_failure,medium,independent_rollout,2,semantic_dedup,4,0.507975,0.23901280823420318,0.591925,0.21434780731325428,0.1386804296875,1.4746520945596897,1.036460703125,0.8448497980900632,0.25,0.5
planning_failure,medium,independent_rollout,2,source_grouping,4,0.507975,0.23901280823420318,0.591925,0.21434780731325428,0.1386804296875,1.4746520945596897,1.036460703125,0.8448497980900632,0.25,0.5
planning_failure,medium,independent_rollout,4,bayesian_mixing,4,0.507975,0.23901280823420318,0.591925,0.21434780731325428,0.1386804296875,1.4746520945596897,1.036460703125,0.8448497980900632,0.25,0.5
planning_failure,medium,independent_rollout,4,exact_dedup,4,0.507975,0.23901280823420318,0.591925,0.21434780731325428,0.1386804296875,1.4746520945596897,1.036460703125,0.8448497980900632,0.25,0.5
planning_failure,medium,independent_rollout,4,flat_rollout,4,0.507975,0.23901280823420318,0.591925,0.21434780731325428,0.1386804296875,1.4746520945596897,1.036460703125,0.8448497980900632,0.25,0.5
planning_failure,medium,independent_rollout,4,independent_trajectory,4,0.507975,0.23901280823420318,0.591925,0.21434780731325428,0.544620078125,0.9239674239618781,0.6305210546874999,0.1386489753970506,0.0,0.0
planning_failure,medium,independent_rollout,4,mean_pooling,4,0.507975,0.23901280823420318,0.591925,0.21434780731325428,0.544620078125,0.9239674239618781,0.6305210546874999,0.1386489753970506,0.0,0.0
planning_failure,medium,independent_rollout,4,no_imagination,4,0.507975,0.23901280823420318,0.591925,0.21434780731325428,-0.1452649609375,0.022083924231865126,1.32040609375,0.8812639750455327,0.25,0.5
planning_failure,medium,independent_rollout,4,oracle_provenance,4,0.507975,0.23901280823420318,0.591925,0.21434780731325428,0.1386804296875,1.4746520945596897,1.036460703125,0.8448497980900632,0.25,0.5
planning_failure,medium,independent_rollout,4,provenance_preserving,4,0.507975,0.23901280823420318,0.591925,0.21434780731325428,0.1386804296875,1.4746520945596897,1.036460703125,0.8448497980900632,0.25,0.5
planning_failure,medium,independent_rollout,4,risk_classifier,4,0.507975,0.23901280823420318,0.591925,0.21434780731325428,0.76850140625,1.6968352954811905,0.4066397265625,0.8132794531249999,0.75,0.5
planning_failure,medium,independent_rollout,4,semantic_dedup,4,0.507975,0.23901280823420318,0.591925,0.21434780731325428,0.1386804296875,1.4746520945596897,1.036460703125,0.8448497980900632,0.25,0.5
planning_failure,medium,independent_rollout,4,source_grouping,4,0.507975,0.23901280823420318,0.591925,0.21434780731325428,0.1386804296875,1.4746520945596897,1.036460703125,0.8448497980900632,0.25,0.5
planning_failure,medium,independent_rollout,8,bayesian_mixing,4,0.507975,0.23901280823420318,0.591925,0.21434780731325428,0.1386804296875,1.4746520945596897,1.036460703125,0.8448497980900632,0.25,0.5
planning_failure,medium,independent_rollout,8,exact_dedup,4,0.507975,0.23901280823420318,0.591925,0.21434780731325428,0.1386804296875,1.4746520945596897,1.036460703125,0.8448497980900632,0.25,0.5
planning_failure,medium,independent_rollout,8,flat_rollout,4,0.507975,0.23901280823420318,0.591925,0.21434780731325428,0.1386804296875,1.4746520945596897,1.036460703125,0.8448497980900632,0.25,0.5
planning_failure,medium,independent_rollout,8,independent_trajectory,4,0.507975,0.23901280823420318,0.591925,0.21434780731325428,0.544620078125,0.9239674239618781,0.6305210546874999,0.1386489753970506,0.0,0.0
planning_failure,medium,independent_rollout,8,mean_pooling,4,0.507975,0.23901280823420318,0.591925,0.21434780731325428,0.544620078125,0.9239674239618781,0.6305210546874999,0.1386489753970506,0.0,0.0
planning_failure,medium,independent_rollout,8,no_imagination,4,0.507975,0.23901280823420318,0.591925,0.21434780731325428,-0.1452649609375,0.022083924231865126,1.32040609375,0.8812639750455327,0.25,0.5
planning_failure,medium,independent_rollout,8,oracle_provenance,4,0.507975,0.23901280823420318,0.591925,0.21434780731325428,0.1386804296875,1.4746520945596897,1.036460703125,0.8448497980900632,0.25,0.5
planning_failure,medium,independent_rollout,8,provenance_preserving,4,0.507975,0.23901280823420318,0.591925,0.21434780731325428,0.1386804296875,1.4746520945596897,1.036460703125,0.8448497980900632,0.25,0.5
planning_failure,medium,independent_rollout,8,risk_classifier,4,0.507975,0.23901280823420318,0.591925,0.21434780731325428,0.76850140625,1.6968352954811905,0.4066397265625,0.8132794531249999,0.75,0.5
planning_failure,medium,independent_rollout,8,semantic_dedup,4,0.507975,0.23901280823420318,0.591925,0.21434780731325428,0.1386804296875,1.4746520945596897,1.036460703125,0.8448497980900632,0.25,0.5
planning_failure,medium,independent_rollout,8,source_grouping,4,0.507975,0.23901280823420318,0.591925,0.21434780731325428,0.1386804296875,1.4746520945596897,1.036460703125,0.8448497980900632,0.25,0.5
planning_failure,medium,independent_rollout,16,bayesian_mixing,4,0.507975,0.23901280823420318,0.591925,0.21434780731325428,0.1386804296875,1.4746520945596897,1.036460703125,0.8448497980900632,0.25,0.5
planning_failure,medium,independent_rollout,16,exact_dedup,4,0.507975,0.23901280823420318,0.591925,0.21434780731325428,0.1386804296875,1.4746520945596897,1.036460703125,0.8448497980900632,0.25,0.5
planning_failure,medium,independent_rollout,16,flat_rollout,4,0.507975,0.23901280823420318,0.591925,0.21434780731325428,0.1386804296875,1.4746520945596897,1.036460703125,0.8448497980900632,0.25,0.5
planning_failure,medium,independent_rollout,16,independent_trajectory,4,0.507975,0.23901280823420318,0.591925,0.21434780731325428,0.544620078125,0.9239674239618781,0.6305210546874999,0.1386489753970506,0.0,0.0
planning_failure,medium,independent_rollout,16,mean_pooling,4,0.507975,0.23901280823420318,0.591925,0.21434780731325428,0.544620078125,0.9239674239618781,0.6305210546874999,0.1386489753970506,0.0,0.0
planning_failure,medium,independent_rollout,16,no_imagination,4,0.507975,0.23901280823420318,0.591925,0.21434780731325428,-0.1452649609375,0.022083924231865126,1.32040609375,0.8812639750455327,0.25,0.5
planning_failure,medium,independent_rollout,16,oracle_provenance,4,0.507975,0.23901280823420318,0.591925,0.21434780731325428,0.1386804296875,1.4746520945596897,1.036460703125,0.8448497980900632,0.25,0.5
planning_failure,medium,independent_rollout,16,provenance_preserving,4,0.507975,0.23901280823420318,0.591925,0.21434780731325428,0.1386804296875,1.4746520945596897,1.036460703125,0.8448497980900632,0.25,0.5
planning_failure,medium,independent_rollout,16,risk_classifier,4,0.507975,0.23901280823420318,0.591925,0.21434780731325428,0.76850140625,1.6968352954811905,0.4066397265625,0.8132794531249999,0.75,0.5
planning_failure,medium,independent_rollout,16,semantic_dedup,4,0.507975,0.23901280823420318,0.591925,0.21434780731325428,0.1386804296875,1.4746520945596897,1.036460703125,0.8448497980900632,0.25,0.5
planning_failure,medium,independent_rollout,16,source_grouping,4,0.507975,0.23901280823420318,0.591925,0.21434780731325428,0.1386804296875,1.4746520945596897,1.036460703125,0.8448497980900632,0.25,0.5
planning_failure,medium,independent_rollout,32,bayesian_mixing,4,0.507975,0.23901280823420318,0.591925,0.21434780731325428,0.1386804296875,1.4746520945596897,1.036460703125,0.8448497980900632,0.25,0.5
planning_failure,medium,independent_rollout,32,exact_dedup,4,0.507975,0.23901280823420318,0.591925,0.21434780731325428,0.1386804296875,1.4746520945596897,1.036460703125,0.8448497980900632,0.25,0.5
planning_failure,medium,independent_rollout,32,flat_rollout,4,0.507975,0.23901280823420318,0.591925,0.21434780731325428,0.1386804296875,1.4746520945596897,1.036460703125,0.8448497980900632,0.25,0.5
planning_failure,medium,independent_rollout,32,independent_trajectory,4,0.507975,0.23901280823420318,0.591925,0.21434780731325428,0.46467683593750003,0.8579119152644069,0.7104642968749999,0.03062515169671716,0.0,0.0
planning_failure,medium,independent_rollout,32,mean_pooling,4,0.507975,0.23901280823420318,0.591925,0.21434780731325428,0.46467683593750003,0.8579119152644069,0.7104642968749999,0.03062515169671716,0.0,0.0
planning_failure,medium,independent_rollout,32,no_imagination,4,0.507975,0.23901280823420318,0.591925,0.21434780731325428,-0.1452649609375,0.022083924231865126,1.32040609375,0.8812639750455327,0.25,0.5
planning_failure,medium,independent_rollout,32,oracle_provenance,4,0.507975,0.23901280823420318,0.591925,0.21434780731325428,0.1386804296875,1.4746520945596897,1.036460703125,0.8448497980900632,0.25,0.5
planning_failure,medium,independent_rollout,32,provenance_preserving,4,0.507975,0.23901280823420318,0.591925,0.21434780731325428,0.1386804296875,1.4746520945596897,1.036460703125,0.8448497980900632,0.25,0.5
planning_failure,medium,independent_rollout,32,risk_classifier,4,0.507975,0.23901280823420318,0.591925,0.21434780731325428,0.76850140625,1.6968352954811905,0.4066397265625,0.8132794531249999,0.75,0.5
planning_failure,medium,independent_rollout,32,semantic_dedup,4,0.507975,0.23901280823420318,0.591925,0.21434780731325428,0.1386804296875,1.4746520945596897,1.036460703125,0.8448497980900632,0.25,0.5
planning_failure,medium,independent_rollout,32,source_grouping,4,0.507975,0.23901280823420318,0.591925,0.21434780731325428,0.1386804296875,1.4746520945596897,1.036460703125,0.8448497980900632,0.25,0.5
planning_failure,medium,independent_rollout,64,bayesian_mixing,4,0.507975,0.23901280823420318,0.591925,0.21434780731325428,0.1386804296875,1.4746520945596897,1.036460703125,0.8448497980900632,0.25,0.5
planning_failure,medium,independent_rollout,64,exact_dedup,4,0.507975,0.23901280823420318,0.591925,0.21434780731325428,0.1386804296875,1.4746520945596897,1.036460703125,0.8448497980900632,0.25,0.5
planning_failure,medium,independent_rollout,64,flat_rollout,4,0.507975,0.23901280823420318,0.591925,0.21434780731325428,0.1386804296875,1.4746520945596897,1.036460703125,0.8448497980900632,0.25,0.5
planning_failure,medium,independent_rollout,64,independent_trajectory,4,0.507975,0.23901280823420318,0.591925,0.21434780731325428,0.46467683593750003,0.8579119152644069,0.7104642968749999,0.03062515169671716,0.0,0.0
planning_failure,medium,independent_rollout,64,mean_pooling,4,0.507975,0.23901280823420318,0.591925,0.21434780731325428,0.46467683593750003,0.8579119152644069,0.7104642968749999,0.03062515169671716,0.0,0.0
planning_failure,medium,independent_rollout,64,no_imagination,4,0.507975,0.23901280823420318,0.591925,0.21434780731325428,-0.1452649609375,0.022083924231865126,1.32040609375,0.8812639750455327,0.25,0.5
planning_failure,medium,independent_rollout,64,oracle_provenance,4,0.507975,0.23901280823420318,0.591925,0.21434780731325428,0.1386804296875,1.4746520945596897,1.036460703125,0.8448497980900632,0.25,0.5
planning_failure,medium,independent_rollout,64,provenance_preserving,4,0.507975,0.23901280823420318,0.591925,0.21434780731325428,0.1386804296875,1.4746520945596897,1.036460703125,0.8448497980900632,0.25,0.5
planning_failure,medium,independent_rollout,64,risk_classifier,4,0.507975,0.23901280823420318,0.591925,0.21434780731325428,0.76850140625,1.6968352954811905,0.4066397265625,0.8132794531249999,0.75,0.5
planning_failure,medium,independent_rollout,64,semantic_dedup,4,0.507975,0.23901280823420318,0.591925,0.21434780731325428,0.1386804296875,1.4746520945596897,1.036460703125,0.8448497980900632,0.25,0.5
planning_failure,medium,independent_rollout,64,source_grouping,4,0.507975,0.23901280823420318,0.591925,0.21434780731325428,0.1386804296875,1.4746520945596897,1.036460703125,0.8448497980900632,0.25,0.5
planning_failure,medium,pure_duplication,1,bayesian_mixing,4,0.507975,0.23901280823420318,0.591925,0.21434780731325428,0.1386804296875,1.4746520945596897,1.036460703125,0.8448497980900632,0.25,0.5
planning_failure,medium,pure_duplication,1,exact_dedup,4,0.507975,0.23901280823420318,0.591925,0.21434780731325428,0.1386804296875,1.4746520945596897,1.036460703125,0.8448497980900632,0.25,0.5
planning_failure,medium,pure_duplication,1,flat_rollout,4,0.507975,0.23901280823420318,0.591925,0.21434780731325428,0.1386804296875,1.4746520945596897,1.036460703125,0.8448497980900632,0.25,0.5
planning_failure,medium,pure_duplication,1,independent_trajectory,4,0.507975,0.23901280823420318,0.591925,0.21434780731325428,0.46467683593750003,0.8579119152644069,0.7104642968749999,0.03062515169671716,0.0,0.0
planning_failure,medium,pure_duplication,1,mean_pooling,4,0.507975,0.23901280823420318,0.591925,0.21434780731325428,0.46467683593750003,0.8579119152644069,0.7104642968749999,0.03062515169671716,0.0,0.0
planning_failure,medium,pure_duplication,1,no_imagination,4,0.507975,0.23901280823420318,0.591925,0.21434780731325428,-0.1452649609375,0.022083924231865126,1.32040609375,0.8812639750455327,0.25,0.5
planning_failure,medium,pure_duplication,1,oracle_provenance,4,0.507975,0.23901280823420318,0.591925,0.21434780731325428,0.1386804296875,1.4746520945596897,1.036460703125,0.8448497980900632,0.25,0.5
planning_failure,medium,pure_duplication,1,provenance_preserving,4,0.507975,0.23901280823420318,0.591925,0.21434780731325428,0.1386804296875,1.4746520945596897,1.036460703125,0.8448497980900632,0.25,0.5
planning_failure,medium,pure_duplication,1,risk_classifier,4,0.507975,0.23901280823420318,0.591925,0.21434780731325428,0.76850140625,1.6968352954811905,0.4066397265625,0.8132794531249999,0.75,0.5
planning_failure,medium,pure_duplication,1,semantic_dedup,4,0.507975,0.23901280823420318,0.591925,0.21434780731325428,0.1386804296875,1.4746520945596897,1.036460703125,0.8448497980900632,0.25,0.5
planning_failure,medium,pure_duplication,1,source_grouping,4,0.507975,0.23901280823420318,0.591925,0.21434780731325428,0.1386804296875,1.4746520945596897,1.036460703125,0.8448497980900632,0.25,0.5
planning_failure,medium,pure_duplication,2,bayesian_mixing,4,0.507975,0.23901280823420318,0.591925,0.21434780731325428,0.1386804296875,1.4746520945596897,1.036460703125,0.8448497980900632,0.25,0.5
planning_failure,medium,pure_duplication,2,exact_dedup,4,0.507975,0.23901280823420318,0.591925,0.21434780731325428,0.1386804296875,1.4746520945596897,1.036460703125,0.8448497980900632,0.25,0.5
planning_failure,medium,pure_duplication,2,flat_rollout,4,0.5902399197411529,0.24366560256708264,0.5485666585239038,0.2590089244292477,0.212128125,1.5303011698368356,0.9630130078124999,0.8947734758849977,0.25,0.5
planning_failure,medium,pure_duplication,2,independent_trajectory,4,0.507975,0.23901280823420318,0.591925,0.21434780731325428,0.46467683593750003,0.8579119152644069,0.7104642968749999,0.03062515169671716,0.0,0.0
planning_failure,medium,pure_duplication,2,mean_pooling,4,0.507975,0.23901280823420318,0.591925,0.21434780731325428,0.46467683593750003,0.8579119152644069,0.7104642968749999,0.03062515169671716,0.0,0.0
planning_failure,medium,pure_duplication,2,no_imagination,4,0.507975,0.23901280823420318,0.591925,0.21434780731325428,-0.1452649609375,0.022083924231865126,1.32040609375,0.8812639750455327,0.25,0.5
planning_failure,medium,pure_duplication,2,oracle_provenance,4,0.507975,0.23901280823420318,0.591925,0.21434780731325428,0.1386804296875,1.4746520945596897,1.036460703125,0.8448497980900632,0.25,0.5
planning_failure,medium,pure_duplication,2,provenance_preserving,4,0.507975,0.23901280823420318,0.591925,0.21434780731325428,0.1386804296875,1.4746520945596897,1.036460703125,0.8448497980900632,0.25,0.5
planning_failure,medium,pure_duplication,2,risk_classifier,4,0.507975,0.23901280823420318,0.591925,0.21434780731325428,0.76850140625,1.6968352954811905,0.4066397265625,0.8132794531249999,0.75,0.5
planning_failure,medium,pure_duplication,2,semantic_dedup,4,0.507975,0.23901280823420318,0.591925,0.21434780731325428,0.1386804296875,1.4746520945596897,1.036460703125,0.8448497980900632,0.25,0.5
planning_failure,medium,pure_duplication,2,source_grouping,4,0.507975,0.23901280823420318,0.591925,0.21434780731325428,0.1386804296875,1.4746520945596897,1.036460703125,0.8448497980900632,0.25,0.5
planning_failure,medium,pure_duplication,4,bayesian_mixing,4,0.507975,0.23901280823420318,0.591925,0.21434780731325428,0.1386804296875,1.4746520945596897,1.036460703125,0.8448497980900632,0.25,0.5
planning_failure,medium,pure_duplication,4,exact_dedup,4,0.507975,0.23901280823420318,0.591925,0.21434780731325428,0.1386804296875,1.4746520945596897,1.036460703125,0.8448497980900632,0.25,0.5
planning_failure,medium,pure_duplication,4,flat_rollout,4,0.7362981938653734,0.21324300075496636,0.4573161598690957,0.3427717593267255,0.5823503124999999,1.6076394323361098,0.5927908203125,0.7734178957034957,0.5,0.5773502691896257
planning_failure,medium,pure_duplication,4,independent_trajectory,4,0.507975,0.23901280823420318,0.591925,0.21434780731325428,0.46467683593750003,0.8579119152644069,0.7104642968749999,0.03062515169671716,0.0,0.0
planning_failure,medium,pure_duplication,4,mean_pooling,4,0.507975,0.23901280823420318,0.591925,0.21434780731325428,0.46467683593750003,0.8579119152644069,0.7104642968749999,0.03062515169671716,0.0,0.0
planning_failure,medium,pure_duplication,4,no_imagination,4,0.507975,0.23901280823420318,0.591925,0.21434780731325428,-0.1452649609375,0.022083924231865126,1.32040609375,0.8812639750455327,0.25,0.5
planning_failure,medium,pure_duplication,4,oracle_provenance,4,0.507975,0.23901280823420318,0.591925,0.21434780731325428,0.1386804296875,1.4746520945596897,1.036460703125,0.8448497980900632,0.25,0.5
planning_failure,medium,pure_duplication,4,provenance_preserving,4,0.507975,0.23901280823420318,0.591925,0.21434780731325428,0.1386804296875,1.4746520945596897,1.036460703125,0.8448497980900632,0.25,0.5
planning_failure,medium,pure_duplication,4,risk_classifier,4,0.507975,0.23901280823420318,0.591925,0.21434780731325428,0.76850140625,1.6968352954811905,0.4066397265625,0.8132794531249999,0.75,0.5
planning_failure,medium,pure_duplication,4,semantic_dedup,4,0.507975,0.23901280823420318,0.591925,0.21434780731325428,0.1386804296875,1.4746520945596897,1.036460703125,0.8448497980900632,0.25,0.5
planning_failure,medium,pure_duplication,4,source_grouping,4,0.507975,0.23901280823420318,0.591925,0.21434780731325428,0.1386804296875,1.4746520945596897,1.036460703125,0.8448497980900632,0.25,0.5
planning_failure,medium,pure_duplication,8,bayesian_mixing,4,0.507975,0.23901280823420318,0.591925,0.21434780731325428,0.1386804296875,1.4746520945596897,1.036460703125,0.8448497980900632,0.25,0.5
planning_failure,medium,pure_duplication,8,exact_dedup,4,0.507975,0.23901280823420318,0.591925,0.21434780731325428,0.1386804296875,1.4746520945596897,1.036460703125,0.8448497980900632,0.25,0.5
planning_failure,medium,pure_duplication,8,flat_rollout,4,0.919872173363997,0.08675307117886753,0.3178817022786396,0.4453764536804111,0.76850140625,1.6968352954811905,0.4066397265625,0.8132794531249999,0.75,0.5
planning_failure,medium,pure_duplication,8,independent_trajectory,4,0.507975,0.23901280823420318,0.591925,0.21434780731325428,0.46467683593750003,0.8579119152644069,0.7104642968749999,0.03062515169671716,0.0,0.0
planning_failure,medium,pure_duplication,8,mean_pooling,4,0.507975,0.23901280823420318,0.591925,0.21434780731325428,0.46467683593750003,0.8579119152644069,0.7104642968749999,0.03062515169671716,0.0,0.0
planning_failure,medium,pure_duplication,8,no_imagination,4,0.507975,0.23901280823420318,0.591925,0.21434780731325428,-0.1452649609375,0.022083924231865126,1.32040609375,0.8812639750455327,0.25,0.5
planning_failure,medium,pure_duplication,8,oracle_provenance,4,0.507975,0.23901280823420318,0.591925,0.21434780731325428,0.1386804296875,1.4746520945596897,1.036460703125,0.8448497980900632,0.25,0.5
planning_failure,medium,pure_duplication,8,provenance_preserving,4,0.507975,0.23901280823420318,0.591925,0.21434780731325428,0.1386804296875,1.4746520945596897,1.036460703125,0.8448497980900632,0.25,0.5
planning_failure,medium,pure_duplication,8,risk_classifier,4,0.507975,0.23901280823420318,0.591925,0.21434780731325428,0.76850140625,1.6968352954811905,0.4066397265625,0.8132794531249999,0.75,0.5
planning_failure,medium,pure_duplication,8,semantic_dedup,4,0.507975,0.23901280823420318,0.591925,0.21434780731325428,0.1386804296875,1.4746520945596897,1.036460703125,0.8448497980900632,0.25,0.5
planning_failure,medium,pure_duplication,8,source_grouping,4,0.507975,0.23901280823420318,0.591925,0.21434780731325428,0.1386804296875,1.4746520945596897,1.036460703125,0.8448497980900632,0.25,0.5
planning_failure,medium,pure_duplication,16,bayesian_mixing,4,0.507975,0.23901280823420318,0.591925,0.21434780731325428,0.1386804296875,1.4746520945596897,1.036460703125,0.8448497980900632,0.25,0.5
planning_failure,medium,pure_duplication,16,exact_dedup,4,0.507975,0.23901280823420318,0.591925,0.21434780731325428,0.1386804296875,1.4746520945596897,1.036460703125,0.8448497980900632,0.25,0.5
planning_failure,medium,pure_duplication,16,flat_rollout,4,0.9963174819790357,0.0043600242038165865,0.2531931758741573,0.49723460839757755,0.76850140625,1.6968352954811905,0.4066397265625,0.8132794531249999,0.75,0.5
planning_failure,medium,pure_duplication,16,independent_trajectory,4,0.507975,0.23901280823420318,0.591925,0.21434780731325428,0.46467683593750003,0.8579119152644069,0.7104642968749999,0.03062515169671716,0.0,0.0
planning_failure,medium,pure_duplication,16,mean_pooling,4,0.507975,0.23901280823420318,0.591925,0.21434780731325428,0.46467683593750003,0.8579119152644069,0.7104642968749999,0.03062515169671716,0.0,0.0
planning_failure,medium,pure_duplication,16,no_imagination,4,0.507975,0.23901280823420318,0.591925,0.21434780731325428,-0.1452649609375,0.022083924231865126,1.32040609375,0.8812639750455327,0.25,0.5
planning_failure,medium,pure_duplication,16,oracle_provenance,4,0.507975,0.23901280823420318,0.591925,0.21434780731325428,0.1386804296875,1.4746520945596897,1.036460703125,0.8448497980900632,0.25,0.5
planning_failure,medium,pure_duplication,16,provenance_preserving,4,0.507975,0.23901280823420318,0.591925,0.21434780731325428,0.1386804296875,1.4746520945596897,1.036460703125,0.8448497980900632,0.25,0.5
planning_failure,medium,pure_duplication,16,risk_classifier,4,0.507975,0.23901280823420318,0.591925,0.21434780731325428,0.76850140625,1.6968352954811905,0.4066397265625,0.8132794531249999,0.75,0.5
planning_failure,medium,pure_duplication,16,semantic_dedup,4,0.507975,0.23901280823420318,0.591925,0.21434780731325428,0.1386804296875,1.4746520945596897,1.036460703125,0.8448497980900632,0.25,0.5
planning_failure,medium,pure_duplication,16,source_grouping,4,0.507975,0.23901280823420318,0.591925,0.21434780731325428,0.1386804296875,1.4746520945596897,1.036460703125,0.8448497980900632,0.25,0.5
planning_failure,medium,pure_duplication,32,bayesian_mixing,4,0.507975,0.23901280823420318,0.591925,0.21434780731325428,0.1386804296875,1.4746520945596897,1.036460703125,0.8448497980900632,0.25,0.5
planning_failure,medium,pure_duplication,32,exact_dedup,4,0.507975,0.23901280823420318,0.591925,0.21434780731325428,0.1386804296875,1.4746520945596897,1.036460703125,0.8448497980900632,0.25,0.5
planning_failure,medium,pure_duplication,32,flat_rollout,4,0.9999943508979015,6.714283251474133e-06,0.25000490337989256,0.49999573682119614,0.76850140625,1.6968352954811905,0.4066397265625,0.8132794531249999,0.75,0.5
planning_failure,medium,pure_duplication,32,independent_trajectory,4,0.507975,0.23901280823420318,0.591925,0.21434780731325428,0.46467683593750003,0.8579119152644069,0.7104642968749999,0.03062515169671716,0.0,0.0
planning_failure,medium,pure_duplication,32,mean_pooling,4,0.507975,0.23901280823420318,0.591925,0.21434780731325428,0.46467683593750003,0.8579119152644069,0.7104642968749999,0.03062515169671716,0.0,0.0
planning_failure,medium,pure_duplication,32,no_imagination,4,0.507975,0.23901280823420318,0.591925,0.21434780731325428,-0.1452649609375,0.022083924231865126,1.32040609375,0.8812639750455327,0.25,0.5
planning_failure,medium,pure_duplication,32,oracle_provenance,4,0.507975,0.23901280823420318,0.591925,0.21434780731325428,0.1386804296875,1.4746520945596897,1.036460703125,0.8448497980900632,0.25,0.5
planning_failure,medium,pure_duplication,32,provenance_preserving,4,0.507975,0.23901280823420318,0.591925,0.21434780731325428,0.1386804296875,1.4746520945596897,1.036460703125,0.8448497980900632,0.25,0.5
planning_failure,medium,pure_duplication,32,risk_classifier,4,0.507975,0.23901280823420318,0.591925,0.21434780731325428,0.76850140625,1.6968352954811905,0.4066397265625,0.8132794531249999,0.75,0.5
planning_failure,medium,pure_duplication,32,semantic_dedup,4,0.507975,0.23901280823420318,0.591925,0.21434780731325428,0.1386804296875,1.4746520945596897,1.036460703125,0.8448497980900632,0.25,0.5
planning_failure,medium,pure_duplication,32,source_grouping,4,0.507975,0.23901280823420318,0.591925,0.21434780731325428,0.1386804296875,1.4746520945596897,1.036460703125,0.8448497980900632,0.25,0.5
planning_failure,medium,pure_duplication,64,bayesian_mixing,4,0.507975,0.23901280823420318,0.591925,0.21434780731325428,0.1386804296875,1.4746520945596897,1.036460703125,0.8448497980900632,0.25,0.5
planning_failure,medium,pure_duplication,64,exact_dedup,4,0.507975,0.23901280823420318,0.591925,0.21434780731325428,0.1386804296875,1.4746520945596897,1.036460703125,0.8448497980900632,0.25,0.5
planning_failure,medium,pure_duplication,64,flat_rollout,4,0.9999999999869061,1.5562699097323453e-11,0.2500000000113653,0.49999999999011846,0.76850140625,1.6968352954811905,0.4066397265625,0.8132794531249999,0.75,0.5
planning_failure,medium,pure_duplication,64,independent_trajectory,4,0.507975,0.23901280823420318,0.591925,0.21434780731325428,0.46467683593750003,0.8579119152644069,0.7104642968749999,0.03062515169671716,0.0,0.0
planning_failure,medium,pure_duplication,64,mean_pooling,4,0.507975,0.23901280823420318,0.591925,0.21434780731325428,0.46467683593750003,0.8579119152644069,0.7104642968749999,0.03062515169671716,0.0,0.0
planning_failure,medium,pure_duplication,64,no_imagination,4,0.507975,0.23901280823420318,0.591925,0.21434780731325428,-0.1452649609375,0.022083924231865126,1.32040609375,0.8812639750455327,0.25,0.5
planning_failure,medium,pure_duplication,64,oracle_provenance,4,0.507975,0.23901280823420318,0.591925,0.21434780731325428,0.1386804296875,1.4746520945596897,1.036460703125,0.8448497980900632,0.25,0.5
planning_failure,medium,pure_duplication,64,provenance_preserving,4,0.507975,0.23901280823420318,0.591925,0.21434780731325428,0.1386804296875,1.4746520945596897,1.036460703125,0.8448497980900632,0.25,0.5
planning_failure,medium,pure_duplication,64,risk_classifier,4,0.507975,0.23901280823420318,0.591925,0.21434780731325428,0.76850140625,1.6968352954811905,0.4066397265625,0.8132794531249999,0.75,0.5
planning_failure,medium,pure_duplication,64,semantic_dedup,4,0.507975,0.23901280823420318,0.591925,0.21434780731325428,0.1386804296875,1.4746520945596897,1.036460703125,0.8448497980900632,0.25,0.5
planning_failure,medium,pure_duplication,64,source_grouping,4,0.507975,0.23901280823420318,0.591925,0.21434780731325428,0.1386804296875,1.4746520945596897,1.036460703125,0.8448497980900632,0.25,0.5
resource_constraint,easy,independent_rollout,1,bayesian_mixing,4,0.5957250000000001,0.15541497943677543,0.546925,0.18285397407038587,0.25215101562500003,1.0921568028704902,1.0761731640625,0.7338867071482464,0.0,0.0
resource_constraint,easy,independent_rollout,1,exact_dedup,4,0.5957250000000001,0.15541497943677543,0.546925,0.18285397407038587,0.25215101562500003,1.0921568028704902,1.0761731640625,0.7338867071482464,0.0,0.0
resource_constraint,easy,independent_rollout,1,flat_rollout,4,0.5957250000000001,0.15541497943677543,0.546925,0.18285397407038587,0.25215101562500003,1.0921568028704902,1.0761731640625,0.7338867071482464,0.0,0.0
resource_constraint,easy,independent_rollout,1,independent_trajectory,4,0.5957250000000001,0.15541497943677543,0.546925,0.18285397407038587,0.7963757421875,0.006553844878267664,0.5319484375000001,0.35477617559650504,0.25,0.5
resource_constraint,easy,independent_rollout,1,mean_pooling,4,0.5957250000000001,0.15541497943677543,0.546925,0.18285397407038587,0.7963757421875,0.006553844878267664,0.5319484375000001,0.35477617559650504,0.25,0.5
resource_constraint,easy,independent_rollout,1,no_imagination,4,0.5957250000000001,0.15541497943677543,0.546925,0.18285397407038587,-0.109273203125,0.014626431930267286,1.4375973828125002,0.3579155462600025,0.0,0.0
resource_constraint,easy,independent_rollout,1,oracle_provenance,4,0.5957250000000001,0.15541497943677543,0.546925,0.18285397407038587,0.25215101562500003,1.0921568028704902,1.0761731640625,0.7338867071482464,0.0,0.0
resource_constraint,easy,independent_rollout,1,provenance_preserving,4,0.5957250000000001,0.15541497943677543,0.546925,0.18285397407038587,0.25215101562500003,1.0921568028704902,1.0761731640625,0.7338867071482464,0.0,0.0
resource_constraint,easy,independent_rollout,1,risk_classifier,4,0.5957250000000001,0.15541497943677543,0.546925,0.18285397407038587,0.7840994531250001,1.4467908523778166,0.5442247265625,1.088449453125,0.75,0.5
resource_constraint,easy,independent_rollout,1,semantic_dedup,4,0.5957250000000001,0.15541497943677543,0.546925,0.18285397407038587,0.25215101562500003,1.0921568028704902,1.0761731640625,0.7338867071482464,0.0,0.0
resource_constraint,easy,independent_rollout,1,source_grouping,4,0.5957250000000001,0.15541497943677543,0.546925,0.18285397407038587,0.25215101562500003,1.0921568028704902,1.0761731640625,0.7338867071482464,0.0,0.0
resource_constraint,easy,independent_rollout,2,bayesian_mixing,4,0.5957250000000001,0.15541497943677543,0.546925,0.18285397407038587,0.25215101562500003,1.0921568028704902,1.0761731640625,0.7338867071482464,0.0,0.0
resource_constraint,easy,independent_rollout,2,exact_dedup,4,0.5957250000000001,0.15541497943677543,0.546925,0.18285397407038587,0.25215101562500003,1.0921568028704902,1.0761731640625,0.7338867071482464,0.0,0.0
resource_constraint,easy,independent_rollout,2,flat_rollout,4,0.5957250000000001,0.15541497943677543,0.546925,0.18285397407038587,0.25215101562500003,1.0921568028704902,1.0761731640625,0.7338867071482464,0.0,0.0
resource_constraint,easy,independent_rollout,2,independent_trajectory,4,0.5957250000000001,0.15541497943677543,0.546925,0.18285397407038587,0.7963757421875,0.006553844878267664,0.5319484375000001,0.35477617559650504,0.25,0.5
resource_constraint,easy,independent_rollout,2,mean_pooling,4,0.5957250000000001,0.15541497943677543,0.546925,0.18285397407038587,0.7963757421875,0.006553844878267664,0.5319484375000001,0.35477617559650504,0.25,0.5
resource_constraint,easy,independent_rollout,2,no_imagination,4,0.5957250000000001,0.15541497943677543,0.546925,0.18285397407038587,-0.109273203125,0.014626431930267286,1.4375973828125002,0.3579155462600025,0.0,0.0
resource_constraint,easy,independent_rollout,2,oracle_provenance,4,0.5957250000000001,0.15541497943677543,0.546925,0.18285397407038587,0.25215101562500003,1.0921568028704902,1.0761731640625,0.7338867071482464,0.0,0.0
resource_constraint,easy,independent_rollout,2,provenance_preserving,4,0.5957250000000001,0.15541497943677543,0.546925,0.18285397407038587,0.25215101562500003,1.0921568028704902,1.0761731640625,0.7338867071482464,0.0,0.0
resource_constraint,easy,independent_rollout,2,risk_classifier,4,0.5957250000000001,0.15541497943677543,0.546925,0.18285397407038587,0.7840994531250001,1.4467908523778166,0.5442247265625,1.088449453125,0.75,0.5
resource_constraint,easy,independent_rollout,2,semantic_dedup,4,0.5957250000000001,0.15541497943677543,0.546925,0.18285397407038587,0.25215101562500003,1.0921568028704902,1.0761731640625,0.7338867071482464,0.0,0.0
resource_constraint,easy,independent_rollout,2,source_grouping,4,0.5957250000000001,0.15541497943677543,0.546925,0.18285397407038587,0.25215101562500003,1.0921568028704902,1.0761731640625,0.7338867071482464,0.0,0.0
resource_constraint,easy,independent_rollout,4,bayesian_mixing,4,0.5957250000000001,0.15541497943677543,0.546925,0.18285397407038587,0.25215101562500003,1.0921568028704902,1.0761731640625,0.7338867071482464,0.0,0.0
resource_constraint,easy,independent_rollout,4,exact_dedup,4,0.5957250000000001,0.15541497943677543,0.546925,0.18285397407038587,0.25215101562500003,1.0921568028704902,1.0761731640625,0.7338867071482464,0.0,0.0
resource_constraint,easy,independent_rollout,4,flat_rollout,4,0.5957250000000001,0.15541497943677543,0.546925,0.18285397407038587,0.25215101562500003,1.0921568028704902,1.0761731640625,0.7338867071482464,0.0,0.0
resource_constraint,easy,independent_rollout,4,independent_trajectory,4,0.5957250000000001,0.15541497943677543,0.546925,0.18285397407038587,0.7963757421875,0.006553844878267664,0.5319484375000001,0.35477617559650504,0.25,0.5
resource_constraint,easy,independent_rollout,4,mean_pooling,4,0.5957250000000001,0.15541497943677543,0.546925,0.18285397407038587,0.7963757421875,0.006553844878267664,0.5319484375000001,0.35477617559650504,0.25,0.5
resource_constraint,easy,independent_rollout,4,no_imagination,4,0.5957250000000001,0.15541497943677543,0.546925,0.18285397407038587,-0.109273203125,0.014626431930267286,1.4375973828125002,0.3579155462600025,0.0,0.0
resource_constraint,easy,independent_rollout,4,oracle_provenance,4,0.5957250000000001,0.15541497943677543,0.546925,0.18285397407038587,0.25215101562500003,1.0921568028704902,1.0761731640625,0.7338867071482464,0.0,0.0
resource_constraint,easy,independent_rollout,4,provenance_preserving,4,0.5957250000000001,0.15541497943677543,0.546925,0.18285397407038587,0.25215101562500003,1.0921568028704902,1.0761731640625,0.7338867071482464,0.0,0.0
resource_constraint,easy,independent_rollout,4,risk_classifier,4,0.5957250000000001,0.15541497943677543,0.546925,0.18285397407038587,0.7840994531250001,1.4467908523778166,0.5442247265625,1.088449453125,0.75,0.5
resource_constraint,easy,independent_rollout,4,semantic_dedup,4,0.5957250000000001,0.15541497943677543,0.546925,0.18285397407038587,0.25215101562500003,1.0921568028704902,1.0761731640625,0.7338867071482464,0.0,0.0
resource_constraint,easy,independent_rollout,4,source_grouping,4,0.5957250000000001,0.15541497943677543,0.546925,0.18285397407038587,0.25215101562500003,1.0921568028704902,1.0761731640625,0.7338867071482464,0.0,0.0
resource_constraint,easy,independent_rollout,8,bayesian_mixing,4,0.5957250000000001,0.15541497943677543,0.546925,0.18285397407038587,0.25215101562500003,1.0921568028704902,1.0761731640625,0.7338867071482464,0.0,0.0
resource_constraint,easy,independent_rollout,8,exact_dedup,4,0.5957250000000001,0.15541497943677543,0.546925,0.18285397407038587,0.25215101562500003,1.0921568028704902,1.0761731640625,0.7338867071482464,0.0,0.0
resource_constraint,easy,independent_rollout,8,flat_rollout,4,0.5957250000000001,0.15541497943677543,0.546925,0.18285397407038587,0.25215101562500003,1.0921568028704902,1.0761731640625,0.7338867071482464,0.0,0.0
resource_constraint,easy,independent_rollout,8,independent_trajectory,4,0.5957250000000001,0.15541497943677543,0.546925,0.18285397407038587,0.7963757421875,0.006553844878267664,0.5319484375000001,0.35477617559650504,0.25,0.5
resource_constraint,easy,independent_rollout,8,mean_pooling,4,0.5957250000000001,0.15541497943677543,0.546925,0.18285397407038587,0.7963757421875,0.006553844878267664,0.5319484375000001,0.35477617559650504,0.25,0.5
resource_constraint,easy,independent_rollout,8,no_imagination,4,0.5957250000000001,0.15541497943677543,0.546925,0.18285397407038587,-0.109273203125,0.014626431930267286,1.4375973828125002,0.3579155462600025,0.0,0.0
resource_constraint,easy,independent_rollout,8,oracle_provenance,4,0.5957250000000001,0.15541497943677543,0.546925,0.18285397407038587,0.25215101562500003,1.0921568028704902,1.0761731640625,0.7338867071482464,0.0,0.0
resource_constraint,easy,independent_rollout,8,provenance_preserving,4,0.5957250000000001,0.15541497943677543,0.546925,0.18285397407038587,0.25215101562500003,1.0921568028704902,1.0761731640625,0.7338867071482464,0.0,0.0
resource_constraint,easy,independent_rollout,8,risk_classifier,4,0.5957250000000001,0.15541497943677543,0.546925,0.18285397407038587,0.7840994531250001,1.4467908523778166,0.5442247265625,1.088449453125,0.75,0.5
resource_constraint,easy,independent_rollout,8,semantic_dedup,4,0.5957250000000001,0.15541497943677543,0.546925,0.18285397407038587,0.25215101562500003,1.0921568028704902,1.0761731640625,0.7338867071482464,0.0,0.0
resource_constraint,easy,independent_rollout,8,source_grouping,4,0.5957250000000001,0.15541497943677543,0.546925,0.18285397407038587,0.25215101562500003,1.0921568028704902,1.0761731640625,0.7338867071482464,0.0,0.0
resource_constraint,easy,independent_rollout,16,bayesian_mixing,4,0.5957250000000001,0.15541497943677543,0.546925,0.18285397407038587,0.25215101562500003,1.0921568028704902,1.0761731640625,0.7338867071482464,0.0,0.0
resource_constraint,easy,independent_rollout,16,exact_dedup,4,0.5957250000000001,0.15541497943677543,0.546925,0.18285397407038587,0.25215101562500003,1.0921568028704902,1.0761731640625,0.7338867071482464,0.0,0.0
resource_constraint,easy,independent_rollout,16,flat_rollout,4,0.5957250000000001,0.15541497943677543,0.546925,0.18285397407038587,0.25215101562500003,1.0921568028704902,1.0761731640625,0.7338867071482464,0.0,0.0
resource_constraint,easy,independent_rollout,16,independent_trajectory,4,0.5957250000000001,0.15541497943677543,0.546925,0.18285397407038587,0.7963757421875,0.006553844878267664,0.5319484375000001,0.35477617559650504,0.25,0.5
resource_constraint,easy,independent_rollout,16,mean_pooling,4,0.5957250000000001,0.15541497943677543,0.546925,0.18285397407038587,0.7963757421875,0.006553844878267664,0.5319484375000001,0.35477617559650504,0.25,0.5
resource_constraint,easy,independent_rollout,16,no_imagination,4,0.5957250000000001,0.15541497943677543,0.546925,0.18285397407038587,-0.109273203125,0.014626431930267286,1.4375973828125002,0.3579155462600025,0.0,0.0
resource_constraint,easy,independent_rollout,16,oracle_provenance,4,0.5957250000000001,0.15541497943677543,0.546925,0.18285397407038587,0.25215101562500003,1.0921568028704902,1.0761731640625,0.7338867071482464,0.0,0.0
resource_constraint,easy,independent_rollout,16,provenance_preserving,4,0.5957250000000001,0.15541497943677543,0.546925,0.18285397407038587,0.25215101562500003,1.0921568028704902,1.0761731640625,0.7338867071482464,0.0,0.0
resource_constraint,easy,independent_rollout,16,risk_classifier,4,0.5957250000000001,0.15541497943677543,0.546925,0.18285397407038587,0.7840994531250001,1.4467908523778166,0.5442247265625,1.088449453125,0.75,0.5
resource_constraint,easy,independent_rollout,16,semantic_dedup,4,0.5957250000000001,0.15541497943677543,0.546925,0.18285397407038587,0.25215101562500003,1.0921568028704902,1.0761731640625,0.7338867071482464,0.0,0.0
resource_constraint,easy,independent_rollout,16,source_grouping,4,0.5957250000000001,0.15541497943677543,0.546925,0.18285397407038587,0.25215101562500003,1.0921568028704902,1.0761731640625,0.7338867071482464,0.0,0.0
resource_constraint,easy,independent_rollout,32,bayesian_mixing,4,0.5957250000000001,0.15541497943677543,0.546925,0.18285397407038587,0.25215101562500003,1.0921568028704902,1.0761731640625,0.7338867071482464,0.0,0.0
resource_constraint,easy,independent_rollout,32,exact_dedup,4,0.5957250000000001,0.15541497943677543,0.546925,0.18285397407038587,0.25215101562500003,1.0921568028704902,1.0761731640625,0.7338867071482464,0.0,0.0
resource_constraint,easy,independent_rollout,32,flat_rollout,4,0.5957250000000001,0.15541497943677543,0.546925,0.18285397407038587,0.25215101562500003,1.0921568028704902,1.0761731640625,0.7338867071482464,0.0,0.0
resource_constraint,easy,independent_rollout,32,independent_trajectory,4,0.5957250000000001,0.15541497943677543,0.546925,0.18285397407038587,0.7963757421875,0.006553844878267664,0.5319484375000001,0.35477617559650504,0.25,0.5
resource_constraint,easy,independent_rollout,32,mean_pooling,4,0.5957250000000001,0.15541497943677543,0.546925,0.18285397407038587,0.7963757421875,0.006553844878267664,0.5319484375000001,0.35477617559650504,0.25,0.5
resource_constraint,easy,independent_rollout,32,no_imagination,4,0.5957250000000001,0.15541497943677543,0.546925,0.18285397407038587,-0.109273203125,0.014626431930267286,1.4375973828125002,0.3579155462600025,0.0,0.0
resource_constraint,easy,independent_rollout,32,oracle_provenance,4,0.5957250000000001,0.15541497943677543,0.546925,0.18285397407038587,0.25215101562500003,1.0921568028704902,1.0761731640625,0.7338867071482464,0.0,0.0
resource_constraint,easy,independent_rollout,32,provenance_preserving,4,0.5957250000000001,0.15541497943677543,0.546925,0.18285397407038587,0.25215101562500003,1.0921568028704902,1.0761731640625,0.7338867071482464,0.0,0.0
resource_constraint,easy,independent_rollout,32,risk_classifier,4,0.5957250000000001,0.15541497943677543,0.546925,0.18285397407038587,0.7840994531250001,1.4467908523778166,0.5442247265625,1.088449453125,0.75,0.5
resource_constraint,easy,independent_rollout,32,semantic_dedup,4,0.5957250000000001,0.15541497943677543,0.546925,0.18285397407038587,0.25215101562500003,1.0921568028704902,1.0761731640625,0.7338867071482464,0.0,0.0
resource_constraint,easy,independent_rollout,32,source_grouping,4,0.5957250000000001,0.15541497943677543,0.546925,0.18285397407038587,0.25215101562500003,1.0921568028704902,1.0761731640625,0.7338867071482464,0.0,0.0
resource_constraint,easy,independent_rollout,64,bayesian_mixing,4,0.5957250000000001,0.15541497943677543,0.546925,0.18285397407038587,0.25215101562500003,1.0921568028704902,1.0761731640625,0.7338867071482464,0.0,0.0
resource_constraint,easy,independent_rollout,64,exact_dedup,4,0.5957250000000001,0.15541497943677543,0.546925,0.18285397407038587,0.25215101562500003,1.0921568028704902,1.0761731640625,0.7338867071482464,0.0,0.0
resource_constraint,easy,independent_rollout,64,flat_rollout,4,0.5957250000000001,0.15541497943677543,0.546925,0.18285397407038587,0.25215101562500003,1.0921568028704902,1.0761731640625,0.7338867071482464,0.0,0.0
resource_constraint,easy,independent_rollout,64,independent_trajectory,4,0.5957250000000001,0.15541497943677543,0.546925,0.18285397407038587,0.7963757421875,0.006553844878267664,0.5319484375000001,0.35477617559650504,0.25,0.5
resource_constraint,easy,independent_rollout,64,mean_pooling,4,0.5957250000000001,0.15541497943677543,0.546925,0.18285397407038587,0.7963757421875,0.006553844878267664,0.5319484375000001,0.35477617559650504,0.25,0.5
resource_constraint,easy,independent_rollout,64,no_imagination,4,0.5957250000000001,0.15541497943677543,0.546925,0.18285397407038587,-0.109273203125,0.014626431930267286,1.4375973828125002,0.3579155462600025,0.0,0.0
resource_constraint,easy,independent_rollout,64,oracle_provenance,4,0.5957250000000001,0.15541497943677543,0.546925,0.18285397407038587,0.25215101562500003,1.0921568028704902,1.0761731640625,0.7338867071482464,0.0,0.0
resource_constraint,easy,independent_rollout,64,provenance_preserving,4,0.5957250000000001,0.15541497943677543,0.546925,0.18285397407038587,0.25215101562500003,1.0921568028704902,1.0761731640625,0.7338867071482464,0.0,0.0
resource_constraint,easy,independent_rollout,64,risk_classifier,4,0.5957250000000001,0.15541497943677543,0.546925,0.18285397407038587,0.7840994531250001,1.4467908523778166,0.5442247265625,1.088449453125,0.75,0.5
resource_constraint,easy,independent_rollout,64,semantic_dedup,4,0.5957250000000001,0.15541497943677543,0.546925,0.18285397407038587,0.25215101562500003,1.0921568028704902,1.0761731640625,0.7338867071482464,0.0,0.0
resource_constraint,easy,independent_rollout,64,source_grouping,4,0.5957250000000001,0.15541497943677543,0.546925,0.18285397407038587,0.25215101562500003,1.0921568028704902,1.0761731640625,0.7338867071482464,0.0,0.0
resource_constraint,easy,pure_duplication,1,bayesian_mixing,4,0.5957250000000001,0.15541497943677543,0.546925,0.18285397407038587,0.25215101562500003,1.0921568028704902,1.0761731640625,0.7338867071482464,0.0,0.0
resource_constraint,easy,pure_duplication,1,exact_dedup,4,0.5957250000000001,0.15541497943677543,0.546925,0.18285397407038587,0.25215101562500003,1.0921568028704902,1.0761731640625,0.7338867071482464,0.0,0.0
resource_constraint,easy,pure_duplication,1,flat_rollout,4,0.5957250000000001,0.15541497943677543,0.546925,0.18285397407038587,0.25215101562500003,1.0921568028704902,1.0761731640625,0.7338867071482464,0.0,0.0
resource_constraint,easy,pure_duplication,1,independent_trajectory,4,0.5957250000000001,0.15541497943677543,0.546925,0.18285397407038587,0.7963757421875,0.006553844878267664,0.5319484375000001,0.35477617559650504,0.25,0.5
resource_constraint,easy,pure_duplication,1,mean_pooling,4,0.5957250000000001,0.15541497943677543,0.546925,0.18285397407038587,0.7963757421875,0.006553844878267664,0.5319484375000001,0.35477617559650504,0.25,0.5
resource_constraint,easy,pure_duplication,1,no_imagination,4,0.5957250000000001,0.15541497943677543,0.546925,0.18285397407038587,-0.109273203125,0.014626431930267286,1.4375973828125002,0.3579155462600025,0.0,0.0
resource_constraint,easy,pure_duplication,1,oracle_provenance,4,0.5957250000000001,0.15541497943677543,0.546925,0.18285397407038587,0.25215101562500003,1.0921568028704902,1.0761731640625,0.7338867071482464,0.0,0.0
resource_constraint,easy,pure_duplication,1,provenance_preserving,4,0.5957250000000001,0.15541497943677543,0.546925,0.18285397407038587,0.25215101562500003,1.0921568028704902,1.0761731640625,0.7338867071482464,0.0,0.0
resource_constraint,easy,pure_duplication,1,risk_classifier,4,0.5957250000000001,0.15541497943677543,0.546925,0.18285397407038587,0.7840994531250001,1.4467908523778166,0.5442247265625,1.088449453125,0.75,0.5
resource_constraint,easy,pure_duplication,1,semantic_dedup,4,0.5957250000000001,0.15541497943677543,0.546925,0.18285397407038587,0.25215101562500003,1.0921568028704902,1.0761731640625,0.7338867071482464,0.0,0.0
resource_constraint,easy,pure_duplication,1,source_grouping,4,0.5957250000000001,0.15541497943677543,0.546925,0.18285397407038587,0.25215101562500003,1.0921568028704902,1.0761731640625,0.7338867071482464,0.0,0.0
resource_constraint,easy,pure_duplication,2,bayesian_mixing,4,0.5957250000000001,0.15541497943677543,0.546925,0.18285397407038587,0.25215101562500003,1.0921568028704902,1.0761731640625,0.7338867071482464,0.0,0.0
resource_constraint,easy,pure_duplication,2,exact_dedup,4,0.5957250000000001,0.15541497943677543,0.546925,0.18285397407038587,0.25215101562500003,1.0921568028704902,1.0761731640625,0.7338867071482464,0.0,0.0
resource_constraint,easy,pure_duplication,2,flat_rollout,4,0.68232997341115,0.13766138510220063,0.4905867680529651,0.25131282757979617,0.25215101562500003,1.0921568028704902,1.0761731640625,0.7338867071482464,0.0,0.0
resource_constraint,easy,pure_duplication,2,independent_trajectory,4,0.5957250000000001,0.15541497943677543,0.546925,0.18285397407038587,0.7963757421875,0.006553844878267664,0.5319484375000001,0.35477617559650504,0.25,0.5
resource_constraint,easy,pure_duplication,2,mean_pooling,4,0.5957250000000001,0.15541497943677543,0.546925,0.18285397407038587,0.7963757421875,0.006553844878267664,0.5319484375000001,0.35477617559650504,0.25,0.5
resource_constraint,easy,pure_duplication,2,no_imagination,4,0.5957250000000001,0.15541497943677543,0.546925,0.18285397407038587,-0.109273203125,0.014626431930267286,1.4375973828125002,0.3579155462600025,0.0,0.0
resource_constraint,easy,pure_duplication,2,oracle_provenance,4,0.5957250000000001,0.15541497943677543,0.546925,0.18285397407038587,0.25215101562500003,1.0921568028704902,1.0761731640625,0.7338867071482464,0.0,0.0
resource_constraint,easy,pure_duplication,2,provenance_preserving,4,0.5957250000000001,0.15541497943677543,0.546925,0.18285397407038587,0.25215101562500003,1.0921568028704902,1.0761731640625,0.7338867071482464,0.0,0.0
resource_constraint,easy,pure_duplication,2,risk_classifier,4,0.5957250000000001,0.15541497943677543,0.546925,0.18285397407038587,0.7840994531250001,1.4467908523778166,0.5442247265625,1.088449453125,0.75,0.5
resource_constraint,easy,pure_duplication,2,semantic_dedup,4,0.5957250000000001,0.15541497943677543,0.546925,0.18285397407038587,0.25215101562500003,1.0921568028704902,1.0761731640625,0.7338867071482464,0.0,0.0
resource_constraint,easy,pure_duplication,2,source_grouping,4,0.5957250000000001,0.15541497943677543,0.546925,0.18285397407038587,0.25215101562500003,1.0921568028704902,1.0761731640625,0.7338867071482464,0.0,0.0
resource_constraint,easy,pure_duplication,4,bayesian_mixing,4,0.5957250000000001,0.15541497943677543,0.546925,0.18285397407038587,0.25215101562500003,1.0921568028704902,1.0761731640625,0.7338867071482464,0.0,0.0
resource_constraint,easy,pure_duplication,4,exact_dedup,4,0.5957250000000001,0.15541497943677543,0.546925,0.18285397407038587,0.25215101562500003,1.0921568028704902,1.0761731640625,0.7338867071482464,0.0,0.0
resource_constraint,easy,pure_duplication,4,flat_rollout,4,0.8222657427252489,0.09047981255144524,0.3902659426072236,0.36139284800501814,0.6060847265625,1.3688191131807288,0.722239453125,1.0262224293334585,0.5,0.5773502691896257
resource_constraint,easy,pure_duplication,4,independent_trajectory,4,0.5957250000000001,0.15541497943677543,0.546925,0.18285397407038587,0.7963757421875,0.006553844878267664,0.5319484375000001,0.35477617559650504,0.25,0.5
resource_constraint,easy,pure_duplication,4,mean_pooling,4,0.5957250000000001,0.15541497943677543,0.546925,0.18285397407038587,0.7963757421875,0.006553844878267664,0.5319484375000001,0.35477617559650504,0.25,0.5
resource_constraint,easy,pure_duplication,4,no_imagination,4,0.5957250000000001,0.15541497943677543,0.546925,0.18285397407038587,-0.109273203125,0.014626431930267286,1.4375973828125002,0.3579155462600025,0.0,0.0
resource_constraint,easy,pure_duplication,4,oracle_provenance,4,0.5957250000000001,0.15541497943677543,0.546925,0.18285397407038587,0.25215101562500003,1.0921568028704902,1.0761731640625,0.7338867071482464,0.0,0.0
resource_constraint,easy,pure_duplication,4,provenance_preserving,4,0.5957250000000001,0.15541497943677543,0.546925,0.18285397407038587,0.25215101562500003,1.0921568028704902,1.0761731640625,0.7338867071482464,0.0,0.0
resource_constraint,easy,pure_duplication,4,risk_classifier,4,0.5957250000000001,0.15541497943677543,0.546925,0.18285397407038587,0.7840994531250001,1.4467908523778166,0.5442247265625,1.088449453125,0.75,0.5
resource_constraint,easy,pure_duplication,4,semantic_dedup,4,0.5957250000000001,0.15541497943677543,0.546925,0.18285397407038587,0.25215101562500003,1.0921568028704902,1.0761731640625,0.7338867071482464,0.0,0.0
resource_constraint,easy,pure_duplication,4,source_grouping,4,0.5957250000000001,0.15541497943677543,0.546925,0.18285397407038587,0.25215101562500003,1.0921568028704902,1.0761731640625,0.7338867071482464,0.0,0.0
resource_constraint,easy,pure_duplication,8,bayesian_mixing,4,0.5957250000000001,0.15541497943677543,0.546925,0.18285397407038587,0.25215101562500003,1.0921568028704902,1.0761731640625,0.7338867071482464,0.0,0.0
resource_constraint,easy,pure_duplication,8,exact_dedup,4,0.5957250000000001,0.15541497943677543,0.546925,0.18285397407038587,0.25215101562500003,1.0921568028704902,1.0761731640625,0.7338867071482464,0.0,0.0
resource_constraint,easy,pure_duplication,8,flat_rollout,4,0.9574916533098917,0.02459938376984431,0.2846336590302345,0.4667187579787282,0.7840994531250001,1.4467908523778166,0.5442247265625,1.088449453125,0.75,0.5
resource_constraint,easy,pure_duplication,8,independent_trajectory,4,0.5957250000000001,0.15541497943677543,0.546925,0.18285397407038587,0.7963757421875,0.006553844878267664,0.5319484375000001,0.35477617559650504,0.25,0.5
resource_constraint,easy,pure_duplication,8,mean_pooling,4,0.5957250000000001,0.15541497943677543,0.546925,0.18285397407038587,0.7963757421875,0.006553844878267664,0.5319484375000001,0.35477617559650504,0.25,0.5
resource_constraint,easy,pure_duplication,8,no_imagination,4,0.5957250000000001,0.15541497943677543,0.546925,0.18285397407038587,-0.109273203125,0.014626431930267286,1.4375973828125002,0.3579155462600025,0.0,0.0
resource_constraint,easy,pure_duplication,8,oracle_provenance,4,0.5957250000000001,0.15541497943677543,0.546925,0.18285397407038587,0.25215101562500003,1.0921568028704902,1.0761731640625,0.7338867071482464,0.0,0.0
resource_constraint,easy,pure_duplication,8,provenance_preserving,4,0.5957250000000001,0.15541497943677543,0.546925,0.18285397407038587,0.25215101562500003,1.0921568028704902,1.0761731640625,0.7338867071482464,0.0,0.0
resource_constraint,easy,pure_duplication,8,risk_classifier,4,0.5957250000000001,0.15541497943677543,0.546925,0.18285397407038587,0.7840994531250001,1.4467908523778166,0.5442247265625,1.088449453125,0.75,0.5
resource_constraint,easy,pure_duplication,8,semantic_dedup,4,0.5957250000000001,0.15541497943677543,0.546925,0.18285397407038587,0.25215101562500003,1.0921568028704902,1.0761731640625,0.7338867071482464,0.0,0.0
resource_constraint,easy,pure_duplication,8,source_grouping,4,0.5957250000000001,0.15541497943677543,0.546925,0.18285397407038587,0.25215101562500003,1.0921568028704902,1.0761731640625,0.7338867071482464,0.0,0.0
resource_constraint,easy,pure_duplication,16,bayesian_mixing,4,0.5957250000000001,0.15541497943677543,0.546925,0.18285397407038587,0.25215101562500003,1.0921568028704902,1.0761731640625,0.7338867071482464,0.0,0.0
resource_constraint,easy,pure_duplication,16,exact_dedup,4,0.5957250000000001,0.15541497943677543,0.546925,0.18285397407038587,0.25215101562500003,1.0921568028704902,1.0761731640625,0.7338867071482464,0.0,0.0
resource_constraint,easy,pure_duplication,16,flat_rollout,4,0.9982513909416587,0.0010474948630909459,0.2514366292415616,0.49862681065317355,0.7840994531250001,1.4467908523778166,0.5442247265625,1.088449453125,0.75,0.5
resource_constraint,easy,pure_duplication,16,independent_trajectory,4,0.5957250000000001,0.15541497943677543,0.546925,0.18285397407038587,0.7963757421875,0.006553844878267664,0.5319484375000001,0.35477617559650504,0.25,0.5
resource_constraint,easy,pure_duplication,16,mean_pooling,4,0.5957250000000001,0.15541497943677543,0.546925,0.18285397407038587,0.7963757421875,0.006553844878267664,0.5319484375000001,0.35477617559650504,0.25,0.5
resource_constraint,easy,pure_duplication,16,no_imagination,4,0.5957250000000001,0.15541497943677543,0.546925,0.18285397407038587,-0.109273203125,0.014626431930267286,1.4375973828125002,0.3579155462600025,0.0,0.0
resource_constraint,easy,pure_duplication,16,oracle_provenance,4,0.5957250000000001,0.15541497943677543,0.546925,0.18285397407038587,0.25215101562500003,1.0921568028704902,1.0761731640625,0.7338867071482464,0.0,0.0
resource_constraint,easy,pure_duplication,16,provenance_preserving,4,0.5957250000000001,0.15541497943677543,0.546925,0.18285397407038587,0.25215101562500003,1.0921568028704902,1.0761731640625,0.7338867071482464,0.0,0.0
resource_constraint,easy,pure_duplication,16,risk_classifier,4,0.5957250000000001,0.15541497943677543,0.546925,0.18285397407038587,0.7840994531250001,1.4467908523778166,0.5442247265625,1.088449453125,0.75,0.5
resource_constraint,easy,pure_duplication,16,semantic_dedup,4,0.5957250000000001,0.15541497943677543,0.546925,0.18285397407038587,0.25215101562500003,1.0921568028704902,1.0761731640625,0.7338867071482464,0.0,0.0
resource_constraint,easy,pure_duplication,16,source_grouping,4,0.5957250000000001,0.15541497943677543,0.546925,0.18285397407038587,0.25215101562500003,1.0921568028704902,1.0761731640625,0.7338867071482464,0.0,0.0
resource_constraint,easy,pure_duplication,32,bayesian_mixing,4,0.5957250000000001,0.15541497943677543,0.546925,0.18285397407038587,0.25215101562500003,1.0921568028704902,1.0761731640625,0.7338867071482464,0.0,0.0
resource_constraint,easy,pure_duplication,32,exact_dedup,4,0.5957250000000001,0.15541497943677543,0.546925,0.18285397407038587,0.25215101562500003,1.0921568028704902,1.0761731640625,0.7338867071482464,0.0,0.0
resource_constraint,easy,pure_duplication,32,flat_rollout,4,0.9999973319358055,1.6005982588566646e-06,0.25000219279790853,0.4999979044475971,0.7840994531250001,1.4467908523778166,0.5442247265625,1.088449453125,0.75,0.5
resource_constraint,easy,pure_duplication,32,independent_trajectory,4,0.5957250000000001,0.15541497943677543,0.546925,0.18285397407038587,0.7963757421875,0.006553844878267664,0.5319484375000001,0.35477617559650504,0.25,0.5
resource_constraint,easy,pure_duplication,32,mean_pooling,4,0.5957250000000001,0.15541497943677543,0.546925,0.18285397407038587,0.7963757421875,0.006553844878267664,0.5319484375000001,0.35477617559650504,0.25,0.5
resource_constraint,easy,pure_duplication,32,no_imagination,4,0.5957250000000001,0.15541497943677543,0.546925,0.18285397407038587,-0.109273203125,0.014626431930267286,1.4375973828125002,0.3579155462600025,0.0,0.0
resource_constraint,easy,pure_duplication,32,oracle_provenance,4,0.5957250000000001,0.15541497943677543,0.546925,0.18285397407038587,0.25215101562500003,1.0921568028704902,1.0761731640625,0.7338867071482464,0.0,0.0
resource_constraint,easy,pure_duplication,32,provenance_preserving,4,0.5957250000000001,0.15541497943677543,0.546925,0.18285397407038587,0.25215101562500003,1.0921568028704902,1.0761731640625,0.7338867071482464,0.0,0.0
resource_constraint,easy,pure_duplication,32,risk_classifier,4,0.5957250000000001,0.15541497943677543,0.546925,0.18285397407038587,0.7840994531250001,1.4467908523778166,0.5442247265625,1.088449453125,0.75,0.5
resource_constraint,easy,pure_duplication,32,semantic_dedup,4,0.5957250000000001,0.15541497943677543,0.546925,0.18285397407038587,0.25215101562500003,1.0921568028704902,1.0761731640625,0.7338867071482464,0.0,0.0
resource_constraint,easy,pure_duplication,32,source_grouping,4,0.5957250000000001,0.15541497943677543,0.546925,0.18285397407038587,0.25215101562500003,1.0921568028704902,1.0761731640625,0.7338867071482464,0.0,0.0
resource_constraint,easy,pure_duplication,64,bayesian_mixing,4,0.5957250000000001,0.15541497943677543,0.546925,0.18285397407038587,0.25215101562500003,1.0921568028704902,1.0761731640625,0.7338867071482464,0.0,0.0
resource_constraint,easy,pure_duplication,64,exact_dedup,4,0.5957250000000001,0.15541497943677543,0.546925,0.18285397407038587,0.25215101562500003,1.0921568028704902,1.0761731640625,0.7338867071482464,0.0,0.0
resource_constraint,easy,pure_duplication,64,flat_rollout,4,0.9999999999938158,3.709921458433185e-12,0.2500000000050825,0.4999999999951429,0.7840994531250001,1.4467908523778166,0.5442247265625,1.088449453125,0.75,0.5
resource_constraint,easy,pure_duplication,64,independent_trajectory,4,0.5957250000000001,0.15541497943677543,0.546925,0.18285397407038587,0.7963757421875,0.006553844878267664,0.5319484375000001,0.35477617559650504,0.25,0.5
resource_constraint,easy,pure_duplication,64,mean_pooling,4,0.5957250000000001,0.15541497943677543,0.546925,0.18285397407038587,0.7963757421875,0.006553844878267664,0.5319484375000001,0.35477617559650504,0.25,0.5
resource_constraint,easy,pure_duplication,64,no_imagination,4,0.5957250000000001,0.15541497943677543,0.546925,0.18285397407038587,-0.109273203125,0.014626431930267286,1.4375973828125002,0.3579155462600025,0.0,0.0
resource_constraint,easy,pure_duplication,64,oracle_provenance,4,0.5957250000000001,0.15541497943677543,0.546925,0.18285397407038587,0.25215101562500003,1.0921568028704902,1.0761731640625,0.7338867071482464,0.0,0.0
resource_constraint,easy,pure_duplication,64,provenance_preserving,4,0.5957250000000001,0.15541497943677543,0.546925,0.18285397407038587,0.25215101562500003,1.0921568028704902,1.0761731640625,0.7338867071482464,0.0,0.0
resource_constraint,easy,pure_duplication,64,risk_classifier,4,0.5957250000000001,0.15541497943677543,0.546925,0.18285397407038587,0.7840994531250001,1.4467908523778166,0.5442247265625,1.088449453125,0.75,0.5
resource_constraint,easy,pure_duplication,64,semantic_dedup,4,0.5957250000000001,0.15541497943677543,0.546925,0.18285397407038587,0.25215101562500003,1.0921568028704902,1.0761731640625,0.7338867071482464,0.0,0.0
resource_constraint,easy,pure_duplication,64,source_grouping,4,0.5957250000000001,0.15541497943677543,0.546925,0.18285397407038587,0.25215101562500003,1.0921568028704902,1.0761731640625,0.7338867071482464,0.0,0.0
resource_constraint,hard,independent_rollout,1,bayesian_mixing,5,0.5348,0.2569721385675887,0.41644000000000003,0.24252966416502542,0.8415382812500001,0.35967555021448816,0.22556465625,0.3316117804059572,0.6,0.5477225575051662
resource_constraint,hard,independent_rollout,1,exact_dedup,5,0.5348,0.2569721385675887,0.41644000000000003,0.24252966416502542,0.8415382812500001,0.35967555021448816,0.22556465625,0.3316117804059572,0.6,0.5477225575051662
resource_constraint,hard,independent_rollout,1,flat_rollout,5,0.5348,0.2569721385675887,0.41644000000000003,0.24252966416502542,0.8415382812500001,0.35967555021448816,0.22556465625,0.3316117804059572,0.6,0.5477225575051662
resource_constraint,hard,independent_rollout,1,independent_trajectory,5,0.5348,0.2569721385675887,0.41644000000000003,0.24252966416502542,0.7961928125,0.02975388982436037,0.27091012500000006,0.3731671022902726,0.6,0.5477225575051662
resource_constraint,hard,independent_rollout,1,mean_pooling,5,0.5348,0.2569721385675887,0.41644000000000003,0.24252966416502542,0.7961928125,0.02975388982436037,0.27091012500000006,0.3731671022902726,0.6,0.5477225575051662
resource_constraint,hard,independent_rollout,1,no_imagination,5,0.5348,0.2569721385675887,0.41644000000000003,0.24252966416502542,-0.0915106875,0.05171589559161923,1.1586136249999999,0.3402681212814108,0.0,0.0
resource_constraint,hard,independent_rollout,1,oracle_provenance,5,0.5348,0.2569721385675887,0.41644000000000003,0.24252966416502542,0.8415382812500001,0.35967555021448816,0.22556465625,0.3316117804059572,0.6,0.5477225575051662
resource_constraint,hard,independent_rollout,1,provenance_preserving,5,0.5348,0.2569721385675887,0.41644000000000003,0.24252966416502542,0.8415382812500001,0.35967555021448816,0.22556465625,0.3316117804059572,0.6,0.5477225575051662
resource_constraint,hard,independent_rollout,1,risk_classifier,5,0.5348,0.2569721385675887,0.41644000000000003,0.24252966416502542,0.49354609375,1.0445377388001287,0.5735568437499999,0.9280721024796936,0.6,0.5477225575051662
resource_constraint,hard,independent_rollout,1,semantic_dedup,5,0.5348,0.2569721385675887,0.41644000000000003,0.24252966416502542,0.8415382812500001,0.35967555021448816,0.22556465625,0.3316117804059572,0.6,0.5477225575051662
resource_constraint,hard,independent_rollout,1,source_grouping,5,0.5348,0.2569721385675887,0.41644000000000003,0.24252966416502542,0.8415382812500001,0.35967555021448816,0.22556465625,0.3316117804059572,0.6,0.5477225575051662
resource_constraint,hard,independent_rollout,2,bayesian_mixing,5,0.5348,0.2569721385675887,0.41644000000000003,0.24252966416502542,0.9201826875,0.2824746661456635,0.14692025,0.3285236662712635,0.8,0.4472135954999579
resource_constraint,hard,independent_rollout,2,exact_dedup,5,0.5348,0.2569721385675887,0.41644000000000003,0.24252966416502542,0.9201826875,0.2824746661456635,0.14692025,0.3285236662712635,0.8,0.4472135954999579
resource_constraint,hard,independent_rollout,2,flat_rollout,5,0.5348,0.2569721385675887,0.41644000000000003,0.24252966416502542,0.9201826875,0.2824746661456635,0.14692025,0.3285236662712635,0.8,0.4472135954999579
resource_constraint,hard,independent_rollout,2,independent_trajectory,5,0.5348,0.2569721385675887,0.41644000000000003,0.24252966416502542,0.7961928125,0.02975388982436037,0.27091012500000006,0.3731671022902726,0.6,0.5477225575051662
resource_constraint,hard,independent_rollout,2,mean_pooling,5,0.5348,0.2569721385675887,0.41644000000000003,0.24252966416502542,0.7961928125,0.02975388982436037,0.27091012500000006,0.3731671022902726,0.6,0.5477225575051662
resource_constraint,hard,independent_rollout,2,no_imagination,5,0.5348,0.2569721385675887,0.41644000000000003,0.24252966416502542,-0.0915106875,0.05171589559161923,1.1586136249999999,0.3402681212814108,0.0,0.0
resource_constraint,hard,independent_rollout,2,oracle_provenance,5,0.5348,0.2569721385675887,0.41644000000000003,0.24252966416502542,0.9201826875,0.2824746661456635,0.14692025,0.3285236662712635,0.8,0.4472135954999579
resource_constraint,hard,independent_rollout,2,provenance_preserving,5,0.5348,0.2569721385675887,0.41644000000000003,0.24252966416502542,0.9201826875,0.2824746661456635,0.14692025,0.3285236662712635,0.8,0.4472135954999579
resource_constraint,hard,independent_rollout,2,risk_classifier,5,0.5348,0.2569721385675887,0.41644000000000003,0.24252966416502542,0.9201826875,0.2824746661456635,0.14692025,0.3285236662712635,0.8,0.4472135954999579
resource_constraint,hard,independent_rollout,2,semantic_dedup,5,0.5348,0.2569721385675887,0.41644000000000003,0.24252966416502542,0.9201826875,0.2824746661456635,0.14692025,0.3285236662712635,0.8,0.4472135954999579
resource_constraint,hard,independent_rollout,2,source_grouping,5,0.5348,0.2569721385675887,0.41644000000000003,0.24252966416502542,0.9201826875,0.2824746661456635,0.14692025,0.3285236662712635,0.8,0.4472135954999579
resource_constraint,hard,independent_rollout,4,bayesian_mixing,5,0.5348,0.2569721385675887,0.41644000000000003,0.24252966416502542,0.9201826875,0.2824746661456635,0.14692025,0.3285236662712635,0.8,0.4472135954999579
resource_constraint,hard,independent_rollout,4,exact_dedup,5,0.5348,0.2569721385675887,0.41644000000000003,0.24252966416502542,0.9201826875,0.2824746661456635,0.14692025,0.3285236662712635,0.8,0.4472135954999579
resource_constraint,hard,independent_rollout,4,flat_rollout,5,0.5348,0.2569721385675887,0.41644000000000003,0.24252966416502542,0.9201826875,0.2824746661456635,0.14692025,0.3285236662712635,0.8,0.4472135954999579
resource_constraint,hard,independent_rollout,4,independent_trajectory,5,0.5348,0.2569721385675887,0.41644000000000003,0.24252966416502542,0.7961928125,0.02975388982436037,0.27091012500000006,0.3731671022902726,0.6,0.5477225575051662
resource_constraint,hard,independent_rollout,4,mean_pooling,5,0.5348,0.2569721385675887,0.41644000000000003,0.24252966416502542,0.7961928125,0.02975388982436037,0.27091012500000006,0.3731671022902726,0.6,0.5477225575051662
resource_constraint,hard,independent_rollout,4,no_imagination,5,0.5348,0.2569721385675887,0.41644000000000003,0.24252966416502542,-0.0915106875,0.05171589559161923,1.1586136249999999,0.3402681212814108,0.0,0.0
resource_constraint,hard,independent_rollout,4,oracle_provenance,5,0.5348,0.2569721385675887,0.41644000000000003,0.24252966416502542,0.9201826875,0.2824746661456635,0.14692025,0.3285236662712635,0.8,0.4472135954999579
resource_constraint,hard,independent_rollout,4,provenance_preserving,5,0.5348,0.2569721385675887,0.41644000000000003,0.24252966416502542,0.9201826875,0.2824746661456635,0.14692025,0.3285236662712635,0.8,0.4472135954999579
resource_constraint,hard,independent_rollout,4,risk_classifier,5,0.5348,0.2569721385675887,0.41644000000000003,0.24252966416502542,0.7961928125,0.02975388982436037,0.27091012500000006,0.3731671022902726,0.6,0.5477225575051662
resource_constraint,hard,independent_rollout,4,semantic_dedup,5,0.5348,0.2569721385675887,0.41644000000000003,0.24252966416502542,0.9201826875,0.2824746661456635,0.14692025,0.3285236662712635,0.8,0.4472135954999579
resource_constraint,hard,independent_rollout,4,source_grouping,5,0.5348,0.2569721385675887,0.41644000000000003,0.24252966416502542,0.9201826875,0.2824746661456635,0.14692025,0.3285236662712635,0.8,0.4472135954999579
resource_constraint,hard,independent_rollout,8,bayesian_mixing,5,0.5348,0.2569721385675887,0.41644000000000003,0.24252966416502542,0.47235843749999995,1.0917499300509135,0.5947445,0.9727149977385303,0.6,0.5477225575051662
resource_constraint,hard,independent_rollout,8,exact_dedup,5,0.5348,0.2569721385675887,0.41644000000000003,0.24252966416502542,0.47235843749999995,1.0917499300509135,0.5947445,0.9727149977385303,0.6,0.5477225575051662
resource_constraint,hard,independent_rollout,8,flat_rollout,5,0.5348,0.2569721385675887,0.41644000000000003,0.24252966416502542,0.47235843749999995,1.0917499300509135,0.5947445,0.9727149977385303,0.6,0.5477225575051662
resource_constraint,hard,independent_rollout,8,independent_trajectory,5,0.5348,0.2569721385675887,0.41644000000000003,0.24252966416502542,0.7961928125,0.02975388982436037,0.27091012500000006,0.3731671022902726,0.6,0.5477225575051662
resource_constraint,hard,independent_rollout,8,mean_pooling,5,0.5348,0.2569721385675887,0.41644000000000003,0.24252966416502542,0.7961928125,0.02975388982436037,0.27091012500000006,0.3731671022902726,0.6,0.5477225575051662
resource_constraint,hard,independent_rollout,8,no_imagination,5,0.5348,0.2569721385675887,0.41644000000000003,0.24252966416502542,-0.0915106875,0.05171589559161923,1.1586136249999999,0.3402681212814108,0.0,0.0
resource_constraint,hard,independent_rollout,8,oracle_provenance,5,0.5348,0.2569721385675887,0.41644000000000003,0.24252966416502542,0.47235843749999995,1.0917499300509135,0.5947445,0.9727149977385303,0.6,0.5477225575051662
resource_constraint,hard,independent_rollout,8,provenance_preserving,5,0.5348,0.2569721385675887,0.41644000000000003,0.24252966416502542,0.47235843749999995,1.0917499300509135,0.5947445,0.9727149977385303,0.6,0.5477225575051662
resource_constraint,hard,independent_rollout,8,risk_classifier,5,0.5348,0.2569721385675887,0.41644000000000003,0.24252966416502542,0.3483685625,0.9870142272343791,0.718734375,0.9157981064668148,0.4,0.5477225575051662
resource_constraint,hard,independent_rollout,8,semantic_dedup,5,0.5348,0.2569721385675887,0.41644000000000003,0.24252966416502542,0.47235843749999995,1.0917499300509135,0.5947445,0.9727149977385303,0.6,0.5477225575051662
resource_constraint,hard,independent_rollout,8,source_grouping,5,0.5348,0.2569721385675887,0.41644000000000003,0.24252966416502542,0.47235843749999995,1.0917499300509135,0.5947445,0.9727149977385303,0.6,0.5477225575051662
resource_constraint,hard,independent_rollout,16,bayesian_mixing,5,0.5348,0.2569721385675887,0.41644000000000003,0.24252966416502542,0.47235843749999995,1.0917499300509135,0.5947445,0.9727149977385303,0.6,0.5477225575051662
resource_constraint,hard,independent_rollout,16,exact_dedup,5,0.5348,0.2569721385675887,0.41644000000000003,0.24252966416502542,0.47235843749999995,1.0917499300509135,0.5947445,0.9727149977385303,0.6,0.5477225575051662
resource_constraint,hard,independent_rollout,16,flat_rollout,5,0.5348,0.2569721385675887,0.41644000000000003,0.24252966416502542,0.47235843749999995,1.0917499300509135,0.5947445,0.9727149977385303,0.6,0.5477225575051662
resource_constraint,hard,independent_rollout,16,independent_trajectory,5,0.5348,0.2569721385675887,0.41644000000000003,0.24252966416502542,0.7961928125,0.02975388982436037,0.27091012500000006,0.3731671022902726,0.6,0.5477225575051662
resource_constraint,hard,independent_rollout,16,mean_pooling,5,0.5348,0.2569721385675887,0.41644000000000003,0.24252966416502542,0.7961928125,0.02975388982436037,0.27091012500000006,0.3731671022902726,0.6,0.5477225575051662
resource_constraint,hard,independent_rollout,16,no_imagination,5,0.5348,0.2569721385675887,0.41644000000000003,0.24252966416502542,-0.0915106875,0.05171589559161923,1.1586136249999999,0.3402681212814108,0.0,0.0
resource_constraint,hard,independent_rollout,16,oracle_provenance,5,0.5348,0.2569721385675887,0.41644000000000003,0.24252966416502542,0.47235843749999995,1.0917499300509135,0.5947445,0.9727149977385303,0.6,0.5477225575051662
resource_constraint,hard,independent_rollout,16,provenance_preserving,5,0.5348,0.2569721385675887,0.41644000000000003,0.24252966416502542,0.47235843749999995,1.0917499300509135,0.5947445,0.9727149977385303,0.6,0.5477225575051662
resource_constraint,hard,independent_rollout,16,risk_classifier,5,0.5348,0.2569721385675887,0.41644000000000003,0.24252966416502542,0.7961928125,0.02975388982436037,0.27091012500000006,0.3731671022902726,0.6,0.5477225575051662
resource_constraint,hard,independent_rollout,16,semantic_dedup,5,0.5348,0.2569721385675887,0.41644000000000003,0.24252966416502542,0.47235843749999995,1.0917499300509135,0.5947445,0.9727149977385303,0.6,0.5477225575051662
resource_constraint,hard,independent_rollout,16,source_grouping,5,0.5348,0.2569721385675887,0.41644000000000003,0.24252966416502542,0.47235843749999995,1.0917499300509135,0.5947445,0.9727149977385303,0.6,0.5477225575051662
resource_constraint,hard,independent_rollout,32,bayesian_mixing,5,0.5348,0.2569721385675887,0.41644000000000003,0.24252966416502542,0.47235843749999995,1.0917499300509135,0.5947445,0.9727149977385303,0.6,0.5477225575051662
resource_constraint,hard,independent_rollout,32,exact_dedup,5,0.5348,0.2569721385675887,0.41644000000000003,0.24252966416502542,0.47235843749999995,1.0917499300509135,0.5947445,0.9727149977385303,0.6,0.5477225575051662
resource_constraint,hard,independent_rollout,32,flat_rollout,5,0.5348,0.2569721385675887,0.41644000000000003,0.24252966416502542,0.47235843749999995,1.0917499300509135,0.5947445,0.9727149977385303,0.6,0.5477225575051662
resource_constraint,hard,independent_rollout,32,independent_trajectory,5,0.5348,0.2569721385675887,0.41644000000000003,0.24252966416502542,0.7961928125,0.02975388982436037,0.27091012500000006,0.3731671022902726,0.6,0.5477225575051662
resource_constraint,hard,independent_rollout,32,mean_pooling,5,0.5348,0.2569721385675887,0.41644000000000003,0.24252966416502542,0.7961928125,0.02975388982436037,0.27091012500000006,0.3731671022902726,0.6,0.5477225575051662
resource_constraint,hard,independent_rollout,32,no_imagination,5,0.5348,0.2569721385675887,0.41644000000000003,0.24252966416502542,-0.0915106875,0.05171589559161923,1.1586136249999999,0.3402681212814108,0.0,0.0
resource_constraint,hard,independent_rollout,32,oracle_provenance,5,0.5348,0.2569721385675887,0.41644000000000003,0.24252966416502542,0.47235843749999995,1.0917499300509135,0.5947445,0.9727149977385303,0.6,0.5477225575051662
resource_constraint,hard,independent_rollout,32,provenance_preserving,5,0.5348,0.2569721385675887,0.41644000000000003,0.24252966416502542,0.47235843749999995,1.0917499300509135,0.5947445,0.9727149977385303,0.6,0.5477225575051662
resource_constraint,hard,independent_rollout,32,risk_classifier,5,0.5348,0.2569721385675887,0.41644000000000003,0.24252966416502542,0.7961928125,0.02975388982436037,0.27091012500000006,0.3731671022902726,0.6,0.5477225575051662
resource_constraint,hard,independent_rollout,32,semantic_dedup,5,0.5348,0.2569721385675887,0.41644000000000003,0.24252966416502542,0.47235843749999995,1.0917499300509135,0.5947445,0.9727149977385303,0.6,0.5477225575051662
resource_constraint,hard,independent_rollout,32,source_grouping,5,0.5348,0.2569721385675887,0.41644000000000003,0.24252966416502542,0.47235843749999995,1.0917499300509135,0.5947445,0.9727149977385303,0.6,0.5477225575051662
resource_constraint,hard,independent_rollout,64,bayesian_mixing,5,0.5348,0.2569721385675887,0.41644000000000003,0.24252966416502542,0.3483685625,0.9870142272343791,0.718734375,0.9157981064668148,0.4,0.5477225575051662
resource_constraint,hard,independent_rollout,64,exact_dedup,5,0.5348,0.2569721385675887,0.41644000000000003,0.24252966416502542,0.3483685625,0.9870142272343791,0.718734375,0.9157981064668148,0.4,0.5477225575051662
resource_constraint,hard,independent_rollout,64,flat_rollout,5,0.5348,0.2569721385675887,0.41644000000000003,0.24252966416502542,0.3483685625,0.9870142272343791,0.718734375,0.9157981064668148,0.4,0.5477225575051662
resource_constraint,hard,independent_rollout,64,independent_trajectory,5,0.5348,0.2569721385675887,0.41644000000000003,0.24252966416502542,0.7961928125,0.02975388982436037,0.27091012500000006,0.3731671022902726,0.6,0.5477225575051662
resource_constraint,hard,independent_rollout,64,mean_pooling,5,0.5348,0.2569721385675887,0.41644000000000003,0.24252966416502542,0.7961928125,0.02975388982436037,0.27091012500000006,0.3731671022902726,0.6,0.5477225575051662
resource_constraint,hard,independent_rollout,64,no_imagination,5,0.5348,0.2569721385675887,0.41644000000000003,0.24252966416502542,-0.0915106875,0.05171589559161923,1.1586136249999999,0.3402681212814108,0.0,0.0
resource_constraint,hard,independent_rollout,64,oracle_provenance,5,0.5348,0.2569721385675887,0.41644000000000003,0.24252966416502542,0.3483685625,0.9870142272343791,0.718734375,0.9157981064668148,0.4,0.5477225575051662
resource_constraint,hard,independent_rollout,64,provenance_preserving,5,0.5348,0.2569721385675887,0.41644000000000003,0.24252966416502542,0.3483685625,0.9870142272343791,0.718734375,0.9157981064668148,0.4,0.5477225575051662
resource_constraint,hard,independent_rollout,64,risk_classifier,5,0.5348,0.2569721385675887,0.41644000000000003,0.24252966416502542,0.36955621874999994,0.93803299510174,0.6975467187500001,0.8720075512911368,0.4,0.5477225575051662
resource_constraint,hard,independent_rollout,64,semantic_dedup,5,0.5348,0.2569721385675887,0.41644000000000003,0.24252966416502542,0.3483685625,0.9870142272343791,0.718734375,0.9157981064668148,0.4,0.5477225575051662
resource_constraint,hard,independent_rollout,64,source_grouping,5,0.5348,0.2569721385675887,0.41644000000000003,0.24252966416502542,0.3483685625,0.9870142272343791,0.718734375,0.9157981064668148,0.4,0.5477225575051662
resource_constraint,hard,pure_duplication,1,bayesian_mixing,5,0.5348,0.2569721385675887,0.41644000000000003,0.24252966416502542,0.3483685625,0.9870142272343791,0.718734375,0.9157981064668148,0.4,0.5477225575051662
resource_constraint,hard,pure_duplication,1,exact_dedup,5,0.5348,0.2569721385675887,0.41644000000000003,0.24252966416502542,0.3483685625,0.9870142272343791,0.718734375,0.9157981064668148,0.4,0.5477225575051662
resource_constraint,hard,pure_duplication,1,flat_rollout,5,0.5348,0.2569721385675887,0.41644000000000003,0.24252966416502542,0.3483685625,0.9870142272343791,0.718734375,0.9157981064668148,0.4,0.5477225575051662
resource_constraint,hard,pure_duplication,1,independent_trajectory,5,0.5348,0.2569721385675887,0.41644000000000003,0.24252966416502542,0.7961928125,0.02975388982436037,0.27091012500000006,0.3731671022902726,0.6,0.5477225575051662
resource_constraint,hard,pure_duplication,1,mean_pooling,5,0.5348,0.2569721385675887,0.41644000000000003,0.24252966416502542,0.7961928125,0.02975388982436037,0.27091012500000006,0.3731671022902726,0.6,0.5477225575051662
resource_constraint,hard,pure_duplication,1,no_imagination,5,0.5348,0.2569721385675887,0.41644000000000003,0.24252966416502542,-0.0915106875,0.05171589559161923,1.1586136249999999,0.3402681212814108,0.0,0.0
resource_constraint,hard,pure_duplication,1,oracle_provenance,5,0.5348,0.2569721385675887,0.41644000000000003,0.24252966416502542,0.3483685625,0.9870142272343791,0.718734375,0.9157981064668148,0.4,0.5477225575051662
resource_constraint,hard,pure_duplication,1,provenance_preserving,5,0.5348,0.2569721385675887,0.41644000000000003,0.24252966416502542,0.3483685625,0.9870142272343791,0.718734375,0.9157981064668148,0.4,0.5477225575051662
resource_constraint,hard,pure_duplication,1,risk_classifier,5,0.5348,0.2569721385675887,0.41644000000000003,0.24252966416502542,0.36955621874999994,0.93803299510174,0.6975467187500001,0.8720075512911368,0.4,0.5477225575051662
resource_constraint,hard,pure_duplication,1,semantic_dedup,5,0.5348,0.2569721385675887,0.41644000000000003,0.24252966416502542,0.3483685625,0.9870142272343791,0.718734375,0.9157981064668148,0.4,0.5477225575051662
resource_constraint,hard,pure_duplication,1,source_grouping,5,0.5348,0.2569721385675887,0.41644000000000003,0.24252966416502542,0.3483685625,0.9870142272343791,0.718734375,0.9157981064668148,0.4,0.5477225575051662
resource_constraint,hard,pure_duplication,2,bayesian_mixing,5,0.5348,0.2569721385675887,0.41644000000000003,0.24252966416502542,0.3483685625,0.9870142272343791,0.718734375,0.9157981064668148,0.4,0.5477225575051662
resource_constraint,hard,pure_duplication,2,exact_dedup,5,0.5348,0.2569721385675887,0.41644000000000003,0.24252966416502542,0.3483685625,0.9870142272343791,0.718734375,0.9157981064668148,0.4,0.5477225575051662
resource_constraint,hard,pure_duplication,2,flat_rollout,5,0.6128930849627305,0.24790013399961933,0.42971353556357983,0.2668525873470536,0.47235843749999995,1.0917499300509135,0.5947445,0.9727149977385303,0.6,0.5477225575051662
resource_constraint,hard,pure_duplication,2,independent_trajectory,5,0.5348,0.2569721385675887,0.41644000000000003,0.24252966416502542,0.7961928125,0.02975388982436037,0.27091012500000006,0.3731671022902726,0.6,0.5477225575051662
resource_constraint,hard,pure_duplication,2,mean_pooling,5,0.5348,0.2569721385675887,0.41644000000000003,0.24252966416502542,0.7961928125,0.02975388982436037,0.27091012500000006,0.3731671022902726,0.6,0.5477225575051662
resource_constraint,hard,pure_duplication,2,no_imagination,5,0.5348,0.2569721385675887,0.41644000000000003,0.24252966416502542,-0.0915106875,0.05171589559161923,1.1586136249999999,0.3402681212814108,0.0,0.0
resource_constraint,hard,pure_duplication,2,oracle_provenance,5,0.5348,0.2569721385675887,0.41644000000000003,0.24252966416502542,0.3483685625,0.9870142272343791,0.718734375,0.9157981064668148,0.4,0.5477225575051662
resource_constraint,hard,pure_duplication,2,provenance_preserving,5,0.5348,0.2569721385675887,0.41644000000000003,0.24252966416502542,0.3483685625,0.9870142272343791,0.718734375,0.9157981064668148,0.4,0.5477225575051662
resource_constraint,hard,pure_duplication,2,risk_classifier,5,0.5348,0.2569721385675887,0.41644000000000003,0.24252966416502542,0.36955621874999994,0.93803299510174,0.6975467187500001,0.8720075512911368,0.4,0.5477225575051662
resource_constraint,hard,pure_duplication,2,semantic_dedup,5,0.5348,0.2569721385675887,0.41644000000000003,0.24252966416502542,0.3483685625,0.9870142272343791,0.718734375,0.9157981064668148,0.4,0.5477225575051662
resource_constraint,hard,pure_duplication,2,source_grouping,5,0.5348,0.2569721385675887,0.41644000000000003,0.24252966416502542,0.3483685625,0.9870142272343791,0.718734375,0.9157981064668148,0.4,0.5477225575051662
resource_constraint,hard,pure_duplication,4,bayesian_mixing,5,0.5348,0.2569721385675887,0.41644000000000003,0.24252966416502542,0.3483685625,0.9870142272343791,0.718734375,0.9157981064668148,0.4,0.5477225575051662
resource_constraint,hard,pure_duplication,4,exact_dedup,5,0.5348,0.2569721385675887,0.41644000000000003,0.24252966416502542,0.3483685625,0.9870142272343791,0.718734375,0.9157981064668148,0.4,0.5477225575051662
resource_constraint,hard,pure_duplication,4,flat_rollout,5,0.7530891675025753,0.19923008636928388,0.4703029266900918,0.344467546359128,0.6192786875000001,1.1870080272484382,0.44782425000000003,1.0013654649728603,0.8,0.44721359549995804
resource_constraint,hard,pure_duplication,4,independent_trajectory,5,0.5348,0.2569721385675887,0.41644000000000003,0.24252966416502542,0.7961928125,0.02975388982436037,0.27091012500000006,0.3731671022902726,0.6,0.5477225575051662
resource_constraint,hard,pure_duplication,4,mean_pooling,5,0.5348,0.2569721385675887,0.41644000000000003,0.24252966416502542,0.7961928125,0.02975388982436037,0.27091012500000006,0.3731671022902726,0.6,0.5477225575051662
resource_constraint,hard,pure_duplication,4,no_imagination,5,0.5348,0.2569721385675887,0.41644000000000003,0.24252966416502542,-0.0915106875,0.05171589559161923,1.1586136249999999,0.3402681212814108,0.0,0.0
resource_constraint,hard,pure_duplication,4,oracle_provenance,5,0.5348,0.2569721385675887,0.41644000000000003,0.24252966416502542,0.3483685625,0.9870142272343791,0.718734375,0.9157981064668148,0.4,0.5477225575051662
resource_constraint,hard,pure_duplication,4,provenance_preserving,5,0.5348,0.2569721385675887,0.41644000000000003,0.24252966416502542,0.3483685625,0.9870142272343791,0.718734375,0.9157981064668148,0.4,0.5477225575051662
resource_constraint,hard,pure_duplication,4,risk_classifier,5,0.5348,0.2569721385675887,0.41644000000000003,0.24252966416502542,0.36955621874999994,0.93803299510174,0.6975467187500001,0.8720075512911368,0.4,0.5477225575051662
resource_constraint,hard,pure_duplication,4,semantic_dedup,5,0.5348,0.2569721385675887,0.41644000000000003,0.24252966416502542,0.3483685625,0.9870142272343791,0.718734375,0.9157981064668148,0.4,0.5477225575051662
resource_constraint,hard,pure_duplication,4,source_grouping,5,0.5348,0.2569721385675887,0.41644000000000003,0.24252966416502542,0.3483685625,0.9870142272343791,0.718734375,0.9157981064668148,0.4,0.5477225575051662
resource_constraint,hard,pure_duplication,8,bayesian_mixing,5,0.5348,0.2569721385675887,0.41644000000000003,0.24252966416502542,0.3483685625,0.9870142272343791,0.718734375,0.9157981064668148,0.4,0.5477225575051662
resource_constraint,hard,pure_duplication,8,exact_dedup,5,0.5348,0.2569721385675887,0.41644000000000003,0.24252966416502542,0.3483685625,0.9870142272343791,0.718734375,0.9157981064668148,0.4,0.5477225575051662
resource_constraint,hard,pure_duplication,8,flat_rollout,5,0.9274032052023002,0.07464861954262779,0.5544672234265746,0.47979781485159867,-0.23723193750000005,1.553249960312788,1.3043348750000001,1.191372977727635,0.4,0.5477225575051662
resource_constraint,hard,pure_duplication,8,independent_trajectory,5,0.5348,0.2569721385675887,0.41644000000000003,0.24252966416502542,0.7961928125,0.02975388982436037,0.27091012500000006,0.3731671022902726,0.6,0.5477225575051662
resource_constraint,hard,pure_duplication,8,mean_pooling,5,0.5348,0.2569721385675887,0.41644000000000003,0.24252966416502542,0.7961928125,0.02975388982436037,0.27091012500000006,0.3731671022902726,0.6,0.5477225575051662
resource_constraint,hard,pure_duplication,8,no_imagination,5,0.5348,0.2569721385675887,0.41644000000000003,0.24252966416502542,-0.0915106875,0.05171589559161923,1.1586136249999999,0.3402681212814108,0.0,0.0
resource_constraint,hard,pure_duplication,8,oracle_provenance,5,0.5348,0.2569721385675887,0.41644000000000003,0.24252966416502542,0.3483685625,0.9870142272343791,0.718734375,0.9157981064668148,0.4,0.5477225575051662
resource_constraint,hard,pure_duplication,8,provenance_preserving,5,0.5348,0.2569721385675887,0.41644000000000003,0.24252966416502542,0.3483685625,0.9870142272343791,0.718734375,0.9157981064668148,0.4,0.5477225575051662
resource_constraint,hard,pure_duplication,8,risk_classifier,5,0.5348,0.2569721385675887,0.41644000000000003,0.24252966416502542,0.36955621874999994,0.93803299510174,0.6975467187500001,0.8720075512911368,0.4,0.5477225575051662
resource_constraint,hard,pure_duplication,8,semantic_dedup,5,0.5348,0.2569721385675887,0.41644000000000003,0.24252966416502542,0.3483685625,0.9870142272343791,0.718734375,0.9157981064668148,0.4,0.5477225575051662
resource_constraint,hard,pure_duplication,8,source_grouping,5,0.5348,0.2569721385675887,0.41644000000000003,0.24252966416502542,0.3483685625,0.9870142272343791,0.718734375,0.9157981064668148,0.4,0.5477225575051662
resource_constraint,hard,pure_duplication,16,bayesian_mixing,5,0.5348,0.2569721385675887,0.41644000000000003,0.24252966416502542,0.3483685625,0.9870142272343791,0.718734375,0.9157981064668148,0.4,0.5477225575051662
resource_constraint,hard,pure_duplication,16,exact_dedup,5,0.5348,0.2569721385675887,0.41644000000000003,0.24252966416502542,0.3483685625,0.9870142272343791,0.718734375,0.9157981064668148,0.4,0.5477225575051662
resource_constraint,hard,pure_duplication,16,flat_rollout,5,0.9967300429972772,0.003650202466264007,0.597831097547348,0.5444957198536938,-0.23723193750000005,1.553249960312788,1.3043348750000001,1.191372977727635,0.4,0.5477225575051662
resource_constraint,hard,pure_duplication,16,independent_trajectory,5,0.5348,0.2569721385675887,0.41644000000000003,0.24252966416502542,0.7961928125,0.02975388982436037,0.27091012500000006,0.3731671022902726,0.6,0.5477225575051662
resource_constraint,hard,pure_duplication,16,mean_pooling,5,0.5348,0.2569721385675887,0.41644000000000003,0.24252966416502542,0.7961928125,0.02975388982436037,0.27091012500000006,0.3731671022902726,0.6,0.5477225575051662
resource_constraint,hard,pure_duplication,16,no_imagination,5,0.5348,0.2569721385675887,0.41644000000000003,0.24252966416502542,-0.0915106875,0.05171589559161923,1.1586136249999999,0.3402681212814108,0.0,0.0
resource_constraint,hard,pure_duplication,16,oracle_provenance,5,0.5348,0.2569721385675887,0.41644000000000003,0.24252966416502542,0.3483685625,0.9870142272343791,0.718734375,0.9157981064668148,0.4,0.5477225575051662
resource_constraint,hard,pure_duplication,16,provenance_preserving,5,0.5348,0.2569721385675887,0.41644000000000003,0.24252966416502542,0.3483685625,0.9870142272343791,0.718734375,0.9157981064668148,0.4,0.5477225575051662
resource_constraint,hard,pure_duplication,16,risk_classifier,5,0.5348,0.2569721385675887,0.41644000000000003,0.24252966416502542,0.36955621874999994,0.93803299510174,0.6975467187500001,0.8720075512911368,0.4,0.5477225575051662
resource_constraint,hard,pure_duplication,16,semantic_dedup,5,0.5348,0.2569721385675887,0.41644000000000003,0.24252966416502542,0.3483685625,0.9870142272343791,0.718734375,0.9157981064668148,0.4,0.5477225575051662
resource_constraint,hard,pure_duplication,16,source_grouping,5,0.5348,0.2569721385675887,0.41644000000000003,0.24252966416502542,0.3483685625,0.9870142272343791,0.718734375,0.9157981064668148,0.4,0.5477225575051662
resource_constraint,hard,pure_duplication,32,bayesian_mixing,5,0.5348,0.2569721385675887,0.41644000000000003,0.24252966416502542,0.3483685625,0.9870142272343791,0.718734375,0.9157981064668148,0.4,0.5477225575051662
resource_constraint,hard,pure_duplication,32,exact_dedup,5,0.5348,0.2569721385675887,0.41644000000000003,0.24252966416502542,0.3483685625,0.9870142272343791,0.718734375,0.9157981064668148,0.4,0.5477225575051662
resource_constraint,hard,pure_duplication,32,flat_rollout,5,0.9999949889601444,5.61419852348714e-06,0.5999966681686371,0.547717599869725,-0.23723193750000005,1.553249960312788,1.3043348750000001,1.191372977727635,0.4,0.5477225575051662
resource_constraint,hard,pure_duplication,32,independent_trajectory,5,0.5348,0.2569721385675887,0.41644000000000003,0.24252966416502542,0.7961928125,0.02975388982436037,0.27091012500000006,0.3731671022902726,0.6,0.5477225575051662
resource_constraint,hard,pure_duplication,32,mean_pooling,5,0.5348,0.2569721385675887,0.41644000000000003,0.24252966416502542,0.7961928125,0.02975388982436037,0.27091012500000006,0.3731671022902726,0.6,0.5477225575051662
resource_constraint,hard,pure_duplication,32,no_imagination,5,0.5348,0.2569721385675887,0.41644000000000003,0.24252966416502542,-0.0915106875,0.05171589559161923,1.1586136249999999,0.3402681212814108,0.0,0.0
resource_constraint,hard,pure_duplication,32,oracle_provenance,5,0.5348,0.2569721385675887,0.41644000000000003,0.24252966416502542,0.3483685625,0.9870142272343791,0.718734375,0.9157981064668148,0.4,0.5477225575051662
resource_constraint,hard,pure_duplication,32,provenance_preserving,5,0.5348,0.2569721385675887,0.41644000000000003,0.24252966416502542,0.3483685625,0.9870142272343791,0.718734375,0.9157981064668148,0.4,0.5477225575051662
resource_constraint,hard,pure_duplication,32,risk_classifier,5,0.5348,0.2569721385675887,0.41644000000000003,0.24252966416502542,0.36955621874999994,0.93803299510174,0.6975467187500001,0.8720075512911368,0.4,0.5477225575051662
resource_constraint,hard,pure_duplication,32,semantic_dedup,5,0.5348,0.2569721385675887,0.41644000000000003,0.24252966416502542,0.3483685625,0.9870142272343791,0.718734375,0.9157981064668148,0.4,0.5477225575051662
resource_constraint,hard,pure_duplication,32,source_grouping,5,0.5348,0.2569721385675887,0.41644000000000003,0.24252966416502542,0.3483685625,0.9870142272343791,0.718734375,0.9157981064668148,0.4,0.5477225575051662
resource_constraint,hard,pure_duplication,64,bayesian_mixing,5,0.5348,0.2569721385675887,0.41644000000000003,0.24252966416502542,0.3483685625,0.9870142272343791,0.718734375,0.9157981064668148,0.4,0.5477225575051662
resource_constraint,hard,pure_duplication,64,exact_dedup,5,0.5348,0.2569721385675887,0.41644000000000003,0.24252966416502542,0.3483685625,0.9870142272343791,0.718734375,0.9157981064668148,0.4,0.5477225575051662
resource_constraint,hard,pure_duplication,64,flat_rollout,5,0.9999999999883851,1.3012936917192519e-11,0.5999999999922773,0.547722557493675,-0.23723193750000005,1.553249960312788,1.3043348750000001,1.191372977727635,0.4,0.5477225575051662
resource_constraint,hard,pure_duplication,64,independent_trajectory,5,0.5348,0.2569721385675887,0.41644000000000003,0.24252966416502542,0.7961928125,0.02975388982436037,0.27091012500000006,0.3731671022902726,0.6,0.5477225575051662
resource_constraint,hard,pure_duplication,64,mean_pooling,5,0.5348,0.2569721385675887,0.41644000000000003,0.24252966416502542,0.7961928125,0.02975388982436037,0.27091012500000006,0.3731671022902726,0.6,0.5477225575051662
resource_constraint,hard,pure_duplication,64,no_imagination,5,0.5348,0.2569721385675887,0.41644000000000003,0.24252966416502542,-0.0915106875,0.05171589559161923,1.1586136249999999,0.3402681212814108,0.0,0.0
resource_constraint,hard,pure_duplication,64,oracle_provenance,5,0.5348,0.2569721385675887,0.41644000000000003,0.24252966416502542,0.3483685625,0.9870142272343791,0.718734375,0.9157981064668148,0.4,0.5477225575051662
resource_constraint,hard,pure_duplication,64,provenance_preserving,5,0.5348,0.2569721385675887,0.41644000000000003,0.24252966416502542,0.3483685625,0.9870142272343791,0.718734375,0.9157981064668148,0.4,0.5477225575051662
resource_constraint,hard,pure_duplication,64,risk_classifier,5,0.5348,0.2569721385675887,0.41644000000000003,0.24252966416502542,0.36955621874999994,0.93803299510174,0.6975467187500001,0.8720075512911368,0.4,0.5477225575051662
resource_constraint,hard,pure_duplication,64,semantic_dedup,5,0.5348,0.2569721385675887,0.41644000000000003,0.24252966416502542,0.3483685625,0.9870142272343791,0.718734375,0.9157981064668148,0.4,0.5477225575051662
resource_constraint,hard,pure_duplication,64,source_grouping,5,0.5348,0.2569721385675887,0.41644000000000003,0.24252966416502542,0.3483685625,0.9870142272343791,0.718734375,0.9157981064668148,0.4,0.5477225575051662
resource_constraint,medium,independent_rollout,1,bayesian_mixing,6,0.5297000000000001,0.12999089198863129,0.41276666666666667,0.09393910084020748,0.7995130989583333,0.00762441731983234,0.2365204427083333,0.366776022926464,0.6666666666666666,0.5163977794943223
resource_constraint,medium,independent_rollout,1,exact_dedup,6,0.5297000000000001,0.12999089198863129,0.41276666666666667,0.09393910084020748,0.7995130989583333,0.00762441731983234,0.2365204427083333,0.366776022926464,0.6666666666666666,0.5163977794943223
resource_constraint,medium,independent_rollout,1,flat_rollout,6,0.5297000000000001,0.12999089198863129,0.41276666666666667,0.09393910084020748,0.7995130989583333,0.00762441731983234,0.2365204427083333,0.366776022926464,0.6666666666666666,0.5163977794943223
resource_constraint,medium,independent_rollout,1,independent_trajectory,6,0.5297000000000001,0.12999089198863129,0.41276666666666667,0.09393910084020748,0.7995130989583333,0.00762441731983234,0.2365204427083333,0.366776022926464,0.6666666666666666,0.5163977794943223
resource_constraint,medium,independent_rollout,1,mean_pooling,6,0.5297000000000001,0.12999089198863129,0.41276666666666667,0.09393910084020748,0.7995130989583333,0.00762441731983234,0.2365204427083333,0.366776022926464,0.6666666666666666,0.5163977794943223
resource_constraint,medium,independent_rollout,1,no_imagination,6,0.5297000000000001,0.12999089198863129,0.41276666666666667,0.09393910084020748,-0.10026458333333334,0.029951443113263466,1.136298125,0.35617897438925616,0.0,0.0
resource_constraint,medium,independent_rollout,1,oracle_provenance,6,0.5297000000000001,0.12999089198863129,0.41276666666666667,0.09393910084020748,0.7995130989583333,0.00762441731983234,0.2365204427083333,0.366776022926464,0.6666666666666666,0.5163977794943223
resource_constraint,medium,independent_rollout,1,provenance_preserving,6,0.5297000000000001,0.12999089198863129,0.41276666666666667,0.09393910084020748,0.7995130989583333,0.00762441731983234,0.2365204427083333,0.366776022926464,0.6666666666666666,0.5163977794943223
resource_constraint,medium,independent_rollout,1,risk_classifier,6,0.5297000000000001,0.12999089198863129,0.41276666666666667,0.09393910084020748,0.3170125520833333,1.3332803241726419,0.7190209895833334,1.1139926857655211,0.6666666666666666,0.5163977794943223
resource_constraint,medium,independent_rollout,1,semantic_dedup,6,0.5297000000000001,0.12999089198863129,0.41276666666666667,0.09393910084020748,0.7995130989583333,0.00762441731983234,0.2365204427083333,0.366776022926464,0.6666666666666666,0.5163977794943223
resource_constraint,medium,independent_rollout,1,source_grouping,6,0.5297000000000001,0.12999089198863129,0.41276666666666667,0.09393910084020748,0.7995130989583333,0.00762441731983234,0.2365204427083333,0.366776022926464,0.6666666666666666,0.5163977794943223
resource_constraint,medium,independent_rollout,2,bayesian_mixing,6,0.5297000000000001,0.12999089198863129,0.41276666666666667,0.09393910084020748,0.7995130989583333,0.00762441731983234,0.2365204427083333,0.366776022926464,0.6666666666666666,0.5163977794943223
resource_constraint,medium,independent_rollout,2,exact_dedup,6,0.5297000000000001,0.12999089198863129,0.41276666666666667,0.09393910084020748,0.7995130989583333,0.00762441731983234,0.2365204427083333,0.366776022926464,0.6666666666666666,0.5163977794943223
resource_constraint,medium,independent_rollout,2,flat_rollout,6,0.5297000000000001,0.12999089198863129,0.41276666666666667,0.09393910084020748,0.7995130989583333,0.00762441731983234,0.2365204427083333,0.366776022926464,0.6666666666666666,0.5163977794943223
resource_constraint,medium,independent_rollout,2,independent_trajectory,6,0.5297000000000001,0.12999089198863129,0.41276666666666667,0.09393910084020748,0.7995130989583333,0.00762441731983234,0.2365204427083333,0.366776022926464,0.6666666666666666,0.5163977794943223
resource_constraint,medium,independent_rollout,2,mean_pooling,6,0.5297000000000001,0.12999089198863129,0.41276666666666667,0.09393910084020748,0.7995130989583333,0.00762441731983234,0.2365204427083333,0.366776022926464,0.6666666666666666,0.5163977794943223
resource_constraint,medium,independent_rollout,2,no_imagination,6,0.5297000000000001,0.12999089198863129,0.41276666666666667,0.09393910084020748,-0.10026458333333334,0.029951443113263466,1.136298125,0.35617897438925616,0.0,0.0
resource_constraint,medium,independent_rollout,2,oracle_provenance,6,0.5297000000000001,0.12999089198863129,0.41276666666666667,0.09393910084020748,0.7995130989583333,0.00762441731983234,0.2365204427083333,0.366776022926464,0.6666666666666666,0.5163977794943223
resource_constraint,medium,independent_rollout,2,provenance_preserving,6,0.5297000000000001,0.12999089198863129,0.41276666666666667,0.09393910084020748,0.7995130989583333,0.00762441731983234,0.2365204427083333,0.366776022926464,0.6666666666666666,0.5163977794943223
resource_constraint,medium,independent_rollout,2,risk_classifier,6,0.5297000000000001,0.12999089198863129,0.41276666666666667,0.09393910084020748,-0.04395888020833335,1.4639435065181592,1.079992421875,1.1831616398552063,0.5,0.5477225575051661
resource_constraint,medium,independent_rollout,2,semantic_dedup,6,0.5297000000000001,0.12999089198863129,0.41276666666666667,0.09393910084020748,0.7995130989583333,0.00762441731983234,0.2365204427083333,0.366776022926464,0.6666666666666666,0.5163977794943223
resource_constraint,medium,independent_rollout,2,source_grouping,6,0.5297000000000001,0.12999089198863129,0.41276666666666667,0.09393910084020748,0.7995130989583333,0.00762441731983234,0.2365204427083333,0.366776022926464,0.6666666666666666,0.5163977794943223
resource_constraint,medium,independent_rollout,4,bayesian_mixing,6,0.5297000000000001,0.12999089198863129,0.41276666666666667,0.09393910084020748,0.7995130989583333,0.00762441731983234,0.2365204427083333,0.366776022926464,0.6666666666666666,0.5163977794943223
resource_constraint,medium,independent_rollout,4,exact_dedup,6,0.5297000000000001,0.12999089198863129,0.41276666666666667,0.09393910084020748,0.7995130989583333,0.00762441731983234,0.2365204427083333,0.366776022926464,0.6666666666666666,0.5163977794943223
resource_constraint,medium,independent_rollout,4,flat_rollout,6,0.5297000000000001,0.12999089198863129,0.41276666666666667,0.09393910084020748,0.7995130989583333,0.00762441731983234,0.2365204427083333,0.366776022926464,0.6666666666666666,0.5163977794943223
resource_constraint,medium,independent_rollout,4,independent_trajectory,6,0.5297000000000001,0.12999089198863129,0.41276666666666667,0.09393910084020748,0.7995130989583333,0.00762441731983234,0.2365204427083333,0.366776022926464,0.6666666666666666,0.5163977794943223
resource_constraint,medium,independent_rollout,4,mean_pooling,6,0.5297000000000001,0.12999089198863129,0.41276666666666667,0.09393910084020748,0.7995130989583333,0.00762441731983234,0.2365204427083333,0.366776022926464,0.6666666666666666,0.5163977794943223
resource_constraint,medium,independent_rollout,4,no_imagination,6,0.5297000000000001,0.12999089198863129,0.41276666666666667,0.09393910084020748,-0.10026458333333334,0.029951443113263466,1.136298125,0.35617897438925616,0.0,0.0
resource_constraint,medium,independent_rollout,4,oracle_provenance,6,0.5297000000000001,0.12999089198863129,0.41276666666666667,0.09393910084020748,0.7995130989583333,0.00762441731983234,0.2365204427083333,0.366776022926464,0.6666666666666666,0.5163977794943223
resource_constraint,medium,independent_rollout,4,provenance_preserving,6,0.5297000000000001,0.12999089198863129,0.41276666666666667,0.09393910084020748,0.7995130989583333,0.00762441731983234,0.2365204427083333,0.366776022926464,0.6666666666666666,0.5163977794943223
resource_constraint,medium,independent_rollout,4,risk_classifier,6,0.5297000000000001,0.12999089198863129,0.41276666666666667,0.09393910084020748,-0.5214671614583333,1.3235049213087278,1.557500703125,0.9662334320338535,0.16666666666666666,0.408248290463863
resource_constraint,medium,independent_rollout,4,semantic_dedup,6,0.5297000000000001,0.12999089198863129,0.41276666666666667,0.09393910084020748,0.7995130989583333,0.00762441731983234,0.2365204427083333,0.366776022926464,0.6666666666666666,0.5163977794943223
resource_constraint,medium,independent_rollout,4,source_grouping,6,0.5297000000000001,0.12999089198863129,0.41276666666666667,0.09393910084020748,0.7995130989583333,0.00762441731983234,0.2365204427083333,0.366776022926464,0.6666666666666666,0.5163977794943223
resource_constraint,medium,independent_rollout,8,bayesian_mixing,6,0.5297000000000001,0.12999089198863129,0.41276666666666667,0.09393910084020748,0.7995130989583333,0.00762441731983234,0.2365204427083333,0.366776022926464,0.6666666666666666,0.5163977794943223
resource_constraint,medium,independent_rollout,8,exact_dedup,6,0.5297000000000001,0.12999089198863129,0.41276666666666667,0.09393910084020748,0.7995130989583333,0.00762441731983234,0.2365204427083333,0.366776022926464,0.6666666666666666,0.5163977794943223
resource_constraint,medium,independent_rollout,8,flat_rollout,6,0.5297000000000001,0.12999089198863129,0.41276666666666667,0.09393910084020748,0.7995130989583333,0.00762441731983234,0.2365204427083333,0.366776022926464,0.6666666666666666,0.5163977794943223
resource_constraint,medium,independent_rollout,8,independent_trajectory,6,0.5297000000000001,0.12999089198863129,0.41276666666666667,0.09393910084020748,0.7995130989583333,0.00762441731983234,0.2365204427083333,0.366776022926464,0.6666666666666666,0.5163977794943223
resource_constraint,medium,independent_rollout,8,mean_pooling,6,0.5297000000000001,0.12999089198863129,0.41276666666666667,0.09393910084020748,0.7995130989583333,0.00762441731983234,0.2365204427083333,0.366776022926464,0.6666666666666666,0.5163977794943223
resource_constraint,medium,independent_rollout,8,no_imagination,6,0.5297000000000001,0.12999089198863129,0.41276666666666667,0.09393910084020748,-0.10026458333333334,0.029951443113263466,1.136298125,0.35617897438925616,0.0,0.0
resource_constraint,medium,independent_rollout,8,oracle_provenance,6,0.5297000000000001,0.12999089198863129,0.41276666666666667,0.09393910084020748,0.7995130989583333,0.00762441731983234,0.2365204427083333,0.366776022926464,0.6666666666666666,0.5163977794943223
resource_constraint,medium,independent_rollout,8,provenance_preserving,6,0.5297000000000001,0.12999089198863129,0.41276666666666667,0.09393910084020748,0.7995130989583333,0.00762441731983234,0.2365204427083333,0.366776022926464,0.6666666666666666,0.5163977794943223
resource_constraint,medium,independent_rollout,8,risk_classifier,6,0.5297000000000001,0.12999089198863129,0.41276666666666667,0.09393910084020748,-0.4074890364583333,1.479607743278083,1.443522578125,1.1182723101948264,0.3333333333333333,0.5163977794943223
resource_constraint,medium,independent_rollout,8,semantic_dedup,6,0.5297000000000001,0.12999089198863129,0.41276666666666667,0.09393910084020748,0.7995130989583333,0.00762441731983234,0.2365204427083333,0.366776022926464,0.6666666666666666,0.5163977794943223
resource_constraint,medium,independent_rollout,8,source_grouping,6,0.5297000000000001,0.12999089198863129,0.41276666666666667,0.09393910084020748,0.7995130989583333,0.00762441731983234,0.2365204427083333,0.366776022926464,0.6666666666666666,0.5163977794943223
resource_constraint,medium,independent_rollout,16,bayesian_mixing,6,0.5297000000000001,0.12999089198863129,0.41276666666666667,0.09393910084020748,0.7995130989583333,0.00762441731983234,0.2365204427083333,0.366776022926464,0.6666666666666666,0.5163977794943223
resource_constraint,medium,independent_rollout,16,exact_dedup,6,0.5297000000000001,0.12999089198863129,0.41276666666666667,0.09393910084020748,0.7995130989583333,0.00762441731983234,0.2365204427083333,0.366776022926464,0.6666666666666666,0.5163977794943223
resource_constraint,medium,independent_rollout,16,flat_rollout,6,0.5297000000000001,0.12999089198863129,0.41276666666666667,0.09393910084020748,0.7995130989583333,0.00762441731983234,0.2365204427083333,0.366776022926464,0.6666666666666666,0.5163977794943223
resource_constraint,medium,independent_rollout,16,independent_trajectory,6,0.5297000000000001,0.12999089198863129,0.41276666666666667,0.09393910084020748,0.7995130989583333,0.00762441731983234,0.2365204427083333,0.366776022926464,0.6666666666666666,0.5163977794943223
resource_constraint,medium,independent_rollout,16,mean_pooling,6,0.5297000000000001,0.12999089198863129,0.41276666666666667,0.09393910084020748,0.7995130989583333,0.00762441731983234,0.2365204427083333,0.366776022926464,0.6666666666666666,0.5163977794943223
resource_constraint,medium,independent_rollout,16,no_imagination,6,0.5297000000000001,0.12999089198863129,0.41276666666666667,0.09393910084020748,-0.10026458333333334,0.029951443113263466,1.136298125,0.35617897438925616,0.0,0.0
resource_constraint,medium,independent_rollout,16,oracle_provenance,6,0.5297000000000001,0.12999089198863129,0.41276666666666667,0.09393910084020748,0.7995130989583333,0.00762441731983234,0.2365204427083333,0.366776022926464,0.6666666666666666,0.5163977794943223
resource_constraint,medium,independent_rollout,16,provenance_preserving,6,0.5297000000000001,0.12999089198863129,0.41276666666666667,0.09393910084020748,0.7995130989583333,0.00762441731983234,0.2365204427083333,0.366776022926464,0.6666666666666666,0.5163977794943223
resource_constraint,medium,independent_rollout,16,risk_classifier,6,0.5297000000000001,0.12999089198863129,0.41276666666666667,0.09393910084020748,-0.4074890364583333,1.479607743278083,1.443522578125,1.1182723101948264,0.3333333333333333,0.5163977794943223
resource_constraint,medium,independent_rollout,16,semantic_dedup,6,0.5297000000000001,0.12999089198863129,0.41276666666666667,0.09393910084020748,0.7995130989583333,0.00762441731983234,0.2365204427083333,0.366776022926464,0.6666666666666666,0.5163977794943223
resource_constraint,medium,independent_rollout,16,source_grouping,6,0.5297000000000001,0.12999089198863129,0.41276666666666667,0.09393910084020748,0.7995130989583333,0.00762441731983234,0.2365204427083333,0.366776022926464,0.6666666666666666,0.5163977794943223
resource_constraint,medium,independent_rollout,32,bayesian_mixing,6,0.5297000000000001,0.12999089198863129,0.41276666666666667,0.09393910084020748,0.7995130989583333,0.00762441731983234,0.2365204427083333,0.366776022926464,0.6666666666666666,0.5163977794943223
resource_constraint,medium,independent_rollout,32,exact_dedup,6,0.5297000000000001,0.12999089198863129,0.41276666666666667,0.09393910084020748,0.7995130989583333,0.00762441731983234,0.2365204427083333,0.366776022926464,0.6666666666666666,0.5163977794943223
resource_constraint,medium,independent_rollout,32,flat_rollout,6,0.5297000000000001,0.12999089198863129,0.41276666666666667,0.09393910084020748,0.7995130989583333,0.00762441731983234,0.2365204427083333,0.366776022926464,0.6666666666666666,0.5163977794943223
resource_constraint,medium,independent_rollout,32,independent_trajectory,6,0.5297000000000001,0.12999089198863129,0.41276666666666667,0.09393910084020748,0.7995130989583333,0.00762441731983234,0.2365204427083333,0.366776022926464,0.6666666666666666,0.5163977794943223
resource_constraint,medium,independent_rollout,32,mean_pooling,6,0.5297000000000001,0.12999089198863129,0.41276666666666667,0.09393910084020748,0.7995130989583333,0.00762441731983234,0.2365204427083333,0.366776022926464,0.6666666666666666,0.5163977794943223
resource_constraint,medium,independent_rollout,32,no_imagination,6,0.5297000000000001,0.12999089198863129,0.41276666666666667,0.09393910084020748,-0.10026458333333334,0.029951443113263466,1.136298125,0.35617897438925616,0.0,0.0
resource_constraint,medium,independent_rollout,32,oracle_provenance,6,0.5297000000000001,0.12999089198863129,0.41276666666666667,0.09393910084020748,0.7995130989583333,0.00762441731983234,0.2365204427083333,0.366776022926464,0.6666666666666666,0.5163977794943223
resource_constraint,medium,independent_rollout,32,provenance_preserving,6,0.5297000000000001,0.12999089198863129,0.41276666666666667,0.09393910084020748,0.7995130989583333,0.00762441731983234,0.2365204427083333,0.366776022926464,0.6666666666666666,0.5163977794943223
resource_constraint,medium,independent_rollout,32,risk_classifier,6,0.5297000000000001,0.12999089198863129,0.41276666666666667,0.09393910084020748,-0.4074890364583333,1.479607743278083,1.443522578125,1.1182723101948264,0.3333333333333333,0.5163977794943223
resource_constraint,medium,independent_rollout,32,semantic_dedup,6,0.5297000000000001,0.12999089198863129,0.41276666666666667,0.09393910084020748,0.7995130989583333,0.00762441731983234,0.2365204427083333,0.366776022926464,0.6666666666666666,0.5163977794943223
resource_constraint,medium,independent_rollout,32,source_grouping,6,0.5297000000000001,0.12999089198863129,0.41276666666666667,0.09393910084020748,0.7995130989583333,0.00762441731983234,0.2365204427083333,0.366776022926464,0.6666666666666666,0.5163977794943223
resource_constraint,medium,independent_rollout,64,bayesian_mixing,6,0.5297000000000001,0.12999089198863129,0.41276666666666667,0.09393910084020748,0.7995130989583333,0.00762441731983234,0.2365204427083333,0.366776022926464,0.6666666666666666,0.5163977794943223
resource_constraint,medium,independent_rollout,64,exact_dedup,6,0.5297000000000001,0.12999089198863129,0.41276666666666667,0.09393910084020748,0.7995130989583333,0.00762441731983234,0.2365204427083333,0.366776022926464,0.6666666666666666,0.5163977794943223
resource_constraint,medium,independent_rollout,64,flat_rollout,6,0.5297000000000001,0.12999089198863129,0.41276666666666667,0.09393910084020748,0.7995130989583333,0.00762441731983234,0.2365204427083333,0.366776022926464,0.6666666666666666,0.5163977794943223
resource_constraint,medium,independent_rollout,64,independent_trajectory,6,0.5297000000000001,0.12999089198863129,0.41276666666666667,0.09393910084020748,0.7995130989583333,0.00762441731983234,0.2365204427083333,0.366776022926464,0.6666666666666666,0.5163977794943223
resource_constraint,medium,independent_rollout,64,mean_pooling,6,0.5297000000000001,0.12999089198863129,0.41276666666666667,0.09393910084020748,0.7995130989583333,0.00762441731983234,0.2365204427083333,0.366776022926464,0.6666666666666666,0.5163977794943223
resource_constraint,medium,independent_rollout,64,no_imagination,6,0.5297000000000001,0.12999089198863129,0.41276666666666667,0.09393910084020748,-0.10026458333333334,0.029951443113263466,1.136298125,0.35617897438925616,0.0,0.0
resource_constraint,medium,independent_rollout,64,oracle_provenance,6,0.5297000000000001,0.12999089198863129,0.41276666666666667,0.09393910084020748,0.7995130989583333,0.00762441731983234,0.2365204427083333,0.366776022926464,0.6666666666666666,0.5163977794943223
resource_constraint,medium,independent_rollout,64,provenance_preserving,6,0.5297000000000001,0.12999089198863129,0.41276666666666667,0.09393910084020748,0.7995130989583333,0.00762441731983234,0.2365204427083333,0.366776022926464,0.6666666666666666,0.5163977794943223
resource_constraint,medium,independent_rollout,64,risk_classifier,6,0.5297000000000001,0.12999089198863129,0.41276666666666667,0.09393910084020748,-0.4074890364583333,1.479607743278083,1.443522578125,1.1182723101948264,0.3333333333333333,0.5163977794943223
resource_constraint,medium,independent_rollout,64,semantic_dedup,6,0.5297000000000001,0.12999089198863129,0.41276666666666667,0.09393910084020748,0.7995130989583333,0.00762441731983234,0.2365204427083333,0.366776022926464,0.6666666666666666,0.5163977794943223
resource_constraint,medium,independent_rollout,64,source_grouping,6,0.5297000000000001,0.12999089198863129,0.41276666666666667,0.09393910084020748,0.7995130989583333,0.00762441731983234,0.2365204427083333,0.366776022926464,0.6666666666666666,0.5163977794943223
resource_constraint,medium,pure_duplication,1,bayesian_mixing,6,0.5297000000000001,0.12999089198863129,0.41276666666666667,0.09393910084020748,0.7995130989583333,0.00762441731983234,0.2365204427083333,0.366776022926464,0.6666666666666666,0.5163977794943223
resource_constraint,medium,pure_duplication,1,exact_dedup,6,0.5297000000000001,0.12999089198863129,0.41276666666666667,0.09393910084020748,0.7995130989583333,0.00762441731983234,0.2365204427083333,0.366776022926464,0.6666666666666666,0.5163977794943223
resource_constraint,medium,pure_duplication,1,flat_rollout,6,0.5297000000000001,0.12999089198863129,0.41276666666666667,0.09393910084020748,0.7995130989583333,0.00762441731983234,0.2365204427083333,0.366776022926464,0.6666666666666666,0.5163977794943223
resource_constraint,medium,pure_duplication,1,independent_trajectory,6,0.5297000000000001,0.12999089198863129,0.41276666666666667,0.09393910084020748,0.7995130989583333,0.00762441731983234,0.2365204427083333,0.366776022926464,0.6666666666666666,0.5163977794943223
resource_constraint,medium,pure_duplication,1,mean_pooling,6,0.5297000000000001,0.12999089198863129,0.41276666666666667,0.09393910084020748,0.7995130989583333,0.00762441731983234,0.2365204427083333,0.366776022926464,0.6666666666666666,0.5163977794943223
resource_constraint,medium,pure_duplication,1,no_imagination,6,0.5297000000000001,0.12999089198863129,0.41276666666666667,0.09393910084020748,-0.10026458333333334,0.029951443113263466,1.136298125,0.35617897438925616,0.0,0.0
resource_constraint,medium,pure_duplication,1,oracle_provenance,6,0.5297000000000001,0.12999089198863129,0.41276666666666667,0.09393910084020748,0.7995130989583333,0.00762441731983234,0.2365204427083333,0.366776022926464,0.6666666666666666,0.5163977794943223
resource_constraint,medium,pure_duplication,1,provenance_preserving,6,0.5297000000000001,0.12999089198863129,0.41276666666666667,0.09393910084020748,0.7995130989583333,0.00762441731983234,0.2365204427083333,0.366776022926464,0.6666666666666666,0.5163977794943223
resource_constraint,medium,pure_duplication,1,risk_classifier,6,0.5297000000000001,0.12999089198863129,0.41276666666666667,0.09393910084020748,-0.4074890364583333,1.479607743278083,1.443522578125,1.1182723101948264,0.3333333333333333,0.5163977794943223
resource_constraint,medium,pure_duplication,1,semantic_dedup,6,0.5297000000000001,0.12999089198863129,0.41276666666666667,0.09393910084020748,0.7995130989583333,0.00762441731983234,0.2365204427083333,0.366776022926464,0.6666666666666666,0.5163977794943223
resource_constraint,medium,pure_duplication,1,source_grouping,6,0.5297000000000001,0.12999089198863129,0.41276666666666667,0.09393910084020748,0.7995130989583333,0.00762441731983234,0.2365204427083333,0.366776022926464,0.6666666666666666,0.5163977794943223
resource_constraint,medium,pure_duplication,2,bayesian_mixing,6,0.5297000000000001,0.12999089198863129,0.41276666666666667,0.09393910084020748,0.7995130989583333,0.00762441731983234,0.2365204427083333,0.366776022926464,0.6666666666666666,0.5163977794943223
resource_constraint,medium,pure_duplication,2,exact_dedup,6,0.5297000000000001,0.12999089198863129,0.41276666666666667,0.09393910084020748,0.7995130989583333,0.00762441731983234,0.2365204427083333,0.366776022926464,0.6666666666666666,0.5163977794943223
resource_constraint,medium,pure_duplication,2,flat_rollout,6,0.6229919211314576,0.12124143779380578,0.45194284169552396,0.17343734568274374,0.9134912239583333,0.27619029887593427,0.12254231770833335,0.3001661502834399,0.8333333333333334,0.408248290463863
resource_constraint,medium,pure_duplication,2,independent_trajectory,6,0.5297000000000001,0.12999089198863129,0.41276666666666667,0.09393910084020748,0.7995130989583333,0.00762441731983234,0.2365204427083333,0.366776022926464,0.6666666666666666,0.5163977794943223
resource_constraint,medium,pure_duplication,2,mean_pooling,6,0.5297000000000001,0.12999089198863129,0.41276666666666667,0.09393910084020748,0.7995130989583333,0.00762441731983234,0.2365204427083333,0.366776022926464,0.6666666666666666,0.5163977794943223
resource_constraint,medium,pure_duplication,2,no_imagination,6,0.5297000000000001,0.12999089198863129,0.41276666666666667,0.09393910084020748,-0.10026458333333334,0.029951443113263466,1.136298125,0.35617897438925616,0.0,0.0
resource_constraint,medium,pure_duplication,2,oracle_provenance,6,0.5297000000000001,0.12999089198863129,0.41276666666666667,0.09393910084020748,0.7995130989583333,0.00762441731983234,0.2365204427083333,0.366776022926464,0.6666666666666666,0.5163977794943223
resource_constraint,medium,pure_duplication,2,provenance_preserving,6,0.5297000000000001,0.12999089198863129,0.41276666666666667,0.09393910084020748,0.7995130989583333,0.00762441731983234,0.2365204427083333,0.366776022926464,0.6666666666666666,0.5163977794943223
resource_constraint,medium,pure_duplication,2,risk_classifier,6,0.5297000000000001,0.12999089198863129,0.41276666666666667,0.09393910084020748,-0.4074890364583333,1.479607743278083,1.443522578125,1.1182723101948264,0.3333333333333333,0.5163977794943223
resource_constraint,medium,pure_duplication,2,semantic_dedup,6,0.5297000000000001,0.12999089198863129,0.41276666666666667,0.09393910084020748,0.7995130989583333,0.00762441731983234,0.2365204427083333,0.366776022926464,0.6666666666666666,0.5163977794943223
resource_constraint,medium,pure_duplication,2,source_grouping,6,0.5297000000000001,0.12999089198863129,0.41276666666666667,0.09393910084020748,0.7995130989583333,0.00762441731983234,0.2365204427083333,0.366776022926464,0.6666666666666666,0.5163977794943223
resource_constraint,medium,pure_duplication,4,bayesian_mixing,6,0.5297000000000001,0.12999089198863129,0.41276666666666667,0.09393910084020748,0.7995130989583333,0.00762441731983234,0.2365204427083333,0.366776022926464,0.6666666666666666,0.5163977794943223
resource_constraint,medium,pure_duplication,4,exact_dedup,6,0.5297000000000001,0.12999089198863129,0.41276666666666667,0.09393910084020748,0.7995130989583333,0.00762441731983234,0.2365204427083333,0.366776022926464,0.6666666666666666,0.5163977794943223
resource_constraint,medium,pure_duplication,4,flat_rollout,6,0.7818822083028995,0.08715320681091282,0.532395399815386,0.3188815177642792,0.3118167968749999,1.340665243682843,0.7242167447916668,1.1219600519449249,0.6666666666666666,0.5163977794943223
resource_constraint,medium,pure_duplication,4,independent_trajectory,6,0.5297000000000001,0.12999089198863129,0.41276666666666667,0.09393910084020748,0.7995130989583333,0.00762441731983234,0.2365204427083333,0.366776022926464,0.6666666666666666,0.5163977794943223
resource_constraint,medium,pure_duplication,4,mean_pooling,6,0.5297000000000001,0.12999089198863129,0.41276666666666667,0.09393910084020748,0.7995130989583333,0.00762441731983234,0.2365204427083333,0.366776022926464,0.6666666666666666,0.5163977794943223
resource_constraint,medium,pure_duplication,4,no_imagination,6,0.5297000000000001,0.12999089198863129,0.41276666666666667,0.09393910084020748,-0.10026458333333334,0.029951443113263466,1.136298125,0.35617897438925616,0.0,0.0
resource_constraint,medium,pure_duplication,4,oracle_provenance,6,0.5297000000000001,0.12999089198863129,0.41276666666666667,0.09393910084020748,0.7995130989583333,0.00762441731983234,0.2365204427083333,0.366776022926464,0.6666666666666666,0.5163977794943223
resource_constraint,medium,pure_duplication,4,provenance_preserving,6,0.5297000000000001,0.12999089198863129,0.41276666666666667,0.09393910084020748,0.7995130989583333,0.00762441731983234,0.2365204427083333,0.366776022926464,0.6666666666666666,0.5163977794943223
resource_constraint,medium,pure_duplication,4,risk_classifier,6,0.5297000000000001,0.12999089198863129,0.41276666666666667,0.09393910084020748,-0.4074890364583333,1.479607743278083,1.443522578125,1.1182723101948264,0.3333333333333333,0.5163977794943223
resource_constraint,medium,pure_duplication,4,semantic_dedup,6,0.5297000000000001,0.12999089198863129,0.41276666666666667,0.09393910084020748,0.7995130989583333,0.00762441731983234,0.2365204427083333,0.366776022926464,0.6666666666666666,0.5163977794943223
resource_constraint,medium,pure_duplication,4,source_grouping,6,0.5297000000000001,0.12999089198863129,0.41276666666666667,0.09393910084020748,0.7995130989583333,0.00762441731983234,0.2365204427083333,0.366776022926464,0.6666666666666666,0.5163977794943223
resource_constraint,medium,pure_duplication,8,bayesian_mixing,6,0.5297000000000001,0.12999089198863129,0.41276666666666667,0.09393910084020748,0.7995130989583333,0.00762441731983234,0.2365204427083333,0.366776022926464,0.6666666666666666,0.5163977794943223
resource_constraint,medium,pure_duplication,8,exact_dedup,6,0.5297000000000001,0.12999089198863129,0.41276666666666667,0.09393910084020748,0.7995130989583333,0.00762441731983234,0.2365204427083333,0.366776022926464,0.6666666666666666,0.5163977794943223
resource_constraint,medium,pure_duplication,8,flat_rollout,6,0.9459330357128652,0.02615349654922313,0.6311102103951293,0.4676362555085245,-0.4074890364583333,1.479607743278083,1.443522578125,1.1182723101948264,0.3333333333333333,0.5163977794943223
resource_constraint,medium,pure_duplication,8,independent_trajectory,6,0.5297000000000001,0.12999089198863129,0.41276666666666667,0.09393910084020748,0.7995130989583333,0.00762441731983234,0.2365204427083333,0.366776022926464,0.6666666666666666,0.5163977794943223
resource_constraint,medium,pure_duplication,8,mean_pooling,6,0.5297000000000001,0.12999089198863129,0.41276666666666667,0.09393910084020748,0.7995130989583333,0.00762441731983234,0.2365204427083333,0.366776022926464,0.6666666666666666,0.5163977794943223
resource_constraint,medium,pure_duplication,8,no_imagination,6,0.5297000000000001,0.12999089198863129,0.41276666666666667,0.09393910084020748,-0.10026458333333334,0.029951443113263466,1.136298125,0.35617897438925616,0.0,0.0
resource_constraint,medium,pure_duplication,8,oracle_provenance,6,0.5297000000000001,0.12999089198863129,0.41276666666666667,0.09393910084020748,0.7995130989583333,0.00762441731983234,0.2365204427083333,0.366776022926464,0.6666666666666666,0.5163977794943223
resource_constraint,medium,pure_duplication,8,provenance_preserving,6,0.5297000000000001,0.12999089198863129,0.41276666666666667,0.09393910084020748,0.7995130989583333,0.00762441731983234,0.2365204427083333,0.366776022926464,0.6666666666666666,0.5163977794943223
resource_constraint,medium,pure_duplication,8,risk_classifier,6,0.5297000000000001,0.12999089198863129,0.41276666666666667,0.09393910084020748,-0.4074890364583333,1.479607743278083,1.443522578125,1.1182723101948264,0.3333333333333333,0.5163977794943223
resource_constraint,medium,pure_duplication,8,semantic_dedup,6,0.5297000000000001,0.12999089198863129,0.41276666666666667,0.09393910084020748,0.7995130989583333,0.00762441731983234,0.2365204427083333,0.366776022926464,0.6666666666666666,0.5163977794943223
resource_constraint,medium,pure_duplication,8,source_grouping,6,0.5297000000000001,0.12999089198863129,0.41276666666666667,0.09393910084020748,0.7995130989583333,0.00762441731983234,0.2365204427083333,0.366776022926464,0.6666666666666666,0.5163977794943223
resource_constraint,medium,pure_duplication,16,bayesian_mixing,6,0.5297000000000001,0.12999089198863129,0.41276666666666667,0.09393910084020748,0.7995130989583333,0.00762441731983234,0.2365204427083333,0.366776022926464,0.6666666666666666,0.5163977794943223
resource_constraint,medium,pure_duplication,16,exact_dedup,6,0.5297000000000001,0.12999089198863129,0.41276666666666667,0.09393910084020748,0.7995130989583333,0.00762441731983234,0.2365204427083333,0.366776022926464,0.6666666666666666,0.5163977794943223
resource_constraint,medium,pure_duplication,16,flat_rollout,6,0.9977493551098648,0.0011510265806180793,0.6651590642474804,0.5143671934262612,-0.4074890364583333,1.479607743278083,1.443522578125,1.1182723101948264,0.3333333333333333,0.5163977794943223
resource_constraint,medium,pure_duplication,16,independent_trajectory,6,0.5297000000000001,0.12999089198863129,0.41276666666666667,0.09393910084020748,0.7995130989583333,0.00762441731983234,0.2365204427083333,0.366776022926464,0.6666666666666666,0.5163977794943223
resource_constraint,medium,pure_duplication,16,mean_pooling,6,0.5297000000000001,0.12999089198863129,0.41276666666666667,0.09393910084020748,0.7995130989583333,0.00762441731983234,0.2365204427083333,0.366776022926464,0.6666666666666666,0.5163977794943223
resource_constraint,medium,pure_duplication,16,no_imagination,6,0.5297000000000001,0.12999089198863129,0.41276666666666667,0.09393910084020748,-0.10026458333333334,0.029951443113263466,1.136298125,0.35617897438925616,0.0,0.0
resource_constraint,medium,pure_duplication,16,oracle_provenance,6,0.5297000000000001,0.12999089198863129,0.41276666666666667,0.09393910084020748,0.7995130989583333,0.00762441731983234,0.2365204427083333,0.366776022926464,0.6666666666666666,0.5163977794943223
resource_constraint,medium,pure_duplication,16,provenance_preserving,6,0.5297000000000001,0.12999089198863129,0.41276666666666667,0.09393910084020748,0.7995130989583333,0.00762441731983234,0.2365204427083333,0.366776022926464,0.6666666666666666,0.5163977794943223
resource_constraint,medium,pure_duplication,16,risk_classifier,6,0.5297000000000001,0.12999089198863129,0.41276666666666667,0.09393910084020748,-0.4074890364583333,1.479607743278083,1.443522578125,1.1182723101948264,0.3333333333333333,0.5163977794943223
resource_constraint,medium,pure_duplication,16,semantic_dedup,6,0.5297000000000001,0.12999089198863129,0.41276666666666667,0.09393910084020748,0.7995130989583333,0.00762441731983234,0.2365204427083333,0.366776022926464,0.6666666666666666,0.5163977794943223
resource_constraint,medium,pure_duplication,16,source_grouping,6,0.5297000000000001,0.12999089198863129,0.41276666666666667,0.09393910084020748,0.7995130989583333,0.00762441731983234,0.2365204427083333,0.366776022926464,0.6666666666666666,0.5163977794943223
resource_constraint,medium,pure_duplication,32,bayesian_mixing,6,0.5297000000000001,0.12999089198863129,0.41276666666666667,0.09393910084020748,0.7995130989583333,0.00762441731983234,0.2365204427083333,0.366776022926464,0.6666666666666666,0.5163977794943223
resource_constraint,medium,pure_duplication,32,exact_dedup,6,0.5297000000000001,0.12999089198863129,0.41276666666666667,0.09393910084020748,0.7995130989583333,0.00762441731983234,0.2365204427083333,0.366776022926464,0.6666666666666666,0.5163977794943223
resource_constraint,medium,pure_duplication,32,flat_rollout,6,0.99999656412274,1.7613530407902914e-06,0.6666643633495355,0.5163946794378398,-0.4074890364583333,1.479607743278083,1.443522578125,1.1182723101948264,0.3333333333333333,0.5163977794943223
resource_constraint,medium,pure_duplication,32,independent_trajectory,6,0.5297000000000001,0.12999089198863129,0.41276666666666667,0.09393910084020748,0.7995130989583333,0.00762441731983234,0.2365204427083333,0.366776022926464,0.6666666666666666,0.5163977794943223
resource_constraint,medium,pure_duplication,32,mean_pooling,6,0.5297000000000001,0.12999089198863129,0.41276666666666667,0.09393910084020748,0.7995130989583333,0.00762441731983234,0.2365204427083333,0.366776022926464,0.6666666666666666,0.5163977794943223
resource_constraint,medium,pure_duplication,32,no_imagination,6,0.5297000000000001,0.12999089198863129,0.41276666666666667,0.09393910084020748,-0.10026458333333334,0.029951443113263466,1.136298125,0.35617897438925616,0.0,0.0
resource_constraint,medium,pure_duplication,32,oracle_provenance,6,0.5297000000000001,0.12999089198863129,0.41276666666666667,0.09393910084020748,0.7995130989583333,0.00762441731983234,0.2365204427083333,0.366776022926464,0.6666666666666666,0.5163977794943223
resource_constraint,medium,pure_duplication,32,provenance_preserving,6,0.5297000000000001,0.12999089198863129,0.41276666666666667,0.09393910084020748,0.7995130989583333,0.00762441731983234,0.2365204427083333,0.366776022926464,0.6666666666666666,0.5163977794943223
resource_constraint,medium,pure_duplication,32,risk_classifier,6,0.5297000000000001,0.12999089198863129,0.41276666666666667,0.09393910084020748,-0.4074890364583333,1.479607743278083,1.443522578125,1.1182723101948264,0.3333333333333333,0.5163977794943223
resource_constraint,medium,pure_duplication,32,semantic_dedup,6,0.5297000000000001,0.12999089198863129,0.41276666666666667,0.09393910084020748,0.7995130989583333,0.00762441731983234,0.2365204427083333,0.366776022926464,0.6666666666666666,0.5163977794943223
resource_constraint,medium,pure_duplication,32,source_grouping,6,0.5297000000000001,0.12999089198863129,0.41276666666666667,0.09393910084020748,0.7995130989583333,0.00762441731983234,0.2365204427083333,0.366776022926464,0.6666666666666666,0.5163977794943223
resource_constraint,medium,pure_duplication,64,bayesian_mixing,6,0.5297000000000001,0.12999089198863129,0.41276666666666667,0.09393910084020748,0.7995130989583333,0.00762441731983234,0.2365204427083333,0.366776022926464,0.6666666666666666,0.5163977794943223
resource_constraint,medium,pure_duplication,64,exact_dedup,6,0.5297000000000001,0.12999089198863129,0.41276666666666667,0.09393910084020748,0.7995130989583333,0.00762441731983234,0.2365204427083333,0.366776022926464,0.6666666666666666,0.5163977794943223
resource_constraint,medium,pure_duplication,64,flat_rollout,6,0.9999999999920363,4.082538667242304e-12,0.6666666666613279,0.5163977794871368,-0.4074890364583333,1.479607743278083,1.443522578125,1.1182723101948264,0.3333333333333333,0.5163977794943223
resource_constraint,medium,pure_duplication,64,independent_trajectory,6,0.5297000000000001,0.12999089198863129,0.41276666666666667,0.09393910084020748,0.7995130989583333,0.00762441731983234,0.2365204427083333,0.366776022926464,0.6666666666666666,0.5163977794943223
resource_constraint,medium,pure_duplication,64,mean_pooling,6,0.5297000000000001,0.12999089198863129,0.41276666666666667,0.09393910084020748,0.7995130989583333,0.00762441731983234,0.2365204427083333,0.366776022926464,0.6666666666666666,0.5163977794943223
resource_constraint,medium,pure_duplication,64,no_imagination,6,0.5297000000000001,0.12999089198863129,0.41276666666666667,0.09393910084020748,-0.10026458333333334,0.029951443113263466,1.136298125,0.35617897438925616,0.0,0.0
resource_constraint,medium,pure_duplication,64,oracle_provenance,6,0.5297000000000001,0.12999089198863129,0.41276666666666667,0.09393910084020748,0.7995130989583333,0.00762441731983234,0.2365204427083333,0.366776022926464,0.6666666666666666,0.5163977794943223
resource_constraint,medium,pure_duplication,64,provenance_preserving,6,0.5297000000000001,0.12999089198863129,0.41276666666666667,0.09393910084020748,0.7995130989583333,0.00762441731983234,0.2365204427083333,0.366776022926464,0.6666666666666666,0.5163977794943223
resource_constraint,medium,pure_duplication,64,risk_classifier,6,0.5297000000000001,0.12999089198863129,0.41276666666666667,0.09393910084020748,-0.4074890364583333,1.479607743278083,1.443522578125,1.1182723101948264,0.3333333333333333,0.5163977794943223
resource_constraint,medium,pure_duplication,64,semantic_dedup,6,0.5297000000000001,0.12999089198863129,0.41276666666666667,0.09393910084020748,0.7995130989583333,0.00762441731983234,0.2365204427083333,0.366776022926464,0.6666666666666666,0.5163977794943223
resource_constraint,medium,pure_duplication,64,source_grouping,6,0.5297000000000001,0.12999089198863129,0.41276666666666667,0.09393910084020748,0.7995130989583333,0.00762441731983234,0.2365204427083333,0.366776022926464,0.6666666666666666,0.5163977794943223
