hypothesis_direction,true_state,root_correct,prior_hypothesis_confidence,strength_name,likelihood_strength,condition,duplication,method,root_confidence_mean,root_confidence_std,root_confidence_ci95_low,root_confidence_ci95_high,confidence_delta_vs_duplication_1_mean,confidence_delta_vs_duplication_1_std,confidence_delta_vs_duplication_1_ci95_low,confidence_delta_vs_duplication_1_ci95_high,action_flip_vs_duplication_1_mean,action_flip_vs_duplication_1_std,action_flip_vs_duplication_1_ci95_low,action_flip_vs_duplication_1_ci95_high,reward_mean,reward_std,reward_ci95_low,reward_ci95_high,wrong_action_mean,wrong_action_std,wrong_action_ci95_low,wrong_action_ci95_high,n
LEFT,LEFT,True,0.2,medium,1.5,independent_rollout,1,exact_deduplication,0.3600879169659366,0.02189946627439133,0.3461736599264687,0.37400217400540453,0.0,0.0,0.0,0.0,0.0,0.0,0.0,0.0,0.0,0.0,0.0,0.0,1.0,0.0,1.0,1.0,12
LEFT,LEFT,True,0.2,medium,1.5,independent_rollout,1,explicit_belief_mixing,0.23644546795919555,0.004694800302940978,0.23346253415863616,0.23942840175975494,0.0,0.0,0.0,0.0,0.0,0.0,0.0,0.0,0.0,0.0,0.0,0.0,1.0,0.0,1.0,1.0,12
LEFT,LEFT,True,0.2,medium,1.5,independent_rollout,1,ordinary_flat_aggregation,0.3600879169659366,0.02189946627439133,0.3461736599264687,0.37400217400540453,0.0,0.0,0.0,0.0,0.0,0.0,0.0,0.0,0.0,0.0,0.0,0.0,1.0,0.0,1.0,1.0,12
LEFT,LEFT,True,0.2,medium,1.5,independent_rollout,1,provenance_preserving,0.3600879169659366,0.02189946627439133,0.3461736599264687,0.37400217400540453,0.0,0.0,0.0,0.0,0.0,0.0,0.0,0.0,0.0,0.0,0.0,0.0,1.0,0.0,1.0,1.0,12
LEFT,LEFT,True,0.2,medium,1.5,independent_rollout,1,semantic_group_deduplication,0.3600879169659366,0.02189946627439133,0.3461736599264687,0.37400217400540453,0.0,0.0,0.0,0.0,0.0,0.0,0.0,0.0,0.0,0.0,0.0,0.0,1.0,0.0,1.0,1.0,12
LEFT,LEFT,True,0.2,medium,1.5,independent_rollout,1,single_trajectory_score_average,0.2728909359183911,0.009389600605881955,0.2669250683172723,0.27885680351950987,0.0,0.0,0.0,0.0,0.0,0.0,0.0,0.0,0.0,0.0,0.0,0.0,1.0,0.0,1.0,1.0,12
LEFT,LEFT,True,0.2,medium,1.5,independent_rollout,1,source_group_average,0.2728909359183911,0.009389600605881955,0.2669250683172723,0.27885680351950987,0.0,0.0,0.0,0.0,0.0,0.0,0.0,0.0,0.0,0.0,0.0,0.0,1.0,0.0,1.0,1.0,12
LEFT,LEFT,True,0.2,medium,1.5,independent_rollout,2,exact_deduplication,0.557513004866247,0.02862646686736249,0.53932461556335,0.575701394169144,0.19742508790031033,0.02096241234269999,0.1841062065244331,0.21074396927618755,1.0,0.0,1.0,1.0,1.0,0.0,1.0,1.0,0.0,0.0,0.0,0.0,12
LEFT,LEFT,True,0.2,medium,1.5,independent_rollout,2,explicit_belief_mixing,0.23636486263791012,0.0028963911117910316,0.2345245835228242,0.23820514175299604,-8.060532128545174e-05,0.003453937036593174,-0.002275132216285373,0.002113921573714469,0.0,0.0,0.0,0.0,0.0,0.0,0.0,0.0,1.0,0.0,1.0,1.0,12
LEFT,LEFT,True,0.2,medium,1.5,independent_rollout,2,ordinary_flat_aggregation,0.557513004866247,0.02862646686736249,0.53932461556335,0.575701394169144,0.19742508790031033,0.02096241234269999,0.1841062065244331,0.21074396927618755,1.0,0.0,1.0,1.0,1.0,0.0,1.0,1.0,0.0,0.0,0.0,0.0,12
LEFT,LEFT,True,0.2,medium,1.5,independent_rollout,2,provenance_preserving,0.557513004866247,0.02862646686736249,0.53932461556335,0.575701394169144,0.19742508790031033,0.02096241234269999,0.1841062065244331,0.21074396927618755,1.0,0.0,1.0,1.0,1.0,0.0,1.0,1.0,0.0,0.0,0.0,0.0,12
LEFT,LEFT,True,0.2,medium,1.5,independent_rollout,2,semantic_group_deduplication,0.3515139502015587,0.012247034212502662,0.3437325559032332,0.35929534449988415,-0.008573966764377902,0.02172391889660472,-0.02237668632130982,0.0052287527925540134,0.0,0.0,0.0,0.0,0.0,0.0,0.0,0.0,1.0,0.0,1.0,1.0,12
LEFT,LEFT,True,0.2,medium,1.5,independent_rollout,2,single_trajectory_score_average,0.2727297252758201,0.005792782223582062,0.2690491670456483,0.27641028350599195,-0.00016121064257090348,0.006907874073186348,-0.004550264432570746,0.004227843147428938,0.0,0.0,0.0,0.0,0.0,0.0,0.0,0.0,1.0,0.0,1.0,1.0,12
LEFT,LEFT,True,0.2,medium,1.5,independent_rollout,2,source_group_average,0.2727297252758201,0.005792782223582062,0.2690491670456483,0.27641028350599195,-0.00016121064257090348,0.006907874073186348,-0.004550264432570746,0.004227843147428938,0.0,0.0,0.0,0.0,0.0,0.0,0.0,0.0,1.0,0.0,1.0,1.0,12
LEFT,LEFT,True,0.2,medium,1.5,independent_rollout,4,exact_deduplication,0.8680894198148538,0.021749610189982636,0.8542703767888812,0.8819084628408264,0.5080015028489172,0.021547349001825478,0.4943109704508232,0.5216920352470112,1.0,0.0,1.0,1.0,1.0,0.0,1.0,1.0,0.0,0.0,0.0,0.0,12
LEFT,LEFT,True,0.2,medium,1.5,independent_rollout,4,explicit_belief_mixing,0.23694666575641712,0.0023942119126134425,0.23542545608209664,0.2384678754307376,0.0005011977972215984,0.003970470910496351,-0.0020215190637358684,0.003023914658179065,0.0,0.0,0.0,0.0,0.0,0.0,0.0,0.0,1.0,0.0,1.0,1.0,12
LEFT,LEFT,True,0.2,medium,1.5,independent_rollout,4,ordinary_flat_aggregation,0.8680894198148538,0.021749610189982636,0.8542703767888812,0.8819084628408264,0.5080015028489172,0.021547349001825478,0.4943109704508232,0.5216920352470112,1.0,0.0,1.0,1.0,1.0,0.0,1.0,1.0,0.0,0.0,0.0,0.0,12
LEFT,LEFT,True,0.2,medium,1.5,independent_rollout,4,provenance_preserving,0.8680894198148538,0.021749610189982636,0.8542703767888812,0.8819084628408264,0.5080015028489172,0.021547349001825478,0.4943109704508232,0.5216920352470112,1.0,0.0,1.0,1.0,1.0,0.0,1.0,1.0,0.0,0.0,0.0,0.0,12
LEFT,LEFT,True,0.2,medium,1.5,independent_rollout,4,semantic_group_deduplication,0.3662060883159625,0.022254402213581503,0.35206631573978897,0.38034586089213607,0.0061181713500259305,0.030843264177500662,-0.013478703766688985,0.025715046466740846,0.0,0.0,0.0,0.0,0.0,0.0,0.0,0.0,1.0,0.0,1.0,1.0,12
LEFT,LEFT,True,0.2,medium,1.5,independent_rollout,4,single_trajectory_score_average,0.27389333151283424,0.004788423825226885,0.27085091216419327,0.2769357508614752,0.0010023955944431968,0.007940941820992703,-0.004043038127471737,0.00604782931635813,0.0,0.0,0.0,0.0,0.0,0.0,0.0,0.0,1.0,0.0,1.0,1.0,12
LEFT,LEFT,True,0.2,medium,1.5,independent_rollout,4,source_group_average,0.27389333151283424,0.004788423825226885,0.27085091216419327,0.2769357508614752,0.0010023955944431968,0.007940941820992703,-0.004043038127471737,0.00604782931635813,0.0,0.0,0.0,0.0,0.0,0.0,0.0,0.0,1.0,0.0,1.0,1.0,12
LEFT,LEFT,True,0.2,medium,1.5,independent_rollout,8,exact_deduplication,0.9938979715515686,0.0016815910990944111,0.992829539540719,0.9949664035624182,0.6338100545856319,0.021231292537996427,0.6203203348841397,0.647299774287124,1.0,0.0,1.0,1.0,1.0,0.0,1.0,1.0,0.0,0.0,0.0,0.0,12
LEFT,LEFT,True,0.2,medium,1.5,independent_rollout,8,explicit_belief_mixing,0.2366344824608669,0.0017182721492861016,0.23554274442262604,0.23772622049910777,0.00018901450167137235,0.004179686640636721,-0.0024666316923300322,0.002844660695672777,0.0,0.0,0.0,0.0,0.0,0.0,0.0,0.0,1.0,0.0,1.0,1.0,12
LEFT,LEFT,True,0.2,medium,1.5,independent_rollout,8,ordinary_flat_aggregation,0.9938979715515686,0.0016815910990944111,0.992829539540719,0.9949664035624182,0.6338100545856319,0.021231292537996427,0.6203203348841397,0.647299774287124,1.0,0.0,1.0,1.0,1.0,0.0,1.0,1.0,0.0,0.0,0.0,0.0,12
LEFT,LEFT,True,0.2,medium,1.5,independent_rollout,8,provenance_preserving,0.9938979715515686,0.0016815910990944111,0.992829539540719,0.9949664035624182,0.6338100545856319,0.021231292537996427,0.6203203348841397,0.647299774287124,1.0,0.0,1.0,1.0,1.0,0.0,1.0,1.0,0.0,0.0,0.0,0.0,12
LEFT,LEFT,True,0.2,medium,1.5,independent_rollout,8,semantic_group_deduplication,0.35914948463441737,0.026449590250477308,0.3423442167469481,0.37595475252188665,-0.0009384323315192686,0.03910375896870428,-0.025783775440917603,0.023906910777879063,0.0,0.0,0.0,0.0,0.0,0.0,0.0,0.0,1.0,0.0,1.0,1.0,12
LEFT,LEFT,True,0.2,medium,1.5,independent_rollout,8,single_trajectory_score_average,0.2732689649217338,0.003436544298572203,0.2710854888452521,0.27545244099821553,0.0003780290033427447,0.008359373281273442,-0.0049332633846600644,0.005689321391345554,0.0,0.0,0.0,0.0,0.0,0.0,0.0,0.0,1.0,0.0,1.0,1.0,12
LEFT,LEFT,True,0.2,medium,1.5,independent_rollout,8,source_group_average,0.2732689649217338,0.003436544298572203,0.2710854888452521,0.27545244099821553,0.0003780290033427447,0.008359373281273442,-0.0049332633846600644,0.005689321391345554,0.0,0.0,0.0,0.0,0.0,0.0,0.0,0.0,1.0,0.0,1.0,1.0,12
LEFT,LEFT,True,0.2,medium,1.5,independent_rollout,16,exact_deduplication,0.9999899053599716,3.60606360291841e-06,0.9999876141764676,0.9999921965434755,0.639901988394035,0.021897871742959252,0.6259887444715045,0.6538152323165655,1.0,0.0,1.0,1.0,1.0,0.0,1.0,1.0,0.0,0.0,0.0,0.0,12
LEFT,LEFT,True,0.2,medium,1.5,independent_rollout,16,explicit_belief_mixing,0.23641718119107816,0.0012215576878143498,0.2356410404649152,0.2371933219172411,-2.828676811736606e-05,0.004311531907780362,-0.0027677034482798506,0.0027111299120451187,0.0,0.0,0.0,0.0,0.0,0.0,0.0,0.0,1.0,0.0,1.0,1.0,12
LEFT,LEFT,True,0.2,medium,1.5,independent_rollout,16,ordinary_flat_aggregation,0.9999899053599716,3.60606360291841e-06,0.9999876141764676,0.9999921965434755,0.639901988394035,0.021897871742959252,0.6259887444715045,0.6538152323165655,1.0,0.0,1.0,1.0,1.0,0.0,1.0,1.0,0.0,0.0,0.0,0.0,12
LEFT,LEFT,True,0.2,medium,1.5,independent_rollout,16,provenance_preserving,0.9999899053599716,3.60606360291841e-06,0.9999876141764676,0.9999921965434755,0.639901988394035,0.021897871742959252,0.6259887444715045,0.6538152323165655,1.0,0.0,1.0,1.0,1.0,0.0,1.0,1.0,0.0,0.0,0.0,0.0,12
LEFT,LEFT,True,0.2,medium,1.5,independent_rollout,16,semantic_group_deduplication,0.36661947949924234,0.029128196243092475,0.34811230655976316,0.3851266524387215,0.006531562533305724,0.023463915136511873,-0.008376697890532489,0.021439822957143938,0.0,0.0,0.0,0.0,0.0,0.0,0.0,0.0,1.0,0.0,1.0,1.0,12
LEFT,LEFT,True,0.2,medium,1.5,independent_rollout,16,single_trajectory_score_average,0.27283436238215636,0.0024431153756286996,0.27128208092983047,0.27438664383448225,-5.657353623473212e-05,0.008623063815560723,-0.005535406896559701,0.0054222598240902375,0.0,0.0,0.0,0.0,0.0,0.0,0.0,0.0,1.0,0.0,1.0,1.0,12
LEFT,LEFT,True,0.2,medium,1.5,independent_rollout,16,source_group_average,0.27283436238215636,0.0024431153756286996,0.27128208092983047,0.27438664383448225,-5.657353623473212e-05,0.008623063815560723,-0.005535406896559701,0.0054222598240902375,0.0,0.0,0.0,0.0,0.0,0.0,0.0,0.0,1.0,0.0,1.0,1.0,12
LEFT,LEFT,True,0.2,medium,1.5,pure_duplication,1,exact_deduplication,0.27446128360279026,0.012012900257590534,0.2668286509221908,0.2820939162833897,0.0,0.0,0.0,0.0,0.0,0.0,0.0,0.0,0.0,0.0,0.0,0.0,1.0,0.0,1.0,1.0,12
LEFT,LEFT,True,0.2,medium,1.5,pure_duplication,1,explicit_belief_mixing,0.23644546795919555,0.004694800302940978,0.23346253415863616,0.23942840175975494,0.0,0.0,0.0,0.0,0.0,0.0,0.0,0.0,0.0,0.0,0.0,0.0,1.0,0.0,1.0,1.0,12
LEFT,LEFT,True,0.2,medium,1.5,pure_duplication,1,ordinary_flat_aggregation,0.3600879169659366,0.02189946627439133,0.3461736599264687,0.37400217400540453,0.0,0.0,0.0,0.0,0.0,0.0,0.0,0.0,0.0,0.0,0.0,0.0,1.0,0.0,1.0,1.0,12
LEFT,LEFT,True,0.2,medium,1.5,pure_duplication,1,provenance_preserving,0.3600879169659366,0.02189946627439133,0.3461736599264687,0.37400217400540453,0.0,0.0,0.0,0.0,0.0,0.0,0.0,0.0,0.0,0.0,0.0,0.0,1.0,0.0,1.0,1.0,12
LEFT,LEFT,True,0.2,medium,1.5,pure_duplication,1,semantic_group_deduplication,0.27446128360279026,0.012012900257590534,0.2668286509221908,0.2820939162833897,0.0,0.0,0.0,0.0,0.0,0.0,0.0,0.0,0.0,0.0,0.0,0.0,1.0,0.0,1.0,1.0,12
LEFT,LEFT,True,0.2,medium,1.5,pure_duplication,1,single_trajectory_score_average,0.2728909359183911,0.009389600605881955,0.2669250683172723,0.27885680351950987,0.0,0.0,0.0,0.0,0.0,0.0,0.0,0.0,0.0,0.0,0.0,0.0,1.0,0.0,1.0,1.0,12
LEFT,LEFT,True,0.2,medium,1.5,pure_duplication,1,source_group_average,0.2728909359183911,0.009389600605881955,0.2669250683172723,0.27885680351950987,0.0,0.0,0.0,0.0,0.0,0.0,0.0,0.0,0.0,0.0,0.0,0.0,1.0,0.0,1.0,1.0,12
LEFT,LEFT,True,0.2,medium,1.5,pure_duplication,2,exact_deduplication,0.27215751447661896,0.012206947662001429,0.26440158995735163,0.2799134389958863,-0.002303769126171346,0.015484096046583273,-0.012141894389886554,0.007534356137543861,0.0,0.0,0.0,0.0,0.0,0.0,0.0,0.0,1.0,0.0,1.0,1.0,12
LEFT,LEFT,True,0.2,medium,1.5,pure_duplication,2,explicit_belief_mixing,0.23644546795919555,0.004694800302940976,0.23346253415863616,0.23942840175975494,2.3129646346357427e-18,8.012344526598183e-18,-2.7778362020143068e-18,7.403765471285793e-18,0.0,0.0,0.0,0.0,0.0,0.0,0.0,0.0,1.0,0.0,1.0,1.0,12
LEFT,LEFT,True,0.2,medium,1.5,pure_duplication,2,ordinary_flat_aggregation,0.557793495459267,0.047135604574382324,0.527844961118701,0.587742029799833,0.19770557849333048,0.025245301035992308,0.18166547946752418,0.21374567751913678,0.8333333333333334,0.38924947208076144,0.5860160179637635,1.0806506487029033,0.8333333333333334,0.38924947208076144,0.5860160179637635,1.0806506487029033,0.16666666666666666,0.38924947208076144,-0.08065064870290328,0.4139839820362366,12
LEFT,LEFT,True,0.2,medium,1.5,pure_duplication,2,provenance_preserving,0.3600879169659366,0.02189946627439133,0.3461736599264687,0.37400217400540453,0.0,0.0,0.0,0.0,0.0,0.0,0.0,0.0,0.0,0.0,0.0,0.0,1.0,0.0,1.0,1.0,12
LEFT,LEFT,True,0.2,medium,1.5,pure_duplication,2,semantic_group_deduplication,0.27215751447661896,0.012206947662001429,0.26440158995735163,0.2799134389958863,-0.002303769126171346,0.015484096046583273,-0.012141894389886554,0.007534356137543861,0.0,0.0,0.0,0.0,0.0,0.0,0.0,0.0,1.0,0.0,1.0,1.0,12
LEFT,LEFT,True,0.2,medium,1.5,pure_duplication,2,single_trajectory_score_average,0.2728909359183911,0.009389600605881952,0.2669250683172723,0.27885680351950987,4.625929269271485e-18,1.6024689053196365e-17,-5.5556724040286136e-18,1.4807530942571585e-17,0.0,0.0,0.0,0.0,0.0,0.0,0.0,0.0,1.0,0.0,1.0,1.0,12
LEFT,LEFT,True,0.2,medium,1.5,pure_duplication,2,source_group_average,0.2728909359183911,0.009389600605881955,0.2669250683172723,0.27885680351950987,0.0,0.0,0.0,0.0,0.0,0.0,0.0,0.0,0.0,0.0,0.0,0.0,1.0,0.0,1.0,1.0,12
LEFT,LEFT,True,0.2,medium,1.5,pure_duplication,4,exact_deduplication,0.27087131731804276,0.01872706184830188,0.25897270988686566,0.28276992474921986,-0.0035899662847475636,0.018688347319407442,-0.015463975677805868,0.00828404310831074,0.0,0.0,0.0,0.0,0.0,0.0,0.0,0.0,1.0,0.0,1.0,1.0,12
LEFT,LEFT,True,0.2,medium,1.5,pure_duplication,4,explicit_belief_mixing,0.23644546795919555,0.004694800302940978,0.23346253415863616,0.23942840175975494,0.0,0.0,0.0,0.0,0.0,0.0,0.0,0.0,0.0,0.0,0.0,0.0,1.0,0.0,1.0,1.0,12
LEFT,LEFT,True,0.2,medium,1.5,pure_duplication,4,ordinary_flat_aggregation,0.8588334551466209,0.04816998080131112,0.828227709506169,0.8894392007870728,0.4987455381806843,0.02662092950538895,0.4818314065243943,0.5156596698369743,1.0,0.0,1.0,1.0,1.0,0.0,1.0,1.0,0.0,0.0,0.0,0.0,12
LEFT,LEFT,True,0.2,medium,1.5,pure_duplication,4,provenance_preserving,0.3600879169659366,0.02189946627439133,0.3461736599264687,0.37400217400540453,0.0,0.0,0.0,0.0,0.0,0.0,0.0,0.0,0.0,0.0,0.0,0.0,1.0,0.0,1.0,1.0,12
LEFT,LEFT,True,0.2,medium,1.5,pure_duplication,4,semantic_group_deduplication,0.27087131731804276,0.01872706184830188,0.25897270988686566,0.28276992474921986,-0.0035899662847475636,0.018688347319407442,-0.015463975677805868,0.00828404310831074,0.0,0.0,0.0,0.0,0.0,0.0,0.0,0.0,1.0,0.0,1.0,1.0,12
LEFT,LEFT,True,0.2,medium,1.5,pure_duplication,4,single_trajectory_score_average,0.2728909359183911,0.009389600605881955,0.2669250683172723,0.27885680351950987,0.0,0.0,0.0,0.0,0.0,0.0,0.0,0.0,0.0,0.0,0.0,0.0,1.0,0.0,1.0,1.0,12
LEFT,LEFT,True,0.2,medium,1.5,pure_duplication,4,source_group_average,0.2728909359183911,0.009389600605881955,0.2669250683172723,0.27885680351950987,0.0,0.0,0.0,0.0,0.0,0.0,0.0,0.0,0.0,0.0,0.0,0.0,1.0,0.0,1.0,1.0,12
LEFT,LEFT,True,0.2,medium,1.5,pure_duplication,8,exact_deduplication,0.27247827039301653,0.0179420871271917,0.26107841210495364,0.2838781286810794,-0.0019830132097737596,0.02332333346712267,-0.01680195230228773,0.012835925882740214,0.0,0.0,0.0,0.0,0.0,0.0,0.0,0.0,1.0,0.0,1.0,1.0,12
LEFT,LEFT,True,0.2,medium,1.5,pure_duplication,8,explicit_belief_mixing,0.23644546795919555,0.004694800302940978,0.23346253415863616,0.23942840175975494,0.0,0.0,0.0,0.0,0.0,0.0,0.0,0.0,0.0,0.0,0.0,0.0,1.0,0.0,1.0,1.0,12
LEFT,LEFT,True,0.2,medium,1.5,pure_duplication,8,ordinary_flat_aggregation,0.9919832144075699,0.006692162313382413,0.9877312173309502,0.9962352114841896,0.6318952974416333,0.015731633854254048,0.6218998941584558,0.6418907007248108,1.0,0.0,1.0,1.0,1.0,0.0,1.0,1.0,0.0,0.0,0.0,0.0,12
LEFT,LEFT,True,0.2,medium,1.5,pure_duplication,8,provenance_preserving,0.3600879169659366,0.02189946627439133,0.3461736599264687,0.37400217400540453,0.0,0.0,0.0,0.0,0.0,0.0,0.0,0.0,0.0,0.0,0.0,0.0,1.0,0.0,1.0,1.0,12
LEFT,LEFT,True,0.2,medium,1.5,pure_duplication,8,semantic_group_deduplication,0.27247827039301653,0.0179420871271917,0.26107841210495364,0.2838781286810794,-0.0019830132097737596,0.02332333346712267,-0.01680195230228773,0.012835925882740214,0.0,0.0,0.0,0.0,0.0,0.0,0.0,0.0,1.0,0.0,1.0,1.0,12
LEFT,LEFT,True,0.2,medium,1.5,pure_duplication,8,single_trajectory_score_average,0.2728909359183911,0.009389600605881955,0.2669250683172723,0.27885680351950987,0.0,0.0,0.0,0.0,0.0,0.0,0.0,0.0,0.0,0.0,0.0,0.0,1.0,0.0,1.0,1.0,12
LEFT,LEFT,True,0.2,medium,1.5,pure_duplication,8,source_group_average,0.2728909359183911,0.009389600605881955,0.2669250683172723,0.27885680351950987,0.0,0.0,0.0,0.0,0.0,0.0,0.0,0.0,0.0,0.0,0.0,0.0,1.0,0.0,1.0,1.0,12
LEFT,LEFT,True,0.2,medium,1.5,pure_duplication,16,exact_deduplication,0.2768392553718846,0.012209167559730952,0.26908192039689094,0.28459659034687823,0.0023779717690942856,0.009522358472252718,-0.003672246156071191,0.008428189694259762,0.0,0.0,0.0,0.0,0.0,0.0,0.0,0.0,1.0,0.0,1.0,1.0,12
LEFT,LEFT,True,0.2,medium,1.5,pure_duplication,16,explicit_belief_mixing,0.23644546795919555,0.004694800302940978,0.23346253415863616,0.23942840175975494,0.0,0.0,0.0,0.0,0.0,0.0,0.0,0.0,0.0,0.0,0.0,0.0,1.0,0.0,1.0,1.0,12
LEFT,LEFT,True,0.2,medium,1.5,pure_duplication,16,ordinary_flat_aggregation,0.9999727144048781,4.468879830964446e-05,0.9999443204970689,1.0000011083126874,0.6398847974389416,0.021862096100466,0.6259942842751961,0.653775310602687,1.0,0.0,1.0,1.0,1.0,0.0,1.0,1.0,0.0,0.0,0.0,0.0,12
LEFT,LEFT,True,0.2,medium,1.5,pure_duplication,16,provenance_preserving,0.3600879169659366,0.02189946627439133,0.3461736599264687,0.37400217400540453,0.0,0.0,0.0,0.0,0.0,0.0,0.0,0.0,0.0,0.0,0.0,0.0,1.0,0.0,1.0,1.0,12
LEFT,LEFT,True,0.2,medium,1.5,pure_duplication,16,semantic_group_deduplication,0.2768392553718846,0.012209167559730952,0.26908192039689094,0.28459659034687823,0.0023779717690942856,0.009522358472252718,-0.003672246156071191,0.008428189694259762,0.0,0.0,0.0,0.0,0.0,0.0,0.0,0.0,1.0,0.0,1.0,1.0,12
LEFT,LEFT,True,0.2,medium,1.5,pure_duplication,16,single_trajectory_score_average,0.2728909359183911,0.009389600605881955,0.2669250683172723,0.27885680351950987,0.0,0.0,0.0,0.0,0.0,0.0,0.0,0.0,0.0,0.0,0.0,0.0,1.0,0.0,1.0,1.0,12
LEFT,LEFT,True,0.2,medium,1.5,pure_duplication,16,source_group_average,0.2728909359183911,0.009389600605881955,0.2669250683172723,0.27885680351950987,0.0,0.0,0.0,0.0,0.0,0.0,0.0,0.0,0.0,0.0,0.0,0.0,1.0,0.0,1.0,1.0,12
LEFT,LEFT,True,0.2,strong,2.0,independent_rollout,1,exact_deduplication,0.5009245904775915,0.023133422145559166,0.4862263152820799,0.5156228656731031,0.0,0.0,0.0,0.0,0.0,0.0,0.0,0.0,0.5,0.5222329678670935,0.16818900249253282,0.8318109975074672,0.5,0.5222329678670935,0.16818900249253282,0.8318109975074672,12
LEFT,LEFT,True,0.2,strong,2.0,independent_rollout,1,explicit_belief_mixing,0.26698776559759846,0.005106995102591786,0.2637429357160656,0.2702325954791313,0.0,0.0,0.0,0.0,0.0,0.0,0.0,0.0,0.0,0.0,0.0,0.0,1.0,0.0,1.0,1.0,12
LEFT,LEFT,True,0.2,strong,2.0,independent_rollout,1,ordinary_flat_aggregation,0.5009245904775915,0.023133422145559166,0.4862263152820799,0.5156228656731031,0.0,0.0,0.0,0.0,0.0,0.0,0.0,0.0,0.5,0.5222329678670935,0.16818900249253282,0.8318109975074672,0.5,0.5222329678670935,0.16818900249253282,0.8318109975074672,12
LEFT,LEFT,True,0.2,strong,2.0,independent_rollout,1,provenance_preserving,0.5009245904775915,0.023133422145559166,0.4862263152820799,0.5156228656731031,0.0,0.0,0.0,0.0,0.0,0.0,0.0,0.0,0.5,0.5222329678670935,0.16818900249253282,0.8318109975074672,0.5,0.5222329678670935,0.16818900249253282,0.8318109975074672,12
LEFT,LEFT,True,0.2,strong,2.0,independent_rollout,1,semantic_group_deduplication,0.5009245904775915,0.023133422145559166,0.4862263152820799,0.5156228656731031,0.0,0.0,0.0,0.0,0.0,0.0,0.0,0.0,0.5,0.5222329678670935,0.16818900249253282,0.8318109975074672,0.5,0.5222329678670935,0.16818900249253282,0.8318109975074672,12
LEFT,LEFT,True,0.2,strong,2.0,independent_rollout,1,single_trajectory_score_average,0.33397553119519685,0.01021399020518359,0.32748587143213115,0.34046519095826255,0.0,0.0,0.0,0.0,0.0,0.0,0.0,0.0,0.0,0.0,0.0,0.0,1.0,0.0,1.0,1.0,12
LEFT,LEFT,True,0.2,strong,2.0,independent_rollout,1,source_group_average,0.33397553119519685,0.01021399020518359,0.32748587143213115,0.34046519095826255,0.0,0.0,0.0,0.0,0.0,0.0,0.0,0.0,0.0,0.0,0.0,0.0,1.0,0.0,1.0,1.0,12
LEFT,LEFT,True,0.2,strong,2.0,independent_rollout,2,exact_deduplication,0.7987251055475372,0.016720121005599223,0.7881016474920791,0.8093485636029952,0.29780051506994554,0.011426665319631206,0.2905403582985796,0.30506067184131147,0.5,0.5222329678670935,0.16818900249253282,0.8318109975074672,1.0,0.0,1.0,1.0,0.0,0.0,0.0,0.0,12
LEFT,LEFT,True,0.2,strong,2.0,independent_rollout,2,explicit_belief_mixing,0.26660247553498634,0.002847328845463184,0.26479336909671686,0.2684115819732558,-0.00038529006261207865,0.0029428248264506593,-0.0022550717524628776,0.0014844916272387205,0.0,0.0,0.0,0.0,0.0,0.0,0.0,0.0,1.0,0.0,1.0,1.0,12
LEFT,LEFT,True,0.2,strong,2.0,independent_rollout,2,ordinary_flat_aggregation,0.7987251055475372,0.016720121005599223,0.7881016474920791,0.8093485636029952,0.29780051506994554,0.011426665319631206,0.2905403582985796,0.30506067184131147,0.5,0.5222329678670935,0.16818900249253282,0.8318109975074672,1.0,0.0,1.0,1.0,0.0,0.0,0.0,0.0,12
LEFT,LEFT,True,0.2,strong,2.0,independent_rollout,2,provenance_preserving,0.7987251055475372,0.016720121005599223,0.7881016474920791,0.8093485636029952,0.29780051506994554,0.011426665319631206,0.2905403582985796,0.30506067184131147,0.5,0.5222329678670935,0.16818900249253282,0.8318109975074672,1.0,0.0,1.0,1.0,0.0,0.0,0.0,0.0,12
LEFT,LEFT,True,0.2,strong,2.0,independent_rollout,2,semantic_group_deduplication,0.5010157452695109,0.018552600906339943,0.4892279850324795,0.5128035055065422,9.11547919193086e-05,0.018623675019989194,-0.01174176378247867,0.011924073366317288,0.16666666666666666,0.38924947208076144,-0.08065064870290328,0.4139839820362366,0.5,0.5222329678670935,0.16818900249253282,0.8318109975074672,0.5,0.5222329678670935,0.16818900249253282,0.8318109975074672,12
LEFT,LEFT,True,0.2,strong,2.0,independent_rollout,2,single_trajectory_score_average,0.33320495106997267,0.005694657690926357,0.32958673819343376,0.3368231639465116,-0.0007705801252241712,0.005885649652901323,-0.0045101435049257725,0.00296898325447743,0.0,0.0,0.0,0.0,0.0,0.0,0.0,0.0,1.0,0.0,1.0,1.0,12
LEFT,LEFT,True,0.2,strong,2.0,independent_rollout,2,source_group_average,0.33320495106997267,0.005694657690926357,0.32958673819343376,0.3368231639465116,-0.0007705801252241712,0.005885649652901323,-0.0045101435049257725,0.00296898325447743,0.0,0.0,0.0,0.0,0.0,0.0,0.0,0.0,1.0,0.0,1.0,1.0,12
LEFT,LEFT,True,0.2,strong,2.0,independent_rollout,4,exact_deduplication,0.9854674373666339,0.002846889454873741,0.9836586101038258,0.987276264629442,0.4845428468890422,0.02137082206996558,0.4709644743524494,0.498121219425635,0.5,0.5222329678670935,0.16818900249253282,0.8318109975074672,1.0,0.0,1.0,1.0,0.0,0.0,0.0,0.0,12
LEFT,LEFT,True,0.2,strong,2.0,independent_rollout,4,explicit_belief_mixing,0.2677701426639983,0.0025678618828202855,0.2661386010624025,0.2694016842655941,0.0007823770663998078,0.003823555331659618,-0.0016469940891681635,0.003211748221967779,0.0,0.0,0.0,0.0,0.0,0.0,0.0,0.0,1.0,0.0,1.0,1.0,12
LEFT,LEFT,True,0.2,strong,2.0,independent_rollout,4,ordinary_flat_aggregation,0.9854674373666339,0.002846889454873741,0.9836586101038258,0.987276264629442,0.4845428468890422,0.02137082206996558,0.4709644743524494,0.498121219425635,0.5,0.5222329678670935,0.16818900249253282,0.8318109975074672,1.0,0.0,1.0,1.0,0.0,0.0,0.0,0.0,12
LEFT,LEFT,True,0.2,strong,2.0,independent_rollout,4,provenance_preserving,0.9854674373666339,0.002846889454873741,0.9836586101038258,0.987276264629442,0.4845428468890422,0.02137082206996558,0.4709644743524494,0.498121219425635,0.5,0.5222329678670935,0.16818900249253282,0.8318109975074672,1.0,0.0,1.0,1.0,0.0,0.0,0.0,0.0,12
LEFT,LEFT,True,0.2,strong,2.0,independent_rollout,4,semantic_group_deduplication,0.49742765538835143,0.022030655768172154,0.48343004452123894,0.5114252662554639,-0.0034969350892402142,0.029884973917368628,-0.02248494162300304,0.01549107144452261,0.3333333333333333,0.49236596391733095,0.020498924786929718,0.6461677418797369,0.5,0.5222329678670935,0.16818900249253282,0.8318109975074672,0.5,0.5222329678670935,0.16818900249253282,0.8318109975074672,12
LEFT,LEFT,True,0.2,strong,2.0,independent_rollout,4,single_trajectory_score_average,0.33554028532799646,0.005135723765640571,0.3322772021248049,0.33880336853118803,0.001564754132799583,0.007647110663319276,-0.003293988178336386,0.006423496443935551,0.0,0.0,0.0,0.0,0.0,0.0,0.0,0.0,1.0,0.0,1.0,1.0,12
LEFT,LEFT,True,0.2,strong,2.0,independent_rollout,4,source_group_average,0.33554028532799646,0.005135723765640571,0.3322772021248049,0.33880336853118803,0.001564754132799583,0.007647110663319276,-0.003293988178336386,0.006423496443935551,0.0,0.0,0.0,0.0,0.0,0.0,0.0,0.0,1.0,0.0,1.0,1.0,12
LEFT,LEFT,True,0.2,strong,2.0,independent_rollout,8,exact_deduplication,0.9999390042115689,1.4174502788396875e-05,0.9999299981621642,0.9999480102609736,0.4990144137339773,0.023130957135176836,0.48431770473134156,0.513711122736613,0.5,0.5222329678670935,0.16818900249253282,0.8318109975074672,1.0,0.0,1.0,1.0,0.0,0.0,0.0,0.0,12
LEFT,LEFT,True,0.2,strong,2.0,independent_rollout,8,explicit_belief_mixing,0.26692924194494017,0.0016025680007913882,0.26591101881535123,0.2679474650745291,-5.852365265824241e-05,0.005063793343771003,-0.003275904446196999,0.003158857140880514,0.0,0.0,0.0,0.0,0.0,0.0,0.0,0.0,1.0,0.0,1.0,1.0,12
LEFT,LEFT,True,0.2,strong,2.0,independent_rollout,8,ordinary_flat_aggregation,0.9999390042115689,1.4174502788396875e-05,0.9999299981621642,0.9999480102609736,0.4990144137339773,0.023130957135176836,0.48431770473134156,0.513711122736613,0.5,0.5222329678670935,0.16818900249253282,0.8318109975074672,1.0,0.0,1.0,1.0,0.0,0.0,0.0,0.0,12
LEFT,LEFT,True,0.2,strong,2.0,independent_rollout,8,provenance_preserving,0.9999390042115689,1.4174502788396875e-05,0.9999299981621642,0.9999480102609736,0.4990144137339773,0.023130957135176836,0.48431770473134156,0.513711122736613,0.5,0.5222329678670935,0.16818900249253282,0.8318109975074672,1.0,0.0,1.0,1.0,0.0,0.0,0.0,0.0,12
LEFT,LEFT,True,0.2,strong,2.0,independent_rollout,8,semantic_group_deduplication,0.5061297341044079,0.016946885464916735,0.49536219678533555,0.5168972714234802,0.005205143626816298,0.026371502542745808,-0.011550509698207274,0.021960796951839872,0.3333333333333333,0.49236596391733095,0.020498924786929718,0.6461677418797369,0.8333333333333334,0.3892494720807615,0.5860160179637635,1.0806506487029033,0.16666666666666666,0.38924947208076155,-0.08065064870290334,0.41398398203623665,12
LEFT,LEFT,True,0.2,strong,2.0,independent_rollout,8,single_trajectory_score_average,0.3338584838898803,0.0032051360015827694,0.3318220376307025,0.33589493014905814,-0.00011704730531648018,0.010127586687542,-0.006551808892393989,0.006317714281761029,0.0,0.0,0.0,0.0,0.0,0.0,0.0,0.0,1.0,0.0,1.0,1.0,12
LEFT,LEFT,True,0.2,strong,2.0,independent_rollout,8,source_group_average,0.3338584838898803,0.0032051360015827694,0.3318220376307025,0.33589493014905814,-0.00011704730531648018,0.010127586687542,-0.006551808892393989,0.006317714281761029,0.0,0.0,0.0,0.0,0.0,0.0,0.0,0.0,1.0,0.0,1.0,1.0,12
LEFT,LEFT,True,0.2,strong,2.0,independent_rollout,16,exact_deduplication,0.9999999991346904,1.9542335891016117e-10,0.9999999990105243,0.9999999992588565,0.4990754086570988,0.02313342220959766,0.48437713342089905,0.5137736838932986,0.5,0.5222329678670935,0.16818900249253282,0.8318109975074672,1.0,0.0,1.0,1.0,0.0,0.0,0.0,0.0,12
LEFT,LEFT,True,0.2,strong,2.0,independent_rollout,16,explicit_belief_mixing,0.2670941148265542,0.0008322843431407965,0.26656530658368266,0.26762292306942576,0.0001063492289558136,0.00548391211249719,-0.0033779622953102337,0.0035906607532218606,0.0,0.0,0.0,0.0,0.0,0.0,0.0,0.0,1.0,0.0,1.0,1.0,12
LEFT,LEFT,True,0.2,strong,2.0,independent_rollout,16,ordinary_flat_aggregation,0.9999999991346904,1.9542335891016117e-10,0.9999999990105243,0.9999999992588565,0.4990754086570988,0.02313342220959766,0.48437713342089905,0.5137736838932986,0.5,0.5222329678670935,0.16818900249253282,0.8318109975074672,1.0,0.0,1.0,1.0,0.0,0.0,0.0,0.0,12
LEFT,LEFT,True,0.2,strong,2.0,independent_rollout,16,provenance_preserving,0.9999999991346904,1.9542335891016117e-10,0.9999999990105243,0.9999999992588565,0.4990754086570988,0.02313342220959766,0.48437713342089905,0.5137736838932986,0.5,0.5222329678670935,0.16818900249253282,0.8318109975074672,1.0,0.0,1.0,1.0,0.0,0.0,0.0,0.0,12
LEFT,LEFT,True,0.2,strong,2.0,independent_rollout,16,semantic_group_deduplication,0.5027731568721785,0.01945838225873585,0.49040989062048546,0.5151364231238715,0.0018485663945868546,0.0346783915916818,-0.02018503242814949,0.0238821652173232,0.75,0.45226701686664544,0.46264324690347836,1.0373567530965215,0.5833333333333334,0.5149286505444373,0.25616327763932606,0.9105033890273406,0.4166666666666667,0.5149286505444373,0.08949661097265937,0.743836722360674,12
LEFT,LEFT,True,0.2,strong,2.0,independent_rollout,16,single_trajectory_score_average,0.3341882296531084,0.0016645686862815918,0.3331306131673653,0.3352458461388515,0.00021269845791161793,0.01096782422499439,-0.006755924590620482,0.007181321506443719,0.0,0.0,0.0,0.0,0.0,0.0,0.0,0.0,1.0,0.0,1.0,1.0,12
LEFT,LEFT,True,0.2,strong,2.0,independent_rollout,16,source_group_average,0.3341882296531084,0.0016645686862815918,0.3331306131673653,0.3352458461388515,0.00021269845791161793,0.01096782422499439,-0.006755924590620482,0.007181321506443719,0.0,0.0,0.0,0.0,0.0,0.0,0.0,0.0,1.0,0.0,1.0,1.0,12
LEFT,LEFT,True,0.2,strong,2.0,pure_duplication,1,exact_deduplication,0.33209419785357264,0.01691201475800064,0.3213488163246506,0.34283957938249465,0.0,0.0,0.0,0.0,0.0,0.0,0.0,0.0,0.0,0.0,0.0,0.0,1.0,0.0,1.0,1.0,12
LEFT,LEFT,True,0.2,strong,2.0,pure_duplication,1,explicit_belief_mixing,0.26698776559759846,0.005106995102591786,0.2637429357160656,0.2702325954791313,0.0,0.0,0.0,0.0,0.0,0.0,0.0,0.0,0.0,0.0,0.0,0.0,1.0,0.0,1.0,1.0,12
LEFT,LEFT,True,0.2,strong,2.0,pure_duplication,1,ordinary_flat_aggregation,0.5009245904775915,0.023133422145559166,0.4862263152820799,0.5156228656731031,0.0,0.0,0.0,0.0,0.0,0.0,0.0,0.0,0.5,0.5222329678670935,0.16818900249253282,0.8318109975074672,0.5,0.5222329678670935,0.16818900249253282,0.8318109975074672,12
LEFT,LEFT,True,0.2,strong,2.0,pure_duplication,1,provenance_preserving,0.5009245904775915,0.023133422145559166,0.4862263152820799,0.5156228656731031,0.0,0.0,0.0,0.0,0.0,0.0,0.0,0.0,0.5,0.5222329678670935,0.16818900249253282,0.8318109975074672,0.5,0.5222329678670935,0.16818900249253282,0.8318109975074672,12
LEFT,LEFT,True,0.2,strong,2.0,pure_duplication,1,semantic_group_deduplication,0.33209419785357264,0.01691201475800064,0.3213488163246506,0.34283957938249465,0.0,0.0,0.0,0.0,0.0,0.0,0.0,0.0,0.0,0.0,0.0,0.0,1.0,0.0,1.0,1.0,12
LEFT,LEFT,True,0.2,strong,2.0,pure_duplication,1,single_trajectory_score_average,0.33397553119519685,0.01021399020518359,0.32748587143213115,0.34046519095826255,0.0,0.0,0.0,0.0,0.0,0.0,0.0,0.0,0.0,0.0,0.0,0.0,1.0,0.0,1.0,1.0,12
LEFT,LEFT,True,0.2,strong,2.0,pure_duplication,1,source_group_average,0.33397553119519685,0.01021399020518359,0.32748587143213115,0.34046519095826255,0.0,0.0,0.0,0.0,0.0,0.0,0.0,0.0,0.0,0.0,0.0,0.0,1.0,0.0,1.0,1.0,12
LEFT,LEFT,True,0.2,strong,2.0,pure_duplication,2,exact_deduplication,0.3431589578070249,0.016024866989461397,0.3329772430784157,0.35334067253563406,0.01106475995345225,0.021819770689767964,-0.0027988609273318765,0.024928380834236374,0.0,0.0,0.0,0.0,0.0,0.0,0.0,0.0,1.0,0.0,1.0,1.0,12
LEFT,LEFT,True,0.2,strong,2.0,pure_duplication,2,explicit_belief_mixing,0.26698776559759835,0.005106995102591782,0.2637429357160655,0.2702325954791312,-4.625929269271485e-18,1.6024689053196365e-17,-1.4807530942571585e-17,5.5556724040286136e-18,0.0,0.0,0.0,0.0,0.0,0.0,0.0,0.0,1.0,0.0,1.0,1.0,12
LEFT,LEFT,True,0.2,strong,2.0,pure_duplication,2,ordinary_flat_aggregation,0.7996650496815455,0.03072616209982374,0.7801425776753099,0.8191875216877811,0.29874045920395365,0.007784869239099439,0.2937941892695971,0.3036867291383102,0.5,0.5222329678670935,0.16818900249253282,0.8318109975074672,1.0,0.0,1.0,1.0,0.0,0.0,0.0,0.0,12
LEFT,LEFT,True,0.2,strong,2.0,pure_duplication,2,provenance_preserving,0.5009245904775915,0.023133422145559166,0.4862263152820799,0.5156228656731031,0.0,0.0,0.0,0.0,0.0,0.0,0.0,0.0,0.5,0.5222329678670935,0.16818900249253282,0.8318109975074672,0.5,0.5222329678670935,0.16818900249253282,0.8318109975074672,12
LEFT,LEFT,True,0.2,strong,2.0,pure_duplication,2,semantic_group_deduplication,0.3431589578070249,0.016024866989461397,0.3329772430784157,0.35334067253563406,0.01106475995345225,0.021819770689767964,-0.0027988609273318765,0.024928380834236374,0.0,0.0,0.0,0.0,0.0,0.0,0.0,0.0,1.0,0.0,1.0,1.0,12
LEFT,LEFT,True,0.2,strong,2.0,pure_duplication,2,single_trajectory_score_average,0.3339755311951968,0.010213990205183583,0.3274858714321311,0.3404651909582625,0.0,2.367003441645759e-17,-1.503922236629014e-17,1.503922236629014e-17,0.0,0.0,0.0,0.0,0.0,0.0,0.0,0.0,1.0,0.0,1.0,1.0,12
LEFT,LEFT,True,0.2,strong,2.0,pure_duplication,2,source_group_average,0.33397553119519685,0.01021399020518359,0.32748587143213115,0.34046519095826255,0.0,0.0,0.0,0.0,0.0,0.0,0.0,0.0,0.0,0.0,0.0,0.0,1.0,0.0,1.0,1.0,12
LEFT,LEFT,True,0.2,strong,2.0,pure_duplication,4,exact_deduplication,0.3292441201466338,0.01580460881461819,0.31920235078570675,0.33928588950756083,-0.0028500777069388147,0.007088620834155813,-0.007353972509941851,0.0016538170960642222,0.0,0.0,0.0,0.0,0.0,0.0,0.0,0.0,1.0,0.0,1.0,1.0,12
LEFT,LEFT,True,0.2,strong,2.0,pure_duplication,4,explicit_belief_mixing,0.26698776559759846,0.005106995102591786,0.2637429357160656,0.2702325954791313,0.0,0.0,0.0,0.0,0.0,0.0,0.0,0.0,0.0,0.0,0.0,0.0,1.0,0.0,1.0,1.0,12
LEFT,LEFT,True,0.2,strong,2.0,pure_duplication,4,ordinary_flat_aggregation,0.9838244751431975,0.006742657485283158,0.9795403949649956,0.9881085553213994,0.48289988466560585,0.01660741766228947,0.47234803489814764,0.49345173443306406,0.5,0.5222329678670935,0.16818900249253282,0.8318109975074672,1.0,0.0,1.0,1.0,0.0,0.0,0.0,0.0,12
LEFT,LEFT,True,0.2,strong,2.0,pure_duplication,4,provenance_preserving,0.5009245904775915,0.023133422145559166,0.4862263152820799,0.5156228656731031,0.0,0.0,0.0,0.0,0.0,0.0,0.0,0.0,0.5,0.5222329678670935,0.16818900249253282,0.8318109975074672,0.5,0.5222329678670935,0.16818900249253282,0.8318109975074672,12
LEFT,LEFT,True,0.2,strong,2.0,pure_duplication,4,semantic_group_deduplication,0.3292441201466338,0.01580460881461819,0.31920235078570675,0.33928588950756083,-0.0028500777069388147,0.007088620834155813,-0.007353972509941851,0.0016538170960642222,0.0,0.0,0.0,0.0,0.0,0.0,0.0,0.0,1.0,0.0,1.0,1.0,12
LEFT,LEFT,True,0.2,strong,2.0,pure_duplication,4,single_trajectory_score_average,0.33397553119519685,0.01021399020518359,0.32748587143213115,0.34046519095826255,0.0,0.0,0.0,0.0,0.0,0.0,0.0,0.0,0.0,0.0,0.0,0.0,1.0,0.0,1.0,1.0,12
LEFT,LEFT,True,0.2,strong,2.0,pure_duplication,4,source_group_average,0.33397553119519685,0.01021399020518359,0.32748587143213115,0.34046519095826255,0.0,0.0,0.0,0.0,0.0,0.0,0.0,0.0,0.0,0.0,0.0,0.0,1.0,0.0,1.0,1.0,12
LEFT,LEFT,True,0.2,strong,2.0,pure_duplication,8,exact_deduplication,0.33510879203790256,0.021877524451577063,0.3212084761675356,0.3490091079082695,0.003014594184329908,0.025442114095193324,-0.013150553893363535,0.01917974226202335,0.0,0.0,0.0,0.0,0.0,0.0,0.0,0.0,1.0,0.0,1.0,1.0,12
LEFT,LEFT,True,0.2,strong,2.0,pure_duplication,8,explicit_belief_mixing,0.26698776559759846,0.005106995102591786,0.2637429357160656,0.2702325954791313,0.0,0.0,0.0,0.0,0.0,0.0,0.0,0.0,0.0,0.0,0.0,0.0,1.0,0.0,1.0,1.0,12
LEFT,LEFT,True,0.2,strong,2.0,pure_duplication,8,ordinary_flat_aggregation,0.9999207155805344,7.806016940441536e-05,0.9998711185151069,0.9999703126459619,0.49899612510294283,0.02306208327586034,0.48434317646276626,0.5136490737431194,0.5,0.5222329678670935,0.16818900249253282,0.8318109975074672,1.0,0.0,1.0,1.0,0.0,0.0,0.0,0.0,12
LEFT,LEFT,True,0.2,strong,2.0,pure_duplication,8,provenance_preserving,0.5009245904775915,0.023133422145559166,0.4862263152820799,0.5156228656731031,0.0,0.0,0.0,0.0,0.0,0.0,0.0,0.0,0.5,0.5222329678670935,0.16818900249253282,0.8318109975074672,0.5,0.5222329678670935,0.16818900249253282,0.8318109975074672,12
LEFT,LEFT,True,0.2,strong,2.0,pure_duplication,8,semantic_group_deduplication,0.33510879203790256,0.021877524451577063,0.3212084761675356,0.3490091079082695,0.003014594184329908,0.025442114095193324,-0.013150553893363535,0.01917974226202335,0.0,0.0,0.0,0.0,0.0,0.0,0.0,0.0,1.0,0.0,1.0,1.0,12
LEFT,LEFT,True,0.2,strong,2.0,pure_duplication,8,single_trajectory_score_average,0.33397553119519685,0.01021399020518359,0.32748587143213115,0.34046519095826255,0.0,0.0,0.0,0.0,0.0,0.0,0.0,0.0,0.0,0.0,0.0,0.0,1.0,0.0,1.0,1.0,12
LEFT,LEFT,True,0.2,strong,2.0,pure_duplication,8,source_group_average,0.33397553119519685,0.01021399020518359,0.32748587143213115,0.34046519095826255,0.0,0.0,0.0,0.0,0.0,0.0,0.0,0.0,0.0,0.0,0.0,0.0,1.0,0.0,1.0,1.0,12
LEFT,LEFT,True,0.2,strong,2.0,pure_duplication,16,exact_deduplication,0.32819585959450387,0.021273461786773952,0.314679346830601,0.34171237235840674,-0.003898338259068735,0.023268683873344662,-0.018682554656271232,0.010885878138133761,0.0,0.0,0.0,0.0,0.0,0.0,0.0,0.0,1.0,0.0,1.0,1.0,12
LEFT,LEFT,True,0.2,strong,2.0,pure_duplication,16,explicit_belief_mixing,0.26698776559759846,0.005106995102591785,0.2637429357160656,0.2702325954791313,4.625929269271485e-18,1.6024689053196365e-17,-5.5556724040286136e-18,1.4807530942571585e-17,0.0,0.0,0.0,0.0,0.0,0.0,0.0,0.0,1.0,0.0,1.0,1.0,12
LEFT,LEFT,True,0.2,strong,2.0,pure_duplication,16,ordinary_flat_aggregation,0.9999999970307057,6.597193566022772e-09,0.999999992839049,1.0000000012223627,0.4990754065531144,0.02313341690138587,0.48437713468959154,0.5137736784166372,0.5,0.5222329678670935,0.16818900249253282,0.8318109975074672,1.0,0.0,1.0,1.0,0.0,0.0,0.0,0.0,12
LEFT,LEFT,True,0.2,strong,2.0,pure_duplication,16,provenance_preserving,0.5009245904775915,0.023133422145559166,0.4862263152820799,0.5156228656731031,0.0,0.0,0.0,0.0,0.0,0.0,0.0,0.0,0.5,0.5222329678670935,0.16818900249253282,0.8318109975074672,0.5,0.5222329678670935,0.16818900249253282,0.8318109975074672,12
LEFT,LEFT,True,0.2,strong,2.0,pure_duplication,16,semantic_group_deduplication,0.32819585959450387,0.021273461786773952,0.314679346830601,0.34171237235840674,-0.003898338259068735,0.023268683873344662,-0.018682554656271232,0.010885878138133761,0.0,0.0,0.0,0.0,0.0,0.0,0.0,0.0,1.0,0.0,1.0,1.0,12
LEFT,LEFT,True,0.2,strong,2.0,pure_duplication,16,single_trajectory_score_average,0.33397553119519685,0.010213990205183593,0.32748587143213115,0.34046519095826255,9.25185853854297e-18,2.1607686311362426e-17,-4.477010357045915e-18,2.2980727434131856e-17,0.0,0.0,0.0,0.0,0.0,0.0,0.0,0.0,1.0,0.0,1.0,1.0,12
LEFT,LEFT,True,0.2,strong,2.0,pure_duplication,16,source_group_average,0.33397553119519685,0.01021399020518359,0.32748587143213115,0.34046519095826255,0.0,0.0,0.0,0.0,0.0,0.0,0.0,0.0,0.0,0.0,0.0,0.0,1.0,0.0,1.0,1.0,12
LEFT,LEFT,True,0.2,weak,1.2,independent_rollout,1,exact_deduplication,0.2718721142653239,0.021252136217099128,0.2583691511219575,0.28537507740869034,0.0,0.0,0.0,0.0,0.0,0.0,0.0,0.0,0.0,0.0,0.0,0.0,1.0,0.0,1.0,1.0,12
LEFT,LEFT,True,0.2,weak,1.2,independent_rollout,1,explicit_belief_mixing,0.21709605347747196,0.0048091532796261174,0.2140404632618708,0.22015164369307313,0.0,0.0,0.0,0.0,0.0,0.0,0.0,0.0,0.0,0.0,0.0,0.0,1.0,0.0,1.0,1.0,12
LEFT,LEFT,True,0.2,weak,1.2,independent_rollout,1,ordinary_flat_aggregation,0.2718721142653239,0.021252136217099128,0.2583691511219575,0.28537507740869034,0.0,0.0,0.0,0.0,0.0,0.0,0.0,0.0,0.0,0.0,0.0,0.0,1.0,0.0,1.0,1.0,12
LEFT,LEFT,True,0.2,weak,1.2,independent_rollout,1,provenance_preserving,0.2718721142653239,0.021252136217099128,0.2583691511219575,0.28537507740869034,0.0,0.0,0.0,0.0,0.0,0.0,0.0,0.0,0.0,0.0,0.0,0.0,1.0,0.0,1.0,1.0,12
LEFT,LEFT,True,0.2,weak,1.2,independent_rollout,1,semantic_group_deduplication,0.2718721142653239,0.021252136217099128,0.2583691511219575,0.28537507740869034,0.0,0.0,0.0,0.0,0.0,0.0,0.0,0.0,0.0,0.0,0.0,0.0,1.0,0.0,1.0,1.0,12
LEFT,LEFT,True,0.2,weak,1.2,independent_rollout,1,single_trajectory_score_average,0.23419210695494388,0.00961830655925223,0.22808092652374157,0.2403032873861462,0.0,0.0,0.0,0.0,0.0,0.0,0.0,0.0,0.0,0.0,0.0,0.0,1.0,0.0,1.0,1.0,12
LEFT,LEFT,True,0.2,weak,1.2,independent_rollout,1,source_group_average,0.23419210695494388,0.00961830655925223,0.22808092652374157,0.2403032873861462,0.0,0.0,0.0,0.0,0.0,0.0,0.0,0.0,0.0,0.0,0.0,0.0,1.0,0.0,1.0,1.0,12
LEFT,LEFT,True,0.2,weak,1.2,independent_rollout,2,exact_deduplication,0.3433314223120532,0.03322044871504649,0.3222241561989906,0.36443868842511584,0.07145930804672933,0.02842725806136447,0.05339748998061278,0.08952112611284588,0.0,0.0,0.0,0.0,0.0,0.0,0.0,0.0,1.0,0.0,1.0,1.0,12
LEFT,LEFT,True,0.2,weak,1.2,independent_rollout,2,explicit_belief_mixing,0.21567923889455246,0.003329167048855473,0.21356398706764967,0.21779449072145524,-0.0014168145829194696,0.004027976308152676,-0.00397606863040566,0.0011424394645667207,0.0,0.0,0.0,0.0,0.0,0.0,0.0,0.0,1.0,0.0,1.0,1.0,12
LEFT,LEFT,True,0.2,weak,1.2,independent_rollout,2,ordinary_flat_aggregation,0.3433314223120532,0.03322044871504649,0.3222241561989906,0.36443868842511584,0.07145930804672933,0.02842725806136447,0.05339748998061278,0.08952112611284588,0.0,0.0,0.0,0.0,0.0,0.0,0.0,0.0,1.0,0.0,1.0,1.0,12
LEFT,LEFT,True,0.2,weak,1.2,independent_rollout,2,provenance_preserving,0.3433314223120532,0.03322044871504649,0.3222241561989906,0.36443868842511584,0.07145930804672933,0.02842725806136447,0.05339748998061278,0.08952112611284588,0.0,0.0,0.0,0.0,0.0,0.0,0.0,0.0,1.0,0.0,1.0,1.0,12
LEFT,LEFT,True,0.2,weak,1.2,independent_rollout,2,semantic_group_deduplication,0.2563833395122456,0.017858840144647323,0.24503637383345317,0.2677303051910381,-0.015488774753078327,0.027831826237919965,-0.03317227348770623,0.002194723981549575,0.0,0.0,0.0,0.0,0.0,0.0,0.0,0.0,1.0,0.0,1.0,1.0,12
LEFT,LEFT,True,0.2,weak,1.2,independent_rollout,2,single_trajectory_score_average,0.2313584777891049,0.006658334097710942,0.22712797413529937,0.23558898144291043,-0.002833629165838939,0.008055952616305347,-0.007952137260811317,0.002284878929133438,0.0,0.0,0.0,0.0,0.0,0.0,0.0,0.0,1.0,0.0,1.0,1.0,12
LEFT,LEFT,True,0.2,weak,1.2,independent_rollout,2,source_group_average,0.2313584777891049,0.006658334097710942,0.22712797413529937,0.23558898144291043,-0.002833629165838939,0.008055952616305347,-0.007952137260811317,0.002284878929133438,0.0,0.0,0.0,0.0,0.0,0.0,0.0,0.0,1.0,0.0,1.0,1.0,12
LEFT,LEFT,True,0.2,weak,1.2,independent_rollout,4,exact_deduplication,0.5238799521535161,0.04398725024782077,0.49593178671702365,0.5518281175900086,0.2520078378881921,0.03545491536449417,0.22948085939871915,0.274534816377665,0.75,0.45226701686664544,0.46264324690347836,1.0373567530965215,0.75,0.45226701686664544,0.46264324690347836,1.0373567530965215,0.25,0.45226701686664544,-0.037356753096521644,0.5373567530965216,12
LEFT,LEFT,True,0.2,weak,1.2,independent_rollout,4,explicit_belief_mixing,0.21578705646845062,0.0019635257301503727,0.2145394917392193,0.21703462119768194,-0.0013089970090213593,0.0038940058020762113,-0.0037831302579502185,0.0011651362399075,0.0,0.0,0.0,0.0,0.0,0.0,0.0,0.0,1.0,0.0,1.0,1.0,12
LEFT,LEFT,True,0.2,weak,1.2,independent_rollout,4,ordinary_flat_aggregation,0.5238799521535161,0.04398725024782077,0.49593178671702365,0.5518281175900086,0.2520078378881921,0.03545491536449417,0.22948085939871915,0.274534816377665,0.75,0.45226701686664544,0.46264324690347836,1.0373567530965215,0.75,0.45226701686664544,0.46264324690347836,1.0373567530965215,0.25,0.45226701686664544,-0.037356753096521644,0.5373567530965216,12
LEFT,LEFT,True,0.2,weak,1.2,independent_rollout,4,provenance_preserving,0.5238799521535161,0.04398725024782077,0.49593178671702365,0.5518281175900086,0.2520078378881921,0.03545491536449417,0.22948085939871915,0.274534816377665,0.75,0.45226701686664544,0.46264324690347836,1.0373567530965215,0.75,0.45226701686664544,0.46264324690347836,1.0373567530965215,0.25,0.45226701686664544,-0.037356753096521644,0.5373567530965216,12
LEFT,LEFT,True,0.2,weak,1.2,independent_rollout,4,semantic_group_deduplication,0.26833583401289207,0.01755780440241443,0.2571801373195175,0.27949153070626664,-0.003536280252431856,0.02413144434185433,-0.018868668498752576,0.011796107993888864,0.0,0.0,0.0,0.0,0.0,0.0,0.0,0.0,1.0,0.0,1.0,1.0,12
LEFT,LEFT,True,0.2,weak,1.2,independent_rollout,4,single_trajectory_score_average,0.23157411293690114,0.003927051460300745,0.22907898347843852,0.23406924239536375,-0.0026179940180427234,0.007788011604152411,-0.0075662605159004335,0.002330272479814987,0.0,0.0,0.0,0.0,0.0,0.0,0.0,0.0,1.0,0.0,1.0,1.0,12
LEFT,LEFT,True,0.2,weak,1.2,independent_rollout,4,source_group_average,0.23157411293690114,0.003927051460300745,0.22907898347843852,0.23406924239536375,-0.0026179940180427234,0.007788011604152411,-0.0075662605159004335,0.002330272479814987,0.0,0.0,0.0,0.0,0.0,0.0,0.0,0.0,1.0,0.0,1.0,1.0,12
LEFT,LEFT,True,0.2,weak,1.2,independent_rollout,8,exact_deduplication,0.8224059409198642,0.04628518521339555,0.7929977372627883,0.85181414457694,0.5505338266545403,0.04248195822376105,0.523542078140716,0.5775255751683647,1.0,0.0,1.0,1.0,1.0,0.0,1.0,1.0,0.0,0.0,0.0,0.0,12
LEFT,LEFT,True,0.2,weak,1.2,independent_rollout,8,explicit_belief_mixing,0.21568282125054883,0.001752728014223365,0.21456919100017607,0.21679645150092158,-0.0014132322269231358,0.004434131060075063,-0.004230544692146106,0.0014040802382998343,0.0,0.0,0.0,0.0,0.0,0.0,0.0,0.0,1.0,0.0,1.0,1.0,12
LEFT,LEFT,True,0.2,weak,1.2,independent_rollout,8,ordinary_flat_aggregation,0.8224059409198642,0.04628518521339555,0.7929977372627883,0.85181414457694,0.5505338266545403,0.04248195822376105,0.523542078140716,0.5775255751683647,1.0,0.0,1.0,1.0,1.0,0.0,1.0,1.0,0.0,0.0,0.0,0.0,12
LEFT,LEFT,True,0.2,weak,1.2,independent_rollout,8,provenance_preserving,0.8224059409198642,0.04628518521339555,0.7929977372627883,0.85181414457694,0.5505338266545403,0.04248195822376105,0.523542078140716,0.5775255751683647,1.0,0.0,1.0,1.0,1.0,0.0,1.0,1.0,0.0,0.0,0.0,0.0,12
LEFT,LEFT,True,0.2,weak,1.2,independent_rollout,8,semantic_group_deduplication,0.26356031820915904,0.015890106543220185,0.2534642261831427,0.2736564102351754,-0.008311796056164888,0.020809394231676742,-0.021533454362685354,0.004909862250355579,0.0,0.0,0.0,0.0,0.0,0.0,0.0,0.0,1.0,0.0,1.0,1.0,12
LEFT,LEFT,True,0.2,weak,1.2,independent_rollout,8,single_trajectory_score_average,0.23136564250109762,0.0035054560284467256,0.2291383820003521,0.23359290300184313,-0.002826464453846269,0.00886826212015012,-0.008461089384292207,0.0028081604765996687,0.0,0.0,0.0,0.0,0.0,0.0,0.0,0.0,1.0,0.0,1.0,1.0,12
LEFT,LEFT,True,0.2,weak,1.2,independent_rollout,8,source_group_average,0.23136564250109762,0.0035054560284467256,0.2291383820003521,0.23359290300184313,-0.002826464453846269,0.00886826212015012,-0.008461089384292207,0.0028081604765996687,0.0,0.0,0.0,0.0,0.0,0.0,0.0,0.0,1.0,0.0,1.0,1.0,12
LEFT,LEFT,True,0.2,weak,1.2,independent_rollout,16,exact_deduplication,0.9878165226396863,0.005479817063318591,0.9843348129855365,0.9912982322938362,0.7159444083743624,0.020383516888155713,0.702993339622436,0.7288954771262887,1.0,0.0,1.0,1.0,1.0,0.0,1.0,1.0,0.0,0.0,0.0,0.0,12
LEFT,LEFT,True,0.2,weak,1.2,independent_rollout,16,explicit_belief_mixing,0.21563760877902402,0.0013511954074739525,0.2147791001754547,0.21649611738259333,-0.0014584446984479717,0.004640471093422765,-0.004406859366142865,0.001489969969246922,0.0,0.0,0.0,0.0,0.0,0.0,0.0,0.0,1.0,0.0,1.0,1.0,12
LEFT,LEFT,True,0.2,weak,1.2,independent_rollout,16,ordinary_flat_aggregation,0.9878165226396863,0.005479817063318591,0.9843348129855365,0.9912982322938362,0.7159444083743624,0.020383516888155713,0.702993339622436,0.7288954771262887,1.0,0.0,1.0,1.0,1.0,0.0,1.0,1.0,0.0,0.0,0.0,0.0,12
LEFT,LEFT,True,0.2,weak,1.2,independent_rollout,16,provenance_preserving,0.9878165226396863,0.005479817063318591,0.9843348129855365,0.9912982322938362,0.7159444083743624,0.020383516888155713,0.702993339622436,0.7288954771262887,1.0,0.0,1.0,1.0,1.0,0.0,1.0,1.0,0.0,0.0,0.0,0.0,12
LEFT,LEFT,True,0.2,weak,1.2,independent_rollout,16,semantic_group_deduplication,0.26355494036963445,0.012706946885613087,0.2554813314999954,0.2716285492392735,-0.008317173895689487,0.021917775414525224,-0.02224306400779956,0.005608716216420584,0.0,0.0,0.0,0.0,0.0,0.0,0.0,0.0,1.0,0.0,1.0,1.0,12
LEFT,LEFT,True,0.2,weak,1.2,independent_rollout,16,single_trajectory_score_average,0.23127521755804795,0.0027023908149479106,0.2295582003509093,0.2329922347651866,-0.0029168893968959386,0.009280942186845527,-0.008813718732285723,0.002979939938493847,0.0,0.0,0.0,0.0,0.0,0.0,0.0,0.0,1.0,0.0,1.0,1.0,12
LEFT,LEFT,True,0.2,weak,1.2,independent_rollout,16,source_group_average,0.23127521755804795,0.0027023908149479106,0.2295582003509093,0.2329922347651866,-0.0029168893968959386,0.009280942186845527,-0.008813718732285723,0.002979939938493847,0.0,0.0,0.0,0.0,0.0,0.0,0.0,0.0,1.0,0.0,1.0,1.0,12
LEFT,LEFT,True,0.2,weak,1.2,pure_duplication,1,exact_deduplication,0.22832241180714993,0.017903731509881695,0.2169469235156647,0.23969790009863517,0.0,0.0,0.0,0.0,0.0,0.0,0.0,0.0,0.0,0.0,0.0,0.0,1.0,0.0,1.0,1.0,12
LEFT,LEFT,True,0.2,weak,1.2,pure_duplication,1,explicit_belief_mixing,0.21709605347747196,0.0048091532796261174,0.2140404632618708,0.22015164369307313,0.0,0.0,0.0,0.0,0.0,0.0,0.0,0.0,0.0,0.0,0.0,0.0,1.0,0.0,1.0,1.0,12
LEFT,LEFT,True,0.2,weak,1.2,pure_duplication,1,ordinary_flat_aggregation,0.2718721142653239,0.021252136217099128,0.2583691511219575,0.28537507740869034,0.0,0.0,0.0,0.0,0.0,0.0,0.0,0.0,0.0,0.0,0.0,0.0,1.0,0.0,1.0,1.0,12
LEFT,LEFT,True,0.2,weak,1.2,pure_duplication,1,provenance_preserving,0.2718721142653239,0.021252136217099128,0.2583691511219575,0.28537507740869034,0.0,0.0,0.0,0.0,0.0,0.0,0.0,0.0,0.0,0.0,0.0,0.0,1.0,0.0,1.0,1.0,12
LEFT,LEFT,True,0.2,weak,1.2,pure_duplication,1,semantic_group_deduplication,0.22832241180714993,0.017903731509881695,0.2169469235156647,0.23969790009863517,0.0,0.0,0.0,0.0,0.0,0.0,0.0,0.0,0.0,0.0,0.0,0.0,1.0,0.0,1.0,1.0,12
LEFT,LEFT,True,0.2,weak,1.2,pure_duplication,1,single_trajectory_score_average,0.23419210695494388,0.00961830655925223,0.22808092652374157,0.2403032873861462,0.0,0.0,0.0,0.0,0.0,0.0,0.0,0.0,0.0,0.0,0.0,0.0,1.0,0.0,1.0,1.0,12
LEFT,LEFT,True,0.2,weak,1.2,pure_duplication,1,source_group_average,0.23419210695494388,0.00961830655925223,0.22808092652374157,0.2403032873861462,0.0,0.0,0.0,0.0,0.0,0.0,0.0,0.0,0.0,0.0,0.0,0.0,1.0,0.0,1.0,1.0,12
LEFT,LEFT,True,0.2,weak,1.2,pure_duplication,2,exact_deduplication,0.23342641236533893,0.014879136441094239,0.22397266009701094,0.2428801646336669,0.0051040005581889855,0.014180291928567288,-0.0039057270907220058,0.014113728207099977,0.0,0.0,0.0,0.0,0.0,0.0,0.0,0.0,1.0,0.0,1.0,1.0,12
LEFT,LEFT,True,0.2,weak,1.2,pure_duplication,2,explicit_belief_mixing,0.21709605347747196,0.0048091532796261174,0.2140404632618708,0.22015164369307313,0.0,0.0,0.0,0.0,0.0,0.0,0.0,0.0,0.0,0.0,0.0,0.0,1.0,0.0,1.0,1.0,12
LEFT,LEFT,True,0.2,weak,1.2,pure_duplication,2,ordinary_flat_aggregation,0.3582633967116487,0.04902470713806199,0.32711458386586206,0.38941220955743533,0.08639128244632484,0.02777427582175695,0.06874434950162017,0.1040382153910295,0.0,0.0,0.0,0.0,0.0,0.0,0.0,0.0,1.0,0.0,1.0,1.0,12
LEFT,LEFT,True,0.2,weak,1.2,pure_duplication,2,provenance_preserving,0.2718721142653239,0.021252136217099128,0.2583691511219575,0.28537507740869034,0.0,0.0,0.0,0.0,0.0,0.0,0.0,0.0,0.0,0.0,0.0,0.0,1.0,0.0,1.0,1.0,12
LEFT,LEFT,True,0.2,weak,1.2,pure_duplication,2,semantic_group_deduplication,0.23342641236533893,0.014879136441094239,0.22397266009701094,0.2428801646336669,0.0051040005581889855,0.014180291928567288,-0.0039057270907220058,0.014113728207099977,0.0,0.0,0.0,0.0,0.0,0.0,0.0,0.0,1.0,0.0,1.0,1.0,12
LEFT,LEFT,True,0.2,weak,1.2,pure_duplication,2,single_trajectory_score_average,0.23419210695494388,0.00961830655925223,0.22808092652374157,0.2403032873861462,-2.3129646346357427e-18,8.012344526598183e-18,-7.403765471285793e-18,2.7778362020143068e-18,0.0,0.0,0.0,0.0,0.0,0.0,0.0,0.0,1.0,0.0,1.0,1.0,12
LEFT,LEFT,True,0.2,weak,1.2,pure_duplication,2,source_group_average,0.23419210695494388,0.00961830655925223,0.22808092652374157,0.2403032873861462,0.0,0.0,0.0,0.0,0.0,0.0,0.0,0.0,0.0,0.0,0.0,0.0,1.0,0.0,1.0,1.0,12
LEFT,LEFT,True,0.2,weak,1.2,pure_duplication,4,exact_deduplication,0.23049533592309715,0.016063628815765982,0.22028899310502847,0.24070167874116583,0.0021729241159472376,0.0208682867319689,-0.011086152700069976,0.015432000931964451,0.0,0.0,0.0,0.0,0.0,0.0,0.0,0.0,1.0,0.0,1.0,1.0,12
LEFT,LEFT,True,0.2,weak,1.2,pure_duplication,4,explicit_belief_mixing,0.21709605347747196,0.0048091532796261174,0.2140404632618708,0.22015164369307313,0.0,0.0,0.0,0.0,0.0,0.0,0.0,0.0,0.0,0.0,0.0,0.0,1.0,0.0,1.0,1.0,12
LEFT,LEFT,True,0.2,weak,1.2,pure_duplication,4,ordinary_flat_aggregation,0.5498825716185136,0.10181725110594825,0.48519097661846206,0.6145741666185651,0.2780104573531897,0.08061111059839467,0.22679260121691205,0.32922831348946735,0.75,0.45226701686664544,0.46264324690347836,1.0373567530965215,0.75,0.45226701686664544,0.46264324690347836,1.0373567530965215,0.25,0.45226701686664544,-0.037356753096521644,0.5373567530965216,12
LEFT,LEFT,True,0.2,weak,1.2,pure_duplication,4,provenance_preserving,0.2718721142653239,0.021252136217099128,0.2583691511219575,0.28537507740869034,0.0,0.0,0.0,0.0,0.0,0.0,0.0,0.0,0.0,0.0,0.0,0.0,1.0,0.0,1.0,1.0,12
LEFT,LEFT,True,0.2,weak,1.2,pure_duplication,4,semantic_group_deduplication,0.23049533592309715,0.016063628815765982,0.22028899310502847,0.24070167874116583,0.0021729241159472376,0.0208682867319689,-0.011086152700069976,0.015432000931964451,0.0,0.0,0.0,0.0,0.0,0.0,0.0,0.0,1.0,0.0,1.0,1.0,12
LEFT,LEFT,True,0.2,weak,1.2,pure_duplication,4,single_trajectory_score_average,0.23419210695494388,0.00961830655925223,0.22808092652374157,0.2403032873861462,0.0,0.0,0.0,0.0,0.0,0.0,0.0,0.0,0.0,0.0,0.0,0.0,1.0,0.0,1.0,1.0,12
LEFT,LEFT,True,0.2,weak,1.2,pure_duplication,4,source_group_average,0.23419210695494388,0.00961830655925223,0.22808092652374157,0.2403032873861462,0.0,0.0,0.0,0.0,0.0,0.0,0.0,0.0,0.0,0.0,0.0,0.0,1.0,0.0,1.0,1.0,12
LEFT,LEFT,True,0.2,weak,1.2,pure_duplication,8,exact_deduplication,0.23277834870847472,0.014262014050259217,0.22371669730065633,0.2418400001162931,0.004455936901324789,0.021452230385412163,-0.009174160011199386,0.018086033813848962,0.0,0.0,0.0,0.0,0.0,0.0,0.0,0.0,1.0,0.0,1.0,1.0,12
LEFT,LEFT,True,0.2,weak,1.2,pure_duplication,8,explicit_belief_mixing,0.21709605347747196,0.004809153279626117,0.2140404632618708,0.22015164369307313,-2.3129646346357427e-18,8.012344526598183e-18,-7.403765471285793e-18,2.7778362020143068e-18,0.0,0.0,0.0,0.0,0.0,0.0,0.0,0.0,1.0,0.0,1.0,1.0,12
LEFT,LEFT,True,0.2,weak,1.2,pure_duplication,8,ordinary_flat_aggregation,0.8320855644781852,0.11540612880178608,0.7587600085053549,0.9054111204510155,0.5602134502128611,0.09608490233067053,0.4991640158618279,0.6212628845638942,1.0,0.0,1.0,1.0,1.0,0.0,1.0,1.0,0.0,0.0,0.0,0.0,12
LEFT,LEFT,True,0.2,weak,1.2,pure_duplication,8,provenance_preserving,0.2718721142653239,0.021252136217099128,0.2583691511219575,0.28537507740869034,0.0,0.0,0.0,0.0,0.0,0.0,0.0,0.0,0.0,0.0,0.0,0.0,1.0,0.0,1.0,1.0,12
LEFT,LEFT,True,0.2,weak,1.2,pure_duplication,8,semantic_group_deduplication,0.23277834870847472,0.014262014050259217,0.22371669730065633,0.2418400001162931,0.004455936901324789,0.021452230385412163,-0.009174160011199386,0.018086033813848962,0.0,0.0,0.0,0.0,0.0,0.0,0.0,0.0,1.0,0.0,1.0,1.0,12
LEFT,LEFT,True,0.2,weak,1.2,pure_duplication,8,single_trajectory_score_average,0.23419210695494388,0.009618306559252228,0.22808092652374157,0.2403032873861462,-2.3129646346357427e-18,8.012344526598183e-18,-7.403765471285793e-18,2.7778362020143068e-18,0.0,0.0,0.0,0.0,0.0,0.0,0.0,0.0,1.0,0.0,1.0,1.0,12
LEFT,LEFT,True,0.2,weak,1.2,pure_duplication,8,source_group_average,0.23419210695494388,0.00961830655925223,0.22808092652374157,0.2403032873861462,0.0,0.0,0.0,0.0,0.0,0.0,0.0,0.0,0.0,0.0,0.0,0.0,1.0,0.0,1.0,1.0,12
LEFT,LEFT,True,0.2,weak,1.2,pure_duplication,16,exact_deduplication,0.228453935896628,0.01544845884180365,0.21863845343257096,0.23826941836068502,0.00013152408947806013,0.010679504506024545,-0.006653909349360912,0.006916957528317033,0.0,0.0,0.0,0.0,0.0,0.0,0.0,0.0,1.0,0.0,1.0,1.0,12
LEFT,LEFT,True,0.2,weak,1.2,pure_duplication,16,explicit_belief_mixing,0.21709605347747196,0.004809153279626117,0.2140404632618708,0.22015164369307313,-2.3129646346357427e-18,8.012344526598183e-18,-7.403765471285793e-18,2.7778362020143068e-18,0.0,0.0,0.0,0.0,0.0,0.0,0.0,0.0,1.0,0.0,1.0,1.0,12
LEFT,LEFT,True,0.2,weak,1.2,pure_duplication,16,ordinary_flat_aggregation,0.9778239143168066,0.04654931237876322,0.9482478922652555,1.0073999363683577,0.7059518000514826,0.03513443925964664,0.6836284423645436,0.7282751577384217,1.0,0.0,1.0,1.0,1.0,0.0,1.0,1.0,0.0,0.0,0.0,0.0,12
LEFT,LEFT,True,0.2,weak,1.2,pure_duplication,16,provenance_preserving,0.2718721142653239,0.021252136217099128,0.2583691511219575,0.28537507740869034,0.0,0.0,0.0,0.0,0.0,0.0,0.0,0.0,0.0,0.0,0.0,0.0,1.0,0.0,1.0,1.0,12
LEFT,LEFT,True,0.2,weak,1.2,pure_duplication,16,semantic_group_deduplication,0.228453935896628,0.01544845884180365,0.21863845343257096,0.23826941836068502,0.00013152408947806013,0.010679504506024545,-0.006653909349360912,0.006916957528317033,0.0,0.0,0.0,0.0,0.0,0.0,0.0,0.0,1.0,0.0,1.0,1.0,12
LEFT,LEFT,True,0.2,weak,1.2,pure_duplication,16,single_trajectory_score_average,0.23419210695494388,0.009618306559252228,0.22808092652374157,0.2403032873861462,-4.625929269271485e-18,1.080384315568121e-17,-1.1490363717065927e-17,2.238505178522956e-18,0.0,0.0,0.0,0.0,0.0,0.0,0.0,0.0,1.0,0.0,1.0,1.0,12
LEFT,LEFT,True,0.2,weak,1.2,pure_duplication,16,source_group_average,0.23419210695494388,0.00961830655925223,0.22808092652374157,0.2403032873861462,0.0,0.0,0.0,0.0,0.0,0.0,0.0,0.0,0.0,0.0,0.0,0.0,1.0,0.0,1.0,1.0,12
LEFT,LEFT,True,0.5,medium,1.5,independent_rollout,1,exact_deduplication,0.69179509717608,0.02052223473690794,0.6787558913079648,0.7048343030441953,0.0,0.0,0.0,0.0,0.0,0.0,0.0,0.0,1.0,0.0,1.0,1.0,0.0,0.0,0.0,0.0,12
LEFT,LEFT,True,0.5,medium,1.5,independent_rollout,1,explicit_belief_mixing,0.5498884803126305,0.005758388707992858,0.5462297746797048,0.5535471859455562,0.0,0.0,0.0,0.0,0.0,0.0,0.0,0.0,1.0,0.0,1.0,1.0,0.0,0.0,0.0,0.0,12
LEFT,LEFT,True,0.5,medium,1.5,independent_rollout,1,ordinary_flat_aggregation,0.69179509717608,0.02052223473690794,0.6787558913079648,0.7048343030441953,0.0,0.0,0.0,0.0,0.0,0.0,0.0,0.0,1.0,0.0,1.0,1.0,0.0,0.0,0.0,0.0,12
LEFT,LEFT,True,0.5,medium,1.5,independent_rollout,1,provenance_preserving,0.69179509717608,0.02052223473690794,0.6787558913079648,0.7048343030441953,0.0,0.0,0.0,0.0,0.0,0.0,0.0,0.0,1.0,0.0,1.0,1.0,0.0,0.0,0.0,0.0,12
LEFT,LEFT,True,0.5,medium,1.5,independent_rollout,1,semantic_group_deduplication,0.69179509717608,0.02052223473690794,0.6787558913079648,0.7048343030441953,0.0,0.0,0.0,0.0,0.0,0.0,0.0,0.0,1.0,0.0,1.0,1.0,0.0,0.0,0.0,0.0,12
LEFT,LEFT,True,0.5,medium,1.5,independent_rollout,1,single_trajectory_score_average,0.5997769606252609,0.011516777415985738,0.5924595493594095,0.6070943718911123,0.0,0.0,0.0,0.0,0.0,0.0,0.0,0.0,1.0,0.0,1.0,1.0,0.0,0.0,0.0,0.0,12
LEFT,LEFT,True,0.5,medium,1.5,independent_rollout,1,source_group_average,0.5997769606252609,0.011516777415985738,0.5924595493594095,0.6070943718911123,0.0,0.0,0.0,0.0,0.0,0.0,0.0,0.0,1.0,0.0,1.0,1.0,0.0,0.0,0.0,0.0,12
LEFT,LEFT,True,0.5,medium,1.5,independent_rollout,2,exact_deduplication,0.8339599891091013,0.01603598375317004,0.8237712111258104,0.8441487670923922,0.14216489193302126,0.014825668342967334,0.13274511167348235,0.15158467219256017,0.0,0.0,0.0,0.0,1.0,0.0,1.0,1.0,0.0,0.0,0.0,0.0,12
LEFT,LEFT,True,0.5,medium,1.5,independent_rollout,2,explicit_belief_mixing,0.5498377504689218,0.0034859219282366975,0.547622901343319,0.5520525995945246,-5.0729843708583834e-05,0.004220537963593623,-0.0027323317300041584,0.002630872042586991,0.0,0.0,0.0,0.0,1.0,0.0,1.0,1.0,0.0,0.0,0.0,0.0,12
LEFT,LEFT,True,0.5,medium,1.5,independent_rollout,2,ordinary_flat_aggregation,0.8339599891091013,0.01603598375317004,0.8237712111258104,0.8441487670923922,0.14216489193302126,0.014825668342967334,0.13274511167348235,0.15158467219256017,0.0,0.0,0.0,0.0,1.0,0.0,1.0,1.0,0.0,0.0,0.0,0.0,12
LEFT,LEFT,True,0.5,medium,1.5,independent_rollout,2,provenance_preserving,0.8339599891091013,0.01603598375317004,0.8237712111258104,0.8441487670923922,0.14216489193302126,0.014825668342967334,0.13274511167348235,0.15158467219256017,0.0,0.0,0.0,0.0,1.0,0.0,1.0,1.0,0.0,0.0,0.0,0.0,12
LEFT,LEFT,True,0.5,medium,1.5,independent_rollout,2,semantic_group_deduplication,0.6841745695648473,0.01159682096630023,0.6768063010534597,0.691542838076235,-0.007620527611232729,0.020109789923968027,-0.02039767854750914,0.005156623325043683,0.0,0.0,0.0,0.0,1.0,0.0,1.0,1.0,0.0,0.0,0.0,0.0,12
LEFT,LEFT,True,0.5,medium,1.5,independent_rollout,2,single_trajectory_score_average,0.5996755009378437,0.0069718438564733715,0.5952458026866382,0.6041051991890493,-0.00010145968741718618,0.00844107592718726,-0.0054646634600083455,0.0052617440851739725,0.0,0.0,0.0,0.0,1.0,0.0,1.0,1.0,0.0,0.0,0.0,0.0,12
LEFT,LEFT,True,0.5,medium,1.5,independent_rollout,2,source_group_average,0.5996755009378437,0.0069718438564733715,0.5952458026866382,0.6041051991890493,-0.00010145968741718618,0.00844107592718726,-0.0054646634600083455,0.0052617440851739725,0.0,0.0,0.0,0.0,1.0,0.0,1.0,1.0,0.0,0.0,0.0,0.0,12
LEFT,LEFT,True,0.5,medium,1.5,independent_rollout,4,exact_deduplication,0.9632897743216574,0.006738728575405863,0.9590081904536958,0.967571358189619,0.27149467714557723,0.0181215497870278,0.25998079372344673,0.28300856056770773,0.0,0.0,0.0,0.0,1.0,0.0,1.0,1.0,0.0,0.0,0.0,0.0,12
LEFT,LEFT,True,0.5,medium,1.5,independent_rollout,4,explicit_belief_mixing,0.5505323959358236,0.0028526851778052985,0.5487198862463487,0.5523449056252985,0.0006439156231931031,0.004933928543688633,-0.0024909530129220616,0.003778784259308268,0.0,0.0,0.0,0.0,1.0,0.0,1.0,1.0,0.0,0.0,0.0,0.0,12
LEFT,LEFT,True,0.5,medium,1.5,independent_rollout,4,ordinary_flat_aggregation,0.9632897743216574,0.006738728575405863,0.9590081904536958,0.967571358189619,0.27149467714557723,0.0181215497870278,0.25998079372344673,0.28300856056770773,0.0,0.0,0.0,0.0,1.0,0.0,1.0,1.0,0.0,0.0,0.0,0.0,12
LEFT,LEFT,True,0.5,medium,1.5,independent_rollout,4,provenance_preserving,0.9632897743216574,0.006738728575405863,0.9590081904536958,0.967571358189619,0.27149467714557723,0.0181215497870278,0.25998079372344673,0.28300856056770773,0.0,0.0,0.0,0.0,1.0,0.0,1.0,1.0,0.0,0.0,0.0,0.0,12
LEFT,LEFT,True,0.5,medium,1.5,independent_rollout,4,semantic_group_deduplication,0.6973963787556164,0.02052357657521463,0.6843563203241159,0.710436437187117,0.005601281579536321,0.028751840350671694,-0.01266676623425042,0.023869329393323063,0.0,0.0,0.0,0.0,1.0,0.0,1.0,1.0,0.0,0.0,0.0,0.0,12
LEFT,LEFT,True,0.5,medium,1.5,independent_rollout,4,single_trajectory_score_average,0.6010647918716472,0.005705370355610645,0.5974397724926973,0.6046898112505971,0.0012878312463862156,0.009867857087377281,-0.004981906025844123,0.007557568518616555,0.0,0.0,0.0,0.0,1.0,0.0,1.0,1.0,0.0,0.0,0.0,0.0,12
LEFT,LEFT,True,0.5,medium,1.5,independent_rollout,4,source_group_average,0.6010647918716472,0.005705370355610645,0.5974397724926973,0.6046898112505971,0.0012878312463862156,0.009867857087377281,-0.004981906025844123,0.007557568518616555,0.0,0.0,0.0,0.0,1.0,0.0,1.0,1.0,0.0,0.0,0.0,0.0,12
LEFT,LEFT,True,0.5,medium,1.5,independent_rollout,8,exact_deduplication,0.9984669862821932,0.00042447767869217454,0.9981972860322037,0.9987366865321827,0.30667188910611315,0.0203444744115924,0.29374562676031346,0.31959815145191284,0.0,0.0,0.0,0.0,1.0,0.0,1.0,1.0,0.0,0.0,0.0,0.0,12
LEFT,LEFT,True,0.5,medium,1.5,independent_rollout,8,explicit_belief_mixing,0.550142791719541,0.002070467024225781,0.5488272797337302,0.5514583037053516,0.0002543114069104846,0.005163460179020532,-0.0030263946725779993,0.0035350174863989685,0.0,0.0,0.0,0.0,1.0,0.0,1.0,1.0,0.0,0.0,0.0,0.0,12
LEFT,LEFT,True,0.5,medium,1.5,independent_rollout,8,ordinary_flat_aggregation,0.9984669862821932,0.00042447767869217454,0.9981972860322037,0.9987366865321827,0.30667188910611315,0.0203444744115924,0.29374562676031346,0.31959815145191284,0.0,0.0,0.0,0.0,1.0,0.0,1.0,1.0,0.0,0.0,0.0,0.0,12
LEFT,LEFT,True,0.5,medium,1.5,independent_rollout,8,provenance_preserving,0.9984669862821932,0.00042447767869217454,0.9981972860322037,0.9987366865321827,0.30667188910611315,0.0203444744115924,0.29374562676031346,0.31959815145191284,0.0,0.0,0.0,0.0,1.0,0.0,1.0,1.0,0.0,0.0,0.0,0.0,12
LEFT,LEFT,True,0.5,medium,1.5,independent_rollout,8,semantic_group_deduplication,0.6906440991302009,0.02505369966193497,0.6747257378095215,0.7065624604508802,-0.0011509980458791202,0.03702621591591557,-0.024676333275411147,0.022374337183652906,0.0,0.0,0.0,0.0,1.0,0.0,1.0,1.0,0.0,0.0,0.0,0.0,12
LEFT,LEFT,True,0.5,medium,1.5,independent_rollout,8,single_trajectory_score_average,0.6002855834390818,0.004140934048451574,0.5976545594674603,0.6029166074107033,0.00050862281382096,0.010326920358041069,-0.006052789345156012,0.007070034972797931,0.0,0.0,0.0,0.0,1.0,0.0,1.0,1.0,0.0,0.0,0.0,0.0,12
LEFT,LEFT,True,0.5,medium,1.5,independent_rollout,8,source_group_average,0.6002855834390818,0.004140934048451574,0.5976545594674603,0.6029166074107033,0.00050862281382096,0.010326920358041069,-0.006052789345156012,0.007070034972797931,0.0,0.0,0.0,0.0,1.0,0.0,1.0,1.0,0.0,0.0,0.0,0.0,12
LEFT,LEFT,True,0.5,medium,1.5,independent_rollout,16,exact_deduplication,0.9999974763186509,9.015292955364439e-07,0.9999969035142643,0.9999980491230375,0.30820237914257104,0.020521833135357482,0.2951634284399074,0.3212413298452347,0.0,0.0,0.0,0.0,1.0,0.0,1.0,1.0,0.0,0.0,0.0,0.0,12
LEFT,LEFT,True,0.5,medium,1.5,independent_rollout,16,explicit_belief_mixing,0.5498723093750153,0.001479757231464917,0.5489321164855342,0.5508125022644964,-1.6170937615106462e-05,0.005283318225522851,-0.00337303118663383,0.0033406893114036173,0.0,0.0,0.0,0.0,1.0,0.0,1.0,1.0,0.0,0.0,0.0,0.0,12
LEFT,LEFT,True,0.5,medium,1.5,independent_rollout,16,ordinary_flat_aggregation,0.9999974763186509,9.015292955364439e-07,0.9999969035142643,0.9999980491230375,0.30820237914257104,0.020521833135357482,0.2951634284399074,0.3212413298452347,0.0,0.0,0.0,0.0,1.0,0.0,1.0,1.0,0.0,0.0,0.0,0.0,12
LEFT,LEFT,True,0.5,medium,1.5,independent_rollout,16,provenance_preserving,0.9999974763186509,9.015292955364439e-07,0.9999969035142643,0.9999980491230375,0.30820237914257104,0.020521833135357482,0.2951634284399074,0.3212413298452347,0.0,0.0,0.0,0.0,1.0,0.0,1.0,1.0,0.0,0.0,0.0,0.0,12
LEFT,LEFT,True,0.5,medium,1.5,independent_rollout,16,semantic_group_deduplication,0.697368547809431,0.026274757772423576,0.680674363178878,0.7140627324399841,0.0055734506333508975,0.02097794640371867,-0.007755300614018751,0.018902201880720546,0.0,0.0,0.0,0.0,1.0,0.0,1.0,1.0,0.0,0.0,0.0,0.0,12
LEFT,LEFT,True,0.5,medium,1.5,independent_rollout,16,single_trajectory_score_average,0.5997446187500307,0.0029595144629298237,0.5978642329710685,0.6016250045289929,-3.234187523023143e-05,0.010566636451045717,-0.006746062373267689,0.006681378622807227,0.0,0.0,0.0,0.0,1.0,0.0,1.0,1.0,0.0,0.0,0.0,0.0,12
LEFT,LEFT,True,0.5,medium,1.5,independent_rollout,16,source_group_average,0.5997446187500307,0.0029595144629298237,0.5978642329710685,0.6016250045289929,-3.234187523023143e-05,0.010566636451045717,-0.006746062373267689,0.006681378622807227,0.0,0.0,0.0,0.0,1.0,0.0,1.0,1.0,0.0,0.0,0.0,0.0,12
LEFT,LEFT,True,0.5,medium,1.5,pure_duplication,1,exact_deduplication,0.60183168747219,0.014380016506926697,0.5926950608803745,0.6109683140640054,0.0,0.0,0.0,0.0,0.0,0.0,0.0,0.0,1.0,0.0,1.0,1.0,0.0,0.0,0.0,0.0,12
LEFT,LEFT,True,0.5,medium,1.5,pure_duplication,1,explicit_belief_mixing,0.5498884803126305,0.005758388707992858,0.5462297746797048,0.5535471859455562,0.0,0.0,0.0,0.0,0.0,0.0,0.0,0.0,1.0,0.0,1.0,1.0,0.0,0.0,0.0,0.0,12
LEFT,LEFT,True,0.5,medium,1.5,pure_duplication,1,ordinary_flat_aggregation,0.69179509717608,0.02052223473690794,0.6787558913079648,0.7048343030441953,0.0,0.0,0.0,0.0,0.0,0.0,0.0,0.0,1.0,0.0,1.0,1.0,0.0,0.0,0.0,0.0,12
LEFT,LEFT,True,0.5,medium,1.5,pure_duplication,1,provenance_preserving,0.69179509717608,0.02052223473690794,0.6787558913079648,0.7048343030441953,0.0,0.0,0.0,0.0,0.0,0.0,0.0,0.0,1.0,0.0,1.0,1.0,0.0,0.0,0.0,0.0,12
LEFT,LEFT,True,0.5,medium,1.5,pure_duplication,1,semantic_group_deduplication,0.60183168747219,0.014380016506926697,0.5926950608803745,0.6109683140640054,0.0,0.0,0.0,0.0,0.0,0.0,0.0,0.0,1.0,0.0,1.0,1.0,0.0,0.0,0.0,0.0,12
LEFT,LEFT,True,0.5,medium,1.5,pure_duplication,1,single_trajectory_score_average,0.5997769606252609,0.011516777415985738,0.5924595493594095,0.6070943718911123,0.0,0.0,0.0,0.0,0.0,0.0,0.0,0.0,1.0,0.0,1.0,1.0,0.0,0.0,0.0,0.0,12
LEFT,LEFT,True,0.5,medium,1.5,pure_duplication,1,source_group_average,0.5997769606252609,0.011516777415985738,0.5924595493594095,0.6070943718911123,0.0,0.0,0.0,0.0,0.0,0.0,0.0,0.0,1.0,0.0,1.0,1.0,0.0,0.0,0.0,0.0,12
LEFT,LEFT,True,0.5,medium,1.5,pure_duplication,2,exact_deduplication,0.5990329252915884,0.014995775550043371,0.5895050640690769,0.6085607865140998,-0.0027987621806014698,0.018642444884376757,-0.014643606557866612,0.009046082196663674,0.0,0.0,0.0,0.0,1.0,0.0,1.0,1.0,0.0,0.0,0.0,0.0,12
LEFT,LEFT,True,0.5,medium,1.5,pure_duplication,2,explicit_belief_mixing,0.5498884803126305,0.005758388707992858,0.5462297746797048,0.5535471859455562,0.0,0.0,0.0,0.0,0.0,0.0,0.0,0.0,1.0,0.0,1.0,1.0,0.0,0.0,0.0,0.0,12
LEFT,LEFT,True,0.5,medium,1.5,pure_duplication,2,ordinary_flat_aggregation,0.833274174727887,0.027149628751520462,0.8160241235968905,0.8505242258588835,0.14147907755180691,0.006696362285881036,0.137224411939974,0.14573374316363982,0.0,0.0,0.0,0.0,1.0,0.0,1.0,1.0,0.0,0.0,0.0,0.0,12
LEFT,LEFT,True,0.5,medium,1.5,pure_duplication,2,provenance_preserving,0.69179509717608,0.02052223473690794,0.6787558913079648,0.7048343030441953,0.0,0.0,0.0,0.0,0.0,0.0,0.0,0.0,1.0,0.0,1.0,1.0,0.0,0.0,0.0,0.0,12
LEFT,LEFT,True,0.5,medium,1.5,pure_duplication,2,semantic_group_deduplication,0.5990329252915884,0.014995775550043371,0.5895050640690769,0.6085607865140998,-0.0027987621806014698,0.018642444884376757,-0.014643606557866612,0.009046082196663674,0.0,0.0,0.0,0.0,1.0,0.0,1.0,1.0,0.0,0.0,0.0,0.0,12
LEFT,LEFT,True,0.5,medium,1.5,pure_duplication,2,single_trajectory_score_average,0.5997769606252609,0.011516777415985738,0.5924595493594095,0.6070943718911123,0.0,0.0,0.0,0.0,0.0,0.0,0.0,0.0,1.0,0.0,1.0,1.0,0.0,0.0,0.0,0.0,12
LEFT,LEFT,True,0.5,medium,1.5,pure_duplication,2,source_group_average,0.5997769606252609,0.011516777415985738,0.5924595493594095,0.6070943718911123,0.0,0.0,0.0,0.0,0.0,0.0,0.0,0.0,1.0,0.0,1.0,1.0,0.0,0.0,0.0,0.0,12
LEFT,LEFT,True,0.5,medium,1.5,pure_duplication,4,exact_deduplication,0.5970948378097671,0.02298403821836274,0.5824914766333705,0.6116981989861637,-0.004736849662422836,0.023093111424717618,-0.01940951264783729,0.009935813322991618,0.0,0.0,0.0,0.0,1.0,0.0,1.0,1.0,0.0,0.0,0.0,0.0,12
LEFT,LEFT,True,0.5,medium,1.5,pure_duplication,4,explicit_belief_mixing,0.5498884803126305,0.005758388707992858,0.5462297746797048,0.5535471859455562,0.0,0.0,0.0,0.0,0.0,0.0,0.0,0.0,1.0,0.0,1.0,1.0,0.0,0.0,0.0,0.0,12
LEFT,LEFT,True,0.5,medium,1.5,pure_duplication,4,ordinary_flat_aggregation,0.9599529872319992,0.015574049832403918,0.950057708059513,0.9698482664044854,0.26815789005591917,0.005547601225630824,0.264633112399755,0.2716826677120833,0.0,0.0,0.0,0.0,1.0,0.0,1.0,1.0,0.0,0.0,0.0,0.0,12
LEFT,LEFT,True,0.5,medium,1.5,pure_duplication,4,provenance_preserving,0.69179509717608,0.02052223473690794,0.6787558913079648,0.7048343030441953,0.0,0.0,0.0,0.0,0.0,0.0,0.0,0.0,1.0,0.0,1.0,1.0,0.0,0.0,0.0,0.0,12
LEFT,LEFT,True,0.5,medium,1.5,pure_duplication,4,semantic_group_deduplication,0.5970948378097671,0.02298403821836274,0.5824914766333705,0.6116981989861637,-0.004736849662422836,0.023093111424717618,-0.01940951264783729,0.009935813322991618,0.0,0.0,0.0,0.0,1.0,0.0,1.0,1.0,0.0,0.0,0.0,0.0,12
LEFT,LEFT,True,0.5,medium,1.5,pure_duplication,4,single_trajectory_score_average,0.5997769606252609,0.011516777415985738,0.5924595493594095,0.6070943718911123,0.0,0.0,0.0,0.0,0.0,0.0,0.0,0.0,1.0,0.0,1.0,1.0,0.0,0.0,0.0,0.0,12
LEFT,LEFT,True,0.5,medium,1.5,pure_duplication,4,source_group_average,0.5997769606252609,0.011516777415985738,0.5924595493594095,0.6070943718911123,0.0,0.0,0.0,0.0,0.0,0.0,0.0,0.0,1.0,0.0,1.0,1.0,0.0,0.0,0.0,0.0,12
LEFT,LEFT,True,0.5,medium,1.5,pure_duplication,8,exact_deduplication,0.5990978186272072,0.02214357109638003,0.5850284647833165,0.613167172471098,-0.0027338688449826585,0.028479744309170114,-0.020829035081956635,0.015361297391991319,0.0,0.0,0.0,0.0,1.0,0.0,1.0,1.0,0.0,0.0,0.0,0.0,12
LEFT,LEFT,True,0.5,medium,1.5,pure_duplication,8,explicit_belief_mixing,0.5498884803126305,0.005758388707992858,0.5462297746797048,0.5535471859455562,0.0,0.0,0.0,0.0,0.0,0.0,0.0,0.0,1.0,0.0,1.0,1.0,0.0,0.0,0.0,0.0,12
LEFT,LEFT,True,0.5,medium,1.5,pure_duplication,8,ordinary_flat_aggregation,0.9979757905563238,0.0017045494658433473,0.9968927714951713,0.9990588096174763,0.3061806933802438,0.01890633909624925,0.29416817862009287,0.3181932081403947,0.0,0.0,0.0,0.0,1.0,0.0,1.0,1.0,0.0,0.0,0.0,0.0,12
LEFT,LEFT,True,0.5,medium,1.5,pure_duplication,8,provenance_preserving,0.69179509717608,0.02052223473690794,0.6787558913079648,0.7048343030441953,0.0,0.0,0.0,0.0,0.0,0.0,0.0,0.0,1.0,0.0,1.0,1.0,0.0,0.0,0.0,0.0,12
LEFT,LEFT,True,0.5,medium,1.5,pure_duplication,8,semantic_group_deduplication,0.5990978186272072,0.02214357109638003,0.5850284647833165,0.613167172471098,-0.0027338688449826585,0.028479744309170114,-0.020829035081956635,0.015361297391991319,0.0,0.0,0.0,0.0,1.0,0.0,1.0,1.0,0.0,0.0,0.0,0.0,12
LEFT,LEFT,True,0.5,medium,1.5,pure_duplication,8,single_trajectory_score_average,0.5997769606252609,0.011516777415985738,0.5924595493594095,0.6070943718911123,0.0,0.0,0.0,0.0,0.0,0.0,0.0,0.0,1.0,0.0,1.0,1.0,0.0,0.0,0.0,0.0,12
LEFT,LEFT,True,0.5,medium,1.5,pure_duplication,8,source_group_average,0.5997769606252609,0.011516777415985738,0.5924595493594095,0.6070943718911123,0.0,0.0,0.0,0.0,0.0,0.0,0.0,0.0,1.0,0.0,1.0,1.0,0.0,0.0,0.0,0.0,12
LEFT,LEFT,True,0.5,medium,1.5,pure_duplication,16,exact_deduplication,0.6046751682595598,0.014548562663742017,0.5954314525487878,0.6139188839703318,0.0028434807873698362,0.01140558975808229,-0.004403285211044454,0.010090246785784128,0.0,0.0,0.0,0.0,1.0,0.0,1.0,1.0,0.0,0.0,0.0,0.0,12
LEFT,LEFT,True,0.5,medium,1.5,pure_duplication,16,explicit_belief_mixing,0.5498884803126305,0.005758388707992858,0.5462297746797048,0.5535471859455562,0.0,0.0,0.0,0.0,0.0,0.0,0.0,0.0,1.0,0.0,1.0,1.0,0.0,0.0,0.0,0.0,12
LEFT,LEFT,True,0.5,medium,1.5,pure_duplication,16,ordinary_flat_aggregation,0.9999931781183281,1.1173412403390764e-05,0.999986078870783,1.0000002773658732,0.30819808094224826,0.020512729528812917,0.2951649143952284,0.3212312474892681,0.0,0.0,0.0,0.0,1.0,0.0,1.0,1.0,0.0,0.0,0.0,0.0,12
LEFT,LEFT,True,0.5,medium,1.5,pure_duplication,16,provenance_preserving,0.69179509717608,0.02052223473690794,0.6787558913079648,0.7048343030441953,0.0,0.0,0.0,0.0,0.0,0.0,0.0,0.0,1.0,0.0,1.0,1.0,0.0,0.0,0.0,0.0,12
LEFT,LEFT,True,0.5,medium,1.5,pure_duplication,16,semantic_group_deduplication,0.6046751682595598,0.014548562663742017,0.5954314525487878,0.6139188839703318,0.0028434807873698362,0.01140558975808229,-0.004403285211044454,0.010090246785784128,0.0,0.0,0.0,0.0,1.0,0.0,1.0,1.0,0.0,0.0,0.0,0.0,12
LEFT,LEFT,True,0.5,medium,1.5,pure_duplication,16,single_trajectory_score_average,0.5997769606252609,0.011516777415985738,0.5924595493594095,0.6070943718911123,0.0,0.0,0.0,0.0,0.0,0.0,0.0,0.0,1.0,0.0,1.0,1.0,0.0,0.0,0.0,0.0,12
LEFT,LEFT,True,0.5,medium,1.5,pure_duplication,16,source_group_average,0.5997769606252609,0.011516777415985738,0.5924595493594095,0.6070943718911123,0.0,0.0,0.0,0.0,0.0,0.0,0.0,0.0,1.0,0.0,1.0,1.0,0.0,0.0,0.0,0.0,12
LEFT,LEFT,True,0.5,strong,2.0,independent_rollout,1,exact_deduplication,0.8002076657485694,0.01509259235263997,0.7906182900644637,0.8097970414326751,0.0,0.0,0.0,0.0,0.0,0.0,0.0,0.0,1.0,0.0,1.0,1.0,0.0,0.0,0.0,0.0,12
LEFT,LEFT,True,0.5,strong,2.0,independent_rollout,1,explicit_belief_mixing,0.5834209317848588,0.0051833901413099875,0.5801275628114619,0.5867143007582556,0.0,0.0,0.0,0.0,0.0,0.0,0.0,0.0,1.0,0.0,1.0,1.0,0.0,0.0,0.0,0.0,12
LEFT,LEFT,True,0.5,strong,2.0,independent_rollout,1,ordinary_flat_aggregation,0.8002076657485694,0.01509259235263997,0.7906182900644637,0.8097970414326751,0.0,0.0,0.0,0.0,0.0,0.0,0.0,0.0,1.0,0.0,1.0,1.0,0.0,0.0,0.0,0.0,12
LEFT,LEFT,True,0.5,strong,2.0,independent_rollout,1,provenance_preserving,0.8002076657485694,0.01509259235263997,0.7906182900644637,0.8097970414326751,0.0,0.0,0.0,0.0,0.0,0.0,0.0,0.0,1.0,0.0,1.0,1.0,0.0,0.0,0.0,0.0,12
LEFT,LEFT,True,0.5,strong,2.0,independent_rollout,1,semantic_group_deduplication,0.8002076657485694,0.01509259235263997,0.7906182900644637,0.8097970414326751,0.0,0.0,0.0,0.0,0.0,0.0,0.0,0.0,1.0,0.0,1.0,1.0,0.0,0.0,0.0,0.0,12
LEFT,LEFT,True,0.5,strong,2.0,independent_rollout,1,single_trajectory_score_average,0.6668418635697176,0.010366780282620001,0.6602551256229239,0.6734286015165114,0.0,0.0,0.0,0.0,0.0,0.0,0.0,0.0,1.0,0.0,1.0,1.0,0.0,0.0,0.0,0.0,12
LEFT,LEFT,True,0.5,strong,2.0,independent_rollout,1,source_group_average,0.6668418635697176,0.010366780282620001,0.6602551256229239,0.6734286015165114,0.0,0.0,0.0,0.0,0.0,0.0,0.0,0.0,1.0,0.0,1.0,1.0,0.0,0.0,0.0,0.0,12
LEFT,LEFT,True,0.5,strong,2.0,independent_rollout,2,exact_deduplication,0.9406558412712416,0.00583505007959901,0.9369484273266081,0.944363255215875,0.1404481755226721,0.010285375828704773,0.13391315949830984,0.14698319154703438,0.0,0.0,0.0,0.0,1.0,0.0,1.0,1.0,0.0,0.0,0.0,0.0,12
LEFT,LEFT,True,0.5,strong,2.0,independent_rollout,2,explicit_belief_mixing,0.5831184594069375,0.002877860575284746,0.5812899540330376,0.5849469647808374,-0.0003024723779212479,0.002976550046923426,-0.002193682050558986,0.0015887372947164901,0.0,0.0,0.0,0.0,1.0,0.0,1.0,1.0,0.0,0.0,0.0,0.0,12
LEFT,LEFT,True,0.5,strong,2.0,independent_rollout,2,ordinary_flat_aggregation,0.9406558412712416,0.00583505007959901,0.9369484273266081,0.944363255215875,0.1404481755226721,0.010285375828704773,0.13391315949830984,0.14698319154703438,0.0,0.0,0.0,0.0,1.0,0.0,1.0,1.0,0.0,0.0,0.0,0.0,12
LEFT,LEFT,True,0.5,strong,2.0,independent_rollout,2,provenance_preserving,0.9406558412712416,0.00583505007959901,0.9369484273266081,0.944363255215875,0.1404481755226721,0.010285375828704773,0.13391315949830984,0.14698319154703438,0.0,0.0,0.0,0.0,1.0,0.0,1.0,1.0,0.0,0.0,0.0,0.0,12
LEFT,LEFT,True,0.5,strong,2.0,independent_rollout,2,semantic_group_deduplication,0.8004079159152037,0.011844188828284868,0.7928824773626912,0.8079333544677161,0.00020025016663435813,0.012525742730021659,-0.007758227075323537,0.008158727408592253,0.0,0.0,0.0,0.0,1.0,0.0,1.0,1.0,0.0,0.0,0.0,0.0,12
LEFT,LEFT,True,0.5,strong,2.0,independent_rollout,2,single_trajectory_score_average,0.6662369188138749,0.0057557211505695,0.6625799080660753,0.6698939295616746,-0.0006049447558425051,0.005953100093846876,-0.004387364101117996,0.003177474589432986,0.0,0.0,0.0,0.0,1.0,0.0,1.0,1.0,0.0,0.0,0.0,0.0,12
LEFT,LEFT,True,0.5,strong,2.0,independent_rollout,2,source_group_average,0.6662369188138749,0.0057557211505695,0.6625799080660753,0.6698939295616746,-0.0006049447558425051,0.005953100093846876,-0.004387364101117996,0.003177474589432986,0.0,0.0,0.0,0.0,1.0,0.0,1.0,1.0,0.0,0.0,0.0,0.0,12
LEFT,LEFT,True,0.5,strong,2.0,independent_rollout,4,exact_deduplication,0.9963253810402085,0.0007291310783950461,0.9958621132549056,0.9967886488255114,0.19611771529163932,0.014626912182369138,0.18682421867171473,0.20541121191156392,0.0,0.0,0.0,0.0,1.0,0.0,1.0,1.0,0.0,0.0,0.0,0.0,12
LEFT,LEFT,True,0.5,strong,2.0,independent_rollout,4,explicit_belief_mixing,0.5842793169970835,0.0025784846909142384,0.5826410259852305,0.5859176080089364,0.0008583852122247456,0.0038909225325621513,-0.0016137890207170089,0.0033305594451665003,0.0,0.0,0.0,0.0,1.0,0.0,1.0,1.0,0.0,0.0,0.0,0.0,12
LEFT,LEFT,True,0.5,strong,2.0,independent_rollout,4,ordinary_flat_aggregation,0.9963253810402085,0.0007291310783950461,0.9958621132549056,0.9967886488255114,0.19611771529163932,0.014626912182369138,0.18682421867171473,0.20541121191156392,0.0,0.0,0.0,0.0,1.0,0.0,1.0,1.0,0.0,0.0,0.0,0.0,12
LEFT,LEFT,True,0.5,strong,2.0,independent_rollout,4,provenance_preserving,0.9963253810402085,0.0007291310783950461,0.9958621132549056,0.9967886488255114,0.19611771529163932,0.014626912182369138,0.18682421867171473,0.20541121191156392,0.0,0.0,0.0,0.0,1.0,0.0,1.0,1.0,0.0,0.0,0.0,0.0,12
LEFT,LEFT,True,0.5,strong,2.0,independent_rollout,4,semantic_group_deduplication,0.7979974083846803,0.014454351611175814,0.7888135515209204,0.8071812652484401,-0.0022102573638890233,0.019719848682914615,-0.014739651455760007,0.01031913672798196,0.0,0.0,0.0,0.0,1.0,0.0,1.0,1.0,0.0,0.0,0.0,0.0,12
LEFT,LEFT,True,0.5,strong,2.0,independent_rollout,4,single_trajectory_score_average,0.668558633994167,0.005156969381828497,0.665282051970461,0.6718352160178731,0.001716770424449482,0.007781845065124287,-0.003227578041434017,0.006661118890332981,0.0,0.0,0.0,0.0,1.0,0.0,1.0,1.0,0.0,0.0,0.0,0.0,12
LEFT,LEFT,True,0.5,strong,2.0,independent_rollout,4,source_group_average,0.668558633994167,0.005156969381828497,0.665282051970461,0.6718352160178731,0.001716770424449482,0.007781845065124287,-0.003227578041434017,0.006661118890332981,0.0,0.0,0.0,0.0,1.0,0.0,1.0,1.0,0.0,0.0,0.0,0.0,12
LEFT,LEFT,True,0.5,strong,2.0,independent_rollout,8,exact_deduplication,0.9999847503207318,3.5439599766274637e-06,0.9999824985959895,0.999987002045474,0.19977708457216237,0.015091999210654282,0.19018808575249468,0.20936608339183005,0.0,0.0,0.0,0.0,1.0,0.0,1.0,1.0,0.0,0.0,0.0,0.0,12
LEFT,LEFT,True,0.5,strong,2.0,independent_rollout,8,explicit_belief_mixing,0.5834233822019449,0.0016271394356250672,0.5823895471274885,0.5844572172764013,2.4504170860380667e-06,0.005122823311684498,-0.0032524362287090535,0.00325733706288113,0.0,0.0,0.0,0.0,1.0,0.0,1.0,1.0,0.0,0.0,0.0,0.0,12
LEFT,LEFT,True,0.5,strong,2.0,independent_rollout,8,ordinary_flat_aggregation,0.9999847503207318,3.5439599766274637e-06,0.9999824985959895,0.999987002045474,0.19977708457216237,0.015091999210654282,0.19018808575249468,0.20936608339183005,0.0,0.0,0.0,0.0,1.0,0.0,1.0,1.0,0.0,0.0,0.0,0.0,12
LEFT,LEFT,True,0.5,strong,2.0,independent_rollout,8,provenance_preserving,0.9999847503207318,3.5439599766274637e-06,0.9999824985959895,0.999987002045474,0.19977708457216237,0.015091999210654282,0.19018808575249468,0.20936608339183005,0.0,0.0,0.0,0.0,1.0,0.0,1.0,1.0,0.0,0.0,0.0,0.0,12
LEFT,LEFT,True,0.5,strong,2.0,independent_rollout,8,semantic_group_deduplication,0.8036925929885705,0.010908871613457664,0.7967614266423979,0.8106237593347432,0.00348492724000111,0.017151364185609214,-0.0074125296599033465,0.014382384139905566,0.0,0.0,0.0,0.0,1.0,0.0,1.0,1.0,0.0,0.0,0.0,0.0,12
LEFT,LEFT,True,0.5,strong,2.0,independent_rollout,8,single_trajectory_score_average,0.6668467644038897,0.0032542788712501217,0.6647790942549768,0.6689144345528025,4.900834172085385e-06,0.010245646623369043,-0.006504872457418127,0.006514674125762297,0.0,0.0,0.0,0.0,1.0,0.0,1.0,1.0,0.0,0.0,0.0,0.0,12
LEFT,LEFT,True,0.5,strong,2.0,independent_rollout,8,source_group_average,0.6668467644038897,0.0032542788712501217,0.6647790942549768,0.6689144345528025,4.900834172085385e-06,0.010245646623369043,-0.006504872457418127,0.006514674125762297,0.0,0.0,0.0,0.0,1.0,0.0,1.0,1.0,0.0,0.0,0.0,0.0,12
LEFT,LEFT,True,0.5,strong,2.0,independent_rollout,16,exact_deduplication,0.9999999997836726,4.8855833686114354e-11,0.9999999997526311,0.9999999998147141,0.1997923340351032,0.015092592369596652,0.19020295834022377,0.2093817097299826,0.0,0.0,0.0,0.0,1.0,0.0,1.0,1.0,0.0,0.0,0.0,0.0,12
LEFT,LEFT,True,0.5,strong,2.0,independent_rollout,16,explicit_belief_mixing,0.583590276175952,0.0008305419698893278,0.5830625749842285,0.5841179773676756,0.00016934439109329383,0.005576633535535385,-0.0033738795147373836,0.003712568296923971,0.0,0.0,0.0,0.0,1.0,0.0,1.0,1.0,0.0,0.0,0.0,0.0,12
LEFT,LEFT,True,0.5,strong,2.0,independent_rollout,16,ordinary_flat_aggregation,0.9999999997836726,4.8855833686114354e-11,0.9999999997526311,0.9999999998147141,0.1997923340351032,0.015092592369596652,0.19020295834022377,0.2093817097299826,0.0,0.0,0.0,0.0,1.0,0.0,1.0,1.0,0.0,0.0,0.0,0.0,12
LEFT,LEFT,True,0.5,strong,2.0,independent_rollout,16,provenance_preserving,0.9999999997836726,4.8855833686114354e-11,0.9999999997526311,0.9999999998147141,0.1997923340351032,0.015092592369596652,0.19020295834022377,0.2093817097299826,0.0,0.0,0.0,0.0,1.0,0.0,1.0,1.0,0.0,0.0,0.0,0.0,12
LEFT,LEFT,True,0.5,strong,2.0,independent_rollout,16,semantic_group_deduplication,0.80150409845475,0.012416994143896633,0.793614716767956,0.809393480141544,0.00129643270618048,0.022457017004900055,-0.012972075166601725,0.015564940578962686,0.0,0.0,0.0,0.0,1.0,0.0,1.0,1.0,0.0,0.0,0.0,0.0,12
LEFT,LEFT,True,0.5,strong,2.0,independent_rollout,16,single_trajectory_score_average,0.6671805523519042,0.0016610839397786432,0.6661251499684571,0.6682359547353514,0.0003386887821865599,0.01115326707107077,-0.006747759029474795,0.007425136593847914,0.0,0.0,0.0,0.0,1.0,0.0,1.0,1.0,0.0,0.0,0.0,0.0,12
LEFT,LEFT,True,0.5,strong,2.0,independent_rollout,16,source_group_average,0.6671805523519042,0.0016610839397786432,0.6661251499684571,0.6682359547353514,0.0003386887821865599,0.01115326707107077,-0.006747759029474795,0.007425136593847914,0.0,0.0,0.0,0.0,1.0,0.0,1.0,1.0,0.0,0.0,0.0,0.0,12
LEFT,LEFT,True,0.5,strong,2.0,pure_duplication,1,exact_deduplication,0.6650214757804456,0.017341123674818857,0.6540034514532139,0.6760395001076772,0.0,0.0,0.0,0.0,0.0,0.0,0.0,0.0,1.0,0.0,1.0,1.0,0.0,0.0,0.0,0.0,12
LEFT,LEFT,True,0.5,strong,2.0,pure_duplication,1,explicit_belief_mixing,0.5834209317848588,0.0051833901413099875,0.5801275628114619,0.5867143007582556,0.0,0.0,0.0,0.0,0.0,0.0,0.0,0.0,1.0,0.0,1.0,1.0,0.0,0.0,0.0,0.0,12
LEFT,LEFT,True,0.5,strong,2.0,pure_duplication,1,ordinary_flat_aggregation,0.8002076657485694,0.01509259235263997,0.7906182900644637,0.8097970414326751,0.0,0.0,0.0,0.0,0.0,0.0,0.0,0.0,1.0,0.0,1.0,1.0,0.0,0.0,0.0,0.0,12
LEFT,LEFT,True,0.5,strong,2.0,pure_duplication,1,provenance_preserving,0.8002076657485694,0.01509259235263997,0.7906182900644637,0.8097970414326751,0.0,0.0,0.0,0.0,0.0,0.0,0.0,0.0,1.0,0.0,1.0,1.0,0.0,0.0,0.0,0.0,12
LEFT,LEFT,True,0.5,strong,2.0,pure_duplication,1,semantic_group_deduplication,0.6650214757804456,0.017341123674818857,0.6540034514532139,0.6760395001076772,0.0,0.0,0.0,0.0,0.0,0.0,0.0,0.0,1.0,0.0,1.0,1.0,0.0,0.0,0.0,0.0,12
LEFT,LEFT,True,0.5,strong,2.0,pure_duplication,1,single_trajectory_score_average,0.6668418635697176,0.010366780282620001,0.6602551256229239,0.6734286015165114,0.0,0.0,0.0,0.0,0.0,0.0,0.0,0.0,1.0,0.0,1.0,1.0,0.0,0.0,0.0,0.0,12
LEFT,LEFT,True,0.5,strong,2.0,pure_duplication,1,source_group_average,0.6668418635697176,0.010366780282620001,0.6602551256229239,0.6734286015165114,0.0,0.0,0.0,0.0,0.0,0.0,0.0,0.0,1.0,0.0,1.0,1.0,0.0,0.0,0.0,0.0,12
LEFT,LEFT,True,0.5,strong,2.0,pure_duplication,2,exact_deduplication,0.676008870523162,0.015694227497242363,0.6660372341053432,0.6859805069409809,0.010987394742716603,0.02189131428214825,-0.002921682767988697,0.024896472253421904,0.0,0.0,0.0,0.0,1.0,0.0,1.0,1.0,0.0,0.0,0.0,0.0,12
LEFT,LEFT,True,0.5,strong,2.0,pure_duplication,2,explicit_belief_mixing,0.5834209317848588,0.0051833901413099875,0.5801275628114619,0.5867143007582556,0.0,0.0,0.0,0.0,0.0,0.0,0.0,0.0,1.0,0.0,1.0,1.0,0.0,0.0,0.0,0.0,12
LEFT,LEFT,True,0.5,strong,2.0,pure_duplication,2,ordinary_flat_aggregation,0.9407888667208303,0.010934491345646216,0.9338414223734275,0.9477363110682331,0.140581200972261,0.004240216540212047,0.1378870959148923,0.14327530602962973,0.0,0.0,0.0,0.0,1.0,0.0,1.0,1.0,0.0,0.0,0.0,0.0,12
LEFT,LEFT,True,0.5,strong,2.0,pure_duplication,2,provenance_preserving,0.8002076657485694,0.01509259235263997,0.7906182900644637,0.8097970414326751,0.0,0.0,0.0,0.0,0.0,0.0,0.0,0.0,1.0,0.0,1.0,1.0,0.0,0.0,0.0,0.0,12
LEFT,LEFT,True,0.5,strong,2.0,pure_duplication,2,semantic_group_deduplication,0.676008870523162,0.015694227497242363,0.6660372341053432,0.6859805069409809,0.010987394742716603,0.02189131428214825,-0.002921682767988697,0.024896472253421904,0.0,0.0,0.0,0.0,1.0,0.0,1.0,1.0,0.0,0.0,0.0,0.0,12
LEFT,LEFT,True,0.5,strong,2.0,pure_duplication,2,single_trajectory_score_average,0.6668418635697176,0.010366780282620006,0.6602551256229239,0.6734286015165114,-9.25185853854297e-18,3.204937810639273e-17,-2.961506188514317e-17,1.1111344808057227e-17,0.0,0.0,0.0,0.0,1.0,0.0,1.0,1.0,0.0,0.0,0.0,0.0,12
LEFT,LEFT,True,0.5,strong,2.0,pure_duplication,2,source_group_average,0.6668418635697176,0.010366780282620001,0.6602551256229239,0.6734286015165114,0.0,0.0,0.0,0.0,0.0,0.0,0.0,0.0,1.0,0.0,1.0,1.0,0.0,0.0,0.0,0.0,12
LEFT,LEFT,True,0.5,strong,2.0,pure_duplication,4,exact_deduplication,0.6621974045151129,0.016238762025106816,0.6518797873645841,0.6725150216656417,-0.0028240712653327484,0.006993383101302407,-0.007267454899790637,0.001619312369125141,0.0,0.0,0.0,0.0,1.0,0.0,1.0,1.0,0.0,0.0,0.0,0.0,12
LEFT,LEFT,True,0.5,strong,2.0,pure_duplication,4,explicit_belief_mixing,0.5834209317848588,0.0051833901413099875,0.5801275628114619,0.5867143007582556,0.0,0.0,0.0,0.0,0.0,0.0,0.0,0.0,1.0,0.0,1.0,1.0,0.0,0.0,0.0,0.0,12
LEFT,LEFT,True,0.5,strong,2.0,pure_duplication,4,ordinary_flat_aggregation,0.99589828997623,0.0017405569695338192,0.9947923928387161,0.9970041871137438,0.1956906242276605,0.013386396629516687,0.18718531358668056,0.20419593486864046,0.0,0.0,0.0,0.0,1.0,0.0,1.0,1.0,0.0,0.0,0.0,0.0,12
LEFT,LEFT,True,0.5,strong,2.0,pure_duplication,4,provenance_preserving,0.8002076657485694,0.01509259235263997,0.7906182900644637,0.8097970414326751,0.0,0.0,0.0,0.0,0.0,0.0,0.0,0.0,1.0,0.0,1.0,1.0,0.0,0.0,0.0,0.0,12
LEFT,LEFT,True,0.5,strong,2.0,pure_duplication,4,semantic_group_deduplication,0.6621974045151129,0.016238762025106816,0.6518797873645841,0.6725150216656417,-0.0028240712653327484,0.006993383101302407,-0.007267454899790637,0.001619312369125141,0.0,0.0,0.0,0.0,1.0,0.0,1.0,1.0,0.0,0.0,0.0,0.0,12
LEFT,LEFT,True,0.5,strong,2.0,pure_duplication,4,single_trajectory_score_average,0.6668418635697176,0.010366780282620001,0.6602551256229239,0.6734286015165114,0.0,0.0,0.0,0.0,0.0,0.0,0.0,0.0,1.0,0.0,1.0,1.0,0.0,0.0,0.0,0.0,12
LEFT,LEFT,True,0.5,strong,2.0,pure_duplication,4,source_group_average,0.6668418635697176,0.010366780282620001,0.6602551256229239,0.6734286015165114,0.0,0.0,0.0,0.0,0.0,0.0,0.0,0.0,1.0,0.0,1.0,1.0,0.0,0.0,0.0,0.0,12
LEFT,LEFT,True,0.5,strong,2.0,pure_duplication,8,exact_deduplication,0.6677722107791716,0.02218607843318262,0.6536758490619873,0.6818685724963559,0.002750734998725977,0.025258842109310526,-0.013297967614600647,0.018799437612052602,0.0,0.0,0.0,0.0,1.0,0.0,1.0,1.0,0.0,0.0,0.0,0.0,12
LEFT,LEFT,True,0.5,strong,2.0,pure_duplication,8,explicit_belief_mixing,0.5834209317848588,0.0051833901413099875,0.5801275628114619,0.5867143007582556,0.0,0.0,0.0,0.0,0.0,0.0,0.0,0.0,1.0,0.0,1.0,1.0,0.0,0.0,0.0,0.0,12
LEFT,LEFT,True,0.5,strong,2.0,pure_duplication,8,ordinary_flat_aggregation,0.9999801766688133,1.9519845197704346e-05,0.9999677743508734,0.9999925789867533,0.19977251092024406,0.015074497291791597,0.19019463228929187,0.20935038955119625,0.0,0.0,0.0,0.0,1.0,0.0,1.0,1.0,0.0,0.0,0.0,0.0,12
LEFT,LEFT,True,0.5,strong,2.0,pure_duplication,8,provenance_preserving,0.8002076657485694,0.01509259235263997,0.7906182900644637,0.8097970414326751,0.0,0.0,0.0,0.0,0.0,0.0,0.0,0.0,1.0,0.0,1.0,1.0,0.0,0.0,0.0,0.0,12
LEFT,LEFT,True,0.5,strong,2.0,pure_duplication,8,semantic_group_deduplication,0.6677722107791716,0.02218607843318262,0.6536758490619873,0.6818685724963559,0.002750734998725977,0.025258842109310526,-0.013297967614600647,0.018799437612052602,0.0,0.0,0.0,0.0,1.0,0.0,1.0,1.0,0.0,0.0,0.0,0.0,12
LEFT,LEFT,True,0.5,strong,2.0,pure_duplication,8,single_trajectory_score_average,0.6668418635697176,0.010366780282620001,0.6602551256229239,0.6734286015165114,0.0,0.0,0.0,0.0,0.0,0.0,0.0,0.0,1.0,0.0,1.0,1.0,0.0,0.0,0.0,0.0,12
LEFT,LEFT,True,0.5,strong,2.0,pure_duplication,8,source_group_average,0.6668418635697176,0.010366780282620001,0.6602551256229239,0.6734286015165114,0.0,0.0,0.0,0.0,0.0,0.0,0.0,0.0,1.0,0.0,1.0,1.0,0.0,0.0,0.0,0.0,12
LEFT,LEFT,True,0.5,strong,2.0,pure_duplication,16,exact_deduplication,0.660854783244231,0.021539137433497408,0.647169468227738,0.6745400982607239,-0.004166692536214545,0.023120324463588776,-0.018856645861627885,0.010523260789198796,0.0,0.0,0.0,0.0,1.0,0.0,1.0,1.0,0.0,0.0,0.0,0.0,12
LEFT,LEFT,True,0.5,strong,2.0,pure_duplication,16,explicit_belief_mixing,0.5834209317848588,0.0051833901413099875,0.5801275628114619,0.5867143007582556,0.0,0.0,0.0,0.0,0.0,0.0,0.0,0.0,1.0,0.0,1.0,1.0,0.0,0.0,0.0,0.0,12
LEFT,LEFT,True,0.5,strong,2.0,pure_duplication,16,ordinary_flat_aggregation,0.9999999992576766,1.6492984386767658e-09,0.9999999982097624,1.0000000003055909,0.19979233350910705,0.015092591009814176,0.1902029586781922,0.2093817083400219,0.0,0.0,0.0,0.0,1.0,0.0,1.0,1.0,0.0,0.0,0.0,0.0,12
LEFT,LEFT,True,0.5,strong,2.0,pure_duplication,16,provenance_preserving,0.8002076657485694,0.01509259235263997,0.7906182900644637,0.8097970414326751,0.0,0.0,0.0,0.0,0.0,0.0,0.0,0.0,1.0,0.0,1.0,1.0,0.0,0.0,0.0,0.0,12
LEFT,LEFT,True,0.5,strong,2.0,pure_duplication,16,semantic_group_deduplication,0.660854783244231,0.021539137433497408,0.647169468227738,0.6745400982607239,-0.004166692536214545,0.023120324463588776,-0.018856645861627885,0.010523260789198796,0.0,0.0,0.0,0.0,1.0,0.0,1.0,1.0,0.0,0.0,0.0,0.0,12
LEFT,LEFT,True,0.5,strong,2.0,pure_duplication,16,single_trajectory_score_average,0.6668418635697176,0.010366780282620001,0.6602551256229239,0.6734286015165114,0.0,0.0,0.0,0.0,0.0,0.0,0.0,0.0,1.0,0.0,1.0,1.0,0.0,0.0,0.0,0.0,12
LEFT,LEFT,True,0.5,strong,2.0,pure_duplication,16,source_group_average,0.6668418635697176,0.010366780282620001,0.6602551256229239,0.6734286015165114,0.0,0.0,0.0,0.0,0.0,0.0,0.0,0.0,1.0,0.0,1.0,1.0,0.0,0.0,0.0,0.0,12
LEFT,LEFT,True,0.5,weak,1.2,independent_rollout,1,exact_deduplication,0.5981367838928562,0.025722009127447907,0.5817937989960338,0.6144797687896786,0.0,0.0,0.0,0.0,0.0,0.0,0.0,0.0,1.0,0.0,1.0,1.0,0.0,0.0,0.0,0.0,12
LEFT,LEFT,True,0.5,weak,1.2,independent_rollout,1,explicit_belief_mixing,0.5247903906099167,0.006635054679737334,0.5205746779926304,0.5290061032272031,0.0,0.0,0.0,0.0,0.0,0.0,0.0,0.0,1.0,0.0,1.0,1.0,0.0,0.0,0.0,0.0,12
LEFT,LEFT,True,0.5,weak,1.2,independent_rollout,1,ordinary_flat_aggregation,0.5981367838928562,0.025722009127447907,0.5817937989960338,0.6144797687896786,0.0,0.0,0.0,0.0,0.0,0.0,0.0,0.0,1.0,0.0,1.0,1.0,0.0,0.0,0.0,0.0,12
LEFT,LEFT,True,0.5,weak,1.2,independent_rollout,1,provenance_preserving,0.5981367838928562,0.025722009127447907,0.5817937989960338,0.6144797687896786,0.0,0.0,0.0,0.0,0.0,0.0,0.0,0.0,1.0,0.0,1.0,1.0,0.0,0.0,0.0,0.0,12
LEFT,LEFT,True,0.5,weak,1.2,independent_rollout,1,semantic_group_deduplication,0.5981367838928562,0.025722009127447907,0.5817937989960338,0.6144797687896786,0.0,0.0,0.0,0.0,0.0,0.0,0.0,0.0,1.0,0.0,1.0,1.0,0.0,0.0,0.0,0.0,12
LEFT,LEFT,True,0.5,weak,1.2,independent_rollout,1,single_trajectory_score_average,0.5495807812198333,0.013270109359474692,0.5411493559852605,0.5580122064544062,0.0,0.0,0.0,0.0,0.0,0.0,0.0,0.0,1.0,0.0,1.0,1.0,0.0,0.0,0.0,0.0,12
LEFT,LEFT,True,0.5,weak,1.2,independent_rollout,1,source_group_average,0.5495807812198333,0.013270109359474692,0.5411493559852605,0.5580122064544062,0.0,0.0,0.0,0.0,0.0,0.0,0.0,0.0,1.0,0.0,1.0,1.0,0.0,0.0,0.0,0.0,12
LEFT,LEFT,True,0.5,weak,1.2,independent_rollout,2,exact_deduplication,0.6749905160054815,0.034015696376914886,0.6533779736341472,0.6966030583768159,0.07685373211262521,0.028855824767429265,0.058519615752475954,0.09518784847277446,0.0,0.0,0.0,0.0,1.0,0.0,1.0,1.0,0.0,0.0,0.0,0.0,12
LEFT,LEFT,True,0.5,weak,1.2,independent_rollout,2,explicit_belief_mixing,0.5228409595767374,0.004712453921070658,0.5198468092023467,0.525835109951128,-0.0019494310331794236,0.005635086017812836,-0.005529793874398424,0.0016309318080395773,0.0,0.0,0.0,0.0,1.0,0.0,1.0,1.0,0.0,0.0,0.0,0.0,12
LEFT,LEFT,True,0.5,weak,1.2,independent_rollout,2,ordinary_flat_aggregation,0.6749905160054815,0.034015696376914886,0.6533779736341472,0.6966030583768159,0.07685373211262521,0.028855824767429265,0.058519615752475954,0.09518784847277446,0.0,0.0,0.0,0.0,1.0,0.0,1.0,1.0,0.0,0.0,0.0,0.0,12
LEFT,LEFT,True,0.5,weak,1.2,independent_rollout,2,provenance_preserving,0.6749905160054815,0.034015696376914886,0.6533779736341472,0.6966030583768159,0.07685373211262521,0.028855824767429265,0.058519615752475954,0.09518784847277446,0.0,0.0,0.0,0.0,1.0,0.0,1.0,1.0,0.0,0.0,0.0,0.0,12
LEFT,LEFT,True,0.5,weak,1.2,independent_rollout,2,semantic_group_deduplication,0.5790282817109098,0.023327317286167354,0.5642068114205351,0.5938497520012845,-0.01910850218194643,0.034591167408959504,-0.041086681402978845,0.002869677039085982,0.0,0.0,0.0,0.0,1.0,0.0,1.0,1.0,0.0,0.0,0.0,0.0,12
LEFT,LEFT,True,0.5,weak,1.2,independent_rollout,2,single_trajectory_score_average,0.5456819191534746,0.009424907842141313,0.5396936184046932,0.5516702199022561,-0.0038988620663588194,0.01127017203562571,-0.011059587748796845,0.0032618636160792057,0.0,0.0,0.0,0.0,1.0,0.0,1.0,1.0,0.0,0.0,0.0,0.0,12
LEFT,LEFT,True,0.5,weak,1.2,independent_rollout,2,source_group_average,0.5456819191534746,0.009424907842141313,0.5396936184046932,0.5516702199022561,-0.0038988620663588194,0.01127017203562571,-0.011059587748796845,0.0032618636160792057,0.0,0.0,0.0,0.0,1.0,0.0,1.0,1.0,0.0,0.0,0.0,0.0,12
LEFT,LEFT,True,0.5,weak,1.2,independent_rollout,4,exact_deduplication,0.8135808171538526,0.027181929004799606,0.7963102434210294,0.8308513908866757,0.2154440332609965,0.023094455458866164,0.20077051631702533,0.23011755020496769,0.0,0.0,0.0,0.0,1.0,0.0,1.0,1.0,0.0,0.0,0.0,0.0,12
LEFT,LEFT,True,0.5,weak,1.2,independent_rollout,4,explicit_belief_mixing,0.5230651134445266,0.00274401572712091,0.5213216490299554,0.5248085778590977,-0.001725277165390134,0.005416363166233275,-0.005166670136788964,0.0017161158060086956,0.0,0.0,0.0,0.0,1.0,0.0,1.0,1.0,0.0,0.0,0.0,0.0,12
LEFT,LEFT,True,0.5,weak,1.2,independent_rollout,4,ordinary_flat_aggregation,0.8135808171538526,0.027181929004799606,0.7963102434210294,0.8308513908866757,0.2154440332609965,0.023094455458866164,0.20077051631702533,0.23011755020496769,0.0,0.0,0.0,0.0,1.0,0.0,1.0,1.0,0.0,0.0,0.0,0.0,12
LEFT,LEFT,True,0.5,weak,1.2,independent_rollout,4,provenance_preserving,0.8135808171538526,0.027181929004799606,0.7963102434210294,0.8308513908866757,0.2154440332609965,0.023094455458866164,0.20077051631702533,0.23011755020496769,0.0,0.0,0.0,0.0,1.0,0.0,1.0,1.0,0.0,0.0,0.0,0.0,12
LEFT,LEFT,True,0.5,weak,1.2,independent_rollout,4,semantic_group_deduplication,0.594075467254443,0.021395509830874498,0.5804814088629207,0.6076695256459654,-0.004061316638413239,0.029760359598370173,-0.022970147011277094,0.014847513734450618,0.0,0.0,0.0,0.0,1.0,0.0,1.0,1.0,0.0,0.0,0.0,0.0,12
LEFT,LEFT,True,0.5,weak,1.2,independent_rollout,4,single_trajectory_score_average,0.5461302268890531,0.005488031454241821,0.5426432980599107,0.5496171557181955,-0.003450554330780222,0.010832726332466604,-0.010333340273577915,0.003432231612017471,0.0,0.0,0.0,0.0,1.0,0.0,1.0,1.0,0.0,0.0,0.0,0.0,12
LEFT,LEFT,True,0.5,weak,1.2,independent_rollout,4,source_group_average,0.5461302268890531,0.005488031454241821,0.5426432980599107,0.5496171557181955,-0.003450554330780222,0.010832726332466604,-0.010333340273577915,0.003432231612017471,0.0,0.0,0.0,0.0,1.0,0.0,1.0,1.0,0.0,0.0,0.0,0.0,12
LEFT,LEFT,True,0.5,weak,1.2,independent_rollout,8,exact_deduplication,0.948207382992773,0.015580308332861779,0.9383081273588076,0.9581066386267383,0.35007059909991683,0.023699555400692258,0.33501261999510384,0.3651285782047298,0.0,0.0,0.0,0.0,1.0,0.0,1.0,1.0,0.0,0.0,0.0,0.0,12
LEFT,LEFT,True,0.5,weak,1.2,independent_rollout,8,explicit_belief_mixing,0.52294699743747,0.002482057331331741,0.521369973446925,0.5245240214280149,-0.0018433931724467778,0.0061338036701666125,-0.0057406260925080685,0.002053839747614513,0.0,0.0,0.0,0.0,1.0,0.0,1.0,1.0,0.0,0.0,0.0,0.0,12
LEFT,LEFT,True,0.5,weak,1.2,independent_rollout,8,ordinary_flat_aggregation,0.948207382992773,0.015580308332861779,0.9383081273588076,0.9581066386267383,0.35007059909991683,0.023699555400692258,0.33501261999510384,0.3651285782047298,0.0,0.0,0.0,0.0,1.0,0.0,1.0,1.0,0.0,0.0,0.0,0.0,12
LEFT,LEFT,True,0.5,weak,1.2,independent_rollout,8,provenance_preserving,0.948207382992773,0.015580308332861779,0.9383081273588076,0.9581066386267383,0.35007059909991683,0.023699555400692258,0.33501261999510384,0.3651285782047298,0.0,0.0,0.0,0.0,1.0,0.0,1.0,1.0,0.0,0.0,0.0,0.0,12
LEFT,LEFT,True,0.5,weak,1.2,independent_rollout,8,semantic_group_deduplication,0.5882488734483337,0.02003560034874976,0.5755188603192669,0.6009788865774004,-0.009887910444522622,0.024784160949118176,-0.025635015037516085,0.005859194148470843,0.0,0.0,0.0,0.0,1.0,0.0,1.0,1.0,0.0,0.0,0.0,0.0,12
LEFT,LEFT,True,0.5,weak,1.2,independent_rollout,8,single_trajectory_score_average,0.5458939948749401,0.004964114662663492,0.5427399468938501,0.54904804285603,-0.003686786344893509,0.012267607340333265,-0.011481252185016116,0.004107679495229097,0.0,0.0,0.0,0.0,1.0,0.0,1.0,1.0,0.0,0.0,0.0,0.0,12
LEFT,LEFT,True,0.5,weak,1.2,independent_rollout,8,source_group_average,0.5458939948749401,0.004964114662663492,0.5427399468938501,0.54904804285603,-0.003686786344893509,0.012267607340333265,-0.011481252185016116,0.004107679495229097,0.0,0.0,0.0,0.0,1.0,0.0,1.0,1.0,0.0,0.0,0.0,0.0,12
LEFT,LEFT,True,0.5,weak,1.2,independent_rollout,16,exact_deduplication,0.9969207349803274,0.001395820126671379,0.9960338731828744,0.9978075967777804,0.39878395108747106,0.025337142976388106,0.3826854984767116,0.4148824036982305,0.0,0.0,0.0,0.0,1.0,0.0,1.0,1.0,0.0,0.0,0.0,0.0,12
LEFT,LEFT,True,0.5,weak,1.2,independent_rollout,16,explicit_belief_mixing,0.5228976851120388,0.0019080680401484381,0.5216853565179641,0.5241100137061135,-0.0018927054978779094,0.0063986681091378434,-0.005958225253713357,0.0021728142579575376,0.0,0.0,0.0,0.0,1.0,0.0,1.0,1.0,0.0,0.0,0.0,0.0,12
LEFT,LEFT,True,0.5,weak,1.2,independent_rollout,16,ordinary_flat_aggregation,0.9969207349803274,0.001395820126671379,0.9960338731828744,0.9978075967777804,0.39878395108747106,0.025337142976388106,0.3826854984767116,0.4148824036982305,0.0,0.0,0.0,0.0,1.0,0.0,1.0,1.0,0.0,0.0,0.0,0.0,12
LEFT,LEFT,True,0.5,weak,1.2,independent_rollout,16,provenance_preserving,0.9969207349803274,0.001395820126671379,0.9960338731828744,0.9978075967777804,0.39878395108747106,0.025337142976388106,0.3826854984767116,0.4148824036982305,0.0,0.0,0.0,0.0,1.0,0.0,1.0,1.0,0.0,0.0,0.0,0.0,12
LEFT,LEFT,True,0.5,weak,1.2,independent_rollout,16,semantic_group_deduplication,0.5884243529696477,0.015713505548820922,0.578440467862225,0.5984082380770703,-0.009712430923208476,0.026710508177811773,-0.026683478152587235,0.0072586163061702826,0.0,0.0,0.0,0.0,1.0,0.0,1.0,1.0,0.0,0.0,0.0,0.0,12
LEFT,LEFT,True,0.5,weak,1.2,independent_rollout,16,single_trajectory_score_average,0.5457953702240775,0.003816136080296884,0.5433707130359281,0.548220027412227,-0.003785410995755791,0.012797336218275732,-0.011916450507426714,0.004345628515915131,0.0,0.0,0.0,0.0,1.0,0.0,1.0,1.0,0.0,0.0,0.0,0.0,12
LEFT,LEFT,True,0.5,weak,1.2,independent_rollout,16,source_group_average,0.5457953702240775,0.003816136080296884,0.5433707130359281,0.548220027412227,-0.003785410995755791,0.012797336218275732,-0.011916450507426714,0.004345628515915131,0.0,0.0,0.0,0.0,1.0,0.0,1.0,1.0,0.0,0.0,0.0,0.0,12
LEFT,LEFT,True,0.5,weak,1.2,pure_duplication,1,exact_deduplication,0.5413007153366971,0.024700219628453708,0.5256069445143683,0.5569944861590259,0.0,0.0,0.0,0.0,0.0,0.0,0.0,0.0,1.0,0.0,1.0,1.0,0.0,0.0,0.0,0.0,12
LEFT,LEFT,True,0.5,weak,1.2,pure_duplication,1,explicit_belief_mixing,0.5247903906099167,0.006635054679737334,0.5205746779926304,0.5290061032272031,0.0,0.0,0.0,0.0,0.0,0.0,0.0,0.0,1.0,0.0,1.0,1.0,0.0,0.0,0.0,0.0,12
LEFT,LEFT,True,0.5,weak,1.2,pure_duplication,1,ordinary_flat_aggregation,0.5981367838928562,0.025722009127447907,0.5817937989960338,0.6144797687896786,0.0,0.0,0.0,0.0,0.0,0.0,0.0,0.0,1.0,0.0,1.0,1.0,0.0,0.0,0.0,0.0,12
LEFT,LEFT,True,0.5,weak,1.2,pure_duplication,1,provenance_preserving,0.5981367838928562,0.025722009127447907,0.5817937989960338,0.6144797687896786,0.0,0.0,0.0,0.0,0.0,0.0,0.0,0.0,1.0,0.0,1.0,1.0,0.0,0.0,0.0,0.0,12
LEFT,LEFT,True,0.5,weak,1.2,pure_duplication,1,semantic_group_deduplication,0.5413007153366971,0.024700219628453708,0.5256069445143683,0.5569944861590259,0.0,0.0,0.0,0.0,0.0,0.0,0.0,0.0,1.0,0.0,1.0,1.0,0.0,0.0,0.0,0.0,12
LEFT,LEFT,True,0.5,weak,1.2,pure_duplication,1,single_trajectory_score_average,0.5495807812198333,0.013270109359474692,0.5411493559852605,0.5580122064544062,0.0,0.0,0.0,0.0,0.0,0.0,0.0,0.0,1.0,0.0,1.0,1.0,0.0,0.0,0.0,0.0,12
LEFT,LEFT,True,0.5,weak,1.2,pure_duplication,1,source_group_average,0.5495807812198333,0.013270109359474692,0.5411493559852605,0.5580122064544062,0.0,0.0,0.0,0.0,0.0,0.0,0.0,0.0,1.0,0.0,1.0,1.0,0.0,0.0,0.0,0.0,12
LEFT,LEFT,True,0.5,weak,1.2,pure_duplication,2,exact_deduplication,0.5486496535571043,0.020729185630267447,0.5354789573645824,0.5618203497496261,0.007348938220407025,0.01937993282586892,-0.004964483639654111,0.019662360080468164,0.0,0.0,0.0,0.0,1.0,0.0,1.0,1.0,0.0,0.0,0.0,0.0,12
LEFT,LEFT,True,0.5,weak,1.2,pure_duplication,2,explicit_belief_mixing,0.5247903906099167,0.006635054679737334,0.5205746779926304,0.5290061032272031,0.0,0.0,0.0,0.0,0.0,0.0,0.0,0.0,1.0,0.0,1.0,1.0,0.0,0.0,0.0,0.0,12
LEFT,LEFT,True,0.5,weak,1.2,pure_duplication,2,ordinary_flat_aggregation,0.6877471875800767,0.04563054284230811,0.658754923841632,0.7167394513185213,0.08961040368722044,0.01995661040571046,0.07693057837356479,0.10229022900087609,0.0,0.0,0.0,0.0,1.0,0.0,1.0,1.0,0.0,0.0,0.0,0.0,12
LEFT,LEFT,True,0.5,weak,1.2,pure_duplication,2,provenance_preserving,0.5981367838928562,0.025722009127447907,0.5817937989960338,0.6144797687896786,0.0,0.0,0.0,0.0,0.0,0.0,0.0,0.0,1.0,0.0,1.0,1.0,0.0,0.0,0.0,0.0,12
LEFT,LEFT,True,0.5,weak,1.2,pure_duplication,2,semantic_group_deduplication,0.5486496535571043,0.020729185630267447,0.5354789573645824,0.5618203497496261,0.007348938220407025,0.01937993282586892,-0.004964483639654111,0.019662360080468164,0.0,0.0,0.0,0.0,1.0,0.0,1.0,1.0,0.0,0.0,0.0,0.0,12
LEFT,LEFT,True,0.5,weak,1.2,pure_duplication,2,single_trajectory_score_average,0.5495807812198333,0.013270109359474692,0.5411493559852605,0.5580122064544062,-9.25185853854297e-18,3.204937810639273e-17,-2.961506188514317e-17,1.1111344808057227e-17,0.0,0.0,0.0,0.0,1.0,0.0,1.0,1.0,0.0,0.0,0.0,0.0,12
LEFT,LEFT,True,0.5,weak,1.2,pure_duplication,2,source_group_average,0.5495807812198333,0.013270109359474692,0.5411493559852605,0.5580122064544062,0.0,0.0,0.0,0.0,0.0,0.0,0.0,0.0,1.0,0.0,1.0,1.0,0.0,0.0,0.0,0.0,12
LEFT,LEFT,True,0.5,weak,1.2,pure_duplication,4,exact_deduplication,0.5444866529396828,0.02241177874518365,0.530246888085832,0.5587264177935336,0.003185937602985661,0.028627881846233,-0.015003350734593898,0.02137522594056522,0.0,0.0,0.0,0.0,1.0,0.0,1.0,1.0,0.0,0.0,0.0,0.0,12
LEFT,LEFT,True,0.5,weak,1.2,pure_duplication,4,explicit_belief_mixing,0.5247903906099167,0.006635054679737334,0.5205746779926304,0.5290061032272031,0.0,0.0,0.0,0.0,0.0,0.0,0.0,0.0,1.0,0.0,1.0,1.0,0.0,0.0,0.0,0.0,12
LEFT,LEFT,True,0.5,weak,1.2,pure_duplication,4,ordinary_flat_aggregation,0.8237213743808631,0.061425526261845435,0.7846934569657544,0.8627492917959718,0.2255845904880068,0.03636976045860623,0.2024763471571319,0.24869283381888171,0.0,0.0,0.0,0.0,1.0,0.0,1.0,1.0,0.0,0.0,0.0,0.0,12
LEFT,LEFT,True,0.5,weak,1.2,pure_duplication,4,provenance_preserving,0.5981367838928562,0.025722009127447907,0.5817937989960338,0.6144797687896786,0.0,0.0,0.0,0.0,0.0,0.0,0.0,0.0,1.0,0.0,1.0,1.0,0.0,0.0,0.0,0.0,12
LEFT,LEFT,True,0.5,weak,1.2,pure_duplication,4,semantic_group_deduplication,0.5444866529396828,0.02241177874518365,0.530246888085832,0.5587264177935336,0.003185937602985661,0.028627881846233,-0.015003350734593898,0.02137522594056522,0.0,0.0,0.0,0.0,1.0,0.0,1.0,1.0,0.0,0.0,0.0,0.0,12
LEFT,LEFT,True,0.5,weak,1.2,pure_duplication,4,single_trajectory_score_average,0.5495807812198333,0.013270109359474692,0.5411493559852605,0.5580122064544062,0.0,0.0,0.0,0.0,0.0,0.0,0.0,0.0,1.0,0.0,1.0,1.0,0.0,0.0,0.0,0.0,12
LEFT,LEFT,True,0.5,weak,1.2,pure_duplication,4,source_group_average,0.5495807812198333,0.013270109359474692,0.5411493559852605,0.5580122064544062,0.0,0.0,0.0,0.0,0.0,0.0,0.0,0.0,1.0,0.0,1.0,1.0,0.0,0.0,0.0,0.0,12
LEFT,LEFT,True,0.5,weak,1.2,pure_duplication,8,exact_deduplication,0.5477941409086751,0.019773901004583982,0.5352304036100856,0.5603578782072646,0.006493425571977907,0.029527049547098012,-0.012267166666558062,0.025254017810513875,0.0,0.0,0.0,0.0,1.0,0.0,1.0,1.0,0.0,0.0,0.0,0.0,12
LEFT,LEFT,True,0.5,weak,1.2,pure_duplication,8,explicit_belief_mixing,0.5247903906099167,0.006635054679737334,0.5205746779926304,0.5290061032272031,0.0,0.0,0.0,0.0,0.0,0.0,0.0,0.0,1.0,0.0,1.0,1.0,0.0,0.0,0.0,0.0,12
LEFT,LEFT,True,0.5,weak,1.2,pure_duplication,8,ordinary_flat_aggregation,0.9478458193104341,0.04590934312018784,0.9186764143266053,0.9770152242942629,0.3497090354175778,0.025788939848017348,0.33332352476975435,0.36609454606540126,0.0,0.0,0.0,0.0,1.0,0.0,1.0,1.0,0.0,0.0,0.0,0.0,12
LEFT,LEFT,True,0.5,weak,1.2,pure_duplication,8,provenance_preserving,0.5981367838928562,0.025722009127447907,0.5817937989960338,0.6144797687896786,0.0,0.0,0.0,0.0,0.0,0.0,0.0,0.0,1.0,0.0,1.0,1.0,0.0,0.0,0.0,0.0,12
LEFT,LEFT,True,0.5,weak,1.2,pure_duplication,8,semantic_group_deduplication,0.5477941409086751,0.019773901004583982,0.5352304036100856,0.5603578782072646,0.006493425571977907,0.029527049547098012,-0.012267166666558062,0.025254017810513875,0.0,0.0,0.0,0.0,1.0,0.0,1.0,1.0,0.0,0.0,0.0,0.0,12
LEFT,LEFT,True,0.5,weak,1.2,pure_duplication,8,single_trajectory_score_average,0.5495807812198333,0.013270109359474692,0.5411493559852605,0.5580122064544062,0.0,0.0,0.0,0.0,0.0,0.0,0.0,0.0,1.0,0.0,1.0,1.0,0.0,0.0,0.0,0.0,12
LEFT,LEFT,True,0.5,weak,1.2,pure_duplication,8,source_group_average,0.5495807812198333,0.013270109359474692,0.5411493559852605,0.5580122064544062,0.0,0.0,0.0,0.0,0.0,0.0,0.0,0.0,1.0,0.0,1.0,1.0,0.0,0.0,0.0,0.0,12
LEFT,LEFT,True,0.5,weak,1.2,pure_duplication,16,exact_deduplication,0.5416618825615958,0.02164936239549934,0.5279065339454596,0.5554172311777319,0.0003611672248985398,0.014438191035847148,-0.008812421699167707,0.009534756148964787,0.0,0.0,0.0,0.0,1.0,0.0,1.0,1.0,0.0,0.0,0.0,0.0,12
LEFT,LEFT,True,0.5,weak,1.2,pure_duplication,16,explicit_belief_mixing,0.5247903906099167,0.006635054679737334,0.5205746779926304,0.5290061032272031,-9.25185853854297e-18,3.204937810639273e-17,-2.961506188514317e-17,1.1111344808057227e-17,0.0,0.0,0.0,0.0,1.0,0.0,1.0,1.0,0.0,0.0,0.0,0.0,12
LEFT,LEFT,True,0.5,weak,1.2,pure_duplication,16,ordinary_flat_aggregation,0.9939274938595125,0.013360238149557705,0.9854388035237651,1.00241618419526,0.3957907099666562,0.018565876021152585,0.38399451512407706,0.4075869048092354,0.0,0.0,0.0,0.0,1.0,0.0,1.0,1.0,0.0,0.0,0.0,0.0,12
LEFT,LEFT,True,0.5,weak,1.2,pure_duplication,16,provenance_preserving,0.5981367838928562,0.025722009127447907,0.5817937989960338,0.6144797687896786,0.0,0.0,0.0,0.0,0.0,0.0,0.0,0.0,1.0,0.0,1.0,1.0,0.0,0.0,0.0,0.0,12
LEFT,LEFT,True,0.5,weak,1.2,pure_duplication,16,semantic_group_deduplication,0.5416618825615958,0.02164936239549934,0.5279065339454596,0.5554172311777319,0.0003611672248985398,0.014438191035847148,-0.008812421699167707,0.009534756148964787,0.0,0.0,0.0,0.0,1.0,0.0,1.0,1.0,0.0,0.0,0.0,0.0,12
LEFT,LEFT,True,0.5,weak,1.2,pure_duplication,16,single_trajectory_score_average,0.5495807812198333,0.013270109359474693,0.5411493559852605,0.5580122064544062,-9.25185853854297e-18,3.204937810639273e-17,-2.961506188514317e-17,1.1111344808057227e-17,0.0,0.0,0.0,0.0,1.0,0.0,1.0,1.0,0.0,0.0,0.0,0.0,12
LEFT,LEFT,True,0.5,weak,1.2,pure_duplication,16,source_group_average,0.5495807812198333,0.013270109359474692,0.5411493559852605,0.5580122064544062,0.0,0.0,0.0,0.0,0.0,0.0,0.0,0.0,1.0,0.0,1.0,1.0,0.0,0.0,0.0,0.0,12
LEFT,LEFT,True,0.8,medium,1.5,independent_rollout,1,exact_deduplication,0.8996225087160584,0.008764600563990515,0.8940537471961378,0.905191270235979,0.0,0.0,0.0,0.0,0.0,0.0,0.0,0.0,1.0,0.0,1.0,1.0,0.0,0.0,0.0,0.0,12
LEFT,LEFT,True,0.8,medium,1.5,independent_rollout,1,explicit_belief_mixing,0.8284280301725344,0.0029812599619906035,0.8265338279626331,0.8303222323824357,0.0,0.0,0.0,0.0,0.0,0.0,0.0,0.0,1.0,0.0,1.0,1.0,0.0,0.0,0.0,0.0,12
LEFT,LEFT,True,0.8,medium,1.5,independent_rollout,1,ordinary_flat_aggregation,0.8996225087160584,0.008764600563990515,0.8940537471961378,0.905191270235979,0.0,0.0,0.0,0.0,0.0,0.0,0.0,0.0,1.0,0.0,1.0,1.0,0.0,0.0,0.0,0.0,12
LEFT,LEFT,True,0.8,medium,1.5,independent_rollout,1,provenance_preserving,0.8996225087160584,0.008764600563990515,0.8940537471961378,0.905191270235979,0.0,0.0,0.0,0.0,0.0,0.0,0.0,0.0,1.0,0.0,1.0,1.0,0.0,0.0,0.0,0.0,12
LEFT,LEFT,True,0.8,medium,1.5,independent_rollout,1,semantic_group_deduplication,0.8996225087160584,0.008764600563990515,0.8940537471961378,0.905191270235979,0.0,0.0,0.0,0.0,0.0,0.0,0.0,0.0,1.0,0.0,1.0,1.0,0.0,0.0,0.0,0.0,12
LEFT,LEFT,True,0.8,medium,1.5,independent_rollout,1,single_trajectory_score_average,0.8568560603450689,0.005962519923981251,0.8530676559252662,0.8606444647648716,0.0,0.0,0.0,0.0,0.0,0.0,0.0,0.0,1.0,0.0,1.0,1.0,0.0,0.0,0.0,0.0,12
LEFT,LEFT,True,0.8,medium,1.5,independent_rollout,1,source_group_average,0.8568560603450689,0.005962519923981251,0.8530676559252662,0.8606444647648716,0.0,0.0,0.0,0.0,0.0,0.0,0.0,0.0,1.0,0.0,1.0,1.0,0.0,0.0,0.0,0.0,12
LEFT,LEFT,True,0.8,medium,1.5,independent_rollout,2,exact_deduplication,0.9525195188875625,0.005237485729752385,0.949191779217051,0.955847258558074,0.052897010171504166,0.006317691512213635,0.048882940490737554,0.05691107985227078,0.0,0.0,0.0,0.0,1.0,0.0,1.0,1.0,0.0,0.0,0.0,0.0,12
LEFT,LEFT,True,0.8,medium,1.5,independent_rollout,2,explicit_belief_mixing,0.8284220390851891,0.0017763110389903505,0.8272934248957439,0.8295506532746343,-5.991087345382414e-06,0.0021759007169651623,-0.001388492445546052,0.0013765102708552873,0.0,0.0,0.0,0.0,1.0,0.0,1.0,1.0,0.0,0.0,0.0,0.0,12
LEFT,LEFT,True,0.8,medium,1.5,independent_rollout,2,ordinary_flat_aggregation,0.9525195188875625,0.005237485729752385,0.949191779217051,0.955847258558074,0.052897010171504166,0.006317691512213635,0.048882940490737554,0.05691107985227078,0.0,0.0,0.0,0.0,1.0,0.0,1.0,1.0,0.0,0.0,0.0,0.0,12
LEFT,LEFT,True,0.8,medium,1.5,independent_rollout,2,provenance_preserving,0.9525195188875625,0.005237485729752385,0.949191779217051,0.955847258558074,0.052897010171504166,0.006317691512213635,0.048882940490737554,0.05691107985227078,0.0,0.0,0.0,0.0,1.0,0.0,1.0,1.0,0.0,0.0,0.0,0.0,12
LEFT,LEFT,True,0.8,medium,1.5,independent_rollout,2,semantic_group_deduplication,0.8964842848843629,0.004977983189262129,0.8933214252618643,0.8996471445068616,-0.003138223831695227,0.008520443288696982,-0.008551855219953075,0.002275407556562621,0.0,0.0,0.0,0.0,1.0,0.0,1.0,1.0,0.0,0.0,0.0,0.0,12
LEFT,LEFT,True,0.8,medium,1.5,independent_rollout,2,single_trajectory_score_average,0.856844078170378,0.0035526220779807135,0.8545868497914875,0.8591013065492685,-1.1982174690820338e-05,0.004351801433930355,-0.0027769848910921793,0.002753020541710539,0.0,0.0,0.0,0.0,1.0,0.0,1.0,1.0,0.0,0.0,0.0,0.0,12
LEFT,LEFT,True,0.8,medium,1.5,independent_rollout,2,source_group_average,0.856844078170378,0.0035526220779807135,0.8545868497914875,0.8591013065492685,-1.1982174690820338e-05,0.004351801433930355,-0.0027769848910921793,0.002753020541710539,0.0,0.0,0.0,0.0,1.0,0.0,1.0,1.0,0.0,0.0,0.0,0.0,12
LEFT,LEFT,True,0.8,medium,1.5,independent_rollout,4,exact_deduplication,0.990554102678627,0.0017851466028506902,0.9894198746397344,0.9916883307175196,0.09093159396256856,0.008037204198987805,0.08582499804364517,0.09603818988149194,0.0,0.0,0.0,0.0,1.0,0.0,1.0,1.0,0.0,0.0,0.0,0.0,12
LEFT,LEFT,True,0.8,medium,1.5,independent_rollout,4,explicit_belief_mixing,0.8287732699938042,0.001441953730034971,0.8278570963032066,0.8296894436844018,0.0003452398212698364,0.0025783502738693388,-0.0012929657860673946,0.0019834454286070673,0.0,0.0,0.0,0.0,1.0,0.0,1.0,1.0,0.0,0.0,0.0,0.0,12
LEFT,LEFT,True,0.8,medium,1.5,independent_rollout,4,ordinary_flat_aggregation,0.990554102678627,0.0017851466028506902,0.9894198746397344,0.9916883307175196,0.09093159396256856,0.008037204198987805,0.08582499804364517,0.09603818988149194,0.0,0.0,0.0,0.0,1.0,0.0,1.0,1.0,0.0,0.0,0.0,0.0,12
LEFT,LEFT,True,0.8,medium,1.5,independent_rollout,4,provenance_preserving,0.990554102678627,0.0017851466028506902,0.9894198746397344,0.9916883307175196,0.09093159396256856,0.008037204198987805,0.08582499804364517,0.09603818988149194,0.0,0.0,0.0,0.0,1.0,0.0,1.0,1.0,0.0,0.0,0.0,0.0,12
LEFT,LEFT,True,0.8,medium,1.5,independent_rollout,4,semantic_group_deduplication,0.9019810169525294,0.008676278552449696,0.8964683725614659,0.9074936613435929,0.0023585082364709167,0.012235593840628625,-0.005415617196353993,0.010132633669295827,0.0,0.0,0.0,0.0,1.0,0.0,1.0,1.0,0.0,0.0,0.0,0.0,12
LEFT,LEFT,True,0.8,medium,1.5,independent_rollout,4,single_trajectory_score_average,0.8575465399876084,0.002883907460069917,0.8557141926064133,0.8593788873688035,0.000690479642539645,0.005156700547738708,-0.0025859315721348357,0.003966890857214126,0.0,0.0,0.0,0.0,1.0,0.0,1.0,1.0,0.0,0.0,0.0,0.0,12
LEFT,LEFT,True,0.8,medium,1.5,independent_rollout,4,source_group_average,0.8575465399876084,0.002883907460069917,0.8557141926064133,0.8593788873688035,0.000690479642539645,0.005156700547738708,-0.0025859315721348357,0.003966890857214126,0.0,0.0,0.0,0.0,1.0,0.0,1.0,1.0,0.0,0.0,0.0,0.0,12
LEFT,LEFT,True,0.8,medium,1.5,independent_rollout,8,exact_deduplication,0.99961627433423,0.0001063768538202725,0.999548685705879,0.9996838629625809,0.09999376561817162,0.008719851179829612,0.09445343650047358,0.10553409473586967,0.0,0.0,0.0,0.0,1.0,0.0,1.0,1.0,0.0,0.0,0.0,0.0,12
LEFT,LEFT,True,0.8,medium,1.5,independent_rollout,8,explicit_belief_mixing,0.8285691405562646,0.0010564409724083876,0.8278979099859423,0.829240371126587,0.00014111038373029738,0.0026878021267478696,-0.0015666376131481248,0.0018488583806087196,0.0,0.0,0.0,0.0,1.0,0.0,1.0,1.0,0.0,0.0,0.0,0.0,12
LEFT,LEFT,True,0.8,medium,1.5,independent_rollout,8,ordinary_flat_aggregation,0.99961627433423,0.0001063768538202725,0.999548685705879,0.9996838629625809,0.09999376561817162,0.008719851179829612,0.09445343650047358,0.10553409473586967,0.0,0.0,0.0,0.0,1.0,0.0,1.0,1.0,0.0,0.0,0.0,0.0,12
LEFT,LEFT,True,0.8,medium,1.5,independent_rollout,8,provenance_preserving,0.99961627433423,0.0001063768538202725,0.999548685705879,0.9996838629625809,0.09999376561817162,0.008719851179829612,0.09445343650047358,0.10553409473586967,0.0,0.0,0.0,0.0,1.0,0.0,1.0,1.0,0.0,0.0,0.0,0.0,12
LEFT,LEFT,True,0.8,medium,1.5,independent_rollout,8,semantic_group_deduplication,0.8990538605759469,0.010800406665222927,0.8921916095700205,0.9059161115818734,-0.0005686481401114644,0.01593525157260633,-0.010693423949333434,0.009556127669110506,0.0,0.0,0.0,0.0,1.0,0.0,1.0,1.0,0.0,0.0,0.0,0.0,12
LEFT,LEFT,True,0.8,medium,1.5,independent_rollout,8,single_trajectory_score_average,0.8571382811125292,0.0021128819448167717,0.8557958199718845,0.858480742253174,0.00028222076746055774,0.005375604253495797,-0.0031332752262963233,0.003697716761217439,0.0,0.0,0.0,0.0,1.0,0.0,1.0,1.0,0.0,0.0,0.0,0.0,12
LEFT,LEFT,True,0.8,medium,1.5,independent_rollout,8,source_group_average,0.8571382811125292,0.0021128819448167717,0.8557958199718845,0.858480742253174,0.00028222076746055774,0.005375604253495797,-0.0031332752262963233,0.003697716761217439,0.0,0.0,0.0,0.0,1.0,0.0,1.0,1.0,0.0,0.0,0.0,0.0,12
LEFT,LEFT,True,0.8,medium,1.5,independent_rollout,16,exact_deduplication,0.9999993690783288,2.2538316108139847e-07,0.9999992258767002,0.9999995122799573,0.10037686036227056,0.008764499748195232,0.09480816289765029,0.10594555782689083,0.0,0.0,0.0,0.0,1.0,0.0,1.0,1.0,0.0,0.0,0.0,0.0,12
LEFT,LEFT,True,0.8,medium,1.5,independent_rollout,16,explicit_belief_mixing,0.828428584113312,0.0007575942295581893,0.8279472317045541,0.8289099365220699,5.539407777199745e-07,0.0027331320032730343,-0.0017359952855752325,0.0017371031671306724,0.0,0.0,0.0,0.0,1.0,0.0,1.0,1.0,0.0,0.0,0.0,0.0,12
LEFT,LEFT,True,0.8,medium,1.5,independent_rollout,16,ordinary_flat_aggregation,0.9999993690783288,2.2538316108139847e-07,0.9999992258767002,0.9999995122799573,0.10037686036227056,0.008764499748195232,0.09480816289765029,0.10594555782689083,0.0,0.0,0.0,0.0,1.0,0.0,1.0,1.0,0.0,0.0,0.0,0.0,12
LEFT,LEFT,True,0.8,medium,1.5,independent_rollout,16,provenance_preserving,0.9999993690783288,2.2538316108139847e-07,0.9999992258767002,0.9999995122799573,0.10037686036227056,0.008764499748195232,0.09480816289765029,0.10594555782689083,0.0,0.0,0.0,0.0,1.0,0.0,1.0,1.0,0.0,0.0,0.0,0.0,12
LEFT,LEFT,True,0.8,medium,1.5,independent_rollout,16,semantic_group_deduplication,0.9018711878440318,0.010981907996131168,0.894893616394236,0.9088487592938275,0.0022486791279735796,0.008715602825152649,-0.003288950713941698,0.007786308969888857,0.0,0.0,0.0,0.0,1.0,0.0,1.0,1.0,0.0,0.0,0.0,0.0,12
LEFT,LEFT,True,0.8,medium,1.5,independent_rollout,16,single_trajectory_score_average,0.856857168226624,0.0015151884591163994,0.8558944634091082,0.8578198730441399,1.1078815553659342e-06,0.005466264006546087,-0.003471990571150551,0.0034742063342612824,0.0,0.0,0.0,0.0,1.0,0.0,1.0,1.0,0.0,0.0,0.0,0.0,12
LEFT,LEFT,True,0.8,medium,1.5,independent_rollout,16,source_group_average,0.856857168226624,0.0015151884591163994,0.8558944634091082,0.8578198730441399,1.1078815553659342e-06,0.005466264006546087,-0.003471990571150551,0.0034742063342612824,0.0,0.0,0.0,0.0,1.0,0.0,1.0,1.0,0.0,0.0,0.0,0.0,12
LEFT,LEFT,True,0.8,medium,1.5,pure_duplication,1,exact_deduplication,0.8579728877423795,0.007284961791166502,0.8533442438469103,0.8626015316378486,0.0,0.0,0.0,0.0,0.0,0.0,0.0,0.0,1.0,0.0,1.0,1.0,0.0,0.0,0.0,0.0,12
LEFT,LEFT,True,0.8,medium,1.5,pure_duplication,1,explicit_belief_mixing,0.8284280301725344,0.0029812599619906035,0.8265338279626331,0.8303222323824357,0.0,0.0,0.0,0.0,0.0,0.0,0.0,0.0,1.0,0.0,1.0,1.0,0.0,0.0,0.0,0.0,12
LEFT,LEFT,True,0.8,medium,1.5,pure_duplication,1,ordinary_flat_aggregation,0.8996225087160584,0.008764600563990515,0.8940537471961378,0.905191270235979,0.0,0.0,0.0,0.0,0.0,0.0,0.0,0.0,1.0,0.0,1.0,1.0,0.0,0.0,0.0,0.0,12
LEFT,LEFT,True,0.8,medium,1.5,pure_duplication,1,provenance_preserving,0.8996225087160584,0.008764600563990515,0.8940537471961378,0.905191270235979,0.0,0.0,0.0,0.0,0.0,0.0,0.0,0.0,1.0,0.0,1.0,1.0,0.0,0.0,0.0,0.0,12
LEFT,LEFT,True,0.8,medium,1.5,pure_duplication,1,semantic_group_deduplication,0.8579728877423795,0.007284961791166502,0.8533442438469103,0.8626015316378486,0.0,0.0,0.0,0.0,0.0,0.0,0.0,0.0,1.0,0.0,1.0,1.0,0.0,0.0,0.0,0.0,12
LEFT,LEFT,True,0.8,medium,1.5,pure_duplication,1,single_trajectory_score_average,0.8568560603450689,0.005962519923981251,0.8530676559252662,0.8606444647648716,0.0,0.0,0.0,0.0,0.0,0.0,0.0,0.0,1.0,0.0,1.0,1.0,0.0,0.0,0.0,0.0,12
LEFT,LEFT,True,0.8,medium,1.5,pure_duplication,1,source_group_average,0.8568560603450689,0.005962519923981251,0.8530676559252662,0.8606444647648716,0.0,0.0,0.0,0.0,0.0,0.0,0.0,0.0,1.0,0.0,1.0,1.0,0.0,0.0,0.0,0.0,12
LEFT,LEFT,True,0.8,medium,1.5,pure_duplication,2,exact_deduplication,0.8565345475799924,0.00776086606127307,0.8516035285372263,0.8614655666227584,-0.001438340162387151,0.009497574429084228,-0.007472811057793876,0.004596130733019573,0.0,0.0,0.0,0.0,1.0,0.0,1.0,1.0,0.0,0.0,0.0,0.0,12
LEFT,LEFT,True,0.8,medium,1.5,pure_duplication,2,explicit_belief_mixing,0.8284280301725344,0.0029812599619906035,0.8265338279626331,0.8303222323824357,0.0,0.0,0.0,0.0,0.0,0.0,0.0,0.0,1.0,0.0,1.0,1.0,0.0,0.0,0.0,0.0,12
LEFT,LEFT,True,0.8,medium,1.5,pure_duplication,2,ordinary_flat_aggregation,0.9521698432838589,0.008992413407988542,0.9464563363884774,0.9578833501792404,0.052547334567800606,0.0004486222644592461,0.05226229357990157,0.05283237555569964,0.0,0.0,0.0,0.0,1.0,0.0,1.0,1.0,0.0,0.0,0.0,0.0,12
LEFT,LEFT,True,0.8,medium,1.5,pure_duplication,2,provenance_preserving,0.8996225087160584,0.008764600563990515,0.8940537471961378,0.905191270235979,0.0,0.0,0.0,0.0,0.0,0.0,0.0,0.0,1.0,0.0,1.0,1.0,0.0,0.0,0.0,0.0,12
LEFT,LEFT,True,0.8,medium,1.5,pure_duplication,2,semantic_group_deduplication,0.8565345475799924,0.00776086606127307,0.8516035285372263,0.8614655666227584,-0.001438340162387151,0.009497574429084228,-0.007472811057793876,0.004596130733019573,0.0,0.0,0.0,0.0,1.0,0.0,1.0,1.0,0.0,0.0,0.0,0.0,12
LEFT,LEFT,True,0.8,medium,1.5,pure_duplication,2,single_trajectory_score_average,0.8568560603450687,0.0059625199239812295,0.853067655925266,0.8606444647648713,-1.850371707708594e-17,4.321537262272485e-17,-4.596145486826371e-17,8.95402071409183e-18,0.0,0.0,0.0,0.0,1.0,0.0,1.0,1.0,0.0,0.0,0.0,0.0,12
LEFT,LEFT,True,0.8,medium,1.5,pure_duplication,2,source_group_average,0.8568560603450689,0.005962519923981251,0.8530676559252662,0.8606444647648716,0.0,0.0,0.0,0.0,0.0,0.0,0.0,0.0,1.0,0.0,1.0,1.0,0.0,0.0,0.0,0.0,12
LEFT,LEFT,True,0.8,medium,1.5,pure_duplication,4,exact_deduplication,0.8553864279275318,0.011910154479789511,0.8478190767996484,0.8629537790554153,-0.0025864598148476747,0.012028985652568217,-0.010229312667824692,0.005056393038129344,0.0,0.0,0.0,0.0,1.0,0.0,1.0,1.0,0.0,0.0,0.0,0.0,12
LEFT,LEFT,True,0.8,medium,1.5,pure_duplication,4,explicit_belief_mixing,0.8284280301725344,0.0029812599619906035,0.8265338279626331,0.8303222323824357,0.0,0.0,0.0,0.0,0.0,0.0,0.0,0.0,1.0,0.0,1.0,1.0,0.0,0.0,0.0,0.0,12
LEFT,LEFT,True,0.8,medium,1.5,pure_duplication,4,ordinary_flat_aggregation,0.9896320764113989,0.004181304206616916,0.9869754024650065,0.9922887503577914,0.09000956769534062,0.00465343762009592,0.08705291448964764,0.0929662209010336,0.0,0.0,0.0,0.0,1.0,0.0,1.0,1.0,0.0,0.0,0.0,0.0,12
LEFT,LEFT,True,0.8,medium,1.5,pure_duplication,4,provenance_preserving,0.8996225087160584,0.008764600563990515,0.8940537471961378,0.905191270235979,0.0,0.0,0.0,0.0,0.0,0.0,0.0,0.0,1.0,0.0,1.0,1.0,0.0,0.0,0.0,0.0,12
LEFT,LEFT,True,0.8,medium,1.5,pure_duplication,4,semantic_group_deduplication,0.8553864279275318,0.011910154479789511,0.8478190767996484,0.8629537790554153,-0.0025864598148476747,0.012028985652568217,-0.010229312667824692,0.005056393038129344,0.0,0.0,0.0,0.0,1.0,0.0,1.0,1.0,0.0,0.0,0.0,0.0,12
LEFT,LEFT,True,0.8,medium,1.5,pure_duplication,4,single_trajectory_score_average,0.8568560603450689,0.005962519923981251,0.8530676559252662,0.8606444647648716,0.0,0.0,0.0,0.0,0.0,0.0,0.0,0.0,1.0,0.0,1.0,1.0,0.0,0.0,0.0,0.0,12
LEFT,LEFT,True,0.8,medium,1.5,pure_duplication,4,source_group_average,0.8568560603450689,0.005962519923981251,0.8530676559252662,0.8606444647648716,0.0,0.0,0.0,0.0,0.0,0.0,0.0,0.0,1.0,0.0,1.0,1.0,0.0,0.0,0.0,0.0,12
LEFT,LEFT,True,0.8,medium,1.5,pure_duplication,8,exact_deduplication,0.8564313486783988,0.011524063106742193,0.8491093083054894,0.8637533890513082,-0.0015415390639806996,0.014689913158136848,-0.010875064594180356,0.007791986466218957,0.0,0.0,0.0,0.0,1.0,0.0,1.0,1.0,0.0,0.0,0.0,0.0,12
LEFT,LEFT,True,0.8,medium,1.5,pure_duplication,8,explicit_belief_mixing,0.8284280301725344,0.0029812599619906035,0.8265338279626331,0.8303222323824357,0.0,0.0,0.0,0.0,0.0,0.0,0.0,0.0,1.0,0.0,1.0,1.0,0.0,0.0,0.0,0.0,12
LEFT,LEFT,True,0.8,medium,1.5,pure_duplication,8,ordinary_flat_aggregation,0.9994926757010664,0.0004281508072554054,0.9992206416565301,0.9997647097456026,0.0998701669850081,0.00835569159618126,0.09456121382811115,0.10517912014190504,0.0,0.0,0.0,0.0,1.0,0.0,1.0,1.0,0.0,0.0,0.0,0.0,12
LEFT,LEFT,True,0.8,medium,1.5,pure_duplication,8,provenance_preserving,0.8996225087160584,0.008764600563990515,0.8940537471961378,0.905191270235979,0.0,0.0,0.0,0.0,0.0,0.0,0.0,0.0,1.0,0.0,1.0,1.0,0.0,0.0,0.0,0.0,12
LEFT,LEFT,True,0.8,medium,1.5,pure_duplication,8,semantic_group_deduplication,0.8564313486783988,0.011524063106742193,0.8491093083054894,0.8637533890513082,-0.0015415390639806996,0.014689913158136848,-0.010875064594180356,0.007791986466218957,0.0,0.0,0.0,0.0,1.0,0.0,1.0,1.0,0.0,0.0,0.0,0.0,12
LEFT,LEFT,True,0.8,medium,1.5,pure_duplication,8,single_trajectory_score_average,0.8568560603450689,0.005962519923981251,0.8530676559252662,0.8606444647648716,0.0,0.0,0.0,0.0,0.0,0.0,0.0,0.0,1.0,0.0,1.0,1.0,0.0,0.0,0.0,0.0,12
LEFT,LEFT,True,0.8,medium,1.5,pure_duplication,8,source_group_average,0.8568560603450689,0.005962519923981251,0.8530676559252662,0.8606444647648716,0.0,0.0,0.0,0.0,0.0,0.0,0.0,0.0,1.0,0.0,1.0,1.0,0.0,0.0,0.0,0.0,12
LEFT,LEFT,True,0.8,medium,1.5,pure_duplication,16,exact_deduplication,0.8594118601735184,0.007343711506512676,0.8547458884897791,0.8640778318572578,0.0014389724311390055,0.00577870828886643,-0.0022326436475330344,0.005110588509811045,0.0,0.0,0.0,0.0,1.0,0.0,1.0,1.0,0.0,0.0,0.0,0.0,12
LEFT,LEFT,True,0.8,medium,1.5,pure_duplication,16,explicit_belief_mixing,0.8284280301725344,0.0029812599619906035,0.8265338279626331,0.8303222323824357,0.0,0.0,0.0,0.0,0.0,0.0,0.0,0.0,1.0,0.0,1.0,1.0,0.0,0.0,0.0,0.0,12
LEFT,LEFT,True,0.8,medium,1.5,pure_duplication,16,ordinary_flat_aggregation,0.9999982944993976,2.7934289133758107e-06,0.9999965196393423,1.0000000693594528,0.10037578578333935,0.008762199481300342,0.09480854983857685,0.10594302172810184,0.0,0.0,0.0,0.0,1.0,0.0,1.0,1.0,0.0,0.0,0.0,0.0,12
LEFT,LEFT,True,0.8,medium,1.5,pure_duplication,16,provenance_preserving,0.8996225087160584,0.008764600563990515,0.8940537471961378,0.905191270235979,0.0,0.0,0.0,0.0,0.0,0.0,0.0,0.0,1.0,0.0,1.0,1.0,0.0,0.0,0.0,0.0,12
LEFT,LEFT,True,0.8,medium,1.5,pure_duplication,16,semantic_group_deduplication,0.8594118601735184,0.007343711506512676,0.8547458884897791,0.8640778318572578,0.0014389724311390055,0.00577870828886643,-0.0022326436475330344,0.005110588509811045,0.0,0.0,0.0,0.0,1.0,0.0,1.0,1.0,0.0,0.0,0.0,0.0,12
LEFT,LEFT,True,0.8,medium,1.5,pure_duplication,16,single_trajectory_score_average,0.8568560603450687,0.005962519923981209,0.853067655925266,0.8606444647648713,-2.7755575615628914e-17,6.900941601584843e-17,-7.160206669248857e-17,1.6090915461230733e-17,0.0,0.0,0.0,0.0,1.0,0.0,1.0,1.0,0.0,0.0,0.0,0.0,12
LEFT,LEFT,True,0.8,medium,1.5,pure_duplication,16,source_group_average,0.8568560603450689,0.005962519923981251,0.8530676559252662,0.8606444647648716,0.0,0.0,0.0,0.0,0.0,0.0,0.0,0.0,1.0,0.0,1.0,1.0,0.0,0.0,0.0,0.0,12
LEFT,LEFT,True,0.8,strong,2.0,independent_rollout,1,exact_deduplication,0.9411838850485265,0.005279597148402436,0.9378293890591143,0.9445383810379386,0.0,0.0,0.0,0.0,0.0,0.0,0.0,0.0,1.0,0.0,1.0,1.0,0.0,0.0,0.0,0.0,12
LEFT,LEFT,True,0.8,strong,2.0,independent_rollout,1,explicit_belief_mixing,0.8444131516839203,0.002334886408012699,0.8429296356369087,0.8458966677309319,0.0,0.0,0.0,0.0,0.0,0.0,0.0,0.0,1.0,0.0,1.0,1.0,0.0,0.0,0.0,0.0,12
LEFT,LEFT,True,0.8,strong,2.0,independent_rollout,1,ordinary_flat_aggregation,0.9411838850485265,0.005279597148402436,0.9378293890591143,0.9445383810379386,0.0,0.0,0.0,0.0,0.0,0.0,0.0,0.0,1.0,0.0,1.0,1.0,0.0,0.0,0.0,0.0,12
LEFT,LEFT,True,0.8,strong,2.0,independent_rollout,1,provenance_preserving,0.9411838850485265,0.005279597148402436,0.9378293890591143,0.9445383810379386,0.0,0.0,0.0,0.0,0.0,0.0,0.0,0.0,1.0,0.0,1.0,1.0,0.0,0.0,0.0,0.0,12
LEFT,LEFT,True,0.8,strong,2.0,independent_rollout,1,semantic_group_deduplication,0.9411838850485265,0.005279597148402436,0.9378293890591143,0.9445383810379386,0.0,0.0,0.0,0.0,0.0,0.0,0.0,0.0,1.0,0.0,1.0,1.0,0.0,0.0,0.0,0.0,12
LEFT,LEFT,True,0.8,strong,2.0,independent_rollout,1,single_trajectory_score_average,0.8888263033678404,0.00466977281602537,0.8858592712738173,0.8917933354618636,0.0,0.0,0.0,0.0,0.0,0.0,0.0,0.0,1.0,0.0,1.0,1.0,0.0,0.0,0.0,0.0,12
LEFT,LEFT,True,0.8,strong,2.0,independent_rollout,1,source_group_average,0.8888263033678404,0.00466977281602537,0.8858592712738173,0.8917933354618636,0.0,0.0,0.0,0.0,0.0,0.0,0.0,0.0,1.0,0.0,1.0,1.0,0.0,0.0,0.0,0.0,12
LEFT,LEFT,True,0.8,strong,2.0,independent_rollout,2,exact_deduplication,0.9844661554100363,0.0016010483530200968,0.9834488978185767,0.985483413001496,0.04328227036150999,0.003931625595964138,0.04078423463590112,0.04578030608711887,0.0,0.0,0.0,0.0,1.0,0.0,1.0,1.0,0.0,0.0,0.0,0.0,12
LEFT,LEFT,True,0.8,strong,2.0,independent_rollout,2,explicit_belief_mixing,0.8443037827859823,0.0012917300085810495,0.8434830566943146,0.84512450887765,-0.00010936889793795405,0.0013372784878294464,-0.0009590351126241401,0.000740297316748232,0.0,0.0,0.0,0.0,1.0,0.0,1.0,1.0,0.0,0.0,0.0,0.0,12
LEFT,LEFT,True,0.8,strong,2.0,independent_rollout,2,ordinary_flat_aggregation,0.9844661554100363,0.0016010483530200968,0.9834488978185767,0.985483413001496,0.04328227036150999,0.003931625595964138,0.04078423463590112,0.04578030608711887,0.0,0.0,0.0,0.0,1.0,0.0,1.0,1.0,0.0,0.0,0.0,0.0,12
LEFT,LEFT,True,0.8,strong,2.0,independent_rollout,2,provenance_preserving,0.9844661554100363,0.0016010483530200968,0.9834488978185767,0.985483413001496,0.04328227036150999,0.003931625595964138,0.04078423463590112,0.04578030608711887,0.0,0.0,0.0,0.0,1.0,0.0,1.0,1.0,0.0,0.0,0.0,0.0,12
LEFT,LEFT,True,0.8,strong,2.0,independent_rollout,2,semantic_group_deduplication,0.9412783380695741,0.004096624067445358,0.9386754673167301,0.943881208822418,9.445302104750068e-05,0.004442820518954096,-0.0027283804629465135,0.0029172865050415145,0.0,0.0,0.0,0.0,1.0,0.0,1.0,1.0,0.0,0.0,0.0,0.0,12
LEFT,LEFT,True,0.8,strong,2.0,independent_rollout,2,single_trajectory_score_average,0.8886075655719644,0.0025834600171620644,0.886966113388629,0.8902490177552999,-0.00021873779587599138,0.002674556975658875,-0.001918070225248352,0.0014805946334963695,0.0,0.0,0.0,0.0,1.0,0.0,1.0,1.0,0.0,0.0,0.0,0.0,12
LEFT,LEFT,True,0.8,strong,2.0,independent_rollout,2,source_group_average,0.8886075655719644,0.0025834600171620644,0.886966113388629,0.8902490177552999,-0.00021873779587599138,0.002674556975658875,-0.001918070225248352,0.0014805946334963695,0.0,0.0,0.0,0.0,1.0,0.0,1.0,1.0,0.0,0.0,0.0,0.0,12
LEFT,LEFT,True,0.8,strong,2.0,independent_rollout,4,exact_deduplication,0.999078714297084,0.00018339647512790266,0.9989621897360244,0.9991952388581435,0.05789482924855746,0.005162110779772999,0.054614980536446964,0.06117467796066796,0.0,0.0,0.0,0.0,1.0,0.0,1.0,1.0,0.0,0.0,0.0,0.0,12
LEFT,LEFT,True,0.8,strong,2.0,independent_rollout,4,explicit_belief_mixing,0.8448186321095599,0.0011513581024775103,0.8440870940719831,0.8455501701471366,0.00040548042563962977,0.0017556580308211267,-0.0007100114684627159,0.0015209723197419755,0.0,0.0,0.0,0.0,1.0,0.0,1.0,1.0,0.0,0.0,0.0,0.0,12
LEFT,LEFT,True,0.8,strong,2.0,independent_rollout,4,ordinary_flat_aggregation,0.999078714297084,0.00018339647512790266,0.9989621897360244,0.9991952388581435,0.05789482924855746,0.005162110779772999,0.054614980536446964,0.06117467796066796,0.0,0.0,0.0,0.0,1.0,0.0,1.0,1.0,0.0,0.0,0.0,0.0,12
LEFT,LEFT,True,0.8,strong,2.0,independent_rollout,4,provenance_preserving,0.999078714297084,0.00018339647512790266,0.9989621897360244,0.9991952388581435,0.05789482924855746,0.005162110779772999,0.054614980536446964,0.06117467796066796,0.0,0.0,0.0,0.0,1.0,0.0,1.0,1.0,0.0,0.0,0.0,0.0,12
LEFT,LEFT,True,0.8,strong,2.0,independent_rollout,4,semantic_group_deduplication,0.9404229462673349,0.005068981746587147,0.9372022689199211,0.9436436236147487,-0.0007609387811913318,0.006935739370306278,-0.00516769733630964,0.0036458197739269757,0.0,0.0,0.0,0.0,1.0,0.0,1.0,1.0,0.0,0.0,0.0,0.0,12
LEFT,LEFT,True,0.8,strong,2.0,independent_rollout,4,single_trajectory_score_average,0.8896372642191196,0.0023027162049550328,0.8881741881439661,0.8911003402942731,0.0008109608512792225,0.0035113160616422096,-0.0014200229369254413,0.003041944639483886,0.0,0.0,0.0,0.0,1.0,0.0,1.0,1.0,0.0,0.0,0.0,0.0,12
LEFT,LEFT,True,0.8,strong,2.0,independent_rollout,4,source_group_average,0.8896372642191196,0.0023027162049550328,0.8881741881439661,0.8911003402942731,0.0008109608512792225,0.0035113160616422096,-0.0014200229369254413,0.003041944639483886,0.0,0.0,0.0,0.0,1.0,0.0,1.0,1.0,0.0,0.0,0.0,0.0,12
LEFT,LEFT,True,0.8,strong,2.0,independent_rollout,8,exact_deduplication,0.99999618753442,8.860108885165535e-07,0.9999956245899588,0.9999967504788811,0.05881230248589365,0.005279451854712045,0.05545789881168809,0.06216670616009921,0.0,0.0,0.0,0.0,1.0,0.0,1.0,1.0,0.0,0.0,0.0,0.0,12
LEFT,LEFT,True,0.8,strong,2.0,independent_rollout,8,explicit_belief_mixing,0.8444329214408487,0.0007321163938293995,0.8439677568766116,0.8448980860050858,1.9769756928467164e-05,0.0023017579644842067,-0.0014426974812766728,0.001482236995133607,0.0,0.0,0.0,0.0,1.0,0.0,1.0,1.0,0.0,0.0,0.0,0.0,12
LEFT,LEFT,True,0.8,strong,2.0,independent_rollout,8,ordinary_flat_aggregation,0.99999618753442,8.860108885165535e-07,0.9999956245899588,0.9999967504788811,0.05881230248589365,0.005279451854712045,0.05545789881168809,0.06216670616009921,0.0,0.0,0.0,0.0,1.0,0.0,1.0,1.0,0.0,0.0,0.0,0.0,12
LEFT,LEFT,True,0.8,strong,2.0,independent_rollout,8,provenance_preserving,0.99999618753442,8.860108885165535e-07,0.9999956245899588,0.9999967504788811,0.05881230248589365,0.005279451854712045,0.05545789881168809,0.06216670616009921,0.0,0.0,0.0,0.0,1.0,0.0,1.0,1.0,0.0,0.0,0.0,0.0,12
LEFT,LEFT,True,0.8,strong,2.0,independent_rollout,8,semantic_group_deduplication,0.9424167105143472,0.0037894855805130174,0.9400089862459127,0.9448244347827817,0.0012328254658206157,0.00599169860958927,-0.002574118206333547,0.005039769137974779,0.0,0.0,0.0,0.0,1.0,0.0,1.0,1.0,0.0,0.0,0.0,0.0,12
LEFT,LEFT,True,0.8,strong,2.0,independent_rollout,8,single_trajectory_score_average,0.8888658428816973,0.001464232787658789,0.8879355137532233,0.8897961720101714,3.953951385685106e-05,0.0046035159289683665,-0.0028853949625533993,0.0029644739902671014,0.0,0.0,0.0,0.0,1.0,0.0,1.0,1.0,0.0,0.0,0.0,0.0,12
LEFT,LEFT,True,0.8,strong,2.0,independent_rollout,8,source_group_average,0.8888658428816973,0.001464232787658789,0.8879355137532233,0.8897961720101714,3.953951385685106e-05,0.0046035159289683665,-0.0028853949625533993,0.0029644739902671014,0.0,0.0,0.0,0.0,1.0,0.0,1.0,1.0,0.0,0.0,0.0,0.0,12
LEFT,LEFT,True,0.8,strong,2.0,independent_rollout,16,exact_deduplication,0.999999999945918,1.2213971881729307e-11,0.9999999999381577,0.9999999999536784,0.05881611489739167,0.005279597152754309,0.05546161890521443,0.06217061088956891,0.0,0.0,0.0,0.0,1.0,0.0,1.0,1.0,0.0,0.0,0.0,0.0,12
LEFT,LEFT,True,0.8,strong,2.0,independent_rollout,16,explicit_belief_mixing,0.8445079307850477,0.00036901078920958686,0.844273472515286,0.8447423890548095,9.477910112741979e-05,0.002514348691751075,-0.0015027618409906634,0.0016923200432455029,0.0,0.0,0.0,0.0,1.0,0.0,1.0,1.0,0.0,0.0,0.0,0.0,12
LEFT,LEFT,True,0.8,strong,2.0,independent_rollout,16,ordinary_flat_aggregation,0.999999999945918,1.2213971881729307e-11,0.9999999999381577,0.9999999999536784,0.05881611489739167,0.005279597152754309,0.05546161890521443,0.06217061088956891,0.0,0.0,0.0,0.0,1.0,0.0,1.0,1.0,0.0,0.0,0.0,0.0,12
LEFT,LEFT,True,0.8,strong,2.0,independent_rollout,16,provenance_preserving,0.999999999945918,1.2213971881729307e-11,0.9999999999381577,0.9999999999536784,0.05881611489739167,0.005279597152754309,0.05546161890521443,0.06217061088956891,0.0,0.0,0.0,0.0,1.0,0.0,1.0,1.0,0.0,0.0,0.0,0.0,12
LEFT,LEFT,True,0.8,strong,2.0,independent_rollout,16,semantic_group_deduplication,0.9416531628702592,0.00429412038279967,0.9389248089452797,0.9443815167952387,0.0004692778217328386,0.007824517609342272,-0.004502183485228045,0.005440739128693722,0.0,0.0,0.0,0.0,1.0,0.0,1.0,1.0,0.0,0.0,0.0,0.0,12
LEFT,LEFT,True,0.8,strong,2.0,independent_rollout,16,single_trajectory_score_average,0.8890158615700953,0.0007380215784191798,0.8885469450305719,0.8894847781096187,0.0001895582022548211,0.0050286973835021315,-0.0030055236819813338,0.0033846400864909762,0.0,0.0,0.0,0.0,1.0,0.0,1.0,1.0,0.0,0.0,0.0,0.0,12
LEFT,LEFT,True,0.8,strong,2.0,independent_rollout,16,source_group_average,0.8890158615700953,0.0007380215784191798,0.8885469450305719,0.8894847781096187,0.0001895582022548211,0.0050286973835021315,-0.0030055236819813338,0.0033846400864909762,0.0,0.0,0.0,0.0,1.0,0.0,1.0,1.0,0.0,0.0,0.0,0.0,12
LEFT,LEFT,True,0.8,strong,2.0,pure_duplication,1,exact_deduplication,0.8880313453254689,0.007861929251637095,0.8830361137950407,0.8930265768558971,0.0,0.0,0.0,0.0,0.0,0.0,0.0,0.0,1.0,0.0,1.0,1.0,0.0,0.0,0.0,0.0,12
LEFT,LEFT,True,0.8,strong,2.0,pure_duplication,1,explicit_belief_mixing,0.8444131516839203,0.002334886408012699,0.8429296356369087,0.8458966677309319,0.0,0.0,0.0,0.0,0.0,0.0,0.0,0.0,1.0,0.0,1.0,1.0,0.0,0.0,0.0,0.0,12
LEFT,LEFT,True,0.8,strong,2.0,pure_duplication,1,ordinary_flat_aggregation,0.9411838850485265,0.005279597148402436,0.9378293890591143,0.9445383810379386,0.0,0.0,0.0,0.0,0.0,0.0,0.0,0.0,1.0,0.0,1.0,1.0,0.0,0.0,0.0,0.0,12
LEFT,LEFT,True,0.8,strong,2.0,pure_duplication,1,provenance_preserving,0.9411838850485265,0.005279597148402436,0.9378293890591143,0.9445383810379386,0.0,0.0,0.0,0.0,0.0,0.0,0.0,0.0,1.0,0.0,1.0,1.0,0.0,0.0,0.0,0.0,12
LEFT,LEFT,True,0.8,strong,2.0,pure_duplication,1,semantic_group_deduplication,0.8880313453254689,0.007861929251637095,0.8830361137950407,0.8930265768558971,0.0,0.0,0.0,0.0,0.0,0.0,0.0,0.0,1.0,0.0,1.0,1.0,0.0,0.0,0.0,0.0,12
LEFT,LEFT,True,0.8,strong,2.0,pure_duplication,1,single_trajectory_score_average,0.8888263033678404,0.00466977281602537,0.8858592712738173,0.8917933354618636,0.0,0.0,0.0,0.0,0.0,0.0,0.0,0.0,1.0,0.0,1.0,1.0,0.0,0.0,0.0,0.0,12
LEFT,LEFT,True,0.8,strong,2.0,pure_duplication,1,source_group_average,0.8888263033678404,0.00466977281602537,0.8858592712738173,0.8917933354618636,0.0,0.0,0.0,0.0,0.0,0.0,0.0,0.0,1.0,0.0,1.0,1.0,0.0,0.0,0.0,0.0,12
LEFT,LEFT,True,0.8,strong,2.0,pure_duplication,2,exact_deduplication,0.8929043700227141,0.0068888609642290795,0.8885273965858076,0.8972813434596205,0.00487302469724508,0.00978174744989057,-0.0013420011215391726,0.011088050516029332,0.0,0.0,0.0,0.0,1.0,0.0,1.0,1.0,0.0,0.0,0.0,0.0,12
LEFT,LEFT,True,0.8,strong,2.0,pure_duplication,2,explicit_belief_mixing,0.8444131516839203,0.002334886408012709,0.8429296356369087,0.8458966677309319,9.25185853854297e-18,3.204937810639273e-17,-1.1111344808057227e-17,2.961506188514317e-17,0.0,0.0,0.0,0.0,1.0,0.0,1.0,1.0,0.0,0.0,0.0,0.0,12
LEFT,LEFT,True,0.8,strong,2.0,pure_duplication,2,ordinary_flat_aggregation,0.9844855343376767,0.003021207111741588,0.9825659509197283,0.9864051177556251,0.04330164928915029,0.002270673132377128,0.041858932411001755,0.04474436616729883,0.0,0.0,0.0,0.0,1.0,0.0,1.0,1.0,0.0,0.0,0.0,0.0,12
LEFT,LEFT,True,0.8,strong,2.0,pure_duplication,2,provenance_preserving,0.9411838850485265,0.005279597148402436,0.9378293890591143,0.9445383810379386,0.0,0.0,0.0,0.0,0.0,0.0,0.0,0.0,1.0,0.0,1.0,1.0,0.0,0.0,0.0,0.0,12
LEFT,LEFT,True,0.8,strong,2.0,pure_duplication,2,semantic_group_deduplication,0.8929043700227141,0.0068888609642290795,0.8885273965858076,0.8972813434596205,0.00487302469724508,0.00978174744989057,-0.0013420011215391726,0.011088050516029332,0.0,0.0,0.0,0.0,1.0,0.0,1.0,1.0,0.0,0.0,0.0,0.0,12
LEFT,LEFT,True,0.8,strong,2.0,pure_duplication,2,single_trajectory_score_average,0.8888263033678404,0.004669772816025395,0.8858592712738173,0.8917933354618636,-9.25185853854297e-18,5.716856438735954e-17,-4.557503141848114e-17,2.7071314341395202e-17,0.0,0.0,0.0,0.0,1.0,0.0,1.0,1.0,0.0,0.0,0.0,0.0,12
LEFT,LEFT,True,0.8,strong,2.0,pure_duplication,2,source_group_average,0.8888263033678404,0.00466977281602537,0.8858592712738173,0.8917933354618636,0.0,0.0,0.0,0.0,0.0,0.0,0.0,0.0,1.0,0.0,1.0,1.0,0.0,0.0,0.0,0.0,12
LEFT,LEFT,True,0.8,strong,2.0,pure_duplication,4,exact_deduplication,0.8867834166586048,0.007373629976833059,0.8820984356857325,0.8914683976314771,-0.0012479286668639993,0.003081586271220642,-0.00320587517249185,0.0007100178387638518,0.0,0.0,0.0,0.0,1.0,0.0,1.0,1.0,0.0,0.0,0.0,0.0,12
LEFT,LEFT,True,0.8,strong,2.0,pure_duplication,4,explicit_belief_mixing,0.8444131516839203,0.002334886408012699,0.8429296356369087,0.8458966677309319,0.0,0.0,0.0,0.0,0.0,0.0,0.0,0.0,1.0,0.0,1.0,1.0,0.0,0.0,0.0,0.0,12
LEFT,LEFT,True,0.8,strong,2.0,pure_duplication,4,ordinary_flat_aggregation,0.9989708816868391,0.0004386886021476646,0.998692152246857,0.9992496111268212,0.05778699663831275,0.004848018201694874,0.054706712829328624,0.060867280447296876,0.0,0.0,0.0,0.0,1.0,0.0,1.0,1.0,0.0,0.0,0.0,0.0,12
LEFT,LEFT,True,0.8,strong,2.0,pure_duplication,4,provenance_preserving,0.9411838850485265,0.005279597148402436,0.9378293890591143,0.9445383810379386,0.0,0.0,0.0,0.0,0.0,0.0,0.0,0.0,1.0,0.0,1.0,1.0,0.0,0.0,0.0,0.0,12
LEFT,LEFT,True,0.8,strong,2.0,pure_duplication,4,semantic_group_deduplication,0.8867834166586048,0.007373629976833059,0.8820984356857325,0.8914683976314771,-0.0012479286668639993,0.003081586271220642,-0.00320587517249185,0.0007100178387638518,0.0,0.0,0.0,0.0,1.0,0.0,1.0,1.0,0.0,0.0,0.0,0.0,12
LEFT,LEFT,True,0.8,strong,2.0,pure_duplication,4,single_trajectory_score_average,0.8888263033678404,0.00466977281602537,0.8858592712738173,0.8917933354618636,0.0,0.0,0.0,0.0,0.0,0.0,0.0,0.0,1.0,0.0,1.0,1.0,0.0,0.0,0.0,0.0,12
LEFT,LEFT,True,0.8,strong,2.0,pure_duplication,4,source_group_average,0.8888263033678404,0.00466977281602537,0.8858592712738173,0.8917933354618636,0.0,0.0,0.0,0.0,0.0,0.0,0.0,0.0,1.0,0.0,1.0,1.0,0.0,0.0,0.0,0.0,12
LEFT,LEFT,True,0.8,strong,2.0,pure_duplication,8,exact_deduplication,0.8891768691046718,0.009987208481653973,0.8828312995743773,0.8955224386349662,0.0011455237792026747,0.011192861416953987,-0.00596608107962256,0.008257128638027909,0.0,0.0,0.0,0.0,1.0,0.0,1.0,1.0,0.0,0.0,0.0,0.0,12
LEFT,LEFT,True,0.8,strong,2.0,pure_duplication,8,explicit_belief_mixing,0.8444131516839203,0.002334886408012699,0.8429296356369087,0.8458966677309319,0.0,0.0,0.0,0.0,0.0,0.0,0.0,0.0,1.0,0.0,1.0,1.0,0.0,0.0,0.0,0.0,12
LEFT,LEFT,True,0.8,strong,2.0,pure_duplication,8,ordinary_flat_aggregation,0.9999950440280277,4.880261565942801e-06,0.9999919432577625,0.999998144798293,0.0588111589795014,0.005275044105272946,0.05545955585567879,0.062162762103324005,0.0,0.0,0.0,0.0,1.0,0.0,1.0,1.0,0.0,0.0,0.0,0.0,12
LEFT,LEFT,True,0.8,strong,2.0,pure_duplication,8,provenance_preserving,0.9411838850485265,0.005279597148402436,0.9378293890591143,0.9445383810379386,0.0,0.0,0.0,0.0,0.0,0.0,0.0,0.0,1.0,0.0,1.0,1.0,0.0,0.0,0.0,0.0,12
LEFT,LEFT,True,0.8,strong,2.0,pure_duplication,8,semantic_group_deduplication,0.8891768691046718,0.009987208481653973,0.8828312995743773,0.8955224386349662,0.0011455237792026747,0.011192861416953987,-0.00596608107962256,0.008257128638027909,0.0,0.0,0.0,0.0,1.0,0.0,1.0,1.0,0.0,0.0,0.0,0.0,12
LEFT,LEFT,True,0.8,strong,2.0,pure_duplication,8,single_trajectory_score_average,0.8888263033678404,0.00466977281602537,0.8858592712738173,0.8917933354618636,0.0,0.0,0.0,0.0,0.0,0.0,0.0,0.0,1.0,0.0,1.0,1.0,0.0,0.0,0.0,0.0,12
LEFT,LEFT,True,0.8,strong,2.0,pure_duplication,8,source_group_average,0.8888263033678404,0.00466977281602537,0.8858592712738173,0.8917933354618636,0.0,0.0,0.0,0.0,0.0,0.0,0.0,0.0,1.0,0.0,1.0,1.0,0.0,0.0,0.0,0.0,12
LEFT,LEFT,True,0.8,strong,2.0,pure_duplication,16,exact_deduplication,0.8860984441992438,0.009685189464846342,0.8799447683972264,0.8922521200012612,-0.0019329011262250728,0.010252477022666292,-0.008447014246481123,0.004581211994030976,0.0,0.0,0.0,0.0,1.0,0.0,1.0,1.0,0.0,0.0,0.0,0.0,12
LEFT,LEFT,True,0.8,strong,2.0,pure_duplication,16,explicit_belief_mixing,0.8444131516839203,0.002334886408012699,0.8429296356369087,0.8458966677309319,0.0,0.0,0.0,0.0,0.0,0.0,0.0,0.0,1.0,0.0,1.0,1.0,0.0,0.0,0.0,0.0,12
LEFT,LEFT,True,0.8,strong,2.0,pure_duplication,16,ordinary_flat_aggregation,0.9999999998144191,4.123245931898834e-10,0.9999999995524406,1.0000000000763976,0.05881611476589269,0.005279596808959676,0.05546161899215214,0.06217061053963324,0.0,0.0,0.0,0.0,1.0,0.0,1.0,1.0,0.0,0.0,0.0,0.0,12
LEFT,LEFT,True,0.8,strong,2.0,pure_duplication,16,provenance_preserving,0.9411838850485265,0.005279597148402436,0.9378293890591143,0.9445383810379386,0.0,0.0,0.0,0.0,0.0,0.0,0.0,0.0,1.0,0.0,1.0,1.0,0.0,0.0,0.0,0.0,12
LEFT,LEFT,True,0.8,strong,2.0,pure_duplication,16,semantic_group_deduplication,0.8860984441992438,0.009685189464846342,0.8799447683972264,0.8922521200012612,-0.0019329011262250728,0.010252477022666292,-0.008447014246481123,0.004581211994030976,0.0,0.0,0.0,0.0,1.0,0.0,1.0,1.0,0.0,0.0,0.0,0.0,12
LEFT,LEFT,True,0.8,strong,2.0,pure_duplication,16,single_trajectory_score_average,0.8888263033678404,0.004669772816025385,0.8858592712738173,0.8917933354618636,-1.850371707708594e-17,4.321537262272484e-17,-4.5961454868263707e-17,8.954020714091824e-18,0.0,0.0,0.0,0.0,1.0,0.0,1.0,1.0,0.0,0.0,0.0,0.0,12
LEFT,LEFT,True,0.8,strong,2.0,pure_duplication,16,source_group_average,0.8888263033678404,0.00466977281602537,0.8858592712738173,0.8917933354618636,0.0,0.0,0.0,0.0,0.0,0.0,0.0,0.0,1.0,0.0,1.0,1.0,0.0,0.0,0.0,0.0,12
LEFT,LEFT,True,0.8,weak,1.2,independent_rollout,1,exact_deduplication,0.8558561140082727,0.013213469392267781,0.8474606760919545,0.8642515519245908,0.0,0.0,0.0,0.0,0.0,0.0,0.0,0.0,1.0,0.0,1.0,1.0,0.0,0.0,0.0,0.0,12
LEFT,LEFT,True,0.8,weak,1.2,independent_rollout,1,explicit_belief_mixing,0.8148162489759421,0.0037892604166849487,0.8124086677697786,0.8172238301821055,0.0,0.0,0.0,0.0,0.0,0.0,0.0,0.0,1.0,0.0,1.0,1.0,0.0,0.0,0.0,0.0,12
LEFT,LEFT,True,0.8,weak,1.2,independent_rollout,1,ordinary_flat_aggregation,0.8558561140082727,0.013213469392267781,0.8474606760919545,0.8642515519245908,0.0,0.0,0.0,0.0,0.0,0.0,0.0,0.0,1.0,0.0,1.0,1.0,0.0,0.0,0.0,0.0,12
LEFT,LEFT,True,0.8,weak,1.2,independent_rollout,1,provenance_preserving,0.8558561140082727,0.013213469392267781,0.8474606760919545,0.8642515519245908,0.0,0.0,0.0,0.0,0.0,0.0,0.0,0.0,1.0,0.0,1.0,1.0,0.0,0.0,0.0,0.0,12
LEFT,LEFT,True,0.8,weak,1.2,independent_rollout,1,semantic_group_deduplication,0.8558561140082727,0.013213469392267781,0.8474606760919545,0.8642515519245908,0.0,0.0,0.0,0.0,0.0,0.0,0.0,0.0,1.0,0.0,1.0,1.0,0.0,0.0,0.0,0.0,12
LEFT,LEFT,True,0.8,weak,1.2,independent_rollout,1,single_trajectory_score_average,0.8296324979518842,0.0075785208333699495,0.8248173355395572,0.8344476603642113,0.0,0.0,0.0,0.0,0.0,0.0,0.0,0.0,1.0,0.0,1.0,1.0,0.0,0.0,0.0,0.0,12
LEFT,LEFT,True,0.8,weak,1.2,independent_rollout,1,source_group_average,0.8296324979518842,0.0075785208333699495,0.8248173355395572,0.8344476603642113,0.0,0.0,0.0,0.0,0.0,0.0,0.0,0.0,1.0,0.0,1.0,1.0,0.0,0.0,0.0,0.0,12
LEFT,LEFT,True,0.8,weak,1.2,independent_rollout,2,exact_deduplication,0.8920771493205416,0.01556380193122906,0.8821883813538206,0.9019659172872626,0.03622103531226878,0.01316471112191177,0.027856576922941502,0.044585493701596056,0.0,0.0,0.0,0.0,1.0,0.0,1.0,1.0,0.0,0.0,0.0,0.0,12
LEFT,LEFT,True,0.8,weak,1.2,independent_rollout,2,explicit_belief_mixing,0.8137046201369187,0.0027522033814203943,0.8119559535349953,0.8154532867388421,-0.0011116288390234097,0.0032594330992856066,-0.0031825738281916435,0.0009593161501448241,0.0,0.0,0.0,0.0,1.0,0.0,1.0,1.0,0.0,0.0,0.0,0.0,12
LEFT,LEFT,True,0.8,weak,1.2,independent_rollout,2,ordinary_flat_aggregation,0.8920771493205416,0.01556380193122906,0.8821883813538206,0.9019659172872626,0.03622103531226878,0.01316471112191177,0.027856576922941502,0.044585493701596056,0.0,0.0,0.0,0.0,1.0,0.0,1.0,1.0,0.0,0.0,0.0,0.0,12
LEFT,LEFT,True,0.8,weak,1.2,independent_rollout,2,provenance_preserving,0.8920771493205416,0.01556380193122906,0.8821883813538206,0.9019659172872626,0.03622103531226878,0.01316471112191177,0.027856576922941502,0.044585493701596056,0.0,0.0,0.0,0.0,1.0,0.0,1.0,1.0,0.0,0.0,0.0,0.0,12
LEFT,LEFT,True,0.8,weak,1.2,independent_rollout,2,semantic_group_deduplication,0.845899555864334,0.012694715639794539,0.8378337183575263,0.8539653933711416,-0.009956558143938773,0.018152480354772273,-0.02149009391122601,0.0015769776233484634,0.0,0.0,0.0,0.0,1.0,0.0,1.0,1.0,0.0,0.0,0.0,0.0,12
LEFT,LEFT,True,0.8,weak,1.2,independent_rollout,2,single_trajectory_score_average,0.8274092402738374,0.005504406762840793,0.8239119070699906,0.8309065734776843,-0.0022232576780468194,0.006518866198571266,-0.00636514765638332,0.0019186323002896811,0.0,0.0,0.0,0.0,1.0,0.0,1.0,1.0,0.0,0.0,0.0,0.0,12
LEFT,LEFT,True,0.8,weak,1.2,independent_rollout,2,source_group_average,0.8274092402738374,0.005504406762840793,0.8239119070699906,0.8309065734776843,-0.0022232576780468194,0.006518866198571266,-0.00636514765638332,0.0019186323002896811,0.0,0.0,0.0,0.0,1.0,0.0,1.0,1.0,0.0,0.0,0.0,0.0,12
LEFT,LEFT,True,0.8,weak,1.2,independent_rollout,4,exact_deduplication,0.9456181377906114,0.009297789601755152,0.9397106041184782,0.9515256714627447,0.08976202378233877,0.010279313438338124,0.08323085961704824,0.09629318794762931,0.0,0.0,0.0,0.0,1.0,0.0,1.0,1.0,0.0,0.0,0.0,0.0,12
LEFT,LEFT,True,0.8,weak,1.2,independent_rollout,4,explicit_belief_mixing,0.8138717099801352,0.0015837574099399872,0.8128654385297741,0.8148779814304964,-0.0009445389958068484,0.003117240281899325,-0.0029251389790516977,0.0010360609874380008,0.0,0.0,0.0,0.0,1.0,0.0,1.0,1.0,0.0,0.0,0.0,0.0,12
LEFT,LEFT,True,0.8,weak,1.2,independent_rollout,4,ordinary_flat_aggregation,0.9456181377906114,0.009297789601755152,0.9397106041184782,0.9515256714627447,0.08976202378233877,0.010279313438338124,0.08323085961704824,0.09629318794762931,0.0,0.0,0.0,0.0,1.0,0.0,1.0,1.0,0.0,0.0,0.0,0.0,12
LEFT,LEFT,True,0.8,weak,1.2,independent_rollout,4,provenance_preserving,0.9456181377906114,0.009297789601755152,0.9397106041184782,0.9515256714627447,0.08976202378233877,0.010279313438338124,0.08323085961704824,0.09629318794762931,0.0,0.0,0.0,0.0,1.0,0.0,1.0,1.0,0.0,0.0,0.0,0.0,12
LEFT,LEFT,True,0.8,weak,1.2,independent_rollout,4,semantic_group_deduplication,0.8538681046141607,0.01100722595959403,0.8468744468978358,0.8608617623304857,-0.0019880093941119594,0.01550302114095523,-0.01183815908912098,0.007862140300897063,0.0,0.0,0.0,0.0,1.0,0.0,1.0,1.0,0.0,0.0,0.0,0.0,12
LEFT,LEFT,True,0.8,weak,1.2,independent_rollout,4,single_trajectory_score_average,0.8277434199602706,0.0031675148198800013,0.8257308770595483,0.8297559628609928,-0.0018890779916137246,0.006234480563798691,-0.005850277958103449,0.002072121974876,0.0,0.0,0.0,0.0,1.0,0.0,1.0,1.0,0.0,0.0,0.0,0.0,12
LEFT,LEFT,True,0.8,weak,1.2,independent_rollout,4,source_group_average,0.8277434199602706,0.0031675148198800013,0.8257308770595483,0.8297559628609928,-0.0018890779916137246,0.006234480563798691,-0.005850277958103449,0.002072121974876,0.0,0.0,0.0,0.0,1.0,0.0,1.0,1.0,0.0,0.0,0.0,0.0,12
LEFT,LEFT,True,0.8,weak,1.2,independent_rollout,8,exact_deduplication,0.9864813933615033,0.004232030252573165,0.9837924896231521,0.9891702970998545,0.13062527935323057,0.011958946985436964,0.12302692694628979,0.13822363176017136,0.0,0.0,0.0,0.0,1.0,0.0,1.0,1.0,0.0,0.0,0.0,0.0,12
LEFT,LEFT,True,0.8,weak,1.2,independent_rollout,8,explicit_belief_mixing,0.813817470778821,0.0014493637613087068,0.81289658897897,0.8147383525786721,-0.000998778197121103,0.0035124598081178104,-0.0032304886871663547,0.0012329322929241489,0.0,0.0,0.0,0.0,1.0,0.0,1.0,1.0,0.0,0.0,0.0,0.0,12
LEFT,LEFT,True,0.8,weak,1.2,independent_rollout,8,ordinary_flat_aggregation,0.9864813933615033,0.004232030252573165,0.9837924896231521,0.9891702970998545,0.13062527935323057,0.011958946985436964,0.12302692694628979,0.13822363176017136,0.0,0.0,0.0,0.0,1.0,0.0,1.0,1.0,0.0,0.0,0.0,0.0,12
LEFT,LEFT,True,0.8,weak,1.2,independent_rollout,8,provenance_preserving,0.9864813933615033,0.004232030252573165,0.9837924896231521,0.9891702970998545,0.13062527935323057,0.011958946985436964,0.12302692694628979,0.13822363176017136,0.0,0.0,0.0,0.0,1.0,0.0,1.0,1.0,0.0,0.0,0.0,0.0,12
LEFT,LEFT,True,0.8,weak,1.2,independent_rollout,8,semantic_group_deduplication,0.8508599091911461,0.010591436138326414,0.8441304317235552,0.857589386658737,-0.004996204817126658,0.01255435064078085,-0.012972858658398801,0.0029804490241454864,0.0,0.0,0.0,0.0,1.0,0.0,1.0,1.0,0.0,0.0,0.0,0.0,12
LEFT,LEFT,True,0.8,weak,1.2,independent_rollout,8,single_trajectory_score_average,0.827634941557642,0.002898727522617405,0.8257931779579398,0.8294767051573441,-0.0019975563942422245,0.007024919616235682,-0.006460977374332768,0.002465864585848318,0.0,0.0,0.0,0.0,1.0,0.0,1.0,1.0,0.0,0.0,0.0,0.0,12
LEFT,LEFT,True,0.8,weak,1.2,independent_rollout,8,source_group_average,0.827634941557642,0.002898727522617405,0.8257931779579398,0.8294767051573441,-0.0019975563942422245,0.007024919616235682,-0.006460977374332768,0.002465864585848318,0.0,0.0,0.0,0.0,1.0,0.0,1.0,1.0,0.0,0.0,0.0,0.0,12
LEFT,LEFT,True,0.8,weak,1.2,independent_rollout,16,exact_deduplication,0.9992280645519922,0.0003506029031369341,0.9990053020950489,0.9994508270089355,0.14337195054371968,0.013107819725759737,0.13504363922297732,0.15170026186446203,0.0,0.0,0.0,0.0,1.0,0.0,1.0,1.0,0.0,0.0,0.0,0.0,12
LEFT,LEFT,True,0.8,weak,1.2,independent_rollout,16,explicit_belief_mixing,0.8137966051902307,0.0011109791425203393,0.8130907227198166,0.8145024876606447,-0.0010196437857116676,0.0036531520545289332,-0.003340745864369,0.0013014582929456646,0.0,0.0,0.0,0.0,1.0,0.0,1.0,1.0,0.0,0.0,0.0,0.0,12
LEFT,LEFT,True,0.8,weak,1.2,independent_rollout,16,ordinary_flat_aggregation,0.9992280645519922,0.0003506029031369341,0.9990053020950489,0.9994508270089355,0.14337195054371968,0.013107819725759737,0.13504363922297732,0.15170026186446203,0.0,0.0,0.0,0.0,1.0,0.0,1.0,1.0,0.0,0.0,0.0,0.0,12
LEFT,LEFT,True,0.8,weak,1.2,independent_rollout,16,provenance_preserving,0.9992280645519922,0.0003506029031369341,0.9990053020950489,0.9994508270089355,0.14337195054371968,0.013107819725759737,0.13504363922297732,0.15170026186446203,0.0,0.0,0.0,0.0,1.0,0.0,1.0,1.0,0.0,0.0,0.0,0.0,12
LEFT,LEFT,True,0.8,weak,1.2,independent_rollout,16,semantic_group_deduplication,0.8510351005070573,0.008169639251831924,0.8458443593700168,0.8562258416440979,-0.004821013501215369,0.0137890785469038,-0.01358217602613927,0.0039401490237085295,0.0,0.0,0.0,0.0,1.0,0.0,1.0,1.0,0.0,0.0,0.0,0.0,12
LEFT,LEFT,True,0.8,weak,1.2,independent_rollout,16,single_trajectory_score_average,0.8275932103804607,0.002221958285040713,0.8261814454396327,0.8290049753212888,-0.002039287571423363,0.007306304109057976,-0.006681491728738097,0.002602916585891371,0.0,0.0,0.0,0.0,1.0,0.0,1.0,1.0,0.0,0.0,0.0,0.0,12
LEFT,LEFT,True,0.8,weak,1.2,independent_rollout,16,source_group_average,0.8275932103804607,0.002221958285040713,0.8261814454396327,0.8290049753212888,-0.002039287571423363,0.007306304109057976,-0.006681491728738097,0.002602916585891371,0.0,0.0,0.0,0.0,1.0,0.0,1.0,1.0,0.0,0.0,0.0,0.0,12
LEFT,LEFT,True,0.8,weak,1.2,pure_duplication,1,exact_deduplication,0.8248191321798832,0.01411035661673175,0.8158538393081866,0.8337844250515799,0.0,0.0,0.0,0.0,0.0,0.0,0.0,0.0,1.0,0.0,1.0,1.0,0.0,0.0,0.0,0.0,12
LEFT,LEFT,True,0.8,weak,1.2,pure_duplication,1,explicit_belief_mixing,0.8148162489759421,0.0037892604166849487,0.8124086677697786,0.8172238301821055,0.0,0.0,0.0,0.0,0.0,0.0,0.0,0.0,1.0,0.0,1.0,1.0,0.0,0.0,0.0,0.0,12
LEFT,LEFT,True,0.8,weak,1.2,pure_duplication,1,ordinary_flat_aggregation,0.8558561140082727,0.013213469392267781,0.8474606760919545,0.8642515519245908,0.0,0.0,0.0,0.0,0.0,0.0,0.0,0.0,1.0,0.0,1.0,1.0,0.0,0.0,0.0,0.0,12
LEFT,LEFT,True,0.8,weak,1.2,pure_duplication,1,provenance_preserving,0.8558561140082727,0.013213469392267781,0.8474606760919545,0.8642515519245908,0.0,0.0,0.0,0.0,0.0,0.0,0.0,0.0,1.0,0.0,1.0,1.0,0.0,0.0,0.0,0.0,12
LEFT,LEFT,True,0.8,weak,1.2,pure_duplication,1,semantic_group_deduplication,0.8248191321798832,0.01411035661673175,0.8158538393081866,0.8337844250515799,0.0,0.0,0.0,0.0,0.0,0.0,0.0,0.0,1.0,0.0,1.0,1.0,0.0,0.0,0.0,0.0,12
LEFT,LEFT,True,0.8,weak,1.2,pure_duplication,1,single_trajectory_score_average,0.8296324979518842,0.0075785208333699495,0.8248173355395572,0.8344476603642113,0.0,0.0,0.0,0.0,0.0,0.0,0.0,0.0,1.0,0.0,1.0,1.0,0.0,0.0,0.0,0.0,12
LEFT,LEFT,True,0.8,weak,1.2,pure_duplication,1,source_group_average,0.8296324979518842,0.0075785208333699495,0.8248173355395572,0.8344476603642113,0.0,0.0,0.0,0.0,0.0,0.0,0.0,0.0,1.0,0.0,1.0,1.0,0.0,0.0,0.0,0.0,12
LEFT,LEFT,True,0.8,weak,1.2,pure_duplication,2,exact_deduplication,0.8291614251156187,0.011927059506280424,0.8215833330463395,0.836739517184898,0.004342292935735598,0.01097890943975648,-0.002633373322233885,0.01131795919370508,0.0,0.0,0.0,0.0,1.0,0.0,1.0,1.0,0.0,0.0,0.0,0.0,12
LEFT,LEFT,True,0.8,weak,1.2,pure_duplication,2,explicit_belief_mixing,0.8148162489759421,0.0037892604166849487,0.8124086677697786,0.8172238301821055,0.0,0.0,0.0,0.0,0.0,0.0,0.0,0.0,1.0,0.0,1.0,1.0,0.0,0.0,0.0,0.0,12
LEFT,LEFT,True,0.8,weak,1.2,pure_duplication,2,ordinary_flat_aggregation,0.8972569787881696,0.01975608419937381,0.8847045617475356,0.9098093958288035,0.04140086477989674,0.006628723477403954,0.03718917481665732,0.04561255474313616,0.0,0.0,0.0,0.0,1.0,0.0,1.0,1.0,0.0,0.0,0.0,0.0,12
LEFT,LEFT,True,0.8,weak,1.2,pure_duplication,2,provenance_preserving,0.8558561140082727,0.013213469392267781,0.8474606760919545,0.8642515519245908,0.0,0.0,0.0,0.0,0.0,0.0,0.0,0.0,1.0,0.0,1.0,1.0,0.0,0.0,0.0,0.0,12
LEFT,LEFT,True,0.8,weak,1.2,pure_duplication,2,semantic_group_deduplication,0.8291614251156187,0.011927059506280424,0.8215833330463395,0.836739517184898,0.004342292935735598,0.01097890943975648,-0.002633373322233885,0.01131795919370508,0.0,0.0,0.0,0.0,1.0,0.0,1.0,1.0,0.0,0.0,0.0,0.0,12
LEFT,LEFT,True,0.8,weak,1.2,pure_duplication,2,single_trajectory_score_average,0.8296324979518842,0.007578520833369935,0.8248173355395572,0.8344476603642113,0.0,4.734006883291518e-17,-3.007844473258028e-17,3.007844473258028e-17,0.0,0.0,0.0,0.0,1.0,0.0,1.0,1.0,0.0,0.0,0.0,0.0,12
LEFT,LEFT,True,0.8,weak,1.2,pure_duplication,2,source_group_average,0.8296324979518842,0.0075785208333699495,0.8248173355395572,0.8344476603642113,0.0,0.0,0.0,0.0,0.0,0.0,0.0,0.0,1.0,0.0,1.0,1.0,0.0,0.0,0.0,0.0,12
LEFT,LEFT,True,0.8,weak,1.2,pure_duplication,4,exact_deduplication,0.8267262828701307,0.012918759698999135,0.818518094559478,0.8349344711807835,0.00190715069024755,0.01625626216537371,-0.00842158551893085,0.01223588689942595,0.0,0.0,0.0,0.0,1.0,0.0,1.0,1.0,0.0,0.0,0.0,0.0,12
LEFT,LEFT,True,0.8,weak,1.2,pure_duplication,4,explicit_belief_mixing,0.8148162489759421,0.0037892604166849487,0.8124086677697786,0.8172238301821055,0.0,0.0,0.0,0.0,0.0,0.0,0.0,0.0,1.0,0.0,1.0,1.0,0.0,0.0,0.0,0.0,12
LEFT,LEFT,True,0.8,weak,1.2,pure_duplication,4,ordinary_flat_aggregation,0.9481736348744222,0.021492215122961067,0.9345181328717036,0.9618291368771408,0.09231752086614953,0.009021816217120511,0.08658533231712318,0.09804970941517588,0.0,0.0,0.0,0.0,1.0,0.0,1.0,1.0,0.0,0.0,0.0,0.0,12
LEFT,LEFT,True,0.8,weak,1.2,pure_duplication,4,provenance_preserving,0.8558561140082727,0.013213469392267781,0.8474606760919545,0.8642515519245908,0.0,0.0,0.0,0.0,0.0,0.0,0.0,0.0,1.0,0.0,1.0,1.0,0.0,0.0,0.0,0.0,12
LEFT,LEFT,True,0.8,weak,1.2,pure_duplication,4,semantic_group_deduplication,0.8267262828701307,0.012918759698999135,0.818518094559478,0.8349344711807835,0.00190715069024755,0.01625626216537371,-0.00842158551893085,0.01223588689942595,0.0,0.0,0.0,0.0,1.0,0.0,1.0,1.0,0.0,0.0,0.0,0.0,12
LEFT,LEFT,True,0.8,weak,1.2,pure_duplication,4,single_trajectory_score_average,0.8296324979518842,0.0075785208333699495,0.8248173355395572,0.8344476603642113,0.0,0.0,0.0,0.0,0.0,0.0,0.0,0.0,1.0,0.0,1.0,1.0,0.0,0.0,0.0,0.0,12
LEFT,LEFT,True,0.8,weak,1.2,pure_duplication,4,source_group_average,0.8296324979518842,0.0075785208333699495,0.8248173355395572,0.8344476603642113,0.0,0.0,0.0,0.0,0.0,0.0,0.0,0.0,1.0,0.0,1.0,1.0,0.0,0.0,0.0,0.0,12
LEFT,LEFT,True,0.8,weak,1.2,pure_duplication,8,exact_deduplication,0.8286961053241462,0.011326852805304793,0.8214993663987995,0.8358928442494928,0.0038769731442631072,0.016820068037189474,-0.006809988225406054,0.014563934513932269,0.0,0.0,0.0,0.0,1.0,0.0,1.0,1.0,0.0,0.0,0.0,0.0,12
LEFT,LEFT,True,0.8,weak,1.2,pure_duplication,8,explicit_belief_mixing,0.8148162489759421,0.0037892604166849487,0.8124086677697786,0.8172238301821055,0.0,0.0,0.0,0.0,0.0,0.0,0.0,0.0,1.0,0.0,1.0,1.0,0.0,0.0,0.0,0.0,12
LEFT,LEFT,True,0.8,weak,1.2,pure_duplication,8,ordinary_flat_aggregation,0.9859899512523672,0.013430132473363643,0.9774568521819571,0.9945230503227773,0.13013383724409455,0.006251465138124505,0.126161845793926,0.1341058286942631,0.0,0.0,0.0,0.0,1.0,0.0,1.0,1.0,0.0,0.0,0.0,0.0,12
LEFT,LEFT,True,0.8,weak,1.2,pure_duplication,8,provenance_preserving,0.8558561140082727,0.013213469392267781,0.8474606760919545,0.8642515519245908,0.0,0.0,0.0,0.0,0.0,0.0,0.0,0.0,1.0,0.0,1.0,1.0,0.0,0.0,0.0,0.0,12
LEFT,LEFT,True,0.8,weak,1.2,pure_duplication,8,semantic_group_deduplication,0.8286961053241462,0.011326852805304793,0.8214993663987995,0.8358928442494928,0.0038769731442631072,0.016820068037189474,-0.006809988225406054,0.014563934513932269,0.0,0.0,0.0,0.0,1.0,0.0,1.0,1.0,0.0,0.0,0.0,0.0,12
LEFT,LEFT,True,0.8,weak,1.2,pure_duplication,8,single_trajectory_score_average,0.8296324979518842,0.0075785208333699495,0.8248173355395572,0.8344476603642113,0.0,0.0,0.0,0.0,0.0,0.0,0.0,0.0,1.0,0.0,1.0,1.0,0.0,0.0,0.0,0.0,12
LEFT,LEFT,True,0.8,weak,1.2,pure_duplication,8,source_group_average,0.8296324979518842,0.0075785208333699495,0.8248173355395572,0.8344476603642113,0.0,0.0,0.0,0.0,0.0,0.0,0.0,0.0,1.0,0.0,1.0,1.0,0.0,0.0,0.0,0.0,12
LEFT,LEFT,True,0.8,weak,1.2,pure_duplication,16,exact_deduplication,0.8251099503984435,0.012528845769102332,0.8171495015795152,0.8330703992173718,0.0002908182185601034,0.008097917956383599,-0.004854353381416516,0.005435989818536722,0.0,0.0,0.0,0.0,1.0,0.0,1.0,1.0,0.0,0.0,0.0,0.0,12
LEFT,LEFT,True,0.8,weak,1.2,pure_duplication,16,explicit_belief_mixing,0.8148162489759421,0.0037892604166849487,0.8124086677697786,0.8172238301821055,0.0,0.0,0.0,0.0,0.0,0.0,0.0,0.0,1.0,0.0,1.0,1.0,0.0,0.0,0.0,0.0,12
LEFT,LEFT,True,0.8,weak,1.2,pure_duplication,16,ordinary_flat_aggregation,0.998442927457607,0.0034680795485750775,0.9962394148391911,1.0006464400760229,0.14258681344933444,0.010885187069796139,0.13567069554426253,0.14950293135440634,0.0,0.0,0.0,0.0,1.0,0.0,1.0,1.0,0.0,0.0,0.0,0.0,12
LEFT,LEFT,True,0.8,weak,1.2,pure_duplication,16,provenance_preserving,0.8558561140082727,0.013213469392267781,0.8474606760919545,0.8642515519245908,0.0,0.0,0.0,0.0,0.0,0.0,0.0,0.0,1.0,0.0,1.0,1.0,0.0,0.0,0.0,0.0,12
LEFT,LEFT,True,0.8,weak,1.2,pure_duplication,16,semantic_group_deduplication,0.8251099503984435,0.012528845769102332,0.8171495015795152,0.8330703992173718,0.0002908182185601034,0.008097917956383599,-0.004854353381416516,0.005435989818536722,0.0,0.0,0.0,0.0,1.0,0.0,1.0,1.0,0.0,0.0,0.0,0.0,12
LEFT,LEFT,True,0.8,weak,1.2,pure_duplication,16,single_trajectory_score_average,0.8296324979518842,0.007578520833369931,0.8248173355395572,0.8344476603642113,-9.25185853854297e-18,3.204937810639273e-17,-2.961506188514317e-17,1.1111344808057227e-17,0.0,0.0,0.0,0.0,1.0,0.0,1.0,1.0,0.0,0.0,0.0,0.0,12
LEFT,LEFT,True,0.8,weak,1.2,pure_duplication,16,source_group_average,0.8296324979518842,0.0075785208333699495,0.8248173355395572,0.8344476603642113,0.0,0.0,0.0,0.0,0.0,0.0,0.0,0.0,1.0,0.0,1.0,1.0,0.0,0.0,0.0,0.0,12
LEFT,RIGHT,False,0.2,medium,1.5,independent_rollout,1,exact_deduplication,0.3600879169659366,0.02189946627439133,0.3461736599264687,0.37400217400540453,0.0,0.0,0.0,0.0,0.0,0.0,0.0,0.0,1.0,0.0,1.0,1.0,0.0,0.0,0.0,0.0,12
LEFT,RIGHT,False,0.2,medium,1.5,independent_rollout,1,explicit_belief_mixing,0.23644546795919555,0.004694800302940978,0.23346253415863616,0.23942840175975494,0.0,0.0,0.0,0.0,0.0,0.0,0.0,0.0,1.0,0.0,1.0,1.0,0.0,0.0,0.0,0.0,12
LEFT,RIGHT,False,0.2,medium,1.5,independent_rollout,1,ordinary_flat_aggregation,0.3600879169659366,0.02189946627439133,0.3461736599264687,0.37400217400540453,0.0,0.0,0.0,0.0,0.0,0.0,0.0,0.0,1.0,0.0,1.0,1.0,0.0,0.0,0.0,0.0,12
LEFT,RIGHT,False,0.2,medium,1.5,independent_rollout,1,provenance_preserving,0.3600879169659366,0.02189946627439133,0.3461736599264687,0.37400217400540453,0.0,0.0,0.0,0.0,0.0,0.0,0.0,0.0,1.0,0.0,1.0,1.0,0.0,0.0,0.0,0.0,12
LEFT,RIGHT,False,0.2,medium,1.5,independent_rollout,1,semantic_group_deduplication,0.3600879169659366,0.02189946627439133,0.3461736599264687,0.37400217400540453,0.0,0.0,0.0,0.0,0.0,0.0,0.0,0.0,1.0,0.0,1.0,1.0,0.0,0.0,0.0,0.0,12
LEFT,RIGHT,False,0.2,medium,1.5,independent_rollout,1,single_trajectory_score_average,0.2728909359183911,0.009389600605881955,0.2669250683172723,0.27885680351950987,0.0,0.0,0.0,0.0,0.0,0.0,0.0,0.0,1.0,0.0,1.0,1.0,0.0,0.0,0.0,0.0,12
LEFT,RIGHT,False,0.2,medium,1.5,independent_rollout,1,source_group_average,0.2728909359183911,0.009389600605881955,0.2669250683172723,0.27885680351950987,0.0,0.0,0.0,0.0,0.0,0.0,0.0,0.0,1.0,0.0,1.0,1.0,0.0,0.0,0.0,0.0,12
LEFT,RIGHT,False,0.2,medium,1.5,independent_rollout,2,exact_deduplication,0.557513004866247,0.02862646686736249,0.53932461556335,0.575701394169144,0.19742508790031033,0.02096241234269999,0.1841062065244331,0.21074396927618755,1.0,0.0,1.0,1.0,0.0,0.0,0.0,0.0,1.0,0.0,1.0,1.0,12
LEFT,RIGHT,False,0.2,medium,1.5,independent_rollout,2,explicit_belief_mixing,0.23636486263791012,0.0028963911117910316,0.2345245835228242,0.23820514175299604,-8.060532128545174e-05,0.003453937036593174,-0.002275132216285373,0.002113921573714469,0.0,0.0,0.0,0.0,1.0,0.0,1.0,1.0,0.0,0.0,0.0,0.0,12
LEFT,RIGHT,False,0.2,medium,1.5,independent_rollout,2,ordinary_flat_aggregation,0.557513004866247,0.02862646686736249,0.53932461556335,0.575701394169144,0.19742508790031033,0.02096241234269999,0.1841062065244331,0.21074396927618755,1.0,0.0,1.0,1.0,0.0,0.0,0.0,0.0,1.0,0.0,1.0,1.0,12
LEFT,RIGHT,False,0.2,medium,1.5,independent_rollout,2,provenance_preserving,0.557513004866247,0.02862646686736249,0.53932461556335,0.575701394169144,0.19742508790031033,0.02096241234269999,0.1841062065244331,0.21074396927618755,1.0,0.0,1.0,1.0,0.0,0.0,0.0,0.0,1.0,0.0,1.0,1.0,12
LEFT,RIGHT,False,0.2,medium,1.5,independent_rollout,2,semantic_group_deduplication,0.3515139502015587,0.012247034212502662,0.3437325559032332,0.35929534449988415,-0.008573966764377902,0.02172391889660472,-0.02237668632130982,0.0052287527925540134,0.0,0.0,0.0,0.0,1.0,0.0,1.0,1.0,0.0,0.0,0.0,0.0,12
LEFT,RIGHT,False,0.2,medium,1.5,independent_rollout,2,single_trajectory_score_average,0.2727297252758201,0.005792782223582062,0.2690491670456483,0.27641028350599195,-0.00016121064257090348,0.006907874073186348,-0.004550264432570746,0.004227843147428938,0.0,0.0,0.0,0.0,1.0,0.0,1.0,1.0,0.0,0.0,0.0,0.0,12
LEFT,RIGHT,False,0.2,medium,1.5,independent_rollout,2,source_group_average,0.2727297252758201,0.005792782223582062,0.2690491670456483,0.27641028350599195,-0.00016121064257090348,0.006907874073186348,-0.004550264432570746,0.004227843147428938,0.0,0.0,0.0,0.0,1.0,0.0,1.0,1.0,0.0,0.0,0.0,0.0,12
LEFT,RIGHT,False,0.2,medium,1.5,independent_rollout,4,exact_deduplication,0.8680894198148538,0.021749610189982636,0.8542703767888812,0.8819084628408264,0.5080015028489172,0.021547349001825478,0.4943109704508232,0.5216920352470112,1.0,0.0,1.0,1.0,0.0,0.0,0.0,0.0,1.0,0.0,1.0,1.0,12
LEFT,RIGHT,False,0.2,medium,1.5,independent_rollout,4,explicit_belief_mixing,0.23694666575641712,0.0023942119126134425,0.23542545608209664,0.2384678754307376,0.0005011977972215984,0.003970470910496351,-0.0020215190637358684,0.003023914658179065,0.0,0.0,0.0,0.0,1.0,0.0,1.0,1.0,0.0,0.0,0.0,0.0,12
LEFT,RIGHT,False,0.2,medium,1.5,independent_rollout,4,ordinary_flat_aggregation,0.8680894198148538,0.021749610189982636,0.8542703767888812,0.8819084628408264,0.5080015028489172,0.021547349001825478,0.4943109704508232,0.5216920352470112,1.0,0.0,1.0,1.0,0.0,0.0,0.0,0.0,1.0,0.0,1.0,1.0,12
LEFT,RIGHT,False,0.2,medium,1.5,independent_rollout,4,provenance_preserving,0.8680894198148538,0.021749610189982636,0.8542703767888812,0.8819084628408264,0.5080015028489172,0.021547349001825478,0.4943109704508232,0.5216920352470112,1.0,0.0,1.0,1.0,0.0,0.0,0.0,0.0,1.0,0.0,1.0,1.0,12
LEFT,RIGHT,False,0.2,medium,1.5,independent_rollout,4,semantic_group_deduplication,0.3662060883159625,0.022254402213581503,0.35206631573978897,0.38034586089213607,0.0061181713500259305,0.030843264177500662,-0.013478703766688985,0.025715046466740846,0.0,0.0,0.0,0.0,1.0,0.0,1.0,1.0,0.0,0.0,0.0,0.0,12
LEFT,RIGHT,False,0.2,medium,1.5,independent_rollout,4,single_trajectory_score_average,0.27389333151283424,0.004788423825226885,0.27085091216419327,0.2769357508614752,0.0010023955944431968,0.007940941820992703,-0.004043038127471737,0.00604782931635813,0.0,0.0,0.0,0.0,1.0,0.0,1.0,1.0,0.0,0.0,0.0,0.0,12
LEFT,RIGHT,False,0.2,medium,1.5,independent_rollout,4,source_group_average,0.27389333151283424,0.004788423825226885,0.27085091216419327,0.2769357508614752,0.0010023955944431968,0.007940941820992703,-0.004043038127471737,0.00604782931635813,0.0,0.0,0.0,0.0,1.0,0.0,1.0,1.0,0.0,0.0,0.0,0.0,12
LEFT,RIGHT,False,0.2,medium,1.5,independent_rollout,8,exact_deduplication,0.9938979715515686,0.0016815910990944111,0.992829539540719,0.9949664035624182,0.6338100545856319,0.021231292537996427,0.6203203348841397,0.647299774287124,1.0,0.0,1.0,1.0,0.0,0.0,0.0,0.0,1.0,0.0,1.0,1.0,12
LEFT,RIGHT,False,0.2,medium,1.5,independent_rollout,8,explicit_belief_mixing,0.2366344824608669,0.0017182721492861016,0.23554274442262604,0.23772622049910777,0.00018901450167137235,0.004179686640636721,-0.0024666316923300322,0.002844660695672777,0.0,0.0,0.0,0.0,1.0,0.0,1.0,1.0,0.0,0.0,0.0,0.0,12
LEFT,RIGHT,False,0.2,medium,1.5,independent_rollout,8,ordinary_flat_aggregation,0.9938979715515686,0.0016815910990944111,0.992829539540719,0.9949664035624182,0.6338100545856319,0.021231292537996427,0.6203203348841397,0.647299774287124,1.0,0.0,1.0,1.0,0.0,0.0,0.0,0.0,1.0,0.0,1.0,1.0,12
LEFT,RIGHT,False,0.2,medium,1.5,independent_rollout,8,provenance_preserving,0.9938979715515686,0.0016815910990944111,0.992829539540719,0.9949664035624182,0.6338100545856319,0.021231292537996427,0.6203203348841397,0.647299774287124,1.0,0.0,1.0,1.0,0.0,0.0,0.0,0.0,1.0,0.0,1.0,1.0,12
LEFT,RIGHT,False,0.2,medium,1.5,independent_rollout,8,semantic_group_deduplication,0.35914948463441737,0.026449590250477308,0.3423442167469481,0.37595475252188665,-0.0009384323315192686,0.03910375896870428,-0.025783775440917603,0.023906910777879063,0.0,0.0,0.0,0.0,1.0,0.0,1.0,1.0,0.0,0.0,0.0,0.0,12
LEFT,RIGHT,False,0.2,medium,1.5,independent_rollout,8,single_trajectory_score_average,0.2732689649217338,0.003436544298572203,0.2710854888452521,0.27545244099821553,0.0003780290033427447,0.008359373281273442,-0.0049332633846600644,0.005689321391345554,0.0,0.0,0.0,0.0,1.0,0.0,1.0,1.0,0.0,0.0,0.0,0.0,12
LEFT,RIGHT,False,0.2,medium,1.5,independent_rollout,8,source_group_average,0.2732689649217338,0.003436544298572203,0.2710854888452521,0.27545244099821553,0.0003780290033427447,0.008359373281273442,-0.0049332633846600644,0.005689321391345554,0.0,0.0,0.0,0.0,1.0,0.0,1.0,1.0,0.0,0.0,0.0,0.0,12
LEFT,RIGHT,False,0.2,medium,1.5,independent_rollout,16,exact_deduplication,0.9999899053599716,3.60606360291841e-06,0.9999876141764676,0.9999921965434755,0.639901988394035,0.021897871742959252,0.6259887444715045,0.6538152323165655,1.0,0.0,1.0,1.0,0.0,0.0,0.0,0.0,1.0,0.0,1.0,1.0,12
LEFT,RIGHT,False,0.2,medium,1.5,independent_rollout,16,explicit_belief_mixing,0.23641718119107816,0.0012215576878143498,0.2356410404649152,0.2371933219172411,-2.828676811736606e-05,0.004311531907780362,-0.0027677034482798506,0.0027111299120451187,0.0,0.0,0.0,0.0,1.0,0.0,1.0,1.0,0.0,0.0,0.0,0.0,12
LEFT,RIGHT,False,0.2,medium,1.5,independent_rollout,16,ordinary_flat_aggregation,0.9999899053599716,3.60606360291841e-06,0.9999876141764676,0.9999921965434755,0.639901988394035,0.021897871742959252,0.6259887444715045,0.6538152323165655,1.0,0.0,1.0,1.0,0.0,0.0,0.0,0.0,1.0,0.0,1.0,1.0,12
LEFT,RIGHT,False,0.2,medium,1.5,independent_rollout,16,provenance_preserving,0.9999899053599716,3.60606360291841e-06,0.9999876141764676,0.9999921965434755,0.639901988394035,0.021897871742959252,0.6259887444715045,0.6538152323165655,1.0,0.0,1.0,1.0,0.0,0.0,0.0,0.0,1.0,0.0,1.0,1.0,12
LEFT,RIGHT,False,0.2,medium,1.5,independent_rollout,16,semantic_group_deduplication,0.36661947949924234,0.029128196243092475,0.34811230655976316,0.3851266524387215,0.006531562533305724,0.023463915136511873,-0.008376697890532489,0.021439822957143938,0.0,0.0,0.0,0.0,1.0,0.0,1.0,1.0,0.0,0.0,0.0,0.0,12
LEFT,RIGHT,False,0.2,medium,1.5,independent_rollout,16,single_trajectory_score_average,0.27283436238215636,0.0024431153756286996,0.27128208092983047,0.27438664383448225,-5.657353623473212e-05,0.008623063815560723,-0.005535406896559701,0.0054222598240902375,0.0,0.0,0.0,0.0,1.0,0.0,1.0,1.0,0.0,0.0,0.0,0.0,12
LEFT,RIGHT,False,0.2,medium,1.5,independent_rollout,16,source_group_average,0.27283436238215636,0.0024431153756286996,0.27128208092983047,0.27438664383448225,-5.657353623473212e-05,0.008623063815560723,-0.005535406896559701,0.0054222598240902375,0.0,0.0,0.0,0.0,1.0,0.0,1.0,1.0,0.0,0.0,0.0,0.0,12
LEFT,RIGHT,False,0.2,medium,1.5,pure_duplication,1,exact_deduplication,0.27446128360279026,0.012012900257590534,0.2668286509221908,0.2820939162833897,0.0,0.0,0.0,0.0,0.0,0.0,0.0,0.0,1.0,0.0,1.0,1.0,0.0,0.0,0.0,0.0,12
LEFT,RIGHT,False,0.2,medium,1.5,pure_duplication,1,explicit_belief_mixing,0.23644546795919555,0.004694800302940978,0.23346253415863616,0.23942840175975494,0.0,0.0,0.0,0.0,0.0,0.0,0.0,0.0,1.0,0.0,1.0,1.0,0.0,0.0,0.0,0.0,12
LEFT,RIGHT,False,0.2,medium,1.5,pure_duplication,1,ordinary_flat_aggregation,0.3600879169659366,0.02189946627439133,0.3461736599264687,0.37400217400540453,0.0,0.0,0.0,0.0,0.0,0.0,0.0,0.0,1.0,0.0,1.0,1.0,0.0,0.0,0.0,0.0,12
LEFT,RIGHT,False,0.2,medium,1.5,pure_duplication,1,provenance_preserving,0.3600879169659366,0.02189946627439133,0.3461736599264687,0.37400217400540453,0.0,0.0,0.0,0.0,0.0,0.0,0.0,0.0,1.0,0.0,1.0,1.0,0.0,0.0,0.0,0.0,12
LEFT,RIGHT,False,0.2,medium,1.5,pure_duplication,1,semantic_group_deduplication,0.27446128360279026,0.012012900257590534,0.2668286509221908,0.2820939162833897,0.0,0.0,0.0,0.0,0.0,0.0,0.0,0.0,1.0,0.0,1.0,1.0,0.0,0.0,0.0,0.0,12
LEFT,RIGHT,False,0.2,medium,1.5,pure_duplication,1,single_trajectory_score_average,0.2728909359183911,0.009389600605881955,0.2669250683172723,0.27885680351950987,0.0,0.0,0.0,0.0,0.0,0.0,0.0,0.0,1.0,0.0,1.0,1.0,0.0,0.0,0.0,0.0,12
LEFT,RIGHT,False,0.2,medium,1.5,pure_duplication,1,source_group_average,0.2728909359183911,0.009389600605881955,0.2669250683172723,0.27885680351950987,0.0,0.0,0.0,0.0,0.0,0.0,0.0,0.0,1.0,0.0,1.0,1.0,0.0,0.0,0.0,0.0,12
LEFT,RIGHT,False,0.2,medium,1.5,pure_duplication,2,exact_deduplication,0.27215751447661896,0.012206947662001429,0.26440158995735163,0.2799134389958863,-0.002303769126171346,0.015484096046583273,-0.012141894389886554,0.007534356137543861,0.0,0.0,0.0,0.0,1.0,0.0,1.0,1.0,0.0,0.0,0.0,0.0,12
LEFT,RIGHT,False,0.2,medium,1.5,pure_duplication,2,explicit_belief_mixing,0.23644546795919555,0.004694800302940976,0.23346253415863616,0.23942840175975494,2.3129646346357427e-18,8.012344526598183e-18,-2.7778362020143068e-18,7.403765471285793e-18,0.0,0.0,0.0,0.0,1.0,0.0,1.0,1.0,0.0,0.0,0.0,0.0,12
LEFT,RIGHT,False,0.2,medium,1.5,pure_duplication,2,ordinary_flat_aggregation,0.557793495459267,0.047135604574382324,0.527844961118701,0.587742029799833,0.19770557849333048,0.025245301035992308,0.18166547946752418,0.21374567751913678,0.8333333333333334,0.38924947208076144,0.5860160179637635,1.0806506487029033,0.16666666666666666,0.38924947208076144,-0.08065064870290328,0.4139839820362366,0.8333333333333334,0.38924947208076144,0.5860160179637635,1.0806506487029033,12
LEFT,RIGHT,False,0.2,medium,1.5,pure_duplication,2,provenance_preserving,0.3600879169659366,0.02189946627439133,0.3461736599264687,0.37400217400540453,0.0,0.0,0.0,0.0,0.0,0.0,0.0,0.0,1.0,0.0,1.0,1.0,0.0,0.0,0.0,0.0,12
LEFT,RIGHT,False,0.2,medium,1.5,pure_duplication,2,semantic_group_deduplication,0.27215751447661896,0.012206947662001429,0.26440158995735163,0.2799134389958863,-0.002303769126171346,0.015484096046583273,-0.012141894389886554,0.007534356137543861,0.0,0.0,0.0,0.0,1.0,0.0,1.0,1.0,0.0,0.0,0.0,0.0,12
LEFT,RIGHT,False,0.2,medium,1.5,pure_duplication,2,single_trajectory_score_average,0.2728909359183911,0.009389600605881952,0.2669250683172723,0.27885680351950987,4.625929269271485e-18,1.6024689053196365e-17,-5.5556724040286136e-18,1.4807530942571585e-17,0.0,0.0,0.0,0.0,1.0,0.0,1.0,1.0,0.0,0.0,0.0,0.0,12
LEFT,RIGHT,False,0.2,medium,1.5,pure_duplication,2,source_group_average,0.2728909359183911,0.009389600605881955,0.2669250683172723,0.27885680351950987,0.0,0.0,0.0,0.0,0.0,0.0,0.0,0.0,1.0,0.0,1.0,1.0,0.0,0.0,0.0,0.0,12
LEFT,RIGHT,False,0.2,medium,1.5,pure_duplication,4,exact_deduplication,0.27087131731804276,0.01872706184830188,0.25897270988686566,0.28276992474921986,-0.0035899662847475636,0.018688347319407442,-0.015463975677805868,0.00828404310831074,0.0,0.0,0.0,0.0,1.0,0.0,1.0,1.0,0.0,0.0,0.0,0.0,12
LEFT,RIGHT,False,0.2,medium,1.5,pure_duplication,4,explicit_belief_mixing,0.23644546795919555,0.004694800302940978,0.23346253415863616,0.23942840175975494,0.0,0.0,0.0,0.0,0.0,0.0,0.0,0.0,1.0,0.0,1.0,1.0,0.0,0.0,0.0,0.0,12
LEFT,RIGHT,False,0.2,medium,1.5,pure_duplication,4,ordinary_flat_aggregation,0.8588334551466209,0.04816998080131112,0.828227709506169,0.8894392007870728,0.4987455381806843,0.02662092950538895,0.4818314065243943,0.5156596698369743,1.0,0.0,1.0,1.0,0.0,0.0,0.0,0.0,1.0,0.0,1.0,1.0,12
LEFT,RIGHT,False,0.2,medium,1.5,pure_duplication,4,provenance_preserving,0.3600879169659366,0.02189946627439133,0.3461736599264687,0.37400217400540453,0.0,0.0,0.0,0.0,0.0,0.0,0.0,0.0,1.0,0.0,1.0,1.0,0.0,0.0,0.0,0.0,12
LEFT,RIGHT,False,0.2,medium,1.5,pure_duplication,4,semantic_group_deduplication,0.27087131731804276,0.01872706184830188,0.25897270988686566,0.28276992474921986,-0.0035899662847475636,0.018688347319407442,-0.015463975677805868,0.00828404310831074,0.0,0.0,0.0,0.0,1.0,0.0,1.0,1.0,0.0,0.0,0.0,0.0,12
LEFT,RIGHT,False,0.2,medium,1.5,pure_duplication,4,single_trajectory_score_average,0.2728909359183911,0.009389600605881955,0.2669250683172723,0.27885680351950987,0.0,0.0,0.0,0.0,0.0,0.0,0.0,0.0,1.0,0.0,1.0,1.0,0.0,0.0,0.0,0.0,12
LEFT,RIGHT,False,0.2,medium,1.5,pure_duplication,4,source_group_average,0.2728909359183911,0.009389600605881955,0.2669250683172723,0.27885680351950987,0.0,0.0,0.0,0.0,0.0,0.0,0.0,0.0,1.0,0.0,1.0,1.0,0.0,0.0,0.0,0.0,12
LEFT,RIGHT,False,0.2,medium,1.5,pure_duplication,8,exact_deduplication,0.27247827039301653,0.0179420871271917,0.26107841210495364,0.2838781286810794,-0.0019830132097737596,0.02332333346712267,-0.01680195230228773,0.012835925882740214,0.0,0.0,0.0,0.0,1.0,0.0,1.0,1.0,0.0,0.0,0.0,0.0,12
LEFT,RIGHT,False,0.2,medium,1.5,pure_duplication,8,explicit_belief_mixing,0.23644546795919555,0.004694800302940978,0.23346253415863616,0.23942840175975494,0.0,0.0,0.0,0.0,0.0,0.0,0.0,0.0,1.0,0.0,1.0,1.0,0.0,0.0,0.0,0.0,12
LEFT,RIGHT,False,0.2,medium,1.5,pure_duplication,8,ordinary_flat_aggregation,0.9919832144075699,0.006692162313382413,0.9877312173309502,0.9962352114841896,0.6318952974416333,0.015731633854254048,0.6218998941584558,0.6418907007248108,1.0,0.0,1.0,1.0,0.0,0.0,0.0,0.0,1.0,0.0,1.0,1.0,12
LEFT,RIGHT,False,0.2,medium,1.5,pure_duplication,8,provenance_preserving,0.3600879169659366,0.02189946627439133,0.3461736599264687,0.37400217400540453,0.0,0.0,0.0,0.0,0.0,0.0,0.0,0.0,1.0,0.0,1.0,1.0,0.0,0.0,0.0,0.0,12
LEFT,RIGHT,False,0.2,medium,1.5,pure_duplication,8,semantic_group_deduplication,0.27247827039301653,0.0179420871271917,0.26107841210495364,0.2838781286810794,-0.0019830132097737596,0.02332333346712267,-0.01680195230228773,0.012835925882740214,0.0,0.0,0.0,0.0,1.0,0.0,1.0,1.0,0.0,0.0,0.0,0.0,12
LEFT,RIGHT,False,0.2,medium,1.5,pure_duplication,8,single_trajectory_score_average,0.2728909359183911,0.009389600605881955,0.2669250683172723,0.27885680351950987,0.0,0.0,0.0,0.0,0.0,0.0,0.0,0.0,1.0,0.0,1.0,1.0,0.0,0.0,0.0,0.0,12
LEFT,RIGHT,False,0.2,medium,1.5,pure_duplication,8,source_group_average,0.2728909359183911,0.009389600605881955,0.2669250683172723,0.27885680351950987,0.0,0.0,0.0,0.0,0.0,0.0,0.0,0.0,1.0,0.0,1.0,1.0,0.0,0.0,0.0,0.0,12
LEFT,RIGHT,False,0.2,medium,1.5,pure_duplication,16,exact_deduplication,0.2768392553718846,0.012209167559730952,0.26908192039689094,0.28459659034687823,0.0023779717690942856,0.009522358472252718,-0.003672246156071191,0.008428189694259762,0.0,0.0,0.0,0.0,1.0,0.0,1.0,1.0,0.0,0.0,0.0,0.0,12
LEFT,RIGHT,False,0.2,medium,1.5,pure_duplication,16,explicit_belief_mixing,0.23644546795919555,0.004694800302940978,0.23346253415863616,0.23942840175975494,0.0,0.0,0.0,0.0,0.0,0.0,0.0,0.0,1.0,0.0,1.0,1.0,0.0,0.0,0.0,0.0,12
LEFT,RIGHT,False,0.2,medium,1.5,pure_duplication,16,ordinary_flat_aggregation,0.9999727144048781,4.468879830964446e-05,0.9999443204970689,1.0000011083126874,0.6398847974389416,0.021862096100466,0.6259942842751961,0.653775310602687,1.0,0.0,1.0,1.0,0.0,0.0,0.0,0.0,1.0,0.0,1.0,1.0,12
LEFT,RIGHT,False,0.2,medium,1.5,pure_duplication,16,provenance_preserving,0.3600879169659366,0.02189946627439133,0.3461736599264687,0.37400217400540453,0.0,0.0,0.0,0.0,0.0,0.0,0.0,0.0,1.0,0.0,1.0,1.0,0.0,0.0,0.0,0.0,12
LEFT,RIGHT,False,0.2,medium,1.5,pure_duplication,16,semantic_group_deduplication,0.2768392553718846,0.012209167559730952,0.26908192039689094,0.28459659034687823,0.0023779717690942856,0.009522358472252718,-0.003672246156071191,0.008428189694259762,0.0,0.0,0.0,0.0,1.0,0.0,1.0,1.0,0.0,0.0,0.0,0.0,12
LEFT,RIGHT,False,0.2,medium,1.5,pure_duplication,16,single_trajectory_score_average,0.2728909359183911,0.009389600605881955,0.2669250683172723,0.27885680351950987,0.0,0.0,0.0,0.0,0.0,0.0,0.0,0.0,1.0,0.0,1.0,1.0,0.0,0.0,0.0,0.0,12
LEFT,RIGHT,False,0.2,medium,1.5,pure_duplication,16,source_group_average,0.2728909359183911,0.009389600605881955,0.2669250683172723,0.27885680351950987,0.0,0.0,0.0,0.0,0.0,0.0,0.0,0.0,1.0,0.0,1.0,1.0,0.0,0.0,0.0,0.0,12
LEFT,RIGHT,False,0.2,strong,2.0,independent_rollout,1,exact_deduplication,0.5009245904775915,0.023133422145559166,0.4862263152820799,0.5156228656731031,0.0,0.0,0.0,0.0,0.0,0.0,0.0,0.0,0.5,0.5222329678670935,0.16818900249253282,0.8318109975074672,0.5,0.5222329678670935,0.16818900249253282,0.8318109975074672,12
LEFT,RIGHT,False,0.2,strong,2.0,independent_rollout,1,explicit_belief_mixing,0.26698776559759846,0.005106995102591786,0.2637429357160656,0.2702325954791313,0.0,0.0,0.0,0.0,0.0,0.0,0.0,0.0,1.0,0.0,1.0,1.0,0.0,0.0,0.0,0.0,12
LEFT,RIGHT,False,0.2,strong,2.0,independent_rollout,1,ordinary_flat_aggregation,0.5009245904775915,0.023133422145559166,0.4862263152820799,0.5156228656731031,0.0,0.0,0.0,0.0,0.0,0.0,0.0,0.0,0.5,0.5222329678670935,0.16818900249253282,0.8318109975074672,0.5,0.5222329678670935,0.16818900249253282,0.8318109975074672,12
LEFT,RIGHT,False,0.2,strong,2.0,independent_rollout,1,provenance_preserving,0.5009245904775915,0.023133422145559166,0.4862263152820799,0.5156228656731031,0.0,0.0,0.0,0.0,0.0,0.0,0.0,0.0,0.5,0.5222329678670935,0.16818900249253282,0.8318109975074672,0.5,0.5222329678670935,0.16818900249253282,0.8318109975074672,12
LEFT,RIGHT,False,0.2,strong,2.0,independent_rollout,1,semantic_group_deduplication,0.5009245904775915,0.023133422145559166,0.4862263152820799,0.5156228656731031,0.0,0.0,0.0,0.0,0.0,0.0,0.0,0.0,0.5,0.5222329678670935,0.16818900249253282,0.8318109975074672,0.5,0.5222329678670935,0.16818900249253282,0.8318109975074672,12
LEFT,RIGHT,False,0.2,strong,2.0,independent_rollout,1,single_trajectory_score_average,0.33397553119519685,0.01021399020518359,0.32748587143213115,0.34046519095826255,0.0,0.0,0.0,0.0,0.0,0.0,0.0,0.0,1.0,0.0,1.0,1.0,0.0,0.0,0.0,0.0,12
LEFT,RIGHT,False,0.2,strong,2.0,independent_rollout,1,source_group_average,0.33397553119519685,0.01021399020518359,0.32748587143213115,0.34046519095826255,0.0,0.0,0.0,0.0,0.0,0.0,0.0,0.0,1.0,0.0,1.0,1.0,0.0,0.0,0.0,0.0,12
LEFT,RIGHT,False,0.2,strong,2.0,independent_rollout,2,exact_deduplication,0.7987251055475372,0.016720121005599223,0.7881016474920791,0.8093485636029952,0.29780051506994554,0.011426665319631206,0.2905403582985796,0.30506067184131147,0.5,0.5222329678670935,0.16818900249253282,0.8318109975074672,0.0,0.0,0.0,0.0,1.0,0.0,1.0,1.0,12
LEFT,RIGHT,False,0.2,strong,2.0,independent_rollout,2,explicit_belief_mixing,0.26660247553498634,0.002847328845463184,0.26479336909671686,0.2684115819732558,-0.00038529006261207865,0.0029428248264506593,-0.0022550717524628776,0.0014844916272387205,0.0,0.0,0.0,0.0,1.0,0.0,1.0,1.0,0.0,0.0,0.0,0.0,12
LEFT,RIGHT,False,0.2,strong,2.0,independent_rollout,2,ordinary_flat_aggregation,0.7987251055475372,0.016720121005599223,0.7881016474920791,0.8093485636029952,0.29780051506994554,0.011426665319631206,0.2905403582985796,0.30506067184131147,0.5,0.5222329678670935,0.16818900249253282,0.8318109975074672,0.0,0.0,0.0,0.0,1.0,0.0,1.0,1.0,12
LEFT,RIGHT,False,0.2,strong,2.0,independent_rollout,2,provenance_preserving,0.7987251055475372,0.016720121005599223,0.7881016474920791,0.8093485636029952,0.29780051506994554,0.011426665319631206,0.2905403582985796,0.30506067184131147,0.5,0.5222329678670935,0.16818900249253282,0.8318109975074672,0.0,0.0,0.0,0.0,1.0,0.0,1.0,1.0,12
LEFT,RIGHT,False,0.2,strong,2.0,independent_rollout,2,semantic_group_deduplication,0.5010157452695109,0.018552600906339943,0.4892279850324795,0.5128035055065422,9.11547919193086e-05,0.018623675019989194,-0.01174176378247867,0.011924073366317288,0.16666666666666666,0.38924947208076144,-0.08065064870290328,0.4139839820362366,0.5,0.5222329678670935,0.16818900249253282,0.8318109975074672,0.5,0.5222329678670935,0.16818900249253282,0.8318109975074672,12
LEFT,RIGHT,False,0.2,strong,2.0,independent_rollout,2,single_trajectory_score_average,0.33320495106997267,0.005694657690926357,0.32958673819343376,0.3368231639465116,-0.0007705801252241712,0.005885649652901323,-0.0045101435049257725,0.00296898325447743,0.0,0.0,0.0,0.0,1.0,0.0,1.0,1.0,0.0,0.0,0.0,0.0,12
LEFT,RIGHT,False,0.2,strong,2.0,independent_rollout,2,source_group_average,0.33320495106997267,0.005694657690926357,0.32958673819343376,0.3368231639465116,-0.0007705801252241712,0.005885649652901323,-0.0045101435049257725,0.00296898325447743,0.0,0.0,0.0,0.0,1.0,0.0,1.0,1.0,0.0,0.0,0.0,0.0,12
LEFT,RIGHT,False,0.2,strong,2.0,independent_rollout,4,exact_deduplication,0.9854674373666339,0.002846889454873741,0.9836586101038258,0.987276264629442,0.4845428468890422,0.02137082206996558,0.4709644743524494,0.498121219425635,0.5,0.5222329678670935,0.16818900249253282,0.8318109975074672,0.0,0.0,0.0,0.0,1.0,0.0,1.0,1.0,12
LEFT,RIGHT,False,0.2,strong,2.0,independent_rollout,4,explicit_belief_mixing,0.2677701426639983,0.0025678618828202855,0.2661386010624025,0.2694016842655941,0.0007823770663998078,0.003823555331659618,-0.0016469940891681635,0.003211748221967779,0.0,0.0,0.0,0.0,1.0,0.0,1.0,1.0,0.0,0.0,0.0,0.0,12
LEFT,RIGHT,False,0.2,strong,2.0,independent_rollout,4,ordinary_flat_aggregation,0.9854674373666339,0.002846889454873741,0.9836586101038258,0.987276264629442,0.4845428468890422,0.02137082206996558,0.4709644743524494,0.498121219425635,0.5,0.5222329678670935,0.16818900249253282,0.8318109975074672,0.0,0.0,0.0,0.0,1.0,0.0,1.0,1.0,12
LEFT,RIGHT,False,0.2,strong,2.0,independent_rollout,4,provenance_preserving,0.9854674373666339,0.002846889454873741,0.9836586101038258,0.987276264629442,0.4845428468890422,0.02137082206996558,0.4709644743524494,0.498121219425635,0.5,0.5222329678670935,0.16818900249253282,0.8318109975074672,0.0,0.0,0.0,0.0,1.0,0.0,1.0,1.0,12
LEFT,RIGHT,False,0.2,strong,2.0,independent_rollout,4,semantic_group_deduplication,0.49742765538835143,0.022030655768172154,0.48343004452123894,0.5114252662554639,-0.0034969350892402142,0.029884973917368628,-0.02248494162300304,0.01549107144452261,0.3333333333333333,0.49236596391733095,0.020498924786929718,0.6461677418797369,0.5,0.5222329678670935,0.16818900249253282,0.8318109975074672,0.5,0.5222329678670935,0.16818900249253282,0.8318109975074672,12
LEFT,RIGHT,False,0.2,strong,2.0,independent_rollout,4,single_trajectory_score_average,0.33554028532799646,0.005135723765640571,0.3322772021248049,0.33880336853118803,0.001564754132799583,0.007647110663319276,-0.003293988178336386,0.006423496443935551,0.0,0.0,0.0,0.0,1.0,0.0,1.0,1.0,0.0,0.0,0.0,0.0,12
LEFT,RIGHT,False,0.2,strong,2.0,independent_rollout,4,source_group_average,0.33554028532799646,0.005135723765640571,0.3322772021248049,0.33880336853118803,0.001564754132799583,0.007647110663319276,-0.003293988178336386,0.006423496443935551,0.0,0.0,0.0,0.0,1.0,0.0,1.0,1.0,0.0,0.0,0.0,0.0,12
LEFT,RIGHT,False,0.2,strong,2.0,independent_rollout,8,exact_deduplication,0.9999390042115689,1.4174502788396875e-05,0.9999299981621642,0.9999480102609736,0.4990144137339773,0.023130957135176836,0.48431770473134156,0.513711122736613,0.5,0.5222329678670935,0.16818900249253282,0.8318109975074672,0.0,0.0,0.0,0.0,1.0,0.0,1.0,1.0,12
LEFT,RIGHT,False,0.2,strong,2.0,independent_rollout,8,explicit_belief_mixing,0.26692924194494017,0.0016025680007913882,0.26591101881535123,0.2679474650745291,-5.852365265824241e-05,0.005063793343771003,-0.003275904446196999,0.003158857140880514,0.0,0.0,0.0,0.0,1.0,0.0,1.0,1.0,0.0,0.0,0.0,0.0,12
LEFT,RIGHT,False,0.2,strong,2.0,independent_rollout,8,ordinary_flat_aggregation,0.9999390042115689,1.4174502788396875e-05,0.9999299981621642,0.9999480102609736,0.4990144137339773,0.023130957135176836,0.48431770473134156,0.513711122736613,0.5,0.5222329678670935,0.16818900249253282,0.8318109975074672,0.0,0.0,0.0,0.0,1.0,0.0,1.0,1.0,12
LEFT,RIGHT,False,0.2,strong,2.0,independent_rollout,8,provenance_preserving,0.9999390042115689,1.4174502788396875e-05,0.9999299981621642,0.9999480102609736,0.4990144137339773,0.023130957135176836,0.48431770473134156,0.513711122736613,0.5,0.5222329678670935,0.16818900249253282,0.8318109975074672,0.0,0.0,0.0,0.0,1.0,0.0,1.0,1.0,12
LEFT,RIGHT,False,0.2,strong,2.0,independent_rollout,8,semantic_group_deduplication,0.5061297341044079,0.016946885464916735,0.49536219678533555,0.5168972714234802,0.005205143626816298,0.026371502542745808,-0.011550509698207274,0.021960796951839872,0.3333333333333333,0.49236596391733095,0.020498924786929718,0.6461677418797369,0.16666666666666666,0.38924947208076155,-0.08065064870290334,0.41398398203623665,0.8333333333333334,0.3892494720807615,0.5860160179637635,1.0806506487029033,12
LEFT,RIGHT,False,0.2,strong,2.0,independent_rollout,8,single_trajectory_score_average,0.3338584838898803,0.0032051360015827694,0.3318220376307025,0.33589493014905814,-0.00011704730531648018,0.010127586687542,-0.006551808892393989,0.006317714281761029,0.0,0.0,0.0,0.0,1.0,0.0,1.0,1.0,0.0,0.0,0.0,0.0,12
LEFT,RIGHT,False,0.2,strong,2.0,independent_rollout,8,source_group_average,0.3338584838898803,0.0032051360015827694,0.3318220376307025,0.33589493014905814,-0.00011704730531648018,0.010127586687542,-0.006551808892393989,0.006317714281761029,0.0,0.0,0.0,0.0,1.0,0.0,1.0,1.0,0.0,0.0,0.0,0.0,12
LEFT,RIGHT,False,0.2,strong,2.0,independent_rollout,16,exact_deduplication,0.9999999991346904,1.9542335891016117e-10,0.9999999990105243,0.9999999992588565,0.4990754086570988,0.02313342220959766,0.48437713342089905,0.5137736838932986,0.5,0.5222329678670935,0.16818900249253282,0.8318109975074672,0.0,0.0,0.0,0.0,1.0,0.0,1.0,1.0,12
LEFT,RIGHT,False,0.2,strong,2.0,independent_rollout,16,explicit_belief_mixing,0.2670941148265542,0.0008322843431407965,0.26656530658368266,0.26762292306942576,0.0001063492289558136,0.00548391211249719,-0.0033779622953102337,0.0035906607532218606,0.0,0.0,0.0,0.0,1.0,0.0,1.0,1.0,0.0,0.0,0.0,0.0,12
LEFT,RIGHT,False,0.2,strong,2.0,independent_rollout,16,ordinary_flat_aggregation,0.9999999991346904,1.9542335891016117e-10,0.9999999990105243,0.9999999992588565,0.4990754086570988,0.02313342220959766,0.48437713342089905,0.5137736838932986,0.5,0.5222329678670935,0.16818900249253282,0.8318109975074672,0.0,0.0,0.0,0.0,1.0,0.0,1.0,1.0,12
LEFT,RIGHT,False,0.2,strong,2.0,independent_rollout,16,provenance_preserving,0.9999999991346904,1.9542335891016117e-10,0.9999999990105243,0.9999999992588565,0.4990754086570988,0.02313342220959766,0.48437713342089905,0.5137736838932986,0.5,0.5222329678670935,0.16818900249253282,0.8318109975074672,0.0,0.0,0.0,0.0,1.0,0.0,1.0,1.0,12
LEFT,RIGHT,False,0.2,strong,2.0,independent_rollout,16,semantic_group_deduplication,0.5027731568721785,0.01945838225873585,0.49040989062048546,0.5151364231238715,0.0018485663945868546,0.0346783915916818,-0.02018503242814949,0.0238821652173232,0.75,0.45226701686664544,0.46264324690347836,1.0373567530965215,0.4166666666666667,0.5149286505444373,0.08949661097265937,0.743836722360674,0.5833333333333334,0.5149286505444373,0.25616327763932606,0.9105033890273406,12
LEFT,RIGHT,False,0.2,strong,2.0,independent_rollout,16,single_trajectory_score_average,0.3341882296531084,0.0016645686862815918,0.3331306131673653,0.3352458461388515,0.00021269845791161793,0.01096782422499439,-0.006755924590620482,0.007181321506443719,0.0,0.0,0.0,0.0,1.0,0.0,1.0,1.0,0.0,0.0,0.0,0.0,12
LEFT,RIGHT,False,0.2,strong,2.0,independent_rollout,16,source_group_average,0.3341882296531084,0.0016645686862815918,0.3331306131673653,0.3352458461388515,0.00021269845791161793,0.01096782422499439,-0.006755924590620482,0.007181321506443719,0.0,0.0,0.0,0.0,1.0,0.0,1.0,1.0,0.0,0.0,0.0,0.0,12
LEFT,RIGHT,False,0.2,strong,2.0,pure_duplication,1,exact_deduplication,0.33209419785357264,0.01691201475800064,0.3213488163246506,0.34283957938249465,0.0,0.0,0.0,0.0,0.0,0.0,0.0,0.0,1.0,0.0,1.0,1.0,0.0,0.0,0.0,0.0,12
LEFT,RIGHT,False,0.2,strong,2.0,pure_duplication,1,explicit_belief_mixing,0.26698776559759846,0.005106995102591786,0.2637429357160656,0.2702325954791313,0.0,0.0,0.0,0.0,0.0,0.0,0.0,0.0,1.0,0.0,1.0,1.0,0.0,0.0,0.0,0.0,12
LEFT,RIGHT,False,0.2,strong,2.0,pure_duplication,1,ordinary_flat_aggregation,0.5009245904775915,0.023133422145559166,0.4862263152820799,0.5156228656731031,0.0,0.0,0.0,0.0,0.0,0.0,0.0,0.0,0.5,0.5222329678670935,0.16818900249253282,0.8318109975074672,0.5,0.5222329678670935,0.16818900249253282,0.8318109975074672,12
LEFT,RIGHT,False,0.2,strong,2.0,pure_duplication,1,provenance_preserving,0.5009245904775915,0.023133422145559166,0.4862263152820799,0.5156228656731031,0.0,0.0,0.0,0.0,0.0,0.0,0.0,0.0,0.5,0.5222329678670935,0.16818900249253282,0.8318109975074672,0.5,0.5222329678670935,0.16818900249253282,0.8318109975074672,12
LEFT,RIGHT,False,0.2,strong,2.0,pure_duplication,1,semantic_group_deduplication,0.33209419785357264,0.01691201475800064,0.3213488163246506,0.34283957938249465,0.0,0.0,0.0,0.0,0.0,0.0,0.0,0.0,1.0,0.0,1.0,1.0,0.0,0.0,0.0,0.0,12
LEFT,RIGHT,False,0.2,strong,2.0,pure_duplication,1,single_trajectory_score_average,0.33397553119519685,0.01021399020518359,0.32748587143213115,0.34046519095826255,0.0,0.0,0.0,0.0,0.0,0.0,0.0,0.0,1.0,0.0,1.0,1.0,0.0,0.0,0.0,0.0,12
LEFT,RIGHT,False,0.2,strong,2.0,pure_duplication,1,source_group_average,0.33397553119519685,0.01021399020518359,0.32748587143213115,0.34046519095826255,0.0,0.0,0.0,0.0,0.0,0.0,0.0,0.0,1.0,0.0,1.0,1.0,0.0,0.0,0.0,0.0,12
LEFT,RIGHT,False,0.2,strong,2.0,pure_duplication,2,exact_deduplication,0.3431589578070249,0.016024866989461397,0.3329772430784157,0.35334067253563406,0.01106475995345225,0.021819770689767964,-0.0027988609273318765,0.024928380834236374,0.0,0.0,0.0,0.0,1.0,0.0,1.0,1.0,0.0,0.0,0.0,0.0,12
LEFT,RIGHT,False,0.2,strong,2.0,pure_duplication,2,explicit_belief_mixing,0.26698776559759835,0.005106995102591782,0.2637429357160655,0.2702325954791312,-4.625929269271485e-18,1.6024689053196365e-17,-1.4807530942571585e-17,5.5556724040286136e-18,0.0,0.0,0.0,0.0,1.0,0.0,1.0,1.0,0.0,0.0,0.0,0.0,12
LEFT,RIGHT,False,0.2,strong,2.0,pure_duplication,2,ordinary_flat_aggregation,0.7996650496815455,0.03072616209982374,0.7801425776753099,0.8191875216877811,0.29874045920395365,0.007784869239099439,0.2937941892695971,0.3036867291383102,0.5,0.5222329678670935,0.16818900249253282,0.8318109975074672,0.0,0.0,0.0,0.0,1.0,0.0,1.0,1.0,12
LEFT,RIGHT,False,0.2,strong,2.0,pure_duplication,2,provenance_preserving,0.5009245904775915,0.023133422145559166,0.4862263152820799,0.5156228656731031,0.0,0.0,0.0,0.0,0.0,0.0,0.0,0.0,0.5,0.5222329678670935,0.16818900249253282,0.8318109975074672,0.5,0.5222329678670935,0.16818900249253282,0.8318109975074672,12
LEFT,RIGHT,False,0.2,strong,2.0,pure_duplication,2,semantic_group_deduplication,0.3431589578070249,0.016024866989461397,0.3329772430784157,0.35334067253563406,0.01106475995345225,0.021819770689767964,-0.0027988609273318765,0.024928380834236374,0.0,0.0,0.0,0.0,1.0,0.0,1.0,1.0,0.0,0.0,0.0,0.0,12
LEFT,RIGHT,False,0.2,strong,2.0,pure_duplication,2,single_trajectory_score_average,0.3339755311951968,0.010213990205183583,0.3274858714321311,0.3404651909582625,0.0,2.367003441645759e-17,-1.503922236629014e-17,1.503922236629014e-17,0.0,0.0,0.0,0.0,1.0,0.0,1.0,1.0,0.0,0.0,0.0,0.0,12
LEFT,RIGHT,False,0.2,strong,2.0,pure_duplication,2,source_group_average,0.33397553119519685,0.01021399020518359,0.32748587143213115,0.34046519095826255,0.0,0.0,0.0,0.0,0.0,0.0,0.0,0.0,1.0,0.0,1.0,1.0,0.0,0.0,0.0,0.0,12
LEFT,RIGHT,False,0.2,strong,2.0,pure_duplication,4,exact_deduplication,0.3292441201466338,0.01580460881461819,0.31920235078570675,0.33928588950756083,-0.0028500777069388147,0.007088620834155813,-0.007353972509941851,0.0016538170960642222,0.0,0.0,0.0,0.0,1.0,0.0,1.0,1.0,0.0,0.0,0.0,0.0,12
LEFT,RIGHT,False,0.2,strong,2.0,pure_duplication,4,explicit_belief_mixing,0.26698776559759846,0.005106995102591786,0.2637429357160656,0.2702325954791313,0.0,0.0,0.0,0.0,0.0,0.0,0.0,0.0,1.0,0.0,1.0,1.0,0.0,0.0,0.0,0.0,12
LEFT,RIGHT,False,0.2,strong,2.0,pure_duplication,4,ordinary_flat_aggregation,0.9838244751431975,0.006742657485283158,0.9795403949649956,0.9881085553213994,0.48289988466560585,0.01660741766228947,0.47234803489814764,0.49345173443306406,0.5,0.5222329678670935,0.16818900249253282,0.8318109975074672,0.0,0.0,0.0,0.0,1.0,0.0,1.0,1.0,12
LEFT,RIGHT,False,0.2,strong,2.0,pure_duplication,4,provenance_preserving,0.5009245904775915,0.023133422145559166,0.4862263152820799,0.5156228656731031,0.0,0.0,0.0,0.0,0.0,0.0,0.0,0.0,0.5,0.5222329678670935,0.16818900249253282,0.8318109975074672,0.5,0.5222329678670935,0.16818900249253282,0.8318109975074672,12
LEFT,RIGHT,False,0.2,strong,2.0,pure_duplication,4,semantic_group_deduplication,0.3292441201466338,0.01580460881461819,0.31920235078570675,0.33928588950756083,-0.0028500777069388147,0.007088620834155813,-0.007353972509941851,0.0016538170960642222,0.0,0.0,0.0,0.0,1.0,0.0,1.0,1.0,0.0,0.0,0.0,0.0,12
LEFT,RIGHT,False,0.2,strong,2.0,pure_duplication,4,single_trajectory_score_average,0.33397553119519685,0.01021399020518359,0.32748587143213115,0.34046519095826255,0.0,0.0,0.0,0.0,0.0,0.0,0.0,0.0,1.0,0.0,1.0,1.0,0.0,0.0,0.0,0.0,12
LEFT,RIGHT,False,0.2,strong,2.0,pure_duplication,4,source_group_average,0.33397553119519685,0.01021399020518359,0.32748587143213115,0.34046519095826255,0.0,0.0,0.0,0.0,0.0,0.0,0.0,0.0,1.0,0.0,1.0,1.0,0.0,0.0,0.0,0.0,12
LEFT,RIGHT,False,0.2,strong,2.0,pure_duplication,8,exact_deduplication,0.33510879203790256,0.021877524451577063,0.3212084761675356,0.3490091079082695,0.003014594184329908,0.025442114095193324,-0.013150553893363535,0.01917974226202335,0.0,0.0,0.0,0.0,1.0,0.0,1.0,1.0,0.0,0.0,0.0,0.0,12
LEFT,RIGHT,False,0.2,strong,2.0,pure_duplication,8,explicit_belief_mixing,0.26698776559759846,0.005106995102591786,0.2637429357160656,0.2702325954791313,0.0,0.0,0.0,0.0,0.0,0.0,0.0,0.0,1.0,0.0,1.0,1.0,0.0,0.0,0.0,0.0,12
LEFT,RIGHT,False,0.2,strong,2.0,pure_duplication,8,ordinary_flat_aggregation,0.9999207155805344,7.806016940441536e-05,0.9998711185151069,0.9999703126459619,0.49899612510294283,0.02306208327586034,0.48434317646276626,0.5136490737431194,0.5,0.5222329678670935,0.16818900249253282,0.8318109975074672,0.0,0.0,0.0,0.0,1.0,0.0,1.0,1.0,12
LEFT,RIGHT,False,0.2,strong,2.0,pure_duplication,8,provenance_preserving,0.5009245904775915,0.023133422145559166,0.4862263152820799,0.5156228656731031,0.0,0.0,0.0,0.0,0.0,0.0,0.0,0.0,0.5,0.5222329678670935,0.16818900249253282,0.8318109975074672,0.5,0.5222329678670935,0.16818900249253282,0.8318109975074672,12
LEFT,RIGHT,False,0.2,strong,2.0,pure_duplication,8,semantic_group_deduplication,0.33510879203790256,0.021877524451577063,0.3212084761675356,0.3490091079082695,0.003014594184329908,0.025442114095193324,-0.013150553893363535,0.01917974226202335,0.0,0.0,0.0,0.0,1.0,0.0,1.0,1.0,0.0,0.0,0.0,0.0,12
LEFT,RIGHT,False,0.2,strong,2.0,pure_duplication,8,single_trajectory_score_average,0.33397553119519685,0.01021399020518359,0.32748587143213115,0.34046519095826255,0.0,0.0,0.0,0.0,0.0,0.0,0.0,0.0,1.0,0.0,1.0,1.0,0.0,0.0,0.0,0.0,12
LEFT,RIGHT,False,0.2,strong,2.0,pure_duplication,8,source_group_average,0.33397553119519685,0.01021399020518359,0.32748587143213115,0.34046519095826255,0.0,0.0,0.0,0.0,0.0,0.0,0.0,0.0,1.0,0.0,1.0,1.0,0.0,0.0,0.0,0.0,12
LEFT,RIGHT,False,0.2,strong,2.0,pure_duplication,16,exact_deduplication,0.32819585959450387,0.021273461786773952,0.314679346830601,0.34171237235840674,-0.003898338259068735,0.023268683873344662,-0.018682554656271232,0.010885878138133761,0.0,0.0,0.0,0.0,1.0,0.0,1.0,1.0,0.0,0.0,0.0,0.0,12
LEFT,RIGHT,False,0.2,strong,2.0,pure_duplication,16,explicit_belief_mixing,0.26698776559759846,0.005106995102591785,0.2637429357160656,0.2702325954791313,4.625929269271485e-18,1.6024689053196365e-17,-5.5556724040286136e-18,1.4807530942571585e-17,0.0,0.0,0.0,0.0,1.0,0.0,1.0,1.0,0.0,0.0,0.0,0.0,12
LEFT,RIGHT,False,0.2,strong,2.0,pure_duplication,16,ordinary_flat_aggregation,0.9999999970307057,6.597193566022772e-09,0.999999992839049,1.0000000012223627,0.4990754065531144,0.02313341690138587,0.48437713468959154,0.5137736784166372,0.5,0.5222329678670935,0.16818900249253282,0.8318109975074672,0.0,0.0,0.0,0.0,1.0,0.0,1.0,1.0,12
LEFT,RIGHT,False,0.2,strong,2.0,pure_duplication,16,provenance_preserving,0.5009245904775915,0.023133422145559166,0.4862263152820799,0.5156228656731031,0.0,0.0,0.0,0.0,0.0,0.0,0.0,0.0,0.5,0.5222329678670935,0.16818900249253282,0.8318109975074672,0.5,0.5222329678670935,0.16818900249253282,0.8318109975074672,12
LEFT,RIGHT,False,0.2,strong,2.0,pure_duplication,16,semantic_group_deduplication,0.32819585959450387,0.021273461786773952,0.314679346830601,0.34171237235840674,-0.003898338259068735,0.023268683873344662,-0.018682554656271232,0.010885878138133761,0.0,0.0,0.0,0.0,1.0,0.0,1.0,1.0,0.0,0.0,0.0,0.0,12
LEFT,RIGHT,False,0.2,strong,2.0,pure_duplication,16,single_trajectory_score_average,0.33397553119519685,0.010213990205183593,0.32748587143213115,0.34046519095826255,9.25185853854297e-18,2.1607686311362426e-17,-4.477010357045915e-18,2.2980727434131856e-17,0.0,0.0,0.0,0.0,1.0,0.0,1.0,1.0,0.0,0.0,0.0,0.0,12
LEFT,RIGHT,False,0.2,strong,2.0,pure_duplication,16,source_group_average,0.33397553119519685,0.01021399020518359,0.32748587143213115,0.34046519095826255,0.0,0.0,0.0,0.0,0.0,0.0,0.0,0.0,1.0,0.0,1.0,1.0,0.0,0.0,0.0,0.0,12
LEFT,RIGHT,False,0.2,weak,1.2,independent_rollout,1,exact_deduplication,0.2718721142653239,0.021252136217099128,0.2583691511219575,0.28537507740869034,0.0,0.0,0.0,0.0,0.0,0.0,0.0,0.0,1.0,0.0,1.0,1.0,0.0,0.0,0.0,0.0,12
LEFT,RIGHT,False,0.2,weak,1.2,independent_rollout,1,explicit_belief_mixing,0.21709605347747196,0.0048091532796261174,0.2140404632618708,0.22015164369307313,0.0,0.0,0.0,0.0,0.0,0.0,0.0,0.0,1.0,0.0,1.0,1.0,0.0,0.0,0.0,0.0,12
LEFT,RIGHT,False,0.2,weak,1.2,independent_rollout,1,ordinary_flat_aggregation,0.2718721142653239,0.021252136217099128,0.2583691511219575,0.28537507740869034,0.0,0.0,0.0,0.0,0.0,0.0,0.0,0.0,1.0,0.0,1.0,1.0,0.0,0.0,0.0,0.0,12
LEFT,RIGHT,False,0.2,weak,1.2,independent_rollout,1,provenance_preserving,0.2718721142653239,0.021252136217099128,0.2583691511219575,0.28537507740869034,0.0,0.0,0.0,0.0,0.0,0.0,0.0,0.0,1.0,0.0,1.0,1.0,0.0,0.0,0.0,0.0,12
LEFT,RIGHT,False,0.2,weak,1.2,independent_rollout,1,semantic_group_deduplication,0.2718721142653239,0.021252136217099128,0.2583691511219575,0.28537507740869034,0.0,0.0,0.0,0.0,0.0,0.0,0.0,0.0,1.0,0.0,1.0,1.0,0.0,0.0,0.0,0.0,12
LEFT,RIGHT,False,0.2,weak,1.2,independent_rollout,1,single_trajectory_score_average,0.23419210695494388,0.00961830655925223,0.22808092652374157,0.2403032873861462,0.0,0.0,0.0,0.0,0.0,0.0,0.0,0.0,1.0,0.0,1.0,1.0,0.0,0.0,0.0,0.0,12
LEFT,RIGHT,False,0.2,weak,1.2,independent_rollout,1,source_group_average,0.23419210695494388,0.00961830655925223,0.22808092652374157,0.2403032873861462,0.0,0.0,0.0,0.0,0.0,0.0,0.0,0.0,1.0,0.0,1.0,1.0,0.0,0.0,0.0,0.0,12
LEFT,RIGHT,False,0.2,weak,1.2,independent_rollout,2,exact_deduplication,0.3433314223120532,0.03322044871504649,0.3222241561989906,0.36443868842511584,0.07145930804672933,0.02842725806136447,0.05339748998061278,0.08952112611284588,0.0,0.0,0.0,0.0,1.0,0.0,1.0,1.0,0.0,0.0,0.0,0.0,12
LEFT,RIGHT,False,0.2,weak,1.2,independent_rollout,2,explicit_belief_mixing,0.21567923889455246,0.003329167048855473,0.21356398706764967,0.21779449072145524,-0.0014168145829194696,0.004027976308152676,-0.00397606863040566,0.0011424394645667207,0.0,0.0,0.0,0.0,1.0,0.0,1.0,1.0,0.0,0.0,0.0,0.0,12
LEFT,RIGHT,False,0.2,weak,1.2,independent_rollout,2,ordinary_flat_aggregation,0.3433314223120532,0.03322044871504649,0.3222241561989906,0.36443868842511584,0.07145930804672933,0.02842725806136447,0.05339748998061278,0.08952112611284588,0.0,0.0,0.0,0.0,1.0,0.0,1.0,1.0,0.0,0.0,0.0,0.0,12
LEFT,RIGHT,False,0.2,weak,1.2,independent_rollout,2,provenance_preserving,0.3433314223120532,0.03322044871504649,0.3222241561989906,0.36443868842511584,0.07145930804672933,0.02842725806136447,0.05339748998061278,0.08952112611284588,0.0,0.0,0.0,0.0,1.0,0.0,1.0,1.0,0.0,0.0,0.0,0.0,12
LEFT,RIGHT,False,0.2,weak,1.2,independent_rollout,2,semantic_group_deduplication,0.2563833395122456,0.017858840144647323,0.24503637383345317,0.2677303051910381,-0.015488774753078327,0.027831826237919965,-0.03317227348770623,0.002194723981549575,0.0,0.0,0.0,0.0,1.0,0.0,1.0,1.0,0.0,0.0,0.0,0.0,12
LEFT,RIGHT,False,0.2,weak,1.2,independent_rollout,2,single_trajectory_score_average,0.2313584777891049,0.006658334097710942,0.22712797413529937,0.23558898144291043,-0.002833629165838939,0.008055952616305347,-0.007952137260811317,0.002284878929133438,0.0,0.0,0.0,0.0,1.0,0.0,1.0,1.0,0.0,0.0,0.0,0.0,12
LEFT,RIGHT,False,0.2,weak,1.2,independent_rollout,2,source_group_average,0.2313584777891049,0.006658334097710942,0.22712797413529937,0.23558898144291043,-0.002833629165838939,0.008055952616305347,-0.007952137260811317,0.002284878929133438,0.0,0.0,0.0,0.0,1.0,0.0,1.0,1.0,0.0,0.0,0.0,0.0,12
LEFT,RIGHT,False,0.2,weak,1.2,independent_rollout,4,exact_deduplication,0.5238799521535161,0.04398725024782077,0.49593178671702365,0.5518281175900086,0.2520078378881921,0.03545491536449417,0.22948085939871915,0.274534816377665,0.75,0.45226701686664544,0.46264324690347836,1.0373567530965215,0.25,0.45226701686664544,-0.037356753096521644,0.5373567530965216,0.75,0.45226701686664544,0.46264324690347836,1.0373567530965215,12
LEFT,RIGHT,False,0.2,weak,1.2,independent_rollout,4,explicit_belief_mixing,0.21578705646845062,0.0019635257301503727,0.2145394917392193,0.21703462119768194,-0.0013089970090213593,0.0038940058020762113,-0.0037831302579502185,0.0011651362399075,0.0,0.0,0.0,0.0,1.0,0.0,1.0,1.0,0.0,0.0,0.0,0.0,12
LEFT,RIGHT,False,0.2,weak,1.2,independent_rollout,4,ordinary_flat_aggregation,0.5238799521535161,0.04398725024782077,0.49593178671702365,0.5518281175900086,0.2520078378881921,0.03545491536449417,0.22948085939871915,0.274534816377665,0.75,0.45226701686664544,0.46264324690347836,1.0373567530965215,0.25,0.45226701686664544,-0.037356753096521644,0.5373567530965216,0.75,0.45226701686664544,0.46264324690347836,1.0373567530965215,12
LEFT,RIGHT,False,0.2,weak,1.2,independent_rollout,4,provenance_preserving,0.5238799521535161,0.04398725024782077,0.49593178671702365,0.5518281175900086,0.2520078378881921,0.03545491536449417,0.22948085939871915,0.274534816377665,0.75,0.45226701686664544,0.46264324690347836,1.0373567530965215,0.25,0.45226701686664544,-0.037356753096521644,0.5373567530965216,0.75,0.45226701686664544,0.46264324690347836,1.0373567530965215,12
LEFT,RIGHT,False,0.2,weak,1.2,independent_rollout,4,semantic_group_deduplication,0.26833583401289207,0.01755780440241443,0.2571801373195175,0.27949153070626664,-0.003536280252431856,0.02413144434185433,-0.018868668498752576,0.011796107993888864,0.0,0.0,0.0,0.0,1.0,0.0,1.0,1.0,0.0,0.0,0.0,0.0,12
LEFT,RIGHT,False,0.2,weak,1.2,independent_rollout,4,single_trajectory_score_average,0.23157411293690114,0.003927051460300745,0.22907898347843852,0.23406924239536375,-0.0026179940180427234,0.007788011604152411,-0.0075662605159004335,0.002330272479814987,0.0,0.0,0.0,0.0,1.0,0.0,1.0,1.0,0.0,0.0,0.0,0.0,12
LEFT,RIGHT,False,0.2,weak,1.2,independent_rollout,4,source_group_average,0.23157411293690114,0.003927051460300745,0.22907898347843852,0.23406924239536375,-0.0026179940180427234,0.007788011604152411,-0.0075662605159004335,0.002330272479814987,0.0,0.0,0.0,0.0,1.0,0.0,1.0,1.0,0.0,0.0,0.0,0.0,12
LEFT,RIGHT,False,0.2,weak,1.2,independent_rollout,8,exact_deduplication,0.8224059409198642,0.04628518521339555,0.7929977372627883,0.85181414457694,0.5505338266545403,0.04248195822376105,0.523542078140716,0.5775255751683647,1.0,0.0,1.0,1.0,0.0,0.0,0.0,0.0,1.0,0.0,1.0,1.0,12
LEFT,RIGHT,False,0.2,weak,1.2,independent_rollout,8,explicit_belief_mixing,0.21568282125054883,0.001752728014223365,0.21456919100017607,0.21679645150092158,-0.0014132322269231358,0.004434131060075063,-0.004230544692146106,0.0014040802382998343,0.0,0.0,0.0,0.0,1.0,0.0,1.0,1.0,0.0,0.0,0.0,0.0,12
LEFT,RIGHT,False,0.2,weak,1.2,independent_rollout,8,ordinary_flat_aggregation,0.8224059409198642,0.04628518521339555,0.7929977372627883,0.85181414457694,0.5505338266545403,0.04248195822376105,0.523542078140716,0.5775255751683647,1.0,0.0,1.0,1.0,0.0,0.0,0.0,0.0,1.0,0.0,1.0,1.0,12
LEFT,RIGHT,False,0.2,weak,1.2,independent_rollout,8,provenance_preserving,0.8224059409198642,0.04628518521339555,0.7929977372627883,0.85181414457694,0.5505338266545403,0.04248195822376105,0.523542078140716,0.5775255751683647,1.0,0.0,1.0,1.0,0.0,0.0,0.0,0.0,1.0,0.0,1.0,1.0,12
LEFT,RIGHT,False,0.2,weak,1.2,independent_rollout,8,semantic_group_deduplication,0.26356031820915904,0.015890106543220185,0.2534642261831427,0.2736564102351754,-0.008311796056164888,0.020809394231676742,-0.021533454362685354,0.004909862250355579,0.0,0.0,0.0,0.0,1.0,0.0,1.0,1.0,0.0,0.0,0.0,0.0,12
LEFT,RIGHT,False,0.2,weak,1.2,independent_rollout,8,single_trajectory_score_average,0.23136564250109762,0.0035054560284467256,0.2291383820003521,0.23359290300184313,-0.002826464453846269,0.00886826212015012,-0.008461089384292207,0.0028081604765996687,0.0,0.0,0.0,0.0,1.0,0.0,1.0,1.0,0.0,0.0,0.0,0.0,12
LEFT,RIGHT,False,0.2,weak,1.2,independent_rollout,8,source_group_average,0.23136564250109762,0.0035054560284467256,0.2291383820003521,0.23359290300184313,-0.002826464453846269,0.00886826212015012,-0.008461089384292207,0.0028081604765996687,0.0,0.0,0.0,0.0,1.0,0.0,1.0,1.0,0.0,0.0,0.0,0.0,12
LEFT,RIGHT,False,0.2,weak,1.2,independent_rollout,16,exact_deduplication,0.9878165226396863,0.005479817063318591,0.9843348129855365,0.9912982322938362,0.7159444083743624,0.020383516888155713,0.702993339622436,0.7288954771262887,1.0,0.0,1.0,1.0,0.0,0.0,0.0,0.0,1.0,0.0,1.0,1.0,12
LEFT,RIGHT,False,0.2,weak,1.2,independent_rollout,16,explicit_belief_mixing,0.21563760877902402,0.0013511954074739525,0.2147791001754547,0.21649611738259333,-0.0014584446984479717,0.004640471093422765,-0.004406859366142865,0.001489969969246922,0.0,0.0,0.0,0.0,1.0,0.0,1.0,1.0,0.0,0.0,0.0,0.0,12
LEFT,RIGHT,False,0.2,weak,1.2,independent_rollout,16,ordinary_flat_aggregation,0.9878165226396863,0.005479817063318591,0.9843348129855365,0.9912982322938362,0.7159444083743624,0.020383516888155713,0.702993339622436,0.7288954771262887,1.0,0.0,1.0,1.0,0.0,0.0,0.0,0.0,1.0,0.0,1.0,1.0,12
LEFT,RIGHT,False,0.2,weak,1.2,independent_rollout,16,provenance_preserving,0.9878165226396863,0.005479817063318591,0.9843348129855365,0.9912982322938362,0.7159444083743624,0.020383516888155713,0.702993339622436,0.7288954771262887,1.0,0.0,1.0,1.0,0.0,0.0,0.0,0.0,1.0,0.0,1.0,1.0,12
LEFT,RIGHT,False,0.2,weak,1.2,independent_rollout,16,semantic_group_deduplication,0.26355494036963445,0.012706946885613087,0.2554813314999954,0.2716285492392735,-0.008317173895689487,0.021917775414525224,-0.02224306400779956,0.005608716216420584,0.0,0.0,0.0,0.0,1.0,0.0,1.0,1.0,0.0,0.0,0.0,0.0,12
LEFT,RIGHT,False,0.2,weak,1.2,independent_rollout,16,single_trajectory_score_average,0.23127521755804795,0.0027023908149479106,0.2295582003509093,0.2329922347651866,-0.0029168893968959386,0.009280942186845527,-0.008813718732285723,0.002979939938493847,0.0,0.0,0.0,0.0,1.0,0.0,1.0,1.0,0.0,0.0,0.0,0.0,12
LEFT,RIGHT,False,0.2,weak,1.2,independent_rollout,16,source_group_average,0.23127521755804795,0.0027023908149479106,0.2295582003509093,0.2329922347651866,-0.0029168893968959386,0.009280942186845527,-0.008813718732285723,0.002979939938493847,0.0,0.0,0.0,0.0,1.0,0.0,1.0,1.0,0.0,0.0,0.0,0.0,12
LEFT,RIGHT,False,0.2,weak,1.2,pure_duplication,1,exact_deduplication,0.22832241180714993,0.017903731509881695,0.2169469235156647,0.23969790009863517,0.0,0.0,0.0,0.0,0.0,0.0,0.0,0.0,1.0,0.0,1.0,1.0,0.0,0.0,0.0,0.0,12
LEFT,RIGHT,False,0.2,weak,1.2,pure_duplication,1,explicit_belief_mixing,0.21709605347747196,0.0048091532796261174,0.2140404632618708,0.22015164369307313,0.0,0.0,0.0,0.0,0.0,0.0,0.0,0.0,1.0,0.0,1.0,1.0,0.0,0.0,0.0,0.0,12
LEFT,RIGHT,False,0.2,weak,1.2,pure_duplication,1,ordinary_flat_aggregation,0.2718721142653239,0.021252136217099128,0.2583691511219575,0.28537507740869034,0.0,0.0,0.0,0.0,0.0,0.0,0.0,0.0,1.0,0.0,1.0,1.0,0.0,0.0,0.0,0.0,12
LEFT,RIGHT,False,0.2,weak,1.2,pure_duplication,1,provenance_preserving,0.2718721142653239,0.021252136217099128,0.2583691511219575,0.28537507740869034,0.0,0.0,0.0,0.0,0.0,0.0,0.0,0.0,1.0,0.0,1.0,1.0,0.0,0.0,0.0,0.0,12
LEFT,RIGHT,False,0.2,weak,1.2,pure_duplication,1,semantic_group_deduplication,0.22832241180714993,0.017903731509881695,0.2169469235156647,0.23969790009863517,0.0,0.0,0.0,0.0,0.0,0.0,0.0,0.0,1.0,0.0,1.0,1.0,0.0,0.0,0.0,0.0,12
LEFT,RIGHT,False,0.2,weak,1.2,pure_duplication,1,single_trajectory_score_average,0.23419210695494388,0.00961830655925223,0.22808092652374157,0.2403032873861462,0.0,0.0,0.0,0.0,0.0,0.0,0.0,0.0,1.0,0.0,1.0,1.0,0.0,0.0,0.0,0.0,12
LEFT,RIGHT,False,0.2,weak,1.2,pure_duplication,1,source_group_average,0.23419210695494388,0.00961830655925223,0.22808092652374157,0.2403032873861462,0.0,0.0,0.0,0.0,0.0,0.0,0.0,0.0,1.0,0.0,1.0,1.0,0.0,0.0,0.0,0.0,12
LEFT,RIGHT,False,0.2,weak,1.2,pure_duplication,2,exact_deduplication,0.23342641236533893,0.014879136441094239,0.22397266009701094,0.2428801646336669,0.0051040005581889855,0.014180291928567288,-0.0039057270907220058,0.014113728207099977,0.0,0.0,0.0,0.0,1.0,0.0,1.0,1.0,0.0,0.0,0.0,0.0,12
LEFT,RIGHT,False,0.2,weak,1.2,pure_duplication,2,explicit_belief_mixing,0.21709605347747196,0.0048091532796261174,0.2140404632618708,0.22015164369307313,0.0,0.0,0.0,0.0,0.0,0.0,0.0,0.0,1.0,0.0,1.0,1.0,0.0,0.0,0.0,0.0,12
LEFT,RIGHT,False,0.2,weak,1.2,pure_duplication,2,ordinary_flat_aggregation,0.3582633967116487,0.04902470713806199,0.32711458386586206,0.38941220955743533,0.08639128244632484,0.02777427582175695,0.06874434950162017,0.1040382153910295,0.0,0.0,0.0,0.0,1.0,0.0,1.0,1.0,0.0,0.0,0.0,0.0,12
LEFT,RIGHT,False,0.2,weak,1.2,pure_duplication,2,provenance_preserving,0.2718721142653239,0.021252136217099128,0.2583691511219575,0.28537507740869034,0.0,0.0,0.0,0.0,0.0,0.0,0.0,0.0,1.0,0.0,1.0,1.0,0.0,0.0,0.0,0.0,12
LEFT,RIGHT,False,0.2,weak,1.2,pure_duplication,2,semantic_group_deduplication,0.23342641236533893,0.014879136441094239,0.22397266009701094,0.2428801646336669,0.0051040005581889855,0.014180291928567288,-0.0039057270907220058,0.014113728207099977,0.0,0.0,0.0,0.0,1.0,0.0,1.0,1.0,0.0,0.0,0.0,0.0,12
LEFT,RIGHT,False,0.2,weak,1.2,pure_duplication,2,single_trajectory_score_average,0.23419210695494388,0.00961830655925223,0.22808092652374157,0.2403032873861462,-2.3129646346357427e-18,8.012344526598183e-18,-7.403765471285793e-18,2.7778362020143068e-18,0.0,0.0,0.0,0.0,1.0,0.0,1.0,1.0,0.0,0.0,0.0,0.0,12
LEFT,RIGHT,False,0.2,weak,1.2,pure_duplication,2,source_group_average,0.23419210695494388,0.00961830655925223,0.22808092652374157,0.2403032873861462,0.0,0.0,0.0,0.0,0.0,0.0,0.0,0.0,1.0,0.0,1.0,1.0,0.0,0.0,0.0,0.0,12
LEFT,RIGHT,False,0.2,weak,1.2,pure_duplication,4,exact_deduplication,0.23049533592309715,0.016063628815765982,0.22028899310502847,0.24070167874116583,0.0021729241159472376,0.0208682867319689,-0.011086152700069976,0.015432000931964451,0.0,0.0,0.0,0.0,1.0,0.0,1.0,1.0,0.0,0.0,0.0,0.0,12
LEFT,RIGHT,False,0.2,weak,1.2,pure_duplication,4,explicit_belief_mixing,0.21709605347747196,0.0048091532796261174,0.2140404632618708,0.22015164369307313,0.0,0.0,0.0,0.0,0.0,0.0,0.0,0.0,1.0,0.0,1.0,1.0,0.0,0.0,0.0,0.0,12
LEFT,RIGHT,False,0.2,weak,1.2,pure_duplication,4,ordinary_flat_aggregation,0.5498825716185136,0.10181725110594825,0.48519097661846206,0.6145741666185651,0.2780104573531897,0.08061111059839467,0.22679260121691205,0.32922831348946735,0.75,0.45226701686664544,0.46264324690347836,1.0373567530965215,0.25,0.45226701686664544,-0.037356753096521644,0.5373567530965216,0.75,0.45226701686664544,0.46264324690347836,1.0373567530965215,12
LEFT,RIGHT,False,0.2,weak,1.2,pure_duplication,4,provenance_preserving,0.2718721142653239,0.021252136217099128,0.2583691511219575,0.28537507740869034,0.0,0.0,0.0,0.0,0.0,0.0,0.0,0.0,1.0,0.0,1.0,1.0,0.0,0.0,0.0,0.0,12
LEFT,RIGHT,False,0.2,weak,1.2,pure_duplication,4,semantic_group_deduplication,0.23049533592309715,0.016063628815765982,0.22028899310502847,0.24070167874116583,0.0021729241159472376,0.0208682867319689,-0.011086152700069976,0.015432000931964451,0.0,0.0,0.0,0.0,1.0,0.0,1.0,1.0,0.0,0.0,0.0,0.0,12
LEFT,RIGHT,False,0.2,weak,1.2,pure_duplication,4,single_trajectory_score_average,0.23419210695494388,0.00961830655925223,0.22808092652374157,0.2403032873861462,0.0,0.0,0.0,0.0,0.0,0.0,0.0,0.0,1.0,0.0,1.0,1.0,0.0,0.0,0.0,0.0,12
LEFT,RIGHT,False,0.2,weak,1.2,pure_duplication,4,source_group_average,0.23419210695494388,0.00961830655925223,0.22808092652374157,0.2403032873861462,0.0,0.0,0.0,0.0,0.0,0.0,0.0,0.0,1.0,0.0,1.0,1.0,0.0,0.0,0.0,0.0,12
LEFT,RIGHT,False,0.2,weak,1.2,pure_duplication,8,exact_deduplication,0.23277834870847472,0.014262014050259217,0.22371669730065633,0.2418400001162931,0.004455936901324789,0.021452230385412163,-0.009174160011199386,0.018086033813848962,0.0,0.0,0.0,0.0,1.0,0.0,1.0,1.0,0.0,0.0,0.0,0.0,12
LEFT,RIGHT,False,0.2,weak,1.2,pure_duplication,8,explicit_belief_mixing,0.21709605347747196,0.004809153279626117,0.2140404632618708,0.22015164369307313,-2.3129646346357427e-18,8.012344526598183e-18,-7.403765471285793e-18,2.7778362020143068e-18,0.0,0.0,0.0,0.0,1.0,0.0,1.0,1.0,0.0,0.0,0.0,0.0,12
LEFT,RIGHT,False,0.2,weak,1.2,pure_duplication,8,ordinary_flat_aggregation,0.8320855644781852,0.11540612880178608,0.7587600085053549,0.9054111204510155,0.5602134502128611,0.09608490233067053,0.4991640158618279,0.6212628845638942,1.0,0.0,1.0,1.0,0.0,0.0,0.0,0.0,1.0,0.0,1.0,1.0,12
LEFT,RIGHT,False,0.2,weak,1.2,pure_duplication,8,provenance_preserving,0.2718721142653239,0.021252136217099128,0.2583691511219575,0.28537507740869034,0.0,0.0,0.0,0.0,0.0,0.0,0.0,0.0,1.0,0.0,1.0,1.0,0.0,0.0,0.0,0.0,12
LEFT,RIGHT,False,0.2,weak,1.2,pure_duplication,8,semantic_group_deduplication,0.23277834870847472,0.014262014050259217,0.22371669730065633,0.2418400001162931,0.004455936901324789,0.021452230385412163,-0.009174160011199386,0.018086033813848962,0.0,0.0,0.0,0.0,1.0,0.0,1.0,1.0,0.0,0.0,0.0,0.0,12
LEFT,RIGHT,False,0.2,weak,1.2,pure_duplication,8,single_trajectory_score_average,0.23419210695494388,0.009618306559252228,0.22808092652374157,0.2403032873861462,-2.3129646346357427e-18,8.012344526598183e-18,-7.403765471285793e-18,2.7778362020143068e-18,0.0,0.0,0.0,0.0,1.0,0.0,1.0,1.0,0.0,0.0,0.0,0.0,12
LEFT,RIGHT,False,0.2,weak,1.2,pure_duplication,8,source_group_average,0.23419210695494388,0.00961830655925223,0.22808092652374157,0.2403032873861462,0.0,0.0,0.0,0.0,0.0,0.0,0.0,0.0,1.0,0.0,1.0,1.0,0.0,0.0,0.0,0.0,12
LEFT,RIGHT,False,0.2,weak,1.2,pure_duplication,16,exact_deduplication,0.228453935896628,0.01544845884180365,0.21863845343257096,0.23826941836068502,0.00013152408947806013,0.010679504506024545,-0.006653909349360912,0.006916957528317033,0.0,0.0,0.0,0.0,1.0,0.0,1.0,1.0,0.0,0.0,0.0,0.0,12
LEFT,RIGHT,False,0.2,weak,1.2,pure_duplication,16,explicit_belief_mixing,0.21709605347747196,0.004809153279626117,0.2140404632618708,0.22015164369307313,-2.3129646346357427e-18,8.012344526598183e-18,-7.403765471285793e-18,2.7778362020143068e-18,0.0,0.0,0.0,0.0,1.0,0.0,1.0,1.0,0.0,0.0,0.0,0.0,12
LEFT,RIGHT,False,0.2,weak,1.2,pure_duplication,16,ordinary_flat_aggregation,0.9778239143168066,0.04654931237876322,0.9482478922652555,1.0073999363683577,0.7059518000514826,0.03513443925964664,0.6836284423645436,0.7282751577384217,1.0,0.0,1.0,1.0,0.0,0.0,0.0,0.0,1.0,0.0,1.0,1.0,12
LEFT,RIGHT,False,0.2,weak,1.2,pure_duplication,16,provenance_preserving,0.2718721142653239,0.021252136217099128,0.2583691511219575,0.28537507740869034,0.0,0.0,0.0,0.0,0.0,0.0,0.0,0.0,1.0,0.0,1.0,1.0,0.0,0.0,0.0,0.0,12
LEFT,RIGHT,False,0.2,weak,1.2,pure_duplication,16,semantic_group_deduplication,0.228453935896628,0.01544845884180365,0.21863845343257096,0.23826941836068502,0.00013152408947806013,0.010679504506024545,-0.006653909349360912,0.006916957528317033,0.0,0.0,0.0,0.0,1.0,0.0,1.0,1.0,0.0,0.0,0.0,0.0,12
LEFT,RIGHT,False,0.2,weak,1.2,pure_duplication,16,single_trajectory_score_average,0.23419210695494388,0.009618306559252228,0.22808092652374157,0.2403032873861462,-4.625929269271485e-18,1.080384315568121e-17,-1.1490363717065927e-17,2.238505178522956e-18,0.0,0.0,0.0,0.0,1.0,0.0,1.0,1.0,0.0,0.0,0.0,0.0,12
LEFT,RIGHT,False,0.2,weak,1.2,pure_duplication,16,source_group_average,0.23419210695494388,0.00961830655925223,0.22808092652374157,0.2403032873861462,0.0,0.0,0.0,0.0,0.0,0.0,0.0,0.0,1.0,0.0,1.0,1.0,0.0,0.0,0.0,0.0,12
LEFT,RIGHT,False,0.5,medium,1.5,independent_rollout,1,exact_deduplication,0.69179509717608,0.02052223473690794,0.6787558913079648,0.7048343030441953,0.0,0.0,0.0,0.0,0.0,0.0,0.0,0.0,0.0,0.0,0.0,0.0,1.0,0.0,1.0,1.0,12
LEFT,RIGHT,False,0.5,medium,1.5,independent_rollout,1,explicit_belief_mixing,0.5498884803126305,0.005758388707992858,0.5462297746797048,0.5535471859455562,0.0,0.0,0.0,0.0,0.0,0.0,0.0,0.0,0.0,0.0,0.0,0.0,1.0,0.0,1.0,1.0,12
LEFT,RIGHT,False,0.5,medium,1.5,independent_rollout,1,ordinary_flat_aggregation,0.69179509717608,0.02052223473690794,0.6787558913079648,0.7048343030441953,0.0,0.0,0.0,0.0,0.0,0.0,0.0,0.0,0.0,0.0,0.0,0.0,1.0,0.0,1.0,1.0,12
LEFT,RIGHT,False,0.5,medium,1.5,independent_rollout,1,provenance_preserving,0.69179509717608,0.02052223473690794,0.6787558913079648,0.7048343030441953,0.0,0.0,0.0,0.0,0.0,0.0,0.0,0.0,0.0,0.0,0.0,0.0,1.0,0.0,1.0,1.0,12
LEFT,RIGHT,False,0.5,medium,1.5,independent_rollout,1,semantic_group_deduplication,0.69179509717608,0.02052223473690794,0.6787558913079648,0.7048343030441953,0.0,0.0,0.0,0.0,0.0,0.0,0.0,0.0,0.0,0.0,0.0,0.0,1.0,0.0,1.0,1.0,12
LEFT,RIGHT,False,0.5,medium,1.5,independent_rollout,1,single_trajectory_score_average,0.5997769606252609,0.011516777415985738,0.5924595493594095,0.6070943718911123,0.0,0.0,0.0,0.0,0.0,0.0,0.0,0.0,0.0,0.0,0.0,0.0,1.0,0.0,1.0,1.0,12
LEFT,RIGHT,False,0.5,medium,1.5,independent_rollout,1,source_group_average,0.5997769606252609,0.011516777415985738,0.5924595493594095,0.6070943718911123,0.0,0.0,0.0,0.0,0.0,0.0,0.0,0.0,0.0,0.0,0.0,0.0,1.0,0.0,1.0,1.0,12
LEFT,RIGHT,False,0.5,medium,1.5,independent_rollout,2,exact_deduplication,0.8339599891091013,0.01603598375317004,0.8237712111258104,0.8441487670923922,0.14216489193302126,0.014825668342967334,0.13274511167348235,0.15158467219256017,0.0,0.0,0.0,0.0,0.0,0.0,0.0,0.0,1.0,0.0,1.0,1.0,12
LEFT,RIGHT,False,0.5,medium,1.5,independent_rollout,2,explicit_belief_mixing,0.5498377504689218,0.0034859219282366975,0.547622901343319,0.5520525995945246,-5.0729843708583834e-05,0.004220537963593623,-0.0027323317300041584,0.002630872042586991,0.0,0.0,0.0,0.0,0.0,0.0,0.0,0.0,1.0,0.0,1.0,1.0,12
LEFT,RIGHT,False,0.5,medium,1.5,independent_rollout,2,ordinary_flat_aggregation,0.8339599891091013,0.01603598375317004,0.8237712111258104,0.8441487670923922,0.14216489193302126,0.014825668342967334,0.13274511167348235,0.15158467219256017,0.0,0.0,0.0,0.0,0.0,0.0,0.0,0.0,1.0,0.0,1.0,1.0,12
LEFT,RIGHT,False,0.5,medium,1.5,independent_rollout,2,provenance_preserving,0.8339599891091013,0.01603598375317004,0.8237712111258104,0.8441487670923922,0.14216489193302126,0.014825668342967334,0.13274511167348235,0.15158467219256017,0.0,0.0,0.0,0.0,0.0,0.0,0.0,0.0,1.0,0.0,1.0,1.0,12
LEFT,RIGHT,False,0.5,medium,1.5,independent_rollout,2,semantic_group_deduplication,0.6841745695648473,0.01159682096630023,0.6768063010534597,0.691542838076235,-0.007620527611232729,0.020109789923968027,-0.02039767854750914,0.005156623325043683,0.0,0.0,0.0,0.0,0.0,0.0,0.0,0.0,1.0,0.0,1.0,1.0,12
LEFT,RIGHT,False,0.5,medium,1.5,independent_rollout,2,single_trajectory_score_average,0.5996755009378437,0.0069718438564733715,0.5952458026866382,0.6041051991890493,-0.00010145968741718618,0.00844107592718726,-0.0054646634600083455,0.0052617440851739725,0.0,0.0,0.0,0.0,0.0,0.0,0.0,0.0,1.0,0.0,1.0,1.0,12
LEFT,RIGHT,False,0.5,medium,1.5,independent_rollout,2,source_group_average,0.5996755009378437,0.0069718438564733715,0.5952458026866382,0.6041051991890493,-0.00010145968741718618,0.00844107592718726,-0.0054646634600083455,0.0052617440851739725,0.0,0.0,0.0,0.0,0.0,0.0,0.0,0.0,1.0,0.0,1.0,1.0,12
LEFT,RIGHT,False,0.5,medium,1.5,independent_rollout,4,exact_deduplication,0.9632897743216574,0.006738728575405863,0.9590081904536958,0.967571358189619,0.27149467714557723,0.0181215497870278,0.25998079372344673,0.28300856056770773,0.0,0.0,0.0,0.0,0.0,0.0,0.0,0.0,1.0,0.0,1.0,1.0,12
LEFT,RIGHT,False,0.5,medium,1.5,independent_rollout,4,explicit_belief_mixing,0.5505323959358236,0.0028526851778052985,0.5487198862463487,0.5523449056252985,0.0006439156231931031,0.004933928543688633,-0.0024909530129220616,0.003778784259308268,0.0,0.0,0.0,0.0,0.0,0.0,0.0,0.0,1.0,0.0,1.0,1.0,12
LEFT,RIGHT,False,0.5,medium,1.5,independent_rollout,4,ordinary_flat_aggregation,0.9632897743216574,0.006738728575405863,0.9590081904536958,0.967571358189619,0.27149467714557723,0.0181215497870278,0.25998079372344673,0.28300856056770773,0.0,0.0,0.0,0.0,0.0,0.0,0.0,0.0,1.0,0.0,1.0,1.0,12
LEFT,RIGHT,False,0.5,medium,1.5,independent_rollout,4,provenance_preserving,0.9632897743216574,0.006738728575405863,0.9590081904536958,0.967571358189619,0.27149467714557723,0.0181215497870278,0.25998079372344673,0.28300856056770773,0.0,0.0,0.0,0.0,0.0,0.0,0.0,0.0,1.0,0.0,1.0,1.0,12
LEFT,RIGHT,False,0.5,medium,1.5,independent_rollout,4,semantic_group_deduplication,0.6973963787556164,0.02052357657521463,0.6843563203241159,0.710436437187117,0.005601281579536321,0.028751840350671694,-0.01266676623425042,0.023869329393323063,0.0,0.0,0.0,0.0,0.0,0.0,0.0,0.0,1.0,0.0,1.0,1.0,12
LEFT,RIGHT,False,0.5,medium,1.5,independent_rollout,4,single_trajectory_score_average,0.6010647918716472,0.005705370355610645,0.5974397724926973,0.6046898112505971,0.0012878312463862156,0.009867857087377281,-0.004981906025844123,0.007557568518616555,0.0,0.0,0.0,0.0,0.0,0.0,0.0,0.0,1.0,0.0,1.0,1.0,12
LEFT,RIGHT,False,0.5,medium,1.5,independent_rollout,4,source_group_average,0.6010647918716472,0.005705370355610645,0.5974397724926973,0.6046898112505971,0.0012878312463862156,0.009867857087377281,-0.004981906025844123,0.007557568518616555,0.0,0.0,0.0,0.0,0.0,0.0,0.0,0.0,1.0,0.0,1.0,1.0,12
LEFT,RIGHT,False,0.5,medium,1.5,independent_rollout,8,exact_deduplication,0.9984669862821932,0.00042447767869217454,0.9981972860322037,0.9987366865321827,0.30667188910611315,0.0203444744115924,0.29374562676031346,0.31959815145191284,0.0,0.0,0.0,0.0,0.0,0.0,0.0,0.0,1.0,0.0,1.0,1.0,12
LEFT,RIGHT,False,0.5,medium,1.5,independent_rollout,8,explicit_belief_mixing,0.550142791719541,0.002070467024225781,0.5488272797337302,0.5514583037053516,0.0002543114069104846,0.005163460179020532,-0.0030263946725779993,0.0035350174863989685,0.0,0.0,0.0,0.0,0.0,0.0,0.0,0.0,1.0,0.0,1.0,1.0,12
LEFT,RIGHT,False,0.5,medium,1.5,independent_rollout,8,ordinary_flat_aggregation,0.9984669862821932,0.00042447767869217454,0.9981972860322037,0.9987366865321827,0.30667188910611315,0.0203444744115924,0.29374562676031346,0.31959815145191284,0.0,0.0,0.0,0.0,0.0,0.0,0.0,0.0,1.0,0.0,1.0,1.0,12
LEFT,RIGHT,False,0.5,medium,1.5,independent_rollout,8,provenance_preserving,0.9984669862821932,0.00042447767869217454,0.9981972860322037,0.9987366865321827,0.30667188910611315,0.0203444744115924,0.29374562676031346,0.31959815145191284,0.0,0.0,0.0,0.0,0.0,0.0,0.0,0.0,1.0,0.0,1.0,1.0,12
LEFT,RIGHT,False,0.5,medium,1.5,independent_rollout,8,semantic_group_deduplication,0.6906440991302009,0.02505369966193497,0.6747257378095215,0.7065624604508802,-0.0011509980458791202,0.03702621591591557,-0.024676333275411147,0.022374337183652906,0.0,0.0,0.0,0.0,0.0,0.0,0.0,0.0,1.0,0.0,1.0,1.0,12
LEFT,RIGHT,False,0.5,medium,1.5,independent_rollout,8,single_trajectory_score_average,0.6002855834390818,0.004140934048451574,0.5976545594674603,0.6029166074107033,0.00050862281382096,0.010326920358041069,-0.006052789345156012,0.007070034972797931,0.0,0.0,0.0,0.0,0.0,0.0,0.0,0.0,1.0,0.0,1.0,1.0,12
LEFT,RIGHT,False,0.5,medium,1.5,independent_rollout,8,source_group_average,0.6002855834390818,0.004140934048451574,0.5976545594674603,0.6029166074107033,0.00050862281382096,0.010326920358041069,-0.006052789345156012,0.007070034972797931,0.0,0.0,0.0,0.0,0.0,0.0,0.0,0.0,1.0,0.0,1.0,1.0,12
LEFT,RIGHT,False,0.5,medium,1.5,independent_rollout,16,exact_deduplication,0.9999974763186509,9.015292955364439e-07,0.9999969035142643,0.9999980491230375,0.30820237914257104,0.020521833135357482,0.2951634284399074,0.3212413298452347,0.0,0.0,0.0,0.0,0.0,0.0,0.0,0.0,1.0,0.0,1.0,1.0,12
LEFT,RIGHT,False,0.5,medium,1.5,independent_rollout,16,explicit_belief_mixing,0.5498723093750153,0.001479757231464917,0.5489321164855342,0.5508125022644964,-1.6170937615106462e-05,0.005283318225522851,-0.00337303118663383,0.0033406893114036173,0.0,0.0,0.0,0.0,0.0,0.0,0.0,0.0,1.0,0.0,1.0,1.0,12
LEFT,RIGHT,False,0.5,medium,1.5,independent_rollout,16,ordinary_flat_aggregation,0.9999974763186509,9.015292955364439e-07,0.9999969035142643,0.9999980491230375,0.30820237914257104,0.020521833135357482,0.2951634284399074,0.3212413298452347,0.0,0.0,0.0,0.0,0.0,0.0,0.0,0.0,1.0,0.0,1.0,1.0,12
LEFT,RIGHT,False,0.5,medium,1.5,independent_rollout,16,provenance_preserving,0.9999974763186509,9.015292955364439e-07,0.9999969035142643,0.9999980491230375,0.30820237914257104,0.020521833135357482,0.2951634284399074,0.3212413298452347,0.0,0.0,0.0,0.0,0.0,0.0,0.0,0.0,1.0,0.0,1.0,1.0,12
LEFT,RIGHT,False,0.5,medium,1.5,independent_rollout,16,semantic_group_deduplication,0.697368547809431,0.026274757772423576,0.680674363178878,0.7140627324399841,0.0055734506333508975,0.02097794640371867,-0.007755300614018751,0.018902201880720546,0.0,0.0,0.0,0.0,0.0,0.0,0.0,0.0,1.0,0.0,1.0,1.0,12
LEFT,RIGHT,False,0.5,medium,1.5,independent_rollout,16,single_trajectory_score_average,0.5997446187500307,0.0029595144629298237,0.5978642329710685,0.6016250045289929,-3.234187523023143e-05,0.010566636451045717,-0.006746062373267689,0.006681378622807227,0.0,0.0,0.0,0.0,0.0,0.0,0.0,0.0,1.0,0.0,1.0,1.0,12
LEFT,RIGHT,False,0.5,medium,1.5,independent_rollout,16,source_group_average,0.5997446187500307,0.0029595144629298237,0.5978642329710685,0.6016250045289929,-3.234187523023143e-05,0.010566636451045717,-0.006746062373267689,0.006681378622807227,0.0,0.0,0.0,0.0,0.0,0.0,0.0,0.0,1.0,0.0,1.0,1.0,12
LEFT,RIGHT,False,0.5,medium,1.5,pure_duplication,1,exact_deduplication,0.60183168747219,0.014380016506926697,0.5926950608803745,0.6109683140640054,0.0,0.0,0.0,0.0,0.0,0.0,0.0,0.0,0.0,0.0,0.0,0.0,1.0,0.0,1.0,1.0,12
LEFT,RIGHT,False,0.5,medium,1.5,pure_duplication,1,explicit_belief_mixing,0.5498884803126305,0.005758388707992858,0.5462297746797048,0.5535471859455562,0.0,0.0,0.0,0.0,0.0,0.0,0.0,0.0,0.0,0.0,0.0,0.0,1.0,0.0,1.0,1.0,12
LEFT,RIGHT,False,0.5,medium,1.5,pure_duplication,1,ordinary_flat_aggregation,0.69179509717608,0.02052223473690794,0.6787558913079648,0.7048343030441953,0.0,0.0,0.0,0.0,0.0,0.0,0.0,0.0,0.0,0.0,0.0,0.0,1.0,0.0,1.0,1.0,12
LEFT,RIGHT,False,0.5,medium,1.5,pure_duplication,1,provenance_preserving,0.69179509717608,0.02052223473690794,0.6787558913079648,0.7048343030441953,0.0,0.0,0.0,0.0,0.0,0.0,0.0,0.0,0.0,0.0,0.0,0.0,1.0,0.0,1.0,1.0,12
LEFT,RIGHT,False,0.5,medium,1.5,pure_duplication,1,semantic_group_deduplication,0.60183168747219,0.014380016506926697,0.5926950608803745,0.6109683140640054,0.0,0.0,0.0,0.0,0.0,0.0,0.0,0.0,0.0,0.0,0.0,0.0,1.0,0.0,1.0,1.0,12
LEFT,RIGHT,False,0.5,medium,1.5,pure_duplication,1,single_trajectory_score_average,0.5997769606252609,0.011516777415985738,0.5924595493594095,0.6070943718911123,0.0,0.0,0.0,0.0,0.0,0.0,0.0,0.0,0.0,0.0,0.0,0.0,1.0,0.0,1.0,1.0,12
LEFT,RIGHT,False,0.5,medium,1.5,pure_duplication,1,source_group_average,0.5997769606252609,0.011516777415985738,0.5924595493594095,0.6070943718911123,0.0,0.0,0.0,0.0,0.0,0.0,0.0,0.0,0.0,0.0,0.0,0.0,1.0,0.0,1.0,1.0,12
LEFT,RIGHT,False,0.5,medium,1.5,pure_duplication,2,exact_deduplication,0.5990329252915884,0.014995775550043371,0.5895050640690769,0.6085607865140998,-0.0027987621806014698,0.018642444884376757,-0.014643606557866612,0.009046082196663674,0.0,0.0,0.0,0.0,0.0,0.0,0.0,0.0,1.0,0.0,1.0,1.0,12
LEFT,RIGHT,False,0.5,medium,1.5,pure_duplication,2,explicit_belief_mixing,0.5498884803126305,0.005758388707992858,0.5462297746797048,0.5535471859455562,0.0,0.0,0.0,0.0,0.0,0.0,0.0,0.0,0.0,0.0,0.0,0.0,1.0,0.0,1.0,1.0,12
LEFT,RIGHT,False,0.5,medium,1.5,pure_duplication,2,ordinary_flat_aggregation,0.833274174727887,0.027149628751520462,0.8160241235968905,0.8505242258588835,0.14147907755180691,0.006696362285881036,0.137224411939974,0.14573374316363982,0.0,0.0,0.0,0.0,0.0,0.0,0.0,0.0,1.0,0.0,1.0,1.0,12
LEFT,RIGHT,False,0.5,medium,1.5,pure_duplication,2,provenance_preserving,0.69179509717608,0.02052223473690794,0.6787558913079648,0.7048343030441953,0.0,0.0,0.0,0.0,0.0,0.0,0.0,0.0,0.0,0.0,0.0,0.0,1.0,0.0,1.0,1.0,12
LEFT,RIGHT,False,0.5,medium,1.5,pure_duplication,2,semantic_group_deduplication,0.5990329252915884,0.014995775550043371,0.5895050640690769,0.6085607865140998,-0.0027987621806014698,0.018642444884376757,-0.014643606557866612,0.009046082196663674,0.0,0.0,0.0,0.0,0.0,0.0,0.0,0.0,1.0,0.0,1.0,1.0,12
LEFT,RIGHT,False,0.5,medium,1.5,pure_duplication,2,single_trajectory_score_average,0.5997769606252609,0.011516777415985738,0.5924595493594095,0.6070943718911123,0.0,0.0,0.0,0.0,0.0,0.0,0.0,0.0,0.0,0.0,0.0,0.0,1.0,0.0,1.0,1.0,12
LEFT,RIGHT,False,0.5,medium,1.5,pure_duplication,2,source_group_average,0.5997769606252609,0.011516777415985738,0.5924595493594095,0.6070943718911123,0.0,0.0,0.0,0.0,0.0,0.0,0.0,0.0,0.0,0.0,0.0,0.0,1.0,0.0,1.0,1.0,12
LEFT,RIGHT,False,0.5,medium,1.5,pure_duplication,4,exact_deduplication,0.5970948378097671,0.02298403821836274,0.5824914766333705,0.6116981989861637,-0.004736849662422836,0.023093111424717618,-0.01940951264783729,0.009935813322991618,0.0,0.0,0.0,0.0,0.0,0.0,0.0,0.0,1.0,0.0,1.0,1.0,12
LEFT,RIGHT,False,0.5,medium,1.5,pure_duplication,4,explicit_belief_mixing,0.5498884803126305,0.005758388707992858,0.5462297746797048,0.5535471859455562,0.0,0.0,0.0,0.0,0.0,0.0,0.0,0.0,0.0,0.0,0.0,0.0,1.0,0.0,1.0,1.0,12
LEFT,RIGHT,False,0.5,medium,1.5,pure_duplication,4,ordinary_flat_aggregation,0.9599529872319992,0.015574049832403918,0.950057708059513,0.9698482664044854,0.26815789005591917,0.005547601225630824,0.264633112399755,0.2716826677120833,0.0,0.0,0.0,0.0,0.0,0.0,0.0,0.0,1.0,0.0,1.0,1.0,12
LEFT,RIGHT,False,0.5,medium,1.5,pure_duplication,4,provenance_preserving,0.69179509717608,0.02052223473690794,0.6787558913079648,0.7048343030441953,0.0,0.0,0.0,0.0,0.0,0.0,0.0,0.0,0.0,0.0,0.0,0.0,1.0,0.0,1.0,1.0,12
LEFT,RIGHT,False,0.5,medium,1.5,pure_duplication,4,semantic_group_deduplication,0.5970948378097671,0.02298403821836274,0.5824914766333705,0.6116981989861637,-0.004736849662422836,0.023093111424717618,-0.01940951264783729,0.009935813322991618,0.0,0.0,0.0,0.0,0.0,0.0,0.0,0.0,1.0,0.0,1.0,1.0,12
LEFT,RIGHT,False,0.5,medium,1.5,pure_duplication,4,single_trajectory_score_average,0.5997769606252609,0.011516777415985738,0.5924595493594095,0.6070943718911123,0.0,0.0,0.0,0.0,0.0,0.0,0.0,0.0,0.0,0.0,0.0,0.0,1.0,0.0,1.0,1.0,12
LEFT,RIGHT,False,0.5,medium,1.5,pure_duplication,4,source_group_average,0.5997769606252609,0.011516777415985738,0.5924595493594095,0.6070943718911123,0.0,0.0,0.0,0.0,0.0,0.0,0.0,0.0,0.0,0.0,0.0,0.0,1.0,0.0,1.0,1.0,12
LEFT,RIGHT,False,0.5,medium,1.5,pure_duplication,8,exact_deduplication,0.5990978186272072,0.02214357109638003,0.5850284647833165,0.613167172471098,-0.0027338688449826585,0.028479744309170114,-0.020829035081956635,0.015361297391991319,0.0,0.0,0.0,0.0,0.0,0.0,0.0,0.0,1.0,0.0,1.0,1.0,12
LEFT,RIGHT,False,0.5,medium,1.5,pure_duplication,8,explicit_belief_mixing,0.5498884803126305,0.005758388707992858,0.5462297746797048,0.5535471859455562,0.0,0.0,0.0,0.0,0.0,0.0,0.0,0.0,0.0,0.0,0.0,0.0,1.0,0.0,1.0,1.0,12
LEFT,RIGHT,False,0.5,medium,1.5,pure_duplication,8,ordinary_flat_aggregation,0.9979757905563238,0.0017045494658433473,0.9968927714951713,0.9990588096174763,0.3061806933802438,0.01890633909624925,0.29416817862009287,0.3181932081403947,0.0,0.0,0.0,0.0,0.0,0.0,0.0,0.0,1.0,0.0,1.0,1.0,12
LEFT,RIGHT,False,0.5,medium,1.5,pure_duplication,8,provenance_preserving,0.69179509717608,0.02052223473690794,0.6787558913079648,0.7048343030441953,0.0,0.0,0.0,0.0,0.0,0.0,0.0,0.0,0.0,0.0,0.0,0.0,1.0,0.0,1.0,1.0,12
LEFT,RIGHT,False,0.5,medium,1.5,pure_duplication,8,semantic_group_deduplication,0.5990978186272072,0.02214357109638003,0.5850284647833165,0.613167172471098,-0.0027338688449826585,0.028479744309170114,-0.020829035081956635,0.015361297391991319,0.0,0.0,0.0,0.0,0.0,0.0,0.0,0.0,1.0,0.0,1.0,1.0,12
LEFT,RIGHT,False,0.5,medium,1.5,pure_duplication,8,single_trajectory_score_average,0.5997769606252609,0.011516777415985738,0.5924595493594095,0.6070943718911123,0.0,0.0,0.0,0.0,0.0,0.0,0.0,0.0,0.0,0.0,0.0,0.0,1.0,0.0,1.0,1.0,12
LEFT,RIGHT,False,0.5,medium,1.5,pure_duplication,8,source_group_average,0.5997769606252609,0.011516777415985738,0.5924595493594095,0.6070943718911123,0.0,0.0,0.0,0.0,0.0,0.0,0.0,0.0,0.0,0.0,0.0,0.0,1.0,0.0,1.0,1.0,12
LEFT,RIGHT,False,0.5,medium,1.5,pure_duplication,16,exact_deduplication,0.6046751682595598,0.014548562663742017,0.5954314525487878,0.6139188839703318,0.0028434807873698362,0.01140558975808229,-0.004403285211044454,0.010090246785784128,0.0,0.0,0.0,0.0,0.0,0.0,0.0,0.0,1.0,0.0,1.0,1.0,12
LEFT,RIGHT,False,0.5,medium,1.5,pure_duplication,16,explicit_belief_mixing,0.5498884803126305,0.005758388707992858,0.5462297746797048,0.5535471859455562,0.0,0.0,0.0,0.0,0.0,0.0,0.0,0.0,0.0,0.0,0.0,0.0,1.0,0.0,1.0,1.0,12
LEFT,RIGHT,False,0.5,medium,1.5,pure_duplication,16,ordinary_flat_aggregation,0.9999931781183281,1.1173412403390764e-05,0.999986078870783,1.0000002773658732,0.30819808094224826,0.020512729528812917,0.2951649143952284,0.3212312474892681,0.0,0.0,0.0,0.0,0.0,0.0,0.0,0.0,1.0,0.0,1.0,1.0,12
LEFT,RIGHT,False,0.5,medium,1.5,pure_duplication,16,provenance_preserving,0.69179509717608,0.02052223473690794,0.6787558913079648,0.7048343030441953,0.0,0.0,0.0,0.0,0.0,0.0,0.0,0.0,0.0,0.0,0.0,0.0,1.0,0.0,1.0,1.0,12
LEFT,RIGHT,False,0.5,medium,1.5,pure_duplication,16,semantic_group_deduplication,0.6046751682595598,0.014548562663742017,0.5954314525487878,0.6139188839703318,0.0028434807873698362,0.01140558975808229,-0.004403285211044454,0.010090246785784128,0.0,0.0,0.0,0.0,0.0,0.0,0.0,0.0,1.0,0.0,1.0,1.0,12
LEFT,RIGHT,False,0.5,medium,1.5,pure_duplication,16,single_trajectory_score_average,0.5997769606252609,0.011516777415985738,0.5924595493594095,0.6070943718911123,0.0,0.0,0.0,0.0,0.0,0.0,0.0,0.0,0.0,0.0,0.0,0.0,1.0,0.0,1.0,1.0,12
LEFT,RIGHT,False,0.5,medium,1.5,pure_duplication,16,source_group_average,0.5997769606252609,0.011516777415985738,0.5924595493594095,0.6070943718911123,0.0,0.0,0.0,0.0,0.0,0.0,0.0,0.0,0.0,0.0,0.0,0.0,1.0,0.0,1.0,1.0,12
LEFT,RIGHT,False,0.5,strong,2.0,independent_rollout,1,exact_deduplication,0.8002076657485694,0.01509259235263997,0.7906182900644637,0.8097970414326751,0.0,0.0,0.0,0.0,0.0,0.0,0.0,0.0,0.0,0.0,0.0,0.0,1.0,0.0,1.0,1.0,12
LEFT,RIGHT,False,0.5,strong,2.0,independent_rollout,1,explicit_belief_mixing,0.5834209317848588,0.0051833901413099875,0.5801275628114619,0.5867143007582556,0.0,0.0,0.0,0.0,0.0,0.0,0.0,0.0,0.0,0.0,0.0,0.0,1.0,0.0,1.0,1.0,12
LEFT,RIGHT,False,0.5,strong,2.0,independent_rollout,1,ordinary_flat_aggregation,0.8002076657485694,0.01509259235263997,0.7906182900644637,0.8097970414326751,0.0,0.0,0.0,0.0,0.0,0.0,0.0,0.0,0.0,0.0,0.0,0.0,1.0,0.0,1.0,1.0,12
LEFT,RIGHT,False,0.5,strong,2.0,independent_rollout,1,provenance_preserving,0.8002076657485694,0.01509259235263997,0.7906182900644637,0.8097970414326751,0.0,0.0,0.0,0.0,0.0,0.0,0.0,0.0,0.0,0.0,0.0,0.0,1.0,0.0,1.0,1.0,12
LEFT,RIGHT,False,0.5,strong,2.0,independent_rollout,1,semantic_group_deduplication,0.8002076657485694,0.01509259235263997,0.7906182900644637,0.8097970414326751,0.0,0.0,0.0,0.0,0.0,0.0,0.0,0.0,0.0,0.0,0.0,0.0,1.0,0.0,1.0,1.0,12
LEFT,RIGHT,False,0.5,strong,2.0,independent_rollout,1,single_trajectory_score_average,0.6668418635697176,0.010366780282620001,0.6602551256229239,0.6734286015165114,0.0,0.0,0.0,0.0,0.0,0.0,0.0,0.0,0.0,0.0,0.0,0.0,1.0,0.0,1.0,1.0,12
LEFT,RIGHT,False,0.5,strong,2.0,independent_rollout,1,source_group_average,0.6668418635697176,0.010366780282620001,0.6602551256229239,0.6734286015165114,0.0,0.0,0.0,0.0,0.0,0.0,0.0,0.0,0.0,0.0,0.0,0.0,1.0,0.0,1.0,1.0,12
LEFT,RIGHT,False,0.5,strong,2.0,independent_rollout,2,exact_deduplication,0.9406558412712416,0.00583505007959901,0.9369484273266081,0.944363255215875,0.1404481755226721,0.010285375828704773,0.13391315949830984,0.14698319154703438,0.0,0.0,0.0,0.0,0.0,0.0,0.0,0.0,1.0,0.0,1.0,1.0,12
LEFT,RIGHT,False,0.5,strong,2.0,independent_rollout,2,explicit_belief_mixing,0.5831184594069375,0.002877860575284746,0.5812899540330376,0.5849469647808374,-0.0003024723779212479,0.002976550046923426,-0.002193682050558986,0.0015887372947164901,0.0,0.0,0.0,0.0,0.0,0.0,0.0,0.0,1.0,0.0,1.0,1.0,12
LEFT,RIGHT,False,0.5,strong,2.0,independent_rollout,2,ordinary_flat_aggregation,0.9406558412712416,0.00583505007959901,0.9369484273266081,0.944363255215875,0.1404481755226721,0.010285375828704773,0.13391315949830984,0.14698319154703438,0.0,0.0,0.0,0.0,0.0,0.0,0.0,0.0,1.0,0.0,1.0,1.0,12
LEFT,RIGHT,False,0.5,strong,2.0,independent_rollout,2,provenance_preserving,0.9406558412712416,0.00583505007959901,0.9369484273266081,0.944363255215875,0.1404481755226721,0.010285375828704773,0.13391315949830984,0.14698319154703438,0.0,0.0,0.0,0.0,0.0,0.0,0.0,0.0,1.0,0.0,1.0,1.0,12
LEFT,RIGHT,False,0.5,strong,2.0,independent_rollout,2,semantic_group_deduplication,0.8004079159152037,0.011844188828284868,0.7928824773626912,0.8079333544677161,0.00020025016663435813,0.012525742730021659,-0.007758227075323537,0.008158727408592253,0.0,0.0,0.0,0.0,0.0,0.0,0.0,0.0,1.0,0.0,1.0,1.0,12
LEFT,RIGHT,False,0.5,strong,2.0,independent_rollout,2,single_trajectory_score_average,0.6662369188138749,0.0057557211505695,0.6625799080660753,0.6698939295616746,-0.0006049447558425051,0.005953100093846876,-0.004387364101117996,0.003177474589432986,0.0,0.0,0.0,0.0,0.0,0.0,0.0,0.0,1.0,0.0,1.0,1.0,12
LEFT,RIGHT,False,0.5,strong,2.0,independent_rollout,2,source_group_average,0.6662369188138749,0.0057557211505695,0.6625799080660753,0.6698939295616746,-0.0006049447558425051,0.005953100093846876,-0.004387364101117996,0.003177474589432986,0.0,0.0,0.0,0.0,0.0,0.0,0.0,0.0,1.0,0.0,1.0,1.0,12
LEFT,RIGHT,False,0.5,strong,2.0,independent_rollout,4,exact_deduplication,0.9963253810402085,0.0007291310783950461,0.9958621132549056,0.9967886488255114,0.19611771529163932,0.014626912182369138,0.18682421867171473,0.20541121191156392,0.0,0.0,0.0,0.0,0.0,0.0,0.0,0.0,1.0,0.0,1.0,1.0,12
LEFT,RIGHT,False,0.5,strong,2.0,independent_rollout,4,explicit_belief_mixing,0.5842793169970835,0.0025784846909142384,0.5826410259852305,0.5859176080089364,0.0008583852122247456,0.0038909225325621513,-0.0016137890207170089,0.0033305594451665003,0.0,0.0,0.0,0.0,0.0,0.0,0.0,0.0,1.0,0.0,1.0,1.0,12
LEFT,RIGHT,False,0.5,strong,2.0,independent_rollout,4,ordinary_flat_aggregation,0.9963253810402085,0.0007291310783950461,0.9958621132549056,0.9967886488255114,0.19611771529163932,0.014626912182369138,0.18682421867171473,0.20541121191156392,0.0,0.0,0.0,0.0,0.0,0.0,0.0,0.0,1.0,0.0,1.0,1.0,12
LEFT,RIGHT,False,0.5,strong,2.0,independent_rollout,4,provenance_preserving,0.9963253810402085,0.0007291310783950461,0.9958621132549056,0.9967886488255114,0.19611771529163932,0.014626912182369138,0.18682421867171473,0.20541121191156392,0.0,0.0,0.0,0.0,0.0,0.0,0.0,0.0,1.0,0.0,1.0,1.0,12
LEFT,RIGHT,False,0.5,strong,2.0,independent_rollout,4,semantic_group_deduplication,0.7979974083846803,0.014454351611175814,0.7888135515209204,0.8071812652484401,-0.0022102573638890233,0.019719848682914615,-0.014739651455760007,0.01031913672798196,0.0,0.0,0.0,0.0,0.0,0.0,0.0,0.0,1.0,0.0,1.0,1.0,12
LEFT,RIGHT,False,0.5,strong,2.0,independent_rollout,4,single_trajectory_score_average,0.668558633994167,0.005156969381828497,0.665282051970461,0.6718352160178731,0.001716770424449482,0.007781845065124287,-0.003227578041434017,0.006661118890332981,0.0,0.0,0.0,0.0,0.0,0.0,0.0,0.0,1.0,0.0,1.0,1.0,12
LEFT,RIGHT,False,0.5,strong,2.0,independent_rollout,4,source_group_average,0.668558633994167,0.005156969381828497,0.665282051970461,0.6718352160178731,0.001716770424449482,0.007781845065124287,-0.003227578041434017,0.006661118890332981,0.0,0.0,0.0,0.0,0.0,0.0,0.0,0.0,1.0,0.0,1.0,1.0,12
LEFT,RIGHT,False,0.5,strong,2.0,independent_rollout,8,exact_deduplication,0.9999847503207318,3.5439599766274637e-06,0.9999824985959895,0.999987002045474,0.19977708457216237,0.015091999210654282,0.19018808575249468,0.20936608339183005,0.0,0.0,0.0,0.0,0.0,0.0,0.0,0.0,1.0,0.0,1.0,1.0,12
LEFT,RIGHT,False,0.5,strong,2.0,independent_rollout,8,explicit_belief_mixing,0.5834233822019449,0.0016271394356250672,0.5823895471274885,0.5844572172764013,2.4504170860380667e-06,0.005122823311684498,-0.0032524362287090535,0.00325733706288113,0.0,0.0,0.0,0.0,0.0,0.0,0.0,0.0,1.0,0.0,1.0,1.0,12
LEFT,RIGHT,False,0.5,strong,2.0,independent_rollout,8,ordinary_flat_aggregation,0.9999847503207318,3.5439599766274637e-06,0.9999824985959895,0.999987002045474,0.19977708457216237,0.015091999210654282,0.19018808575249468,0.20936608339183005,0.0,0.0,0.0,0.0,0.0,0.0,0.0,0.0,1.0,0.0,1.0,1.0,12
LEFT,RIGHT,False,0.5,strong,2.0,independent_rollout,8,provenance_preserving,0.9999847503207318,3.5439599766274637e-06,0.9999824985959895,0.999987002045474,0.19977708457216237,0.015091999210654282,0.19018808575249468,0.20936608339183005,0.0,0.0,0.0,0.0,0.0,0.0,0.0,0.0,1.0,0.0,1.0,1.0,12
LEFT,RIGHT,False,0.5,strong,2.0,independent_rollout,8,semantic_group_deduplication,0.8036925929885705,0.010908871613457664,0.7967614266423979,0.8106237593347432,0.00348492724000111,0.017151364185609214,-0.0074125296599033465,0.014382384139905566,0.0,0.0,0.0,0.0,0.0,0.0,0.0,0.0,1.0,0.0,1.0,1.0,12
LEFT,RIGHT,False,0.5,strong,2.0,independent_rollout,8,single_trajectory_score_average,0.6668467644038897,0.0032542788712501217,0.6647790942549768,0.6689144345528025,4.900834172085385e-06,0.010245646623369043,-0.006504872457418127,0.006514674125762297,0.0,0.0,0.0,0.0,0.0,0.0,0.0,0.0,1.0,0.0,1.0,1.0,12
LEFT,RIGHT,False,0.5,strong,2.0,independent_rollout,8,source_group_average,0.6668467644038897,0.0032542788712501217,0.6647790942549768,0.6689144345528025,4.900834172085385e-06,0.010245646623369043,-0.006504872457418127,0.006514674125762297,0.0,0.0,0.0,0.0,0.0,0.0,0.0,0.0,1.0,0.0,1.0,1.0,12
LEFT,RIGHT,False,0.5,strong,2.0,independent_rollout,16,exact_deduplication,0.9999999997836726,4.8855833686114354e-11,0.9999999997526311,0.9999999998147141,0.1997923340351032,0.015092592369596652,0.19020295834022377,0.2093817097299826,0.0,0.0,0.0,0.0,0.0,0.0,0.0,0.0,1.0,0.0,1.0,1.0,12
LEFT,RIGHT,False,0.5,strong,2.0,independent_rollout,16,explicit_belief_mixing,0.583590276175952,0.0008305419698893278,0.5830625749842285,0.5841179773676756,0.00016934439109329383,0.005576633535535385,-0.0033738795147373836,0.003712568296923971,0.0,0.0,0.0,0.0,0.0,0.0,0.0,0.0,1.0,0.0,1.0,1.0,12
LEFT,RIGHT,False,0.5,strong,2.0,independent_rollout,16,ordinary_flat_aggregation,0.9999999997836726,4.8855833686114354e-11,0.9999999997526311,0.9999999998147141,0.1997923340351032,0.015092592369596652,0.19020295834022377,0.2093817097299826,0.0,0.0,0.0,0.0,0.0,0.0,0.0,0.0,1.0,0.0,1.0,1.0,12
LEFT,RIGHT,False,0.5,strong,2.0,independent_rollout,16,provenance_preserving,0.9999999997836726,4.8855833686114354e-11,0.9999999997526311,0.9999999998147141,0.1997923340351032,0.015092592369596652,0.19020295834022377,0.2093817097299826,0.0,0.0,0.0,0.0,0.0,0.0,0.0,0.0,1.0,0.0,1.0,1.0,12
LEFT,RIGHT,False,0.5,strong,2.0,independent_rollout,16,semantic_group_deduplication,0.80150409845475,0.012416994143896633,0.793614716767956,0.809393480141544,0.00129643270618048,0.022457017004900055,-0.012972075166601725,0.015564940578962686,0.0,0.0,0.0,0.0,0.0,0.0,0.0,0.0,1.0,0.0,1.0,1.0,12
LEFT,RIGHT,False,0.5,strong,2.0,independent_rollout,16,single_trajectory_score_average,0.6671805523519042,0.0016610839397786432,0.6661251499684571,0.6682359547353514,0.0003386887821865599,0.01115326707107077,-0.006747759029474795,0.007425136593847914,0.0,0.0,0.0,0.0,0.0,0.0,0.0,0.0,1.0,0.0,1.0,1.0,12
LEFT,RIGHT,False,0.5,strong,2.0,independent_rollout,16,source_group_average,0.6671805523519042,0.0016610839397786432,0.6661251499684571,0.6682359547353514,0.0003386887821865599,0.01115326707107077,-0.006747759029474795,0.007425136593847914,0.0,0.0,0.0,0.0,0.0,0.0,0.0,0.0,1.0,0.0,1.0,1.0,12
LEFT,RIGHT,False,0.5,strong,2.0,pure_duplication,1,exact_deduplication,0.6650214757804456,0.017341123674818857,0.6540034514532139,0.6760395001076772,0.0,0.0,0.0,0.0,0.0,0.0,0.0,0.0,0.0,0.0,0.0,0.0,1.0,0.0,1.0,1.0,12
LEFT,RIGHT,False,0.5,strong,2.0,pure_duplication,1,explicit_belief_mixing,0.5834209317848588,0.0051833901413099875,0.5801275628114619,0.5867143007582556,0.0,0.0,0.0,0.0,0.0,0.0,0.0,0.0,0.0,0.0,0.0,0.0,1.0,0.0,1.0,1.0,12
LEFT,RIGHT,False,0.5,strong,2.0,pure_duplication,1,ordinary_flat_aggregation,0.8002076657485694,0.01509259235263997,0.7906182900644637,0.8097970414326751,0.0,0.0,0.0,0.0,0.0,0.0,0.0,0.0,0.0,0.0,0.0,0.0,1.0,0.0,1.0,1.0,12
LEFT,RIGHT,False,0.5,strong,2.0,pure_duplication,1,provenance_preserving,0.8002076657485694,0.01509259235263997,0.7906182900644637,0.8097970414326751,0.0,0.0,0.0,0.0,0.0,0.0,0.0,0.0,0.0,0.0,0.0,0.0,1.0,0.0,1.0,1.0,12
LEFT,RIGHT,False,0.5,strong,2.0,pure_duplication,1,semantic_group_deduplication,0.6650214757804456,0.017341123674818857,0.6540034514532139,0.6760395001076772,0.0,0.0,0.0,0.0,0.0,0.0,0.0,0.0,0.0,0.0,0.0,0.0,1.0,0.0,1.0,1.0,12
LEFT,RIGHT,False,0.5,strong,2.0,pure_duplication,1,single_trajectory_score_average,0.6668418635697176,0.010366780282620001,0.6602551256229239,0.6734286015165114,0.0,0.0,0.0,0.0,0.0,0.0,0.0,0.0,0.0,0.0,0.0,0.0,1.0,0.0,1.0,1.0,12
LEFT,RIGHT,False,0.5,strong,2.0,pure_duplication,1,source_group_average,0.6668418635697176,0.010366780282620001,0.6602551256229239,0.6734286015165114,0.0,0.0,0.0,0.0,0.0,0.0,0.0,0.0,0.0,0.0,0.0,0.0,1.0,0.0,1.0,1.0,12
LEFT,RIGHT,False,0.5,strong,2.0,pure_duplication,2,exact_deduplication,0.676008870523162,0.015694227497242363,0.6660372341053432,0.6859805069409809,0.010987394742716603,0.02189131428214825,-0.002921682767988697,0.024896472253421904,0.0,0.0,0.0,0.0,0.0,0.0,0.0,0.0,1.0,0.0,1.0,1.0,12
LEFT,RIGHT,False,0.5,strong,2.0,pure_duplication,2,explicit_belief_mixing,0.5834209317848588,0.0051833901413099875,0.5801275628114619,0.5867143007582556,0.0,0.0,0.0,0.0,0.0,0.0,0.0,0.0,0.0,0.0,0.0,0.0,1.0,0.0,1.0,1.0,12
LEFT,RIGHT,False,0.5,strong,2.0,pure_duplication,2,ordinary_flat_aggregation,0.9407888667208303,0.010934491345646216,0.9338414223734275,0.9477363110682331,0.140581200972261,0.004240216540212047,0.1378870959148923,0.14327530602962973,0.0,0.0,0.0,0.0,0.0,0.0,0.0,0.0,1.0,0.0,1.0,1.0,12
LEFT,RIGHT,False,0.5,strong,2.0,pure_duplication,2,provenance_preserving,0.8002076657485694,0.01509259235263997,0.7906182900644637,0.8097970414326751,0.0,0.0,0.0,0.0,0.0,0.0,0.0,0.0,0.0,0.0,0.0,0.0,1.0,0.0,1.0,1.0,12
LEFT,RIGHT,False,0.5,strong,2.0,pure_duplication,2,semantic_group_deduplication,0.676008870523162,0.015694227497242363,0.6660372341053432,0.6859805069409809,0.010987394742716603,0.02189131428214825,-0.002921682767988697,0.024896472253421904,0.0,0.0,0.0,0.0,0.0,0.0,0.0,0.0,1.0,0.0,1.0,1.0,12
LEFT,RIGHT,False,0.5,strong,2.0,pure_duplication,2,single_trajectory_score_average,0.6668418635697176,0.010366780282620006,0.6602551256229239,0.6734286015165114,-9.25185853854297e-18,3.204937810639273e-17,-2.961506188514317e-17,1.1111344808057227e-17,0.0,0.0,0.0,0.0,0.0,0.0,0.0,0.0,1.0,0.0,1.0,1.0,12
LEFT,RIGHT,False,0.5,strong,2.0,pure_duplication,2,source_group_average,0.6668418635697176,0.010366780282620001,0.6602551256229239,0.6734286015165114,0.0,0.0,0.0,0.0,0.0,0.0,0.0,0.0,0.0,0.0,0.0,0.0,1.0,0.0,1.0,1.0,12
LEFT,RIGHT,False,0.5,strong,2.0,pure_duplication,4,exact_deduplication,0.6621974045151129,0.016238762025106816,0.6518797873645841,0.6725150216656417,-0.0028240712653327484,0.006993383101302407,-0.007267454899790637,0.001619312369125141,0.0,0.0,0.0,0.0,0.0,0.0,0.0,0.0,1.0,0.0,1.0,1.0,12
LEFT,RIGHT,False,0.5,strong,2.0,pure_duplication,4,explicit_belief_mixing,0.5834209317848588,0.0051833901413099875,0.5801275628114619,0.5867143007582556,0.0,0.0,0.0,0.0,0.0,0.0,0.0,0.0,0.0,0.0,0.0,0.0,1.0,0.0,1.0,1.0,12
LEFT,RIGHT,False,0.5,strong,2.0,pure_duplication,4,ordinary_flat_aggregation,0.99589828997623,0.0017405569695338192,0.9947923928387161,0.9970041871137438,0.1956906242276605,0.013386396629516687,0.18718531358668056,0.20419593486864046,0.0,0.0,0.0,0.0,0.0,0.0,0.0,0.0,1.0,0.0,1.0,1.0,12
LEFT,RIGHT,False,0.5,strong,2.0,pure_duplication,4,provenance_preserving,0.8002076657485694,0.01509259235263997,0.7906182900644637,0.8097970414326751,0.0,0.0,0.0,0.0,0.0,0.0,0.0,0.0,0.0,0.0,0.0,0.0,1.0,0.0,1.0,1.0,12
LEFT,RIGHT,False,0.5,strong,2.0,pure_duplication,4,semantic_group_deduplication,0.6621974045151129,0.016238762025106816,0.6518797873645841,0.6725150216656417,-0.0028240712653327484,0.006993383101302407,-0.007267454899790637,0.001619312369125141,0.0,0.0,0.0,0.0,0.0,0.0,0.0,0.0,1.0,0.0,1.0,1.0,12
LEFT,RIGHT,False,0.5,strong,2.0,pure_duplication,4,single_trajectory_score_average,0.6668418635697176,0.010366780282620001,0.6602551256229239,0.6734286015165114,0.0,0.0,0.0,0.0,0.0,0.0,0.0,0.0,0.0,0.0,0.0,0.0,1.0,0.0,1.0,1.0,12
LEFT,RIGHT,False,0.5,strong,2.0,pure_duplication,4,source_group_average,0.6668418635697176,0.010366780282620001,0.6602551256229239,0.6734286015165114,0.0,0.0,0.0,0.0,0.0,0.0,0.0,0.0,0.0,0.0,0.0,0.0,1.0,0.0,1.0,1.0,12
LEFT,RIGHT,False,0.5,strong,2.0,pure_duplication,8,exact_deduplication,0.6677722107791716,0.02218607843318262,0.6536758490619873,0.6818685724963559,0.002750734998725977,0.025258842109310526,-0.013297967614600647,0.018799437612052602,0.0,0.0,0.0,0.0,0.0,0.0,0.0,0.0,1.0,0.0,1.0,1.0,12
LEFT,RIGHT,False,0.5,strong,2.0,pure_duplication,8,explicit_belief_mixing,0.5834209317848588,0.0051833901413099875,0.5801275628114619,0.5867143007582556,0.0,0.0,0.0,0.0,0.0,0.0,0.0,0.0,0.0,0.0,0.0,0.0,1.0,0.0,1.0,1.0,12
LEFT,RIGHT,False,0.5,strong,2.0,pure_duplication,8,ordinary_flat_aggregation,0.9999801766688133,1.9519845197704346e-05,0.9999677743508734,0.9999925789867533,0.19977251092024406,0.015074497291791597,0.19019463228929187,0.20935038955119625,0.0,0.0,0.0,0.0,0.0,0.0,0.0,0.0,1.0,0.0,1.0,1.0,12
LEFT,RIGHT,False,0.5,strong,2.0,pure_duplication,8,provenance_preserving,0.8002076657485694,0.01509259235263997,0.7906182900644637,0.8097970414326751,0.0,0.0,0.0,0.0,0.0,0.0,0.0,0.0,0.0,0.0,0.0,0.0,1.0,0.0,1.0,1.0,12
LEFT,RIGHT,False,0.5,strong,2.0,pure_duplication,8,semantic_group_deduplication,0.6677722107791716,0.02218607843318262,0.6536758490619873,0.6818685724963559,0.002750734998725977,0.025258842109310526,-0.013297967614600647,0.018799437612052602,0.0,0.0,0.0,0.0,0.0,0.0,0.0,0.0,1.0,0.0,1.0,1.0,12
LEFT,RIGHT,False,0.5,strong,2.0,pure_duplication,8,single_trajectory_score_average,0.6668418635697176,0.010366780282620001,0.6602551256229239,0.6734286015165114,0.0,0.0,0.0,0.0,0.0,0.0,0.0,0.0,0.0,0.0,0.0,0.0,1.0,0.0,1.0,1.0,12
LEFT,RIGHT,False,0.5,strong,2.0,pure_duplication,8,source_group_average,0.6668418635697176,0.010366780282620001,0.6602551256229239,0.6734286015165114,0.0,0.0,0.0,0.0,0.0,0.0,0.0,0.0,0.0,0.0,0.0,0.0,1.0,0.0,1.0,1.0,12
LEFT,RIGHT,False,0.5,strong,2.0,pure_duplication,16,exact_deduplication,0.660854783244231,0.021539137433497408,0.647169468227738,0.6745400982607239,-0.004166692536214545,0.023120324463588776,-0.018856645861627885,0.010523260789198796,0.0,0.0,0.0,0.0,0.0,0.0,0.0,0.0,1.0,0.0,1.0,1.0,12
LEFT,RIGHT,False,0.5,strong,2.0,pure_duplication,16,explicit_belief_mixing,0.5834209317848588,0.0051833901413099875,0.5801275628114619,0.5867143007582556,0.0,0.0,0.0,0.0,0.0,0.0,0.0,0.0,0.0,0.0,0.0,0.0,1.0,0.0,1.0,1.0,12
LEFT,RIGHT,False,0.5,strong,2.0,pure_duplication,16,ordinary_flat_aggregation,0.9999999992576766,1.6492984386767658e-09,0.9999999982097624,1.0000000003055909,0.19979233350910705,0.015092591009814176,0.1902029586781922,0.2093817083400219,0.0,0.0,0.0,0.0,0.0,0.0,0.0,0.0,1.0,0.0,1.0,1.0,12
LEFT,RIGHT,False,0.5,strong,2.0,pure_duplication,16,provenance_preserving,0.8002076657485694,0.01509259235263997,0.7906182900644637,0.8097970414326751,0.0,0.0,0.0,0.0,0.0,0.0,0.0,0.0,0.0,0.0,0.0,0.0,1.0,0.0,1.0,1.0,12
LEFT,RIGHT,False,0.5,strong,2.0,pure_duplication,16,semantic_group_deduplication,0.660854783244231,0.021539137433497408,0.647169468227738,0.6745400982607239,-0.004166692536214545,0.023120324463588776,-0.018856645861627885,0.010523260789198796,0.0,0.0,0.0,0.0,0.0,0.0,0.0,0.0,1.0,0.0,1.0,1.0,12
LEFT,RIGHT,False,0.5,strong,2.0,pure_duplication,16,single_trajectory_score_average,0.6668418635697176,0.010366780282620001,0.6602551256229239,0.6734286015165114,0.0,0.0,0.0,0.0,0.0,0.0,0.0,0.0,0.0,0.0,0.0,0.0,1.0,0.0,1.0,1.0,12
LEFT,RIGHT,False,0.5,strong,2.0,pure_duplication,16,source_group_average,0.6668418635697176,0.010366780282620001,0.6602551256229239,0.6734286015165114,0.0,0.0,0.0,0.0,0.0,0.0,0.0,0.0,0.0,0.0,0.0,0.0,1.0,0.0,1.0,1.0,12
LEFT,RIGHT,False,0.5,weak,1.2,independent_rollout,1,exact_deduplication,0.5981367838928562,0.025722009127447907,0.5817937989960338,0.6144797687896786,0.0,0.0,0.0,0.0,0.0,0.0,0.0,0.0,0.0,0.0,0.0,0.0,1.0,0.0,1.0,1.0,12
LEFT,RIGHT,False,0.5,weak,1.2,independent_rollout,1,explicit_belief_mixing,0.5247903906099167,0.006635054679737334,0.5205746779926304,0.5290061032272031,0.0,0.0,0.0,0.0,0.0,0.0,0.0,0.0,0.0,0.0,0.0,0.0,1.0,0.0,1.0,1.0,12
LEFT,RIGHT,False,0.5,weak,1.2,independent_rollout,1,ordinary_flat_aggregation,0.5981367838928562,0.025722009127447907,0.5817937989960338,0.6144797687896786,0.0,0.0,0.0,0.0,0.0,0.0,0.0,0.0,0.0,0.0,0.0,0.0,1.0,0.0,1.0,1.0,12
LEFT,RIGHT,False,0.5,weak,1.2,independent_rollout,1,provenance_preserving,0.5981367838928562,0.025722009127447907,0.5817937989960338,0.6144797687896786,0.0,0.0,0.0,0.0,0.0,0.0,0.0,0.0,0.0,0.0,0.0,0.0,1.0,0.0,1.0,1.0,12
LEFT,RIGHT,False,0.5,weak,1.2,independent_rollout,1,semantic_group_deduplication,0.5981367838928562,0.025722009127447907,0.5817937989960338,0.6144797687896786,0.0,0.0,0.0,0.0,0.0,0.0,0.0,0.0,0.0,0.0,0.0,0.0,1.0,0.0,1.0,1.0,12
LEFT,RIGHT,False,0.5,weak,1.2,independent_rollout,1,single_trajectory_score_average,0.5495807812198333,0.013270109359474692,0.5411493559852605,0.5580122064544062,0.0,0.0,0.0,0.0,0.0,0.0,0.0,0.0,0.0,0.0,0.0,0.0,1.0,0.0,1.0,1.0,12
LEFT,RIGHT,False,0.5,weak,1.2,independent_rollout,1,source_group_average,0.5495807812198333,0.013270109359474692,0.5411493559852605,0.5580122064544062,0.0,0.0,0.0,0.0,0.0,0.0,0.0,0.0,0.0,0.0,0.0,0.0,1.0,0.0,1.0,1.0,12
LEFT,RIGHT,False,0.5,weak,1.2,independent_rollout,2,exact_deduplication,0.6749905160054815,0.034015696376914886,0.6533779736341472,0.6966030583768159,0.07685373211262521,0.028855824767429265,0.058519615752475954,0.09518784847277446,0.0,0.0,0.0,0.0,0.0,0.0,0.0,0.0,1.0,0.0,1.0,1.0,12
LEFT,RIGHT,False,0.5,weak,1.2,independent_rollout,2,explicit_belief_mixing,0.5228409595767374,0.004712453921070658,0.5198468092023467,0.525835109951128,-0.0019494310331794236,0.005635086017812836,-0.005529793874398424,0.0016309318080395773,0.0,0.0,0.0,0.0,0.0,0.0,0.0,0.0,1.0,0.0,1.0,1.0,12
LEFT,RIGHT,False,0.5,weak,1.2,independent_rollout,2,ordinary_flat_aggregation,0.6749905160054815,0.034015696376914886,0.6533779736341472,0.6966030583768159,0.07685373211262521,0.028855824767429265,0.058519615752475954,0.09518784847277446,0.0,0.0,0.0,0.0,0.0,0.0,0.0,0.0,1.0,0.0,1.0,1.0,12
LEFT,RIGHT,False,0.5,weak,1.2,independent_rollout,2,provenance_preserving,0.6749905160054815,0.034015696376914886,0.6533779736341472,0.6966030583768159,0.07685373211262521,0.028855824767429265,0.058519615752475954,0.09518784847277446,0.0,0.0,0.0,0.0,0.0,0.0,0.0,0.0,1.0,0.0,1.0,1.0,12
LEFT,RIGHT,False,0.5,weak,1.2,independent_rollout,2,semantic_group_deduplication,0.5790282817109098,0.023327317286167354,0.5642068114205351,0.5938497520012845,-0.01910850218194643,0.034591167408959504,-0.041086681402978845,0.002869677039085982,0.0,0.0,0.0,0.0,0.0,0.0,0.0,0.0,1.0,0.0,1.0,1.0,12
LEFT,RIGHT,False,0.5,weak,1.2,independent_rollout,2,single_trajectory_score_average,0.5456819191534746,0.009424907842141313,0.5396936184046932,0.5516702199022561,-0.0038988620663588194,0.01127017203562571,-0.011059587748796845,0.0032618636160792057,0.0,0.0,0.0,0.0,0.0,0.0,0.0,0.0,1.0,0.0,1.0,1.0,12
LEFT,RIGHT,False,0.5,weak,1.2,independent_rollout,2,source_group_average,0.5456819191534746,0.009424907842141313,0.5396936184046932,0.5516702199022561,-0.0038988620663588194,0.01127017203562571,-0.011059587748796845,0.0032618636160792057,0.0,0.0,0.0,0.0,0.0,0.0,0.0,0.0,1.0,0.0,1.0,1.0,12
LEFT,RIGHT,False,0.5,weak,1.2,independent_rollout,4,exact_deduplication,0.8135808171538526,0.027181929004799606,0.7963102434210294,0.8308513908866757,0.2154440332609965,0.023094455458866164,0.20077051631702533,0.23011755020496769,0.0,0.0,0.0,0.0,0.0,0.0,0.0,0.0,1.0,0.0,1.0,1.0,12
LEFT,RIGHT,False,0.5,weak,1.2,independent_rollout,4,explicit_belief_mixing,0.5230651134445266,0.00274401572712091,0.5213216490299554,0.5248085778590977,-0.001725277165390134,0.005416363166233275,-0.005166670136788964,0.0017161158060086956,0.0,0.0,0.0,0.0,0.0,0.0,0.0,0.0,1.0,0.0,1.0,1.0,12
LEFT,RIGHT,False,0.5,weak,1.2,independent_rollout,4,ordinary_flat_aggregation,0.8135808171538526,0.027181929004799606,0.7963102434210294,0.8308513908866757,0.2154440332609965,0.023094455458866164,0.20077051631702533,0.23011755020496769,0.0,0.0,0.0,0.0,0.0,0.0,0.0,0.0,1.0,0.0,1.0,1.0,12
LEFT,RIGHT,False,0.5,weak,1.2,independent_rollout,4,provenance_preserving,0.8135808171538526,0.027181929004799606,0.7963102434210294,0.8308513908866757,0.2154440332609965,0.023094455458866164,0.20077051631702533,0.23011755020496769,0.0,0.0,0.0,0.0,0.0,0.0,0.0,0.0,1.0,0.0,1.0,1.0,12
LEFT,RIGHT,False,0.5,weak,1.2,independent_rollout,4,semantic_group_deduplication,0.594075467254443,0.021395509830874498,0.5804814088629207,0.6076695256459654,-0.004061316638413239,0.029760359598370173,-0.022970147011277094,0.014847513734450618,0.0,0.0,0.0,0.0,0.0,0.0,0.0,0.0,1.0,0.0,1.0,1.0,12
LEFT,RIGHT,False,0.5,weak,1.2,independent_rollout,4,single_trajectory_score_average,0.5461302268890531,0.005488031454241821,0.5426432980599107,0.5496171557181955,-0.003450554330780222,0.010832726332466604,-0.010333340273577915,0.003432231612017471,0.0,0.0,0.0,0.0,0.0,0.0,0.0,0.0,1.0,0.0,1.0,1.0,12
LEFT,RIGHT,False,0.5,weak,1.2,independent_rollout,4,source_group_average,0.5461302268890531,0.005488031454241821,0.5426432980599107,0.5496171557181955,-0.003450554330780222,0.010832726332466604,-0.010333340273577915,0.003432231612017471,0.0,0.0,0.0,0.0,0.0,0.0,0.0,0.0,1.0,0.0,1.0,1.0,12
LEFT,RIGHT,False,0.5,weak,1.2,independent_rollout,8,exact_deduplication,0.948207382992773,0.015580308332861779,0.9383081273588076,0.9581066386267383,0.35007059909991683,0.023699555400692258,0.33501261999510384,0.3651285782047298,0.0,0.0,0.0,0.0,0.0,0.0,0.0,0.0,1.0,0.0,1.0,1.0,12
LEFT,RIGHT,False,0.5,weak,1.2,independent_rollout,8,explicit_belief_mixing,0.52294699743747,0.002482057331331741,0.521369973446925,0.5245240214280149,-0.0018433931724467778,0.0061338036701666125,-0.0057406260925080685,0.002053839747614513,0.0,0.0,0.0,0.0,0.0,0.0,0.0,0.0,1.0,0.0,1.0,1.0,12
LEFT,RIGHT,False,0.5,weak,1.2,independent_rollout,8,ordinary_flat_aggregation,0.948207382992773,0.015580308332861779,0.9383081273588076,0.9581066386267383,0.35007059909991683,0.023699555400692258,0.33501261999510384,0.3651285782047298,0.0,0.0,0.0,0.0,0.0,0.0,0.0,0.0,1.0,0.0,1.0,1.0,12
LEFT,RIGHT,False,0.5,weak,1.2,independent_rollout,8,provenance_preserving,0.948207382992773,0.015580308332861779,0.9383081273588076,0.9581066386267383,0.35007059909991683,0.023699555400692258,0.33501261999510384,0.3651285782047298,0.0,0.0,0.0,0.0,0.0,0.0,0.0,0.0,1.0,0.0,1.0,1.0,12
LEFT,RIGHT,False,0.5,weak,1.2,independent_rollout,8,semantic_group_deduplication,0.5882488734483337,0.02003560034874976,0.5755188603192669,0.6009788865774004,-0.009887910444522622,0.024784160949118176,-0.025635015037516085,0.005859194148470843,0.0,0.0,0.0,0.0,0.0,0.0,0.0,0.0,1.0,0.0,1.0,1.0,12
LEFT,RIGHT,False,0.5,weak,1.2,independent_rollout,8,single_trajectory_score_average,0.5458939948749401,0.004964114662663492,0.5427399468938501,0.54904804285603,-0.003686786344893509,0.012267607340333265,-0.011481252185016116,0.004107679495229097,0.0,0.0,0.0,0.0,0.0,0.0,0.0,0.0,1.0,0.0,1.0,1.0,12
LEFT,RIGHT,False,0.5,weak,1.2,independent_rollout,8,source_group_average,0.5458939948749401,0.004964114662663492,0.5427399468938501,0.54904804285603,-0.003686786344893509,0.012267607340333265,-0.011481252185016116,0.004107679495229097,0.0,0.0,0.0,0.0,0.0,0.0,0.0,0.0,1.0,0.0,1.0,1.0,12
LEFT,RIGHT,False,0.5,weak,1.2,independent_rollout,16,exact_deduplication,0.9969207349803274,0.001395820126671379,0.9960338731828744,0.9978075967777804,0.39878395108747106,0.025337142976388106,0.3826854984767116,0.4148824036982305,0.0,0.0,0.0,0.0,0.0,0.0,0.0,0.0,1.0,0.0,1.0,1.0,12
LEFT,RIGHT,False,0.5,weak,1.2,independent_rollout,16,explicit_belief_mixing,0.5228976851120388,0.0019080680401484381,0.5216853565179641,0.5241100137061135,-0.0018927054978779094,0.0063986681091378434,-0.005958225253713357,0.0021728142579575376,0.0,0.0,0.0,0.0,0.0,0.0,0.0,0.0,1.0,0.0,1.0,1.0,12
LEFT,RIGHT,False,0.5,weak,1.2,independent_rollout,16,ordinary_flat_aggregation,0.9969207349803274,0.001395820126671379,0.9960338731828744,0.9978075967777804,0.39878395108747106,0.025337142976388106,0.3826854984767116,0.4148824036982305,0.0,0.0,0.0,0.0,0.0,0.0,0.0,0.0,1.0,0.0,1.0,1.0,12
LEFT,RIGHT,False,0.5,weak,1.2,independent_rollout,16,provenance_preserving,0.9969207349803274,0.001395820126671379,0.9960338731828744,0.9978075967777804,0.39878395108747106,0.025337142976388106,0.3826854984767116,0.4148824036982305,0.0,0.0,0.0,0.0,0.0,0.0,0.0,0.0,1.0,0.0,1.0,1.0,12
LEFT,RIGHT,False,0.5,weak,1.2,independent_rollout,16,semantic_group_deduplication,0.5884243529696477,0.015713505548820922,0.578440467862225,0.5984082380770703,-0.009712430923208476,0.026710508177811773,-0.026683478152587235,0.0072586163061702826,0.0,0.0,0.0,0.0,0.0,0.0,0.0,0.0,1.0,0.0,1.0,1.0,12
LEFT,RIGHT,False,0.5,weak,1.2,independent_rollout,16,single_trajectory_score_average,0.5457953702240775,0.003816136080296884,0.5433707130359281,0.548220027412227,-0.003785410995755791,0.012797336218275732,-0.011916450507426714,0.004345628515915131,0.0,0.0,0.0,0.0,0.0,0.0,0.0,0.0,1.0,0.0,1.0,1.0,12
LEFT,RIGHT,False,0.5,weak,1.2,independent_rollout,16,source_group_average,0.5457953702240775,0.003816136080296884,0.5433707130359281,0.548220027412227,-0.003785410995755791,0.012797336218275732,-0.011916450507426714,0.004345628515915131,0.0,0.0,0.0,0.0,0.0,0.0,0.0,0.0,1.0,0.0,1.0,1.0,12
LEFT,RIGHT,False,0.5,weak,1.2,pure_duplication,1,exact_deduplication,0.5413007153366971,0.024700219628453708,0.5256069445143683,0.5569944861590259,0.0,0.0,0.0,0.0,0.0,0.0,0.0,0.0,0.0,0.0,0.0,0.0,1.0,0.0,1.0,1.0,12
LEFT,RIGHT,False,0.5,weak,1.2,pure_duplication,1,explicit_belief_mixing,0.5247903906099167,0.006635054679737334,0.5205746779926304,0.5290061032272031,0.0,0.0,0.0,0.0,0.0,0.0,0.0,0.0,0.0,0.0,0.0,0.0,1.0,0.0,1.0,1.0,12
LEFT,RIGHT,False,0.5,weak,1.2,pure_duplication,1,ordinary_flat_aggregation,0.5981367838928562,0.025722009127447907,0.5817937989960338,0.6144797687896786,0.0,0.0,0.0,0.0,0.0,0.0,0.0,0.0,0.0,0.0,0.0,0.0,1.0,0.0,1.0,1.0,12
LEFT,RIGHT,False,0.5,weak,1.2,pure_duplication,1,provenance_preserving,0.5981367838928562,0.025722009127447907,0.5817937989960338,0.6144797687896786,0.0,0.0,0.0,0.0,0.0,0.0,0.0,0.0,0.0,0.0,0.0,0.0,1.0,0.0,1.0,1.0,12
LEFT,RIGHT,False,0.5,weak,1.2,pure_duplication,1,semantic_group_deduplication,0.5413007153366971,0.024700219628453708,0.5256069445143683,0.5569944861590259,0.0,0.0,0.0,0.0,0.0,0.0,0.0,0.0,0.0,0.0,0.0,0.0,1.0,0.0,1.0,1.0,12
LEFT,RIGHT,False,0.5,weak,1.2,pure_duplication,1,single_trajectory_score_average,0.5495807812198333,0.013270109359474692,0.5411493559852605,0.5580122064544062,0.0,0.0,0.0,0.0,0.0,0.0,0.0,0.0,0.0,0.0,0.0,0.0,1.0,0.0,1.0,1.0,12
LEFT,RIGHT,False,0.5,weak,1.2,pure_duplication,1,source_group_average,0.5495807812198333,0.013270109359474692,0.5411493559852605,0.5580122064544062,0.0,0.0,0.0,0.0,0.0,0.0,0.0,0.0,0.0,0.0,0.0,0.0,1.0,0.0,1.0,1.0,12
LEFT,RIGHT,False,0.5,weak,1.2,pure_duplication,2,exact_deduplication,0.5486496535571043,0.020729185630267447,0.5354789573645824,0.5618203497496261,0.007348938220407025,0.01937993282586892,-0.004964483639654111,0.019662360080468164,0.0,0.0,0.0,0.0,0.0,0.0,0.0,0.0,1.0,0.0,1.0,1.0,12
LEFT,RIGHT,False,0.5,weak,1.2,pure_duplication,2,explicit_belief_mixing,0.5247903906099167,0.006635054679737334,0.5205746779926304,0.5290061032272031,0.0,0.0,0.0,0.0,0.0,0.0,0.0,0.0,0.0,0.0,0.0,0.0,1.0,0.0,1.0,1.0,12
LEFT,RIGHT,False,0.5,weak,1.2,pure_duplication,2,ordinary_flat_aggregation,0.6877471875800767,0.04563054284230811,0.658754923841632,0.7167394513185213,0.08961040368722044,0.01995661040571046,0.07693057837356479,0.10229022900087609,0.0,0.0,0.0,0.0,0.0,0.0,0.0,0.0,1.0,0.0,1.0,1.0,12
LEFT,RIGHT,False,0.5,weak,1.2,pure_duplication,2,provenance_preserving,0.5981367838928562,0.025722009127447907,0.5817937989960338,0.6144797687896786,0.0,0.0,0.0,0.0,0.0,0.0,0.0,0.0,0.0,0.0,0.0,0.0,1.0,0.0,1.0,1.0,12
LEFT,RIGHT,False,0.5,weak,1.2,pure_duplication,2,semantic_group_deduplication,0.5486496535571043,0.020729185630267447,0.5354789573645824,0.5618203497496261,0.007348938220407025,0.01937993282586892,-0.004964483639654111,0.019662360080468164,0.0,0.0,0.0,0.0,0.0,0.0,0.0,0.0,1.0,0.0,1.0,1.0,12
LEFT,RIGHT,False,0.5,weak,1.2,pure_duplication,2,single_trajectory_score_average,0.5495807812198333,0.013270109359474692,0.5411493559852605,0.5580122064544062,-9.25185853854297e-18,3.204937810639273e-17,-2.961506188514317e-17,1.1111344808057227e-17,0.0,0.0,0.0,0.0,0.0,0.0,0.0,0.0,1.0,0.0,1.0,1.0,12
LEFT,RIGHT,False,0.5,weak,1.2,pure_duplication,2,source_group_average,0.5495807812198333,0.013270109359474692,0.5411493559852605,0.5580122064544062,0.0,0.0,0.0,0.0,0.0,0.0,0.0,0.0,0.0,0.0,0.0,0.0,1.0,0.0,1.0,1.0,12
LEFT,RIGHT,False,0.5,weak,1.2,pure_duplication,4,exact_deduplication,0.5444866529396828,0.02241177874518365,0.530246888085832,0.5587264177935336,0.003185937602985661,0.028627881846233,-0.015003350734593898,0.02137522594056522,0.0,0.0,0.0,0.0,0.0,0.0,0.0,0.0,1.0,0.0,1.0,1.0,12
LEFT,RIGHT,False,0.5,weak,1.2,pure_duplication,4,explicit_belief_mixing,0.5247903906099167,0.006635054679737334,0.5205746779926304,0.5290061032272031,0.0,0.0,0.0,0.0,0.0,0.0,0.0,0.0,0.0,0.0,0.0,0.0,1.0,0.0,1.0,1.0,12
LEFT,RIGHT,False,0.5,weak,1.2,pure_duplication,4,ordinary_flat_aggregation,0.8237213743808631,0.061425526261845435,0.7846934569657544,0.8627492917959718,0.2255845904880068,0.03636976045860623,0.2024763471571319,0.24869283381888171,0.0,0.0,0.0,0.0,0.0,0.0,0.0,0.0,1.0,0.0,1.0,1.0,12
LEFT,RIGHT,False,0.5,weak,1.2,pure_duplication,4,provenance_preserving,0.5981367838928562,0.025722009127447907,0.5817937989960338,0.6144797687896786,0.0,0.0,0.0,0.0,0.0,0.0,0.0,0.0,0.0,0.0,0.0,0.0,1.0,0.0,1.0,1.0,12
LEFT,RIGHT,False,0.5,weak,1.2,pure_duplication,4,semantic_group_deduplication,0.5444866529396828,0.02241177874518365,0.530246888085832,0.5587264177935336,0.003185937602985661,0.028627881846233,-0.015003350734593898,0.02137522594056522,0.0,0.0,0.0,0.0,0.0,0.0,0.0,0.0,1.0,0.0,1.0,1.0,12
LEFT,RIGHT,False,0.5,weak,1.2,pure_duplication,4,single_trajectory_score_average,0.5495807812198333,0.013270109359474692,0.5411493559852605,0.5580122064544062,0.0,0.0,0.0,0.0,0.0,0.0,0.0,0.0,0.0,0.0,0.0,0.0,1.0,0.0,1.0,1.0,12
LEFT,RIGHT,False,0.5,weak,1.2,pure_duplication,4,source_group_average,0.5495807812198333,0.013270109359474692,0.5411493559852605,0.5580122064544062,0.0,0.0,0.0,0.0,0.0,0.0,0.0,0.0,0.0,0.0,0.0,0.0,1.0,0.0,1.0,1.0,12
LEFT,RIGHT,False,0.5,weak,1.2,pure_duplication,8,exact_deduplication,0.5477941409086751,0.019773901004583982,0.5352304036100856,0.5603578782072646,0.006493425571977907,0.029527049547098012,-0.012267166666558062,0.025254017810513875,0.0,0.0,0.0,0.0,0.0,0.0,0.0,0.0,1.0,0.0,1.0,1.0,12
LEFT,RIGHT,False,0.5,weak,1.2,pure_duplication,8,explicit_belief_mixing,0.5247903906099167,0.006635054679737334,0.5205746779926304,0.5290061032272031,0.0,0.0,0.0,0.0,0.0,0.0,0.0,0.0,0.0,0.0,0.0,0.0,1.0,0.0,1.0,1.0,12
LEFT,RIGHT,False,0.5,weak,1.2,pure_duplication,8,ordinary_flat_aggregation,0.9478458193104341,0.04590934312018784,0.9186764143266053,0.9770152242942629,0.3497090354175778,0.025788939848017348,0.33332352476975435,0.36609454606540126,0.0,0.0,0.0,0.0,0.0,0.0,0.0,0.0,1.0,0.0,1.0,1.0,12
LEFT,RIGHT,False,0.5,weak,1.2,pure_duplication,8,provenance_preserving,0.5981367838928562,0.025722009127447907,0.5817937989960338,0.6144797687896786,0.0,0.0,0.0,0.0,0.0,0.0,0.0,0.0,0.0,0.0,0.0,0.0,1.0,0.0,1.0,1.0,12
LEFT,RIGHT,False,0.5,weak,1.2,pure_duplication,8,semantic_group_deduplication,0.5477941409086751,0.019773901004583982,0.5352304036100856,0.5603578782072646,0.006493425571977907,0.029527049547098012,-0.012267166666558062,0.025254017810513875,0.0,0.0,0.0,0.0,0.0,0.0,0.0,0.0,1.0,0.0,1.0,1.0,12
LEFT,RIGHT,False,0.5,weak,1.2,pure_duplication,8,single_trajectory_score_average,0.5495807812198333,0.013270109359474692,0.5411493559852605,0.5580122064544062,0.0,0.0,0.0,0.0,0.0,0.0,0.0,0.0,0.0,0.0,0.0,0.0,1.0,0.0,1.0,1.0,12
LEFT,RIGHT,False,0.5,weak,1.2,pure_duplication,8,source_group_average,0.5495807812198333,0.013270109359474692,0.5411493559852605,0.5580122064544062,0.0,0.0,0.0,0.0,0.0,0.0,0.0,0.0,0.0,0.0,0.0,0.0,1.0,0.0,1.0,1.0,12
LEFT,RIGHT,False,0.5,weak,1.2,pure_duplication,16,exact_deduplication,0.5416618825615958,0.02164936239549934,0.5279065339454596,0.5554172311777319,0.0003611672248985398,0.014438191035847148,-0.008812421699167707,0.009534756148964787,0.0,0.0,0.0,0.0,0.0,0.0,0.0,0.0,1.0,0.0,1.0,1.0,12
LEFT,RIGHT,False,0.5,weak,1.2,pure_duplication,16,explicit_belief_mixing,0.5247903906099167,0.006635054679737334,0.5205746779926304,0.5290061032272031,-9.25185853854297e-18,3.204937810639273e-17,-2.961506188514317e-17,1.1111344808057227e-17,0.0,0.0,0.0,0.0,0.0,0.0,0.0,0.0,1.0,0.0,1.0,1.0,12
LEFT,RIGHT,False,0.5,weak,1.2,pure_duplication,16,ordinary_flat_aggregation,0.9939274938595125,0.013360238149557705,0.9854388035237651,1.00241618419526,0.3957907099666562,0.018565876021152585,0.38399451512407706,0.4075869048092354,0.0,0.0,0.0,0.0,0.0,0.0,0.0,0.0,1.0,0.0,1.0,1.0,12
LEFT,RIGHT,False,0.5,weak,1.2,pure_duplication,16,provenance_preserving,0.5981367838928562,0.025722009127447907,0.5817937989960338,0.6144797687896786,0.0,0.0,0.0,0.0,0.0,0.0,0.0,0.0,0.0,0.0,0.0,0.0,1.0,0.0,1.0,1.0,12
LEFT,RIGHT,False,0.5,weak,1.2,pure_duplication,16,semantic_group_deduplication,0.5416618825615958,0.02164936239549934,0.5279065339454596,0.5554172311777319,0.0003611672248985398,0.014438191035847148,-0.008812421699167707,0.009534756148964787,0.0,0.0,0.0,0.0,0.0,0.0,0.0,0.0,1.0,0.0,1.0,1.0,12
LEFT,RIGHT,False,0.5,weak,1.2,pure_duplication,16,single_trajectory_score_average,0.5495807812198333,0.013270109359474693,0.5411493559852605,0.5580122064544062,-9.25185853854297e-18,3.204937810639273e-17,-2.961506188514317e-17,1.1111344808057227e-17,0.0,0.0,0.0,0.0,0.0,0.0,0.0,0.0,1.0,0.0,1.0,1.0,12
LEFT,RIGHT,False,0.5,weak,1.2,pure_duplication,16,source_group_average,0.5495807812198333,0.013270109359474692,0.5411493559852605,0.5580122064544062,0.0,0.0,0.0,0.0,0.0,0.0,0.0,0.0,0.0,0.0,0.0,0.0,1.0,0.0,1.0,1.0,12
LEFT,RIGHT,False,0.8,medium,1.5,independent_rollout,1,exact_deduplication,0.8996225087160584,0.008764600563990515,0.8940537471961378,0.905191270235979,0.0,0.0,0.0,0.0,0.0,0.0,0.0,0.0,0.0,0.0,0.0,0.0,1.0,0.0,1.0,1.0,12
LEFT,RIGHT,False,0.8,medium,1.5,independent_rollout,1,explicit_belief_mixing,0.8284280301725344,0.0029812599619906035,0.8265338279626331,0.8303222323824357,0.0,0.0,0.0,0.0,0.0,0.0,0.0,0.0,0.0,0.0,0.0,0.0,1.0,0.0,1.0,1.0,12
LEFT,RIGHT,False,0.8,medium,1.5,independent_rollout,1,ordinary_flat_aggregation,0.8996225087160584,0.008764600563990515,0.8940537471961378,0.905191270235979,0.0,0.0,0.0,0.0,0.0,0.0,0.0,0.0,0.0,0.0,0.0,0.0,1.0,0.0,1.0,1.0,12
LEFT,RIGHT,False,0.8,medium,1.5,independent_rollout,1,provenance_preserving,0.8996225087160584,0.008764600563990515,0.8940537471961378,0.905191270235979,0.0,0.0,0.0,0.0,0.0,0.0,0.0,0.0,0.0,0.0,0.0,0.0,1.0,0.0,1.0,1.0,12
LEFT,RIGHT,False,0.8,medium,1.5,independent_rollout,1,semantic_group_deduplication,0.8996225087160584,0.008764600563990515,0.8940537471961378,0.905191270235979,0.0,0.0,0.0,0.0,0.0,0.0,0.0,0.0,0.0,0.0,0.0,0.0,1.0,0.0,1.0,1.0,12
LEFT,RIGHT,False,0.8,medium,1.5,independent_rollout,1,single_trajectory_score_average,0.8568560603450689,0.005962519923981251,0.8530676559252662,0.8606444647648716,0.0,0.0,0.0,0.0,0.0,0.0,0.0,0.0,0.0,0.0,0.0,0.0,1.0,0.0,1.0,1.0,12
LEFT,RIGHT,False,0.8,medium,1.5,independent_rollout,1,source_group_average,0.8568560603450689,0.005962519923981251,0.8530676559252662,0.8606444647648716,0.0,0.0,0.0,0.0,0.0,0.0,0.0,0.0,0.0,0.0,0.0,0.0,1.0,0.0,1.0,1.0,12
LEFT,RIGHT,False,0.8,medium,1.5,independent_rollout,2,exact_deduplication,0.9525195188875625,0.005237485729752385,0.949191779217051,0.955847258558074,0.052897010171504166,0.006317691512213635,0.048882940490737554,0.05691107985227078,0.0,0.0,0.0,0.0,0.0,0.0,0.0,0.0,1.0,0.0,1.0,1.0,12
LEFT,RIGHT,False,0.8,medium,1.5,independent_rollout,2,explicit_belief_mixing,0.8284220390851891,0.0017763110389903505,0.8272934248957439,0.8295506532746343,-5.991087345382414e-06,0.0021759007169651623,-0.001388492445546052,0.0013765102708552873,0.0,0.0,0.0,0.0,0.0,0.0,0.0,0.0,1.0,0.0,1.0,1.0,12
LEFT,RIGHT,False,0.8,medium,1.5,independent_rollout,2,ordinary_flat_aggregation,0.9525195188875625,0.005237485729752385,0.949191779217051,0.955847258558074,0.052897010171504166,0.006317691512213635,0.048882940490737554,0.05691107985227078,0.0,0.0,0.0,0.0,0.0,0.0,0.0,0.0,1.0,0.0,1.0,1.0,12
LEFT,RIGHT,False,0.8,medium,1.5,independent_rollout,2,provenance_preserving,0.9525195188875625,0.005237485729752385,0.949191779217051,0.955847258558074,0.052897010171504166,0.006317691512213635,0.048882940490737554,0.05691107985227078,0.0,0.0,0.0,0.0,0.0,0.0,0.0,0.0,1.0,0.0,1.0,1.0,12
LEFT,RIGHT,False,0.8,medium,1.5,independent_rollout,2,semantic_group_deduplication,0.8964842848843629,0.004977983189262129,0.8933214252618643,0.8996471445068616,-0.003138223831695227,0.008520443288696982,-0.008551855219953075,0.002275407556562621,0.0,0.0,0.0,0.0,0.0,0.0,0.0,0.0,1.0,0.0,1.0,1.0,12
LEFT,RIGHT,False,0.8,medium,1.5,independent_rollout,2,single_trajectory_score_average,0.856844078170378,0.0035526220779807135,0.8545868497914875,0.8591013065492685,-1.1982174690820338e-05,0.004351801433930355,-0.0027769848910921793,0.002753020541710539,0.0,0.0,0.0,0.0,0.0,0.0,0.0,0.0,1.0,0.0,1.0,1.0,12
LEFT,RIGHT,False,0.8,medium,1.5,independent_rollout,2,source_group_average,0.856844078170378,0.0035526220779807135,0.8545868497914875,0.8591013065492685,-1.1982174690820338e-05,0.004351801433930355,-0.0027769848910921793,0.002753020541710539,0.0,0.0,0.0,0.0,0.0,0.0,0.0,0.0,1.0,0.0,1.0,1.0,12
LEFT,RIGHT,False,0.8,medium,1.5,independent_rollout,4,exact_deduplication,0.990554102678627,0.0017851466028506902,0.9894198746397344,0.9916883307175196,0.09093159396256856,0.008037204198987805,0.08582499804364517,0.09603818988149194,0.0,0.0,0.0,0.0,0.0,0.0,0.0,0.0,1.0,0.0,1.0,1.0,12
LEFT,RIGHT,False,0.8,medium,1.5,independent_rollout,4,explicit_belief_mixing,0.8287732699938042,0.001441953730034971,0.8278570963032066,0.8296894436844018,0.0003452398212698364,0.0025783502738693388,-0.0012929657860673946,0.0019834454286070673,0.0,0.0,0.0,0.0,0.0,0.0,0.0,0.0,1.0,0.0,1.0,1.0,12
LEFT,RIGHT,False,0.8,medium,1.5,independent_rollout,4,ordinary_flat_aggregation,0.990554102678627,0.0017851466028506902,0.9894198746397344,0.9916883307175196,0.09093159396256856,0.008037204198987805,0.08582499804364517,0.09603818988149194,0.0,0.0,0.0,0.0,0.0,0.0,0.0,0.0,1.0,0.0,1.0,1.0,12
LEFT,RIGHT,False,0.8,medium,1.5,independent_rollout,4,provenance_preserving,0.990554102678627,0.0017851466028506902,0.9894198746397344,0.9916883307175196,0.09093159396256856,0.008037204198987805,0.08582499804364517,0.09603818988149194,0.0,0.0,0.0,0.0,0.0,0.0,0.0,0.0,1.0,0.0,1.0,1.0,12
LEFT,RIGHT,False,0.8,medium,1.5,independent_rollout,4,semantic_group_deduplication,0.9019810169525294,0.008676278552449696,0.8964683725614659,0.9074936613435929,0.0023585082364709167,0.012235593840628625,-0.005415617196353993,0.010132633669295827,0.0,0.0,0.0,0.0,0.0,0.0,0.0,0.0,1.0,0.0,1.0,1.0,12
LEFT,RIGHT,False,0.8,medium,1.5,independent_rollout,4,single_trajectory_score_average,0.8575465399876084,0.002883907460069917,0.8557141926064133,0.8593788873688035,0.000690479642539645,0.005156700547738708,-0.0025859315721348357,0.003966890857214126,0.0,0.0,0.0,0.0,0.0,0.0,0.0,0.0,1.0,0.0,1.0,1.0,12
LEFT,RIGHT,False,0.8,medium,1.5,independent_rollout,4,source_group_average,0.8575465399876084,0.002883907460069917,0.8557141926064133,0.8593788873688035,0.000690479642539645,0.005156700547738708,-0.0025859315721348357,0.003966890857214126,0.0,0.0,0.0,0.0,0.0,0.0,0.0,0.0,1.0,0.0,1.0,1.0,12
LEFT,RIGHT,False,0.8,medium,1.5,independent_rollout,8,exact_deduplication,0.99961627433423,0.0001063768538202725,0.999548685705879,0.9996838629625809,0.09999376561817162,0.008719851179829612,0.09445343650047358,0.10553409473586967,0.0,0.0,0.0,0.0,0.0,0.0,0.0,0.0,1.0,0.0,1.0,1.0,12
LEFT,RIGHT,False,0.8,medium,1.5,independent_rollout,8,explicit_belief_mixing,0.8285691405562646,0.0010564409724083876,0.8278979099859423,0.829240371126587,0.00014111038373029738,0.0026878021267478696,-0.0015666376131481248,0.0018488583806087196,0.0,0.0,0.0,0.0,0.0,0.0,0.0,0.0,1.0,0.0,1.0,1.0,12
LEFT,RIGHT,False,0.8,medium,1.5,independent_rollout,8,ordinary_flat_aggregation,0.99961627433423,0.0001063768538202725,0.999548685705879,0.9996838629625809,0.09999376561817162,0.008719851179829612,0.09445343650047358,0.10553409473586967,0.0,0.0,0.0,0.0,0.0,0.0,0.0,0.0,1.0,0.0,1.0,1.0,12
LEFT,RIGHT,False,0.8,medium,1.5,independent_rollout,8,provenance_preserving,0.99961627433423,0.0001063768538202725,0.999548685705879,0.9996838629625809,0.09999376561817162,0.008719851179829612,0.09445343650047358,0.10553409473586967,0.0,0.0,0.0,0.0,0.0,0.0,0.0,0.0,1.0,0.0,1.0,1.0,12
LEFT,RIGHT,False,0.8,medium,1.5,independent_rollout,8,semantic_group_deduplication,0.8990538605759469,0.010800406665222927,0.8921916095700205,0.9059161115818734,-0.0005686481401114644,0.01593525157260633,-0.010693423949333434,0.009556127669110506,0.0,0.0,0.0,0.0,0.0,0.0,0.0,0.0,1.0,0.0,1.0,1.0,12
LEFT,RIGHT,False,0.8,medium,1.5,independent_rollout,8,single_trajectory_score_average,0.8571382811125292,0.0021128819448167717,0.8557958199718845,0.858480742253174,0.00028222076746055774,0.005375604253495797,-0.0031332752262963233,0.003697716761217439,0.0,0.0,0.0,0.0,0.0,0.0,0.0,0.0,1.0,0.0,1.0,1.0,12
LEFT,RIGHT,False,0.8,medium,1.5,independent_rollout,8,source_group_average,0.8571382811125292,0.0021128819448167717,0.8557958199718845,0.858480742253174,0.00028222076746055774,0.005375604253495797,-0.0031332752262963233,0.003697716761217439,0.0,0.0,0.0,0.0,0.0,0.0,0.0,0.0,1.0,0.0,1.0,1.0,12
LEFT,RIGHT,False,0.8,medium,1.5,independent_rollout,16,exact_deduplication,0.9999993690783288,2.2538316108139847e-07,0.9999992258767002,0.9999995122799573,0.10037686036227056,0.008764499748195232,0.09480816289765029,0.10594555782689083,0.0,0.0,0.0,0.0,0.0,0.0,0.0,0.0,1.0,0.0,1.0,1.0,12
LEFT,RIGHT,False,0.8,medium,1.5,independent_rollout,16,explicit_belief_mixing,0.828428584113312,0.0007575942295581893,0.8279472317045541,0.8289099365220699,5.539407777199745e-07,0.0027331320032730343,-0.0017359952855752325,0.0017371031671306724,0.0,0.0,0.0,0.0,0.0,0.0,0.0,0.0,1.0,0.0,1.0,1.0,12
LEFT,RIGHT,False,0.8,medium,1.5,independent_rollout,16,ordinary_flat_aggregation,0.9999993690783288,2.2538316108139847e-07,0.9999992258767002,0.9999995122799573,0.10037686036227056,0.008764499748195232,0.09480816289765029,0.10594555782689083,0.0,0.0,0.0,0.0,0.0,0.0,0.0,0.0,1.0,0.0,1.0,1.0,12
LEFT,RIGHT,False,0.8,medium,1.5,independent_rollout,16,provenance_preserving,0.9999993690783288,2.2538316108139847e-07,0.9999992258767002,0.9999995122799573,0.10037686036227056,0.008764499748195232,0.09480816289765029,0.10594555782689083,0.0,0.0,0.0,0.0,0.0,0.0,0.0,0.0,1.0,0.0,1.0,1.0,12
LEFT,RIGHT,False,0.8,medium,1.5,independent_rollout,16,semantic_group_deduplication,0.9018711878440318,0.010981907996131168,0.894893616394236,0.9088487592938275,0.0022486791279735796,0.008715602825152649,-0.003288950713941698,0.007786308969888857,0.0,0.0,0.0,0.0,0.0,0.0,0.0,0.0,1.0,0.0,1.0,1.0,12
LEFT,RIGHT,False,0.8,medium,1.5,independent_rollout,16,single_trajectory_score_average,0.856857168226624,0.0015151884591163994,0.8558944634091082,0.8578198730441399,1.1078815553659342e-06,0.005466264006546087,-0.003471990571150551,0.0034742063342612824,0.0,0.0,0.0,0.0,0.0,0.0,0.0,0.0,1.0,0.0,1.0,1.0,12
LEFT,RIGHT,False,0.8,medium,1.5,independent_rollout,16,source_group_average,0.856857168226624,0.0015151884591163994,0.8558944634091082,0.8578198730441399,1.1078815553659342e-06,0.005466264006546087,-0.003471990571150551,0.0034742063342612824,0.0,0.0,0.0,0.0,0.0,0.0,0.0,0.0,1.0,0.0,1.0,1.0,12
LEFT,RIGHT,False,0.8,medium,1.5,pure_duplication,1,exact_deduplication,0.8579728877423795,0.007284961791166502,0.8533442438469103,0.8626015316378486,0.0,0.0,0.0,0.0,0.0,0.0,0.0,0.0,0.0,0.0,0.0,0.0,1.0,0.0,1.0,1.0,12
LEFT,RIGHT,False,0.8,medium,1.5,pure_duplication,1,explicit_belief_mixing,0.8284280301725344,0.0029812599619906035,0.8265338279626331,0.8303222323824357,0.0,0.0,0.0,0.0,0.0,0.0,0.0,0.0,0.0,0.0,0.0,0.0,1.0,0.0,1.0,1.0,12
LEFT,RIGHT,False,0.8,medium,1.5,pure_duplication,1,ordinary_flat_aggregation,0.8996225087160584,0.008764600563990515,0.8940537471961378,0.905191270235979,0.0,0.0,0.0,0.0,0.0,0.0,0.0,0.0,0.0,0.0,0.0,0.0,1.0,0.0,1.0,1.0,12
LEFT,RIGHT,False,0.8,medium,1.5,pure_duplication,1,provenance_preserving,0.8996225087160584,0.008764600563990515,0.8940537471961378,0.905191270235979,0.0,0.0,0.0,0.0,0.0,0.0,0.0,0.0,0.0,0.0,0.0,0.0,1.0,0.0,1.0,1.0,12
LEFT,RIGHT,False,0.8,medium,1.5,pure_duplication,1,semantic_group_deduplication,0.8579728877423795,0.007284961791166502,0.8533442438469103,0.8626015316378486,0.0,0.0,0.0,0.0,0.0,0.0,0.0,0.0,0.0,0.0,0.0,0.0,1.0,0.0,1.0,1.0,12
LEFT,RIGHT,False,0.8,medium,1.5,pure_duplication,1,single_trajectory_score_average,0.8568560603450689,0.005962519923981251,0.8530676559252662,0.8606444647648716,0.0,0.0,0.0,0.0,0.0,0.0,0.0,0.0,0.0,0.0,0.0,0.0,1.0,0.0,1.0,1.0,12
LEFT,RIGHT,False,0.8,medium,1.5,pure_duplication,1,source_group_average,0.8568560603450689,0.005962519923981251,0.8530676559252662,0.8606444647648716,0.0,0.0,0.0,0.0,0.0,0.0,0.0,0.0,0.0,0.0,0.0,0.0,1.0,0.0,1.0,1.0,12
LEFT,RIGHT,False,0.8,medium,1.5,pure_duplication,2,exact_deduplication,0.8565345475799924,0.00776086606127307,0.8516035285372263,0.8614655666227584,-0.001438340162387151,0.009497574429084228,-0.007472811057793876,0.004596130733019573,0.0,0.0,0.0,0.0,0.0,0.0,0.0,0.0,1.0,0.0,1.0,1.0,12
LEFT,RIGHT,False,0.8,medium,1.5,pure_duplication,2,explicit_belief_mixing,0.8284280301725344,0.0029812599619906035,0.8265338279626331,0.8303222323824357,0.0,0.0,0.0,0.0,0.0,0.0,0.0,0.0,0.0,0.0,0.0,0.0,1.0,0.0,1.0,1.0,12
LEFT,RIGHT,False,0.8,medium,1.5,pure_duplication,2,ordinary_flat_aggregation,0.9521698432838589,0.008992413407988542,0.9464563363884774,0.9578833501792404,0.052547334567800606,0.0004486222644592461,0.05226229357990157,0.05283237555569964,0.0,0.0,0.0,0.0,0.0,0.0,0.0,0.0,1.0,0.0,1.0,1.0,12
LEFT,RIGHT,False,0.8,medium,1.5,pure_duplication,2,provenance_preserving,0.8996225087160584,0.008764600563990515,0.8940537471961378,0.905191270235979,0.0,0.0,0.0,0.0,0.0,0.0,0.0,0.0,0.0,0.0,0.0,0.0,1.0,0.0,1.0,1.0,12
LEFT,RIGHT,False,0.8,medium,1.5,pure_duplication,2,semantic_group_deduplication,0.8565345475799924,0.00776086606127307,0.8516035285372263,0.8614655666227584,-0.001438340162387151,0.009497574429084228,-0.007472811057793876,0.004596130733019573,0.0,0.0,0.0,0.0,0.0,0.0,0.0,0.0,1.0,0.0,1.0,1.0,12
LEFT,RIGHT,False,0.8,medium,1.5,pure_duplication,2,single_trajectory_score_average,0.8568560603450687,0.0059625199239812295,0.853067655925266,0.8606444647648713,-1.850371707708594e-17,4.321537262272485e-17,-4.596145486826371e-17,8.95402071409183e-18,0.0,0.0,0.0,0.0,0.0,0.0,0.0,0.0,1.0,0.0,1.0,1.0,12
LEFT,RIGHT,False,0.8,medium,1.5,pure_duplication,2,source_group_average,0.8568560603450689,0.005962519923981251,0.8530676559252662,0.8606444647648716,0.0,0.0,0.0,0.0,0.0,0.0,0.0,0.0,0.0,0.0,0.0,0.0,1.0,0.0,1.0,1.0,12
LEFT,RIGHT,False,0.8,medium,1.5,pure_duplication,4,exact_deduplication,0.8553864279275318,0.011910154479789511,0.8478190767996484,0.8629537790554153,-0.0025864598148476747,0.012028985652568217,-0.010229312667824692,0.005056393038129344,0.0,0.0,0.0,0.0,0.0,0.0,0.0,0.0,1.0,0.0,1.0,1.0,12
LEFT,RIGHT,False,0.8,medium,1.5,pure_duplication,4,explicit_belief_mixing,0.8284280301725344,0.0029812599619906035,0.8265338279626331,0.8303222323824357,0.0,0.0,0.0,0.0,0.0,0.0,0.0,0.0,0.0,0.0,0.0,0.0,1.0,0.0,1.0,1.0,12
LEFT,RIGHT,False,0.8,medium,1.5,pure_duplication,4,ordinary_flat_aggregation,0.9896320764113989,0.004181304206616916,0.9869754024650065,0.9922887503577914,0.09000956769534062,0.00465343762009592,0.08705291448964764,0.0929662209010336,0.0,0.0,0.0,0.0,0.0,0.0,0.0,0.0,1.0,0.0,1.0,1.0,12
LEFT,RIGHT,False,0.8,medium,1.5,pure_duplication,4,provenance_preserving,0.8996225087160584,0.008764600563990515,0.8940537471961378,0.905191270235979,0.0,0.0,0.0,0.0,0.0,0.0,0.0,0.0,0.0,0.0,0.0,0.0,1.0,0.0,1.0,1.0,12
LEFT,RIGHT,False,0.8,medium,1.5,pure_duplication,4,semantic_group_deduplication,0.8553864279275318,0.011910154479789511,0.8478190767996484,0.8629537790554153,-0.0025864598148476747,0.012028985652568217,-0.010229312667824692,0.005056393038129344,0.0,0.0,0.0,0.0,0.0,0.0,0.0,0.0,1.0,0.0,1.0,1.0,12
LEFT,RIGHT,False,0.8,medium,1.5,pure_duplication,4,single_trajectory_score_average,0.8568560603450689,0.005962519923981251,0.8530676559252662,0.8606444647648716,0.0,0.0,0.0,0.0,0.0,0.0,0.0,0.0,0.0,0.0,0.0,0.0,1.0,0.0,1.0,1.0,12
LEFT,RIGHT,False,0.8,medium,1.5,pure_duplication,4,source_group_average,0.8568560603450689,0.005962519923981251,0.8530676559252662,0.8606444647648716,0.0,0.0,0.0,0.0,0.0,0.0,0.0,0.0,0.0,0.0,0.0,0.0,1.0,0.0,1.0,1.0,12
LEFT,RIGHT,False,0.8,medium,1.5,pure_duplication,8,exact_deduplication,0.8564313486783988,0.011524063106742193,0.8491093083054894,0.8637533890513082,-0.0015415390639806996,0.014689913158136848,-0.010875064594180356,0.007791986466218957,0.0,0.0,0.0,0.0,0.0,0.0,0.0,0.0,1.0,0.0,1.0,1.0,12
LEFT,RIGHT,False,0.8,medium,1.5,pure_duplication,8,explicit_belief_mixing,0.8284280301725344,0.0029812599619906035,0.8265338279626331,0.8303222323824357,0.0,0.0,0.0,0.0,0.0,0.0,0.0,0.0,0.0,0.0,0.0,0.0,1.0,0.0,1.0,1.0,12
LEFT,RIGHT,False,0.8,medium,1.5,pure_duplication,8,ordinary_flat_aggregation,0.9994926757010664,0.0004281508072554054,0.9992206416565301,0.9997647097456026,0.0998701669850081,0.00835569159618126,0.09456121382811115,0.10517912014190504,0.0,0.0,0.0,0.0,0.0,0.0,0.0,0.0,1.0,0.0,1.0,1.0,12
LEFT,RIGHT,False,0.8,medium,1.5,pure_duplication,8,provenance_preserving,0.8996225087160584,0.008764600563990515,0.8940537471961378,0.905191270235979,0.0,0.0,0.0,0.0,0.0,0.0,0.0,0.0,0.0,0.0,0.0,0.0,1.0,0.0,1.0,1.0,12
LEFT,RIGHT,False,0.8,medium,1.5,pure_duplication,8,semantic_group_deduplication,0.8564313486783988,0.011524063106742193,0.8491093083054894,0.8637533890513082,-0.0015415390639806996,0.014689913158136848,-0.010875064594180356,0.007791986466218957,0.0,0.0,0.0,0.0,0.0,0.0,0.0,0.0,1.0,0.0,1.0,1.0,12
LEFT,RIGHT,False,0.8,medium,1.5,pure_duplication,8,single_trajectory_score_average,0.8568560603450689,0.005962519923981251,0.8530676559252662,0.8606444647648716,0.0,0.0,0.0,0.0,0.0,0.0,0.0,0.0,0.0,0.0,0.0,0.0,1.0,0.0,1.0,1.0,12
LEFT,RIGHT,False,0.8,medium,1.5,pure_duplication,8,source_group_average,0.8568560603450689,0.005962519923981251,0.8530676559252662,0.8606444647648716,0.0,0.0,0.0,0.0,0.0,0.0,0.0,0.0,0.0,0.0,0.0,0.0,1.0,0.0,1.0,1.0,12
LEFT,RIGHT,False,0.8,medium,1.5,pure_duplication,16,exact_deduplication,0.8594118601735184,0.007343711506512676,0.8547458884897791,0.8640778318572578,0.0014389724311390055,0.00577870828886643,-0.0022326436475330344,0.005110588509811045,0.0,0.0,0.0,0.0,0.0,0.0,0.0,0.0,1.0,0.0,1.0,1.0,12
LEFT,RIGHT,False,0.8,medium,1.5,pure_duplication,16,explicit_belief_mixing,0.8284280301725344,0.0029812599619906035,0.8265338279626331,0.8303222323824357,0.0,0.0,0.0,0.0,0.0,0.0,0.0,0.0,0.0,0.0,0.0,0.0,1.0,0.0,1.0,1.0,12
LEFT,RIGHT,False,0.8,medium,1.5,pure_duplication,16,ordinary_flat_aggregation,0.9999982944993976,2.7934289133758107e-06,0.9999965196393423,1.0000000693594528,0.10037578578333935,0.008762199481300342,0.09480854983857685,0.10594302172810184,0.0,0.0,0.0,0.0,0.0,0.0,0.0,0.0,1.0,0.0,1.0,1.0,12
LEFT,RIGHT,False,0.8,medium,1.5,pure_duplication,16,provenance_preserving,0.8996225087160584,0.008764600563990515,0.8940537471961378,0.905191270235979,0.0,0.0,0.0,0.0,0.0,0.0,0.0,0.0,0.0,0.0,0.0,0.0,1.0,0.0,1.0,1.0,12
LEFT,RIGHT,False,0.8,medium,1.5,pure_duplication,16,semantic_group_deduplication,0.8594118601735184,0.007343711506512676,0.8547458884897791,0.8640778318572578,0.0014389724311390055,0.00577870828886643,-0.0022326436475330344,0.005110588509811045,0.0,0.0,0.0,0.0,0.0,0.0,0.0,0.0,1.0,0.0,1.0,1.0,12
LEFT,RIGHT,False,0.8,medium,1.5,pure_duplication,16,single_trajectory_score_average,0.8568560603450687,0.005962519923981209,0.853067655925266,0.8606444647648713,-2.7755575615628914e-17,6.900941601584843e-17,-7.160206669248857e-17,1.6090915461230733e-17,0.0,0.0,0.0,0.0,0.0,0.0,0.0,0.0,1.0,0.0,1.0,1.0,12
LEFT,RIGHT,False,0.8,medium,1.5,pure_duplication,16,source_group_average,0.8568560603450689,0.005962519923981251,0.8530676559252662,0.8606444647648716,0.0,0.0,0.0,0.0,0.0,0.0,0.0,0.0,0.0,0.0,0.0,0.0,1.0,0.0,1.0,1.0,12
LEFT,RIGHT,False,0.8,strong,2.0,independent_rollout,1,exact_deduplication,0.9411838850485265,0.005279597148402436,0.9378293890591143,0.9445383810379386,0.0,0.0,0.0,0.0,0.0,0.0,0.0,0.0,0.0,0.0,0.0,0.0,1.0,0.0,1.0,1.0,12
LEFT,RIGHT,False,0.8,strong,2.0,independent_rollout,1,explicit_belief_mixing,0.8444131516839203,0.002334886408012699,0.8429296356369087,0.8458966677309319,0.0,0.0,0.0,0.0,0.0,0.0,0.0,0.0,0.0,0.0,0.0,0.0,1.0,0.0,1.0,1.0,12
LEFT,RIGHT,False,0.8,strong,2.0,independent_rollout,1,ordinary_flat_aggregation,0.9411838850485265,0.005279597148402436,0.9378293890591143,0.9445383810379386,0.0,0.0,0.0,0.0,0.0,0.0,0.0,0.0,0.0,0.0,0.0,0.0,1.0,0.0,1.0,1.0,12
LEFT,RIGHT,False,0.8,strong,2.0,independent_rollout,1,provenance_preserving,0.9411838850485265,0.005279597148402436,0.9378293890591143,0.9445383810379386,0.0,0.0,0.0,0.0,0.0,0.0,0.0,0.0,0.0,0.0,0.0,0.0,1.0,0.0,1.0,1.0,12
LEFT,RIGHT,False,0.8,strong,2.0,independent_rollout,1,semantic_group_deduplication,0.9411838850485265,0.005279597148402436,0.9378293890591143,0.9445383810379386,0.0,0.0,0.0,0.0,0.0,0.0,0.0,0.0,0.0,0.0,0.0,0.0,1.0,0.0,1.0,1.0,12
LEFT,RIGHT,False,0.8,strong,2.0,independent_rollout,1,single_trajectory_score_average,0.8888263033678404,0.00466977281602537,0.8858592712738173,0.8917933354618636,0.0,0.0,0.0,0.0,0.0,0.0,0.0,0.0,0.0,0.0,0.0,0.0,1.0,0.0,1.0,1.0,12
LEFT,RIGHT,False,0.8,strong,2.0,independent_rollout,1,source_group_average,0.8888263033678404,0.00466977281602537,0.8858592712738173,0.8917933354618636,0.0,0.0,0.0,0.0,0.0,0.0,0.0,0.0,0.0,0.0,0.0,0.0,1.0,0.0,1.0,1.0,12
LEFT,RIGHT,False,0.8,strong,2.0,independent_rollout,2,exact_deduplication,0.9844661554100363,0.0016010483530200968,0.9834488978185767,0.985483413001496,0.04328227036150999,0.003931625595964138,0.04078423463590112,0.04578030608711887,0.0,0.0,0.0,0.0,0.0,0.0,0.0,0.0,1.0,0.0,1.0,1.0,12
LEFT,RIGHT,False,0.8,strong,2.0,independent_rollout,2,explicit_belief_mixing,0.8443037827859823,0.0012917300085810495,0.8434830566943146,0.84512450887765,-0.00010936889793795405,0.0013372784878294464,-0.0009590351126241401,0.000740297316748232,0.0,0.0,0.0,0.0,0.0,0.0,0.0,0.0,1.0,0.0,1.0,1.0,12
LEFT,RIGHT,False,0.8,strong,2.0,independent_rollout,2,ordinary_flat_aggregation,0.9844661554100363,0.0016010483530200968,0.9834488978185767,0.985483413001496,0.04328227036150999,0.003931625595964138,0.04078423463590112,0.04578030608711887,0.0,0.0,0.0,0.0,0.0,0.0,0.0,0.0,1.0,0.0,1.0,1.0,12
LEFT,RIGHT,False,0.8,strong,2.0,independent_rollout,2,provenance_preserving,0.9844661554100363,0.0016010483530200968,0.9834488978185767,0.985483413001496,0.04328227036150999,0.003931625595964138,0.04078423463590112,0.04578030608711887,0.0,0.0,0.0,0.0,0.0,0.0,0.0,0.0,1.0,0.0,1.0,1.0,12
LEFT,RIGHT,False,0.8,strong,2.0,independent_rollout,2,semantic_group_deduplication,0.9412783380695741,0.004096624067445358,0.9386754673167301,0.943881208822418,9.445302104750068e-05,0.004442820518954096,-0.0027283804629465135,0.0029172865050415145,0.0,0.0,0.0,0.0,0.0,0.0,0.0,0.0,1.0,0.0,1.0,1.0,12
LEFT,RIGHT,False,0.8,strong,2.0,independent_rollout,2,single_trajectory_score_average,0.8886075655719644,0.0025834600171620644,0.886966113388629,0.8902490177552999,-0.00021873779587599138,0.002674556975658875,-0.001918070225248352,0.0014805946334963695,0.0,0.0,0.0,0.0,0.0,0.0,0.0,0.0,1.0,0.0,1.0,1.0,12
LEFT,RIGHT,False,0.8,strong,2.0,independent_rollout,2,source_group_average,0.8886075655719644,0.0025834600171620644,0.886966113388629,0.8902490177552999,-0.00021873779587599138,0.002674556975658875,-0.001918070225248352,0.0014805946334963695,0.0,0.0,0.0,0.0,0.0,0.0,0.0,0.0,1.0,0.0,1.0,1.0,12
LEFT,RIGHT,False,0.8,strong,2.0,independent_rollout,4,exact_deduplication,0.999078714297084,0.00018339647512790266,0.9989621897360244,0.9991952388581435,0.05789482924855746,0.005162110779772999,0.054614980536446964,0.06117467796066796,0.0,0.0,0.0,0.0,0.0,0.0,0.0,0.0,1.0,0.0,1.0,1.0,12
LEFT,RIGHT,False,0.8,strong,2.0,independent_rollout,4,explicit_belief_mixing,0.8448186321095599,0.0011513581024775103,0.8440870940719831,0.8455501701471366,0.00040548042563962977,0.0017556580308211267,-0.0007100114684627159,0.0015209723197419755,0.0,0.0,0.0,0.0,0.0,0.0,0.0,0.0,1.0,0.0,1.0,1.0,12
LEFT,RIGHT,False,0.8,strong,2.0,independent_rollout,4,ordinary_flat_aggregation,0.999078714297084,0.00018339647512790266,0.9989621897360244,0.9991952388581435,0.05789482924855746,0.005162110779772999,0.054614980536446964,0.06117467796066796,0.0,0.0,0.0,0.0,0.0,0.0,0.0,0.0,1.0,0.0,1.0,1.0,12
LEFT,RIGHT,False,0.8,strong,2.0,independent_rollout,4,provenance_preserving,0.999078714297084,0.00018339647512790266,0.9989621897360244,0.9991952388581435,0.05789482924855746,0.005162110779772999,0.054614980536446964,0.06117467796066796,0.0,0.0,0.0,0.0,0.0,0.0,0.0,0.0,1.0,0.0,1.0,1.0,12
LEFT,RIGHT,False,0.8,strong,2.0,independent_rollout,4,semantic_group_deduplication,0.9404229462673349,0.005068981746587147,0.9372022689199211,0.9436436236147487,-0.0007609387811913318,0.006935739370306278,-0.00516769733630964,0.0036458197739269757,0.0,0.0,0.0,0.0,0.0,0.0,0.0,0.0,1.0,0.0,1.0,1.0,12
LEFT,RIGHT,False,0.8,strong,2.0,independent_rollout,4,single_trajectory_score_average,0.8896372642191196,0.0023027162049550328,0.8881741881439661,0.8911003402942731,0.0008109608512792225,0.0035113160616422096,-0.0014200229369254413,0.003041944639483886,0.0,0.0,0.0,0.0,0.0,0.0,0.0,0.0,1.0,0.0,1.0,1.0,12
LEFT,RIGHT,False,0.8,strong,2.0,independent_rollout,4,source_group_average,0.8896372642191196,0.0023027162049550328,0.8881741881439661,0.8911003402942731,0.0008109608512792225,0.0035113160616422096,-0.0014200229369254413,0.003041944639483886,0.0,0.0,0.0,0.0,0.0,0.0,0.0,0.0,1.0,0.0,1.0,1.0,12
LEFT,RIGHT,False,0.8,strong,2.0,independent_rollout,8,exact_deduplication,0.99999618753442,8.860108885165535e-07,0.9999956245899588,0.9999967504788811,0.05881230248589365,0.005279451854712045,0.05545789881168809,0.06216670616009921,0.0,0.0,0.0,0.0,0.0,0.0,0.0,0.0,1.0,0.0,1.0,1.0,12
LEFT,RIGHT,False,0.8,strong,2.0,independent_rollout,8,explicit_belief_mixing,0.8444329214408487,0.0007321163938293995,0.8439677568766116,0.8448980860050858,1.9769756928467164e-05,0.0023017579644842067,-0.0014426974812766728,0.001482236995133607,0.0,0.0,0.0,0.0,0.0,0.0,0.0,0.0,1.0,0.0,1.0,1.0,12
LEFT,RIGHT,False,0.8,strong,2.0,independent_rollout,8,ordinary_flat_aggregation,0.99999618753442,8.860108885165535e-07,0.9999956245899588,0.9999967504788811,0.05881230248589365,0.005279451854712045,0.05545789881168809,0.06216670616009921,0.0,0.0,0.0,0.0,0.0,0.0,0.0,0.0,1.0,0.0,1.0,1.0,12
LEFT,RIGHT,False,0.8,strong,2.0,independent_rollout,8,provenance_preserving,0.99999618753442,8.860108885165535e-07,0.9999956245899588,0.9999967504788811,0.05881230248589365,0.005279451854712045,0.05545789881168809,0.06216670616009921,0.0,0.0,0.0,0.0,0.0,0.0,0.0,0.0,1.0,0.0,1.0,1.0,12
LEFT,RIGHT,False,0.8,strong,2.0,independent_rollout,8,semantic_group_deduplication,0.9424167105143472,0.0037894855805130174,0.9400089862459127,0.9448244347827817,0.0012328254658206157,0.00599169860958927,-0.002574118206333547,0.005039769137974779,0.0,0.0,0.0,0.0,0.0,0.0,0.0,0.0,1.0,0.0,1.0,1.0,12
LEFT,RIGHT,False,0.8,strong,2.0,independent_rollout,8,single_trajectory_score_average,0.8888658428816973,0.001464232787658789,0.8879355137532233,0.8897961720101714,3.953951385685106e-05,0.0046035159289683665,-0.0028853949625533993,0.0029644739902671014,0.0,0.0,0.0,0.0,0.0,0.0,0.0,0.0,1.0,0.0,1.0,1.0,12
LEFT,RIGHT,False,0.8,strong,2.0,independent_rollout,8,source_group_average,0.8888658428816973,0.001464232787658789,0.8879355137532233,0.8897961720101714,3.953951385685106e-05,0.0046035159289683665,-0.0028853949625533993,0.0029644739902671014,0.0,0.0,0.0,0.0,0.0,0.0,0.0,0.0,1.0,0.0,1.0,1.0,12
LEFT,RIGHT,False,0.8,strong,2.0,independent_rollout,16,exact_deduplication,0.999999999945918,1.2213971881729307e-11,0.9999999999381577,0.9999999999536784,0.05881611489739167,0.005279597152754309,0.05546161890521443,0.06217061088956891,0.0,0.0,0.0,0.0,0.0,0.0,0.0,0.0,1.0,0.0,1.0,1.0,12
LEFT,RIGHT,False,0.8,strong,2.0,independent_rollout,16,explicit_belief_mixing,0.8445079307850477,0.00036901078920958686,0.844273472515286,0.8447423890548095,9.477910112741979e-05,0.002514348691751075,-0.0015027618409906634,0.0016923200432455029,0.0,0.0,0.0,0.0,0.0,0.0,0.0,0.0,1.0,0.0,1.0,1.0,12
LEFT,RIGHT,False,0.8,strong,2.0,independent_rollout,16,ordinary_flat_aggregation,0.999999999945918,1.2213971881729307e-11,0.9999999999381577,0.9999999999536784,0.05881611489739167,0.005279597152754309,0.05546161890521443,0.06217061088956891,0.0,0.0,0.0,0.0,0.0,0.0,0.0,0.0,1.0,0.0,1.0,1.0,12
LEFT,RIGHT,False,0.8,strong,2.0,independent_rollout,16,provenance_preserving,0.999999999945918,1.2213971881729307e-11,0.9999999999381577,0.9999999999536784,0.05881611489739167,0.005279597152754309,0.05546161890521443,0.06217061088956891,0.0,0.0,0.0,0.0,0.0,0.0,0.0,0.0,1.0,0.0,1.0,1.0,12
LEFT,RIGHT,False,0.8,strong,2.0,independent_rollout,16,semantic_group_deduplication,0.9416531628702592,0.00429412038279967,0.9389248089452797,0.9443815167952387,0.0004692778217328386,0.007824517609342272,-0.004502183485228045,0.005440739128693722,0.0,0.0,0.0,0.0,0.0,0.0,0.0,0.0,1.0,0.0,1.0,1.0,12
LEFT,RIGHT,False,0.8,strong,2.0,independent_rollout,16,single_trajectory_score_average,0.8890158615700953,0.0007380215784191798,0.8885469450305719,0.8894847781096187,0.0001895582022548211,0.0050286973835021315,-0.0030055236819813338,0.0033846400864909762,0.0,0.0,0.0,0.0,0.0,0.0,0.0,0.0,1.0,0.0,1.0,1.0,12
LEFT,RIGHT,False,0.8,strong,2.0,independent_rollout,16,source_group_average,0.8890158615700953,0.0007380215784191798,0.8885469450305719,0.8894847781096187,0.0001895582022548211,0.0050286973835021315,-0.0030055236819813338,0.0033846400864909762,0.0,0.0,0.0,0.0,0.0,0.0,0.0,0.0,1.0,0.0,1.0,1.0,12
LEFT,RIGHT,False,0.8,strong,2.0,pure_duplication,1,exact_deduplication,0.8880313453254689,0.007861929251637095,0.8830361137950407,0.8930265768558971,0.0,0.0,0.0,0.0,0.0,0.0,0.0,0.0,0.0,0.0,0.0,0.0,1.0,0.0,1.0,1.0,12
LEFT,RIGHT,False,0.8,strong,2.0,pure_duplication,1,explicit_belief_mixing,0.8444131516839203,0.002334886408012699,0.8429296356369087,0.8458966677309319,0.0,0.0,0.0,0.0,0.0,0.0,0.0,0.0,0.0,0.0,0.0,0.0,1.0,0.0,1.0,1.0,12
LEFT,RIGHT,False,0.8,strong,2.0,pure_duplication,1,ordinary_flat_aggregation,0.9411838850485265,0.005279597148402436,0.9378293890591143,0.9445383810379386,0.0,0.0,0.0,0.0,0.0,0.0,0.0,0.0,0.0,0.0,0.0,0.0,1.0,0.0,1.0,1.0,12
LEFT,RIGHT,False,0.8,strong,2.0,pure_duplication,1,provenance_preserving,0.9411838850485265,0.005279597148402436,0.9378293890591143,0.9445383810379386,0.0,0.0,0.0,0.0,0.0,0.0,0.0,0.0,0.0,0.0,0.0,0.0,1.0,0.0,1.0,1.0,12
LEFT,RIGHT,False,0.8,strong,2.0,pure_duplication,1,semantic_group_deduplication,0.8880313453254689,0.007861929251637095,0.8830361137950407,0.8930265768558971,0.0,0.0,0.0,0.0,0.0,0.0,0.0,0.0,0.0,0.0,0.0,0.0,1.0,0.0,1.0,1.0,12
LEFT,RIGHT,False,0.8,strong,2.0,pure_duplication,1,single_trajectory_score_average,0.8888263033678404,0.00466977281602537,0.8858592712738173,0.8917933354618636,0.0,0.0,0.0,0.0,0.0,0.0,0.0,0.0,0.0,0.0,0.0,0.0,1.0,0.0,1.0,1.0,12
LEFT,RIGHT,False,0.8,strong,2.0,pure_duplication,1,source_group_average,0.8888263033678404,0.00466977281602537,0.8858592712738173,0.8917933354618636,0.0,0.0,0.0,0.0,0.0,0.0,0.0,0.0,0.0,0.0,0.0,0.0,1.0,0.0,1.0,1.0,12
LEFT,RIGHT,False,0.8,strong,2.0,pure_duplication,2,exact_deduplication,0.8929043700227141,0.0068888609642290795,0.8885273965858076,0.8972813434596205,0.00487302469724508,0.00978174744989057,-0.0013420011215391726,0.011088050516029332,0.0,0.0,0.0,0.0,0.0,0.0,0.0,0.0,1.0,0.0,1.0,1.0,12
LEFT,RIGHT,False,0.8,strong,2.0,pure_duplication,2,explicit_belief_mixing,0.8444131516839203,0.002334886408012709,0.8429296356369087,0.8458966677309319,9.25185853854297e-18,3.204937810639273e-17,-1.1111344808057227e-17,2.961506188514317e-17,0.0,0.0,0.0,0.0,0.0,0.0,0.0,0.0,1.0,0.0,1.0,1.0,12
LEFT,RIGHT,False,0.8,strong,2.0,pure_duplication,2,ordinary_flat_aggregation,0.9844855343376767,0.003021207111741588,0.9825659509197283,0.9864051177556251,0.04330164928915029,0.002270673132377128,0.041858932411001755,0.04474436616729883,0.0,0.0,0.0,0.0,0.0,0.0,0.0,0.0,1.0,0.0,1.0,1.0,12
LEFT,RIGHT,False,0.8,strong,2.0,pure_duplication,2,provenance_preserving,0.9411838850485265,0.005279597148402436,0.9378293890591143,0.9445383810379386,0.0,0.0,0.0,0.0,0.0,0.0,0.0,0.0,0.0,0.0,0.0,0.0,1.0,0.0,1.0,1.0,12
LEFT,RIGHT,False,0.8,strong,2.0,pure_duplication,2,semantic_group_deduplication,0.8929043700227141,0.0068888609642290795,0.8885273965858076,0.8972813434596205,0.00487302469724508,0.00978174744989057,-0.0013420011215391726,0.011088050516029332,0.0,0.0,0.0,0.0,0.0,0.0,0.0,0.0,1.0,0.0,1.0,1.0,12
LEFT,RIGHT,False,0.8,strong,2.0,pure_duplication,2,single_trajectory_score_average,0.8888263033678404,0.004669772816025395,0.8858592712738173,0.8917933354618636,-9.25185853854297e-18,5.716856438735954e-17,-4.557503141848114e-17,2.7071314341395202e-17,0.0,0.0,0.0,0.0,0.0,0.0,0.0,0.0,1.0,0.0,1.0,1.0,12
LEFT,RIGHT,False,0.8,strong,2.0,pure_duplication,2,source_group_average,0.8888263033678404,0.00466977281602537,0.8858592712738173,0.8917933354618636,0.0,0.0,0.0,0.0,0.0,0.0,0.0,0.0,0.0,0.0,0.0,0.0,1.0,0.0,1.0,1.0,12
LEFT,RIGHT,False,0.8,strong,2.0,pure_duplication,4,exact_deduplication,0.8867834166586048,0.007373629976833059,0.8820984356857325,0.8914683976314771,-0.0012479286668639993,0.003081586271220642,-0.00320587517249185,0.0007100178387638518,0.0,0.0,0.0,0.0,0.0,0.0,0.0,0.0,1.0,0.0,1.0,1.0,12
LEFT,RIGHT,False,0.8,strong,2.0,pure_duplication,4,explicit_belief_mixing,0.8444131516839203,0.002334886408012699,0.8429296356369087,0.8458966677309319,0.0,0.0,0.0,0.0,0.0,0.0,0.0,0.0,0.0,0.0,0.0,0.0,1.0,0.0,1.0,1.0,12
LEFT,RIGHT,False,0.8,strong,2.0,pure_duplication,4,ordinary_flat_aggregation,0.9989708816868391,0.0004386886021476646,0.998692152246857,0.9992496111268212,0.05778699663831275,0.004848018201694874,0.054706712829328624,0.060867280447296876,0.0,0.0,0.0,0.0,0.0,0.0,0.0,0.0,1.0,0.0,1.0,1.0,12
LEFT,RIGHT,False,0.8,strong,2.0,pure_duplication,4,provenance_preserving,0.9411838850485265,0.005279597148402436,0.9378293890591143,0.9445383810379386,0.0,0.0,0.0,0.0,0.0,0.0,0.0,0.0,0.0,0.0,0.0,0.0,1.0,0.0,1.0,1.0,12
LEFT,RIGHT,False,0.8,strong,2.0,pure_duplication,4,semantic_group_deduplication,0.8867834166586048,0.007373629976833059,0.8820984356857325,0.8914683976314771,-0.0012479286668639993,0.003081586271220642,-0.00320587517249185,0.0007100178387638518,0.0,0.0,0.0,0.0,0.0,0.0,0.0,0.0,1.0,0.0,1.0,1.0,12
LEFT,RIGHT,False,0.8,strong,2.0,pure_duplication,4,single_trajectory_score_average,0.8888263033678404,0.00466977281602537,0.8858592712738173,0.8917933354618636,0.0,0.0,0.0,0.0,0.0,0.0,0.0,0.0,0.0,0.0,0.0,0.0,1.0,0.0,1.0,1.0,12
LEFT,RIGHT,False,0.8,strong,2.0,pure_duplication,4,source_group_average,0.8888263033678404,0.00466977281602537,0.8858592712738173,0.8917933354618636,0.0,0.0,0.0,0.0,0.0,0.0,0.0,0.0,0.0,0.0,0.0,0.0,1.0,0.0,1.0,1.0,12
LEFT,RIGHT,False,0.8,strong,2.0,pure_duplication,8,exact_deduplication,0.8891768691046718,0.009987208481653973,0.8828312995743773,0.8955224386349662,0.0011455237792026747,0.011192861416953987,-0.00596608107962256,0.008257128638027909,0.0,0.0,0.0,0.0,0.0,0.0,0.0,0.0,1.0,0.0,1.0,1.0,12
LEFT,RIGHT,False,0.8,strong,2.0,pure_duplication,8,explicit_belief_mixing,0.8444131516839203,0.002334886408012699,0.8429296356369087,0.8458966677309319,0.0,0.0,0.0,0.0,0.0,0.0,0.0,0.0,0.0,0.0,0.0,0.0,1.0,0.0,1.0,1.0,12
LEFT,RIGHT,False,0.8,strong,2.0,pure_duplication,8,ordinary_flat_aggregation,0.9999950440280277,4.880261565942801e-06,0.9999919432577625,0.999998144798293,0.0588111589795014,0.005275044105272946,0.05545955585567879,0.062162762103324005,0.0,0.0,0.0,0.0,0.0,0.0,0.0,0.0,1.0,0.0,1.0,1.0,12
LEFT,RIGHT,False,0.8,strong,2.0,pure_duplication,8,provenance_preserving,0.9411838850485265,0.005279597148402436,0.9378293890591143,0.9445383810379386,0.0,0.0,0.0,0.0,0.0,0.0,0.0,0.0,0.0,0.0,0.0,0.0,1.0,0.0,1.0,1.0,12
LEFT,RIGHT,False,0.8,strong,2.0,pure_duplication,8,semantic_group_deduplication,0.8891768691046718,0.009987208481653973,0.8828312995743773,0.8955224386349662,0.0011455237792026747,0.011192861416953987,-0.00596608107962256,0.008257128638027909,0.0,0.0,0.0,0.0,0.0,0.0,0.0,0.0,1.0,0.0,1.0,1.0,12
LEFT,RIGHT,False,0.8,strong,2.0,pure_duplication,8,single_trajectory_score_average,0.8888263033678404,0.00466977281602537,0.8858592712738173,0.8917933354618636,0.0,0.0,0.0,0.0,0.0,0.0,0.0,0.0,0.0,0.0,0.0,0.0,1.0,0.0,1.0,1.0,12
LEFT,RIGHT,False,0.8,strong,2.0,pure_duplication,8,source_group_average,0.8888263033678404,0.00466977281602537,0.8858592712738173,0.8917933354618636,0.0,0.0,0.0,0.0,0.0,0.0,0.0,0.0,0.0,0.0,0.0,0.0,1.0,0.0,1.0,1.0,12
LEFT,RIGHT,False,0.8,strong,2.0,pure_duplication,16,exact_deduplication,0.8860984441992438,0.009685189464846342,0.8799447683972264,0.8922521200012612,-0.0019329011262250728,0.010252477022666292,-0.008447014246481123,0.004581211994030976,0.0,0.0,0.0,0.0,0.0,0.0,0.0,0.0,1.0,0.0,1.0,1.0,12
LEFT,RIGHT,False,0.8,strong,2.0,pure_duplication,16,explicit_belief_mixing,0.8444131516839203,0.002334886408012699,0.8429296356369087,0.8458966677309319,0.0,0.0,0.0,0.0,0.0,0.0,0.0,0.0,0.0,0.0,0.0,0.0,1.0,0.0,1.0,1.0,12
LEFT,RIGHT,False,0.8,strong,2.0,pure_duplication,16,ordinary_flat_aggregation,0.9999999998144191,4.123245931898834e-10,0.9999999995524406,1.0000000000763976,0.05881611476589269,0.005279596808959676,0.05546161899215214,0.06217061053963324,0.0,0.0,0.0,0.0,0.0,0.0,0.0,0.0,1.0,0.0,1.0,1.0,12
LEFT,RIGHT,False,0.8,strong,2.0,pure_duplication,16,provenance_preserving,0.9411838850485265,0.005279597148402436,0.9378293890591143,0.9445383810379386,0.0,0.0,0.0,0.0,0.0,0.0,0.0,0.0,0.0,0.0,0.0,0.0,1.0,0.0,1.0,1.0,12
LEFT,RIGHT,False,0.8,strong,2.0,pure_duplication,16,semantic_group_deduplication,0.8860984441992438,0.009685189464846342,0.8799447683972264,0.8922521200012612,-0.0019329011262250728,0.010252477022666292,-0.008447014246481123,0.004581211994030976,0.0,0.0,0.0,0.0,0.0,0.0,0.0,0.0,1.0,0.0,1.0,1.0,12
LEFT,RIGHT,False,0.8,strong,2.0,pure_duplication,16,single_trajectory_score_average,0.8888263033678404,0.004669772816025385,0.8858592712738173,0.8917933354618636,-1.850371707708594e-17,4.321537262272484e-17,-4.5961454868263707e-17,8.954020714091824e-18,0.0,0.0,0.0,0.0,0.0,0.0,0.0,0.0,1.0,0.0,1.0,1.0,12
LEFT,RIGHT,False,0.8,strong,2.0,pure_duplication,16,source_group_average,0.8888263033678404,0.00466977281602537,0.8858592712738173,0.8917933354618636,0.0,0.0,0.0,0.0,0.0,0.0,0.0,0.0,0.0,0.0,0.0,0.0,1.0,0.0,1.0,1.0,12
LEFT,RIGHT,False,0.8,weak,1.2,independent_rollout,1,exact_deduplication,0.8558561140082727,0.013213469392267781,0.8474606760919545,0.8642515519245908,0.0,0.0,0.0,0.0,0.0,0.0,0.0,0.0,0.0,0.0,0.0,0.0,1.0,0.0,1.0,1.0,12
LEFT,RIGHT,False,0.8,weak,1.2,independent_rollout,1,explicit_belief_mixing,0.8148162489759421,0.0037892604166849487,0.8124086677697786,0.8172238301821055,0.0,0.0,0.0,0.0,0.0,0.0,0.0,0.0,0.0,0.0,0.0,0.0,1.0,0.0,1.0,1.0,12
LEFT,RIGHT,False,0.8,weak,1.2,independent_rollout,1,ordinary_flat_aggregation,0.8558561140082727,0.013213469392267781,0.8474606760919545,0.8642515519245908,0.0,0.0,0.0,0.0,0.0,0.0,0.0,0.0,0.0,0.0,0.0,0.0,1.0,0.0,1.0,1.0,12
LEFT,RIGHT,False,0.8,weak,1.2,independent_rollout,1,provenance_preserving,0.8558561140082727,0.013213469392267781,0.8474606760919545,0.8642515519245908,0.0,0.0,0.0,0.0,0.0,0.0,0.0,0.0,0.0,0.0,0.0,0.0,1.0,0.0,1.0,1.0,12
LEFT,RIGHT,False,0.8,weak,1.2,independent_rollout,1,semantic_group_deduplication,0.8558561140082727,0.013213469392267781,0.8474606760919545,0.8642515519245908,0.0,0.0,0.0,0.0,0.0,0.0,0.0,0.0,0.0,0.0,0.0,0.0,1.0,0.0,1.0,1.0,12
LEFT,RIGHT,False,0.8,weak,1.2,independent_rollout,1,single_trajectory_score_average,0.8296324979518842,0.0075785208333699495,0.8248173355395572,0.8344476603642113,0.0,0.0,0.0,0.0,0.0,0.0,0.0,0.0,0.0,0.0,0.0,0.0,1.0,0.0,1.0,1.0,12
LEFT,RIGHT,False,0.8,weak,1.2,independent_rollout,1,source_group_average,0.8296324979518842,0.0075785208333699495,0.8248173355395572,0.8344476603642113,0.0,0.0,0.0,0.0,0.0,0.0,0.0,0.0,0.0,0.0,0.0,0.0,1.0,0.0,1.0,1.0,12
LEFT,RIGHT,False,0.8,weak,1.2,independent_rollout,2,exact_deduplication,0.8920771493205416,0.01556380193122906,0.8821883813538206,0.9019659172872626,0.03622103531226878,0.01316471112191177,0.027856576922941502,0.044585493701596056,0.0,0.0,0.0,0.0,0.0,0.0,0.0,0.0,1.0,0.0,1.0,1.0,12
LEFT,RIGHT,False,0.8,weak,1.2,independent_rollout,2,explicit_belief_mixing,0.8137046201369187,0.0027522033814203943,0.8119559535349953,0.8154532867388421,-0.0011116288390234097,0.0032594330992856066,-0.0031825738281916435,0.0009593161501448241,0.0,0.0,0.0,0.0,0.0,0.0,0.0,0.0,1.0,0.0,1.0,1.0,12
LEFT,RIGHT,False,0.8,weak,1.2,independent_rollout,2,ordinary_flat_aggregation,0.8920771493205416,0.01556380193122906,0.8821883813538206,0.9019659172872626,0.03622103531226878,0.01316471112191177,0.027856576922941502,0.044585493701596056,0.0,0.0,0.0,0.0,0.0,0.0,0.0,0.0,1.0,0.0,1.0,1.0,12
LEFT,RIGHT,False,0.8,weak,1.2,independent_rollout,2,provenance_preserving,0.8920771493205416,0.01556380193122906,0.8821883813538206,0.9019659172872626,0.03622103531226878,0.01316471112191177,0.027856576922941502,0.044585493701596056,0.0,0.0,0.0,0.0,0.0,0.0,0.0,0.0,1.0,0.0,1.0,1.0,12
LEFT,RIGHT,False,0.8,weak,1.2,independent_rollout,2,semantic_group_deduplication,0.845899555864334,0.012694715639794539,0.8378337183575263,0.8539653933711416,-0.009956558143938773,0.018152480354772273,-0.02149009391122601,0.0015769776233484634,0.0,0.0,0.0,0.0,0.0,0.0,0.0,0.0,1.0,0.0,1.0,1.0,12
LEFT,RIGHT,False,0.8,weak,1.2,independent_rollout,2,single_trajectory_score_average,0.8274092402738374,0.005504406762840793,0.8239119070699906,0.8309065734776843,-0.0022232576780468194,0.006518866198571266,-0.00636514765638332,0.0019186323002896811,0.0,0.0,0.0,0.0,0.0,0.0,0.0,0.0,1.0,0.0,1.0,1.0,12
LEFT,RIGHT,False,0.8,weak,1.2,independent_rollout,2,source_group_average,0.8274092402738374,0.005504406762840793,0.8239119070699906,0.8309065734776843,-0.0022232576780468194,0.006518866198571266,-0.00636514765638332,0.0019186323002896811,0.0,0.0,0.0,0.0,0.0,0.0,0.0,0.0,1.0,0.0,1.0,1.0,12
LEFT,RIGHT,False,0.8,weak,1.2,independent_rollout,4,exact_deduplication,0.9456181377906114,0.009297789601755152,0.9397106041184782,0.9515256714627447,0.08976202378233877,0.010279313438338124,0.08323085961704824,0.09629318794762931,0.0,0.0,0.0,0.0,0.0,0.0,0.0,0.0,1.0,0.0,1.0,1.0,12
LEFT,RIGHT,False,0.8,weak,1.2,independent_rollout,4,explicit_belief_mixing,0.8138717099801352,0.0015837574099399872,0.8128654385297741,0.8148779814304964,-0.0009445389958068484,0.003117240281899325,-0.0029251389790516977,0.0010360609874380008,0.0,0.0,0.0,0.0,0.0,0.0,0.0,0.0,1.0,0.0,1.0,1.0,12
LEFT,RIGHT,False,0.8,weak,1.2,independent_rollout,4,ordinary_flat_aggregation,0.9456181377906114,0.009297789601755152,0.9397106041184782,0.9515256714627447,0.08976202378233877,0.010279313438338124,0.08323085961704824,0.09629318794762931,0.0,0.0,0.0,0.0,0.0,0.0,0.0,0.0,1.0,0.0,1.0,1.0,12
LEFT,RIGHT,False,0.8,weak,1.2,independent_rollout,4,provenance_preserving,0.9456181377906114,0.009297789601755152,0.9397106041184782,0.9515256714627447,0.08976202378233877,0.010279313438338124,0.08323085961704824,0.09629318794762931,0.0,0.0,0.0,0.0,0.0,0.0,0.0,0.0,1.0,0.0,1.0,1.0,12
LEFT,RIGHT,False,0.8,weak,1.2,independent_rollout,4,semantic_group_deduplication,0.8538681046141607,0.01100722595959403,0.8468744468978358,0.8608617623304857,-0.0019880093941119594,0.01550302114095523,-0.01183815908912098,0.007862140300897063,0.0,0.0,0.0,0.0,0.0,0.0,0.0,0.0,1.0,0.0,1.0,1.0,12
LEFT,RIGHT,False,0.8,weak,1.2,independent_rollout,4,single_trajectory_score_average,0.8277434199602706,0.0031675148198800013,0.8257308770595483,0.8297559628609928,-0.0018890779916137246,0.006234480563798691,-0.005850277958103449,0.002072121974876,0.0,0.0,0.0,0.0,0.0,0.0,0.0,0.0,1.0,0.0,1.0,1.0,12
LEFT,RIGHT,False,0.8,weak,1.2,independent_rollout,4,source_group_average,0.8277434199602706,0.0031675148198800013,0.8257308770595483,0.8297559628609928,-0.0018890779916137246,0.006234480563798691,-0.005850277958103449,0.002072121974876,0.0,0.0,0.0,0.0,0.0,0.0,0.0,0.0,1.0,0.0,1.0,1.0,12
LEFT,RIGHT,False,0.8,weak,1.2,independent_rollout,8,exact_deduplication,0.9864813933615033,0.004232030252573165,0.9837924896231521,0.9891702970998545,0.13062527935323057,0.011958946985436964,0.12302692694628979,0.13822363176017136,0.0,0.0,0.0,0.0,0.0,0.0,0.0,0.0,1.0,0.0,1.0,1.0,12
LEFT,RIGHT,False,0.8,weak,1.2,independent_rollout,8,explicit_belief_mixing,0.813817470778821,0.0014493637613087068,0.81289658897897,0.8147383525786721,-0.000998778197121103,0.0035124598081178104,-0.0032304886871663547,0.0012329322929241489,0.0,0.0,0.0,0.0,0.0,0.0,0.0,0.0,1.0,0.0,1.0,1.0,12
LEFT,RIGHT,False,0.8,weak,1.2,independent_rollout,8,ordinary_flat_aggregation,0.9864813933615033,0.004232030252573165,0.9837924896231521,0.9891702970998545,0.13062527935323057,0.011958946985436964,0.12302692694628979,0.13822363176017136,0.0,0.0,0.0,0.0,0.0,0.0,0.0,0.0,1.0,0.0,1.0,1.0,12
LEFT,RIGHT,False,0.8,weak,1.2,independent_rollout,8,provenance_preserving,0.9864813933615033,0.004232030252573165,0.9837924896231521,0.9891702970998545,0.13062527935323057,0.011958946985436964,0.12302692694628979,0.13822363176017136,0.0,0.0,0.0,0.0,0.0,0.0,0.0,0.0,1.0,0.0,1.0,1.0,12
LEFT,RIGHT,False,0.8,weak,1.2,independent_rollout,8,semantic_group_deduplication,0.8508599091911461,0.010591436138326414,0.8441304317235552,0.857589386658737,-0.004996204817126658,0.01255435064078085,-0.012972858658398801,0.0029804490241454864,0.0,0.0,0.0,0.0,0.0,0.0,0.0,0.0,1.0,0.0,1.0,1.0,12
LEFT,RIGHT,False,0.8,weak,1.2,independent_rollout,8,single_trajectory_score_average,0.827634941557642,0.002898727522617405,0.8257931779579398,0.8294767051573441,-0.0019975563942422245,0.007024919616235682,-0.006460977374332768,0.002465864585848318,0.0,0.0,0.0,0.0,0.0,0.0,0.0,0.0,1.0,0.0,1.0,1.0,12
LEFT,RIGHT,False,0.8,weak,1.2,independent_rollout,8,source_group_average,0.827634941557642,0.002898727522617405,0.8257931779579398,0.8294767051573441,-0.0019975563942422245,0.007024919616235682,-0.006460977374332768,0.002465864585848318,0.0,0.0,0.0,0.0,0.0,0.0,0.0,0.0,1.0,0.0,1.0,1.0,12
LEFT,RIGHT,False,0.8,weak,1.2,independent_rollout,16,exact_deduplication,0.9992280645519922,0.0003506029031369341,0.9990053020950489,0.9994508270089355,0.14337195054371968,0.013107819725759737,0.13504363922297732,0.15170026186446203,0.0,0.0,0.0,0.0,0.0,0.0,0.0,0.0,1.0,0.0,1.0,1.0,12
LEFT,RIGHT,False,0.8,weak,1.2,independent_rollout,16,explicit_belief_mixing,0.8137966051902307,0.0011109791425203393,0.8130907227198166,0.8145024876606447,-0.0010196437857116676,0.0036531520545289332,-0.003340745864369,0.0013014582929456646,0.0,0.0,0.0,0.0,0.0,0.0,0.0,0.0,1.0,0.0,1.0,1.0,12
LEFT,RIGHT,False,0.8,weak,1.2,independent_rollout,16,ordinary_flat_aggregation,0.9992280645519922,0.0003506029031369341,0.9990053020950489,0.9994508270089355,0.14337195054371968,0.013107819725759737,0.13504363922297732,0.15170026186446203,0.0,0.0,0.0,0.0,0.0,0.0,0.0,0.0,1.0,0.0,1.0,1.0,12
LEFT,RIGHT,False,0.8,weak,1.2,independent_rollout,16,provenance_preserving,0.9992280645519922,0.0003506029031369341,0.9990053020950489,0.9994508270089355,0.14337195054371968,0.013107819725759737,0.13504363922297732,0.15170026186446203,0.0,0.0,0.0,0.0,0.0,0.0,0.0,0.0,1.0,0.0,1.0,1.0,12
LEFT,RIGHT,False,0.8,weak,1.2,independent_rollout,16,semantic_group_deduplication,0.8510351005070573,0.008169639251831924,0.8458443593700168,0.8562258416440979,-0.004821013501215369,0.0137890785469038,-0.01358217602613927,0.0039401490237085295,0.0,0.0,0.0,0.0,0.0,0.0,0.0,0.0,1.0,0.0,1.0,1.0,12
LEFT,RIGHT,False,0.8,weak,1.2,independent_rollout,16,single_trajectory_score_average,0.8275932103804607,0.002221958285040713,0.8261814454396327,0.8290049753212888,-0.002039287571423363,0.007306304109057976,-0.006681491728738097,0.002602916585891371,0.0,0.0,0.0,0.0,0.0,0.0,0.0,0.0,1.0,0.0,1.0,1.0,12
LEFT,RIGHT,False,0.8,weak,1.2,independent_rollout,16,source_group_average,0.8275932103804607,0.002221958285040713,0.8261814454396327,0.8290049753212888,-0.002039287571423363,0.007306304109057976,-0.006681491728738097,0.002602916585891371,0.0,0.0,0.0,0.0,0.0,0.0,0.0,0.0,1.0,0.0,1.0,1.0,12
LEFT,RIGHT,False,0.8,weak,1.2,pure_duplication,1,exact_deduplication,0.8248191321798832,0.01411035661673175,0.8158538393081866,0.8337844250515799,0.0,0.0,0.0,0.0,0.0,0.0,0.0,0.0,0.0,0.0,0.0,0.0,1.0,0.0,1.0,1.0,12
LEFT,RIGHT,False,0.8,weak,1.2,pure_duplication,1,explicit_belief_mixing,0.8148162489759421,0.0037892604166849487,0.8124086677697786,0.8172238301821055,0.0,0.0,0.0,0.0,0.0,0.0,0.0,0.0,0.0,0.0,0.0,0.0,1.0,0.0,1.0,1.0,12
LEFT,RIGHT,False,0.8,weak,1.2,pure_duplication,1,ordinary_flat_aggregation,0.8558561140082727,0.013213469392267781,0.8474606760919545,0.8642515519245908,0.0,0.0,0.0,0.0,0.0,0.0,0.0,0.0,0.0,0.0,0.0,0.0,1.0,0.0,1.0,1.0,12
LEFT,RIGHT,False,0.8,weak,1.2,pure_duplication,1,provenance_preserving,0.8558561140082727,0.013213469392267781,0.8474606760919545,0.8642515519245908,0.0,0.0,0.0,0.0,0.0,0.0,0.0,0.0,0.0,0.0,0.0,0.0,1.0,0.0,1.0,1.0,12
LEFT,RIGHT,False,0.8,weak,1.2,pure_duplication,1,semantic_group_deduplication,0.8248191321798832,0.01411035661673175,0.8158538393081866,0.8337844250515799,0.0,0.0,0.0,0.0,0.0,0.0,0.0,0.0,0.0,0.0,0.0,0.0,1.0,0.0,1.0,1.0,12
LEFT,RIGHT,False,0.8,weak,1.2,pure_duplication,1,single_trajectory_score_average,0.8296324979518842,0.0075785208333699495,0.8248173355395572,0.8344476603642113,0.0,0.0,0.0,0.0,0.0,0.0,0.0,0.0,0.0,0.0,0.0,0.0,1.0,0.0,1.0,1.0,12
LEFT,RIGHT,False,0.8,weak,1.2,pure_duplication,1,source_group_average,0.8296324979518842,0.0075785208333699495,0.8248173355395572,0.8344476603642113,0.0,0.0,0.0,0.0,0.0,0.0,0.0,0.0,0.0,0.0,0.0,0.0,1.0,0.0,1.0,1.0,12
LEFT,RIGHT,False,0.8,weak,1.2,pure_duplication,2,exact_deduplication,0.8291614251156187,0.011927059506280424,0.8215833330463395,0.836739517184898,0.004342292935735598,0.01097890943975648,-0.002633373322233885,0.01131795919370508,0.0,0.0,0.0,0.0,0.0,0.0,0.0,0.0,1.0,0.0,1.0,1.0,12
LEFT,RIGHT,False,0.8,weak,1.2,pure_duplication,2,explicit_belief_mixing,0.8148162489759421,0.0037892604166849487,0.8124086677697786,0.8172238301821055,0.0,0.0,0.0,0.0,0.0,0.0,0.0,0.0,0.0,0.0,0.0,0.0,1.0,0.0,1.0,1.0,12
LEFT,RIGHT,False,0.8,weak,1.2,pure_duplication,2,ordinary_flat_aggregation,0.8972569787881696,0.01975608419937381,0.8847045617475356,0.9098093958288035,0.04140086477989674,0.006628723477403954,0.03718917481665732,0.04561255474313616,0.0,0.0,0.0,0.0,0.0,0.0,0.0,0.0,1.0,0.0,1.0,1.0,12
LEFT,RIGHT,False,0.8,weak,1.2,pure_duplication,2,provenance_preserving,0.8558561140082727,0.013213469392267781,0.8474606760919545,0.8642515519245908,0.0,0.0,0.0,0.0,0.0,0.0,0.0,0.0,0.0,0.0,0.0,0.0,1.0,0.0,1.0,1.0,12
LEFT,RIGHT,False,0.8,weak,1.2,pure_duplication,2,semantic_group_deduplication,0.8291614251156187,0.011927059506280424,0.8215833330463395,0.836739517184898,0.004342292935735598,0.01097890943975648,-0.002633373322233885,0.01131795919370508,0.0,0.0,0.0,0.0,0.0,0.0,0.0,0.0,1.0,0.0,1.0,1.0,12
LEFT,RIGHT,False,0.8,weak,1.2,pure_duplication,2,single_trajectory_score_average,0.8296324979518842,0.007578520833369935,0.8248173355395572,0.8344476603642113,0.0,4.734006883291518e-17,-3.007844473258028e-17,3.007844473258028e-17,0.0,0.0,0.0,0.0,0.0,0.0,0.0,0.0,1.0,0.0,1.0,1.0,12
LEFT,RIGHT,False,0.8,weak,1.2,pure_duplication,2,source_group_average,0.8296324979518842,0.0075785208333699495,0.8248173355395572,0.8344476603642113,0.0,0.0,0.0,0.0,0.0,0.0,0.0,0.0,0.0,0.0,0.0,0.0,1.0,0.0,1.0,1.0,12
LEFT,RIGHT,False,0.8,weak,1.2,pure_duplication,4,exact_deduplication,0.8267262828701307,0.012918759698999135,0.818518094559478,0.8349344711807835,0.00190715069024755,0.01625626216537371,-0.00842158551893085,0.01223588689942595,0.0,0.0,0.0,0.0,0.0,0.0,0.0,0.0,1.0,0.0,1.0,1.0,12
LEFT,RIGHT,False,0.8,weak,1.2,pure_duplication,4,explicit_belief_mixing,0.8148162489759421,0.0037892604166849487,0.8124086677697786,0.8172238301821055,0.0,0.0,0.0,0.0,0.0,0.0,0.0,0.0,0.0,0.0,0.0,0.0,1.0,0.0,1.0,1.0,12
LEFT,RIGHT,False,0.8,weak,1.2,pure_duplication,4,ordinary_flat_aggregation,0.9481736348744222,0.021492215122961067,0.9345181328717036,0.9618291368771408,0.09231752086614953,0.009021816217120511,0.08658533231712318,0.09804970941517588,0.0,0.0,0.0,0.0,0.0,0.0,0.0,0.0,1.0,0.0,1.0,1.0,12
LEFT,RIGHT,False,0.8,weak,1.2,pure_duplication,4,provenance_preserving,0.8558561140082727,0.013213469392267781,0.8474606760919545,0.8642515519245908,0.0,0.0,0.0,0.0,0.0,0.0,0.0,0.0,0.0,0.0,0.0,0.0,1.0,0.0,1.0,1.0,12
LEFT,RIGHT,False,0.8,weak,1.2,pure_duplication,4,semantic_group_deduplication,0.8267262828701307,0.012918759698999135,0.818518094559478,0.8349344711807835,0.00190715069024755,0.01625626216537371,-0.00842158551893085,0.01223588689942595,0.0,0.0,0.0,0.0,0.0,0.0,0.0,0.0,1.0,0.0,1.0,1.0,12
LEFT,RIGHT,False,0.8,weak,1.2,pure_duplication,4,single_trajectory_score_average,0.8296324979518842,0.0075785208333699495,0.8248173355395572,0.8344476603642113,0.0,0.0,0.0,0.0,0.0,0.0,0.0,0.0,0.0,0.0,0.0,0.0,1.0,0.0,1.0,1.0,12
LEFT,RIGHT,False,0.8,weak,1.2,pure_duplication,4,source_group_average,0.8296324979518842,0.0075785208333699495,0.8248173355395572,0.8344476603642113,0.0,0.0,0.0,0.0,0.0,0.0,0.0,0.0,0.0,0.0,0.0,0.0,1.0,0.0,1.0,1.0,12
LEFT,RIGHT,False,0.8,weak,1.2,pure_duplication,8,exact_deduplication,0.8286961053241462,0.011326852805304793,0.8214993663987995,0.8358928442494928,0.0038769731442631072,0.016820068037189474,-0.006809988225406054,0.014563934513932269,0.0,0.0,0.0,0.0,0.0,0.0,0.0,0.0,1.0,0.0,1.0,1.0,12
LEFT,RIGHT,False,0.8,weak,1.2,pure_duplication,8,explicit_belief_mixing,0.8148162489759421,0.0037892604166849487,0.8124086677697786,0.8172238301821055,0.0,0.0,0.0,0.0,0.0,0.0,0.0,0.0,0.0,0.0,0.0,0.0,1.0,0.0,1.0,1.0,12
LEFT,RIGHT,False,0.8,weak,1.2,pure_duplication,8,ordinary_flat_aggregation,0.9859899512523672,0.013430132473363643,0.9774568521819571,0.9945230503227773,0.13013383724409455,0.006251465138124505,0.126161845793926,0.1341058286942631,0.0,0.0,0.0,0.0,0.0,0.0,0.0,0.0,1.0,0.0,1.0,1.0,12
LEFT,RIGHT,False,0.8,weak,1.2,pure_duplication,8,provenance_preserving,0.8558561140082727,0.013213469392267781,0.8474606760919545,0.8642515519245908,0.0,0.0,0.0,0.0,0.0,0.0,0.0,0.0,0.0,0.0,0.0,0.0,1.0,0.0,1.0,1.0,12
LEFT,RIGHT,False,0.8,weak,1.2,pure_duplication,8,semantic_group_deduplication,0.8286961053241462,0.011326852805304793,0.8214993663987995,0.8358928442494928,0.0038769731442631072,0.016820068037189474,-0.006809988225406054,0.014563934513932269,0.0,0.0,0.0,0.0,0.0,0.0,0.0,0.0,1.0,0.0,1.0,1.0,12
LEFT,RIGHT,False,0.8,weak,1.2,pure_duplication,8,single_trajectory_score_average,0.8296324979518842,0.0075785208333699495,0.8248173355395572,0.8344476603642113,0.0,0.0,0.0,0.0,0.0,0.0,0.0,0.0,0.0,0.0,0.0,0.0,1.0,0.0,1.0,1.0,12
LEFT,RIGHT,False,0.8,weak,1.2,pure_duplication,8,source_group_average,0.8296324979518842,0.0075785208333699495,0.8248173355395572,0.8344476603642113,0.0,0.0,0.0,0.0,0.0,0.0,0.0,0.0,0.0,0.0,0.0,0.0,1.0,0.0,1.0,1.0,12
LEFT,RIGHT,False,0.8,weak,1.2,pure_duplication,16,exact_deduplication,0.8251099503984435,0.012528845769102332,0.8171495015795152,0.8330703992173718,0.0002908182185601034,0.008097917956383599,-0.004854353381416516,0.005435989818536722,0.0,0.0,0.0,0.0,0.0,0.0,0.0,0.0,1.0,0.0,1.0,1.0,12
LEFT,RIGHT,False,0.8,weak,1.2,pure_duplication,16,explicit_belief_mixing,0.8148162489759421,0.0037892604166849487,0.8124086677697786,0.8172238301821055,0.0,0.0,0.0,0.0,0.0,0.0,0.0,0.0,0.0,0.0,0.0,0.0,1.0,0.0,1.0,1.0,12
LEFT,RIGHT,False,0.8,weak,1.2,pure_duplication,16,ordinary_flat_aggregation,0.998442927457607,0.0034680795485750775,0.9962394148391911,1.0006464400760229,0.14258681344933444,0.010885187069796139,0.13567069554426253,0.14950293135440634,0.0,0.0,0.0,0.0,0.0,0.0,0.0,0.0,1.0,0.0,1.0,1.0,12
LEFT,RIGHT,False,0.8,weak,1.2,pure_duplication,16,provenance_preserving,0.8558561140082727,0.013213469392267781,0.8474606760919545,0.8642515519245908,0.0,0.0,0.0,0.0,0.0,0.0,0.0,0.0,0.0,0.0,0.0,0.0,1.0,0.0,1.0,1.0,12
LEFT,RIGHT,False,0.8,weak,1.2,pure_duplication,16,semantic_group_deduplication,0.8251099503984435,0.012528845769102332,0.8171495015795152,0.8330703992173718,0.0002908182185601034,0.008097917956383599,-0.004854353381416516,0.005435989818536722,0.0,0.0,0.0,0.0,0.0,0.0,0.0,0.0,1.0,0.0,1.0,1.0,12
LEFT,RIGHT,False,0.8,weak,1.2,pure_duplication,16,single_trajectory_score_average,0.8296324979518842,0.007578520833369931,0.8248173355395572,0.8344476603642113,-9.25185853854297e-18,3.204937810639273e-17,-2.961506188514317e-17,1.1111344808057227e-17,0.0,0.0,0.0,0.0,0.0,0.0,0.0,0.0,1.0,0.0,1.0,1.0,12
LEFT,RIGHT,False,0.8,weak,1.2,pure_duplication,16,source_group_average,0.8296324979518842,0.0075785208333699495,0.8248173355395572,0.8344476603642113,0.0,0.0,0.0,0.0,0.0,0.0,0.0,0.0,0.0,0.0,0.0,0.0,1.0,0.0,1.0,1.0,12
RIGHT,LEFT,False,0.2,medium,1.5,independent_rollout,1,exact_deduplication,0.3600879169659366,0.02189946627439133,0.3461736599264687,0.37400217400540453,0.0,0.0,0.0,0.0,0.0,0.0,0.0,0.0,1.0,0.0,1.0,1.0,0.0,0.0,0.0,0.0,12
RIGHT,LEFT,False,0.2,medium,1.5,independent_rollout,1,explicit_belief_mixing,0.23644546795919555,0.004694800302940978,0.23346253415863616,0.23942840175975494,0.0,0.0,0.0,0.0,0.0,0.0,0.0,0.0,1.0,0.0,1.0,1.0,0.0,0.0,0.0,0.0,12
RIGHT,LEFT,False,0.2,medium,1.5,independent_rollout,1,ordinary_flat_aggregation,0.3600879169659366,0.02189946627439133,0.3461736599264687,0.37400217400540453,0.0,0.0,0.0,0.0,0.0,0.0,0.0,0.0,1.0,0.0,1.0,1.0,0.0,0.0,0.0,0.0,12
RIGHT,LEFT,False,0.2,medium,1.5,independent_rollout,1,provenance_preserving,0.3600879169659366,0.02189946627439133,0.3461736599264687,0.37400217400540453,0.0,0.0,0.0,0.0,0.0,0.0,0.0,0.0,1.0,0.0,1.0,1.0,0.0,0.0,0.0,0.0,12
RIGHT,LEFT,False,0.2,medium,1.5,independent_rollout,1,semantic_group_deduplication,0.3600879169659366,0.02189946627439133,0.3461736599264687,0.37400217400540453,0.0,0.0,0.0,0.0,0.0,0.0,0.0,0.0,1.0,0.0,1.0,1.0,0.0,0.0,0.0,0.0,12
RIGHT,LEFT,False,0.2,medium,1.5,independent_rollout,1,single_trajectory_score_average,0.2728909359183911,0.009389600605881955,0.2669250683172723,0.27885680351950987,0.0,0.0,0.0,0.0,0.0,0.0,0.0,0.0,1.0,0.0,1.0,1.0,0.0,0.0,0.0,0.0,12
RIGHT,LEFT,False,0.2,medium,1.5,independent_rollout,1,source_group_average,0.2728909359183911,0.009389600605881955,0.2669250683172723,0.27885680351950987,0.0,0.0,0.0,0.0,0.0,0.0,0.0,0.0,1.0,0.0,1.0,1.0,0.0,0.0,0.0,0.0,12
RIGHT,LEFT,False,0.2,medium,1.5,independent_rollout,2,exact_deduplication,0.557513004866247,0.02862646686736249,0.53932461556335,0.575701394169144,0.19742508790031033,0.02096241234269999,0.1841062065244331,0.21074396927618755,1.0,0.0,1.0,1.0,0.0,0.0,0.0,0.0,1.0,0.0,1.0,1.0,12
RIGHT,LEFT,False,0.2,medium,1.5,independent_rollout,2,explicit_belief_mixing,0.23636486263791012,0.0028963911117910316,0.2345245835228242,0.23820514175299604,-8.060532128545174e-05,0.003453937036593174,-0.002275132216285373,0.002113921573714469,0.0,0.0,0.0,0.0,1.0,0.0,1.0,1.0,0.0,0.0,0.0,0.0,12
RIGHT,LEFT,False,0.2,medium,1.5,independent_rollout,2,ordinary_flat_aggregation,0.557513004866247,0.02862646686736249,0.53932461556335,0.575701394169144,0.19742508790031033,0.02096241234269999,0.1841062065244331,0.21074396927618755,1.0,0.0,1.0,1.0,0.0,0.0,0.0,0.0,1.0,0.0,1.0,1.0,12
RIGHT,LEFT,False,0.2,medium,1.5,independent_rollout,2,provenance_preserving,0.557513004866247,0.02862646686736249,0.53932461556335,0.575701394169144,0.19742508790031033,0.02096241234269999,0.1841062065244331,0.21074396927618755,1.0,0.0,1.0,1.0,0.0,0.0,0.0,0.0,1.0,0.0,1.0,1.0,12
RIGHT,LEFT,False,0.2,medium,1.5,independent_rollout,2,semantic_group_deduplication,0.3515139502015587,0.012247034212502662,0.3437325559032332,0.35929534449988415,-0.008573966764377902,0.02172391889660472,-0.02237668632130982,0.0052287527925540134,0.0,0.0,0.0,0.0,1.0,0.0,1.0,1.0,0.0,0.0,0.0,0.0,12
RIGHT,LEFT,False,0.2,medium,1.5,independent_rollout,2,single_trajectory_score_average,0.2727297252758201,0.005792782223582062,0.2690491670456483,0.27641028350599195,-0.00016121064257090348,0.006907874073186348,-0.004550264432570746,0.004227843147428938,0.0,0.0,0.0,0.0,1.0,0.0,1.0,1.0,0.0,0.0,0.0,0.0,12
RIGHT,LEFT,False,0.2,medium,1.5,independent_rollout,2,source_group_average,0.2727297252758201,0.005792782223582062,0.2690491670456483,0.27641028350599195,-0.00016121064257090348,0.006907874073186348,-0.004550264432570746,0.004227843147428938,0.0,0.0,0.0,0.0,1.0,0.0,1.0,1.0,0.0,0.0,0.0,0.0,12
RIGHT,LEFT,False,0.2,medium,1.5,independent_rollout,4,exact_deduplication,0.8680894198148538,0.021749610189982636,0.8542703767888812,0.8819084628408264,0.5080015028489172,0.021547349001825478,0.4943109704508232,0.5216920352470112,1.0,0.0,1.0,1.0,0.0,0.0,0.0,0.0,1.0,0.0,1.0,1.0,12
RIGHT,LEFT,False,0.2,medium,1.5,independent_rollout,4,explicit_belief_mixing,0.23694666575641712,0.0023942119126134425,0.23542545608209664,0.2384678754307376,0.0005011977972215984,0.003970470910496351,-0.0020215190637358684,0.003023914658179065,0.0,0.0,0.0,0.0,1.0,0.0,1.0,1.0,0.0,0.0,0.0,0.0,12
RIGHT,LEFT,False,0.2,medium,1.5,independent_rollout,4,ordinary_flat_aggregation,0.8680894198148538,0.021749610189982636,0.8542703767888812,0.8819084628408264,0.5080015028489172,0.021547349001825478,0.4943109704508232,0.5216920352470112,1.0,0.0,1.0,1.0,0.0,0.0,0.0,0.0,1.0,0.0,1.0,1.0,12
RIGHT,LEFT,False,0.2,medium,1.5,independent_rollout,4,provenance_preserving,0.8680894198148538,0.021749610189982636,0.8542703767888812,0.8819084628408264,0.5080015028489172,0.021547349001825478,0.4943109704508232,0.5216920352470112,1.0,0.0,1.0,1.0,0.0,0.0,0.0,0.0,1.0,0.0,1.0,1.0,12
RIGHT,LEFT,False,0.2,medium,1.5,independent_rollout,4,semantic_group_deduplication,0.3662060883159625,0.022254402213581503,0.35206631573978897,0.38034586089213607,0.0061181713500259305,0.030843264177500662,-0.013478703766688985,0.025715046466740846,0.0,0.0,0.0,0.0,1.0,0.0,1.0,1.0,0.0,0.0,0.0,0.0,12
RIGHT,LEFT,False,0.2,medium,1.5,independent_rollout,4,single_trajectory_score_average,0.27389333151283424,0.004788423825226885,0.27085091216419327,0.2769357508614752,0.0010023955944431968,0.007940941820992703,-0.004043038127471737,0.00604782931635813,0.0,0.0,0.0,0.0,1.0,0.0,1.0,1.0,0.0,0.0,0.0,0.0,12
RIGHT,LEFT,False,0.2,medium,1.5,independent_rollout,4,source_group_average,0.27389333151283424,0.004788423825226885,0.27085091216419327,0.2769357508614752,0.0010023955944431968,0.007940941820992703,-0.004043038127471737,0.00604782931635813,0.0,0.0,0.0,0.0,1.0,0.0,1.0,1.0,0.0,0.0,0.0,0.0,12
RIGHT,LEFT,False,0.2,medium,1.5,independent_rollout,8,exact_deduplication,0.9938979715515686,0.0016815910990944111,0.992829539540719,0.9949664035624182,0.6338100545856319,0.021231292537996427,0.6203203348841397,0.647299774287124,1.0,0.0,1.0,1.0,0.0,0.0,0.0,0.0,1.0,0.0,1.0,1.0,12
RIGHT,LEFT,False,0.2,medium,1.5,independent_rollout,8,explicit_belief_mixing,0.2366344824608669,0.0017182721492861016,0.23554274442262604,0.23772622049910777,0.00018901450167137235,0.004179686640636721,-0.0024666316923300322,0.002844660695672777,0.0,0.0,0.0,0.0,1.0,0.0,1.0,1.0,0.0,0.0,0.0,0.0,12
RIGHT,LEFT,False,0.2,medium,1.5,independent_rollout,8,ordinary_flat_aggregation,0.9938979715515686,0.0016815910990944111,0.992829539540719,0.9949664035624182,0.6338100545856319,0.021231292537996427,0.6203203348841397,0.647299774287124,1.0,0.0,1.0,1.0,0.0,0.0,0.0,0.0,1.0,0.0,1.0,1.0,12
RIGHT,LEFT,False,0.2,medium,1.5,independent_rollout,8,provenance_preserving,0.9938979715515686,0.0016815910990944111,0.992829539540719,0.9949664035624182,0.6338100545856319,0.021231292537996427,0.6203203348841397,0.647299774287124,1.0,0.0,1.0,1.0,0.0,0.0,0.0,0.0,1.0,0.0,1.0,1.0,12
RIGHT,LEFT,False,0.2,medium,1.5,independent_rollout,8,semantic_group_deduplication,0.35914948463441737,0.026449590250477308,0.3423442167469481,0.37595475252188665,-0.0009384323315192686,0.03910375896870428,-0.025783775440917603,0.023906910777879063,0.0,0.0,0.0,0.0,1.0,0.0,1.0,1.0,0.0,0.0,0.0,0.0,12
RIGHT,LEFT,False,0.2,medium,1.5,independent_rollout,8,single_trajectory_score_average,0.2732689649217338,0.003436544298572203,0.2710854888452521,0.27545244099821553,0.0003780290033427447,0.008359373281273442,-0.0049332633846600644,0.005689321391345554,0.0,0.0,0.0,0.0,1.0,0.0,1.0,1.0,0.0,0.0,0.0,0.0,12
RIGHT,LEFT,False,0.2,medium,1.5,independent_rollout,8,source_group_average,0.2732689649217338,0.003436544298572203,0.2710854888452521,0.27545244099821553,0.0003780290033427447,0.008359373281273442,-0.0049332633846600644,0.005689321391345554,0.0,0.0,0.0,0.0,1.0,0.0,1.0,1.0,0.0,0.0,0.0,0.0,12
RIGHT,LEFT,False,0.2,medium,1.5,independent_rollout,16,exact_deduplication,0.9999899053599716,3.60606360291841e-06,0.9999876141764676,0.9999921965434755,0.639901988394035,0.021897871742959252,0.6259887444715045,0.6538152323165655,1.0,0.0,1.0,1.0,0.0,0.0,0.0,0.0,1.0,0.0,1.0,1.0,12
RIGHT,LEFT,False,0.2,medium,1.5,independent_rollout,16,explicit_belief_mixing,0.23641718119107816,0.0012215576878143498,0.2356410404649152,0.2371933219172411,-2.828676811736606e-05,0.004311531907780362,-0.0027677034482798506,0.0027111299120451187,0.0,0.0,0.0,0.0,1.0,0.0,1.0,1.0,0.0,0.0,0.0,0.0,12
RIGHT,LEFT,False,0.2,medium,1.5,independent_rollout,16,ordinary_flat_aggregation,0.9999899053599716,3.60606360291841e-06,0.9999876141764676,0.9999921965434755,0.639901988394035,0.021897871742959252,0.6259887444715045,0.6538152323165655,1.0,0.0,1.0,1.0,0.0,0.0,0.0,0.0,1.0,0.0,1.0,1.0,12
RIGHT,LEFT,False,0.2,medium,1.5,independent_rollout,16,provenance_preserving,0.9999899053599716,3.60606360291841e-06,0.9999876141764676,0.9999921965434755,0.639901988394035,0.021897871742959252,0.6259887444715045,0.6538152323165655,1.0,0.0,1.0,1.0,0.0,0.0,0.0,0.0,1.0,0.0,1.0,1.0,12
RIGHT,LEFT,False,0.2,medium,1.5,independent_rollout,16,semantic_group_deduplication,0.36661947949924234,0.029128196243092475,0.34811230655976316,0.3851266524387215,0.006531562533305724,0.023463915136511873,-0.008376697890532489,0.021439822957143938,0.0,0.0,0.0,0.0,1.0,0.0,1.0,1.0,0.0,0.0,0.0,0.0,12
RIGHT,LEFT,False,0.2,medium,1.5,independent_rollout,16,single_trajectory_score_average,0.27283436238215636,0.0024431153756286996,0.27128208092983047,0.27438664383448225,-5.657353623473212e-05,0.008623063815560723,-0.005535406896559701,0.0054222598240902375,0.0,0.0,0.0,0.0,1.0,0.0,1.0,1.0,0.0,0.0,0.0,0.0,12
RIGHT,LEFT,False,0.2,medium,1.5,independent_rollout,16,source_group_average,0.27283436238215636,0.0024431153756286996,0.27128208092983047,0.27438664383448225,-5.657353623473212e-05,0.008623063815560723,-0.005535406896559701,0.0054222598240902375,0.0,0.0,0.0,0.0,1.0,0.0,1.0,1.0,0.0,0.0,0.0,0.0,12
RIGHT,LEFT,False,0.2,medium,1.5,pure_duplication,1,exact_deduplication,0.27446128360279026,0.012012900257590534,0.2668286509221908,0.2820939162833897,0.0,0.0,0.0,0.0,0.0,0.0,0.0,0.0,1.0,0.0,1.0,1.0,0.0,0.0,0.0,0.0,12
RIGHT,LEFT,False,0.2,medium,1.5,pure_duplication,1,explicit_belief_mixing,0.23644546795919555,0.004694800302940978,0.23346253415863616,0.23942840175975494,0.0,0.0,0.0,0.0,0.0,0.0,0.0,0.0,1.0,0.0,1.0,1.0,0.0,0.0,0.0,0.0,12
RIGHT,LEFT,False,0.2,medium,1.5,pure_duplication,1,ordinary_flat_aggregation,0.3600879169659366,0.02189946627439133,0.3461736599264687,0.37400217400540453,0.0,0.0,0.0,0.0,0.0,0.0,0.0,0.0,1.0,0.0,1.0,1.0,0.0,0.0,0.0,0.0,12
RIGHT,LEFT,False,0.2,medium,1.5,pure_duplication,1,provenance_preserving,0.3600879169659366,0.02189946627439133,0.3461736599264687,0.37400217400540453,0.0,0.0,0.0,0.0,0.0,0.0,0.0,0.0,1.0,0.0,1.0,1.0,0.0,0.0,0.0,0.0,12
RIGHT,LEFT,False,0.2,medium,1.5,pure_duplication,1,semantic_group_deduplication,0.27446128360279026,0.012012900257590534,0.2668286509221908,0.2820939162833897,0.0,0.0,0.0,0.0,0.0,0.0,0.0,0.0,1.0,0.0,1.0,1.0,0.0,0.0,0.0,0.0,12
RIGHT,LEFT,False,0.2,medium,1.5,pure_duplication,1,single_trajectory_score_average,0.2728909359183911,0.009389600605881955,0.2669250683172723,0.27885680351950987,0.0,0.0,0.0,0.0,0.0,0.0,0.0,0.0,1.0,0.0,1.0,1.0,0.0,0.0,0.0,0.0,12
RIGHT,LEFT,False,0.2,medium,1.5,pure_duplication,1,source_group_average,0.2728909359183911,0.009389600605881955,0.2669250683172723,0.27885680351950987,0.0,0.0,0.0,0.0,0.0,0.0,0.0,0.0,1.0,0.0,1.0,1.0,0.0,0.0,0.0,0.0,12
RIGHT,LEFT,False,0.2,medium,1.5,pure_duplication,2,exact_deduplication,0.27215751447661896,0.012206947662001429,0.26440158995735163,0.2799134389958863,-0.002303769126171346,0.015484096046583273,-0.012141894389886554,0.007534356137543861,0.0,0.0,0.0,0.0,1.0,0.0,1.0,1.0,0.0,0.0,0.0,0.0,12
RIGHT,LEFT,False,0.2,medium,1.5,pure_duplication,2,explicit_belief_mixing,0.23644546795919555,0.004694800302940976,0.23346253415863616,0.23942840175975494,2.3129646346357427e-18,8.012344526598183e-18,-2.7778362020143068e-18,7.403765471285793e-18,0.0,0.0,0.0,0.0,1.0,0.0,1.0,1.0,0.0,0.0,0.0,0.0,12
RIGHT,LEFT,False,0.2,medium,1.5,pure_duplication,2,ordinary_flat_aggregation,0.557793495459267,0.047135604574382324,0.527844961118701,0.587742029799833,0.19770557849333048,0.025245301035992308,0.18166547946752418,0.21374567751913678,0.8333333333333334,0.38924947208076144,0.5860160179637635,1.0806506487029033,0.16666666666666666,0.38924947208076144,-0.08065064870290328,0.4139839820362366,0.8333333333333334,0.38924947208076144,0.5860160179637635,1.0806506487029033,12
RIGHT,LEFT,False,0.2,medium,1.5,pure_duplication,2,provenance_preserving,0.3600879169659366,0.02189946627439133,0.3461736599264687,0.37400217400540453,0.0,0.0,0.0,0.0,0.0,0.0,0.0,0.0,1.0,0.0,1.0,1.0,0.0,0.0,0.0,0.0,12
RIGHT,LEFT,False,0.2,medium,1.5,pure_duplication,2,semantic_group_deduplication,0.27215751447661896,0.012206947662001429,0.26440158995735163,0.2799134389958863,-0.002303769126171346,0.015484096046583273,-0.012141894389886554,0.007534356137543861,0.0,0.0,0.0,0.0,1.0,0.0,1.0,1.0,0.0,0.0,0.0,0.0,12
RIGHT,LEFT,False,0.2,medium,1.5,pure_duplication,2,single_trajectory_score_average,0.2728909359183911,0.009389600605881952,0.2669250683172723,0.27885680351950987,4.625929269271485e-18,1.6024689053196365e-17,-5.5556724040286136e-18,1.4807530942571585e-17,0.0,0.0,0.0,0.0,1.0,0.0,1.0,1.0,0.0,0.0,0.0,0.0,12
RIGHT,LEFT,False,0.2,medium,1.5,pure_duplication,2,source_group_average,0.2728909359183911,0.009389600605881955,0.2669250683172723,0.27885680351950987,0.0,0.0,0.0,0.0,0.0,0.0,0.0,0.0,1.0,0.0,1.0,1.0,0.0,0.0,0.0,0.0,12
RIGHT,LEFT,False,0.2,medium,1.5,pure_duplication,4,exact_deduplication,0.27087131731804276,0.01872706184830188,0.25897270988686566,0.28276992474921986,-0.0035899662847475636,0.018688347319407442,-0.015463975677805868,0.00828404310831074,0.0,0.0,0.0,0.0,1.0,0.0,1.0,1.0,0.0,0.0,0.0,0.0,12
RIGHT,LEFT,False,0.2,medium,1.5,pure_duplication,4,explicit_belief_mixing,0.23644546795919555,0.004694800302940978,0.23346253415863616,0.23942840175975494,0.0,0.0,0.0,0.0,0.0,0.0,0.0,0.0,1.0,0.0,1.0,1.0,0.0,0.0,0.0,0.0,12
RIGHT,LEFT,False,0.2,medium,1.5,pure_duplication,4,ordinary_flat_aggregation,0.8588334551466209,0.04816998080131112,0.828227709506169,0.8894392007870728,0.4987455381806843,0.02662092950538895,0.4818314065243943,0.5156596698369743,1.0,0.0,1.0,1.0,0.0,0.0,0.0,0.0,1.0,0.0,1.0,1.0,12
RIGHT,LEFT,False,0.2,medium,1.5,pure_duplication,4,provenance_preserving,0.3600879169659366,0.02189946627439133,0.3461736599264687,0.37400217400540453,0.0,0.0,0.0,0.0,0.0,0.0,0.0,0.0,1.0,0.0,1.0,1.0,0.0,0.0,0.0,0.0,12
RIGHT,LEFT,False,0.2,medium,1.5,pure_duplication,4,semantic_group_deduplication,0.27087131731804276,0.01872706184830188,0.25897270988686566,0.28276992474921986,-0.0035899662847475636,0.018688347319407442,-0.015463975677805868,0.00828404310831074,0.0,0.0,0.0,0.0,1.0,0.0,1.0,1.0,0.0,0.0,0.0,0.0,12
RIGHT,LEFT,False,0.2,medium,1.5,pure_duplication,4,single_trajectory_score_average,0.2728909359183911,0.009389600605881955,0.2669250683172723,0.27885680351950987,0.0,0.0,0.0,0.0,0.0,0.0,0.0,0.0,1.0,0.0,1.0,1.0,0.0,0.0,0.0,0.0,12
RIGHT,LEFT,False,0.2,medium,1.5,pure_duplication,4,source_group_average,0.2728909359183911,0.009389600605881955,0.2669250683172723,0.27885680351950987,0.0,0.0,0.0,0.0,0.0,0.0,0.0,0.0,1.0,0.0,1.0,1.0,0.0,0.0,0.0,0.0,12
RIGHT,LEFT,False,0.2,medium,1.5,pure_duplication,8,exact_deduplication,0.27247827039301653,0.0179420871271917,0.26107841210495364,0.2838781286810794,-0.0019830132097737596,0.02332333346712267,-0.01680195230228773,0.012835925882740214,0.0,0.0,0.0,0.0,1.0,0.0,1.0,1.0,0.0,0.0,0.0,0.0,12
RIGHT,LEFT,False,0.2,medium,1.5,pure_duplication,8,explicit_belief_mixing,0.23644546795919555,0.004694800302940978,0.23346253415863616,0.23942840175975494,0.0,0.0,0.0,0.0,0.0,0.0,0.0,0.0,1.0,0.0,1.0,1.0,0.0,0.0,0.0,0.0,12
RIGHT,LEFT,False,0.2,medium,1.5,pure_duplication,8,ordinary_flat_aggregation,0.9919832144075699,0.006692162313382413,0.9877312173309502,0.9962352114841896,0.6318952974416333,0.015731633854254048,0.6218998941584558,0.6418907007248108,1.0,0.0,1.0,1.0,0.0,0.0,0.0,0.0,1.0,0.0,1.0,1.0,12
RIGHT,LEFT,False,0.2,medium,1.5,pure_duplication,8,provenance_preserving,0.3600879169659366,0.02189946627439133,0.3461736599264687,0.37400217400540453,0.0,0.0,0.0,0.0,0.0,0.0,0.0,0.0,1.0,0.0,1.0,1.0,0.0,0.0,0.0,0.0,12
RIGHT,LEFT,False,0.2,medium,1.5,pure_duplication,8,semantic_group_deduplication,0.27247827039301653,0.0179420871271917,0.26107841210495364,0.2838781286810794,-0.0019830132097737596,0.02332333346712267,-0.01680195230228773,0.012835925882740214,0.0,0.0,0.0,0.0,1.0,0.0,1.0,1.0,0.0,0.0,0.0,0.0,12
RIGHT,LEFT,False,0.2,medium,1.5,pure_duplication,8,single_trajectory_score_average,0.2728909359183911,0.009389600605881955,0.2669250683172723,0.27885680351950987,0.0,0.0,0.0,0.0,0.0,0.0,0.0,0.0,1.0,0.0,1.0,1.0,0.0,0.0,0.0,0.0,12
RIGHT,LEFT,False,0.2,medium,1.5,pure_duplication,8,source_group_average,0.2728909359183911,0.009389600605881955,0.2669250683172723,0.27885680351950987,0.0,0.0,0.0,0.0,0.0,0.0,0.0,0.0,1.0,0.0,1.0,1.0,0.0,0.0,0.0,0.0,12
RIGHT,LEFT,False,0.2,medium,1.5,pure_duplication,16,exact_deduplication,0.2768392553718846,0.012209167559730952,0.26908192039689094,0.28459659034687823,0.0023779717690942856,0.009522358472252718,-0.003672246156071191,0.008428189694259762,0.0,0.0,0.0,0.0,1.0,0.0,1.0,1.0,0.0,0.0,0.0,0.0,12
RIGHT,LEFT,False,0.2,medium,1.5,pure_duplication,16,explicit_belief_mixing,0.23644546795919555,0.004694800302940978,0.23346253415863616,0.23942840175975494,0.0,0.0,0.0,0.0,0.0,0.0,0.0,0.0,1.0,0.0,1.0,1.0,0.0,0.0,0.0,0.0,12
RIGHT,LEFT,False,0.2,medium,1.5,pure_duplication,16,ordinary_flat_aggregation,0.9999727144048781,4.468879830964446e-05,0.9999443204970689,1.0000011083126874,0.6398847974389416,0.021862096100466,0.6259942842751961,0.653775310602687,1.0,0.0,1.0,1.0,0.0,0.0,0.0,0.0,1.0,0.0,1.0,1.0,12
RIGHT,LEFT,False,0.2,medium,1.5,pure_duplication,16,provenance_preserving,0.3600879169659366,0.02189946627439133,0.3461736599264687,0.37400217400540453,0.0,0.0,0.0,0.0,0.0,0.0,0.0,0.0,1.0,0.0,1.0,1.0,0.0,0.0,0.0,0.0,12
RIGHT,LEFT,False,0.2,medium,1.5,pure_duplication,16,semantic_group_deduplication,0.2768392553718846,0.012209167559730952,0.26908192039689094,0.28459659034687823,0.0023779717690942856,0.009522358472252718,-0.003672246156071191,0.008428189694259762,0.0,0.0,0.0,0.0,1.0,0.0,1.0,1.0,0.0,0.0,0.0,0.0,12
RIGHT,LEFT,False,0.2,medium,1.5,pure_duplication,16,single_trajectory_score_average,0.2728909359183911,0.009389600605881955,0.2669250683172723,0.27885680351950987,0.0,0.0,0.0,0.0,0.0,0.0,0.0,0.0,1.0,0.0,1.0,1.0,0.0,0.0,0.0,0.0,12
RIGHT,LEFT,False,0.2,medium,1.5,pure_duplication,16,source_group_average,0.2728909359183911,0.009389600605881955,0.2669250683172723,0.27885680351950987,0.0,0.0,0.0,0.0,0.0,0.0,0.0,0.0,1.0,0.0,1.0,1.0,0.0,0.0,0.0,0.0,12
RIGHT,LEFT,False,0.2,strong,2.0,independent_rollout,1,exact_deduplication,0.5009245904775915,0.023133422145559166,0.4862263152820799,0.5156228656731031,0.0,0.0,0.0,0.0,0.0,0.0,0.0,0.0,0.5,0.5222329678670935,0.16818900249253282,0.8318109975074672,0.5,0.5222329678670935,0.16818900249253282,0.8318109975074672,12
RIGHT,LEFT,False,0.2,strong,2.0,independent_rollout,1,explicit_belief_mixing,0.26698776559759846,0.005106995102591786,0.2637429357160656,0.2702325954791313,0.0,0.0,0.0,0.0,0.0,0.0,0.0,0.0,1.0,0.0,1.0,1.0,0.0,0.0,0.0,0.0,12
RIGHT,LEFT,False,0.2,strong,2.0,independent_rollout,1,ordinary_flat_aggregation,0.5009245904775915,0.023133422145559166,0.4862263152820799,0.5156228656731031,0.0,0.0,0.0,0.0,0.0,0.0,0.0,0.0,0.5,0.5222329678670935,0.16818900249253282,0.8318109975074672,0.5,0.5222329678670935,0.16818900249253282,0.8318109975074672,12
RIGHT,LEFT,False,0.2,strong,2.0,independent_rollout,1,provenance_preserving,0.5009245904775915,0.023133422145559166,0.4862263152820799,0.5156228656731031,0.0,0.0,0.0,0.0,0.0,0.0,0.0,0.0,0.5,0.5222329678670935,0.16818900249253282,0.8318109975074672,0.5,0.5222329678670935,0.16818900249253282,0.8318109975074672,12
RIGHT,LEFT,False,0.2,strong,2.0,independent_rollout,1,semantic_group_deduplication,0.5009245904775915,0.023133422145559166,0.4862263152820799,0.5156228656731031,0.0,0.0,0.0,0.0,0.0,0.0,0.0,0.0,0.5,0.5222329678670935,0.16818900249253282,0.8318109975074672,0.5,0.5222329678670935,0.16818900249253282,0.8318109975074672,12
RIGHT,LEFT,False,0.2,strong,2.0,independent_rollout,1,single_trajectory_score_average,0.33397553119519685,0.01021399020518359,0.32748587143213115,0.34046519095826255,0.0,0.0,0.0,0.0,0.0,0.0,0.0,0.0,1.0,0.0,1.0,1.0,0.0,0.0,0.0,0.0,12
RIGHT,LEFT,False,0.2,strong,2.0,independent_rollout,1,source_group_average,0.33397553119519685,0.01021399020518359,0.32748587143213115,0.34046519095826255,0.0,0.0,0.0,0.0,0.0,0.0,0.0,0.0,1.0,0.0,1.0,1.0,0.0,0.0,0.0,0.0,12
RIGHT,LEFT,False,0.2,strong,2.0,independent_rollout,2,exact_deduplication,0.7987251055475372,0.016720121005599223,0.7881016474920791,0.8093485636029952,0.29780051506994554,0.011426665319631206,0.2905403582985796,0.30506067184131147,0.5,0.5222329678670935,0.16818900249253282,0.8318109975074672,0.0,0.0,0.0,0.0,1.0,0.0,1.0,1.0,12
RIGHT,LEFT,False,0.2,strong,2.0,independent_rollout,2,explicit_belief_mixing,0.26660247553498634,0.002847328845463184,0.26479336909671686,0.2684115819732558,-0.00038529006261207865,0.0029428248264506593,-0.0022550717524628776,0.0014844916272387205,0.0,0.0,0.0,0.0,1.0,0.0,1.0,1.0,0.0,0.0,0.0,0.0,12
RIGHT,LEFT,False,0.2,strong,2.0,independent_rollout,2,ordinary_flat_aggregation,0.7987251055475372,0.016720121005599223,0.7881016474920791,0.8093485636029952,0.29780051506994554,0.011426665319631206,0.2905403582985796,0.30506067184131147,0.5,0.5222329678670935,0.16818900249253282,0.8318109975074672,0.0,0.0,0.0,0.0,1.0,0.0,1.0,1.0,12
RIGHT,LEFT,False,0.2,strong,2.0,independent_rollout,2,provenance_preserving,0.7987251055475372,0.016720121005599223,0.7881016474920791,0.8093485636029952,0.29780051506994554,0.011426665319631206,0.2905403582985796,0.30506067184131147,0.5,0.5222329678670935,0.16818900249253282,0.8318109975074672,0.0,0.0,0.0,0.0,1.0,0.0,1.0,1.0,12
RIGHT,LEFT,False,0.2,strong,2.0,independent_rollout,2,semantic_group_deduplication,0.5010157452695109,0.018552600906339943,0.4892279850324795,0.5128035055065422,9.11547919193086e-05,0.018623675019989194,-0.01174176378247867,0.011924073366317288,0.16666666666666666,0.38924947208076144,-0.08065064870290328,0.4139839820362366,0.5,0.5222329678670935,0.16818900249253282,0.8318109975074672,0.5,0.5222329678670935,0.16818900249253282,0.8318109975074672,12
RIGHT,LEFT,False,0.2,strong,2.0,independent_rollout,2,single_trajectory_score_average,0.33320495106997267,0.005694657690926357,0.32958673819343376,0.3368231639465116,-0.0007705801252241712,0.005885649652901323,-0.0045101435049257725,0.00296898325447743,0.0,0.0,0.0,0.0,1.0,0.0,1.0,1.0,0.0,0.0,0.0,0.0,12
RIGHT,LEFT,False,0.2,strong,2.0,independent_rollout,2,source_group_average,0.33320495106997267,0.005694657690926357,0.32958673819343376,0.3368231639465116,-0.0007705801252241712,0.005885649652901323,-0.0045101435049257725,0.00296898325447743,0.0,0.0,0.0,0.0,1.0,0.0,1.0,1.0,0.0,0.0,0.0,0.0,12
RIGHT,LEFT,False,0.2,strong,2.0,independent_rollout,4,exact_deduplication,0.9854674373666339,0.002846889454873741,0.9836586101038258,0.987276264629442,0.4845428468890422,0.02137082206996558,0.4709644743524494,0.498121219425635,0.5,0.5222329678670935,0.16818900249253282,0.8318109975074672,0.0,0.0,0.0,0.0,1.0,0.0,1.0,1.0,12
RIGHT,LEFT,False,0.2,strong,2.0,independent_rollout,4,explicit_belief_mixing,0.2677701426639983,0.0025678618828202855,0.2661386010624025,0.2694016842655941,0.0007823770663998078,0.003823555331659618,-0.0016469940891681635,0.003211748221967779,0.0,0.0,0.0,0.0,1.0,0.0,1.0,1.0,0.0,0.0,0.0,0.0,12
RIGHT,LEFT,False,0.2,strong,2.0,independent_rollout,4,ordinary_flat_aggregation,0.9854674373666339,0.002846889454873741,0.9836586101038258,0.987276264629442,0.4845428468890422,0.02137082206996558,0.4709644743524494,0.498121219425635,0.5,0.5222329678670935,0.16818900249253282,0.8318109975074672,0.0,0.0,0.0,0.0,1.0,0.0,1.0,1.0,12
RIGHT,LEFT,False,0.2,strong,2.0,independent_rollout,4,provenance_preserving,0.9854674373666339,0.002846889454873741,0.9836586101038258,0.987276264629442,0.4845428468890422,0.02137082206996558,0.4709644743524494,0.498121219425635,0.5,0.5222329678670935,0.16818900249253282,0.8318109975074672,0.0,0.0,0.0,0.0,1.0,0.0,1.0,1.0,12
RIGHT,LEFT,False,0.2,strong,2.0,independent_rollout,4,semantic_group_deduplication,0.49742765538835143,0.022030655768172154,0.48343004452123894,0.5114252662554639,-0.0034969350892402142,0.029884973917368628,-0.02248494162300304,0.01549107144452261,0.3333333333333333,0.49236596391733095,0.020498924786929718,0.6461677418797369,0.5,0.5222329678670935,0.16818900249253282,0.8318109975074672,0.5,0.5222329678670935,0.16818900249253282,0.8318109975074672,12
RIGHT,LEFT,False,0.2,strong,2.0,independent_rollout,4,single_trajectory_score_average,0.33554028532799646,0.005135723765640571,0.3322772021248049,0.33880336853118803,0.001564754132799583,0.007647110663319276,-0.003293988178336386,0.006423496443935551,0.0,0.0,0.0,0.0,1.0,0.0,1.0,1.0,0.0,0.0,0.0,0.0,12
RIGHT,LEFT,False,0.2,strong,2.0,independent_rollout,4,source_group_average,0.33554028532799646,0.005135723765640571,0.3322772021248049,0.33880336853118803,0.001564754132799583,0.007647110663319276,-0.003293988178336386,0.006423496443935551,0.0,0.0,0.0,0.0,1.0,0.0,1.0,1.0,0.0,0.0,0.0,0.0,12
RIGHT,LEFT,False,0.2,strong,2.0,independent_rollout,8,exact_deduplication,0.9999390042115689,1.4174502788396875e-05,0.9999299981621642,0.9999480102609736,0.4990144137339773,0.023130957135176836,0.48431770473134156,0.513711122736613,0.5,0.5222329678670935,0.16818900249253282,0.8318109975074672,0.0,0.0,0.0,0.0,1.0,0.0,1.0,1.0,12
RIGHT,LEFT,False,0.2,strong,2.0,independent_rollout,8,explicit_belief_mixing,0.26692924194494017,0.0016025680007913882,0.26591101881535123,0.2679474650745291,-5.852365265824241e-05,0.005063793343771003,-0.003275904446196999,0.003158857140880514,0.0,0.0,0.0,0.0,1.0,0.0,1.0,1.0,0.0,0.0,0.0,0.0,12
RIGHT,LEFT,False,0.2,strong,2.0,independent_rollout,8,ordinary_flat_aggregation,0.9999390042115689,1.4174502788396875e-05,0.9999299981621642,0.9999480102609736,0.4990144137339773,0.023130957135176836,0.48431770473134156,0.513711122736613,0.5,0.5222329678670935,0.16818900249253282,0.8318109975074672,0.0,0.0,0.0,0.0,1.0,0.0,1.0,1.0,12
RIGHT,LEFT,False,0.2,strong,2.0,independent_rollout,8,provenance_preserving,0.9999390042115689,1.4174502788396875e-05,0.9999299981621642,0.9999480102609736,0.4990144137339773,0.023130957135176836,0.48431770473134156,0.513711122736613,0.5,0.5222329678670935,0.16818900249253282,0.8318109975074672,0.0,0.0,0.0,0.0,1.0,0.0,1.0,1.0,12
RIGHT,LEFT,False,0.2,strong,2.0,independent_rollout,8,semantic_group_deduplication,0.5061297341044079,0.016946885464916735,0.49536219678533555,0.5168972714234802,0.005205143626816298,0.026371502542745808,-0.011550509698207274,0.021960796951839872,0.3333333333333333,0.49236596391733095,0.020498924786929718,0.6461677418797369,0.16666666666666666,0.38924947208076155,-0.08065064870290334,0.41398398203623665,0.8333333333333334,0.3892494720807615,0.5860160179637635,1.0806506487029033,12
RIGHT,LEFT,False,0.2,strong,2.0,independent_rollout,8,single_trajectory_score_average,0.3338584838898803,0.0032051360015827694,0.3318220376307025,0.33589493014905814,-0.00011704730531648018,0.010127586687542,-0.006551808892393989,0.006317714281761029,0.0,0.0,0.0,0.0,1.0,0.0,1.0,1.0,0.0,0.0,0.0,0.0,12
RIGHT,LEFT,False,0.2,strong,2.0,independent_rollout,8,source_group_average,0.3338584838898803,0.0032051360015827694,0.3318220376307025,0.33589493014905814,-0.00011704730531648018,0.010127586687542,-0.006551808892393989,0.006317714281761029,0.0,0.0,0.0,0.0,1.0,0.0,1.0,1.0,0.0,0.0,0.0,0.0,12
RIGHT,LEFT,False,0.2,strong,2.0,independent_rollout,16,exact_deduplication,0.9999999991346904,1.9542335891016117e-10,0.9999999990105243,0.9999999992588565,0.4990754086570988,0.02313342220959766,0.48437713342089905,0.5137736838932986,0.5,0.5222329678670935,0.16818900249253282,0.8318109975074672,0.0,0.0,0.0,0.0,1.0,0.0,1.0,1.0,12
RIGHT,LEFT,False,0.2,strong,2.0,independent_rollout,16,explicit_belief_mixing,0.2670941148265542,0.0008322843431407965,0.26656530658368266,0.26762292306942576,0.0001063492289558136,0.00548391211249719,-0.0033779622953102337,0.0035906607532218606,0.0,0.0,0.0,0.0,1.0,0.0,1.0,1.0,0.0,0.0,0.0,0.0,12
RIGHT,LEFT,False,0.2,strong,2.0,independent_rollout,16,ordinary_flat_aggregation,0.9999999991346904,1.9542335891016117e-10,0.9999999990105243,0.9999999992588565,0.4990754086570988,0.02313342220959766,0.48437713342089905,0.5137736838932986,0.5,0.5222329678670935,0.16818900249253282,0.8318109975074672,0.0,0.0,0.0,0.0,1.0,0.0,1.0,1.0,12
RIGHT,LEFT,False,0.2,strong,2.0,independent_rollout,16,provenance_preserving,0.9999999991346904,1.9542335891016117e-10,0.9999999990105243,0.9999999992588565,0.4990754086570988,0.02313342220959766,0.48437713342089905,0.5137736838932986,0.5,0.5222329678670935,0.16818900249253282,0.8318109975074672,0.0,0.0,0.0,0.0,1.0,0.0,1.0,1.0,12
RIGHT,LEFT,False,0.2,strong,2.0,independent_rollout,16,semantic_group_deduplication,0.5027731568721785,0.01945838225873585,0.49040989062048546,0.5151364231238715,0.0018485663945868546,0.0346783915916818,-0.02018503242814949,0.0238821652173232,0.75,0.45226701686664544,0.46264324690347836,1.0373567530965215,0.4166666666666667,0.5149286505444373,0.08949661097265937,0.743836722360674,0.5833333333333334,0.5149286505444373,0.25616327763932606,0.9105033890273406,12
RIGHT,LEFT,False,0.2,strong,2.0,independent_rollout,16,single_trajectory_score_average,0.3341882296531084,0.0016645686862815918,0.3331306131673653,0.3352458461388515,0.00021269845791161793,0.01096782422499439,-0.006755924590620482,0.007181321506443719,0.0,0.0,0.0,0.0,1.0,0.0,1.0,1.0,0.0,0.0,0.0,0.0,12
RIGHT,LEFT,False,0.2,strong,2.0,independent_rollout,16,source_group_average,0.3341882296531084,0.0016645686862815918,0.3331306131673653,0.3352458461388515,0.00021269845791161793,0.01096782422499439,-0.006755924590620482,0.007181321506443719,0.0,0.0,0.0,0.0,1.0,0.0,1.0,1.0,0.0,0.0,0.0,0.0,12
RIGHT,LEFT,False,0.2,strong,2.0,pure_duplication,1,exact_deduplication,0.33209419785357264,0.01691201475800064,0.3213488163246506,0.34283957938249465,0.0,0.0,0.0,0.0,0.0,0.0,0.0,0.0,1.0,0.0,1.0,1.0,0.0,0.0,0.0,0.0,12
RIGHT,LEFT,False,0.2,strong,2.0,pure_duplication,1,explicit_belief_mixing,0.26698776559759846,0.005106995102591786,0.2637429357160656,0.2702325954791313,0.0,0.0,0.0,0.0,0.0,0.0,0.0,0.0,1.0,0.0,1.0,1.0,0.0,0.0,0.0,0.0,12
RIGHT,LEFT,False,0.2,strong,2.0,pure_duplication,1,ordinary_flat_aggregation,0.5009245904775915,0.023133422145559166,0.4862263152820799,0.5156228656731031,0.0,0.0,0.0,0.0,0.0,0.0,0.0,0.0,0.5,0.5222329678670935,0.16818900249253282,0.8318109975074672,0.5,0.5222329678670935,0.16818900249253282,0.8318109975074672,12
RIGHT,LEFT,False,0.2,strong,2.0,pure_duplication,1,provenance_preserving,0.5009245904775915,0.023133422145559166,0.4862263152820799,0.5156228656731031,0.0,0.0,0.0,0.0,0.0,0.0,0.0,0.0,0.5,0.5222329678670935,0.16818900249253282,0.8318109975074672,0.5,0.5222329678670935,0.16818900249253282,0.8318109975074672,12
RIGHT,LEFT,False,0.2,strong,2.0,pure_duplication,1,semantic_group_deduplication,0.33209419785357264,0.01691201475800064,0.3213488163246506,0.34283957938249465,0.0,0.0,0.0,0.0,0.0,0.0,0.0,0.0,1.0,0.0,1.0,1.0,0.0,0.0,0.0,0.0,12
RIGHT,LEFT,False,0.2,strong,2.0,pure_duplication,1,single_trajectory_score_average,0.33397553119519685,0.01021399020518359,0.32748587143213115,0.34046519095826255,0.0,0.0,0.0,0.0,0.0,0.0,0.0,0.0,1.0,0.0,1.0,1.0,0.0,0.0,0.0,0.0,12
RIGHT,LEFT,False,0.2,strong,2.0,pure_duplication,1,source_group_average,0.33397553119519685,0.01021399020518359,0.32748587143213115,0.34046519095826255,0.0,0.0,0.0,0.0,0.0,0.0,0.0,0.0,1.0,0.0,1.0,1.0,0.0,0.0,0.0,0.0,12
RIGHT,LEFT,False,0.2,strong,2.0,pure_duplication,2,exact_deduplication,0.3431589578070249,0.016024866989461397,0.3329772430784157,0.35334067253563406,0.01106475995345225,0.021819770689767964,-0.0027988609273318765,0.024928380834236374,0.0,0.0,0.0,0.0,1.0,0.0,1.0,1.0,0.0,0.0,0.0,0.0,12
RIGHT,LEFT,False,0.2,strong,2.0,pure_duplication,2,explicit_belief_mixing,0.26698776559759835,0.005106995102591782,0.2637429357160655,0.2702325954791312,-4.625929269271485e-18,1.6024689053196365e-17,-1.4807530942571585e-17,5.5556724040286136e-18,0.0,0.0,0.0,0.0,1.0,0.0,1.0,1.0,0.0,0.0,0.0,0.0,12
RIGHT,LEFT,False,0.2,strong,2.0,pure_duplication,2,ordinary_flat_aggregation,0.7996650496815455,0.03072616209982374,0.7801425776753099,0.8191875216877811,0.29874045920395365,0.007784869239099439,0.2937941892695971,0.3036867291383102,0.5,0.5222329678670935,0.16818900249253282,0.8318109975074672,0.0,0.0,0.0,0.0,1.0,0.0,1.0,1.0,12
RIGHT,LEFT,False,0.2,strong,2.0,pure_duplication,2,provenance_preserving,0.5009245904775915,0.023133422145559166,0.4862263152820799,0.5156228656731031,0.0,0.0,0.0,0.0,0.0,0.0,0.0,0.0,0.5,0.5222329678670935,0.16818900249253282,0.8318109975074672,0.5,0.5222329678670935,0.16818900249253282,0.8318109975074672,12
RIGHT,LEFT,False,0.2,strong,2.0,pure_duplication,2,semantic_group_deduplication,0.3431589578070249,0.016024866989461397,0.3329772430784157,0.35334067253563406,0.01106475995345225,0.021819770689767964,-0.0027988609273318765,0.024928380834236374,0.0,0.0,0.0,0.0,1.0,0.0,1.0,1.0,0.0,0.0,0.0,0.0,12
RIGHT,LEFT,False,0.2,strong,2.0,pure_duplication,2,single_trajectory_score_average,0.3339755311951968,0.010213990205183583,0.3274858714321311,0.3404651909582625,0.0,2.367003441645759e-17,-1.503922236629014e-17,1.503922236629014e-17,0.0,0.0,0.0,0.0,1.0,0.0,1.0,1.0,0.0,0.0,0.0,0.0,12
RIGHT,LEFT,False,0.2,strong,2.0,pure_duplication,2,source_group_average,0.33397553119519685,0.01021399020518359,0.32748587143213115,0.34046519095826255,0.0,0.0,0.0,0.0,0.0,0.0,0.0,0.0,1.0,0.0,1.0,1.0,0.0,0.0,0.0,0.0,12
RIGHT,LEFT,False,0.2,strong,2.0,pure_duplication,4,exact_deduplication,0.3292441201466338,0.01580460881461819,0.31920235078570675,0.33928588950756083,-0.0028500777069388147,0.007088620834155813,-0.007353972509941851,0.0016538170960642222,0.0,0.0,0.0,0.0,1.0,0.0,1.0,1.0,0.0,0.0,0.0,0.0,12
RIGHT,LEFT,False,0.2,strong,2.0,pure_duplication,4,explicit_belief_mixing,0.26698776559759846,0.005106995102591786,0.2637429357160656,0.2702325954791313,0.0,0.0,0.0,0.0,0.0,0.0,0.0,0.0,1.0,0.0,1.0,1.0,0.0,0.0,0.0,0.0,12
RIGHT,LEFT,False,0.2,strong,2.0,pure_duplication,4,ordinary_flat_aggregation,0.9838244751431975,0.006742657485283158,0.9795403949649956,0.9881085553213994,0.48289988466560585,0.01660741766228947,0.47234803489814764,0.49345173443306406,0.5,0.5222329678670935,0.16818900249253282,0.8318109975074672,0.0,0.0,0.0,0.0,1.0,0.0,1.0,1.0,12
RIGHT,LEFT,False,0.2,strong,2.0,pure_duplication,4,provenance_preserving,0.5009245904775915,0.023133422145559166,0.4862263152820799,0.5156228656731031,0.0,0.0,0.0,0.0,0.0,0.0,0.0,0.0,0.5,0.5222329678670935,0.16818900249253282,0.8318109975074672,0.5,0.5222329678670935,0.16818900249253282,0.8318109975074672,12
RIGHT,LEFT,False,0.2,strong,2.0,pure_duplication,4,semantic_group_deduplication,0.3292441201466338,0.01580460881461819,0.31920235078570675,0.33928588950756083,-0.0028500777069388147,0.007088620834155813,-0.007353972509941851,0.0016538170960642222,0.0,0.0,0.0,0.0,1.0,0.0,1.0,1.0,0.0,0.0,0.0,0.0,12
RIGHT,LEFT,False,0.2,strong,2.0,pure_duplication,4,single_trajectory_score_average,0.33397553119519685,0.01021399020518359,0.32748587143213115,0.34046519095826255,0.0,0.0,0.0,0.0,0.0,0.0,0.0,0.0,1.0,0.0,1.0,1.0,0.0,0.0,0.0,0.0,12
RIGHT,LEFT,False,0.2,strong,2.0,pure_duplication,4,source_group_average,0.33397553119519685,0.01021399020518359,0.32748587143213115,0.34046519095826255,0.0,0.0,0.0,0.0,0.0,0.0,0.0,0.0,1.0,0.0,1.0,1.0,0.0,0.0,0.0,0.0,12
RIGHT,LEFT,False,0.2,strong,2.0,pure_duplication,8,exact_deduplication,0.33510879203790256,0.021877524451577063,0.3212084761675356,0.3490091079082695,0.003014594184329908,0.025442114095193324,-0.013150553893363535,0.01917974226202335,0.0,0.0,0.0,0.0,1.0,0.0,1.0,1.0,0.0,0.0,0.0,0.0,12
RIGHT,LEFT,False,0.2,strong,2.0,pure_duplication,8,explicit_belief_mixing,0.26698776559759846,0.005106995102591786,0.2637429357160656,0.2702325954791313,0.0,0.0,0.0,0.0,0.0,0.0,0.0,0.0,1.0,0.0,1.0,1.0,0.0,0.0,0.0,0.0,12
RIGHT,LEFT,False,0.2,strong,2.0,pure_duplication,8,ordinary_flat_aggregation,0.9999207155805344,7.806016940441536e-05,0.9998711185151069,0.9999703126459619,0.49899612510294283,0.02306208327586034,0.48434317646276626,0.5136490737431194,0.5,0.5222329678670935,0.16818900249253282,0.8318109975074672,0.0,0.0,0.0,0.0,1.0,0.0,1.0,1.0,12
RIGHT,LEFT,False,0.2,strong,2.0,pure_duplication,8,provenance_preserving,0.5009245904775915,0.023133422145559166,0.4862263152820799,0.5156228656731031,0.0,0.0,0.0,0.0,0.0,0.0,0.0,0.0,0.5,0.5222329678670935,0.16818900249253282,0.8318109975074672,0.5,0.5222329678670935,0.16818900249253282,0.8318109975074672,12
RIGHT,LEFT,False,0.2,strong,2.0,pure_duplication,8,semantic_group_deduplication,0.33510879203790256,0.021877524451577063,0.3212084761675356,0.3490091079082695,0.003014594184329908,0.025442114095193324,-0.013150553893363535,0.01917974226202335,0.0,0.0,0.0,0.0,1.0,0.0,1.0,1.0,0.0,0.0,0.0,0.0,12
RIGHT,LEFT,False,0.2,strong,2.0,pure_duplication,8,single_trajectory_score_average,0.33397553119519685,0.01021399020518359,0.32748587143213115,0.34046519095826255,0.0,0.0,0.0,0.0,0.0,0.0,0.0,0.0,1.0,0.0,1.0,1.0,0.0,0.0,0.0,0.0,12
RIGHT,LEFT,False,0.2,strong,2.0,pure_duplication,8,source_group_average,0.33397553119519685,0.01021399020518359,0.32748587143213115,0.34046519095826255,0.0,0.0,0.0,0.0,0.0,0.0,0.0,0.0,1.0,0.0,1.0,1.0,0.0,0.0,0.0,0.0,12
RIGHT,LEFT,False,0.2,strong,2.0,pure_duplication,16,exact_deduplication,0.32819585959450387,0.021273461786773952,0.314679346830601,0.34171237235840674,-0.003898338259068735,0.023268683873344662,-0.018682554656271232,0.010885878138133761,0.0,0.0,0.0,0.0,1.0,0.0,1.0,1.0,0.0,0.0,0.0,0.0,12
RIGHT,LEFT,False,0.2,strong,2.0,pure_duplication,16,explicit_belief_mixing,0.26698776559759846,0.005106995102591785,0.2637429357160656,0.2702325954791313,4.625929269271485e-18,1.6024689053196365e-17,-5.5556724040286136e-18,1.4807530942571585e-17,0.0,0.0,0.0,0.0,1.0,0.0,1.0,1.0,0.0,0.0,0.0,0.0,12
RIGHT,LEFT,False,0.2,strong,2.0,pure_duplication,16,ordinary_flat_aggregation,0.9999999970307057,6.597193566022772e-09,0.999999992839049,1.0000000012223627,0.4990754065531144,0.02313341690138587,0.48437713468959154,0.5137736784166372,0.5,0.5222329678670935,0.16818900249253282,0.8318109975074672,0.0,0.0,0.0,0.0,1.0,0.0,1.0,1.0,12
RIGHT,LEFT,False,0.2,strong,2.0,pure_duplication,16,provenance_preserving,0.5009245904775915,0.023133422145559166,0.4862263152820799,0.5156228656731031,0.0,0.0,0.0,0.0,0.0,0.0,0.0,0.0,0.5,0.5222329678670935,0.16818900249253282,0.8318109975074672,0.5,0.5222329678670935,0.16818900249253282,0.8318109975074672,12
RIGHT,LEFT,False,0.2,strong,2.0,pure_duplication,16,semantic_group_deduplication,0.32819585959450387,0.021273461786773952,0.314679346830601,0.34171237235840674,-0.003898338259068735,0.023268683873344662,-0.018682554656271232,0.010885878138133761,0.0,0.0,0.0,0.0,1.0,0.0,1.0,1.0,0.0,0.0,0.0,0.0,12
RIGHT,LEFT,False,0.2,strong,2.0,pure_duplication,16,single_trajectory_score_average,0.33397553119519685,0.010213990205183593,0.32748587143213115,0.34046519095826255,9.25185853854297e-18,2.1607686311362426e-17,-4.477010357045915e-18,2.2980727434131856e-17,0.0,0.0,0.0,0.0,1.0,0.0,1.0,1.0,0.0,0.0,0.0,0.0,12
RIGHT,LEFT,False,0.2,strong,2.0,pure_duplication,16,source_group_average,0.33397553119519685,0.01021399020518359,0.32748587143213115,0.34046519095826255,0.0,0.0,0.0,0.0,0.0,0.0,0.0,0.0,1.0,0.0,1.0,1.0,0.0,0.0,0.0,0.0,12
RIGHT,LEFT,False,0.2,weak,1.2,independent_rollout,1,exact_deduplication,0.2718721142653239,0.021252136217099128,0.2583691511219575,0.28537507740869034,0.0,0.0,0.0,0.0,0.0,0.0,0.0,0.0,1.0,0.0,1.0,1.0,0.0,0.0,0.0,0.0,12
RIGHT,LEFT,False,0.2,weak,1.2,independent_rollout,1,explicit_belief_mixing,0.21709605347747196,0.0048091532796261174,0.2140404632618708,0.22015164369307313,0.0,0.0,0.0,0.0,0.0,0.0,0.0,0.0,1.0,0.0,1.0,1.0,0.0,0.0,0.0,0.0,12
RIGHT,LEFT,False,0.2,weak,1.2,independent_rollout,1,ordinary_flat_aggregation,0.2718721142653239,0.021252136217099128,0.2583691511219575,0.28537507740869034,0.0,0.0,0.0,0.0,0.0,0.0,0.0,0.0,1.0,0.0,1.0,1.0,0.0,0.0,0.0,0.0,12
RIGHT,LEFT,False,0.2,weak,1.2,independent_rollout,1,provenance_preserving,0.2718721142653239,0.021252136217099128,0.2583691511219575,0.28537507740869034,0.0,0.0,0.0,0.0,0.0,0.0,0.0,0.0,1.0,0.0,1.0,1.0,0.0,0.0,0.0,0.0,12
RIGHT,LEFT,False,0.2,weak,1.2,independent_rollout,1,semantic_group_deduplication,0.2718721142653239,0.021252136217099128,0.2583691511219575,0.28537507740869034,0.0,0.0,0.0,0.0,0.0,0.0,0.0,0.0,1.0,0.0,1.0,1.0,0.0,0.0,0.0,0.0,12
RIGHT,LEFT,False,0.2,weak,1.2,independent_rollout,1,single_trajectory_score_average,0.23419210695494388,0.00961830655925223,0.22808092652374157,0.2403032873861462,0.0,0.0,0.0,0.0,0.0,0.0,0.0,0.0,1.0,0.0,1.0,1.0,0.0,0.0,0.0,0.0,12
RIGHT,LEFT,False,0.2,weak,1.2,independent_rollout,1,source_group_average,0.23419210695494388,0.00961830655925223,0.22808092652374157,0.2403032873861462,0.0,0.0,0.0,0.0,0.0,0.0,0.0,0.0,1.0,0.0,1.0,1.0,0.0,0.0,0.0,0.0,12
RIGHT,LEFT,False,0.2,weak,1.2,independent_rollout,2,exact_deduplication,0.3433314223120532,0.03322044871504649,0.3222241561989906,0.36443868842511584,0.07145930804672933,0.02842725806136447,0.05339748998061278,0.08952112611284588,0.0,0.0,0.0,0.0,1.0,0.0,1.0,1.0,0.0,0.0,0.0,0.0,12
RIGHT,LEFT,False,0.2,weak,1.2,independent_rollout,2,explicit_belief_mixing,0.21567923889455246,0.003329167048855473,0.21356398706764967,0.21779449072145524,-0.0014168145829194696,0.004027976308152676,-0.00397606863040566,0.0011424394645667207,0.0,0.0,0.0,0.0,1.0,0.0,1.0,1.0,0.0,0.0,0.0,0.0,12
RIGHT,LEFT,False,0.2,weak,1.2,independent_rollout,2,ordinary_flat_aggregation,0.3433314223120532,0.03322044871504649,0.3222241561989906,0.36443868842511584,0.07145930804672933,0.02842725806136447,0.05339748998061278,0.08952112611284588,0.0,0.0,0.0,0.0,1.0,0.0,1.0,1.0,0.0,0.0,0.0,0.0,12
RIGHT,LEFT,False,0.2,weak,1.2,independent_rollout,2,provenance_preserving,0.3433314223120532,0.03322044871504649,0.3222241561989906,0.36443868842511584,0.07145930804672933,0.02842725806136447,0.05339748998061278,0.08952112611284588,0.0,0.0,0.0,0.0,1.0,0.0,1.0,1.0,0.0,0.0,0.0,0.0,12
RIGHT,LEFT,False,0.2,weak,1.2,independent_rollout,2,semantic_group_deduplication,0.2563833395122456,0.017858840144647323,0.24503637383345317,0.2677303051910381,-0.015488774753078327,0.027831826237919965,-0.03317227348770623,0.002194723981549575,0.0,0.0,0.0,0.0,1.0,0.0,1.0,1.0,0.0,0.0,0.0,0.0,12
RIGHT,LEFT,False,0.2,weak,1.2,independent_rollout,2,single_trajectory_score_average,0.2313584777891049,0.006658334097710942,0.22712797413529937,0.23558898144291043,-0.002833629165838939,0.008055952616305347,-0.007952137260811317,0.002284878929133438,0.0,0.0,0.0,0.0,1.0,0.0,1.0,1.0,0.0,0.0,0.0,0.0,12
RIGHT,LEFT,False,0.2,weak,1.2,independent_rollout,2,source_group_average,0.2313584777891049,0.006658334097710942,0.22712797413529937,0.23558898144291043,-0.002833629165838939,0.008055952616305347,-0.007952137260811317,0.002284878929133438,0.0,0.0,0.0,0.0,1.0,0.0,1.0,1.0,0.0,0.0,0.0,0.0,12
RIGHT,LEFT,False,0.2,weak,1.2,independent_rollout,4,exact_deduplication,0.5238799521535161,0.04398725024782077,0.49593178671702365,0.5518281175900086,0.2520078378881921,0.03545491536449417,0.22948085939871915,0.274534816377665,0.75,0.45226701686664544,0.46264324690347836,1.0373567530965215,0.25,0.45226701686664544,-0.037356753096521644,0.5373567530965216,0.75,0.45226701686664544,0.46264324690347836,1.0373567530965215,12
RIGHT,LEFT,False,0.2,weak,1.2,independent_rollout,4,explicit_belief_mixing,0.21578705646845062,0.0019635257301503727,0.2145394917392193,0.21703462119768194,-0.0013089970090213593,0.0038940058020762113,-0.0037831302579502185,0.0011651362399075,0.0,0.0,0.0,0.0,1.0,0.0,1.0,1.0,0.0,0.0,0.0,0.0,12
RIGHT,LEFT,False,0.2,weak,1.2,independent_rollout,4,ordinary_flat_aggregation,0.5238799521535161,0.04398725024782077,0.49593178671702365,0.5518281175900086,0.2520078378881921,0.03545491536449417,0.22948085939871915,0.274534816377665,0.75,0.45226701686664544,0.46264324690347836,1.0373567530965215,0.25,0.45226701686664544,-0.037356753096521644,0.5373567530965216,0.75,0.45226701686664544,0.46264324690347836,1.0373567530965215,12
RIGHT,LEFT,False,0.2,weak,1.2,independent_rollout,4,provenance_preserving,0.5238799521535161,0.04398725024782077,0.49593178671702365,0.5518281175900086,0.2520078378881921,0.03545491536449417,0.22948085939871915,0.274534816377665,0.75,0.45226701686664544,0.46264324690347836,1.0373567530965215,0.25,0.45226701686664544,-0.037356753096521644,0.5373567530965216,0.75,0.45226701686664544,0.46264324690347836,1.0373567530965215,12
RIGHT,LEFT,False,0.2,weak,1.2,independent_rollout,4,semantic_group_deduplication,0.26833583401289207,0.01755780440241443,0.2571801373195175,0.27949153070626664,-0.003536280252431856,0.02413144434185433,-0.018868668498752576,0.011796107993888864,0.0,0.0,0.0,0.0,1.0,0.0,1.0,1.0,0.0,0.0,0.0,0.0,12
RIGHT,LEFT,False,0.2,weak,1.2,independent_rollout,4,single_trajectory_score_average,0.23157411293690114,0.003927051460300745,0.22907898347843852,0.23406924239536375,-0.0026179940180427234,0.007788011604152411,-0.0075662605159004335,0.002330272479814987,0.0,0.0,0.0,0.0,1.0,0.0,1.0,1.0,0.0,0.0,0.0,0.0,12
RIGHT,LEFT,False,0.2,weak,1.2,independent_rollout,4,source_group_average,0.23157411293690114,0.003927051460300745,0.22907898347843852,0.23406924239536375,-0.0026179940180427234,0.007788011604152411,-0.0075662605159004335,0.002330272479814987,0.0,0.0,0.0,0.0,1.0,0.0,1.0,1.0,0.0,0.0,0.0,0.0,12
RIGHT,LEFT,False,0.2,weak,1.2,independent_rollout,8,exact_deduplication,0.8224059409198642,0.04628518521339555,0.7929977372627883,0.85181414457694,0.5505338266545403,0.04248195822376105,0.523542078140716,0.5775255751683647,1.0,0.0,1.0,1.0,0.0,0.0,0.0,0.0,1.0,0.0,1.0,1.0,12
RIGHT,LEFT,False,0.2,weak,1.2,independent_rollout,8,explicit_belief_mixing,0.21568282125054883,0.001752728014223365,0.21456919100017607,0.21679645150092158,-0.0014132322269231358,0.004434131060075063,-0.004230544692146106,0.0014040802382998343,0.0,0.0,0.0,0.0,1.0,0.0,1.0,1.0,0.0,0.0,0.0,0.0,12
RIGHT,LEFT,False,0.2,weak,1.2,independent_rollout,8,ordinary_flat_aggregation,0.8224059409198642,0.04628518521339555,0.7929977372627883,0.85181414457694,0.5505338266545403,0.04248195822376105,0.523542078140716,0.5775255751683647,1.0,0.0,1.0,1.0,0.0,0.0,0.0,0.0,1.0,0.0,1.0,1.0,12
RIGHT,LEFT,False,0.2,weak,1.2,independent_rollout,8,provenance_preserving,0.8224059409198642,0.04628518521339555,0.7929977372627883,0.85181414457694,0.5505338266545403,0.04248195822376105,0.523542078140716,0.5775255751683647,1.0,0.0,1.0,1.0,0.0,0.0,0.0,0.0,1.0,0.0,1.0,1.0,12
RIGHT,LEFT,False,0.2,weak,1.2,independent_rollout,8,semantic_group_deduplication,0.26356031820915904,0.015890106543220185,0.2534642261831427,0.2736564102351754,-0.008311796056164888,0.020809394231676742,-0.021533454362685354,0.004909862250355579,0.0,0.0,0.0,0.0,1.0,0.0,1.0,1.0,0.0,0.0,0.0,0.0,12
RIGHT,LEFT,False,0.2,weak,1.2,independent_rollout,8,single_trajectory_score_average,0.23136564250109762,0.0035054560284467256,0.2291383820003521,0.23359290300184313,-0.002826464453846269,0.00886826212015012,-0.008461089384292207,0.0028081604765996687,0.0,0.0,0.0,0.0,1.0,0.0,1.0,1.0,0.0,0.0,0.0,0.0,12
RIGHT,LEFT,False,0.2,weak,1.2,independent_rollout,8,source_group_average,0.23136564250109762,0.0035054560284467256,0.2291383820003521,0.23359290300184313,-0.002826464453846269,0.00886826212015012,-0.008461089384292207,0.0028081604765996687,0.0,0.0,0.0,0.0,1.0,0.0,1.0,1.0,0.0,0.0,0.0,0.0,12
RIGHT,LEFT,False,0.2,weak,1.2,independent_rollout,16,exact_deduplication,0.9878165226396863,0.005479817063318591,0.9843348129855365,0.9912982322938362,0.7159444083743624,0.020383516888155713,0.702993339622436,0.7288954771262887,1.0,0.0,1.0,1.0,0.0,0.0,0.0,0.0,1.0,0.0,1.0,1.0,12
RIGHT,LEFT,False,0.2,weak,1.2,independent_rollout,16,explicit_belief_mixing,0.21563760877902402,0.0013511954074739525,0.2147791001754547,0.21649611738259333,-0.0014584446984479717,0.004640471093422765,-0.004406859366142865,0.001489969969246922,0.0,0.0,0.0,0.0,1.0,0.0,1.0,1.0,0.0,0.0,0.0,0.0,12
RIGHT,LEFT,False,0.2,weak,1.2,independent_rollout,16,ordinary_flat_aggregation,0.9878165226396863,0.005479817063318591,0.9843348129855365,0.9912982322938362,0.7159444083743624,0.020383516888155713,0.702993339622436,0.7288954771262887,1.0,0.0,1.0,1.0,0.0,0.0,0.0,0.0,1.0,0.0,1.0,1.0,12
RIGHT,LEFT,False,0.2,weak,1.2,independent_rollout,16,provenance_preserving,0.9878165226396863,0.005479817063318591,0.9843348129855365,0.9912982322938362,0.7159444083743624,0.020383516888155713,0.702993339622436,0.7288954771262887,1.0,0.0,1.0,1.0,0.0,0.0,0.0,0.0,1.0,0.0,1.0,1.0,12
RIGHT,LEFT,False,0.2,weak,1.2,independent_rollout,16,semantic_group_deduplication,0.26355494036963445,0.012706946885613087,0.2554813314999954,0.2716285492392735,-0.008317173895689487,0.021917775414525224,-0.02224306400779956,0.005608716216420584,0.0,0.0,0.0,0.0,1.0,0.0,1.0,1.0,0.0,0.0,0.0,0.0,12
RIGHT,LEFT,False,0.2,weak,1.2,independent_rollout,16,single_trajectory_score_average,0.23127521755804795,0.0027023908149479106,0.2295582003509093,0.2329922347651866,-0.0029168893968959386,0.009280942186845527,-0.008813718732285723,0.002979939938493847,0.0,0.0,0.0,0.0,1.0,0.0,1.0,1.0,0.0,0.0,0.0,0.0,12
RIGHT,LEFT,False,0.2,weak,1.2,independent_rollout,16,source_group_average,0.23127521755804795,0.0027023908149479106,0.2295582003509093,0.2329922347651866,-0.0029168893968959386,0.009280942186845527,-0.008813718732285723,0.002979939938493847,0.0,0.0,0.0,0.0,1.0,0.0,1.0,1.0,0.0,0.0,0.0,0.0,12
RIGHT,LEFT,False,0.2,weak,1.2,pure_duplication,1,exact_deduplication,0.22832241180714993,0.017903731509881695,0.2169469235156647,0.23969790009863517,0.0,0.0,0.0,0.0,0.0,0.0,0.0,0.0,1.0,0.0,1.0,1.0,0.0,0.0,0.0,0.0,12
RIGHT,LEFT,False,0.2,weak,1.2,pure_duplication,1,explicit_belief_mixing,0.21709605347747196,0.0048091532796261174,0.2140404632618708,0.22015164369307313,0.0,0.0,0.0,0.0,0.0,0.0,0.0,0.0,1.0,0.0,1.0,1.0,0.0,0.0,0.0,0.0,12
RIGHT,LEFT,False,0.2,weak,1.2,pure_duplication,1,ordinary_flat_aggregation,0.2718721142653239,0.021252136217099128,0.2583691511219575,0.28537507740869034,0.0,0.0,0.0,0.0,0.0,0.0,0.0,0.0,1.0,0.0,1.0,1.0,0.0,0.0,0.0,0.0,12
RIGHT,LEFT,False,0.2,weak,1.2,pure_duplication,1,provenance_preserving,0.2718721142653239,0.021252136217099128,0.2583691511219575,0.28537507740869034,0.0,0.0,0.0,0.0,0.0,0.0,0.0,0.0,1.0,0.0,1.0,1.0,0.0,0.0,0.0,0.0,12
RIGHT,LEFT,False,0.2,weak,1.2,pure_duplication,1,semantic_group_deduplication,0.22832241180714993,0.017903731509881695,0.2169469235156647,0.23969790009863517,0.0,0.0,0.0,0.0,0.0,0.0,0.0,0.0,1.0,0.0,1.0,1.0,0.0,0.0,0.0,0.0,12
RIGHT,LEFT,False,0.2,weak,1.2,pure_duplication,1,single_trajectory_score_average,0.23419210695494388,0.00961830655925223,0.22808092652374157,0.2403032873861462,0.0,0.0,0.0,0.0,0.0,0.0,0.0,0.0,1.0,0.0,1.0,1.0,0.0,0.0,0.0,0.0,12
RIGHT,LEFT,False,0.2,weak,1.2,pure_duplication,1,source_group_average,0.23419210695494388,0.00961830655925223,0.22808092652374157,0.2403032873861462,0.0,0.0,0.0,0.0,0.0,0.0,0.0,0.0,1.0,0.0,1.0,1.0,0.0,0.0,0.0,0.0,12
RIGHT,LEFT,False,0.2,weak,1.2,pure_duplication,2,exact_deduplication,0.23342641236533893,0.014879136441094239,0.22397266009701094,0.2428801646336669,0.0051040005581889855,0.014180291928567288,-0.0039057270907220058,0.014113728207099977,0.0,0.0,0.0,0.0,1.0,0.0,1.0,1.0,0.0,0.0,0.0,0.0,12
RIGHT,LEFT,False,0.2,weak,1.2,pure_duplication,2,explicit_belief_mixing,0.21709605347747196,0.0048091532796261174,0.2140404632618708,0.22015164369307313,0.0,0.0,0.0,0.0,0.0,0.0,0.0,0.0,1.0,0.0,1.0,1.0,0.0,0.0,0.0,0.0,12
RIGHT,LEFT,False,0.2,weak,1.2,pure_duplication,2,ordinary_flat_aggregation,0.3582633967116487,0.04902470713806199,0.32711458386586206,0.38941220955743533,0.08639128244632484,0.02777427582175695,0.06874434950162017,0.1040382153910295,0.0,0.0,0.0,0.0,1.0,0.0,1.0,1.0,0.0,0.0,0.0,0.0,12
RIGHT,LEFT,False,0.2,weak,1.2,pure_duplication,2,provenance_preserving,0.2718721142653239,0.021252136217099128,0.2583691511219575,0.28537507740869034,0.0,0.0,0.0,0.0,0.0,0.0,0.0,0.0,1.0,0.0,1.0,1.0,0.0,0.0,0.0,0.0,12
RIGHT,LEFT,False,0.2,weak,1.2,pure_duplication,2,semantic_group_deduplication,0.23342641236533893,0.014879136441094239,0.22397266009701094,0.2428801646336669,0.0051040005581889855,0.014180291928567288,-0.0039057270907220058,0.014113728207099977,0.0,0.0,0.0,0.0,1.0,0.0,1.0,1.0,0.0,0.0,0.0,0.0,12
RIGHT,LEFT,False,0.2,weak,1.2,pure_duplication,2,single_trajectory_score_average,0.23419210695494388,0.00961830655925223,0.22808092652374157,0.2403032873861462,-2.3129646346357427e-18,8.012344526598183e-18,-7.403765471285793e-18,2.7778362020143068e-18,0.0,0.0,0.0,0.0,1.0,0.0,1.0,1.0,0.0,0.0,0.0,0.0,12
RIGHT,LEFT,False,0.2,weak,1.2,pure_duplication,2,source_group_average,0.23419210695494388,0.00961830655925223,0.22808092652374157,0.2403032873861462,0.0,0.0,0.0,0.0,0.0,0.0,0.0,0.0,1.0,0.0,1.0,1.0,0.0,0.0,0.0,0.0,12
RIGHT,LEFT,False,0.2,weak,1.2,pure_duplication,4,exact_deduplication,0.23049533592309715,0.016063628815765982,0.22028899310502847,0.24070167874116583,0.0021729241159472376,0.0208682867319689,-0.011086152700069976,0.015432000931964451,0.0,0.0,0.0,0.0,1.0,0.0,1.0,1.0,0.0,0.0,0.0,0.0,12
RIGHT,LEFT,False,0.2,weak,1.2,pure_duplication,4,explicit_belief_mixing,0.21709605347747196,0.0048091532796261174,0.2140404632618708,0.22015164369307313,0.0,0.0,0.0,0.0,0.0,0.0,0.0,0.0,1.0,0.0,1.0,1.0,0.0,0.0,0.0,0.0,12
RIGHT,LEFT,False,0.2,weak,1.2,pure_duplication,4,ordinary_flat_aggregation,0.5498825716185136,0.10181725110594825,0.48519097661846206,0.6145741666185651,0.2780104573531897,0.08061111059839467,0.22679260121691205,0.32922831348946735,0.75,0.45226701686664544,0.46264324690347836,1.0373567530965215,0.25,0.45226701686664544,-0.037356753096521644,0.5373567530965216,0.75,0.45226701686664544,0.46264324690347836,1.0373567530965215,12
RIGHT,LEFT,False,0.2,weak,1.2,pure_duplication,4,provenance_preserving,0.2718721142653239,0.021252136217099128,0.2583691511219575,0.28537507740869034,0.0,0.0,0.0,0.0,0.0,0.0,0.0,0.0,1.0,0.0,1.0,1.0,0.0,0.0,0.0,0.0,12
RIGHT,LEFT,False,0.2,weak,1.2,pure_duplication,4,semantic_group_deduplication,0.23049533592309715,0.016063628815765982,0.22028899310502847,0.24070167874116583,0.0021729241159472376,0.0208682867319689,-0.011086152700069976,0.015432000931964451,0.0,0.0,0.0,0.0,1.0,0.0,1.0,1.0,0.0,0.0,0.0,0.0,12
RIGHT,LEFT,False,0.2,weak,1.2,pure_duplication,4,single_trajectory_score_average,0.23419210695494388,0.00961830655925223,0.22808092652374157,0.2403032873861462,0.0,0.0,0.0,0.0,0.0,0.0,0.0,0.0,1.0,0.0,1.0,1.0,0.0,0.0,0.0,0.0,12
RIGHT,LEFT,False,0.2,weak,1.2,pure_duplication,4,source_group_average,0.23419210695494388,0.00961830655925223,0.22808092652374157,0.2403032873861462,0.0,0.0,0.0,0.0,0.0,0.0,0.0,0.0,1.0,0.0,1.0,1.0,0.0,0.0,0.0,0.0,12
RIGHT,LEFT,False,0.2,weak,1.2,pure_duplication,8,exact_deduplication,0.23277834870847472,0.014262014050259217,0.22371669730065633,0.2418400001162931,0.004455936901324789,0.021452230385412163,-0.009174160011199386,0.018086033813848962,0.0,0.0,0.0,0.0,1.0,0.0,1.0,1.0,0.0,0.0,0.0,0.0,12
RIGHT,LEFT,False,0.2,weak,1.2,pure_duplication,8,explicit_belief_mixing,0.21709605347747196,0.004809153279626117,0.2140404632618708,0.22015164369307313,-2.3129646346357427e-18,8.012344526598183e-18,-7.403765471285793e-18,2.7778362020143068e-18,0.0,0.0,0.0,0.0,1.0,0.0,1.0,1.0,0.0,0.0,0.0,0.0,12
RIGHT,LEFT,False,0.2,weak,1.2,pure_duplication,8,ordinary_flat_aggregation,0.8320855644781852,0.11540612880178608,0.7587600085053549,0.9054111204510155,0.5602134502128611,0.09608490233067053,0.4991640158618279,0.6212628845638942,1.0,0.0,1.0,1.0,0.0,0.0,0.0,0.0,1.0,0.0,1.0,1.0,12
RIGHT,LEFT,False,0.2,weak,1.2,pure_duplication,8,provenance_preserving,0.2718721142653239,0.021252136217099128,0.2583691511219575,0.28537507740869034,0.0,0.0,0.0,0.0,0.0,0.0,0.0,0.0,1.0,0.0,1.0,1.0,0.0,0.0,0.0,0.0,12
RIGHT,LEFT,False,0.2,weak,1.2,pure_duplication,8,semantic_group_deduplication,0.23277834870847472,0.014262014050259217,0.22371669730065633,0.2418400001162931,0.004455936901324789,0.021452230385412163,-0.009174160011199386,0.018086033813848962,0.0,0.0,0.0,0.0,1.0,0.0,1.0,1.0,0.0,0.0,0.0,0.0,12
RIGHT,LEFT,False,0.2,weak,1.2,pure_duplication,8,single_trajectory_score_average,0.23419210695494388,0.009618306559252228,0.22808092652374157,0.2403032873861462,-2.3129646346357427e-18,8.012344526598183e-18,-7.403765471285793e-18,2.7778362020143068e-18,0.0,0.0,0.0,0.0,1.0,0.0,1.0,1.0,0.0,0.0,0.0,0.0,12
RIGHT,LEFT,False,0.2,weak,1.2,pure_duplication,8,source_group_average,0.23419210695494388,0.00961830655925223,0.22808092652374157,0.2403032873861462,0.0,0.0,0.0,0.0,0.0,0.0,0.0,0.0,1.0,0.0,1.0,1.0,0.0,0.0,0.0,0.0,12
RIGHT,LEFT,False,0.2,weak,1.2,pure_duplication,16,exact_deduplication,0.228453935896628,0.01544845884180365,0.21863845343257096,0.23826941836068502,0.00013152408947806013,0.010679504506024545,-0.006653909349360912,0.006916957528317033,0.0,0.0,0.0,0.0,1.0,0.0,1.0,1.0,0.0,0.0,0.0,0.0,12
RIGHT,LEFT,False,0.2,weak,1.2,pure_duplication,16,explicit_belief_mixing,0.21709605347747196,0.004809153279626117,0.2140404632618708,0.22015164369307313,-2.3129646346357427e-18,8.012344526598183e-18,-7.403765471285793e-18,2.7778362020143068e-18,0.0,0.0,0.0,0.0,1.0,0.0,1.0,1.0,0.0,0.0,0.0,0.0,12
RIGHT,LEFT,False,0.2,weak,1.2,pure_duplication,16,ordinary_flat_aggregation,0.9778239143168066,0.04654931237876322,0.9482478922652555,1.0073999363683577,0.7059518000514826,0.03513443925964664,0.6836284423645436,0.7282751577384217,1.0,0.0,1.0,1.0,0.0,0.0,0.0,0.0,1.0,0.0,1.0,1.0,12
RIGHT,LEFT,False,0.2,weak,1.2,pure_duplication,16,provenance_preserving,0.2718721142653239,0.021252136217099128,0.2583691511219575,0.28537507740869034,0.0,0.0,0.0,0.0,0.0,0.0,0.0,0.0,1.0,0.0,1.0,1.0,0.0,0.0,0.0,0.0,12
RIGHT,LEFT,False,0.2,weak,1.2,pure_duplication,16,semantic_group_deduplication,0.228453935896628,0.01544845884180365,0.21863845343257096,0.23826941836068502,0.00013152408947806013,0.010679504506024545,-0.006653909349360912,0.006916957528317033,0.0,0.0,0.0,0.0,1.0,0.0,1.0,1.0,0.0,0.0,0.0,0.0,12
RIGHT,LEFT,False,0.2,weak,1.2,pure_duplication,16,single_trajectory_score_average,0.23419210695494388,0.009618306559252228,0.22808092652374157,0.2403032873861462,-4.625929269271485e-18,1.080384315568121e-17,-1.1490363717065927e-17,2.238505178522956e-18,0.0,0.0,0.0,0.0,1.0,0.0,1.0,1.0,0.0,0.0,0.0,0.0,12
RIGHT,LEFT,False,0.2,weak,1.2,pure_duplication,16,source_group_average,0.23419210695494388,0.00961830655925223,0.22808092652374157,0.2403032873861462,0.0,0.0,0.0,0.0,0.0,0.0,0.0,0.0,1.0,0.0,1.0,1.0,0.0,0.0,0.0,0.0,12
RIGHT,LEFT,False,0.5,medium,1.5,independent_rollout,1,exact_deduplication,0.69179509717608,0.02052223473690794,0.6787558913079648,0.7048343030441953,0.0,0.0,0.0,0.0,0.0,0.0,0.0,0.0,0.0,0.0,0.0,0.0,1.0,0.0,1.0,1.0,12
RIGHT,LEFT,False,0.5,medium,1.5,independent_rollout,1,explicit_belief_mixing,0.5498884803126305,0.005758388707992858,0.5462297746797048,0.5535471859455562,0.0,0.0,0.0,0.0,0.0,0.0,0.0,0.0,0.0,0.0,0.0,0.0,1.0,0.0,1.0,1.0,12
RIGHT,LEFT,False,0.5,medium,1.5,independent_rollout,1,ordinary_flat_aggregation,0.69179509717608,0.02052223473690794,0.6787558913079648,0.7048343030441953,0.0,0.0,0.0,0.0,0.0,0.0,0.0,0.0,0.0,0.0,0.0,0.0,1.0,0.0,1.0,1.0,12
RIGHT,LEFT,False,0.5,medium,1.5,independent_rollout,1,provenance_preserving,0.69179509717608,0.02052223473690794,0.6787558913079648,0.7048343030441953,0.0,0.0,0.0,0.0,0.0,0.0,0.0,0.0,0.0,0.0,0.0,0.0,1.0,0.0,1.0,1.0,12
RIGHT,LEFT,False,0.5,medium,1.5,independent_rollout,1,semantic_group_deduplication,0.69179509717608,0.02052223473690794,0.6787558913079648,0.7048343030441953,0.0,0.0,0.0,0.0,0.0,0.0,0.0,0.0,0.0,0.0,0.0,0.0,1.0,0.0,1.0,1.0,12
RIGHT,LEFT,False,0.5,medium,1.5,independent_rollout,1,single_trajectory_score_average,0.5997769606252609,0.011516777415985738,0.5924595493594095,0.6070943718911123,0.0,0.0,0.0,0.0,0.0,0.0,0.0,0.0,0.0,0.0,0.0,0.0,1.0,0.0,1.0,1.0,12
RIGHT,LEFT,False,0.5,medium,1.5,independent_rollout,1,source_group_average,0.5997769606252609,0.011516777415985738,0.5924595493594095,0.6070943718911123,0.0,0.0,0.0,0.0,0.0,0.0,0.0,0.0,0.0,0.0,0.0,0.0,1.0,0.0,1.0,1.0,12
RIGHT,LEFT,False,0.5,medium,1.5,independent_rollout,2,exact_deduplication,0.8339599891091013,0.01603598375317004,0.8237712111258104,0.8441487670923922,0.14216489193302126,0.014825668342967334,0.13274511167348235,0.15158467219256017,0.0,0.0,0.0,0.0,0.0,0.0,0.0,0.0,1.0,0.0,1.0,1.0,12
RIGHT,LEFT,False,0.5,medium,1.5,independent_rollout,2,explicit_belief_mixing,0.5498377504689218,0.0034859219282366975,0.547622901343319,0.5520525995945246,-5.0729843708583834e-05,0.004220537963593623,-0.0027323317300041584,0.002630872042586991,0.0,0.0,0.0,0.0,0.0,0.0,0.0,0.0,1.0,0.0,1.0,1.0,12
RIGHT,LEFT,False,0.5,medium,1.5,independent_rollout,2,ordinary_flat_aggregation,0.8339599891091013,0.01603598375317004,0.8237712111258104,0.8441487670923922,0.14216489193302126,0.014825668342967334,0.13274511167348235,0.15158467219256017,0.0,0.0,0.0,0.0,0.0,0.0,0.0,0.0,1.0,0.0,1.0,1.0,12
RIGHT,LEFT,False,0.5,medium,1.5,independent_rollout,2,provenance_preserving,0.8339599891091013,0.01603598375317004,0.8237712111258104,0.8441487670923922,0.14216489193302126,0.014825668342967334,0.13274511167348235,0.15158467219256017,0.0,0.0,0.0,0.0,0.0,0.0,0.0,0.0,1.0,0.0,1.0,1.0,12
RIGHT,LEFT,False,0.5,medium,1.5,independent_rollout,2,semantic_group_deduplication,0.6841745695648473,0.01159682096630023,0.6768063010534597,0.691542838076235,-0.007620527611232729,0.020109789923968027,-0.02039767854750914,0.005156623325043683,0.0,0.0,0.0,0.0,0.0,0.0,0.0,0.0,1.0,0.0,1.0,1.0,12
RIGHT,LEFT,False,0.5,medium,1.5,independent_rollout,2,single_trajectory_score_average,0.5996755009378437,0.0069718438564733715,0.5952458026866382,0.6041051991890493,-0.00010145968741718618,0.00844107592718726,-0.0054646634600083455,0.0052617440851739725,0.0,0.0,0.0,0.0,0.0,0.0,0.0,0.0,1.0,0.0,1.0,1.0,12
RIGHT,LEFT,False,0.5,medium,1.5,independent_rollout,2,source_group_average,0.5996755009378437,0.0069718438564733715,0.5952458026866382,0.6041051991890493,-0.00010145968741718618,0.00844107592718726,-0.0054646634600083455,0.0052617440851739725,0.0,0.0,0.0,0.0,0.0,0.0,0.0,0.0,1.0,0.0,1.0,1.0,12
RIGHT,LEFT,False,0.5,medium,1.5,independent_rollout,4,exact_deduplication,0.9632897743216574,0.006738728575405863,0.9590081904536958,0.967571358189619,0.27149467714557723,0.0181215497870278,0.25998079372344673,0.28300856056770773,0.0,0.0,0.0,0.0,0.0,0.0,0.0,0.0,1.0,0.0,1.0,1.0,12
RIGHT,LEFT,False,0.5,medium,1.5,independent_rollout,4,explicit_belief_mixing,0.5505323959358236,0.0028526851778052985,0.5487198862463487,0.5523449056252985,0.0006439156231931031,0.004933928543688633,-0.0024909530129220616,0.003778784259308268,0.0,0.0,0.0,0.0,0.0,0.0,0.0,0.0,1.0,0.0,1.0,1.0,12
RIGHT,LEFT,False,0.5,medium,1.5,independent_rollout,4,ordinary_flat_aggregation,0.9632897743216574,0.006738728575405863,0.9590081904536958,0.967571358189619,0.27149467714557723,0.0181215497870278,0.25998079372344673,0.28300856056770773,0.0,0.0,0.0,0.0,0.0,0.0,0.0,0.0,1.0,0.0,1.0,1.0,12
RIGHT,LEFT,False,0.5,medium,1.5,independent_rollout,4,provenance_preserving,0.9632897743216574,0.006738728575405863,0.9590081904536958,0.967571358189619,0.27149467714557723,0.0181215497870278,0.25998079372344673,0.28300856056770773,0.0,0.0,0.0,0.0,0.0,0.0,0.0,0.0,1.0,0.0,1.0,1.0,12
RIGHT,LEFT,False,0.5,medium,1.5,independent_rollout,4,semantic_group_deduplication,0.6973963787556164,0.02052357657521463,0.6843563203241159,0.710436437187117,0.005601281579536321,0.028751840350671694,-0.01266676623425042,0.023869329393323063,0.0,0.0,0.0,0.0,0.0,0.0,0.0,0.0,1.0,0.0,1.0,1.0,12
RIGHT,LEFT,False,0.5,medium,1.5,independent_rollout,4,single_trajectory_score_average,0.6010647918716472,0.005705370355610645,0.5974397724926973,0.6046898112505971,0.0012878312463862156,0.009867857087377281,-0.004981906025844123,0.007557568518616555,0.0,0.0,0.0,0.0,0.0,0.0,0.0,0.0,1.0,0.0,1.0,1.0,12
RIGHT,LEFT,False,0.5,medium,1.5,independent_rollout,4,source_group_average,0.6010647918716472,0.005705370355610645,0.5974397724926973,0.6046898112505971,0.0012878312463862156,0.009867857087377281,-0.004981906025844123,0.007557568518616555,0.0,0.0,0.0,0.0,0.0,0.0,0.0,0.0,1.0,0.0,1.0,1.0,12
RIGHT,LEFT,False,0.5,medium,1.5,independent_rollout,8,exact_deduplication,0.9984669862821932,0.00042447767869217454,0.9981972860322037,0.9987366865321827,0.30667188910611315,0.0203444744115924,0.29374562676031346,0.31959815145191284,0.0,0.0,0.0,0.0,0.0,0.0,0.0,0.0,1.0,0.0,1.0,1.0,12
RIGHT,LEFT,False,0.5,medium,1.5,independent_rollout,8,explicit_belief_mixing,0.550142791719541,0.002070467024225781,0.5488272797337302,0.5514583037053516,0.0002543114069104846,0.005163460179020532,-0.0030263946725779993,0.0035350174863989685,0.0,0.0,0.0,0.0,0.0,0.0,0.0,0.0,1.0,0.0,1.0,1.0,12
RIGHT,LEFT,False,0.5,medium,1.5,independent_rollout,8,ordinary_flat_aggregation,0.9984669862821932,0.00042447767869217454,0.9981972860322037,0.9987366865321827,0.30667188910611315,0.0203444744115924,0.29374562676031346,0.31959815145191284,0.0,0.0,0.0,0.0,0.0,0.0,0.0,0.0,1.0,0.0,1.0,1.0,12
RIGHT,LEFT,False,0.5,medium,1.5,independent_rollout,8,provenance_preserving,0.9984669862821932,0.00042447767869217454,0.9981972860322037,0.9987366865321827,0.30667188910611315,0.0203444744115924,0.29374562676031346,0.31959815145191284,0.0,0.0,0.0,0.0,0.0,0.0,0.0,0.0,1.0,0.0,1.0,1.0,12
RIGHT,LEFT,False,0.5,medium,1.5,independent_rollout,8,semantic_group_deduplication,0.6906440991302009,0.02505369966193497,0.6747257378095215,0.7065624604508802,-0.0011509980458791202,0.03702621591591557,-0.024676333275411147,0.022374337183652906,0.0,0.0,0.0,0.0,0.0,0.0,0.0,0.0,1.0,0.0,1.0,1.0,12
RIGHT,LEFT,False,0.5,medium,1.5,independent_rollout,8,single_trajectory_score_average,0.6002855834390818,0.004140934048451574,0.5976545594674603,0.6029166074107033,0.00050862281382096,0.010326920358041069,-0.006052789345156012,0.007070034972797931,0.0,0.0,0.0,0.0,0.0,0.0,0.0,0.0,1.0,0.0,1.0,1.0,12
RIGHT,LEFT,False,0.5,medium,1.5,independent_rollout,8,source_group_average,0.6002855834390818,0.004140934048451574,0.5976545594674603,0.6029166074107033,0.00050862281382096,0.010326920358041069,-0.006052789345156012,0.007070034972797931,0.0,0.0,0.0,0.0,0.0,0.0,0.0,0.0,1.0,0.0,1.0,1.0,12
RIGHT,LEFT,False,0.5,medium,1.5,independent_rollout,16,exact_deduplication,0.9999974763186509,9.015292955364439e-07,0.9999969035142643,0.9999980491230375,0.30820237914257104,0.020521833135357482,0.2951634284399074,0.3212413298452347,0.0,0.0,0.0,0.0,0.0,0.0,0.0,0.0,1.0,0.0,1.0,1.0,12
RIGHT,LEFT,False,0.5,medium,1.5,independent_rollout,16,explicit_belief_mixing,0.5498723093750153,0.001479757231464917,0.5489321164855342,0.5508125022644964,-1.6170937615106462e-05,0.005283318225522851,-0.00337303118663383,0.0033406893114036173,0.0,0.0,0.0,0.0,0.0,0.0,0.0,0.0,1.0,0.0,1.0,1.0,12
RIGHT,LEFT,False,0.5,medium,1.5,independent_rollout,16,ordinary_flat_aggregation,0.9999974763186509,9.015292955364439e-07,0.9999969035142643,0.9999980491230375,0.30820237914257104,0.020521833135357482,0.2951634284399074,0.3212413298452347,0.0,0.0,0.0,0.0,0.0,0.0,0.0,0.0,1.0,0.0,1.0,1.0,12
RIGHT,LEFT,False,0.5,medium,1.5,independent_rollout,16,provenance_preserving,0.9999974763186509,9.015292955364439e-07,0.9999969035142643,0.9999980491230375,0.30820237914257104,0.020521833135357482,0.2951634284399074,0.3212413298452347,0.0,0.0,0.0,0.0,0.0,0.0,0.0,0.0,1.0,0.0,1.0,1.0,12
RIGHT,LEFT,False,0.5,medium,1.5,independent_rollout,16,semantic_group_deduplication,0.697368547809431,0.026274757772423576,0.680674363178878,0.7140627324399841,0.0055734506333508975,0.02097794640371867,-0.007755300614018751,0.018902201880720546,0.0,0.0,0.0,0.0,0.0,0.0,0.0,0.0,1.0,0.0,1.0,1.0,12
RIGHT,LEFT,False,0.5,medium,1.5,independent_rollout,16,single_trajectory_score_average,0.5997446187500307,0.0029595144629298237,0.5978642329710685,0.6016250045289929,-3.234187523023143e-05,0.010566636451045717,-0.006746062373267689,0.006681378622807227,0.0,0.0,0.0,0.0,0.0,0.0,0.0,0.0,1.0,0.0,1.0,1.0,12
RIGHT,LEFT,False,0.5,medium,1.5,independent_rollout,16,source_group_average,0.5997446187500307,0.0029595144629298237,0.5978642329710685,0.6016250045289929,-3.234187523023143e-05,0.010566636451045717,-0.006746062373267689,0.006681378622807227,0.0,0.0,0.0,0.0,0.0,0.0,0.0,0.0,1.0,0.0,1.0,1.0,12
RIGHT,LEFT,False,0.5,medium,1.5,pure_duplication,1,exact_deduplication,0.60183168747219,0.014380016506926697,0.5926950608803745,0.6109683140640054,0.0,0.0,0.0,0.0,0.0,0.0,0.0,0.0,0.0,0.0,0.0,0.0,1.0,0.0,1.0,1.0,12
RIGHT,LEFT,False,0.5,medium,1.5,pure_duplication,1,explicit_belief_mixing,0.5498884803126305,0.005758388707992858,0.5462297746797048,0.5535471859455562,0.0,0.0,0.0,0.0,0.0,0.0,0.0,0.0,0.0,0.0,0.0,0.0,1.0,0.0,1.0,1.0,12
RIGHT,LEFT,False,0.5,medium,1.5,pure_duplication,1,ordinary_flat_aggregation,0.69179509717608,0.02052223473690794,0.6787558913079648,0.7048343030441953,0.0,0.0,0.0,0.0,0.0,0.0,0.0,0.0,0.0,0.0,0.0,0.0,1.0,0.0,1.0,1.0,12
RIGHT,LEFT,False,0.5,medium,1.5,pure_duplication,1,provenance_preserving,0.69179509717608,0.02052223473690794,0.6787558913079648,0.7048343030441953,0.0,0.0,0.0,0.0,0.0,0.0,0.0,0.0,0.0,0.0,0.0,0.0,1.0,0.0,1.0,1.0,12
RIGHT,LEFT,False,0.5,medium,1.5,pure_duplication,1,semantic_group_deduplication,0.60183168747219,0.014380016506926697,0.5926950608803745,0.6109683140640054,0.0,0.0,0.0,0.0,0.0,0.0,0.0,0.0,0.0,0.0,0.0,0.0,1.0,0.0,1.0,1.0,12
RIGHT,LEFT,False,0.5,medium,1.5,pure_duplication,1,single_trajectory_score_average,0.5997769606252609,0.011516777415985738,0.5924595493594095,0.6070943718911123,0.0,0.0,0.0,0.0,0.0,0.0,0.0,0.0,0.0,0.0,0.0,0.0,1.0,0.0,1.0,1.0,12
RIGHT,LEFT,False,0.5,medium,1.5,pure_duplication,1,source_group_average,0.5997769606252609,0.011516777415985738,0.5924595493594095,0.6070943718911123,0.0,0.0,0.0,0.0,0.0,0.0,0.0,0.0,0.0,0.0,0.0,0.0,1.0,0.0,1.0,1.0,12
RIGHT,LEFT,False,0.5,medium,1.5,pure_duplication,2,exact_deduplication,0.5990329252915884,0.014995775550043371,0.5895050640690769,0.6085607865140998,-0.0027987621806014698,0.018642444884376757,-0.014643606557866612,0.009046082196663674,0.0,0.0,0.0,0.0,0.0,0.0,0.0,0.0,1.0,0.0,1.0,1.0,12
RIGHT,LEFT,False,0.5,medium,1.5,pure_duplication,2,explicit_belief_mixing,0.5498884803126305,0.005758388707992858,0.5462297746797048,0.5535471859455562,0.0,0.0,0.0,0.0,0.0,0.0,0.0,0.0,0.0,0.0,0.0,0.0,1.0,0.0,1.0,1.0,12
RIGHT,LEFT,False,0.5,medium,1.5,pure_duplication,2,ordinary_flat_aggregation,0.833274174727887,0.027149628751520462,0.8160241235968905,0.8505242258588835,0.14147907755180691,0.006696362285881036,0.137224411939974,0.14573374316363982,0.0,0.0,0.0,0.0,0.0,0.0,0.0,0.0,1.0,0.0,1.0,1.0,12
RIGHT,LEFT,False,0.5,medium,1.5,pure_duplication,2,provenance_preserving,0.69179509717608,0.02052223473690794,0.6787558913079648,0.7048343030441953,0.0,0.0,0.0,0.0,0.0,0.0,0.0,0.0,0.0,0.0,0.0,0.0,1.0,0.0,1.0,1.0,12
RIGHT,LEFT,False,0.5,medium,1.5,pure_duplication,2,semantic_group_deduplication,0.5990329252915884,0.014995775550043371,0.5895050640690769,0.6085607865140998,-0.0027987621806014698,0.018642444884376757,-0.014643606557866612,0.009046082196663674,0.0,0.0,0.0,0.0,0.0,0.0,0.0,0.0,1.0,0.0,1.0,1.0,12
RIGHT,LEFT,False,0.5,medium,1.5,pure_duplication,2,single_trajectory_score_average,0.5997769606252609,0.011516777415985738,0.5924595493594095,0.6070943718911123,0.0,0.0,0.0,0.0,0.0,0.0,0.0,0.0,0.0,0.0,0.0,0.0,1.0,0.0,1.0,1.0,12
RIGHT,LEFT,False,0.5,medium,1.5,pure_duplication,2,source_group_average,0.5997769606252609,0.011516777415985738,0.5924595493594095,0.6070943718911123,0.0,0.0,0.0,0.0,0.0,0.0,0.0,0.0,0.0,0.0,0.0,0.0,1.0,0.0,1.0,1.0,12
RIGHT,LEFT,False,0.5,medium,1.5,pure_duplication,4,exact_deduplication,0.5970948378097671,0.02298403821836274,0.5824914766333705,0.6116981989861637,-0.004736849662422836,0.023093111424717618,-0.01940951264783729,0.009935813322991618,0.0,0.0,0.0,0.0,0.0,0.0,0.0,0.0,1.0,0.0,1.0,1.0,12
RIGHT,LEFT,False,0.5,medium,1.5,pure_duplication,4,explicit_belief_mixing,0.5498884803126305,0.005758388707992858,0.5462297746797048,0.5535471859455562,0.0,0.0,0.0,0.0,0.0,0.0,0.0,0.0,0.0,0.0,0.0,0.0,1.0,0.0,1.0,1.0,12
RIGHT,LEFT,False,0.5,medium,1.5,pure_duplication,4,ordinary_flat_aggregation,0.9599529872319992,0.015574049832403918,0.950057708059513,0.9698482664044854,0.26815789005591917,0.005547601225630824,0.264633112399755,0.2716826677120833,0.0,0.0,0.0,0.0,0.0,0.0,0.0,0.0,1.0,0.0,1.0,1.0,12
RIGHT,LEFT,False,0.5,medium,1.5,pure_duplication,4,provenance_preserving,0.69179509717608,0.02052223473690794,0.6787558913079648,0.7048343030441953,0.0,0.0,0.0,0.0,0.0,0.0,0.0,0.0,0.0,0.0,0.0,0.0,1.0,0.0,1.0,1.0,12
RIGHT,LEFT,False,0.5,medium,1.5,pure_duplication,4,semantic_group_deduplication,0.5970948378097671,0.02298403821836274,0.5824914766333705,0.6116981989861637,-0.004736849662422836,0.023093111424717618,-0.01940951264783729,0.009935813322991618,0.0,0.0,0.0,0.0,0.0,0.0,0.0,0.0,1.0,0.0,1.0,1.0,12
RIGHT,LEFT,False,0.5,medium,1.5,pure_duplication,4,single_trajectory_score_average,0.5997769606252609,0.011516777415985738,0.5924595493594095,0.6070943718911123,0.0,0.0,0.0,0.0,0.0,0.0,0.0,0.0,0.0,0.0,0.0,0.0,1.0,0.0,1.0,1.0,12
RIGHT,LEFT,False,0.5,medium,1.5,pure_duplication,4,source_group_average,0.5997769606252609,0.011516777415985738,0.5924595493594095,0.6070943718911123,0.0,0.0,0.0,0.0,0.0,0.0,0.0,0.0,0.0,0.0,0.0,0.0,1.0,0.0,1.0,1.0,12
RIGHT,LEFT,False,0.5,medium,1.5,pure_duplication,8,exact_deduplication,0.5990978186272072,0.02214357109638003,0.5850284647833165,0.613167172471098,-0.0027338688449826585,0.028479744309170114,-0.020829035081956635,0.015361297391991319,0.0,0.0,0.0,0.0,0.0,0.0,0.0,0.0,1.0,0.0,1.0,1.0,12
RIGHT,LEFT,False,0.5,medium,1.5,pure_duplication,8,explicit_belief_mixing,0.5498884803126305,0.005758388707992858,0.5462297746797048,0.5535471859455562,0.0,0.0,0.0,0.0,0.0,0.0,0.0,0.0,0.0,0.0,0.0,0.0,1.0,0.0,1.0,1.0,12
RIGHT,LEFT,False,0.5,medium,1.5,pure_duplication,8,ordinary_flat_aggregation,0.9979757905563238,0.0017045494658433473,0.9968927714951713,0.9990588096174763,0.3061806933802438,0.01890633909624925,0.29416817862009287,0.3181932081403947,0.0,0.0,0.0,0.0,0.0,0.0,0.0,0.0,1.0,0.0,1.0,1.0,12
RIGHT,LEFT,False,0.5,medium,1.5,pure_duplication,8,provenance_preserving,0.69179509717608,0.02052223473690794,0.6787558913079648,0.7048343030441953,0.0,0.0,0.0,0.0,0.0,0.0,0.0,0.0,0.0,0.0,0.0,0.0,1.0,0.0,1.0,1.0,12
RIGHT,LEFT,False,0.5,medium,1.5,pure_duplication,8,semantic_group_deduplication,0.5990978186272072,0.02214357109638003,0.5850284647833165,0.613167172471098,-0.0027338688449826585,0.028479744309170114,-0.020829035081956635,0.015361297391991319,0.0,0.0,0.0,0.0,0.0,0.0,0.0,0.0,1.0,0.0,1.0,1.0,12
RIGHT,LEFT,False,0.5,medium,1.5,pure_duplication,8,single_trajectory_score_average,0.5997769606252609,0.011516777415985738,0.5924595493594095,0.6070943718911123,0.0,0.0,0.0,0.0,0.0,0.0,0.0,0.0,0.0,0.0,0.0,0.0,1.0,0.0,1.0,1.0,12
RIGHT,LEFT,False,0.5,medium,1.5,pure_duplication,8,source_group_average,0.5997769606252609,0.011516777415985738,0.5924595493594095,0.6070943718911123,0.0,0.0,0.0,0.0,0.0,0.0,0.0,0.0,0.0,0.0,0.0,0.0,1.0,0.0,1.0,1.0,12
RIGHT,LEFT,False,0.5,medium,1.5,pure_duplication,16,exact_deduplication,0.6046751682595598,0.014548562663742017,0.5954314525487878,0.6139188839703318,0.0028434807873698362,0.01140558975808229,-0.004403285211044454,0.010090246785784128,0.0,0.0,0.0,0.0,0.0,0.0,0.0,0.0,1.0,0.0,1.0,1.0,12
RIGHT,LEFT,False,0.5,medium,1.5,pure_duplication,16,explicit_belief_mixing,0.5498884803126305,0.005758388707992858,0.5462297746797048,0.5535471859455562,0.0,0.0,0.0,0.0,0.0,0.0,0.0,0.0,0.0,0.0,0.0,0.0,1.0,0.0,1.0,1.0,12
RIGHT,LEFT,False,0.5,medium,1.5,pure_duplication,16,ordinary_flat_aggregation,0.9999931781183281,1.1173412403390764e-05,0.999986078870783,1.0000002773658732,0.30819808094224826,0.020512729528812917,0.2951649143952284,0.3212312474892681,0.0,0.0,0.0,0.0,0.0,0.0,0.0,0.0,1.0,0.0,1.0,1.0,12
RIGHT,LEFT,False,0.5,medium,1.5,pure_duplication,16,provenance_preserving,0.69179509717608,0.02052223473690794,0.6787558913079648,0.7048343030441953,0.0,0.0,0.0,0.0,0.0,0.0,0.0,0.0,0.0,0.0,0.0,0.0,1.0,0.0,1.0,1.0,12
RIGHT,LEFT,False,0.5,medium,1.5,pure_duplication,16,semantic_group_deduplication,0.6046751682595598,0.014548562663742017,0.5954314525487878,0.6139188839703318,0.0028434807873698362,0.01140558975808229,-0.004403285211044454,0.010090246785784128,0.0,0.0,0.0,0.0,0.0,0.0,0.0,0.0,1.0,0.0,1.0,1.0,12
RIGHT,LEFT,False,0.5,medium,1.5,pure_duplication,16,single_trajectory_score_average,0.5997769606252609,0.011516777415985738,0.5924595493594095,0.6070943718911123,0.0,0.0,0.0,0.0,0.0,0.0,0.0,0.0,0.0,0.0,0.0,0.0,1.0,0.0,1.0,1.0,12
RIGHT,LEFT,False,0.5,medium,1.5,pure_duplication,16,source_group_average,0.5997769606252609,0.011516777415985738,0.5924595493594095,0.6070943718911123,0.0,0.0,0.0,0.0,0.0,0.0,0.0,0.0,0.0,0.0,0.0,0.0,1.0,0.0,1.0,1.0,12
RIGHT,LEFT,False,0.5,strong,2.0,independent_rollout,1,exact_deduplication,0.8002076657485694,0.01509259235263997,0.7906182900644637,0.8097970414326751,0.0,0.0,0.0,0.0,0.0,0.0,0.0,0.0,0.0,0.0,0.0,0.0,1.0,0.0,1.0,1.0,12
RIGHT,LEFT,False,0.5,strong,2.0,independent_rollout,1,explicit_belief_mixing,0.5834209317848588,0.0051833901413099875,0.5801275628114619,0.5867143007582556,0.0,0.0,0.0,0.0,0.0,0.0,0.0,0.0,0.0,0.0,0.0,0.0,1.0,0.0,1.0,1.0,12
RIGHT,LEFT,False,0.5,strong,2.0,independent_rollout,1,ordinary_flat_aggregation,0.8002076657485694,0.01509259235263997,0.7906182900644637,0.8097970414326751,0.0,0.0,0.0,0.0,0.0,0.0,0.0,0.0,0.0,0.0,0.0,0.0,1.0,0.0,1.0,1.0,12
RIGHT,LEFT,False,0.5,strong,2.0,independent_rollout,1,provenance_preserving,0.8002076657485694,0.01509259235263997,0.7906182900644637,0.8097970414326751,0.0,0.0,0.0,0.0,0.0,0.0,0.0,0.0,0.0,0.0,0.0,0.0,1.0,0.0,1.0,1.0,12
RIGHT,LEFT,False,0.5,strong,2.0,independent_rollout,1,semantic_group_deduplication,0.8002076657485694,0.01509259235263997,0.7906182900644637,0.8097970414326751,0.0,0.0,0.0,0.0,0.0,0.0,0.0,0.0,0.0,0.0,0.0,0.0,1.0,0.0,1.0,1.0,12
RIGHT,LEFT,False,0.5,strong,2.0,independent_rollout,1,single_trajectory_score_average,0.6668418635697176,0.010366780282620001,0.6602551256229239,0.6734286015165114,0.0,0.0,0.0,0.0,0.0,0.0,0.0,0.0,0.0,0.0,0.0,0.0,1.0,0.0,1.0,1.0,12
RIGHT,LEFT,False,0.5,strong,2.0,independent_rollout,1,source_group_average,0.6668418635697176,0.010366780282620001,0.6602551256229239,0.6734286015165114,0.0,0.0,0.0,0.0,0.0,0.0,0.0,0.0,0.0,0.0,0.0,0.0,1.0,0.0,1.0,1.0,12
RIGHT,LEFT,False,0.5,strong,2.0,independent_rollout,2,exact_deduplication,0.9406558412712416,0.00583505007959901,0.9369484273266081,0.944363255215875,0.1404481755226721,0.010285375828704773,0.13391315949830984,0.14698319154703438,0.0,0.0,0.0,0.0,0.0,0.0,0.0,0.0,1.0,0.0,1.0,1.0,12
RIGHT,LEFT,False,0.5,strong,2.0,independent_rollout,2,explicit_belief_mixing,0.5831184594069375,0.002877860575284746,0.5812899540330376,0.5849469647808374,-0.0003024723779212479,0.002976550046923426,-0.002193682050558986,0.0015887372947164901,0.0,0.0,0.0,0.0,0.0,0.0,0.0,0.0,1.0,0.0,1.0,1.0,12
RIGHT,LEFT,False,0.5,strong,2.0,independent_rollout,2,ordinary_flat_aggregation,0.9406558412712416,0.00583505007959901,0.9369484273266081,0.944363255215875,0.1404481755226721,0.010285375828704773,0.13391315949830984,0.14698319154703438,0.0,0.0,0.0,0.0,0.0,0.0,0.0,0.0,1.0,0.0,1.0,1.0,12
RIGHT,LEFT,False,0.5,strong,2.0,independent_rollout,2,provenance_preserving,0.9406558412712416,0.00583505007959901,0.9369484273266081,0.944363255215875,0.1404481755226721,0.010285375828704773,0.13391315949830984,0.14698319154703438,0.0,0.0,0.0,0.0,0.0,0.0,0.0,0.0,1.0,0.0,1.0,1.0,12
RIGHT,LEFT,False,0.5,strong,2.0,independent_rollout,2,semantic_group_deduplication,0.8004079159152037,0.011844188828284868,0.7928824773626912,0.8079333544677161,0.00020025016663435813,0.012525742730021659,-0.007758227075323537,0.008158727408592253,0.0,0.0,0.0,0.0,0.0,0.0,0.0,0.0,1.0,0.0,1.0,1.0,12
RIGHT,LEFT,False,0.5,strong,2.0,independent_rollout,2,single_trajectory_score_average,0.6662369188138749,0.0057557211505695,0.6625799080660753,0.6698939295616746,-0.0006049447558425051,0.005953100093846876,-0.004387364101117996,0.003177474589432986,0.0,0.0,0.0,0.0,0.0,0.0,0.0,0.0,1.0,0.0,1.0,1.0,12
RIGHT,LEFT,False,0.5,strong,2.0,independent_rollout,2,source_group_average,0.6662369188138749,0.0057557211505695,0.6625799080660753,0.6698939295616746,-0.0006049447558425051,0.005953100093846876,-0.004387364101117996,0.003177474589432986,0.0,0.0,0.0,0.0,0.0,0.0,0.0,0.0,1.0,0.0,1.0,1.0,12
RIGHT,LEFT,False,0.5,strong,2.0,independent_rollout,4,exact_deduplication,0.9963253810402085,0.0007291310783950461,0.9958621132549056,0.9967886488255114,0.19611771529163932,0.014626912182369138,0.18682421867171473,0.20541121191156392,0.0,0.0,0.0,0.0,0.0,0.0,0.0,0.0,1.0,0.0,1.0,1.0,12
RIGHT,LEFT,False,0.5,strong,2.0,independent_rollout,4,explicit_belief_mixing,0.5842793169970835,0.0025784846909142384,0.5826410259852305,0.5859176080089364,0.0008583852122247456,0.0038909225325621513,-0.0016137890207170089,0.0033305594451665003,0.0,0.0,0.0,0.0,0.0,0.0,0.0,0.0,1.0,0.0,1.0,1.0,12
RIGHT,LEFT,False,0.5,strong,2.0,independent_rollout,4,ordinary_flat_aggregation,0.9963253810402085,0.0007291310783950461,0.9958621132549056,0.9967886488255114,0.19611771529163932,0.014626912182369138,0.18682421867171473,0.20541121191156392,0.0,0.0,0.0,0.0,0.0,0.0,0.0,0.0,1.0,0.0,1.0,1.0,12
RIGHT,LEFT,False,0.5,strong,2.0,independent_rollout,4,provenance_preserving,0.9963253810402085,0.0007291310783950461,0.9958621132549056,0.9967886488255114,0.19611771529163932,0.014626912182369138,0.18682421867171473,0.20541121191156392,0.0,0.0,0.0,0.0,0.0,0.0,0.0,0.0,1.0,0.0,1.0,1.0,12
RIGHT,LEFT,False,0.5,strong,2.0,independent_rollout,4,semantic_group_deduplication,0.7979974083846803,0.014454351611175814,0.7888135515209204,0.8071812652484401,-0.0022102573638890233,0.019719848682914615,-0.014739651455760007,0.01031913672798196,0.0,0.0,0.0,0.0,0.0,0.0,0.0,0.0,1.0,0.0,1.0,1.0,12
RIGHT,LEFT,False,0.5,strong,2.0,independent_rollout,4,single_trajectory_score_average,0.668558633994167,0.005156969381828497,0.665282051970461,0.6718352160178731,0.001716770424449482,0.007781845065124287,-0.003227578041434017,0.006661118890332981,0.0,0.0,0.0,0.0,0.0,0.0,0.0,0.0,1.0,0.0,1.0,1.0,12
RIGHT,LEFT,False,0.5,strong,2.0,independent_rollout,4,source_group_average,0.668558633994167,0.005156969381828497,0.665282051970461,0.6718352160178731,0.001716770424449482,0.007781845065124287,-0.003227578041434017,0.006661118890332981,0.0,0.0,0.0,0.0,0.0,0.0,0.0,0.0,1.0,0.0,1.0,1.0,12
RIGHT,LEFT,False,0.5,strong,2.0,independent_rollout,8,exact_deduplication,0.9999847503207318,3.5439599766274637e-06,0.9999824985959895,0.999987002045474,0.19977708457216237,0.015091999210654282,0.19018808575249468,0.20936608339183005,0.0,0.0,0.0,0.0,0.0,0.0,0.0,0.0,1.0,0.0,1.0,1.0,12
RIGHT,LEFT,False,0.5,strong,2.0,independent_rollout,8,explicit_belief_mixing,0.5834233822019449,0.0016271394356250672,0.5823895471274885,0.5844572172764013,2.4504170860380667e-06,0.005122823311684498,-0.0032524362287090535,0.00325733706288113,0.0,0.0,0.0,0.0,0.0,0.0,0.0,0.0,1.0,0.0,1.0,1.0,12
RIGHT,LEFT,False,0.5,strong,2.0,independent_rollout,8,ordinary_flat_aggregation,0.9999847503207318,3.5439599766274637e-06,0.9999824985959895,0.999987002045474,0.19977708457216237,0.015091999210654282,0.19018808575249468,0.20936608339183005,0.0,0.0,0.0,0.0,0.0,0.0,0.0,0.0,1.0,0.0,1.0,1.0,12
RIGHT,LEFT,False,0.5,strong,2.0,independent_rollout,8,provenance_preserving,0.9999847503207318,3.5439599766274637e-06,0.9999824985959895,0.999987002045474,0.19977708457216237,0.015091999210654282,0.19018808575249468,0.20936608339183005,0.0,0.0,0.0,0.0,0.0,0.0,0.0,0.0,1.0,0.0,1.0,1.0,12
RIGHT,LEFT,False,0.5,strong,2.0,independent_rollout,8,semantic_group_deduplication,0.8036925929885705,0.010908871613457664,0.7967614266423979,0.8106237593347432,0.00348492724000111,0.017151364185609214,-0.0074125296599033465,0.014382384139905566,0.0,0.0,0.0,0.0,0.0,0.0,0.0,0.0,1.0,0.0,1.0,1.0,12
RIGHT,LEFT,False,0.5,strong,2.0,independent_rollout,8,single_trajectory_score_average,0.6668467644038897,0.0032542788712501217,0.6647790942549768,0.6689144345528025,4.900834172085385e-06,0.010245646623369043,-0.006504872457418127,0.006514674125762297,0.0,0.0,0.0,0.0,0.0,0.0,0.0,0.0,1.0,0.0,1.0,1.0,12
RIGHT,LEFT,False,0.5,strong,2.0,independent_rollout,8,source_group_average,0.6668467644038897,0.0032542788712501217,0.6647790942549768,0.6689144345528025,4.900834172085385e-06,0.010245646623369043,-0.006504872457418127,0.006514674125762297,0.0,0.0,0.0,0.0,0.0,0.0,0.0,0.0,1.0,0.0,1.0,1.0,12
RIGHT,LEFT,False,0.5,strong,2.0,independent_rollout,16,exact_deduplication,0.9999999997836726,4.8855833686114354e-11,0.9999999997526311,0.9999999998147141,0.1997923340351032,0.015092592369596652,0.19020295834022377,0.2093817097299826,0.0,0.0,0.0,0.0,0.0,0.0,0.0,0.0,1.0,0.0,1.0,1.0,12
RIGHT,LEFT,False,0.5,strong,2.0,independent_rollout,16,explicit_belief_mixing,0.583590276175952,0.0008305419698893278,0.5830625749842285,0.5841179773676756,0.00016934439109329383,0.005576633535535385,-0.0033738795147373836,0.003712568296923971,0.0,0.0,0.0,0.0,0.0,0.0,0.0,0.0,1.0,0.0,1.0,1.0,12
RIGHT,LEFT,False,0.5,strong,2.0,independent_rollout,16,ordinary_flat_aggregation,0.9999999997836726,4.8855833686114354e-11,0.9999999997526311,0.9999999998147141,0.1997923340351032,0.015092592369596652,0.19020295834022377,0.2093817097299826,0.0,0.0,0.0,0.0,0.0,0.0,0.0,0.0,1.0,0.0,1.0,1.0,12
RIGHT,LEFT,False,0.5,strong,2.0,independent_rollout,16,provenance_preserving,0.9999999997836726,4.8855833686114354e-11,0.9999999997526311,0.9999999998147141,0.1997923340351032,0.015092592369596652,0.19020295834022377,0.2093817097299826,0.0,0.0,0.0,0.0,0.0,0.0,0.0,0.0,1.0,0.0,1.0,1.0,12
RIGHT,LEFT,False,0.5,strong,2.0,independent_rollout,16,semantic_group_deduplication,0.80150409845475,0.012416994143896633,0.793614716767956,0.809393480141544,0.00129643270618048,0.022457017004900055,-0.012972075166601725,0.015564940578962686,0.0,0.0,0.0,0.0,0.0,0.0,0.0,0.0,1.0,0.0,1.0,1.0,12
RIGHT,LEFT,False,0.5,strong,2.0,independent_rollout,16,single_trajectory_score_average,0.6671805523519042,0.0016610839397786432,0.6661251499684571,0.6682359547353514,0.0003386887821865599,0.01115326707107077,-0.006747759029474795,0.007425136593847914,0.0,0.0,0.0,0.0,0.0,0.0,0.0,0.0,1.0,0.0,1.0,1.0,12
RIGHT,LEFT,False,0.5,strong,2.0,independent_rollout,16,source_group_average,0.6671805523519042,0.0016610839397786432,0.6661251499684571,0.6682359547353514,0.0003386887821865599,0.01115326707107077,-0.006747759029474795,0.007425136593847914,0.0,0.0,0.0,0.0,0.0,0.0,0.0,0.0,1.0,0.0,1.0,1.0,12
RIGHT,LEFT,False,0.5,strong,2.0,pure_duplication,1,exact_deduplication,0.6650214757804456,0.017341123674818857,0.6540034514532139,0.6760395001076772,0.0,0.0,0.0,0.0,0.0,0.0,0.0,0.0,0.0,0.0,0.0,0.0,1.0,0.0,1.0,1.0,12
RIGHT,LEFT,False,0.5,strong,2.0,pure_duplication,1,explicit_belief_mixing,0.5834209317848588,0.0051833901413099875,0.5801275628114619,0.5867143007582556,0.0,0.0,0.0,0.0,0.0,0.0,0.0,0.0,0.0,0.0,0.0,0.0,1.0,0.0,1.0,1.0,12
RIGHT,LEFT,False,0.5,strong,2.0,pure_duplication,1,ordinary_flat_aggregation,0.8002076657485694,0.01509259235263997,0.7906182900644637,0.8097970414326751,0.0,0.0,0.0,0.0,0.0,0.0,0.0,0.0,0.0,0.0,0.0,0.0,1.0,0.0,1.0,1.0,12
RIGHT,LEFT,False,0.5,strong,2.0,pure_duplication,1,provenance_preserving,0.8002076657485694,0.01509259235263997,0.7906182900644637,0.8097970414326751,0.0,0.0,0.0,0.0,0.0,0.0,0.0,0.0,0.0,0.0,0.0,0.0,1.0,0.0,1.0,1.0,12
RIGHT,LEFT,False,0.5,strong,2.0,pure_duplication,1,semantic_group_deduplication,0.6650214757804456,0.017341123674818857,0.6540034514532139,0.6760395001076772,0.0,0.0,0.0,0.0,0.0,0.0,0.0,0.0,0.0,0.0,0.0,0.0,1.0,0.0,1.0,1.0,12
RIGHT,LEFT,False,0.5,strong,2.0,pure_duplication,1,single_trajectory_score_average,0.6668418635697176,0.010366780282620001,0.6602551256229239,0.6734286015165114,0.0,0.0,0.0,0.0,0.0,0.0,0.0,0.0,0.0,0.0,0.0,0.0,1.0,0.0,1.0,1.0,12
RIGHT,LEFT,False,0.5,strong,2.0,pure_duplication,1,source_group_average,0.6668418635697176,0.010366780282620001,0.6602551256229239,0.6734286015165114,0.0,0.0,0.0,0.0,0.0,0.0,0.0,0.0,0.0,0.0,0.0,0.0,1.0,0.0,1.0,1.0,12
RIGHT,LEFT,False,0.5,strong,2.0,pure_duplication,2,exact_deduplication,0.676008870523162,0.015694227497242363,0.6660372341053432,0.6859805069409809,0.010987394742716603,0.02189131428214825,-0.002921682767988697,0.024896472253421904,0.0,0.0,0.0,0.0,0.0,0.0,0.0,0.0,1.0,0.0,1.0,1.0,12
RIGHT,LEFT,False,0.5,strong,2.0,pure_duplication,2,explicit_belief_mixing,0.5834209317848588,0.0051833901413099875,0.5801275628114619,0.5867143007582556,0.0,0.0,0.0,0.0,0.0,0.0,0.0,0.0,0.0,0.0,0.0,0.0,1.0,0.0,1.0,1.0,12
RIGHT,LEFT,False,0.5,strong,2.0,pure_duplication,2,ordinary_flat_aggregation,0.9407888667208303,0.010934491345646216,0.9338414223734275,0.9477363110682331,0.140581200972261,0.004240216540212047,0.1378870959148923,0.14327530602962973,0.0,0.0,0.0,0.0,0.0,0.0,0.0,0.0,1.0,0.0,1.0,1.0,12
RIGHT,LEFT,False,0.5,strong,2.0,pure_duplication,2,provenance_preserving,0.8002076657485694,0.01509259235263997,0.7906182900644637,0.8097970414326751,0.0,0.0,0.0,0.0,0.0,0.0,0.0,0.0,0.0,0.0,0.0,0.0,1.0,0.0,1.0,1.0,12
RIGHT,LEFT,False,0.5,strong,2.0,pure_duplication,2,semantic_group_deduplication,0.676008870523162,0.015694227497242363,0.6660372341053432,0.6859805069409809,0.010987394742716603,0.02189131428214825,-0.002921682767988697,0.024896472253421904,0.0,0.0,0.0,0.0,0.0,0.0,0.0,0.0,1.0,0.0,1.0,1.0,12
RIGHT,LEFT,False,0.5,strong,2.0,pure_duplication,2,single_trajectory_score_average,0.6668418635697176,0.010366780282620006,0.6602551256229239,0.6734286015165114,-9.25185853854297e-18,3.204937810639273e-17,-2.961506188514317e-17,1.1111344808057227e-17,0.0,0.0,0.0,0.0,0.0,0.0,0.0,0.0,1.0,0.0,1.0,1.0,12
RIGHT,LEFT,False,0.5,strong,2.0,pure_duplication,2,source_group_average,0.6668418635697176,0.010366780282620001,0.6602551256229239,0.6734286015165114,0.0,0.0,0.0,0.0,0.0,0.0,0.0,0.0,0.0,0.0,0.0,0.0,1.0,0.0,1.0,1.0,12
RIGHT,LEFT,False,0.5,strong,2.0,pure_duplication,4,exact_deduplication,0.6621974045151129,0.016238762025106816,0.6518797873645841,0.6725150216656417,-0.0028240712653327484,0.006993383101302407,-0.007267454899790637,0.001619312369125141,0.0,0.0,0.0,0.0,0.0,0.0,0.0,0.0,1.0,0.0,1.0,1.0,12
RIGHT,LEFT,False,0.5,strong,2.0,pure_duplication,4,explicit_belief_mixing,0.5834209317848588,0.0051833901413099875,0.5801275628114619,0.5867143007582556,0.0,0.0,0.0,0.0,0.0,0.0,0.0,0.0,0.0,0.0,0.0,0.0,1.0,0.0,1.0,1.0,12
RIGHT,LEFT,False,0.5,strong,2.0,pure_duplication,4,ordinary_flat_aggregation,0.99589828997623,0.0017405569695338192,0.9947923928387161,0.9970041871137438,0.1956906242276605,0.013386396629516687,0.18718531358668056,0.20419593486864046,0.0,0.0,0.0,0.0,0.0,0.0,0.0,0.0,1.0,0.0,1.0,1.0,12
RIGHT,LEFT,False,0.5,strong,2.0,pure_duplication,4,provenance_preserving,0.8002076657485694,0.01509259235263997,0.7906182900644637,0.8097970414326751,0.0,0.0,0.0,0.0,0.0,0.0,0.0,0.0,0.0,0.0,0.0,0.0,1.0,0.0,1.0,1.0,12
RIGHT,LEFT,False,0.5,strong,2.0,pure_duplication,4,semantic_group_deduplication,0.6621974045151129,0.016238762025106816,0.6518797873645841,0.6725150216656417,-0.0028240712653327484,0.006993383101302407,-0.007267454899790637,0.001619312369125141,0.0,0.0,0.0,0.0,0.0,0.0,0.0,0.0,1.0,0.0,1.0,1.0,12
RIGHT,LEFT,False,0.5,strong,2.0,pure_duplication,4,single_trajectory_score_average,0.6668418635697176,0.010366780282620001,0.6602551256229239,0.6734286015165114,0.0,0.0,0.0,0.0,0.0,0.0,0.0,0.0,0.0,0.0,0.0,0.0,1.0,0.0,1.0,1.0,12
RIGHT,LEFT,False,0.5,strong,2.0,pure_duplication,4,source_group_average,0.6668418635697176,0.010366780282620001,0.6602551256229239,0.6734286015165114,0.0,0.0,0.0,0.0,0.0,0.0,0.0,0.0,0.0,0.0,0.0,0.0,1.0,0.0,1.0,1.0,12
RIGHT,LEFT,False,0.5,strong,2.0,pure_duplication,8,exact_deduplication,0.6677722107791716,0.02218607843318262,0.6536758490619873,0.6818685724963559,0.002750734998725977,0.025258842109310526,-0.013297967614600647,0.018799437612052602,0.0,0.0,0.0,0.0,0.0,0.0,0.0,0.0,1.0,0.0,1.0,1.0,12
RIGHT,LEFT,False,0.5,strong,2.0,pure_duplication,8,explicit_belief_mixing,0.5834209317848588,0.0051833901413099875,0.5801275628114619,0.5867143007582556,0.0,0.0,0.0,0.0,0.0,0.0,0.0,0.0,0.0,0.0,0.0,0.0,1.0,0.0,1.0,1.0,12
RIGHT,LEFT,False,0.5,strong,2.0,pure_duplication,8,ordinary_flat_aggregation,0.9999801766688133,1.9519845197704346e-05,0.9999677743508734,0.9999925789867533,0.19977251092024406,0.015074497291791597,0.19019463228929187,0.20935038955119625,0.0,0.0,0.0,0.0,0.0,0.0,0.0,0.0,1.0,0.0,1.0,1.0,12
RIGHT,LEFT,False,0.5,strong,2.0,pure_duplication,8,provenance_preserving,0.8002076657485694,0.01509259235263997,0.7906182900644637,0.8097970414326751,0.0,0.0,0.0,0.0,0.0,0.0,0.0,0.0,0.0,0.0,0.0,0.0,1.0,0.0,1.0,1.0,12
RIGHT,LEFT,False,0.5,strong,2.0,pure_duplication,8,semantic_group_deduplication,0.6677722107791716,0.02218607843318262,0.6536758490619873,0.6818685724963559,0.002750734998725977,0.025258842109310526,-0.013297967614600647,0.018799437612052602,0.0,0.0,0.0,0.0,0.0,0.0,0.0,0.0,1.0,0.0,1.0,1.0,12
RIGHT,LEFT,False,0.5,strong,2.0,pure_duplication,8,single_trajectory_score_average,0.6668418635697176,0.010366780282620001,0.6602551256229239,0.6734286015165114,0.0,0.0,0.0,0.0,0.0,0.0,0.0,0.0,0.0,0.0,0.0,0.0,1.0,0.0,1.0,1.0,12
RIGHT,LEFT,False,0.5,strong,2.0,pure_duplication,8,source_group_average,0.6668418635697176,0.010366780282620001,0.6602551256229239,0.6734286015165114,0.0,0.0,0.0,0.0,0.0,0.0,0.0,0.0,0.0,0.0,0.0,0.0,1.0,0.0,1.0,1.0,12
RIGHT,LEFT,False,0.5,strong,2.0,pure_duplication,16,exact_deduplication,0.660854783244231,0.021539137433497408,0.647169468227738,0.6745400982607239,-0.004166692536214545,0.023120324463588776,-0.018856645861627885,0.010523260789198796,0.0,0.0,0.0,0.0,0.0,0.0,0.0,0.0,1.0,0.0,1.0,1.0,12
RIGHT,LEFT,False,0.5,strong,2.0,pure_duplication,16,explicit_belief_mixing,0.5834209317848588,0.0051833901413099875,0.5801275628114619,0.5867143007582556,0.0,0.0,0.0,0.0,0.0,0.0,0.0,0.0,0.0,0.0,0.0,0.0,1.0,0.0,1.0,1.0,12
RIGHT,LEFT,False,0.5,strong,2.0,pure_duplication,16,ordinary_flat_aggregation,0.9999999992576766,1.6492984386767658e-09,0.9999999982097624,1.0000000003055909,0.19979233350910705,0.015092591009814176,0.1902029586781922,0.2093817083400219,0.0,0.0,0.0,0.0,0.0,0.0,0.0,0.0,1.0,0.0,1.0,1.0,12
RIGHT,LEFT,False,0.5,strong,2.0,pure_duplication,16,provenance_preserving,0.8002076657485694,0.01509259235263997,0.7906182900644637,0.8097970414326751,0.0,0.0,0.0,0.0,0.0,0.0,0.0,0.0,0.0,0.0,0.0,0.0,1.0,0.0,1.0,1.0,12
RIGHT,LEFT,False,0.5,strong,2.0,pure_duplication,16,semantic_group_deduplication,0.660854783244231,0.021539137433497408,0.647169468227738,0.6745400982607239,-0.004166692536214545,0.023120324463588776,-0.018856645861627885,0.010523260789198796,0.0,0.0,0.0,0.0,0.0,0.0,0.0,0.0,1.0,0.0,1.0,1.0,12
RIGHT,LEFT,False,0.5,strong,2.0,pure_duplication,16,single_trajectory_score_average,0.6668418635697176,0.010366780282620001,0.6602551256229239,0.6734286015165114,0.0,0.0,0.0,0.0,0.0,0.0,0.0,0.0,0.0,0.0,0.0,0.0,1.0,0.0,1.0,1.0,12
RIGHT,LEFT,False,0.5,strong,2.0,pure_duplication,16,source_group_average,0.6668418635697176,0.010366780282620001,0.6602551256229239,0.6734286015165114,0.0,0.0,0.0,0.0,0.0,0.0,0.0,0.0,0.0,0.0,0.0,0.0,1.0,0.0,1.0,1.0,12
RIGHT,LEFT,False,0.5,weak,1.2,independent_rollout,1,exact_deduplication,0.5981367838928562,0.025722009127447907,0.5817937989960338,0.6144797687896786,0.0,0.0,0.0,0.0,0.0,0.0,0.0,0.0,0.0,0.0,0.0,0.0,1.0,0.0,1.0,1.0,12
RIGHT,LEFT,False,0.5,weak,1.2,independent_rollout,1,explicit_belief_mixing,0.5247903906099167,0.006635054679737334,0.5205746779926304,0.5290061032272031,0.0,0.0,0.0,0.0,0.0,0.0,0.0,0.0,0.0,0.0,0.0,0.0,1.0,0.0,1.0,1.0,12
RIGHT,LEFT,False,0.5,weak,1.2,independent_rollout,1,ordinary_flat_aggregation,0.5981367838928562,0.025722009127447907,0.5817937989960338,0.6144797687896786,0.0,0.0,0.0,0.0,0.0,0.0,0.0,0.0,0.0,0.0,0.0,0.0,1.0,0.0,1.0,1.0,12
RIGHT,LEFT,False,0.5,weak,1.2,independent_rollout,1,provenance_preserving,0.5981367838928562,0.025722009127447907,0.5817937989960338,0.6144797687896786,0.0,0.0,0.0,0.0,0.0,0.0,0.0,0.0,0.0,0.0,0.0,0.0,1.0,0.0,1.0,1.0,12
RIGHT,LEFT,False,0.5,weak,1.2,independent_rollout,1,semantic_group_deduplication,0.5981367838928562,0.025722009127447907,0.5817937989960338,0.6144797687896786,0.0,0.0,0.0,0.0,0.0,0.0,0.0,0.0,0.0,0.0,0.0,0.0,1.0,0.0,1.0,1.0,12
RIGHT,LEFT,False,0.5,weak,1.2,independent_rollout,1,single_trajectory_score_average,0.5495807812198333,0.013270109359474692,0.5411493559852605,0.5580122064544062,0.0,0.0,0.0,0.0,0.0,0.0,0.0,0.0,0.0,0.0,0.0,0.0,1.0,0.0,1.0,1.0,12
RIGHT,LEFT,False,0.5,weak,1.2,independent_rollout,1,source_group_average,0.5495807812198333,0.013270109359474692,0.5411493559852605,0.5580122064544062,0.0,0.0,0.0,0.0,0.0,0.0,0.0,0.0,0.0,0.0,0.0,0.0,1.0,0.0,1.0,1.0,12
RIGHT,LEFT,False,0.5,weak,1.2,independent_rollout,2,exact_deduplication,0.6749905160054815,0.034015696376914886,0.6533779736341472,0.6966030583768159,0.07685373211262521,0.028855824767429265,0.058519615752475954,0.09518784847277446,0.0,0.0,0.0,0.0,0.0,0.0,0.0,0.0,1.0,0.0,1.0,1.0,12
RIGHT,LEFT,False,0.5,weak,1.2,independent_rollout,2,explicit_belief_mixing,0.5228409595767374,0.004712453921070658,0.5198468092023467,0.525835109951128,-0.0019494310331794236,0.005635086017812836,-0.005529793874398424,0.0016309318080395773,0.0,0.0,0.0,0.0,0.0,0.0,0.0,0.0,1.0,0.0,1.0,1.0,12
RIGHT,LEFT,False,0.5,weak,1.2,independent_rollout,2,ordinary_flat_aggregation,0.6749905160054815,0.034015696376914886,0.6533779736341472,0.6966030583768159,0.07685373211262521,0.028855824767429265,0.058519615752475954,0.09518784847277446,0.0,0.0,0.0,0.0,0.0,0.0,0.0,0.0,1.0,0.0,1.0,1.0,12
RIGHT,LEFT,False,0.5,weak,1.2,independent_rollout,2,provenance_preserving,0.6749905160054815,0.034015696376914886,0.6533779736341472,0.6966030583768159,0.07685373211262521,0.028855824767429265,0.058519615752475954,0.09518784847277446,0.0,0.0,0.0,0.0,0.0,0.0,0.0,0.0,1.0,0.0,1.0,1.0,12
RIGHT,LEFT,False,0.5,weak,1.2,independent_rollout,2,semantic_group_deduplication,0.5790282817109098,0.023327317286167354,0.5642068114205351,0.5938497520012845,-0.01910850218194643,0.034591167408959504,-0.041086681402978845,0.002869677039085982,0.0,0.0,0.0,0.0,0.0,0.0,0.0,0.0,1.0,0.0,1.0,1.0,12
RIGHT,LEFT,False,0.5,weak,1.2,independent_rollout,2,single_trajectory_score_average,0.5456819191534746,0.009424907842141313,0.5396936184046932,0.5516702199022561,-0.0038988620663588194,0.01127017203562571,-0.011059587748796845,0.0032618636160792057,0.0,0.0,0.0,0.0,0.0,0.0,0.0,0.0,1.0,0.0,1.0,1.0,12
RIGHT,LEFT,False,0.5,weak,1.2,independent_rollout,2,source_group_average,0.5456819191534746,0.009424907842141313,0.5396936184046932,0.5516702199022561,-0.0038988620663588194,0.01127017203562571,-0.011059587748796845,0.0032618636160792057,0.0,0.0,0.0,0.0,0.0,0.0,0.0,0.0,1.0,0.0,1.0,1.0,12
RIGHT,LEFT,False,0.5,weak,1.2,independent_rollout,4,exact_deduplication,0.8135808171538526,0.027181929004799606,0.7963102434210294,0.8308513908866757,0.2154440332609965,0.023094455458866164,0.20077051631702533,0.23011755020496769,0.0,0.0,0.0,0.0,0.0,0.0,0.0,0.0,1.0,0.0,1.0,1.0,12
RIGHT,LEFT,False,0.5,weak,1.2,independent_rollout,4,explicit_belief_mixing,0.5230651134445266,0.00274401572712091,0.5213216490299554,0.5248085778590977,-0.001725277165390134,0.005416363166233275,-0.005166670136788964,0.0017161158060086956,0.0,0.0,0.0,0.0,0.0,0.0,0.0,0.0,1.0,0.0,1.0,1.0,12
RIGHT,LEFT,False,0.5,weak,1.2,independent_rollout,4,ordinary_flat_aggregation,0.8135808171538526,0.027181929004799606,0.7963102434210294,0.8308513908866757,0.2154440332609965,0.023094455458866164,0.20077051631702533,0.23011755020496769,0.0,0.0,0.0,0.0,0.0,0.0,0.0,0.0,1.0,0.0,1.0,1.0,12
RIGHT,LEFT,False,0.5,weak,1.2,independent_rollout,4,provenance_preserving,0.8135808171538526,0.027181929004799606,0.7963102434210294,0.8308513908866757,0.2154440332609965,0.023094455458866164,0.20077051631702533,0.23011755020496769,0.0,0.0,0.0,0.0,0.0,0.0,0.0,0.0,1.0,0.0,1.0,1.0,12
RIGHT,LEFT,False,0.5,weak,1.2,independent_rollout,4,semantic_group_deduplication,0.594075467254443,0.021395509830874498,0.5804814088629207,0.6076695256459654,-0.004061316638413239,0.029760359598370173,-0.022970147011277094,0.014847513734450618,0.0,0.0,0.0,0.0,0.0,0.0,0.0,0.0,1.0,0.0,1.0,1.0,12
RIGHT,LEFT,False,0.5,weak,1.2,independent_rollout,4,single_trajectory_score_average,0.5461302268890531,0.005488031454241821,0.5426432980599107,0.5496171557181955,-0.003450554330780222,0.010832726332466604,-0.010333340273577915,0.003432231612017471,0.0,0.0,0.0,0.0,0.0,0.0,0.0,0.0,1.0,0.0,1.0,1.0,12
RIGHT,LEFT,False,0.5,weak,1.2,independent_rollout,4,source_group_average,0.5461302268890531,0.005488031454241821,0.5426432980599107,0.5496171557181955,-0.003450554330780222,0.010832726332466604,-0.010333340273577915,0.003432231612017471,0.0,0.0,0.0,0.0,0.0,0.0,0.0,0.0,1.0,0.0,1.0,1.0,12
RIGHT,LEFT,False,0.5,weak,1.2,independent_rollout,8,exact_deduplication,0.948207382992773,0.015580308332861779,0.9383081273588076,0.9581066386267383,0.35007059909991683,0.023699555400692258,0.33501261999510384,0.3651285782047298,0.0,0.0,0.0,0.0,0.0,0.0,0.0,0.0,1.0,0.0,1.0,1.0,12
RIGHT,LEFT,False,0.5,weak,1.2,independent_rollout,8,explicit_belief_mixing,0.52294699743747,0.002482057331331741,0.521369973446925,0.5245240214280149,-0.0018433931724467778,0.0061338036701666125,-0.0057406260925080685,0.002053839747614513,0.0,0.0,0.0,0.0,0.0,0.0,0.0,0.0,1.0,0.0,1.0,1.0,12
RIGHT,LEFT,False,0.5,weak,1.2,independent_rollout,8,ordinary_flat_aggregation,0.948207382992773,0.015580308332861779,0.9383081273588076,0.9581066386267383,0.35007059909991683,0.023699555400692258,0.33501261999510384,0.3651285782047298,0.0,0.0,0.0,0.0,0.0,0.0,0.0,0.0,1.0,0.0,1.0,1.0,12
RIGHT,LEFT,False,0.5,weak,1.2,independent_rollout,8,provenance_preserving,0.948207382992773,0.015580308332861779,0.9383081273588076,0.9581066386267383,0.35007059909991683,0.023699555400692258,0.33501261999510384,0.3651285782047298,0.0,0.0,0.0,0.0,0.0,0.0,0.0,0.0,1.0,0.0,1.0,1.0,12
RIGHT,LEFT,False,0.5,weak,1.2,independent_rollout,8,semantic_group_deduplication,0.5882488734483337,0.02003560034874976,0.5755188603192669,0.6009788865774004,-0.009887910444522622,0.024784160949118176,-0.025635015037516085,0.005859194148470843,0.0,0.0,0.0,0.0,0.0,0.0,0.0,0.0,1.0,0.0,1.0,1.0,12
RIGHT,LEFT,False,0.5,weak,1.2,independent_rollout,8,single_trajectory_score_average,0.5458939948749401,0.004964114662663492,0.5427399468938501,0.54904804285603,-0.003686786344893509,0.012267607340333265,-0.011481252185016116,0.004107679495229097,0.0,0.0,0.0,0.0,0.0,0.0,0.0,0.0,1.0,0.0,1.0,1.0,12
RIGHT,LEFT,False,0.5,weak,1.2,independent_rollout,8,source_group_average,0.5458939948749401,0.004964114662663492,0.5427399468938501,0.54904804285603,-0.003686786344893509,0.012267607340333265,-0.011481252185016116,0.004107679495229097,0.0,0.0,0.0,0.0,0.0,0.0,0.0,0.0,1.0,0.0,1.0,1.0,12
RIGHT,LEFT,False,0.5,weak,1.2,independent_rollout,16,exact_deduplication,0.9969207349803274,0.001395820126671379,0.9960338731828744,0.9978075967777804,0.39878395108747106,0.025337142976388106,0.3826854984767116,0.4148824036982305,0.0,0.0,0.0,0.0,0.0,0.0,0.0,0.0,1.0,0.0,1.0,1.0,12
RIGHT,LEFT,False,0.5,weak,1.2,independent_rollout,16,explicit_belief_mixing,0.5228976851120388,0.0019080680401484381,0.5216853565179641,0.5241100137061135,-0.0018927054978779094,0.0063986681091378434,-0.005958225253713357,0.0021728142579575376,0.0,0.0,0.0,0.0,0.0,0.0,0.0,0.0,1.0,0.0,1.0,1.0,12
RIGHT,LEFT,False,0.5,weak,1.2,independent_rollout,16,ordinary_flat_aggregation,0.9969207349803274,0.001395820126671379,0.9960338731828744,0.9978075967777804,0.39878395108747106,0.025337142976388106,0.3826854984767116,0.4148824036982305,0.0,0.0,0.0,0.0,0.0,0.0,0.0,0.0,1.0,0.0,1.0,1.0,12
RIGHT,LEFT,False,0.5,weak,1.2,independent_rollout,16,provenance_preserving,0.9969207349803274,0.001395820126671379,0.9960338731828744,0.9978075967777804,0.39878395108747106,0.025337142976388106,0.3826854984767116,0.4148824036982305,0.0,0.0,0.0,0.0,0.0,0.0,0.0,0.0,1.0,0.0,1.0,1.0,12
RIGHT,LEFT,False,0.5,weak,1.2,independent_rollout,16,semantic_group_deduplication,0.5884243529696477,0.015713505548820922,0.578440467862225,0.5984082380770703,-0.009712430923208476,0.026710508177811773,-0.026683478152587235,0.0072586163061702826,0.0,0.0,0.0,0.0,0.0,0.0,0.0,0.0,1.0,0.0,1.0,1.0,12
RIGHT,LEFT,False,0.5,weak,1.2,independent_rollout,16,single_trajectory_score_average,0.5457953702240775,0.003816136080296884,0.5433707130359281,0.548220027412227,-0.003785410995755791,0.012797336218275732,-0.011916450507426714,0.004345628515915131,0.0,0.0,0.0,0.0,0.0,0.0,0.0,0.0,1.0,0.0,1.0,1.0,12
RIGHT,LEFT,False,0.5,weak,1.2,independent_rollout,16,source_group_average,0.5457953702240775,0.003816136080296884,0.5433707130359281,0.548220027412227,-0.003785410995755791,0.012797336218275732,-0.011916450507426714,0.004345628515915131,0.0,0.0,0.0,0.0,0.0,0.0,0.0,0.0,1.0,0.0,1.0,1.0,12
RIGHT,LEFT,False,0.5,weak,1.2,pure_duplication,1,exact_deduplication,0.5413007153366971,0.024700219628453708,0.5256069445143683,0.5569944861590259,0.0,0.0,0.0,0.0,0.0,0.0,0.0,0.0,0.0,0.0,0.0,0.0,1.0,0.0,1.0,1.0,12
RIGHT,LEFT,False,0.5,weak,1.2,pure_duplication,1,explicit_belief_mixing,0.5247903906099167,0.006635054679737334,0.5205746779926304,0.5290061032272031,0.0,0.0,0.0,0.0,0.0,0.0,0.0,0.0,0.0,0.0,0.0,0.0,1.0,0.0,1.0,1.0,12
RIGHT,LEFT,False,0.5,weak,1.2,pure_duplication,1,ordinary_flat_aggregation,0.5981367838928562,0.025722009127447907,0.5817937989960338,0.6144797687896786,0.0,0.0,0.0,0.0,0.0,0.0,0.0,0.0,0.0,0.0,0.0,0.0,1.0,0.0,1.0,1.0,12
RIGHT,LEFT,False,0.5,weak,1.2,pure_duplication,1,provenance_preserving,0.5981367838928562,0.025722009127447907,0.5817937989960338,0.6144797687896786,0.0,0.0,0.0,0.0,0.0,0.0,0.0,0.0,0.0,0.0,0.0,0.0,1.0,0.0,1.0,1.0,12
RIGHT,LEFT,False,0.5,weak,1.2,pure_duplication,1,semantic_group_deduplication,0.5413007153366971,0.024700219628453708,0.5256069445143683,0.5569944861590259,0.0,0.0,0.0,0.0,0.0,0.0,0.0,0.0,0.0,0.0,0.0,0.0,1.0,0.0,1.0,1.0,12
RIGHT,LEFT,False,0.5,weak,1.2,pure_duplication,1,single_trajectory_score_average,0.5495807812198333,0.013270109359474692,0.5411493559852605,0.5580122064544062,0.0,0.0,0.0,0.0,0.0,0.0,0.0,0.0,0.0,0.0,0.0,0.0,1.0,0.0,1.0,1.0,12
RIGHT,LEFT,False,0.5,weak,1.2,pure_duplication,1,source_group_average,0.5495807812198333,0.013270109359474692,0.5411493559852605,0.5580122064544062,0.0,0.0,0.0,0.0,0.0,0.0,0.0,0.0,0.0,0.0,0.0,0.0,1.0,0.0,1.0,1.0,12
RIGHT,LEFT,False,0.5,weak,1.2,pure_duplication,2,exact_deduplication,0.5486496535571043,0.020729185630267447,0.5354789573645824,0.5618203497496261,0.007348938220407025,0.01937993282586892,-0.004964483639654111,0.019662360080468164,0.0,0.0,0.0,0.0,0.0,0.0,0.0,0.0,1.0,0.0,1.0,1.0,12
RIGHT,LEFT,False,0.5,weak,1.2,pure_duplication,2,explicit_belief_mixing,0.5247903906099167,0.006635054679737334,0.5205746779926304,0.5290061032272031,0.0,0.0,0.0,0.0,0.0,0.0,0.0,0.0,0.0,0.0,0.0,0.0,1.0,0.0,1.0,1.0,12
RIGHT,LEFT,False,0.5,weak,1.2,pure_duplication,2,ordinary_flat_aggregation,0.6877471875800767,0.04563054284230811,0.658754923841632,0.7167394513185213,0.08961040368722044,0.01995661040571046,0.07693057837356479,0.10229022900087609,0.0,0.0,0.0,0.0,0.0,0.0,0.0,0.0,1.0,0.0,1.0,1.0,12
RIGHT,LEFT,False,0.5,weak,1.2,pure_duplication,2,provenance_preserving,0.5981367838928562,0.025722009127447907,0.5817937989960338,0.6144797687896786,0.0,0.0,0.0,0.0,0.0,0.0,0.0,0.0,0.0,0.0,0.0,0.0,1.0,0.0,1.0,1.0,12
RIGHT,LEFT,False,0.5,weak,1.2,pure_duplication,2,semantic_group_deduplication,0.5486496535571043,0.020729185630267447,0.5354789573645824,0.5618203497496261,0.007348938220407025,0.01937993282586892,-0.004964483639654111,0.019662360080468164,0.0,0.0,0.0,0.0,0.0,0.0,0.0,0.0,1.0,0.0,1.0,1.0,12
RIGHT,LEFT,False,0.5,weak,1.2,pure_duplication,2,single_trajectory_score_average,0.5495807812198333,0.013270109359474692,0.5411493559852605,0.5580122064544062,-9.25185853854297e-18,3.204937810639273e-17,-2.961506188514317e-17,1.1111344808057227e-17,0.0,0.0,0.0,0.0,0.0,0.0,0.0,0.0,1.0,0.0,1.0,1.0,12
RIGHT,LEFT,False,0.5,weak,1.2,pure_duplication,2,source_group_average,0.5495807812198333,0.013270109359474692,0.5411493559852605,0.5580122064544062,0.0,0.0,0.0,0.0,0.0,0.0,0.0,0.0,0.0,0.0,0.0,0.0,1.0,0.0,1.0,1.0,12
RIGHT,LEFT,False,0.5,weak,1.2,pure_duplication,4,exact_deduplication,0.5444866529396828,0.02241177874518365,0.530246888085832,0.5587264177935336,0.003185937602985661,0.028627881846233,-0.015003350734593898,0.02137522594056522,0.0,0.0,0.0,0.0,0.0,0.0,0.0,0.0,1.0,0.0,1.0,1.0,12
RIGHT,LEFT,False,0.5,weak,1.2,pure_duplication,4,explicit_belief_mixing,0.5247903906099167,0.006635054679737334,0.5205746779926304,0.5290061032272031,0.0,0.0,0.0,0.0,0.0,0.0,0.0,0.0,0.0,0.0,0.0,0.0,1.0,0.0,1.0,1.0,12
RIGHT,LEFT,False,0.5,weak,1.2,pure_duplication,4,ordinary_flat_aggregation,0.8237213743808631,0.061425526261845435,0.7846934569657544,0.8627492917959718,0.2255845904880068,0.03636976045860623,0.2024763471571319,0.24869283381888171,0.0,0.0,0.0,0.0,0.0,0.0,0.0,0.0,1.0,0.0,1.0,1.0,12
RIGHT,LEFT,False,0.5,weak,1.2,pure_duplication,4,provenance_preserving,0.5981367838928562,0.025722009127447907,0.5817937989960338,0.6144797687896786,0.0,0.0,0.0,0.0,0.0,0.0,0.0,0.0,0.0,0.0,0.0,0.0,1.0,0.0,1.0,1.0,12
RIGHT,LEFT,False,0.5,weak,1.2,pure_duplication,4,semantic_group_deduplication,0.5444866529396828,0.02241177874518365,0.530246888085832,0.5587264177935336,0.003185937602985661,0.028627881846233,-0.015003350734593898,0.02137522594056522,0.0,0.0,0.0,0.0,0.0,0.0,0.0,0.0,1.0,0.0,1.0,1.0,12
RIGHT,LEFT,False,0.5,weak,1.2,pure_duplication,4,single_trajectory_score_average,0.5495807812198333,0.013270109359474692,0.5411493559852605,0.5580122064544062,0.0,0.0,0.0,0.0,0.0,0.0,0.0,0.0,0.0,0.0,0.0,0.0,1.0,0.0,1.0,1.0,12
RIGHT,LEFT,False,0.5,weak,1.2,pure_duplication,4,source_group_average,0.5495807812198333,0.013270109359474692,0.5411493559852605,0.5580122064544062,0.0,0.0,0.0,0.0,0.0,0.0,0.0,0.0,0.0,0.0,0.0,0.0,1.0,0.0,1.0,1.0,12
RIGHT,LEFT,False,0.5,weak,1.2,pure_duplication,8,exact_deduplication,0.5477941409086751,0.019773901004583982,0.5352304036100856,0.5603578782072646,0.006493425571977907,0.029527049547098012,-0.012267166666558062,0.025254017810513875,0.0,0.0,0.0,0.0,0.0,0.0,0.0,0.0,1.0,0.0,1.0,1.0,12
RIGHT,LEFT,False,0.5,weak,1.2,pure_duplication,8,explicit_belief_mixing,0.5247903906099167,0.006635054679737334,0.5205746779926304,0.5290061032272031,0.0,0.0,0.0,0.0,0.0,0.0,0.0,0.0,0.0,0.0,0.0,0.0,1.0,0.0,1.0,1.0,12
RIGHT,LEFT,False,0.5,weak,1.2,pure_duplication,8,ordinary_flat_aggregation,0.9478458193104341,0.04590934312018784,0.9186764143266053,0.9770152242942629,0.3497090354175778,0.025788939848017348,0.33332352476975435,0.36609454606540126,0.0,0.0,0.0,0.0,0.0,0.0,0.0,0.0,1.0,0.0,1.0,1.0,12
RIGHT,LEFT,False,0.5,weak,1.2,pure_duplication,8,provenance_preserving,0.5981367838928562,0.025722009127447907,0.5817937989960338,0.6144797687896786,0.0,0.0,0.0,0.0,0.0,0.0,0.0,0.0,0.0,0.0,0.0,0.0,1.0,0.0,1.0,1.0,12
RIGHT,LEFT,False,0.5,weak,1.2,pure_duplication,8,semantic_group_deduplication,0.5477941409086751,0.019773901004583982,0.5352304036100856,0.5603578782072646,0.006493425571977907,0.029527049547098012,-0.012267166666558062,0.025254017810513875,0.0,0.0,0.0,0.0,0.0,0.0,0.0,0.0,1.0,0.0,1.0,1.0,12
RIGHT,LEFT,False,0.5,weak,1.2,pure_duplication,8,single_trajectory_score_average,0.5495807812198333,0.013270109359474692,0.5411493559852605,0.5580122064544062,0.0,0.0,0.0,0.0,0.0,0.0,0.0,0.0,0.0,0.0,0.0,0.0,1.0,0.0,1.0,1.0,12
RIGHT,LEFT,False,0.5,weak,1.2,pure_duplication,8,source_group_average,0.5495807812198333,0.013270109359474692,0.5411493559852605,0.5580122064544062,0.0,0.0,0.0,0.0,0.0,0.0,0.0,0.0,0.0,0.0,0.0,0.0,1.0,0.0,1.0,1.0,12
RIGHT,LEFT,False,0.5,weak,1.2,pure_duplication,16,exact_deduplication,0.5416618825615958,0.02164936239549934,0.5279065339454596,0.5554172311777319,0.0003611672248985398,0.014438191035847148,-0.008812421699167707,0.009534756148964787,0.0,0.0,0.0,0.0,0.0,0.0,0.0,0.0,1.0,0.0,1.0,1.0,12
RIGHT,LEFT,False,0.5,weak,1.2,pure_duplication,16,explicit_belief_mixing,0.5247903906099167,0.006635054679737334,0.5205746779926304,0.5290061032272031,-9.25185853854297e-18,3.204937810639273e-17,-2.961506188514317e-17,1.1111344808057227e-17,0.0,0.0,0.0,0.0,0.0,0.0,0.0,0.0,1.0,0.0,1.0,1.0,12
RIGHT,LEFT,False,0.5,weak,1.2,pure_duplication,16,ordinary_flat_aggregation,0.9939274938595125,0.013360238149557705,0.9854388035237651,1.00241618419526,0.3957907099666562,0.018565876021152585,0.38399451512407706,0.4075869048092354,0.0,0.0,0.0,0.0,0.0,0.0,0.0,0.0,1.0,0.0,1.0,1.0,12
RIGHT,LEFT,False,0.5,weak,1.2,pure_duplication,16,provenance_preserving,0.5981367838928562,0.025722009127447907,0.5817937989960338,0.6144797687896786,0.0,0.0,0.0,0.0,0.0,0.0,0.0,0.0,0.0,0.0,0.0,0.0,1.0,0.0,1.0,1.0,12
RIGHT,LEFT,False,0.5,weak,1.2,pure_duplication,16,semantic_group_deduplication,0.5416618825615958,0.02164936239549934,0.5279065339454596,0.5554172311777319,0.0003611672248985398,0.014438191035847148,-0.008812421699167707,0.009534756148964787,0.0,0.0,0.0,0.0,0.0,0.0,0.0,0.0,1.0,0.0,1.0,1.0,12
RIGHT,LEFT,False,0.5,weak,1.2,pure_duplication,16,single_trajectory_score_average,0.5495807812198333,0.013270109359474693,0.5411493559852605,0.5580122064544062,-9.25185853854297e-18,3.204937810639273e-17,-2.961506188514317e-17,1.1111344808057227e-17,0.0,0.0,0.0,0.0,0.0,0.0,0.0,0.0,1.0,0.0,1.0,1.0,12
RIGHT,LEFT,False,0.5,weak,1.2,pure_duplication,16,source_group_average,0.5495807812198333,0.013270109359474692,0.5411493559852605,0.5580122064544062,0.0,0.0,0.0,0.0,0.0,0.0,0.0,0.0,0.0,0.0,0.0,0.0,1.0,0.0,1.0,1.0,12
RIGHT,LEFT,False,0.8,medium,1.5,independent_rollout,1,exact_deduplication,0.8996225087160584,0.008764600563990515,0.8940537471961378,0.905191270235979,0.0,0.0,0.0,0.0,0.0,0.0,0.0,0.0,0.0,0.0,0.0,0.0,1.0,0.0,1.0,1.0,12
RIGHT,LEFT,False,0.8,medium,1.5,independent_rollout,1,explicit_belief_mixing,0.8284280301725344,0.0029812599619906035,0.8265338279626331,0.8303222323824357,0.0,0.0,0.0,0.0,0.0,0.0,0.0,0.0,0.0,0.0,0.0,0.0,1.0,0.0,1.0,1.0,12
RIGHT,LEFT,False,0.8,medium,1.5,independent_rollout,1,ordinary_flat_aggregation,0.8996225087160584,0.008764600563990515,0.8940537471961378,0.905191270235979,0.0,0.0,0.0,0.0,0.0,0.0,0.0,0.0,0.0,0.0,0.0,0.0,1.0,0.0,1.0,1.0,12
RIGHT,LEFT,False,0.8,medium,1.5,independent_rollout,1,provenance_preserving,0.8996225087160584,0.008764600563990515,0.8940537471961378,0.905191270235979,0.0,0.0,0.0,0.0,0.0,0.0,0.0,0.0,0.0,0.0,0.0,0.0,1.0,0.0,1.0,1.0,12
RIGHT,LEFT,False,0.8,medium,1.5,independent_rollout,1,semantic_group_deduplication,0.8996225087160584,0.008764600563990515,0.8940537471961378,0.905191270235979,0.0,0.0,0.0,0.0,0.0,0.0,0.0,0.0,0.0,0.0,0.0,0.0,1.0,0.0,1.0,1.0,12
RIGHT,LEFT,False,0.8,medium,1.5,independent_rollout,1,single_trajectory_score_average,0.8568560603450689,0.005962519923981251,0.8530676559252662,0.8606444647648716,0.0,0.0,0.0,0.0,0.0,0.0,0.0,0.0,0.0,0.0,0.0,0.0,1.0,0.0,1.0,1.0,12
RIGHT,LEFT,False,0.8,medium,1.5,independent_rollout,1,source_group_average,0.8568560603450689,0.005962519923981251,0.8530676559252662,0.8606444647648716,0.0,0.0,0.0,0.0,0.0,0.0,0.0,0.0,0.0,0.0,0.0,0.0,1.0,0.0,1.0,1.0,12
RIGHT,LEFT,False,0.8,medium,1.5,independent_rollout,2,exact_deduplication,0.9525195188875625,0.005237485729752385,0.949191779217051,0.955847258558074,0.052897010171504166,0.006317691512213635,0.048882940490737554,0.05691107985227078,0.0,0.0,0.0,0.0,0.0,0.0,0.0,0.0,1.0,0.0,1.0,1.0,12
RIGHT,LEFT,False,0.8,medium,1.5,independent_rollout,2,explicit_belief_mixing,0.8284220390851891,0.0017763110389903505,0.8272934248957439,0.8295506532746343,-5.991087345382414e-06,0.0021759007169651623,-0.001388492445546052,0.0013765102708552873,0.0,0.0,0.0,0.0,0.0,0.0,0.0,0.0,1.0,0.0,1.0,1.0,12
RIGHT,LEFT,False,0.8,medium,1.5,independent_rollout,2,ordinary_flat_aggregation,0.9525195188875625,0.005237485729752385,0.949191779217051,0.955847258558074,0.052897010171504166,0.006317691512213635,0.048882940490737554,0.05691107985227078,0.0,0.0,0.0,0.0,0.0,0.0,0.0,0.0,1.0,0.0,1.0,1.0,12
RIGHT,LEFT,False,0.8,medium,1.5,independent_rollout,2,provenance_preserving,0.9525195188875625,0.005237485729752385,0.949191779217051,0.955847258558074,0.052897010171504166,0.006317691512213635,0.048882940490737554,0.05691107985227078,0.0,0.0,0.0,0.0,0.0,0.0,0.0,0.0,1.0,0.0,1.0,1.0,12
RIGHT,LEFT,False,0.8,medium,1.5,independent_rollout,2,semantic_group_deduplication,0.8964842848843629,0.004977983189262129,0.8933214252618643,0.8996471445068616,-0.003138223831695227,0.008520443288696982,-0.008551855219953075,0.002275407556562621,0.0,0.0,0.0,0.0,0.0,0.0,0.0,0.0,1.0,0.0,1.0,1.0,12
RIGHT,LEFT,False,0.8,medium,1.5,independent_rollout,2,single_trajectory_score_average,0.856844078170378,0.0035526220779807135,0.8545868497914875,0.8591013065492685,-1.1982174690820338e-05,0.004351801433930355,-0.0027769848910921793,0.002753020541710539,0.0,0.0,0.0,0.0,0.0,0.0,0.0,0.0,1.0,0.0,1.0,1.0,12
RIGHT,LEFT,False,0.8,medium,1.5,independent_rollout,2,source_group_average,0.856844078170378,0.0035526220779807135,0.8545868497914875,0.8591013065492685,-1.1982174690820338e-05,0.004351801433930355,-0.0027769848910921793,0.002753020541710539,0.0,0.0,0.0,0.0,0.0,0.0,0.0,0.0,1.0,0.0,1.0,1.0,12
RIGHT,LEFT,False,0.8,medium,1.5,independent_rollout,4,exact_deduplication,0.990554102678627,0.0017851466028506902,0.9894198746397344,0.9916883307175196,0.09093159396256856,0.008037204198987805,0.08582499804364517,0.09603818988149194,0.0,0.0,0.0,0.0,0.0,0.0,0.0,0.0,1.0,0.0,1.0,1.0,12
RIGHT,LEFT,False,0.8,medium,1.5,independent_rollout,4,explicit_belief_mixing,0.8287732699938042,0.001441953730034971,0.8278570963032066,0.8296894436844018,0.0003452398212698364,0.0025783502738693388,-0.0012929657860673946,0.0019834454286070673,0.0,0.0,0.0,0.0,0.0,0.0,0.0,0.0,1.0,0.0,1.0,1.0,12
RIGHT,LEFT,False,0.8,medium,1.5,independent_rollout,4,ordinary_flat_aggregation,0.990554102678627,0.0017851466028506902,0.9894198746397344,0.9916883307175196,0.09093159396256856,0.008037204198987805,0.08582499804364517,0.09603818988149194,0.0,0.0,0.0,0.0,0.0,0.0,0.0,0.0,1.0,0.0,1.0,1.0,12
RIGHT,LEFT,False,0.8,medium,1.5,independent_rollout,4,provenance_preserving,0.990554102678627,0.0017851466028506902,0.9894198746397344,0.9916883307175196,0.09093159396256856,0.008037204198987805,0.08582499804364517,0.09603818988149194,0.0,0.0,0.0,0.0,0.0,0.0,0.0,0.0,1.0,0.0,1.0,1.0,12
RIGHT,LEFT,False,0.8,medium,1.5,independent_rollout,4,semantic_group_deduplication,0.9019810169525294,0.008676278552449696,0.8964683725614659,0.9074936613435929,0.0023585082364709167,0.012235593840628625,-0.005415617196353993,0.010132633669295827,0.0,0.0,0.0,0.0,0.0,0.0,0.0,0.0,1.0,0.0,1.0,1.0,12
RIGHT,LEFT,False,0.8,medium,1.5,independent_rollout,4,single_trajectory_score_average,0.8575465399876084,0.002883907460069917,0.8557141926064133,0.8593788873688035,0.000690479642539645,0.005156700547738708,-0.0025859315721348357,0.003966890857214126,0.0,0.0,0.0,0.0,0.0,0.0,0.0,0.0,1.0,0.0,1.0,1.0,12
RIGHT,LEFT,False,0.8,medium,1.5,independent_rollout,4,source_group_average,0.8575465399876084,0.002883907460069917,0.8557141926064133,0.8593788873688035,0.000690479642539645,0.005156700547738708,-0.0025859315721348357,0.003966890857214126,0.0,0.0,0.0,0.0,0.0,0.0,0.0,0.0,1.0,0.0,1.0,1.0,12
RIGHT,LEFT,False,0.8,medium,1.5,independent_rollout,8,exact_deduplication,0.99961627433423,0.0001063768538202725,0.999548685705879,0.9996838629625809,0.09999376561817162,0.008719851179829612,0.09445343650047358,0.10553409473586967,0.0,0.0,0.0,0.0,0.0,0.0,0.0,0.0,1.0,0.0,1.0,1.0,12
RIGHT,LEFT,False,0.8,medium,1.5,independent_rollout,8,explicit_belief_mixing,0.8285691405562646,0.0010564409724083876,0.8278979099859423,0.829240371126587,0.00014111038373029738,0.0026878021267478696,-0.0015666376131481248,0.0018488583806087196,0.0,0.0,0.0,0.0,0.0,0.0,0.0,0.0,1.0,0.0,1.0,1.0,12
RIGHT,LEFT,False,0.8,medium,1.5,independent_rollout,8,ordinary_flat_aggregation,0.99961627433423,0.0001063768538202725,0.999548685705879,0.9996838629625809,0.09999376561817162,0.008719851179829612,0.09445343650047358,0.10553409473586967,0.0,0.0,0.0,0.0,0.0,0.0,0.0,0.0,1.0,0.0,1.0,1.0,12
RIGHT,LEFT,False,0.8,medium,1.5,independent_rollout,8,provenance_preserving,0.99961627433423,0.0001063768538202725,0.999548685705879,0.9996838629625809,0.09999376561817162,0.008719851179829612,0.09445343650047358,0.10553409473586967,0.0,0.0,0.0,0.0,0.0,0.0,0.0,0.0,1.0,0.0,1.0,1.0,12
RIGHT,LEFT,False,0.8,medium,1.5,independent_rollout,8,semantic_group_deduplication,0.8990538605759469,0.010800406665222927,0.8921916095700205,0.9059161115818734,-0.0005686481401114644,0.01593525157260633,-0.010693423949333434,0.009556127669110506,0.0,0.0,0.0,0.0,0.0,0.0,0.0,0.0,1.0,0.0,1.0,1.0,12
RIGHT,LEFT,False,0.8,medium,1.5,independent_rollout,8,single_trajectory_score_average,0.8571382811125292,0.0021128819448167717,0.8557958199718845,0.858480742253174,0.00028222076746055774,0.005375604253495797,-0.0031332752262963233,0.003697716761217439,0.0,0.0,0.0,0.0,0.0,0.0,0.0,0.0,1.0,0.0,1.0,1.0,12
RIGHT,LEFT,False,0.8,medium,1.5,independent_rollout,8,source_group_average,0.8571382811125292,0.0021128819448167717,0.8557958199718845,0.858480742253174,0.00028222076746055774,0.005375604253495797,-0.0031332752262963233,0.003697716761217439,0.0,0.0,0.0,0.0,0.0,0.0,0.0,0.0,1.0,0.0,1.0,1.0,12
RIGHT,LEFT,False,0.8,medium,1.5,independent_rollout,16,exact_deduplication,0.9999993690783288,2.2538316108139847e-07,0.9999992258767002,0.9999995122799573,0.10037686036227056,0.008764499748195232,0.09480816289765029,0.10594555782689083,0.0,0.0,0.0,0.0,0.0,0.0,0.0,0.0,1.0,0.0,1.0,1.0,12
RIGHT,LEFT,False,0.8,medium,1.5,independent_rollout,16,explicit_belief_mixing,0.828428584113312,0.0007575942295581893,0.8279472317045541,0.8289099365220699,5.539407777199745e-07,0.0027331320032730343,-0.0017359952855752325,0.0017371031671306724,0.0,0.0,0.0,0.0,0.0,0.0,0.0,0.0,1.0,0.0,1.0,1.0,12
RIGHT,LEFT,False,0.8,medium,1.5,independent_rollout,16,ordinary_flat_aggregation,0.9999993690783288,2.2538316108139847e-07,0.9999992258767002,0.9999995122799573,0.10037686036227056,0.008764499748195232,0.09480816289765029,0.10594555782689083,0.0,0.0,0.0,0.0,0.0,0.0,0.0,0.0,1.0,0.0,1.0,1.0,12
RIGHT,LEFT,False,0.8,medium,1.5,independent_rollout,16,provenance_preserving,0.9999993690783288,2.2538316108139847e-07,0.9999992258767002,0.9999995122799573,0.10037686036227056,0.008764499748195232,0.09480816289765029,0.10594555782689083,0.0,0.0,0.0,0.0,0.0,0.0,0.0,0.0,1.0,0.0,1.0,1.0,12
RIGHT,LEFT,False,0.8,medium,1.5,independent_rollout,16,semantic_group_deduplication,0.9018711878440318,0.010981907996131168,0.894893616394236,0.9088487592938275,0.0022486791279735796,0.008715602825152649,-0.003288950713941698,0.007786308969888857,0.0,0.0,0.0,0.0,0.0,0.0,0.0,0.0,1.0,0.0,1.0,1.0,12
RIGHT,LEFT,False,0.8,medium,1.5,independent_rollout,16,single_trajectory_score_average,0.856857168226624,0.0015151884591163994,0.8558944634091082,0.8578198730441399,1.1078815553659342e-06,0.005466264006546087,-0.003471990571150551,0.0034742063342612824,0.0,0.0,0.0,0.0,0.0,0.0,0.0,0.0,1.0,0.0,1.0,1.0,12
RIGHT,LEFT,False,0.8,medium,1.5,independent_rollout,16,source_group_average,0.856857168226624,0.0015151884591163994,0.8558944634091082,0.8578198730441399,1.1078815553659342e-06,0.005466264006546087,-0.003471990571150551,0.0034742063342612824,0.0,0.0,0.0,0.0,0.0,0.0,0.0,0.0,1.0,0.0,1.0,1.0,12
RIGHT,LEFT,False,0.8,medium,1.5,pure_duplication,1,exact_deduplication,0.8579728877423795,0.007284961791166502,0.8533442438469103,0.8626015316378486,0.0,0.0,0.0,0.0,0.0,0.0,0.0,0.0,0.0,0.0,0.0,0.0,1.0,0.0,1.0,1.0,12
RIGHT,LEFT,False,0.8,medium,1.5,pure_duplication,1,explicit_belief_mixing,0.8284280301725344,0.0029812599619906035,0.8265338279626331,0.8303222323824357,0.0,0.0,0.0,0.0,0.0,0.0,0.0,0.0,0.0,0.0,0.0,0.0,1.0,0.0,1.0,1.0,12
RIGHT,LEFT,False,0.8,medium,1.5,pure_duplication,1,ordinary_flat_aggregation,0.8996225087160584,0.008764600563990515,0.8940537471961378,0.905191270235979,0.0,0.0,0.0,0.0,0.0,0.0,0.0,0.0,0.0,0.0,0.0,0.0,1.0,0.0,1.0,1.0,12
RIGHT,LEFT,False,0.8,medium,1.5,pure_duplication,1,provenance_preserving,0.8996225087160584,0.008764600563990515,0.8940537471961378,0.905191270235979,0.0,0.0,0.0,0.0,0.0,0.0,0.0,0.0,0.0,0.0,0.0,0.0,1.0,0.0,1.0,1.0,12
RIGHT,LEFT,False,0.8,medium,1.5,pure_duplication,1,semantic_group_deduplication,0.8579728877423795,0.007284961791166502,0.8533442438469103,0.8626015316378486,0.0,0.0,0.0,0.0,0.0,0.0,0.0,0.0,0.0,0.0,0.0,0.0,1.0,0.0,1.0,1.0,12
RIGHT,LEFT,False,0.8,medium,1.5,pure_duplication,1,single_trajectory_score_average,0.8568560603450689,0.005962519923981251,0.8530676559252662,0.8606444647648716,0.0,0.0,0.0,0.0,0.0,0.0,0.0,0.0,0.0,0.0,0.0,0.0,1.0,0.0,1.0,1.0,12
RIGHT,LEFT,False,0.8,medium,1.5,pure_duplication,1,source_group_average,0.8568560603450689,0.005962519923981251,0.8530676559252662,0.8606444647648716,0.0,0.0,0.0,0.0,0.0,0.0,0.0,0.0,0.0,0.0,0.0,0.0,1.0,0.0,1.0,1.0,12
RIGHT,LEFT,False,0.8,medium,1.5,pure_duplication,2,exact_deduplication,0.8565345475799924,0.00776086606127307,0.8516035285372263,0.8614655666227584,-0.001438340162387151,0.009497574429084228,-0.007472811057793876,0.004596130733019573,0.0,0.0,0.0,0.0,0.0,0.0,0.0,0.0,1.0,0.0,1.0,1.0,12
RIGHT,LEFT,False,0.8,medium,1.5,pure_duplication,2,explicit_belief_mixing,0.8284280301725344,0.0029812599619906035,0.8265338279626331,0.8303222323824357,0.0,0.0,0.0,0.0,0.0,0.0,0.0,0.0,0.0,0.0,0.0,0.0,1.0,0.0,1.0,1.0,12
RIGHT,LEFT,False,0.8,medium,1.5,pure_duplication,2,ordinary_flat_aggregation,0.9521698432838589,0.008992413407988542,0.9464563363884774,0.9578833501792404,0.052547334567800606,0.0004486222644592461,0.05226229357990157,0.05283237555569964,0.0,0.0,0.0,0.0,0.0,0.0,0.0,0.0,1.0,0.0,1.0,1.0,12
RIGHT,LEFT,False,0.8,medium,1.5,pure_duplication,2,provenance_preserving,0.8996225087160584,0.008764600563990515,0.8940537471961378,0.905191270235979,0.0,0.0,0.0,0.0,0.0,0.0,0.0,0.0,0.0,0.0,0.0,0.0,1.0,0.0,1.0,1.0,12
RIGHT,LEFT,False,0.8,medium,1.5,pure_duplication,2,semantic_group_deduplication,0.8565345475799924,0.00776086606127307,0.8516035285372263,0.8614655666227584,-0.001438340162387151,0.009497574429084228,-0.007472811057793876,0.004596130733019573,0.0,0.0,0.0,0.0,0.0,0.0,0.0,0.0,1.0,0.0,1.0,1.0,12
RIGHT,LEFT,False,0.8,medium,1.5,pure_duplication,2,single_trajectory_score_average,0.8568560603450687,0.0059625199239812295,0.853067655925266,0.8606444647648713,-1.850371707708594e-17,4.321537262272485e-17,-4.596145486826371e-17,8.95402071409183e-18,0.0,0.0,0.0,0.0,0.0,0.0,0.0,0.0,1.0,0.0,1.0,1.0,12
RIGHT,LEFT,False,0.8,medium,1.5,pure_duplication,2,source_group_average,0.8568560603450689,0.005962519923981251,0.8530676559252662,0.8606444647648716,0.0,0.0,0.0,0.0,0.0,0.0,0.0,0.0,0.0,0.0,0.0,0.0,1.0,0.0,1.0,1.0,12
RIGHT,LEFT,False,0.8,medium,1.5,pure_duplication,4,exact_deduplication,0.8553864279275318,0.011910154479789511,0.8478190767996484,0.8629537790554153,-0.0025864598148476747,0.012028985652568217,-0.010229312667824692,0.005056393038129344,0.0,0.0,0.0,0.0,0.0,0.0,0.0,0.0,1.0,0.0,1.0,1.0,12
RIGHT,LEFT,False,0.8,medium,1.5,pure_duplication,4,explicit_belief_mixing,0.8284280301725344,0.0029812599619906035,0.8265338279626331,0.8303222323824357,0.0,0.0,0.0,0.0,0.0,0.0,0.0,0.0,0.0,0.0,0.0,0.0,1.0,0.0,1.0,1.0,12
RIGHT,LEFT,False,0.8,medium,1.5,pure_duplication,4,ordinary_flat_aggregation,0.9896320764113989,0.004181304206616916,0.9869754024650065,0.9922887503577914,0.09000956769534062,0.00465343762009592,0.08705291448964764,0.0929662209010336,0.0,0.0,0.0,0.0,0.0,0.0,0.0,0.0,1.0,0.0,1.0,1.0,12
RIGHT,LEFT,False,0.8,medium,1.5,pure_duplication,4,provenance_preserving,0.8996225087160584,0.008764600563990515,0.8940537471961378,0.905191270235979,0.0,0.0,0.0,0.0,0.0,0.0,0.0,0.0,0.0,0.0,0.0,0.0,1.0,0.0,1.0,1.0,12
RIGHT,LEFT,False,0.8,medium,1.5,pure_duplication,4,semantic_group_deduplication,0.8553864279275318,0.011910154479789511,0.8478190767996484,0.8629537790554153,-0.0025864598148476747,0.012028985652568217,-0.010229312667824692,0.005056393038129344,0.0,0.0,0.0,0.0,0.0,0.0,0.0,0.0,1.0,0.0,1.0,1.0,12
RIGHT,LEFT,False,0.8,medium,1.5,pure_duplication,4,single_trajectory_score_average,0.8568560603450689,0.005962519923981251,0.8530676559252662,0.8606444647648716,0.0,0.0,0.0,0.0,0.0,0.0,0.0,0.0,0.0,0.0,0.0,0.0,1.0,0.0,1.0,1.0,12
RIGHT,LEFT,False,0.8,medium,1.5,pure_duplication,4,source_group_average,0.8568560603450689,0.005962519923981251,0.8530676559252662,0.8606444647648716,0.0,0.0,0.0,0.0,0.0,0.0,0.0,0.0,0.0,0.0,0.0,0.0,1.0,0.0,1.0,1.0,12
RIGHT,LEFT,False,0.8,medium,1.5,pure_duplication,8,exact_deduplication,0.8564313486783988,0.011524063106742193,0.8491093083054894,0.8637533890513082,-0.0015415390639806996,0.014689913158136848,-0.010875064594180356,0.007791986466218957,0.0,0.0,0.0,0.0,0.0,0.0,0.0,0.0,1.0,0.0,1.0,1.0,12
RIGHT,LEFT,False,0.8,medium,1.5,pure_duplication,8,explicit_belief_mixing,0.8284280301725344,0.0029812599619906035,0.8265338279626331,0.8303222323824357,0.0,0.0,0.0,0.0,0.0,0.0,0.0,0.0,0.0,0.0,0.0,0.0,1.0,0.0,1.0,1.0,12
RIGHT,LEFT,False,0.8,medium,1.5,pure_duplication,8,ordinary_flat_aggregation,0.9994926757010664,0.0004281508072554054,0.9992206416565301,0.9997647097456026,0.0998701669850081,0.00835569159618126,0.09456121382811115,0.10517912014190504,0.0,0.0,0.0,0.0,0.0,0.0,0.0,0.0,1.0,0.0,1.0,1.0,12
RIGHT,LEFT,False,0.8,medium,1.5,pure_duplication,8,provenance_preserving,0.8996225087160584,0.008764600563990515,0.8940537471961378,0.905191270235979,0.0,0.0,0.0,0.0,0.0,0.0,0.0,0.0,0.0,0.0,0.0,0.0,1.0,0.0,1.0,1.0,12
RIGHT,LEFT,False,0.8,medium,1.5,pure_duplication,8,semantic_group_deduplication,0.8564313486783988,0.011524063106742193,0.8491093083054894,0.8637533890513082,-0.0015415390639806996,0.014689913158136848,-0.010875064594180356,0.007791986466218957,0.0,0.0,0.0,0.0,0.0,0.0,0.0,0.0,1.0,0.0,1.0,1.0,12
RIGHT,LEFT,False,0.8,medium,1.5,pure_duplication,8,single_trajectory_score_average,0.8568560603450689,0.005962519923981251,0.8530676559252662,0.8606444647648716,0.0,0.0,0.0,0.0,0.0,0.0,0.0,0.0,0.0,0.0,0.0,0.0,1.0,0.0,1.0,1.0,12
RIGHT,LEFT,False,0.8,medium,1.5,pure_duplication,8,source_group_average,0.8568560603450689,0.005962519923981251,0.8530676559252662,0.8606444647648716,0.0,0.0,0.0,0.0,0.0,0.0,0.0,0.0,0.0,0.0,0.0,0.0,1.0,0.0,1.0,1.0,12
RIGHT,LEFT,False,0.8,medium,1.5,pure_duplication,16,exact_deduplication,0.8594118601735184,0.007343711506512676,0.8547458884897791,0.8640778318572578,0.0014389724311390055,0.00577870828886643,-0.0022326436475330344,0.005110588509811045,0.0,0.0,0.0,0.0,0.0,0.0,0.0,0.0,1.0,0.0,1.0,1.0,12
RIGHT,LEFT,False,0.8,medium,1.5,pure_duplication,16,explicit_belief_mixing,0.8284280301725344,0.0029812599619906035,0.8265338279626331,0.8303222323824357,0.0,0.0,0.0,0.0,0.0,0.0,0.0,0.0,0.0,0.0,0.0,0.0,1.0,0.0,1.0,1.0,12
RIGHT,LEFT,False,0.8,medium,1.5,pure_duplication,16,ordinary_flat_aggregation,0.9999982944993976,2.7934289133758107e-06,0.9999965196393423,1.0000000693594528,0.10037578578333935,0.008762199481300342,0.09480854983857685,0.10594302172810184,0.0,0.0,0.0,0.0,0.0,0.0,0.0,0.0,1.0,0.0,1.0,1.0,12
RIGHT,LEFT,False,0.8,medium,1.5,pure_duplication,16,provenance_preserving,0.8996225087160584,0.008764600563990515,0.8940537471961378,0.905191270235979,0.0,0.0,0.0,0.0,0.0,0.0,0.0,0.0,0.0,0.0,0.0,0.0,1.0,0.0,1.0,1.0,12
RIGHT,LEFT,False,0.8,medium,1.5,pure_duplication,16,semantic_group_deduplication,0.8594118601735184,0.007343711506512676,0.8547458884897791,0.8640778318572578,0.0014389724311390055,0.00577870828886643,-0.0022326436475330344,0.005110588509811045,0.0,0.0,0.0,0.0,0.0,0.0,0.0,0.0,1.0,0.0,1.0,1.0,12
RIGHT,LEFT,False,0.8,medium,1.5,pure_duplication,16,single_trajectory_score_average,0.8568560603450687,0.005962519923981209,0.853067655925266,0.8606444647648713,-2.7755575615628914e-17,6.900941601584843e-17,-7.160206669248857e-17,1.6090915461230733e-17,0.0,0.0,0.0,0.0,0.0,0.0,0.0,0.0,1.0,0.0,1.0,1.0,12
RIGHT,LEFT,False,0.8,medium,1.5,pure_duplication,16,source_group_average,0.8568560603450689,0.005962519923981251,0.8530676559252662,0.8606444647648716,0.0,0.0,0.0,0.0,0.0,0.0,0.0,0.0,0.0,0.0,0.0,0.0,1.0,0.0,1.0,1.0,12
RIGHT,LEFT,False,0.8,strong,2.0,independent_rollout,1,exact_deduplication,0.9411838850485265,0.005279597148402436,0.9378293890591143,0.9445383810379386,0.0,0.0,0.0,0.0,0.0,0.0,0.0,0.0,0.0,0.0,0.0,0.0,1.0,0.0,1.0,1.0,12
RIGHT,LEFT,False,0.8,strong,2.0,independent_rollout,1,explicit_belief_mixing,0.8444131516839203,0.002334886408012699,0.8429296356369087,0.8458966677309319,0.0,0.0,0.0,0.0,0.0,0.0,0.0,0.0,0.0,0.0,0.0,0.0,1.0,0.0,1.0,1.0,12
RIGHT,LEFT,False,0.8,strong,2.0,independent_rollout,1,ordinary_flat_aggregation,0.9411838850485265,0.005279597148402436,0.9378293890591143,0.9445383810379386,0.0,0.0,0.0,0.0,0.0,0.0,0.0,0.0,0.0,0.0,0.0,0.0,1.0,0.0,1.0,1.0,12
RIGHT,LEFT,False,0.8,strong,2.0,independent_rollout,1,provenance_preserving,0.9411838850485265,0.005279597148402436,0.9378293890591143,0.9445383810379386,0.0,0.0,0.0,0.0,0.0,0.0,0.0,0.0,0.0,0.0,0.0,0.0,1.0,0.0,1.0,1.0,12
RIGHT,LEFT,False,0.8,strong,2.0,independent_rollout,1,semantic_group_deduplication,0.9411838850485265,0.005279597148402436,0.9378293890591143,0.9445383810379386,0.0,0.0,0.0,0.0,0.0,0.0,0.0,0.0,0.0,0.0,0.0,0.0,1.0,0.0,1.0,1.0,12
RIGHT,LEFT,False,0.8,strong,2.0,independent_rollout,1,single_trajectory_score_average,0.8888263033678404,0.00466977281602537,0.8858592712738173,0.8917933354618636,0.0,0.0,0.0,0.0,0.0,0.0,0.0,0.0,0.0,0.0,0.0,0.0,1.0,0.0,1.0,1.0,12
RIGHT,LEFT,False,0.8,strong,2.0,independent_rollout,1,source_group_average,0.8888263033678404,0.00466977281602537,0.8858592712738173,0.8917933354618636,0.0,0.0,0.0,0.0,0.0,0.0,0.0,0.0,0.0,0.0,0.0,0.0,1.0,0.0,1.0,1.0,12
RIGHT,LEFT,False,0.8,strong,2.0,independent_rollout,2,exact_deduplication,0.9844661554100363,0.0016010483530200968,0.9834488978185767,0.985483413001496,0.04328227036150999,0.003931625595964138,0.04078423463590112,0.04578030608711887,0.0,0.0,0.0,0.0,0.0,0.0,0.0,0.0,1.0,0.0,1.0,1.0,12
RIGHT,LEFT,False,0.8,strong,2.0,independent_rollout,2,explicit_belief_mixing,0.8443037827859823,0.0012917300085810495,0.8434830566943146,0.84512450887765,-0.00010936889793795405,0.0013372784878294464,-0.0009590351126241401,0.000740297316748232,0.0,0.0,0.0,0.0,0.0,0.0,0.0,0.0,1.0,0.0,1.0,1.0,12
RIGHT,LEFT,False,0.8,strong,2.0,independent_rollout,2,ordinary_flat_aggregation,0.9844661554100363,0.0016010483530200968,0.9834488978185767,0.985483413001496,0.04328227036150999,0.003931625595964138,0.04078423463590112,0.04578030608711887,0.0,0.0,0.0,0.0,0.0,0.0,0.0,0.0,1.0,0.0,1.0,1.0,12
RIGHT,LEFT,False,0.8,strong,2.0,independent_rollout,2,provenance_preserving,0.9844661554100363,0.0016010483530200968,0.9834488978185767,0.985483413001496,0.04328227036150999,0.003931625595964138,0.04078423463590112,0.04578030608711887,0.0,0.0,0.0,0.0,0.0,0.0,0.0,0.0,1.0,0.0,1.0,1.0,12
RIGHT,LEFT,False,0.8,strong,2.0,independent_rollout,2,semantic_group_deduplication,0.9412783380695741,0.004096624067445358,0.9386754673167301,0.943881208822418,9.445302104750068e-05,0.004442820518954096,-0.0027283804629465135,0.0029172865050415145,0.0,0.0,0.0,0.0,0.0,0.0,0.0,0.0,1.0,0.0,1.0,1.0,12
RIGHT,LEFT,False,0.8,strong,2.0,independent_rollout,2,single_trajectory_score_average,0.8886075655719644,0.0025834600171620644,0.886966113388629,0.8902490177552999,-0.00021873779587599138,0.002674556975658875,-0.001918070225248352,0.0014805946334963695,0.0,0.0,0.0,0.0,0.0,0.0,0.0,0.0,1.0,0.0,1.0,1.0,12
RIGHT,LEFT,False,0.8,strong,2.0,independent_rollout,2,source_group_average,0.8886075655719644,0.0025834600171620644,0.886966113388629,0.8902490177552999,-0.00021873779587599138,0.002674556975658875,-0.001918070225248352,0.0014805946334963695,0.0,0.0,0.0,0.0,0.0,0.0,0.0,0.0,1.0,0.0,1.0,1.0,12
RIGHT,LEFT,False,0.8,strong,2.0,independent_rollout,4,exact_deduplication,0.999078714297084,0.00018339647512790266,0.9989621897360244,0.9991952388581435,0.05789482924855746,0.005162110779772999,0.054614980536446964,0.06117467796066796,0.0,0.0,0.0,0.0,0.0,0.0,0.0,0.0,1.0,0.0,1.0,1.0,12
RIGHT,LEFT,False,0.8,strong,2.0,independent_rollout,4,explicit_belief_mixing,0.8448186321095599,0.0011513581024775103,0.8440870940719831,0.8455501701471366,0.00040548042563962977,0.0017556580308211267,-0.0007100114684627159,0.0015209723197419755,0.0,0.0,0.0,0.0,0.0,0.0,0.0,0.0,1.0,0.0,1.0,1.0,12
RIGHT,LEFT,False,0.8,strong,2.0,independent_rollout,4,ordinary_flat_aggregation,0.999078714297084,0.00018339647512790266,0.9989621897360244,0.9991952388581435,0.05789482924855746,0.005162110779772999,0.054614980536446964,0.06117467796066796,0.0,0.0,0.0,0.0,0.0,0.0,0.0,0.0,1.0,0.0,1.0,1.0,12
RIGHT,LEFT,False,0.8,strong,2.0,independent_rollout,4,provenance_preserving,0.999078714297084,0.00018339647512790266,0.9989621897360244,0.9991952388581435,0.05789482924855746,0.005162110779772999,0.054614980536446964,0.06117467796066796,0.0,0.0,0.0,0.0,0.0,0.0,0.0,0.0,1.0,0.0,1.0,1.0,12
RIGHT,LEFT,False,0.8,strong,2.0,independent_rollout,4,semantic_group_deduplication,0.9404229462673349,0.005068981746587147,0.9372022689199211,0.9436436236147487,-0.0007609387811913318,0.006935739370306278,-0.00516769733630964,0.0036458197739269757,0.0,0.0,0.0,0.0,0.0,0.0,0.0,0.0,1.0,0.0,1.0,1.0,12
RIGHT,LEFT,False,0.8,strong,2.0,independent_rollout,4,single_trajectory_score_average,0.8896372642191196,0.0023027162049550328,0.8881741881439661,0.8911003402942731,0.0008109608512792225,0.0035113160616422096,-0.0014200229369254413,0.003041944639483886,0.0,0.0,0.0,0.0,0.0,0.0,0.0,0.0,1.0,0.0,1.0,1.0,12
RIGHT,LEFT,False,0.8,strong,2.0,independent_rollout,4,source_group_average,0.8896372642191196,0.0023027162049550328,0.8881741881439661,0.8911003402942731,0.0008109608512792225,0.0035113160616422096,-0.0014200229369254413,0.003041944639483886,0.0,0.0,0.0,0.0,0.0,0.0,0.0,0.0,1.0,0.0,1.0,1.0,12
RIGHT,LEFT,False,0.8,strong,2.0,independent_rollout,8,exact_deduplication,0.99999618753442,8.860108885165535e-07,0.9999956245899588,0.9999967504788811,0.05881230248589365,0.005279451854712045,0.05545789881168809,0.06216670616009921,0.0,0.0,0.0,0.0,0.0,0.0,0.0,0.0,1.0,0.0,1.0,1.0,12
RIGHT,LEFT,False,0.8,strong,2.0,independent_rollout,8,explicit_belief_mixing,0.8444329214408487,0.0007321163938293995,0.8439677568766116,0.8448980860050858,1.9769756928467164e-05,0.0023017579644842067,-0.0014426974812766728,0.001482236995133607,0.0,0.0,0.0,0.0,0.0,0.0,0.0,0.0,1.0,0.0,1.0,1.0,12
RIGHT,LEFT,False,0.8,strong,2.0,independent_rollout,8,ordinary_flat_aggregation,0.99999618753442,8.860108885165535e-07,0.9999956245899588,0.9999967504788811,0.05881230248589365,0.005279451854712045,0.05545789881168809,0.06216670616009921,0.0,0.0,0.0,0.0,0.0,0.0,0.0,0.0,1.0,0.0,1.0,1.0,12
RIGHT,LEFT,False,0.8,strong,2.0,independent_rollout,8,provenance_preserving,0.99999618753442,8.860108885165535e-07,0.9999956245899588,0.9999967504788811,0.05881230248589365,0.005279451854712045,0.05545789881168809,0.06216670616009921,0.0,0.0,0.0,0.0,0.0,0.0,0.0,0.0,1.0,0.0,1.0,1.0,12
RIGHT,LEFT,False,0.8,strong,2.0,independent_rollout,8,semantic_group_deduplication,0.9424167105143472,0.0037894855805130174,0.9400089862459127,0.9448244347827817,0.0012328254658206157,0.00599169860958927,-0.002574118206333547,0.005039769137974779,0.0,0.0,0.0,0.0,0.0,0.0,0.0,0.0,1.0,0.0,1.0,1.0,12
RIGHT,LEFT,False,0.8,strong,2.0,independent_rollout,8,single_trajectory_score_average,0.8888658428816973,0.001464232787658789,0.8879355137532233,0.8897961720101714,3.953951385685106e-05,0.0046035159289683665,-0.0028853949625533993,0.0029644739902671014,0.0,0.0,0.0,0.0,0.0,0.0,0.0,0.0,1.0,0.0,1.0,1.0,12
RIGHT,LEFT,False,0.8,strong,2.0,independent_rollout,8,source_group_average,0.8888658428816973,0.001464232787658789,0.8879355137532233,0.8897961720101714,3.953951385685106e-05,0.0046035159289683665,-0.0028853949625533993,0.0029644739902671014,0.0,0.0,0.0,0.0,0.0,0.0,0.0,0.0,1.0,0.0,1.0,1.0,12
RIGHT,LEFT,False,0.8,strong,2.0,independent_rollout,16,exact_deduplication,0.999999999945918,1.2213971881729307e-11,0.9999999999381577,0.9999999999536784,0.05881611489739167,0.005279597152754309,0.05546161890521443,0.06217061088956891,0.0,0.0,0.0,0.0,0.0,0.0,0.0,0.0,1.0,0.0,1.0,1.0,12
RIGHT,LEFT,False,0.8,strong,2.0,independent_rollout,16,explicit_belief_mixing,0.8445079307850477,0.00036901078920958686,0.844273472515286,0.8447423890548095,9.477910112741979e-05,0.002514348691751075,-0.0015027618409906634,0.0016923200432455029,0.0,0.0,0.0,0.0,0.0,0.0,0.0,0.0,1.0,0.0,1.0,1.0,12
RIGHT,LEFT,False,0.8,strong,2.0,independent_rollout,16,ordinary_flat_aggregation,0.999999999945918,1.2213971881729307e-11,0.9999999999381577,0.9999999999536784,0.05881611489739167,0.005279597152754309,0.05546161890521443,0.06217061088956891,0.0,0.0,0.0,0.0,0.0,0.0,0.0,0.0,1.0,0.0,1.0,1.0,12
RIGHT,LEFT,False,0.8,strong,2.0,independent_rollout,16,provenance_preserving,0.999999999945918,1.2213971881729307e-11,0.9999999999381577,0.9999999999536784,0.05881611489739167,0.005279597152754309,0.05546161890521443,0.06217061088956891,0.0,0.0,0.0,0.0,0.0,0.0,0.0,0.0,1.0,0.0,1.0,1.0,12
RIGHT,LEFT,False,0.8,strong,2.0,independent_rollout,16,semantic_group_deduplication,0.9416531628702592,0.00429412038279967,0.9389248089452797,0.9443815167952387,0.0004692778217328386,0.007824517609342272,-0.004502183485228045,0.005440739128693722,0.0,0.0,0.0,0.0,0.0,0.0,0.0,0.0,1.0,0.0,1.0,1.0,12
RIGHT,LEFT,False,0.8,strong,2.0,independent_rollout,16,single_trajectory_score_average,0.8890158615700953,0.0007380215784191798,0.8885469450305719,0.8894847781096187,0.0001895582022548211,0.0050286973835021315,-0.0030055236819813338,0.0033846400864909762,0.0,0.0,0.0,0.0,0.0,0.0,0.0,0.0,1.0,0.0,1.0,1.0,12
RIGHT,LEFT,False,0.8,strong,2.0,independent_rollout,16,source_group_average,0.8890158615700953,0.0007380215784191798,0.8885469450305719,0.8894847781096187,0.0001895582022548211,0.0050286973835021315,-0.0030055236819813338,0.0033846400864909762,0.0,0.0,0.0,0.0,0.0,0.0,0.0,0.0,1.0,0.0,1.0,1.0,12
RIGHT,LEFT,False,0.8,strong,2.0,pure_duplication,1,exact_deduplication,0.8880313453254689,0.007861929251637095,0.8830361137950407,0.8930265768558971,0.0,0.0,0.0,0.0,0.0,0.0,0.0,0.0,0.0,0.0,0.0,0.0,1.0,0.0,1.0,1.0,12
RIGHT,LEFT,False,0.8,strong,2.0,pure_duplication,1,explicit_belief_mixing,0.8444131516839203,0.002334886408012699,0.8429296356369087,0.8458966677309319,0.0,0.0,0.0,0.0,0.0,0.0,0.0,0.0,0.0,0.0,0.0,0.0,1.0,0.0,1.0,1.0,12
RIGHT,LEFT,False,0.8,strong,2.0,pure_duplication,1,ordinary_flat_aggregation,0.9411838850485265,0.005279597148402436,0.9378293890591143,0.9445383810379386,0.0,0.0,0.0,0.0,0.0,0.0,0.0,0.0,0.0,0.0,0.0,0.0,1.0,0.0,1.0,1.0,12
RIGHT,LEFT,False,0.8,strong,2.0,pure_duplication,1,provenance_preserving,0.9411838850485265,0.005279597148402436,0.9378293890591143,0.9445383810379386,0.0,0.0,0.0,0.0,0.0,0.0,0.0,0.0,0.0,0.0,0.0,0.0,1.0,0.0,1.0,1.0,12
RIGHT,LEFT,False,0.8,strong,2.0,pure_duplication,1,semantic_group_deduplication,0.8880313453254689,0.007861929251637095,0.8830361137950407,0.8930265768558971,0.0,0.0,0.0,0.0,0.0,0.0,0.0,0.0,0.0,0.0,0.0,0.0,1.0,0.0,1.0,1.0,12
RIGHT,LEFT,False,0.8,strong,2.0,pure_duplication,1,single_trajectory_score_average,0.8888263033678404,0.00466977281602537,0.8858592712738173,0.8917933354618636,0.0,0.0,0.0,0.0,0.0,0.0,0.0,0.0,0.0,0.0,0.0,0.0,1.0,0.0,1.0,1.0,12
RIGHT,LEFT,False,0.8,strong,2.0,pure_duplication,1,source_group_average,0.8888263033678404,0.00466977281602537,0.8858592712738173,0.8917933354618636,0.0,0.0,0.0,0.0,0.0,0.0,0.0,0.0,0.0,0.0,0.0,0.0,1.0,0.0,1.0,1.0,12
RIGHT,LEFT,False,0.8,strong,2.0,pure_duplication,2,exact_deduplication,0.8929043700227141,0.0068888609642290795,0.8885273965858076,0.8972813434596205,0.00487302469724508,0.00978174744989057,-0.0013420011215391726,0.011088050516029332,0.0,0.0,0.0,0.0,0.0,0.0,0.0,0.0,1.0,0.0,1.0,1.0,12
RIGHT,LEFT,False,0.8,strong,2.0,pure_duplication,2,explicit_belief_mixing,0.8444131516839203,0.002334886408012709,0.8429296356369087,0.8458966677309319,9.25185853854297e-18,3.204937810639273e-17,-1.1111344808057227e-17,2.961506188514317e-17,0.0,0.0,0.0,0.0,0.0,0.0,0.0,0.0,1.0,0.0,1.0,1.0,12
RIGHT,LEFT,False,0.8,strong,2.0,pure_duplication,2,ordinary_flat_aggregation,0.9844855343376767,0.003021207111741588,0.9825659509197283,0.9864051177556251,0.04330164928915029,0.002270673132377128,0.041858932411001755,0.04474436616729883,0.0,0.0,0.0,0.0,0.0,0.0,0.0,0.0,1.0,0.0,1.0,1.0,12
RIGHT,LEFT,False,0.8,strong,2.0,pure_duplication,2,provenance_preserving,0.9411838850485265,0.005279597148402436,0.9378293890591143,0.9445383810379386,0.0,0.0,0.0,0.0,0.0,0.0,0.0,0.0,0.0,0.0,0.0,0.0,1.0,0.0,1.0,1.0,12
RIGHT,LEFT,False,0.8,strong,2.0,pure_duplication,2,semantic_group_deduplication,0.8929043700227141,0.0068888609642290795,0.8885273965858076,0.8972813434596205,0.00487302469724508,0.00978174744989057,-0.0013420011215391726,0.011088050516029332,0.0,0.0,0.0,0.0,0.0,0.0,0.0,0.0,1.0,0.0,1.0,1.0,12
RIGHT,LEFT,False,0.8,strong,2.0,pure_duplication,2,single_trajectory_score_average,0.8888263033678404,0.004669772816025395,0.8858592712738173,0.8917933354618636,-9.25185853854297e-18,5.716856438735954e-17,-4.557503141848114e-17,2.7071314341395202e-17,0.0,0.0,0.0,0.0,0.0,0.0,0.0,0.0,1.0,0.0,1.0,1.0,12
RIGHT,LEFT,False,0.8,strong,2.0,pure_duplication,2,source_group_average,0.8888263033678404,0.00466977281602537,0.8858592712738173,0.8917933354618636,0.0,0.0,0.0,0.0,0.0,0.0,0.0,0.0,0.0,0.0,0.0,0.0,1.0,0.0,1.0,1.0,12
RIGHT,LEFT,False,0.8,strong,2.0,pure_duplication,4,exact_deduplication,0.8867834166586048,0.007373629976833059,0.8820984356857325,0.8914683976314771,-0.0012479286668639993,0.003081586271220642,-0.00320587517249185,0.0007100178387638518,0.0,0.0,0.0,0.0,0.0,0.0,0.0,0.0,1.0,0.0,1.0,1.0,12
RIGHT,LEFT,False,0.8,strong,2.0,pure_duplication,4,explicit_belief_mixing,0.8444131516839203,0.002334886408012699,0.8429296356369087,0.8458966677309319,0.0,0.0,0.0,0.0,0.0,0.0,0.0,0.0,0.0,0.0,0.0,0.0,1.0,0.0,1.0,1.0,12
RIGHT,LEFT,False,0.8,strong,2.0,pure_duplication,4,ordinary_flat_aggregation,0.9989708816868391,0.0004386886021476646,0.998692152246857,0.9992496111268212,0.05778699663831275,0.004848018201694874,0.054706712829328624,0.060867280447296876,0.0,0.0,0.0,0.0,0.0,0.0,0.0,0.0,1.0,0.0,1.0,1.0,12
RIGHT,LEFT,False,0.8,strong,2.0,pure_duplication,4,provenance_preserving,0.9411838850485265,0.005279597148402436,0.9378293890591143,0.9445383810379386,0.0,0.0,0.0,0.0,0.0,0.0,0.0,0.0,0.0,0.0,0.0,0.0,1.0,0.0,1.0,1.0,12
RIGHT,LEFT,False,0.8,strong,2.0,pure_duplication,4,semantic_group_deduplication,0.8867834166586048,0.007373629976833059,0.8820984356857325,0.8914683976314771,-0.0012479286668639993,0.003081586271220642,-0.00320587517249185,0.0007100178387638518,0.0,0.0,0.0,0.0,0.0,0.0,0.0,0.0,1.0,0.0,1.0,1.0,12
RIGHT,LEFT,False,0.8,strong,2.0,pure_duplication,4,single_trajectory_score_average,0.8888263033678404,0.00466977281602537,0.8858592712738173,0.8917933354618636,0.0,0.0,0.0,0.0,0.0,0.0,0.0,0.0,0.0,0.0,0.0,0.0,1.0,0.0,1.0,1.0,12
RIGHT,LEFT,False,0.8,strong,2.0,pure_duplication,4,source_group_average,0.8888263033678404,0.00466977281602537,0.8858592712738173,0.8917933354618636,0.0,0.0,0.0,0.0,0.0,0.0,0.0,0.0,0.0,0.0,0.0,0.0,1.0,0.0,1.0,1.0,12
RIGHT,LEFT,False,0.8,strong,2.0,pure_duplication,8,exact_deduplication,0.8891768691046718,0.009987208481653973,0.8828312995743773,0.8955224386349662,0.0011455237792026747,0.011192861416953987,-0.00596608107962256,0.008257128638027909,0.0,0.0,0.0,0.0,0.0,0.0,0.0,0.0,1.0,0.0,1.0,1.0,12
RIGHT,LEFT,False,0.8,strong,2.0,pure_duplication,8,explicit_belief_mixing,0.8444131516839203,0.002334886408012699,0.8429296356369087,0.8458966677309319,0.0,0.0,0.0,0.0,0.0,0.0,0.0,0.0,0.0,0.0,0.0,0.0,1.0,0.0,1.0,1.0,12
RIGHT,LEFT,False,0.8,strong,2.0,pure_duplication,8,ordinary_flat_aggregation,0.9999950440280277,4.880261565942801e-06,0.9999919432577625,0.999998144798293,0.0588111589795014,0.005275044105272946,0.05545955585567879,0.062162762103324005,0.0,0.0,0.0,0.0,0.0,0.0,0.0,0.0,1.0,0.0,1.0,1.0,12
RIGHT,LEFT,False,0.8,strong,2.0,pure_duplication,8,provenance_preserving,0.9411838850485265,0.005279597148402436,0.9378293890591143,0.9445383810379386,0.0,0.0,0.0,0.0,0.0,0.0,0.0,0.0,0.0,0.0,0.0,0.0,1.0,0.0,1.0,1.0,12
RIGHT,LEFT,False,0.8,strong,2.0,pure_duplication,8,semantic_group_deduplication,0.8891768691046718,0.009987208481653973,0.8828312995743773,0.8955224386349662,0.0011455237792026747,0.011192861416953987,-0.00596608107962256,0.008257128638027909,0.0,0.0,0.0,0.0,0.0,0.0,0.0,0.0,1.0,0.0,1.0,1.0,12
RIGHT,LEFT,False,0.8,strong,2.0,pure_duplication,8,single_trajectory_score_average,0.8888263033678404,0.00466977281602537,0.8858592712738173,0.8917933354618636,0.0,0.0,0.0,0.0,0.0,0.0,0.0,0.0,0.0,0.0,0.0,0.0,1.0,0.0,1.0,1.0,12
RIGHT,LEFT,False,0.8,strong,2.0,pure_duplication,8,source_group_average,0.8888263033678404,0.00466977281602537,0.8858592712738173,0.8917933354618636,0.0,0.0,0.0,0.0,0.0,0.0,0.0,0.0,0.0,0.0,0.0,0.0,1.0,0.0,1.0,1.0,12
RIGHT,LEFT,False,0.8,strong,2.0,pure_duplication,16,exact_deduplication,0.8860984441992438,0.009685189464846342,0.8799447683972264,0.8922521200012612,-0.0019329011262250728,0.010252477022666292,-0.008447014246481123,0.004581211994030976,0.0,0.0,0.0,0.0,0.0,0.0,0.0,0.0,1.0,0.0,1.0,1.0,12
RIGHT,LEFT,False,0.8,strong,2.0,pure_duplication,16,explicit_belief_mixing,0.8444131516839203,0.002334886408012699,0.8429296356369087,0.8458966677309319,0.0,0.0,0.0,0.0,0.0,0.0,0.0,0.0,0.0,0.0,0.0,0.0,1.0,0.0,1.0,1.0,12
RIGHT,LEFT,False,0.8,strong,2.0,pure_duplication,16,ordinary_flat_aggregation,0.9999999998144191,4.123245931898834e-10,0.9999999995524406,1.0000000000763976,0.05881611476589269,0.005279596808959676,0.05546161899215214,0.06217061053963324,0.0,0.0,0.0,0.0,0.0,0.0,0.0,0.0,1.0,0.0,1.0,1.0,12
RIGHT,LEFT,False,0.8,strong,2.0,pure_duplication,16,provenance_preserving,0.9411838850485265,0.005279597148402436,0.9378293890591143,0.9445383810379386,0.0,0.0,0.0,0.0,0.0,0.0,0.0,0.0,0.0,0.0,0.0,0.0,1.0,0.0,1.0,1.0,12
RIGHT,LEFT,False,0.8,strong,2.0,pure_duplication,16,semantic_group_deduplication,0.8860984441992438,0.009685189464846342,0.8799447683972264,0.8922521200012612,-0.0019329011262250728,0.010252477022666292,-0.008447014246481123,0.004581211994030976,0.0,0.0,0.0,0.0,0.0,0.0,0.0,0.0,1.0,0.0,1.0,1.0,12
RIGHT,LEFT,False,0.8,strong,2.0,pure_duplication,16,single_trajectory_score_average,0.8888263033678404,0.004669772816025385,0.8858592712738173,0.8917933354618636,-1.850371707708594e-17,4.321537262272484e-17,-4.5961454868263707e-17,8.954020714091824e-18,0.0,0.0,0.0,0.0,0.0,0.0,0.0,0.0,1.0,0.0,1.0,1.0,12
RIGHT,LEFT,False,0.8,strong,2.0,pure_duplication,16,source_group_average,0.8888263033678404,0.00466977281602537,0.8858592712738173,0.8917933354618636,0.0,0.0,0.0,0.0,0.0,0.0,0.0,0.0,0.0,0.0,0.0,0.0,1.0,0.0,1.0,1.0,12
RIGHT,LEFT,False,0.8,weak,1.2,independent_rollout,1,exact_deduplication,0.8558561140082727,0.013213469392267781,0.8474606760919545,0.8642515519245908,0.0,0.0,0.0,0.0,0.0,0.0,0.0,0.0,0.0,0.0,0.0,0.0,1.0,0.0,1.0,1.0,12
RIGHT,LEFT,False,0.8,weak,1.2,independent_rollout,1,explicit_belief_mixing,0.8148162489759421,0.0037892604166849487,0.8124086677697786,0.8172238301821055,0.0,0.0,0.0,0.0,0.0,0.0,0.0,0.0,0.0,0.0,0.0,0.0,1.0,0.0,1.0,1.0,12
RIGHT,LEFT,False,0.8,weak,1.2,independent_rollout,1,ordinary_flat_aggregation,0.8558561140082727,0.013213469392267781,0.8474606760919545,0.8642515519245908,0.0,0.0,0.0,0.0,0.0,0.0,0.0,0.0,0.0,0.0,0.0,0.0,1.0,0.0,1.0,1.0,12
RIGHT,LEFT,False,0.8,weak,1.2,independent_rollout,1,provenance_preserving,0.8558561140082727,0.013213469392267781,0.8474606760919545,0.8642515519245908,0.0,0.0,0.0,0.0,0.0,0.0,0.0,0.0,0.0,0.0,0.0,0.0,1.0,0.0,1.0,1.0,12
RIGHT,LEFT,False,0.8,weak,1.2,independent_rollout,1,semantic_group_deduplication,0.8558561140082727,0.013213469392267781,0.8474606760919545,0.8642515519245908,0.0,0.0,0.0,0.0,0.0,0.0,0.0,0.0,0.0,0.0,0.0,0.0,1.0,0.0,1.0,1.0,12
RIGHT,LEFT,False,0.8,weak,1.2,independent_rollout,1,single_trajectory_score_average,0.8296324979518842,0.0075785208333699495,0.8248173355395572,0.8344476603642113,0.0,0.0,0.0,0.0,0.0,0.0,0.0,0.0,0.0,0.0,0.0,0.0,1.0,0.0,1.0,1.0,12
RIGHT,LEFT,False,0.8,weak,1.2,independent_rollout,1,source_group_average,0.8296324979518842,0.0075785208333699495,0.8248173355395572,0.8344476603642113,0.0,0.0,0.0,0.0,0.0,0.0,0.0,0.0,0.0,0.0,0.0,0.0,1.0,0.0,1.0,1.0,12
RIGHT,LEFT,False,0.8,weak,1.2,independent_rollout,2,exact_deduplication,0.8920771493205416,0.01556380193122906,0.8821883813538206,0.9019659172872626,0.03622103531226878,0.01316471112191177,0.027856576922941502,0.044585493701596056,0.0,0.0,0.0,0.0,0.0,0.0,0.0,0.0,1.0,0.0,1.0,1.0,12
RIGHT,LEFT,False,0.8,weak,1.2,independent_rollout,2,explicit_belief_mixing,0.8137046201369187,0.0027522033814203943,0.8119559535349953,0.8154532867388421,-0.0011116288390234097,0.0032594330992856066,-0.0031825738281916435,0.0009593161501448241,0.0,0.0,0.0,0.0,0.0,0.0,0.0,0.0,1.0,0.0,1.0,1.0,12
RIGHT,LEFT,False,0.8,weak,1.2,independent_rollout,2,ordinary_flat_aggregation,0.8920771493205416,0.01556380193122906,0.8821883813538206,0.9019659172872626,0.03622103531226878,0.01316471112191177,0.027856576922941502,0.044585493701596056,0.0,0.0,0.0,0.0,0.0,0.0,0.0,0.0,1.0,0.0,1.0,1.0,12
RIGHT,LEFT,False,0.8,weak,1.2,independent_rollout,2,provenance_preserving,0.8920771493205416,0.01556380193122906,0.8821883813538206,0.9019659172872626,0.03622103531226878,0.01316471112191177,0.027856576922941502,0.044585493701596056,0.0,0.0,0.0,0.0,0.0,0.0,0.0,0.0,1.0,0.0,1.0,1.0,12
RIGHT,LEFT,False,0.8,weak,1.2,independent_rollout,2,semantic_group_deduplication,0.845899555864334,0.012694715639794539,0.8378337183575263,0.8539653933711416,-0.009956558143938773,0.018152480354772273,-0.02149009391122601,0.0015769776233484634,0.0,0.0,0.0,0.0,0.0,0.0,0.0,0.0,1.0,0.0,1.0,1.0,12
RIGHT,LEFT,False,0.8,weak,1.2,independent_rollout,2,single_trajectory_score_average,0.8274092402738374,0.005504406762840793,0.8239119070699906,0.8309065734776843,-0.0022232576780468194,0.006518866198571266,-0.00636514765638332,0.0019186323002896811,0.0,0.0,0.0,0.0,0.0,0.0,0.0,0.0,1.0,0.0,1.0,1.0,12
RIGHT,LEFT,False,0.8,weak,1.2,independent_rollout,2,source_group_average,0.8274092402738374,0.005504406762840793,0.8239119070699906,0.8309065734776843,-0.0022232576780468194,0.006518866198571266,-0.00636514765638332,0.0019186323002896811,0.0,0.0,0.0,0.0,0.0,0.0,0.0,0.0,1.0,0.0,1.0,1.0,12
RIGHT,LEFT,False,0.8,weak,1.2,independent_rollout,4,exact_deduplication,0.9456181377906114,0.009297789601755152,0.9397106041184782,0.9515256714627447,0.08976202378233877,0.010279313438338124,0.08323085961704824,0.09629318794762931,0.0,0.0,0.0,0.0,0.0,0.0,0.0,0.0,1.0,0.0,1.0,1.0,12
RIGHT,LEFT,False,0.8,weak,1.2,independent_rollout,4,explicit_belief_mixing,0.8138717099801352,0.0015837574099399872,0.8128654385297741,0.8148779814304964,-0.0009445389958068484,0.003117240281899325,-0.0029251389790516977,0.0010360609874380008,0.0,0.0,0.0,0.0,0.0,0.0,0.0,0.0,1.0,0.0,1.0,1.0,12
RIGHT,LEFT,False,0.8,weak,1.2,independent_rollout,4,ordinary_flat_aggregation,0.9456181377906114,0.009297789601755152,0.9397106041184782,0.9515256714627447,0.08976202378233877,0.010279313438338124,0.08323085961704824,0.09629318794762931,0.0,0.0,0.0,0.0,0.0,0.0,0.0,0.0,1.0,0.0,1.0,1.0,12
RIGHT,LEFT,False,0.8,weak,1.2,independent_rollout,4,provenance_preserving,0.9456181377906114,0.009297789601755152,0.9397106041184782,0.9515256714627447,0.08976202378233877,0.010279313438338124,0.08323085961704824,0.09629318794762931,0.0,0.0,0.0,0.0,0.0,0.0,0.0,0.0,1.0,0.0,1.0,1.0,12
RIGHT,LEFT,False,0.8,weak,1.2,independent_rollout,4,semantic_group_deduplication,0.8538681046141607,0.01100722595959403,0.8468744468978358,0.8608617623304857,-0.0019880093941119594,0.01550302114095523,-0.01183815908912098,0.007862140300897063,0.0,0.0,0.0,0.0,0.0,0.0,0.0,0.0,1.0,0.0,1.0,1.0,12
RIGHT,LEFT,False,0.8,weak,1.2,independent_rollout,4,single_trajectory_score_average,0.8277434199602706,0.0031675148198800013,0.8257308770595483,0.8297559628609928,-0.0018890779916137246,0.006234480563798691,-0.005850277958103449,0.002072121974876,0.0,0.0,0.0,0.0,0.0,0.0,0.0,0.0,1.0,0.0,1.0,1.0,12
RIGHT,LEFT,False,0.8,weak,1.2,independent_rollout,4,source_group_average,0.8277434199602706,0.0031675148198800013,0.8257308770595483,0.8297559628609928,-0.0018890779916137246,0.006234480563798691,-0.005850277958103449,0.002072121974876,0.0,0.0,0.0,0.0,0.0,0.0,0.0,0.0,1.0,0.0,1.0,1.0,12
RIGHT,LEFT,False,0.8,weak,1.2,independent_rollout,8,exact_deduplication,0.9864813933615033,0.004232030252573165,0.9837924896231521,0.9891702970998545,0.13062527935323057,0.011958946985436964,0.12302692694628979,0.13822363176017136,0.0,0.0,0.0,0.0,0.0,0.0,0.0,0.0,1.0,0.0,1.0,1.0,12
RIGHT,LEFT,False,0.8,weak,1.2,independent_rollout,8,explicit_belief_mixing,0.813817470778821,0.0014493637613087068,0.81289658897897,0.8147383525786721,-0.000998778197121103,0.0035124598081178104,-0.0032304886871663547,0.0012329322929241489,0.0,0.0,0.0,0.0,0.0,0.0,0.0,0.0,1.0,0.0,1.0,1.0,12
RIGHT,LEFT,False,0.8,weak,1.2,independent_rollout,8,ordinary_flat_aggregation,0.9864813933615033,0.004232030252573165,0.9837924896231521,0.9891702970998545,0.13062527935323057,0.011958946985436964,0.12302692694628979,0.13822363176017136,0.0,0.0,0.0,0.0,0.0,0.0,0.0,0.0,1.0,0.0,1.0,1.0,12
RIGHT,LEFT,False,0.8,weak,1.2,independent_rollout,8,provenance_preserving,0.9864813933615033,0.004232030252573165,0.9837924896231521,0.9891702970998545,0.13062527935323057,0.011958946985436964,0.12302692694628979,0.13822363176017136,0.0,0.0,0.0,0.0,0.0,0.0,0.0,0.0,1.0,0.0,1.0,1.0,12
RIGHT,LEFT,False,0.8,weak,1.2,independent_rollout,8,semantic_group_deduplication,0.8508599091911461,0.010591436138326414,0.8441304317235552,0.857589386658737,-0.004996204817126658,0.01255435064078085,-0.012972858658398801,0.0029804490241454864,0.0,0.0,0.0,0.0,0.0,0.0,0.0,0.0,1.0,0.0,1.0,1.0,12
RIGHT,LEFT,False,0.8,weak,1.2,independent_rollout,8,single_trajectory_score_average,0.827634941557642,0.002898727522617405,0.8257931779579398,0.8294767051573441,-0.0019975563942422245,0.007024919616235682,-0.006460977374332768,0.002465864585848318,0.0,0.0,0.0,0.0,0.0,0.0,0.0,0.0,1.0,0.0,1.0,1.0,12
RIGHT,LEFT,False,0.8,weak,1.2,independent_rollout,8,source_group_average,0.827634941557642,0.002898727522617405,0.8257931779579398,0.8294767051573441,-0.0019975563942422245,0.007024919616235682,-0.006460977374332768,0.002465864585848318,0.0,0.0,0.0,0.0,0.0,0.0,0.0,0.0,1.0,0.0,1.0,1.0,12
RIGHT,LEFT,False,0.8,weak,1.2,independent_rollout,16,exact_deduplication,0.9992280645519922,0.0003506029031369341,0.9990053020950489,0.9994508270089355,0.14337195054371968,0.013107819725759737,0.13504363922297732,0.15170026186446203,0.0,0.0,0.0,0.0,0.0,0.0,0.0,0.0,1.0,0.0,1.0,1.0,12
RIGHT,LEFT,False,0.8,weak,1.2,independent_rollout,16,explicit_belief_mixing,0.8137966051902307,0.0011109791425203393,0.8130907227198166,0.8145024876606447,-0.0010196437857116676,0.0036531520545289332,-0.003340745864369,0.0013014582929456646,0.0,0.0,0.0,0.0,0.0,0.0,0.0,0.0,1.0,0.0,1.0,1.0,12
RIGHT,LEFT,False,0.8,weak,1.2,independent_rollout,16,ordinary_flat_aggregation,0.9992280645519922,0.0003506029031369341,0.9990053020950489,0.9994508270089355,0.14337195054371968,0.013107819725759737,0.13504363922297732,0.15170026186446203,0.0,0.0,0.0,0.0,0.0,0.0,0.0,0.0,1.0,0.0,1.0,1.0,12
RIGHT,LEFT,False,0.8,weak,1.2,independent_rollout,16,provenance_preserving,0.9992280645519922,0.0003506029031369341,0.9990053020950489,0.9994508270089355,0.14337195054371968,0.013107819725759737,0.13504363922297732,0.15170026186446203,0.0,0.0,0.0,0.0,0.0,0.0,0.0,0.0,1.0,0.0,1.0,1.0,12
RIGHT,LEFT,False,0.8,weak,1.2,independent_rollout,16,semantic_group_deduplication,0.8510351005070573,0.008169639251831924,0.8458443593700168,0.8562258416440979,-0.004821013501215369,0.0137890785469038,-0.01358217602613927,0.0039401490237085295,0.0,0.0,0.0,0.0,0.0,0.0,0.0,0.0,1.0,0.0,1.0,1.0,12
RIGHT,LEFT,False,0.8,weak,1.2,independent_rollout,16,single_trajectory_score_average,0.8275932103804607,0.002221958285040713,0.8261814454396327,0.8290049753212888,-0.002039287571423363,0.007306304109057976,-0.006681491728738097,0.002602916585891371,0.0,0.0,0.0,0.0,0.0,0.0,0.0,0.0,1.0,0.0,1.0,1.0,12
RIGHT,LEFT,False,0.8,weak,1.2,independent_rollout,16,source_group_average,0.8275932103804607,0.002221958285040713,0.8261814454396327,0.8290049753212888,-0.002039287571423363,0.007306304109057976,-0.006681491728738097,0.002602916585891371,0.0,0.0,0.0,0.0,0.0,0.0,0.0,0.0,1.0,0.0,1.0,1.0,12
RIGHT,LEFT,False,0.8,weak,1.2,pure_duplication,1,exact_deduplication,0.8248191321798832,0.01411035661673175,0.8158538393081866,0.8337844250515799,0.0,0.0,0.0,0.0,0.0,0.0,0.0,0.0,0.0,0.0,0.0,0.0,1.0,0.0,1.0,1.0,12
RIGHT,LEFT,False,0.8,weak,1.2,pure_duplication,1,explicit_belief_mixing,0.8148162489759421,0.0037892604166849487,0.8124086677697786,0.8172238301821055,0.0,0.0,0.0,0.0,0.0,0.0,0.0,0.0,0.0,0.0,0.0,0.0,1.0,0.0,1.0,1.0,12
RIGHT,LEFT,False,0.8,weak,1.2,pure_duplication,1,ordinary_flat_aggregation,0.8558561140082727,0.013213469392267781,0.8474606760919545,0.8642515519245908,0.0,0.0,0.0,0.0,0.0,0.0,0.0,0.0,0.0,0.0,0.0,0.0,1.0,0.0,1.0,1.0,12
RIGHT,LEFT,False,0.8,weak,1.2,pure_duplication,1,provenance_preserving,0.8558561140082727,0.013213469392267781,0.8474606760919545,0.8642515519245908,0.0,0.0,0.0,0.0,0.0,0.0,0.0,0.0,0.0,0.0,0.0,0.0,1.0,0.0,1.0,1.0,12
RIGHT,LEFT,False,0.8,weak,1.2,pure_duplication,1,semantic_group_deduplication,0.8248191321798832,0.01411035661673175,0.8158538393081866,0.8337844250515799,0.0,0.0,0.0,0.0,0.0,0.0,0.0,0.0,0.0,0.0,0.0,0.0,1.0,0.0,1.0,1.0,12
RIGHT,LEFT,False,0.8,weak,1.2,pure_duplication,1,single_trajectory_score_average,0.8296324979518842,0.0075785208333699495,0.8248173355395572,0.8344476603642113,0.0,0.0,0.0,0.0,0.0,0.0,0.0,0.0,0.0,0.0,0.0,0.0,1.0,0.0,1.0,1.0,12
RIGHT,LEFT,False,0.8,weak,1.2,pure_duplication,1,source_group_average,0.8296324979518842,0.0075785208333699495,0.8248173355395572,0.8344476603642113,0.0,0.0,0.0,0.0,0.0,0.0,0.0,0.0,0.0,0.0,0.0,0.0,1.0,0.0,1.0,1.0,12
RIGHT,LEFT,False,0.8,weak,1.2,pure_duplication,2,exact_deduplication,0.8291614251156187,0.011927059506280424,0.8215833330463395,0.836739517184898,0.004342292935735598,0.01097890943975648,-0.002633373322233885,0.01131795919370508,0.0,0.0,0.0,0.0,0.0,0.0,0.0,0.0,1.0,0.0,1.0,1.0,12
RIGHT,LEFT,False,0.8,weak,1.2,pure_duplication,2,explicit_belief_mixing,0.8148162489759421,0.0037892604166849487,0.8124086677697786,0.8172238301821055,0.0,0.0,0.0,0.0,0.0,0.0,0.0,0.0,0.0,0.0,0.0,0.0,1.0,0.0,1.0,1.0,12
RIGHT,LEFT,False,0.8,weak,1.2,pure_duplication,2,ordinary_flat_aggregation,0.8972569787881696,0.01975608419937381,0.8847045617475356,0.9098093958288035,0.04140086477989674,0.006628723477403954,0.03718917481665732,0.04561255474313616,0.0,0.0,0.0,0.0,0.0,0.0,0.0,0.0,1.0,0.0,1.0,1.0,12
RIGHT,LEFT,False,0.8,weak,1.2,pure_duplication,2,provenance_preserving,0.8558561140082727,0.013213469392267781,0.8474606760919545,0.8642515519245908,0.0,0.0,0.0,0.0,0.0,0.0,0.0,0.0,0.0,0.0,0.0,0.0,1.0,0.0,1.0,1.0,12
RIGHT,LEFT,False,0.8,weak,1.2,pure_duplication,2,semantic_group_deduplication,0.8291614251156187,0.011927059506280424,0.8215833330463395,0.836739517184898,0.004342292935735598,0.01097890943975648,-0.002633373322233885,0.01131795919370508,0.0,0.0,0.0,0.0,0.0,0.0,0.0,0.0,1.0,0.0,1.0,1.0,12
RIGHT,LEFT,False,0.8,weak,1.2,pure_duplication,2,single_trajectory_score_average,0.8296324979518842,0.007578520833369935,0.8248173355395572,0.8344476603642113,0.0,4.734006883291518e-17,-3.007844473258028e-17,3.007844473258028e-17,0.0,0.0,0.0,0.0,0.0,0.0,0.0,0.0,1.0,0.0,1.0,1.0,12
RIGHT,LEFT,False,0.8,weak,1.2,pure_duplication,2,source_group_average,0.8296324979518842,0.0075785208333699495,0.8248173355395572,0.8344476603642113,0.0,0.0,0.0,0.0,0.0,0.0,0.0,0.0,0.0,0.0,0.0,0.0,1.0,0.0,1.0,1.0,12
RIGHT,LEFT,False,0.8,weak,1.2,pure_duplication,4,exact_deduplication,0.8267262828701307,0.012918759698999135,0.818518094559478,0.8349344711807835,0.00190715069024755,0.01625626216537371,-0.00842158551893085,0.01223588689942595,0.0,0.0,0.0,0.0,0.0,0.0,0.0,0.0,1.0,0.0,1.0,1.0,12
RIGHT,LEFT,False,0.8,weak,1.2,pure_duplication,4,explicit_belief_mixing,0.8148162489759421,0.0037892604166849487,0.8124086677697786,0.8172238301821055,0.0,0.0,0.0,0.0,0.0,0.0,0.0,0.0,0.0,0.0,0.0,0.0,1.0,0.0,1.0,1.0,12
RIGHT,LEFT,False,0.8,weak,1.2,pure_duplication,4,ordinary_flat_aggregation,0.9481736348744222,0.021492215122961067,0.9345181328717036,0.9618291368771408,0.09231752086614953,0.009021816217120511,0.08658533231712318,0.09804970941517588,0.0,0.0,0.0,0.0,0.0,0.0,0.0,0.0,1.0,0.0,1.0,1.0,12
RIGHT,LEFT,False,0.8,weak,1.2,pure_duplication,4,provenance_preserving,0.8558561140082727,0.013213469392267781,0.8474606760919545,0.8642515519245908,0.0,0.0,0.0,0.0,0.0,0.0,0.0,0.0,0.0,0.0,0.0,0.0,1.0,0.0,1.0,1.0,12
RIGHT,LEFT,False,0.8,weak,1.2,pure_duplication,4,semantic_group_deduplication,0.8267262828701307,0.012918759698999135,0.818518094559478,0.8349344711807835,0.00190715069024755,0.01625626216537371,-0.00842158551893085,0.01223588689942595,0.0,0.0,0.0,0.0,0.0,0.0,0.0,0.0,1.0,0.0,1.0,1.0,12
RIGHT,LEFT,False,0.8,weak,1.2,pure_duplication,4,single_trajectory_score_average,0.8296324979518842,0.0075785208333699495,0.8248173355395572,0.8344476603642113,0.0,0.0,0.0,0.0,0.0,0.0,0.0,0.0,0.0,0.0,0.0,0.0,1.0,0.0,1.0,1.0,12
RIGHT,LEFT,False,0.8,weak,1.2,pure_duplication,4,source_group_average,0.8296324979518842,0.0075785208333699495,0.8248173355395572,0.8344476603642113,0.0,0.0,0.0,0.0,0.0,0.0,0.0,0.0,0.0,0.0,0.0,0.0,1.0,0.0,1.0,1.0,12
RIGHT,LEFT,False,0.8,weak,1.2,pure_duplication,8,exact_deduplication,0.8286961053241462,0.011326852805304793,0.8214993663987995,0.8358928442494928,0.0038769731442631072,0.016820068037189474,-0.006809988225406054,0.014563934513932269,0.0,0.0,0.0,0.0,0.0,0.0,0.0,0.0,1.0,0.0,1.0,1.0,12
RIGHT,LEFT,False,0.8,weak,1.2,pure_duplication,8,explicit_belief_mixing,0.8148162489759421,0.0037892604166849487,0.8124086677697786,0.8172238301821055,0.0,0.0,0.0,0.0,0.0,0.0,0.0,0.0,0.0,0.0,0.0,0.0,1.0,0.0,1.0,1.0,12
RIGHT,LEFT,False,0.8,weak,1.2,pure_duplication,8,ordinary_flat_aggregation,0.9859899512523672,0.013430132473363643,0.9774568521819571,0.9945230503227773,0.13013383724409455,0.006251465138124505,0.126161845793926,0.1341058286942631,0.0,0.0,0.0,0.0,0.0,0.0,0.0,0.0,1.0,0.0,1.0,1.0,12
RIGHT,LEFT,False,0.8,weak,1.2,pure_duplication,8,provenance_preserving,0.8558561140082727,0.013213469392267781,0.8474606760919545,0.8642515519245908,0.0,0.0,0.0,0.0,0.0,0.0,0.0,0.0,0.0,0.0,0.0,0.0,1.0,0.0,1.0,1.0,12
RIGHT,LEFT,False,0.8,weak,1.2,pure_duplication,8,semantic_group_deduplication,0.8286961053241462,0.011326852805304793,0.8214993663987995,0.8358928442494928,0.0038769731442631072,0.016820068037189474,-0.006809988225406054,0.014563934513932269,0.0,0.0,0.0,0.0,0.0,0.0,0.0,0.0,1.0,0.0,1.0,1.0,12
RIGHT,LEFT,False,0.8,weak,1.2,pure_duplication,8,single_trajectory_score_average,0.8296324979518842,0.0075785208333699495,0.8248173355395572,0.8344476603642113,0.0,0.0,0.0,0.0,0.0,0.0,0.0,0.0,0.0,0.0,0.0,0.0,1.0,0.0,1.0,1.0,12
RIGHT,LEFT,False,0.8,weak,1.2,pure_duplication,8,source_group_average,0.8296324979518842,0.0075785208333699495,0.8248173355395572,0.8344476603642113,0.0,0.0,0.0,0.0,0.0,0.0,0.0,0.0,0.0,0.0,0.0,0.0,1.0,0.0,1.0,1.0,12
RIGHT,LEFT,False,0.8,weak,1.2,pure_duplication,16,exact_deduplication,0.8251099503984435,0.012528845769102332,0.8171495015795152,0.8330703992173718,0.0002908182185601034,0.008097917956383599,-0.004854353381416516,0.005435989818536722,0.0,0.0,0.0,0.0,0.0,0.0,0.0,0.0,1.0,0.0,1.0,1.0,12
RIGHT,LEFT,False,0.8,weak,1.2,pure_duplication,16,explicit_belief_mixing,0.8148162489759421,0.0037892604166849487,0.8124086677697786,0.8172238301821055,0.0,0.0,0.0,0.0,0.0,0.0,0.0,0.0,0.0,0.0,0.0,0.0,1.0,0.0,1.0,1.0,12
RIGHT,LEFT,False,0.8,weak,1.2,pure_duplication,16,ordinary_flat_aggregation,0.998442927457607,0.0034680795485750775,0.9962394148391911,1.0006464400760229,0.14258681344933444,0.010885187069796139,0.13567069554426253,0.14950293135440634,0.0,0.0,0.0,0.0,0.0,0.0,0.0,0.0,1.0,0.0,1.0,1.0,12
RIGHT,LEFT,False,0.8,weak,1.2,pure_duplication,16,provenance_preserving,0.8558561140082727,0.013213469392267781,0.8474606760919545,0.8642515519245908,0.0,0.0,0.0,0.0,0.0,0.0,0.0,0.0,0.0,0.0,0.0,0.0,1.0,0.0,1.0,1.0,12
RIGHT,LEFT,False,0.8,weak,1.2,pure_duplication,16,semantic_group_deduplication,0.8251099503984435,0.012528845769102332,0.8171495015795152,0.8330703992173718,0.0002908182185601034,0.008097917956383599,-0.004854353381416516,0.005435989818536722,0.0,0.0,0.0,0.0,0.0,0.0,0.0,0.0,1.0,0.0,1.0,1.0,12
RIGHT,LEFT,False,0.8,weak,1.2,pure_duplication,16,single_trajectory_score_average,0.8296324979518842,0.007578520833369931,0.8248173355395572,0.8344476603642113,-9.25185853854297e-18,3.204937810639273e-17,-2.961506188514317e-17,1.1111344808057227e-17,0.0,0.0,0.0,0.0,0.0,0.0,0.0,0.0,1.0,0.0,1.0,1.0,12
RIGHT,LEFT,False,0.8,weak,1.2,pure_duplication,16,source_group_average,0.8296324979518842,0.0075785208333699495,0.8248173355395572,0.8344476603642113,0.0,0.0,0.0,0.0,0.0,0.0,0.0,0.0,0.0,0.0,0.0,0.0,1.0,0.0,1.0,1.0,12
RIGHT,RIGHT,True,0.2,medium,1.5,independent_rollout,1,exact_deduplication,0.3600879169659366,0.02189946627439133,0.3461736599264687,0.37400217400540453,0.0,0.0,0.0,0.0,0.0,0.0,0.0,0.0,0.0,0.0,0.0,0.0,1.0,0.0,1.0,1.0,12
RIGHT,RIGHT,True,0.2,medium,1.5,independent_rollout,1,explicit_belief_mixing,0.23644546795919555,0.004694800302940978,0.23346253415863616,0.23942840175975494,0.0,0.0,0.0,0.0,0.0,0.0,0.0,0.0,0.0,0.0,0.0,0.0,1.0,0.0,1.0,1.0,12
RIGHT,RIGHT,True,0.2,medium,1.5,independent_rollout,1,ordinary_flat_aggregation,0.3600879169659366,0.02189946627439133,0.3461736599264687,0.37400217400540453,0.0,0.0,0.0,0.0,0.0,0.0,0.0,0.0,0.0,0.0,0.0,0.0,1.0,0.0,1.0,1.0,12
RIGHT,RIGHT,True,0.2,medium,1.5,independent_rollout,1,provenance_preserving,0.3600879169659366,0.02189946627439133,0.3461736599264687,0.37400217400540453,0.0,0.0,0.0,0.0,0.0,0.0,0.0,0.0,0.0,0.0,0.0,0.0,1.0,0.0,1.0,1.0,12
RIGHT,RIGHT,True,0.2,medium,1.5,independent_rollout,1,semantic_group_deduplication,0.3600879169659366,0.02189946627439133,0.3461736599264687,0.37400217400540453,0.0,0.0,0.0,0.0,0.0,0.0,0.0,0.0,0.0,0.0,0.0,0.0,1.0,0.0,1.0,1.0,12
RIGHT,RIGHT,True,0.2,medium,1.5,independent_rollout,1,single_trajectory_score_average,0.2728909359183911,0.009389600605881955,0.2669250683172723,0.27885680351950987,0.0,0.0,0.0,0.0,0.0,0.0,0.0,0.0,0.0,0.0,0.0,0.0,1.0,0.0,1.0,1.0,12
RIGHT,RIGHT,True,0.2,medium,1.5,independent_rollout,1,source_group_average,0.2728909359183911,0.009389600605881955,0.2669250683172723,0.27885680351950987,0.0,0.0,0.0,0.0,0.0,0.0,0.0,0.0,0.0,0.0,0.0,0.0,1.0,0.0,1.0,1.0,12
RIGHT,RIGHT,True,0.2,medium,1.5,independent_rollout,2,exact_deduplication,0.557513004866247,0.02862646686736249,0.53932461556335,0.575701394169144,0.19742508790031033,0.02096241234269999,0.1841062065244331,0.21074396927618755,1.0,0.0,1.0,1.0,1.0,0.0,1.0,1.0,0.0,0.0,0.0,0.0,12
RIGHT,RIGHT,True,0.2,medium,1.5,independent_rollout,2,explicit_belief_mixing,0.23636486263791012,0.0028963911117910316,0.2345245835228242,0.23820514175299604,-8.060532128545174e-05,0.003453937036593174,-0.002275132216285373,0.002113921573714469,0.0,0.0,0.0,0.0,0.0,0.0,0.0,0.0,1.0,0.0,1.0,1.0,12
RIGHT,RIGHT,True,0.2,medium,1.5,independent_rollout,2,ordinary_flat_aggregation,0.557513004866247,0.02862646686736249,0.53932461556335,0.575701394169144,0.19742508790031033,0.02096241234269999,0.1841062065244331,0.21074396927618755,1.0,0.0,1.0,1.0,1.0,0.0,1.0,1.0,0.0,0.0,0.0,0.0,12
RIGHT,RIGHT,True,0.2,medium,1.5,independent_rollout,2,provenance_preserving,0.557513004866247,0.02862646686736249,0.53932461556335,0.575701394169144,0.19742508790031033,0.02096241234269999,0.1841062065244331,0.21074396927618755,1.0,0.0,1.0,1.0,1.0,0.0,1.0,1.0,0.0,0.0,0.0,0.0,12
RIGHT,RIGHT,True,0.2,medium,1.5,independent_rollout,2,semantic_group_deduplication,0.3515139502015587,0.012247034212502662,0.3437325559032332,0.35929534449988415,-0.008573966764377902,0.02172391889660472,-0.02237668632130982,0.0052287527925540134,0.0,0.0,0.0,0.0,0.0,0.0,0.0,0.0,1.0,0.0,1.0,1.0,12
RIGHT,RIGHT,True,0.2,medium,1.5,independent_rollout,2,single_trajectory_score_average,0.2727297252758201,0.005792782223582062,0.2690491670456483,0.27641028350599195,-0.00016121064257090348,0.006907874073186348,-0.004550264432570746,0.004227843147428938,0.0,0.0,0.0,0.0,0.0,0.0,0.0,0.0,1.0,0.0,1.0,1.0,12
RIGHT,RIGHT,True,0.2,medium,1.5,independent_rollout,2,source_group_average,0.2727297252758201,0.005792782223582062,0.2690491670456483,0.27641028350599195,-0.00016121064257090348,0.006907874073186348,-0.004550264432570746,0.004227843147428938,0.0,0.0,0.0,0.0,0.0,0.0,0.0,0.0,1.0,0.0,1.0,1.0,12
RIGHT,RIGHT,True,0.2,medium,1.5,independent_rollout,4,exact_deduplication,0.8680894198148538,0.021749610189982636,0.8542703767888812,0.8819084628408264,0.5080015028489172,0.021547349001825478,0.4943109704508232,0.5216920352470112,1.0,0.0,1.0,1.0,1.0,0.0,1.0,1.0,0.0,0.0,0.0,0.0,12
RIGHT,RIGHT,True,0.2,medium,1.5,independent_rollout,4,explicit_belief_mixing,0.23694666575641712,0.0023942119126134425,0.23542545608209664,0.2384678754307376,0.0005011977972215984,0.003970470910496351,-0.0020215190637358684,0.003023914658179065,0.0,0.0,0.0,0.0,0.0,0.0,0.0,0.0,1.0,0.0,1.0,1.0,12
RIGHT,RIGHT,True,0.2,medium,1.5,independent_rollout,4,ordinary_flat_aggregation,0.8680894198148538,0.021749610189982636,0.8542703767888812,0.8819084628408264,0.5080015028489172,0.021547349001825478,0.4943109704508232,0.5216920352470112,1.0,0.0,1.0,1.0,1.0,0.0,1.0,1.0,0.0,0.0,0.0,0.0,12
RIGHT,RIGHT,True,0.2,medium,1.5,independent_rollout,4,provenance_preserving,0.8680894198148538,0.021749610189982636,0.8542703767888812,0.8819084628408264,0.5080015028489172,0.021547349001825478,0.4943109704508232,0.5216920352470112,1.0,0.0,1.0,1.0,1.0,0.0,1.0,1.0,0.0,0.0,0.0,0.0,12
RIGHT,RIGHT,True,0.2,medium,1.5,independent_rollout,4,semantic_group_deduplication,0.3662060883159625,0.022254402213581503,0.35206631573978897,0.38034586089213607,0.0061181713500259305,0.030843264177500662,-0.013478703766688985,0.025715046466740846,0.0,0.0,0.0,0.0,0.0,0.0,0.0,0.0,1.0,0.0,1.0,1.0,12
RIGHT,RIGHT,True,0.2,medium,1.5,independent_rollout,4,single_trajectory_score_average,0.27389333151283424,0.004788423825226885,0.27085091216419327,0.2769357508614752,0.0010023955944431968,0.007940941820992703,-0.004043038127471737,0.00604782931635813,0.0,0.0,0.0,0.0,0.0,0.0,0.0,0.0,1.0,0.0,1.0,1.0,12
RIGHT,RIGHT,True,0.2,medium,1.5,independent_rollout,4,source_group_average,0.27389333151283424,0.004788423825226885,0.27085091216419327,0.2769357508614752,0.0010023955944431968,0.007940941820992703,-0.004043038127471737,0.00604782931635813,0.0,0.0,0.0,0.0,0.0,0.0,0.0,0.0,1.0,0.0,1.0,1.0,12
RIGHT,RIGHT,True,0.2,medium,1.5,independent_rollout,8,exact_deduplication,0.9938979715515686,0.0016815910990944111,0.992829539540719,0.9949664035624182,0.6338100545856319,0.021231292537996427,0.6203203348841397,0.647299774287124,1.0,0.0,1.0,1.0,1.0,0.0,1.0,1.0,0.0,0.0,0.0,0.0,12
RIGHT,RIGHT,True,0.2,medium,1.5,independent_rollout,8,explicit_belief_mixing,0.2366344824608669,0.0017182721492861016,0.23554274442262604,0.23772622049910777,0.00018901450167137235,0.004179686640636721,-0.0024666316923300322,0.002844660695672777,0.0,0.0,0.0,0.0,0.0,0.0,0.0,0.0,1.0,0.0,1.0,1.0,12
RIGHT,RIGHT,True,0.2,medium,1.5,independent_rollout,8,ordinary_flat_aggregation,0.9938979715515686,0.0016815910990944111,0.992829539540719,0.9949664035624182,0.6338100545856319,0.021231292537996427,0.6203203348841397,0.647299774287124,1.0,0.0,1.0,1.0,1.0,0.0,1.0,1.0,0.0,0.0,0.0,0.0,12
RIGHT,RIGHT,True,0.2,medium,1.5,independent_rollout,8,provenance_preserving,0.9938979715515686,0.0016815910990944111,0.992829539540719,0.9949664035624182,0.6338100545856319,0.021231292537996427,0.6203203348841397,0.647299774287124,1.0,0.0,1.0,1.0,1.0,0.0,1.0,1.0,0.0,0.0,0.0,0.0,12
RIGHT,RIGHT,True,0.2,medium,1.5,independent_rollout,8,semantic_group_deduplication,0.35914948463441737,0.026449590250477308,0.3423442167469481,0.37595475252188665,-0.0009384323315192686,0.03910375896870428,-0.025783775440917603,0.023906910777879063,0.0,0.0,0.0,0.0,0.0,0.0,0.0,0.0,1.0,0.0,1.0,1.0,12
RIGHT,RIGHT,True,0.2,medium,1.5,independent_rollout,8,single_trajectory_score_average,0.2732689649217338,0.003436544298572203,0.2710854888452521,0.27545244099821553,0.0003780290033427447,0.008359373281273442,-0.0049332633846600644,0.005689321391345554,0.0,0.0,0.0,0.0,0.0,0.0,0.0,0.0,1.0,0.0,1.0,1.0,12
RIGHT,RIGHT,True,0.2,medium,1.5,independent_rollout,8,source_group_average,0.2732689649217338,0.003436544298572203,0.2710854888452521,0.27545244099821553,0.0003780290033427447,0.008359373281273442,-0.0049332633846600644,0.005689321391345554,0.0,0.0,0.0,0.0,0.0,0.0,0.0,0.0,1.0,0.0,1.0,1.0,12
RIGHT,RIGHT,True,0.2,medium,1.5,independent_rollout,16,exact_deduplication,0.9999899053599716,3.60606360291841e-06,0.9999876141764676,0.9999921965434755,0.639901988394035,0.021897871742959252,0.6259887444715045,0.6538152323165655,1.0,0.0,1.0,1.0,1.0,0.0,1.0,1.0,0.0,0.0,0.0,0.0,12
RIGHT,RIGHT,True,0.2,medium,1.5,independent_rollout,16,explicit_belief_mixing,0.23641718119107816,0.0012215576878143498,0.2356410404649152,0.2371933219172411,-2.828676811736606e-05,0.004311531907780362,-0.0027677034482798506,0.0027111299120451187,0.0,0.0,0.0,0.0,0.0,0.0,0.0,0.0,1.0,0.0,1.0,1.0,12
RIGHT,RIGHT,True,0.2,medium,1.5,independent_rollout,16,ordinary_flat_aggregation,0.9999899053599716,3.60606360291841e-06,0.9999876141764676,0.9999921965434755,0.639901988394035,0.021897871742959252,0.6259887444715045,0.6538152323165655,1.0,0.0,1.0,1.0,1.0,0.0,1.0,1.0,0.0,0.0,0.0,0.0,12
RIGHT,RIGHT,True,0.2,medium,1.5,independent_rollout,16,provenance_preserving,0.9999899053599716,3.60606360291841e-06,0.9999876141764676,0.9999921965434755,0.639901988394035,0.021897871742959252,0.6259887444715045,0.6538152323165655,1.0,0.0,1.0,1.0,1.0,0.0,1.0,1.0,0.0,0.0,0.0,0.0,12
RIGHT,RIGHT,True,0.2,medium,1.5,independent_rollout,16,semantic_group_deduplication,0.36661947949924234,0.029128196243092475,0.34811230655976316,0.3851266524387215,0.006531562533305724,0.023463915136511873,-0.008376697890532489,0.021439822957143938,0.0,0.0,0.0,0.0,0.0,0.0,0.0,0.0,1.0,0.0,1.0,1.0,12
RIGHT,RIGHT,True,0.2,medium,1.5,independent_rollout,16,single_trajectory_score_average,0.27283436238215636,0.0024431153756286996,0.27128208092983047,0.27438664383448225,-5.657353623473212e-05,0.008623063815560723,-0.005535406896559701,0.0054222598240902375,0.0,0.0,0.0,0.0,0.0,0.0,0.0,0.0,1.0,0.0,1.0,1.0,12
RIGHT,RIGHT,True,0.2,medium,1.5,independent_rollout,16,source_group_average,0.27283436238215636,0.0024431153756286996,0.27128208092983047,0.27438664383448225,-5.657353623473212e-05,0.008623063815560723,-0.005535406896559701,0.0054222598240902375,0.0,0.0,0.0,0.0,0.0,0.0,0.0,0.0,1.0,0.0,1.0,1.0,12
RIGHT,RIGHT,True,0.2,medium,1.5,pure_duplication,1,exact_deduplication,0.27446128360279026,0.012012900257590534,0.2668286509221908,0.2820939162833897,0.0,0.0,0.0,0.0,0.0,0.0,0.0,0.0,0.0,0.0,0.0,0.0,1.0,0.0,1.0,1.0,12
RIGHT,RIGHT,True,0.2,medium,1.5,pure_duplication,1,explicit_belief_mixing,0.23644546795919555,0.004694800302940978,0.23346253415863616,0.23942840175975494,0.0,0.0,0.0,0.0,0.0,0.0,0.0,0.0,0.0,0.0,0.0,0.0,1.0,0.0,1.0,1.0,12
RIGHT,RIGHT,True,0.2,medium,1.5,pure_duplication,1,ordinary_flat_aggregation,0.3600879169659366,0.02189946627439133,0.3461736599264687,0.37400217400540453,0.0,0.0,0.0,0.0,0.0,0.0,0.0,0.0,0.0,0.0,0.0,0.0,1.0,0.0,1.0,1.0,12
RIGHT,RIGHT,True,0.2,medium,1.5,pure_duplication,1,provenance_preserving,0.3600879169659366,0.02189946627439133,0.3461736599264687,0.37400217400540453,0.0,0.0,0.0,0.0,0.0,0.0,0.0,0.0,0.0,0.0,0.0,0.0,1.0,0.0,1.0,1.0,12
RIGHT,RIGHT,True,0.2,medium,1.5,pure_duplication,1,semantic_group_deduplication,0.27446128360279026,0.012012900257590534,0.2668286509221908,0.2820939162833897,0.0,0.0,0.0,0.0,0.0,0.0,0.0,0.0,0.0,0.0,0.0,0.0,1.0,0.0,1.0,1.0,12
RIGHT,RIGHT,True,0.2,medium,1.5,pure_duplication,1,single_trajectory_score_average,0.2728909359183911,0.009389600605881955,0.2669250683172723,0.27885680351950987,0.0,0.0,0.0,0.0,0.0,0.0,0.0,0.0,0.0,0.0,0.0,0.0,1.0,0.0,1.0,1.0,12
RIGHT,RIGHT,True,0.2,medium,1.5,pure_duplication,1,source_group_average,0.2728909359183911,0.009389600605881955,0.2669250683172723,0.27885680351950987,0.0,0.0,0.0,0.0,0.0,0.0,0.0,0.0,0.0,0.0,0.0,0.0,1.0,0.0,1.0,1.0,12
RIGHT,RIGHT,True,0.2,medium,1.5,pure_duplication,2,exact_deduplication,0.27215751447661896,0.012206947662001429,0.26440158995735163,0.2799134389958863,-0.002303769126171346,0.015484096046583273,-0.012141894389886554,0.007534356137543861,0.0,0.0,0.0,0.0,0.0,0.0,0.0,0.0,1.0,0.0,1.0,1.0,12
RIGHT,RIGHT,True,0.2,medium,1.5,pure_duplication,2,explicit_belief_mixing,0.23644546795919555,0.004694800302940976,0.23346253415863616,0.23942840175975494,2.3129646346357427e-18,8.012344526598183e-18,-2.7778362020143068e-18,7.403765471285793e-18,0.0,0.0,0.0,0.0,0.0,0.0,0.0,0.0,1.0,0.0,1.0,1.0,12
RIGHT,RIGHT,True,0.2,medium,1.5,pure_duplication,2,ordinary_flat_aggregation,0.557793495459267,0.047135604574382324,0.527844961118701,0.587742029799833,0.19770557849333048,0.025245301035992308,0.18166547946752418,0.21374567751913678,0.8333333333333334,0.38924947208076144,0.5860160179637635,1.0806506487029033,0.8333333333333334,0.38924947208076144,0.5860160179637635,1.0806506487029033,0.16666666666666666,0.38924947208076144,-0.08065064870290328,0.4139839820362366,12
RIGHT,RIGHT,True,0.2,medium,1.5,pure_duplication,2,provenance_preserving,0.3600879169659366,0.02189946627439133,0.3461736599264687,0.37400217400540453,0.0,0.0,0.0,0.0,0.0,0.0,0.0,0.0,0.0,0.0,0.0,0.0,1.0,0.0,1.0,1.0,12
RIGHT,RIGHT,True,0.2,medium,1.5,pure_duplication,2,semantic_group_deduplication,0.27215751447661896,0.012206947662001429,0.26440158995735163,0.2799134389958863,-0.002303769126171346,0.015484096046583273,-0.012141894389886554,0.007534356137543861,0.0,0.0,0.0,0.0,0.0,0.0,0.0,0.0,1.0,0.0,1.0,1.0,12
RIGHT,RIGHT,True,0.2,medium,1.5,pure_duplication,2,single_trajectory_score_average,0.2728909359183911,0.009389600605881952,0.2669250683172723,0.27885680351950987,4.625929269271485e-18,1.6024689053196365e-17,-5.5556724040286136e-18,1.4807530942571585e-17,0.0,0.0,0.0,0.0,0.0,0.0,0.0,0.0,1.0,0.0,1.0,1.0,12
RIGHT,RIGHT,True,0.2,medium,1.5,pure_duplication,2,source_group_average,0.2728909359183911,0.009389600605881955,0.2669250683172723,0.27885680351950987,0.0,0.0,0.0,0.0,0.0,0.0,0.0,0.0,0.0,0.0,0.0,0.0,1.0,0.0,1.0,1.0,12
RIGHT,RIGHT,True,0.2,medium,1.5,pure_duplication,4,exact_deduplication,0.27087131731804276,0.01872706184830188,0.25897270988686566,0.28276992474921986,-0.0035899662847475636,0.018688347319407442,-0.015463975677805868,0.00828404310831074,0.0,0.0,0.0,0.0,0.0,0.0,0.0,0.0,1.0,0.0,1.0,1.0,12
RIGHT,RIGHT,True,0.2,medium,1.5,pure_duplication,4,explicit_belief_mixing,0.23644546795919555,0.004694800302940978,0.23346253415863616,0.23942840175975494,0.0,0.0,0.0,0.0,0.0,0.0,0.0,0.0,0.0,0.0,0.0,0.0,1.0,0.0,1.0,1.0,12
RIGHT,RIGHT,True,0.2,medium,1.5,pure_duplication,4,ordinary_flat_aggregation,0.8588334551466209,0.04816998080131112,0.828227709506169,0.8894392007870728,0.4987455381806843,0.02662092950538895,0.4818314065243943,0.5156596698369743,1.0,0.0,1.0,1.0,1.0,0.0,1.0,1.0,0.0,0.0,0.0,0.0,12
RIGHT,RIGHT,True,0.2,medium,1.5,pure_duplication,4,provenance_preserving,0.3600879169659366,0.02189946627439133,0.3461736599264687,0.37400217400540453,0.0,0.0,0.0,0.0,0.0,0.0,0.0,0.0,0.0,0.0,0.0,0.0,1.0,0.0,1.0,1.0,12
RIGHT,RIGHT,True,0.2,medium,1.5,pure_duplication,4,semantic_group_deduplication,0.27087131731804276,0.01872706184830188,0.25897270988686566,0.28276992474921986,-0.0035899662847475636,0.018688347319407442,-0.015463975677805868,0.00828404310831074,0.0,0.0,0.0,0.0,0.0,0.0,0.0,0.0,1.0,0.0,1.0,1.0,12
RIGHT,RIGHT,True,0.2,medium,1.5,pure_duplication,4,single_trajectory_score_average,0.2728909359183911,0.009389600605881955,0.2669250683172723,0.27885680351950987,0.0,0.0,0.0,0.0,0.0,0.0,0.0,0.0,0.0,0.0,0.0,0.0,1.0,0.0,1.0,1.0,12
RIGHT,RIGHT,True,0.2,medium,1.5,pure_duplication,4,source_group_average,0.2728909359183911,0.009389600605881955,0.2669250683172723,0.27885680351950987,0.0,0.0,0.0,0.0,0.0,0.0,0.0,0.0,0.0,0.0,0.0,0.0,1.0,0.0,1.0,1.0,12
RIGHT,RIGHT,True,0.2,medium,1.5,pure_duplication,8,exact_deduplication,0.27247827039301653,0.0179420871271917,0.26107841210495364,0.2838781286810794,-0.0019830132097737596,0.02332333346712267,-0.01680195230228773,0.012835925882740214,0.0,0.0,0.0,0.0,0.0,0.0,0.0,0.0,1.0,0.0,1.0,1.0,12
RIGHT,RIGHT,True,0.2,medium,1.5,pure_duplication,8,explicit_belief_mixing,0.23644546795919555,0.004694800302940978,0.23346253415863616,0.23942840175975494,0.0,0.0,0.0,0.0,0.0,0.0,0.0,0.0,0.0,0.0,0.0,0.0,1.0,0.0,1.0,1.0,12
RIGHT,RIGHT,True,0.2,medium,1.5,pure_duplication,8,ordinary_flat_aggregation,0.9919832144075699,0.006692162313382413,0.9877312173309502,0.9962352114841896,0.6318952974416333,0.015731633854254048,0.6218998941584558,0.6418907007248108,1.0,0.0,1.0,1.0,1.0,0.0,1.0,1.0,0.0,0.0,0.0,0.0,12
RIGHT,RIGHT,True,0.2,medium,1.5,pure_duplication,8,provenance_preserving,0.3600879169659366,0.02189946627439133,0.3461736599264687,0.37400217400540453,0.0,0.0,0.0,0.0,0.0,0.0,0.0,0.0,0.0,0.0,0.0,0.0,1.0,0.0,1.0,1.0,12
RIGHT,RIGHT,True,0.2,medium,1.5,pure_duplication,8,semantic_group_deduplication,0.27247827039301653,0.0179420871271917,0.26107841210495364,0.2838781286810794,-0.0019830132097737596,0.02332333346712267,-0.01680195230228773,0.012835925882740214,0.0,0.0,0.0,0.0,0.0,0.0,0.0,0.0,1.0,0.0,1.0,1.0,12
RIGHT,RIGHT,True,0.2,medium,1.5,pure_duplication,8,single_trajectory_score_average,0.2728909359183911,0.009389600605881955,0.2669250683172723,0.27885680351950987,0.0,0.0,0.0,0.0,0.0,0.0,0.0,0.0,0.0,0.0,0.0,0.0,1.0,0.0,1.0,1.0,12
RIGHT,RIGHT,True,0.2,medium,1.5,pure_duplication,8,source_group_average,0.2728909359183911,0.009389600605881955,0.2669250683172723,0.27885680351950987,0.0,0.0,0.0,0.0,0.0,0.0,0.0,0.0,0.0,0.0,0.0,0.0,1.0,0.0,1.0,1.0,12
RIGHT,RIGHT,True,0.2,medium,1.5,pure_duplication,16,exact_deduplication,0.2768392553718846,0.012209167559730952,0.26908192039689094,0.28459659034687823,0.0023779717690942856,0.009522358472252718,-0.003672246156071191,0.008428189694259762,0.0,0.0,0.0,0.0,0.0,0.0,0.0,0.0,1.0,0.0,1.0,1.0,12
RIGHT,RIGHT,True,0.2,medium,1.5,pure_duplication,16,explicit_belief_mixing,0.23644546795919555,0.004694800302940978,0.23346253415863616,0.23942840175975494,0.0,0.0,0.0,0.0,0.0,0.0,0.0,0.0,0.0,0.0,0.0,0.0,1.0,0.0,1.0,1.0,12
RIGHT,RIGHT,True,0.2,medium,1.5,pure_duplication,16,ordinary_flat_aggregation,0.9999727144048781,4.468879830964446e-05,0.9999443204970689,1.0000011083126874,0.6398847974389416,0.021862096100466,0.6259942842751961,0.653775310602687,1.0,0.0,1.0,1.0,1.0,0.0,1.0,1.0,0.0,0.0,0.0,0.0,12
RIGHT,RIGHT,True,0.2,medium,1.5,pure_duplication,16,provenance_preserving,0.3600879169659366,0.02189946627439133,0.3461736599264687,0.37400217400540453,0.0,0.0,0.0,0.0,0.0,0.0,0.0,0.0,0.0,0.0,0.0,0.0,1.0,0.0,1.0,1.0,12
RIGHT,RIGHT,True,0.2,medium,1.5,pure_duplication,16,semantic_group_deduplication,0.2768392553718846,0.012209167559730952,0.26908192039689094,0.28459659034687823,0.0023779717690942856,0.009522358472252718,-0.003672246156071191,0.008428189694259762,0.0,0.0,0.0,0.0,0.0,0.0,0.0,0.0,1.0,0.0,1.0,1.0,12
RIGHT,RIGHT,True,0.2,medium,1.5,pure_duplication,16,single_trajectory_score_average,0.2728909359183911,0.009389600605881955,0.2669250683172723,0.27885680351950987,0.0,0.0,0.0,0.0,0.0,0.0,0.0,0.0,0.0,0.0,0.0,0.0,1.0,0.0,1.0,1.0,12
RIGHT,RIGHT,True,0.2,medium,1.5,pure_duplication,16,source_group_average,0.2728909359183911,0.009389600605881955,0.2669250683172723,0.27885680351950987,0.0,0.0,0.0,0.0,0.0,0.0,0.0,0.0,0.0,0.0,0.0,0.0,1.0,0.0,1.0,1.0,12
RIGHT,RIGHT,True,0.2,strong,2.0,independent_rollout,1,exact_deduplication,0.5009245904775915,0.023133422145559166,0.4862263152820799,0.5156228656731031,0.0,0.0,0.0,0.0,0.0,0.0,0.0,0.0,0.5,0.5222329678670935,0.16818900249253282,0.8318109975074672,0.5,0.5222329678670935,0.16818900249253282,0.8318109975074672,12
RIGHT,RIGHT,True,0.2,strong,2.0,independent_rollout,1,explicit_belief_mixing,0.26698776559759846,0.005106995102591786,0.2637429357160656,0.2702325954791313,0.0,0.0,0.0,0.0,0.0,0.0,0.0,0.0,0.0,0.0,0.0,0.0,1.0,0.0,1.0,1.0,12
RIGHT,RIGHT,True,0.2,strong,2.0,independent_rollout,1,ordinary_flat_aggregation,0.5009245904775915,0.023133422145559166,0.4862263152820799,0.5156228656731031,0.0,0.0,0.0,0.0,0.0,0.0,0.0,0.0,0.5,0.5222329678670935,0.16818900249253282,0.8318109975074672,0.5,0.5222329678670935,0.16818900249253282,0.8318109975074672,12
RIGHT,RIGHT,True,0.2,strong,2.0,independent_rollout,1,provenance_preserving,0.5009245904775915,0.023133422145559166,0.4862263152820799,0.5156228656731031,0.0,0.0,0.0,0.0,0.0,0.0,0.0,0.0,0.5,0.5222329678670935,0.16818900249253282,0.8318109975074672,0.5,0.5222329678670935,0.16818900249253282,0.8318109975074672,12
RIGHT,RIGHT,True,0.2,strong,2.0,independent_rollout,1,semantic_group_deduplication,0.5009245904775915,0.023133422145559166,0.4862263152820799,0.5156228656731031,0.0,0.0,0.0,0.0,0.0,0.0,0.0,0.0,0.5,0.5222329678670935,0.16818900249253282,0.8318109975074672,0.5,0.5222329678670935,0.16818900249253282,0.8318109975074672,12
RIGHT,RIGHT,True,0.2,strong,2.0,independent_rollout,1,single_trajectory_score_average,0.33397553119519685,0.01021399020518359,0.32748587143213115,0.34046519095826255,0.0,0.0,0.0,0.0,0.0,0.0,0.0,0.0,0.0,0.0,0.0,0.0,1.0,0.0,1.0,1.0,12
RIGHT,RIGHT,True,0.2,strong,2.0,independent_rollout,1,source_group_average,0.33397553119519685,0.01021399020518359,0.32748587143213115,0.34046519095826255,0.0,0.0,0.0,0.0,0.0,0.0,0.0,0.0,0.0,0.0,0.0,0.0,1.0,0.0,1.0,1.0,12
RIGHT,RIGHT,True,0.2,strong,2.0,independent_rollout,2,exact_deduplication,0.7987251055475372,0.016720121005599223,0.7881016474920791,0.8093485636029952,0.29780051506994554,0.011426665319631206,0.2905403582985796,0.30506067184131147,0.5,0.5222329678670935,0.16818900249253282,0.8318109975074672,1.0,0.0,1.0,1.0,0.0,0.0,0.0,0.0,12
RIGHT,RIGHT,True,0.2,strong,2.0,independent_rollout,2,explicit_belief_mixing,0.26660247553498634,0.002847328845463184,0.26479336909671686,0.2684115819732558,-0.00038529006261207865,0.0029428248264506593,-0.0022550717524628776,0.0014844916272387205,0.0,0.0,0.0,0.0,0.0,0.0,0.0,0.0,1.0,0.0,1.0,1.0,12
RIGHT,RIGHT,True,0.2,strong,2.0,independent_rollout,2,ordinary_flat_aggregation,0.7987251055475372,0.016720121005599223,0.7881016474920791,0.8093485636029952,0.29780051506994554,0.011426665319631206,0.2905403582985796,0.30506067184131147,0.5,0.5222329678670935,0.16818900249253282,0.8318109975074672,1.0,0.0,1.0,1.0,0.0,0.0,0.0,0.0,12
RIGHT,RIGHT,True,0.2,strong,2.0,independent_rollout,2,provenance_preserving,0.7987251055475372,0.016720121005599223,0.7881016474920791,0.8093485636029952,0.29780051506994554,0.011426665319631206,0.2905403582985796,0.30506067184131147,0.5,0.5222329678670935,0.16818900249253282,0.8318109975074672,1.0,0.0,1.0,1.0,0.0,0.0,0.0,0.0,12
RIGHT,RIGHT,True,0.2,strong,2.0,independent_rollout,2,semantic_group_deduplication,0.5010157452695109,0.018552600906339943,0.4892279850324795,0.5128035055065422,9.11547919193086e-05,0.018623675019989194,-0.01174176378247867,0.011924073366317288,0.16666666666666666,0.38924947208076144,-0.08065064870290328,0.4139839820362366,0.5,0.5222329678670935,0.16818900249253282,0.8318109975074672,0.5,0.5222329678670935,0.16818900249253282,0.8318109975074672,12
RIGHT,RIGHT,True,0.2,strong,2.0,independent_rollout,2,single_trajectory_score_average,0.33320495106997267,0.005694657690926357,0.32958673819343376,0.3368231639465116,-0.0007705801252241712,0.005885649652901323,-0.0045101435049257725,0.00296898325447743,0.0,0.0,0.0,0.0,0.0,0.0,0.0,0.0,1.0,0.0,1.0,1.0,12
RIGHT,RIGHT,True,0.2,strong,2.0,independent_rollout,2,source_group_average,0.33320495106997267,0.005694657690926357,0.32958673819343376,0.3368231639465116,-0.0007705801252241712,0.005885649652901323,-0.0045101435049257725,0.00296898325447743,0.0,0.0,0.0,0.0,0.0,0.0,0.0,0.0,1.0,0.0,1.0,1.0,12
RIGHT,RIGHT,True,0.2,strong,2.0,independent_rollout,4,exact_deduplication,0.9854674373666339,0.002846889454873741,0.9836586101038258,0.987276264629442,0.4845428468890422,0.02137082206996558,0.4709644743524494,0.498121219425635,0.5,0.5222329678670935,0.16818900249253282,0.8318109975074672,1.0,0.0,1.0,1.0,0.0,0.0,0.0,0.0,12
RIGHT,RIGHT,True,0.2,strong,2.0,independent_rollout,4,explicit_belief_mixing,0.2677701426639983,0.0025678618828202855,0.2661386010624025,0.2694016842655941,0.0007823770663998078,0.003823555331659618,-0.0016469940891681635,0.003211748221967779,0.0,0.0,0.0,0.0,0.0,0.0,0.0,0.0,1.0,0.0,1.0,1.0,12
RIGHT,RIGHT,True,0.2,strong,2.0,independent_rollout,4,ordinary_flat_aggregation,0.9854674373666339,0.002846889454873741,0.9836586101038258,0.987276264629442,0.4845428468890422,0.02137082206996558,0.4709644743524494,0.498121219425635,0.5,0.5222329678670935,0.16818900249253282,0.8318109975074672,1.0,0.0,1.0,1.0,0.0,0.0,0.0,0.0,12
RIGHT,RIGHT,True,0.2,strong,2.0,independent_rollout,4,provenance_preserving,0.9854674373666339,0.002846889454873741,0.9836586101038258,0.987276264629442,0.4845428468890422,0.02137082206996558,0.4709644743524494,0.498121219425635,0.5,0.5222329678670935,0.16818900249253282,0.8318109975074672,1.0,0.0,1.0,1.0,0.0,0.0,0.0,0.0,12
RIGHT,RIGHT,True,0.2,strong,2.0,independent_rollout,4,semantic_group_deduplication,0.49742765538835143,0.022030655768172154,0.48343004452123894,0.5114252662554639,-0.0034969350892402142,0.029884973917368628,-0.02248494162300304,0.01549107144452261,0.3333333333333333,0.49236596391733095,0.020498924786929718,0.6461677418797369,0.5,0.5222329678670935,0.16818900249253282,0.8318109975074672,0.5,0.5222329678670935,0.16818900249253282,0.8318109975074672,12
RIGHT,RIGHT,True,0.2,strong,2.0,independent_rollout,4,single_trajectory_score_average,0.33554028532799646,0.005135723765640571,0.3322772021248049,0.33880336853118803,0.001564754132799583,0.007647110663319276,-0.003293988178336386,0.006423496443935551,0.0,0.0,0.0,0.0,0.0,0.0,0.0,0.0,1.0,0.0,1.0,1.0,12
RIGHT,RIGHT,True,0.2,strong,2.0,independent_rollout,4,source_group_average,0.33554028532799646,0.005135723765640571,0.3322772021248049,0.33880336853118803,0.001564754132799583,0.007647110663319276,-0.003293988178336386,0.006423496443935551,0.0,0.0,0.0,0.0,0.0,0.0,0.0,0.0,1.0,0.0,1.0,1.0,12
RIGHT,RIGHT,True,0.2,strong,2.0,independent_rollout,8,exact_deduplication,0.9999390042115689,1.4174502788396875e-05,0.9999299981621642,0.9999480102609736,0.4990144137339773,0.023130957135176836,0.48431770473134156,0.513711122736613,0.5,0.5222329678670935,0.16818900249253282,0.8318109975074672,1.0,0.0,1.0,1.0,0.0,0.0,0.0,0.0,12
RIGHT,RIGHT,True,0.2,strong,2.0,independent_rollout,8,explicit_belief_mixing,0.26692924194494017,0.0016025680007913882,0.26591101881535123,0.2679474650745291,-5.852365265824241e-05,0.005063793343771003,-0.003275904446196999,0.003158857140880514,0.0,0.0,0.0,0.0,0.0,0.0,0.0,0.0,1.0,0.0,1.0,1.0,12
RIGHT,RIGHT,True,0.2,strong,2.0,independent_rollout,8,ordinary_flat_aggregation,0.9999390042115689,1.4174502788396875e-05,0.9999299981621642,0.9999480102609736,0.4990144137339773,0.023130957135176836,0.48431770473134156,0.513711122736613,0.5,0.5222329678670935,0.16818900249253282,0.8318109975074672,1.0,0.0,1.0,1.0,0.0,0.0,0.0,0.0,12
RIGHT,RIGHT,True,0.2,strong,2.0,independent_rollout,8,provenance_preserving,0.9999390042115689,1.4174502788396875e-05,0.9999299981621642,0.9999480102609736,0.4990144137339773,0.023130957135176836,0.48431770473134156,0.513711122736613,0.5,0.5222329678670935,0.16818900249253282,0.8318109975074672,1.0,0.0,1.0,1.0,0.0,0.0,0.0,0.0,12
RIGHT,RIGHT,True,0.2,strong,2.0,independent_rollout,8,semantic_group_deduplication,0.5061297341044079,0.016946885464916735,0.49536219678533555,0.5168972714234802,0.005205143626816298,0.026371502542745808,-0.011550509698207274,0.021960796951839872,0.3333333333333333,0.49236596391733095,0.020498924786929718,0.6461677418797369,0.8333333333333334,0.3892494720807615,0.5860160179637635,1.0806506487029033,0.16666666666666666,0.38924947208076155,-0.08065064870290334,0.41398398203623665,12
RIGHT,RIGHT,True,0.2,strong,2.0,independent_rollout,8,single_trajectory_score_average,0.3338584838898803,0.0032051360015827694,0.3318220376307025,0.33589493014905814,-0.00011704730531648018,0.010127586687542,-0.006551808892393989,0.006317714281761029,0.0,0.0,0.0,0.0,0.0,0.0,0.0,0.0,1.0,0.0,1.0,1.0,12
RIGHT,RIGHT,True,0.2,strong,2.0,independent_rollout,8,source_group_average,0.3338584838898803,0.0032051360015827694,0.3318220376307025,0.33589493014905814,-0.00011704730531648018,0.010127586687542,-0.006551808892393989,0.006317714281761029,0.0,0.0,0.0,0.0,0.0,0.0,0.0,0.0,1.0,0.0,1.0,1.0,12
RIGHT,RIGHT,True,0.2,strong,2.0,independent_rollout,16,exact_deduplication,0.9999999991346904,1.9542335891016117e-10,0.9999999990105243,0.9999999992588565,0.4990754086570988,0.02313342220959766,0.48437713342089905,0.5137736838932986,0.5,0.5222329678670935,0.16818900249253282,0.8318109975074672,1.0,0.0,1.0,1.0,0.0,0.0,0.0,0.0,12
RIGHT,RIGHT,True,0.2,strong,2.0,independent_rollout,16,explicit_belief_mixing,0.2670941148265542,0.0008322843431407965,0.26656530658368266,0.26762292306942576,0.0001063492289558136,0.00548391211249719,-0.0033779622953102337,0.0035906607532218606,0.0,0.0,0.0,0.0,0.0,0.0,0.0,0.0,1.0,0.0,1.0,1.0,12
RIGHT,RIGHT,True,0.2,strong,2.0,independent_rollout,16,ordinary_flat_aggregation,0.9999999991346904,1.9542335891016117e-10,0.9999999990105243,0.9999999992588565,0.4990754086570988,0.02313342220959766,0.48437713342089905,0.5137736838932986,0.5,0.5222329678670935,0.16818900249253282,0.8318109975074672,1.0,0.0,1.0,1.0,0.0,0.0,0.0,0.0,12
RIGHT,RIGHT,True,0.2,strong,2.0,independent_rollout,16,provenance_preserving,0.9999999991346904,1.9542335891016117e-10,0.9999999990105243,0.9999999992588565,0.4990754086570988,0.02313342220959766,0.48437713342089905,0.5137736838932986,0.5,0.5222329678670935,0.16818900249253282,0.8318109975074672,1.0,0.0,1.0,1.0,0.0,0.0,0.0,0.0,12
RIGHT,RIGHT,True,0.2,strong,2.0,independent_rollout,16,semantic_group_deduplication,0.5027731568721785,0.01945838225873585,0.49040989062048546,0.5151364231238715,0.0018485663945868546,0.0346783915916818,-0.02018503242814949,0.0238821652173232,0.75,0.45226701686664544,0.46264324690347836,1.0373567530965215,0.5833333333333334,0.5149286505444373,0.25616327763932606,0.9105033890273406,0.4166666666666667,0.5149286505444373,0.08949661097265937,0.743836722360674,12
RIGHT,RIGHT,True,0.2,strong,2.0,independent_rollout,16,single_trajectory_score_average,0.3341882296531084,0.0016645686862815918,0.3331306131673653,0.3352458461388515,0.00021269845791161793,0.01096782422499439,-0.006755924590620482,0.007181321506443719,0.0,0.0,0.0,0.0,0.0,0.0,0.0,0.0,1.0,0.0,1.0,1.0,12
RIGHT,RIGHT,True,0.2,strong,2.0,independent_rollout,16,source_group_average,0.3341882296531084,0.0016645686862815918,0.3331306131673653,0.3352458461388515,0.00021269845791161793,0.01096782422499439,-0.006755924590620482,0.007181321506443719,0.0,0.0,0.0,0.0,0.0,0.0,0.0,0.0,1.0,0.0,1.0,1.0,12
RIGHT,RIGHT,True,0.2,strong,2.0,pure_duplication,1,exact_deduplication,0.33209419785357264,0.01691201475800064,0.3213488163246506,0.34283957938249465,0.0,0.0,0.0,0.0,0.0,0.0,0.0,0.0,0.0,0.0,0.0,0.0,1.0,0.0,1.0,1.0,12
RIGHT,RIGHT,True,0.2,strong,2.0,pure_duplication,1,explicit_belief_mixing,0.26698776559759846,0.005106995102591786,0.2637429357160656,0.2702325954791313,0.0,0.0,0.0,0.0,0.0,0.0,0.0,0.0,0.0,0.0,0.0,0.0,1.0,0.0,1.0,1.0,12
RIGHT,RIGHT,True,0.2,strong,2.0,pure_duplication,1,ordinary_flat_aggregation,0.5009245904775915,0.023133422145559166,0.4862263152820799,0.5156228656731031,0.0,0.0,0.0,0.0,0.0,0.0,0.0,0.0,0.5,0.5222329678670935,0.16818900249253282,0.8318109975074672,0.5,0.5222329678670935,0.16818900249253282,0.8318109975074672,12
RIGHT,RIGHT,True,0.2,strong,2.0,pure_duplication,1,provenance_preserving,0.5009245904775915,0.023133422145559166,0.4862263152820799,0.5156228656731031,0.0,0.0,0.0,0.0,0.0,0.0,0.0,0.0,0.5,0.5222329678670935,0.16818900249253282,0.8318109975074672,0.5,0.5222329678670935,0.16818900249253282,0.8318109975074672,12
RIGHT,RIGHT,True,0.2,strong,2.0,pure_duplication,1,semantic_group_deduplication,0.33209419785357264,0.01691201475800064,0.3213488163246506,0.34283957938249465,0.0,0.0,0.0,0.0,0.0,0.0,0.0,0.0,0.0,0.0,0.0,0.0,1.0,0.0,1.0,1.0,12
RIGHT,RIGHT,True,0.2,strong,2.0,pure_duplication,1,single_trajectory_score_average,0.33397553119519685,0.01021399020518359,0.32748587143213115,0.34046519095826255,0.0,0.0,0.0,0.0,0.0,0.0,0.0,0.0,0.0,0.0,0.0,0.0,1.0,0.0,1.0,1.0,12
RIGHT,RIGHT,True,0.2,strong,2.0,pure_duplication,1,source_group_average,0.33397553119519685,0.01021399020518359,0.32748587143213115,0.34046519095826255,0.0,0.0,0.0,0.0,0.0,0.0,0.0,0.0,0.0,0.0,0.0,0.0,1.0,0.0,1.0,1.0,12
RIGHT,RIGHT,True,0.2,strong,2.0,pure_duplication,2,exact_deduplication,0.3431589578070249,0.016024866989461397,0.3329772430784157,0.35334067253563406,0.01106475995345225,0.021819770689767964,-0.0027988609273318765,0.024928380834236374,0.0,0.0,0.0,0.0,0.0,0.0,0.0,0.0,1.0,0.0,1.0,1.0,12
RIGHT,RIGHT,True,0.2,strong,2.0,pure_duplication,2,explicit_belief_mixing,0.26698776559759835,0.005106995102591782,0.2637429357160655,0.2702325954791312,-4.625929269271485e-18,1.6024689053196365e-17,-1.4807530942571585e-17,5.5556724040286136e-18,0.0,0.0,0.0,0.0,0.0,0.0,0.0,0.0,1.0,0.0,1.0,1.0,12
RIGHT,RIGHT,True,0.2,strong,2.0,pure_duplication,2,ordinary_flat_aggregation,0.7996650496815455,0.03072616209982374,0.7801425776753099,0.8191875216877811,0.29874045920395365,0.007784869239099439,0.2937941892695971,0.3036867291383102,0.5,0.5222329678670935,0.16818900249253282,0.8318109975074672,1.0,0.0,1.0,1.0,0.0,0.0,0.0,0.0,12
RIGHT,RIGHT,True,0.2,strong,2.0,pure_duplication,2,provenance_preserving,0.5009245904775915,0.023133422145559166,0.4862263152820799,0.5156228656731031,0.0,0.0,0.0,0.0,0.0,0.0,0.0,0.0,0.5,0.5222329678670935,0.16818900249253282,0.8318109975074672,0.5,0.5222329678670935,0.16818900249253282,0.8318109975074672,12
RIGHT,RIGHT,True,0.2,strong,2.0,pure_duplication,2,semantic_group_deduplication,0.3431589578070249,0.016024866989461397,0.3329772430784157,0.35334067253563406,0.01106475995345225,0.021819770689767964,-0.0027988609273318765,0.024928380834236374,0.0,0.0,0.0,0.0,0.0,0.0,0.0,0.0,1.0,0.0,1.0,1.0,12
RIGHT,RIGHT,True,0.2,strong,2.0,pure_duplication,2,single_trajectory_score_average,0.3339755311951968,0.010213990205183583,0.3274858714321311,0.3404651909582625,0.0,2.367003441645759e-17,-1.503922236629014e-17,1.503922236629014e-17,0.0,0.0,0.0,0.0,0.0,0.0,0.0,0.0,1.0,0.0,1.0,1.0,12
RIGHT,RIGHT,True,0.2,strong,2.0,pure_duplication,2,source_group_average,0.33397553119519685,0.01021399020518359,0.32748587143213115,0.34046519095826255,0.0,0.0,0.0,0.0,0.0,0.0,0.0,0.0,0.0,0.0,0.0,0.0,1.0,0.0,1.0,1.0,12
RIGHT,RIGHT,True,0.2,strong,2.0,pure_duplication,4,exact_deduplication,0.3292441201466338,0.01580460881461819,0.31920235078570675,0.33928588950756083,-0.0028500777069388147,0.007088620834155813,-0.007353972509941851,0.0016538170960642222,0.0,0.0,0.0,0.0,0.0,0.0,0.0,0.0,1.0,0.0,1.0,1.0,12
RIGHT,RIGHT,True,0.2,strong,2.0,pure_duplication,4,explicit_belief_mixing,0.26698776559759846,0.005106995102591786,0.2637429357160656,0.2702325954791313,0.0,0.0,0.0,0.0,0.0,0.0,0.0,0.0,0.0,0.0,0.0,0.0,1.0,0.0,1.0,1.0,12
RIGHT,RIGHT,True,0.2,strong,2.0,pure_duplication,4,ordinary_flat_aggregation,0.9838244751431975,0.006742657485283158,0.9795403949649956,0.9881085553213994,0.48289988466560585,0.01660741766228947,0.47234803489814764,0.49345173443306406,0.5,0.5222329678670935,0.16818900249253282,0.8318109975074672,1.0,0.0,1.0,1.0,0.0,0.0,0.0,0.0,12
RIGHT,RIGHT,True,0.2,strong,2.0,pure_duplication,4,provenance_preserving,0.5009245904775915,0.023133422145559166,0.4862263152820799,0.5156228656731031,0.0,0.0,0.0,0.0,0.0,0.0,0.0,0.0,0.5,0.5222329678670935,0.16818900249253282,0.8318109975074672,0.5,0.5222329678670935,0.16818900249253282,0.8318109975074672,12
RIGHT,RIGHT,True,0.2,strong,2.0,pure_duplication,4,semantic_group_deduplication,0.3292441201466338,0.01580460881461819,0.31920235078570675,0.33928588950756083,-0.0028500777069388147,0.007088620834155813,-0.007353972509941851,0.0016538170960642222,0.0,0.0,0.0,0.0,0.0,0.0,0.0,0.0,1.0,0.0,1.0,1.0,12
RIGHT,RIGHT,True,0.2,strong,2.0,pure_duplication,4,single_trajectory_score_average,0.33397553119519685,0.01021399020518359,0.32748587143213115,0.34046519095826255,0.0,0.0,0.0,0.0,0.0,0.0,0.0,0.0,0.0,0.0,0.0,0.0,1.0,0.0,1.0,1.0,12
RIGHT,RIGHT,True,0.2,strong,2.0,pure_duplication,4,source_group_average,0.33397553119519685,0.01021399020518359,0.32748587143213115,0.34046519095826255,0.0,0.0,0.0,0.0,0.0,0.0,0.0,0.0,0.0,0.0,0.0,0.0,1.0,0.0,1.0,1.0,12
RIGHT,RIGHT,True,0.2,strong,2.0,pure_duplication,8,exact_deduplication,0.33510879203790256,0.021877524451577063,0.3212084761675356,0.3490091079082695,0.003014594184329908,0.025442114095193324,-0.013150553893363535,0.01917974226202335,0.0,0.0,0.0,0.0,0.0,0.0,0.0,0.0,1.0,0.0,1.0,1.0,12
RIGHT,RIGHT,True,0.2,strong,2.0,pure_duplication,8,explicit_belief_mixing,0.26698776559759846,0.005106995102591786,0.2637429357160656,0.2702325954791313,0.0,0.0,0.0,0.0,0.0,0.0,0.0,0.0,0.0,0.0,0.0,0.0,1.0,0.0,1.0,1.0,12
RIGHT,RIGHT,True,0.2,strong,2.0,pure_duplication,8,ordinary_flat_aggregation,0.9999207155805344,7.806016940441536e-05,0.9998711185151069,0.9999703126459619,0.49899612510294283,0.02306208327586034,0.48434317646276626,0.5136490737431194,0.5,0.5222329678670935,0.16818900249253282,0.8318109975074672,1.0,0.0,1.0,1.0,0.0,0.0,0.0,0.0,12
RIGHT,RIGHT,True,0.2,strong,2.0,pure_duplication,8,provenance_preserving,0.5009245904775915,0.023133422145559166,0.4862263152820799,0.5156228656731031,0.0,0.0,0.0,0.0,0.0,0.0,0.0,0.0,0.5,0.5222329678670935,0.16818900249253282,0.8318109975074672,0.5,0.5222329678670935,0.16818900249253282,0.8318109975074672,12
RIGHT,RIGHT,True,0.2,strong,2.0,pure_duplication,8,semantic_group_deduplication,0.33510879203790256,0.021877524451577063,0.3212084761675356,0.3490091079082695,0.003014594184329908,0.025442114095193324,-0.013150553893363535,0.01917974226202335,0.0,0.0,0.0,0.0,0.0,0.0,0.0,0.0,1.0,0.0,1.0,1.0,12
RIGHT,RIGHT,True,0.2,strong,2.0,pure_duplication,8,single_trajectory_score_average,0.33397553119519685,0.01021399020518359,0.32748587143213115,0.34046519095826255,0.0,0.0,0.0,0.0,0.0,0.0,0.0,0.0,0.0,0.0,0.0,0.0,1.0,0.0,1.0,1.0,12
RIGHT,RIGHT,True,0.2,strong,2.0,pure_duplication,8,source_group_average,0.33397553119519685,0.01021399020518359,0.32748587143213115,0.34046519095826255,0.0,0.0,0.0,0.0,0.0,0.0,0.0,0.0,0.0,0.0,0.0,0.0,1.0,0.0,1.0,1.0,12
RIGHT,RIGHT,True,0.2,strong,2.0,pure_duplication,16,exact_deduplication,0.32819585959450387,0.021273461786773952,0.314679346830601,0.34171237235840674,-0.003898338259068735,0.023268683873344662,-0.018682554656271232,0.010885878138133761,0.0,0.0,0.0,0.0,0.0,0.0,0.0,0.0,1.0,0.0,1.0,1.0,12
RIGHT,RIGHT,True,0.2,strong,2.0,pure_duplication,16,explicit_belief_mixing,0.26698776559759846,0.005106995102591785,0.2637429357160656,0.2702325954791313,4.625929269271485e-18,1.6024689053196365e-17,-5.5556724040286136e-18,1.4807530942571585e-17,0.0,0.0,0.0,0.0,0.0,0.0,0.0,0.0,1.0,0.0,1.0,1.0,12
RIGHT,RIGHT,True,0.2,strong,2.0,pure_duplication,16,ordinary_flat_aggregation,0.9999999970307057,6.597193566022772e-09,0.999999992839049,1.0000000012223627,0.4990754065531144,0.02313341690138587,0.48437713468959154,0.5137736784166372,0.5,0.5222329678670935,0.16818900249253282,0.8318109975074672,1.0,0.0,1.0,1.0,0.0,0.0,0.0,0.0,12
RIGHT,RIGHT,True,0.2,strong,2.0,pure_duplication,16,provenance_preserving,0.5009245904775915,0.023133422145559166,0.4862263152820799,0.5156228656731031,0.0,0.0,0.0,0.0,0.0,0.0,0.0,0.0,0.5,0.5222329678670935,0.16818900249253282,0.8318109975074672,0.5,0.5222329678670935,0.16818900249253282,0.8318109975074672,12
RIGHT,RIGHT,True,0.2,strong,2.0,pure_duplication,16,semantic_group_deduplication,0.32819585959450387,0.021273461786773952,0.314679346830601,0.34171237235840674,-0.003898338259068735,0.023268683873344662,-0.018682554656271232,0.010885878138133761,0.0,0.0,0.0,0.0,0.0,0.0,0.0,0.0,1.0,0.0,1.0,1.0,12
RIGHT,RIGHT,True,0.2,strong,2.0,pure_duplication,16,single_trajectory_score_average,0.33397553119519685,0.010213990205183593,0.32748587143213115,0.34046519095826255,9.25185853854297e-18,2.1607686311362426e-17,-4.477010357045915e-18,2.2980727434131856e-17,0.0,0.0,0.0,0.0,0.0,0.0,0.0,0.0,1.0,0.0,1.0,1.0,12
RIGHT,RIGHT,True,0.2,strong,2.0,pure_duplication,16,source_group_average,0.33397553119519685,0.01021399020518359,0.32748587143213115,0.34046519095826255,0.0,0.0,0.0,0.0,0.0,0.0,0.0,0.0,0.0,0.0,0.0,0.0,1.0,0.0,1.0,1.0,12
RIGHT,RIGHT,True,0.2,weak,1.2,independent_rollout,1,exact_deduplication,0.2718721142653239,0.021252136217099128,0.2583691511219575,0.28537507740869034,0.0,0.0,0.0,0.0,0.0,0.0,0.0,0.0,0.0,0.0,0.0,0.0,1.0,0.0,1.0,1.0,12
RIGHT,RIGHT,True,0.2,weak,1.2,independent_rollout,1,explicit_belief_mixing,0.21709605347747196,0.0048091532796261174,0.2140404632618708,0.22015164369307313,0.0,0.0,0.0,0.0,0.0,0.0,0.0,0.0,0.0,0.0,0.0,0.0,1.0,0.0,1.0,1.0,12
RIGHT,RIGHT,True,0.2,weak,1.2,independent_rollout,1,ordinary_flat_aggregation,0.2718721142653239,0.021252136217099128,0.2583691511219575,0.28537507740869034,0.0,0.0,0.0,0.0,0.0,0.0,0.0,0.0,0.0,0.0,0.0,0.0,1.0,0.0,1.0,1.0,12
RIGHT,RIGHT,True,0.2,weak,1.2,independent_rollout,1,provenance_preserving,0.2718721142653239,0.021252136217099128,0.2583691511219575,0.28537507740869034,0.0,0.0,0.0,0.0,0.0,0.0,0.0,0.0,0.0,0.0,0.0,0.0,1.0,0.0,1.0,1.0,12
RIGHT,RIGHT,True,0.2,weak,1.2,independent_rollout,1,semantic_group_deduplication,0.2718721142653239,0.021252136217099128,0.2583691511219575,0.28537507740869034,0.0,0.0,0.0,0.0,0.0,0.0,0.0,0.0,0.0,0.0,0.0,0.0,1.0,0.0,1.0,1.0,12
RIGHT,RIGHT,True,0.2,weak,1.2,independent_rollout,1,single_trajectory_score_average,0.23419210695494388,0.00961830655925223,0.22808092652374157,0.2403032873861462,0.0,0.0,0.0,0.0,0.0,0.0,0.0,0.0,0.0,0.0,0.0,0.0,1.0,0.0,1.0,1.0,12
RIGHT,RIGHT,True,0.2,weak,1.2,independent_rollout,1,source_group_average,0.23419210695494388,0.00961830655925223,0.22808092652374157,0.2403032873861462,0.0,0.0,0.0,0.0,0.0,0.0,0.0,0.0,0.0,0.0,0.0,0.0,1.0,0.0,1.0,1.0,12
RIGHT,RIGHT,True,0.2,weak,1.2,independent_rollout,2,exact_deduplication,0.3433314223120532,0.03322044871504649,0.3222241561989906,0.36443868842511584,0.07145930804672933,0.02842725806136447,0.05339748998061278,0.08952112611284588,0.0,0.0,0.0,0.0,0.0,0.0,0.0,0.0,1.0,0.0,1.0,1.0,12
RIGHT,RIGHT,True,0.2,weak,1.2,independent_rollout,2,explicit_belief_mixing,0.21567923889455246,0.003329167048855473,0.21356398706764967,0.21779449072145524,-0.0014168145829194696,0.004027976308152676,-0.00397606863040566,0.0011424394645667207,0.0,0.0,0.0,0.0,0.0,0.0,0.0,0.0,1.0,0.0,1.0,1.0,12
RIGHT,RIGHT,True,0.2,weak,1.2,independent_rollout,2,ordinary_flat_aggregation,0.3433314223120532,0.03322044871504649,0.3222241561989906,0.36443868842511584,0.07145930804672933,0.02842725806136447,0.05339748998061278,0.08952112611284588,0.0,0.0,0.0,0.0,0.0,0.0,0.0,0.0,1.0,0.0,1.0,1.0,12
RIGHT,RIGHT,True,0.2,weak,1.2,independent_rollout,2,provenance_preserving,0.3433314223120532,0.03322044871504649,0.3222241561989906,0.36443868842511584,0.07145930804672933,0.02842725806136447,0.05339748998061278,0.08952112611284588,0.0,0.0,0.0,0.0,0.0,0.0,0.0,0.0,1.0,0.0,1.0,1.0,12
RIGHT,RIGHT,True,0.2,weak,1.2,independent_rollout,2,semantic_group_deduplication,0.2563833395122456,0.017858840144647323,0.24503637383345317,0.2677303051910381,-0.015488774753078327,0.027831826237919965,-0.03317227348770623,0.002194723981549575,0.0,0.0,0.0,0.0,0.0,0.0,0.0,0.0,1.0,0.0,1.0,1.0,12
RIGHT,RIGHT,True,0.2,weak,1.2,independent_rollout,2,single_trajectory_score_average,0.2313584777891049,0.006658334097710942,0.22712797413529937,0.23558898144291043,-0.002833629165838939,0.008055952616305347,-0.007952137260811317,0.002284878929133438,0.0,0.0,0.0,0.0,0.0,0.0,0.0,0.0,1.0,0.0,1.0,1.0,12
RIGHT,RIGHT,True,0.2,weak,1.2,independent_rollout,2,source_group_average,0.2313584777891049,0.006658334097710942,0.22712797413529937,0.23558898144291043,-0.002833629165838939,0.008055952616305347,-0.007952137260811317,0.002284878929133438,0.0,0.0,0.0,0.0,0.0,0.0,0.0,0.0,1.0,0.0,1.0,1.0,12
RIGHT,RIGHT,True,0.2,weak,1.2,independent_rollout,4,exact_deduplication,0.5238799521535161,0.04398725024782077,0.49593178671702365,0.5518281175900086,0.2520078378881921,0.03545491536449417,0.22948085939871915,0.274534816377665,0.75,0.45226701686664544,0.46264324690347836,1.0373567530965215,0.75,0.45226701686664544,0.46264324690347836,1.0373567530965215,0.25,0.45226701686664544,-0.037356753096521644,0.5373567530965216,12
RIGHT,RIGHT,True,0.2,weak,1.2,independent_rollout,4,explicit_belief_mixing,0.21578705646845062,0.0019635257301503727,0.2145394917392193,0.21703462119768194,-0.0013089970090213593,0.0038940058020762113,-0.0037831302579502185,0.0011651362399075,0.0,0.0,0.0,0.0,0.0,0.0,0.0,0.0,1.0,0.0,1.0,1.0,12
RIGHT,RIGHT,True,0.2,weak,1.2,independent_rollout,4,ordinary_flat_aggregation,0.5238799521535161,0.04398725024782077,0.49593178671702365,0.5518281175900086,0.2520078378881921,0.03545491536449417,0.22948085939871915,0.274534816377665,0.75,0.45226701686664544,0.46264324690347836,1.0373567530965215,0.75,0.45226701686664544,0.46264324690347836,1.0373567530965215,0.25,0.45226701686664544,-0.037356753096521644,0.5373567530965216,12
RIGHT,RIGHT,True,0.2,weak,1.2,independent_rollout,4,provenance_preserving,0.5238799521535161,0.04398725024782077,0.49593178671702365,0.5518281175900086,0.2520078378881921,0.03545491536449417,0.22948085939871915,0.274534816377665,0.75,0.45226701686664544,0.46264324690347836,1.0373567530965215,0.75,0.45226701686664544,0.46264324690347836,1.0373567530965215,0.25,0.45226701686664544,-0.037356753096521644,0.5373567530965216,12
RIGHT,RIGHT,True,0.2,weak,1.2,independent_rollout,4,semantic_group_deduplication,0.26833583401289207,0.01755780440241443,0.2571801373195175,0.27949153070626664,-0.003536280252431856,0.02413144434185433,-0.018868668498752576,0.011796107993888864,0.0,0.0,0.0,0.0,0.0,0.0,0.0,0.0,1.0,0.0,1.0,1.0,12
RIGHT,RIGHT,True,0.2,weak,1.2,independent_rollout,4,single_trajectory_score_average,0.23157411293690114,0.003927051460300745,0.22907898347843852,0.23406924239536375,-0.0026179940180427234,0.007788011604152411,-0.0075662605159004335,0.002330272479814987,0.0,0.0,0.0,0.0,0.0,0.0,0.0,0.0,1.0,0.0,1.0,1.0,12
RIGHT,RIGHT,True,0.2,weak,1.2,independent_rollout,4,source_group_average,0.23157411293690114,0.003927051460300745,0.22907898347843852,0.23406924239536375,-0.0026179940180427234,0.007788011604152411,-0.0075662605159004335,0.002330272479814987,0.0,0.0,0.0,0.0,0.0,0.0,0.0,0.0,1.0,0.0,1.0,1.0,12
RIGHT,RIGHT,True,0.2,weak,1.2,independent_rollout,8,exact_deduplication,0.8224059409198642,0.04628518521339555,0.7929977372627883,0.85181414457694,0.5505338266545403,0.04248195822376105,0.523542078140716,0.5775255751683647,1.0,0.0,1.0,1.0,1.0,0.0,1.0,1.0,0.0,0.0,0.0,0.0,12
RIGHT,RIGHT,True,0.2,weak,1.2,independent_rollout,8,explicit_belief_mixing,0.21568282125054883,0.001752728014223365,0.21456919100017607,0.21679645150092158,-0.0014132322269231358,0.004434131060075063,-0.004230544692146106,0.0014040802382998343,0.0,0.0,0.0,0.0,0.0,0.0,0.0,0.0,1.0,0.0,1.0,1.0,12
RIGHT,RIGHT,True,0.2,weak,1.2,independent_rollout,8,ordinary_flat_aggregation,0.8224059409198642,0.04628518521339555,0.7929977372627883,0.85181414457694,0.5505338266545403,0.04248195822376105,0.523542078140716,0.5775255751683647,1.0,0.0,1.0,1.0,1.0,0.0,1.0,1.0,0.0,0.0,0.0,0.0,12
RIGHT,RIGHT,True,0.2,weak,1.2,independent_rollout,8,provenance_preserving,0.8224059409198642,0.04628518521339555,0.7929977372627883,0.85181414457694,0.5505338266545403,0.04248195822376105,0.523542078140716,0.5775255751683647,1.0,0.0,1.0,1.0,1.0,0.0,1.0,1.0,0.0,0.0,0.0,0.0,12
RIGHT,RIGHT,True,0.2,weak,1.2,independent_rollout,8,semantic_group_deduplication,0.26356031820915904,0.015890106543220185,0.2534642261831427,0.2736564102351754,-0.008311796056164888,0.020809394231676742,-0.021533454362685354,0.004909862250355579,0.0,0.0,0.0,0.0,0.0,0.0,0.0,0.0,1.0,0.0,1.0,1.0,12
RIGHT,RIGHT,True,0.2,weak,1.2,independent_rollout,8,single_trajectory_score_average,0.23136564250109762,0.0035054560284467256,0.2291383820003521,0.23359290300184313,-0.002826464453846269,0.00886826212015012,-0.008461089384292207,0.0028081604765996687,0.0,0.0,0.0,0.0,0.0,0.0,0.0,0.0,1.0,0.0,1.0,1.0,12
RIGHT,RIGHT,True,0.2,weak,1.2,independent_rollout,8,source_group_average,0.23136564250109762,0.0035054560284467256,0.2291383820003521,0.23359290300184313,-0.002826464453846269,0.00886826212015012,-0.008461089384292207,0.0028081604765996687,0.0,0.0,0.0,0.0,0.0,0.0,0.0,0.0,1.0,0.0,1.0,1.0,12
RIGHT,RIGHT,True,0.2,weak,1.2,independent_rollout,16,exact_deduplication,0.9878165226396863,0.005479817063318591,0.9843348129855365,0.9912982322938362,0.7159444083743624,0.020383516888155713,0.702993339622436,0.7288954771262887,1.0,0.0,1.0,1.0,1.0,0.0,1.0,1.0,0.0,0.0,0.0,0.0,12
RIGHT,RIGHT,True,0.2,weak,1.2,independent_rollout,16,explicit_belief_mixing,0.21563760877902402,0.0013511954074739525,0.2147791001754547,0.21649611738259333,-0.0014584446984479717,0.004640471093422765,-0.004406859366142865,0.001489969969246922,0.0,0.0,0.0,0.0,0.0,0.0,0.0,0.0,1.0,0.0,1.0,1.0,12
RIGHT,RIGHT,True,0.2,weak,1.2,independent_rollout,16,ordinary_flat_aggregation,0.9878165226396863,0.005479817063318591,0.9843348129855365,0.9912982322938362,0.7159444083743624,0.020383516888155713,0.702993339622436,0.7288954771262887,1.0,0.0,1.0,1.0,1.0,0.0,1.0,1.0,0.0,0.0,0.0,0.0,12
RIGHT,RIGHT,True,0.2,weak,1.2,independent_rollout,16,provenance_preserving,0.9878165226396863,0.005479817063318591,0.9843348129855365,0.9912982322938362,0.7159444083743624,0.020383516888155713,0.702993339622436,0.7288954771262887,1.0,0.0,1.0,1.0,1.0,0.0,1.0,1.0,0.0,0.0,0.0,0.0,12
RIGHT,RIGHT,True,0.2,weak,1.2,independent_rollout,16,semantic_group_deduplication,0.26355494036963445,0.012706946885613087,0.2554813314999954,0.2716285492392735,-0.008317173895689487,0.021917775414525224,-0.02224306400779956,0.005608716216420584,0.0,0.0,0.0,0.0,0.0,0.0,0.0,0.0,1.0,0.0,1.0,1.0,12
RIGHT,RIGHT,True,0.2,weak,1.2,independent_rollout,16,single_trajectory_score_average,0.23127521755804795,0.0027023908149479106,0.2295582003509093,0.2329922347651866,-0.0029168893968959386,0.009280942186845527,-0.008813718732285723,0.002979939938493847,0.0,0.0,0.0,0.0,0.0,0.0,0.0,0.0,1.0,0.0,1.0,1.0,12
RIGHT,RIGHT,True,0.2,weak,1.2,independent_rollout,16,source_group_average,0.23127521755804795,0.0027023908149479106,0.2295582003509093,0.2329922347651866,-0.0029168893968959386,0.009280942186845527,-0.008813718732285723,0.002979939938493847,0.0,0.0,0.0,0.0,0.0,0.0,0.0,0.0,1.0,0.0,1.0,1.0,12
RIGHT,RIGHT,True,0.2,weak,1.2,pure_duplication,1,exact_deduplication,0.22832241180714993,0.017903731509881695,0.2169469235156647,0.23969790009863517,0.0,0.0,0.0,0.0,0.0,0.0,0.0,0.0,0.0,0.0,0.0,0.0,1.0,0.0,1.0,1.0,12
RIGHT,RIGHT,True,0.2,weak,1.2,pure_duplication,1,explicit_belief_mixing,0.21709605347747196,0.0048091532796261174,0.2140404632618708,0.22015164369307313,0.0,0.0,0.0,0.0,0.0,0.0,0.0,0.0,0.0,0.0,0.0,0.0,1.0,0.0,1.0,1.0,12
RIGHT,RIGHT,True,0.2,weak,1.2,pure_duplication,1,ordinary_flat_aggregation,0.2718721142653239,0.021252136217099128,0.2583691511219575,0.28537507740869034,0.0,0.0,0.0,0.0,0.0,0.0,0.0,0.0,0.0,0.0,0.0,0.0,1.0,0.0,1.0,1.0,12
RIGHT,RIGHT,True,0.2,weak,1.2,pure_duplication,1,provenance_preserving,0.2718721142653239,0.021252136217099128,0.2583691511219575,0.28537507740869034,0.0,0.0,0.0,0.0,0.0,0.0,0.0,0.0,0.0,0.0,0.0,0.0,1.0,0.0,1.0,1.0,12
RIGHT,RIGHT,True,0.2,weak,1.2,pure_duplication,1,semantic_group_deduplication,0.22832241180714993,0.017903731509881695,0.2169469235156647,0.23969790009863517,0.0,0.0,0.0,0.0,0.0,0.0,0.0,0.0,0.0,0.0,0.0,0.0,1.0,0.0,1.0,1.0,12
RIGHT,RIGHT,True,0.2,weak,1.2,pure_duplication,1,single_trajectory_score_average,0.23419210695494388,0.00961830655925223,0.22808092652374157,0.2403032873861462,0.0,0.0,0.0,0.0,0.0,0.0,0.0,0.0,0.0,0.0,0.0,0.0,1.0,0.0,1.0,1.0,12
RIGHT,RIGHT,True,0.2,weak,1.2,pure_duplication,1,source_group_average,0.23419210695494388,0.00961830655925223,0.22808092652374157,0.2403032873861462,0.0,0.0,0.0,0.0,0.0,0.0,0.0,0.0,0.0,0.0,0.0,0.0,1.0,0.0,1.0,1.0,12
RIGHT,RIGHT,True,0.2,weak,1.2,pure_duplication,2,exact_deduplication,0.23342641236533893,0.014879136441094239,0.22397266009701094,0.2428801646336669,0.0051040005581889855,0.014180291928567288,-0.0039057270907220058,0.014113728207099977,0.0,0.0,0.0,0.0,0.0,0.0,0.0,0.0,1.0,0.0,1.0,1.0,12
RIGHT,RIGHT,True,0.2,weak,1.2,pure_duplication,2,explicit_belief_mixing,0.21709605347747196,0.0048091532796261174,0.2140404632618708,0.22015164369307313,0.0,0.0,0.0,0.0,0.0,0.0,0.0,0.0,0.0,0.0,0.0,0.0,1.0,0.0,1.0,1.0,12
RIGHT,RIGHT,True,0.2,weak,1.2,pure_duplication,2,ordinary_flat_aggregation,0.3582633967116487,0.04902470713806199,0.32711458386586206,0.38941220955743533,0.08639128244632484,0.02777427582175695,0.06874434950162017,0.1040382153910295,0.0,0.0,0.0,0.0,0.0,0.0,0.0,0.0,1.0,0.0,1.0,1.0,12
RIGHT,RIGHT,True,0.2,weak,1.2,pure_duplication,2,provenance_preserving,0.2718721142653239,0.021252136217099128,0.2583691511219575,0.28537507740869034,0.0,0.0,0.0,0.0,0.0,0.0,0.0,0.0,0.0,0.0,0.0,0.0,1.0,0.0,1.0,1.0,12
RIGHT,RIGHT,True,0.2,weak,1.2,pure_duplication,2,semantic_group_deduplication,0.23342641236533893,0.014879136441094239,0.22397266009701094,0.2428801646336669,0.0051040005581889855,0.014180291928567288,-0.0039057270907220058,0.014113728207099977,0.0,0.0,0.0,0.0,0.0,0.0,0.0,0.0,1.0,0.0,1.0,1.0,12
RIGHT,RIGHT,True,0.2,weak,1.2,pure_duplication,2,single_trajectory_score_average,0.23419210695494388,0.00961830655925223,0.22808092652374157,0.2403032873861462,-2.3129646346357427e-18,8.012344526598183e-18,-7.403765471285793e-18,2.7778362020143068e-18,0.0,0.0,0.0,0.0,0.0,0.0,0.0,0.0,1.0,0.0,1.0,1.0,12
RIGHT,RIGHT,True,0.2,weak,1.2,pure_duplication,2,source_group_average,0.23419210695494388,0.00961830655925223,0.22808092652374157,0.2403032873861462,0.0,0.0,0.0,0.0,0.0,0.0,0.0,0.0,0.0,0.0,0.0,0.0,1.0,0.0,1.0,1.0,12
RIGHT,RIGHT,True,0.2,weak,1.2,pure_duplication,4,exact_deduplication,0.23049533592309715,0.016063628815765982,0.22028899310502847,0.24070167874116583,0.0021729241159472376,0.0208682867319689,-0.011086152700069976,0.015432000931964451,0.0,0.0,0.0,0.0,0.0,0.0,0.0,0.0,1.0,0.0,1.0,1.0,12
RIGHT,RIGHT,True,0.2,weak,1.2,pure_duplication,4,explicit_belief_mixing,0.21709605347747196,0.0048091532796261174,0.2140404632618708,0.22015164369307313,0.0,0.0,0.0,0.0,0.0,0.0,0.0,0.0,0.0,0.0,0.0,0.0,1.0,0.0,1.0,1.0,12
RIGHT,RIGHT,True,0.2,weak,1.2,pure_duplication,4,ordinary_flat_aggregation,0.5498825716185136,0.10181725110594825,0.48519097661846206,0.6145741666185651,0.2780104573531897,0.08061111059839467,0.22679260121691205,0.32922831348946735,0.75,0.45226701686664544,0.46264324690347836,1.0373567530965215,0.75,0.45226701686664544,0.46264324690347836,1.0373567530965215,0.25,0.45226701686664544,-0.037356753096521644,0.5373567530965216,12
RIGHT,RIGHT,True,0.2,weak,1.2,pure_duplication,4,provenance_preserving,0.2718721142653239,0.021252136217099128,0.2583691511219575,0.28537507740869034,0.0,0.0,0.0,0.0,0.0,0.0,0.0,0.0,0.0,0.0,0.0,0.0,1.0,0.0,1.0,1.0,12
RIGHT,RIGHT,True,0.2,weak,1.2,pure_duplication,4,semantic_group_deduplication,0.23049533592309715,0.016063628815765982,0.22028899310502847,0.24070167874116583,0.0021729241159472376,0.0208682867319689,-0.011086152700069976,0.015432000931964451,0.0,0.0,0.0,0.0,0.0,0.0,0.0,0.0,1.0,0.0,1.0,1.0,12
RIGHT,RIGHT,True,0.2,weak,1.2,pure_duplication,4,single_trajectory_score_average,0.23419210695494388,0.00961830655925223,0.22808092652374157,0.2403032873861462,0.0,0.0,0.0,0.0,0.0,0.0,0.0,0.0,0.0,0.0,0.0,0.0,1.0,0.0,1.0,1.0,12
RIGHT,RIGHT,True,0.2,weak,1.2,pure_duplication,4,source_group_average,0.23419210695494388,0.00961830655925223,0.22808092652374157,0.2403032873861462,0.0,0.0,0.0,0.0,0.0,0.0,0.0,0.0,0.0,0.0,0.0,0.0,1.0,0.0,1.0,1.0,12
RIGHT,RIGHT,True,0.2,weak,1.2,pure_duplication,8,exact_deduplication,0.23277834870847472,0.014262014050259217,0.22371669730065633,0.2418400001162931,0.004455936901324789,0.021452230385412163,-0.009174160011199386,0.018086033813848962,0.0,0.0,0.0,0.0,0.0,0.0,0.0,0.0,1.0,0.0,1.0,1.0,12
RIGHT,RIGHT,True,0.2,weak,1.2,pure_duplication,8,explicit_belief_mixing,0.21709605347747196,0.004809153279626117,0.2140404632618708,0.22015164369307313,-2.3129646346357427e-18,8.012344526598183e-18,-7.403765471285793e-18,2.7778362020143068e-18,0.0,0.0,0.0,0.0,0.0,0.0,0.0,0.0,1.0,0.0,1.0,1.0,12
RIGHT,RIGHT,True,0.2,weak,1.2,pure_duplication,8,ordinary_flat_aggregation,0.8320855644781852,0.11540612880178608,0.7587600085053549,0.9054111204510155,0.5602134502128611,0.09608490233067053,0.4991640158618279,0.6212628845638942,1.0,0.0,1.0,1.0,1.0,0.0,1.0,1.0,0.0,0.0,0.0,0.0,12
RIGHT,RIGHT,True,0.2,weak,1.2,pure_duplication,8,provenance_preserving,0.2718721142653239,0.021252136217099128,0.2583691511219575,0.28537507740869034,0.0,0.0,0.0,0.0,0.0,0.0,0.0,0.0,0.0,0.0,0.0,0.0,1.0,0.0,1.0,1.0,12
RIGHT,RIGHT,True,0.2,weak,1.2,pure_duplication,8,semantic_group_deduplication,0.23277834870847472,0.014262014050259217,0.22371669730065633,0.2418400001162931,0.004455936901324789,0.021452230385412163,-0.009174160011199386,0.018086033813848962,0.0,0.0,0.0,0.0,0.0,0.0,0.0,0.0,1.0,0.0,1.0,1.0,12
RIGHT,RIGHT,True,0.2,weak,1.2,pure_duplication,8,single_trajectory_score_average,0.23419210695494388,0.009618306559252228,0.22808092652374157,0.2403032873861462,-2.3129646346357427e-18,8.012344526598183e-18,-7.403765471285793e-18,2.7778362020143068e-18,0.0,0.0,0.0,0.0,0.0,0.0,0.0,0.0,1.0,0.0,1.0,1.0,12
RIGHT,RIGHT,True,0.2,weak,1.2,pure_duplication,8,source_group_average,0.23419210695494388,0.00961830655925223,0.22808092652374157,0.2403032873861462,0.0,0.0,0.0,0.0,0.0,0.0,0.0,0.0,0.0,0.0,0.0,0.0,1.0,0.0,1.0,1.0,12
RIGHT,RIGHT,True,0.2,weak,1.2,pure_duplication,16,exact_deduplication,0.228453935896628,0.01544845884180365,0.21863845343257096,0.23826941836068502,0.00013152408947806013,0.010679504506024545,-0.006653909349360912,0.006916957528317033,0.0,0.0,0.0,0.0,0.0,0.0,0.0,0.0,1.0,0.0,1.0,1.0,12
RIGHT,RIGHT,True,0.2,weak,1.2,pure_duplication,16,explicit_belief_mixing,0.21709605347747196,0.004809153279626117,0.2140404632618708,0.22015164369307313,-2.3129646346357427e-18,8.012344526598183e-18,-7.403765471285793e-18,2.7778362020143068e-18,0.0,0.0,0.0,0.0,0.0,0.0,0.0,0.0,1.0,0.0,1.0,1.0,12
RIGHT,RIGHT,True,0.2,weak,1.2,pure_duplication,16,ordinary_flat_aggregation,0.9778239143168066,0.04654931237876322,0.9482478922652555,1.0073999363683577,0.7059518000514826,0.03513443925964664,0.6836284423645436,0.7282751577384217,1.0,0.0,1.0,1.0,1.0,0.0,1.0,1.0,0.0,0.0,0.0,0.0,12
RIGHT,RIGHT,True,0.2,weak,1.2,pure_duplication,16,provenance_preserving,0.2718721142653239,0.021252136217099128,0.2583691511219575,0.28537507740869034,0.0,0.0,0.0,0.0,0.0,0.0,0.0,0.0,0.0,0.0,0.0,0.0,1.0,0.0,1.0,1.0,12
RIGHT,RIGHT,True,0.2,weak,1.2,pure_duplication,16,semantic_group_deduplication,0.228453935896628,0.01544845884180365,0.21863845343257096,0.23826941836068502,0.00013152408947806013,0.010679504506024545,-0.006653909349360912,0.006916957528317033,0.0,0.0,0.0,0.0,0.0,0.0,0.0,0.0,1.0,0.0,1.0,1.0,12
RIGHT,RIGHT,True,0.2,weak,1.2,pure_duplication,16,single_trajectory_score_average,0.23419210695494388,0.009618306559252228,0.22808092652374157,0.2403032873861462,-4.625929269271485e-18,1.080384315568121e-17,-1.1490363717065927e-17,2.238505178522956e-18,0.0,0.0,0.0,0.0,0.0,0.0,0.0,0.0,1.0,0.0,1.0,1.0,12
RIGHT,RIGHT,True,0.2,weak,1.2,pure_duplication,16,source_group_average,0.23419210695494388,0.00961830655925223,0.22808092652374157,0.2403032873861462,0.0,0.0,0.0,0.0,0.0,0.0,0.0,0.0,0.0,0.0,0.0,0.0,1.0,0.0,1.0,1.0,12
RIGHT,RIGHT,True,0.5,medium,1.5,independent_rollout,1,exact_deduplication,0.69179509717608,0.02052223473690794,0.6787558913079648,0.7048343030441953,0.0,0.0,0.0,0.0,0.0,0.0,0.0,0.0,1.0,0.0,1.0,1.0,0.0,0.0,0.0,0.0,12
RIGHT,RIGHT,True,0.5,medium,1.5,independent_rollout,1,explicit_belief_mixing,0.5498884803126305,0.005758388707992858,0.5462297746797048,0.5535471859455562,0.0,0.0,0.0,0.0,0.0,0.0,0.0,0.0,1.0,0.0,1.0,1.0,0.0,0.0,0.0,0.0,12
RIGHT,RIGHT,True,0.5,medium,1.5,independent_rollout,1,ordinary_flat_aggregation,0.69179509717608,0.02052223473690794,0.6787558913079648,0.7048343030441953,0.0,0.0,0.0,0.0,0.0,0.0,0.0,0.0,1.0,0.0,1.0,1.0,0.0,0.0,0.0,0.0,12
RIGHT,RIGHT,True,0.5,medium,1.5,independent_rollout,1,provenance_preserving,0.69179509717608,0.02052223473690794,0.6787558913079648,0.7048343030441953,0.0,0.0,0.0,0.0,0.0,0.0,0.0,0.0,1.0,0.0,1.0,1.0,0.0,0.0,0.0,0.0,12
RIGHT,RIGHT,True,0.5,medium,1.5,independent_rollout,1,semantic_group_deduplication,0.69179509717608,0.02052223473690794,0.6787558913079648,0.7048343030441953,0.0,0.0,0.0,0.0,0.0,0.0,0.0,0.0,1.0,0.0,1.0,1.0,0.0,0.0,0.0,0.0,12
RIGHT,RIGHT,True,0.5,medium,1.5,independent_rollout,1,single_trajectory_score_average,0.5997769606252609,0.011516777415985738,0.5924595493594095,0.6070943718911123,0.0,0.0,0.0,0.0,0.0,0.0,0.0,0.0,1.0,0.0,1.0,1.0,0.0,0.0,0.0,0.0,12
RIGHT,RIGHT,True,0.5,medium,1.5,independent_rollout,1,source_group_average,0.5997769606252609,0.011516777415985738,0.5924595493594095,0.6070943718911123,0.0,0.0,0.0,0.0,0.0,0.0,0.0,0.0,1.0,0.0,1.0,1.0,0.0,0.0,0.0,0.0,12
RIGHT,RIGHT,True,0.5,medium,1.5,independent_rollout,2,exact_deduplication,0.8339599891091013,0.01603598375317004,0.8237712111258104,0.8441487670923922,0.14216489193302126,0.014825668342967334,0.13274511167348235,0.15158467219256017,0.0,0.0,0.0,0.0,1.0,0.0,1.0,1.0,0.0,0.0,0.0,0.0,12
RIGHT,RIGHT,True,0.5,medium,1.5,independent_rollout,2,explicit_belief_mixing,0.5498377504689218,0.0034859219282366975,0.547622901343319,0.5520525995945246,-5.0729843708583834e-05,0.004220537963593623,-0.0027323317300041584,0.002630872042586991,0.0,0.0,0.0,0.0,1.0,0.0,1.0,1.0,0.0,0.0,0.0,0.0,12
RIGHT,RIGHT,True,0.5,medium,1.5,independent_rollout,2,ordinary_flat_aggregation,0.8339599891091013,0.01603598375317004,0.8237712111258104,0.8441487670923922,0.14216489193302126,0.014825668342967334,0.13274511167348235,0.15158467219256017,0.0,0.0,0.0,0.0,1.0,0.0,1.0,1.0,0.0,0.0,0.0,0.0,12
RIGHT,RIGHT,True,0.5,medium,1.5,independent_rollout,2,provenance_preserving,0.8339599891091013,0.01603598375317004,0.8237712111258104,0.8441487670923922,0.14216489193302126,0.014825668342967334,0.13274511167348235,0.15158467219256017,0.0,0.0,0.0,0.0,1.0,0.0,1.0,1.0,0.0,0.0,0.0,0.0,12
RIGHT,RIGHT,True,0.5,medium,1.5,independent_rollout,2,semantic_group_deduplication,0.6841745695648473,0.01159682096630023,0.6768063010534597,0.691542838076235,-0.007620527611232729,0.020109789923968027,-0.02039767854750914,0.005156623325043683,0.0,0.0,0.0,0.0,1.0,0.0,1.0,1.0,0.0,0.0,0.0,0.0,12
RIGHT,RIGHT,True,0.5,medium,1.5,independent_rollout,2,single_trajectory_score_average,0.5996755009378437,0.0069718438564733715,0.5952458026866382,0.6041051991890493,-0.00010145968741718618,0.00844107592718726,-0.0054646634600083455,0.0052617440851739725,0.0,0.0,0.0,0.0,1.0,0.0,1.0,1.0,0.0,0.0,0.0,0.0,12
RIGHT,RIGHT,True,0.5,medium,1.5,independent_rollout,2,source_group_average,0.5996755009378437,0.0069718438564733715,0.5952458026866382,0.6041051991890493,-0.00010145968741718618,0.00844107592718726,-0.0054646634600083455,0.0052617440851739725,0.0,0.0,0.0,0.0,1.0,0.0,1.0,1.0,0.0,0.0,0.0,0.0,12
RIGHT,RIGHT,True,0.5,medium,1.5,independent_rollout,4,exact_deduplication,0.9632897743216574,0.006738728575405863,0.9590081904536958,0.967571358189619,0.27149467714557723,0.0181215497870278,0.25998079372344673,0.28300856056770773,0.0,0.0,0.0,0.0,1.0,0.0,1.0,1.0,0.0,0.0,0.0,0.0,12
RIGHT,RIGHT,True,0.5,medium,1.5,independent_rollout,4,explicit_belief_mixing,0.5505323959358236,0.0028526851778052985,0.5487198862463487,0.5523449056252985,0.0006439156231931031,0.004933928543688633,-0.0024909530129220616,0.003778784259308268,0.0,0.0,0.0,0.0,1.0,0.0,1.0,1.0,0.0,0.0,0.0,0.0,12
RIGHT,RIGHT,True,0.5,medium,1.5,independent_rollout,4,ordinary_flat_aggregation,0.9632897743216574,0.006738728575405863,0.9590081904536958,0.967571358189619,0.27149467714557723,0.0181215497870278,0.25998079372344673,0.28300856056770773,0.0,0.0,0.0,0.0,1.0,0.0,1.0,1.0,0.0,0.0,0.0,0.0,12
RIGHT,RIGHT,True,0.5,medium,1.5,independent_rollout,4,provenance_preserving,0.9632897743216574,0.006738728575405863,0.9590081904536958,0.967571358189619,0.27149467714557723,0.0181215497870278,0.25998079372344673,0.28300856056770773,0.0,0.0,0.0,0.0,1.0,0.0,1.0,1.0,0.0,0.0,0.0,0.0,12
RIGHT,RIGHT,True,0.5,medium,1.5,independent_rollout,4,semantic_group_deduplication,0.6973963787556164,0.02052357657521463,0.6843563203241159,0.710436437187117,0.005601281579536321,0.028751840350671694,-0.01266676623425042,0.023869329393323063,0.0,0.0,0.0,0.0,1.0,0.0,1.0,1.0,0.0,0.0,0.0,0.0,12
RIGHT,RIGHT,True,0.5,medium,1.5,independent_rollout,4,single_trajectory_score_average,0.6010647918716472,0.005705370355610645,0.5974397724926973,0.6046898112505971,0.0012878312463862156,0.009867857087377281,-0.004981906025844123,0.007557568518616555,0.0,0.0,0.0,0.0,1.0,0.0,1.0,1.0,0.0,0.0,0.0,0.0,12
RIGHT,RIGHT,True,0.5,medium,1.5,independent_rollout,4,source_group_average,0.6010647918716472,0.005705370355610645,0.5974397724926973,0.6046898112505971,0.0012878312463862156,0.009867857087377281,-0.004981906025844123,0.007557568518616555,0.0,0.0,0.0,0.0,1.0,0.0,1.0,1.0,0.0,0.0,0.0,0.0,12
RIGHT,RIGHT,True,0.5,medium,1.5,independent_rollout,8,exact_deduplication,0.9984669862821932,0.00042447767869217454,0.9981972860322037,0.9987366865321827,0.30667188910611315,0.0203444744115924,0.29374562676031346,0.31959815145191284,0.0,0.0,0.0,0.0,1.0,0.0,1.0,1.0,0.0,0.0,0.0,0.0,12
RIGHT,RIGHT,True,0.5,medium,1.5,independent_rollout,8,explicit_belief_mixing,0.550142791719541,0.002070467024225781,0.5488272797337302,0.5514583037053516,0.0002543114069104846,0.005163460179020532,-0.0030263946725779993,0.0035350174863989685,0.0,0.0,0.0,0.0,1.0,0.0,1.0,1.0,0.0,0.0,0.0,0.0,12
RIGHT,RIGHT,True,0.5,medium,1.5,independent_rollout,8,ordinary_flat_aggregation,0.9984669862821932,0.00042447767869217454,0.9981972860322037,0.9987366865321827,0.30667188910611315,0.0203444744115924,0.29374562676031346,0.31959815145191284,0.0,0.0,0.0,0.0,1.0,0.0,1.0,1.0,0.0,0.0,0.0,0.0,12
RIGHT,RIGHT,True,0.5,medium,1.5,independent_rollout,8,provenance_preserving,0.9984669862821932,0.00042447767869217454,0.9981972860322037,0.9987366865321827,0.30667188910611315,0.0203444744115924,0.29374562676031346,0.31959815145191284,0.0,0.0,0.0,0.0,1.0,0.0,1.0,1.0,0.0,0.0,0.0,0.0,12
RIGHT,RIGHT,True,0.5,medium,1.5,independent_rollout,8,semantic_group_deduplication,0.6906440991302009,0.02505369966193497,0.6747257378095215,0.7065624604508802,-0.0011509980458791202,0.03702621591591557,-0.024676333275411147,0.022374337183652906,0.0,0.0,0.0,0.0,1.0,0.0,1.0,1.0,0.0,0.0,0.0,0.0,12
RIGHT,RIGHT,True,0.5,medium,1.5,independent_rollout,8,single_trajectory_score_average,0.6002855834390818,0.004140934048451574,0.5976545594674603,0.6029166074107033,0.00050862281382096,0.010326920358041069,-0.006052789345156012,0.007070034972797931,0.0,0.0,0.0,0.0,1.0,0.0,1.0,1.0,0.0,0.0,0.0,0.0,12
RIGHT,RIGHT,True,0.5,medium,1.5,independent_rollout,8,source_group_average,0.6002855834390818,0.004140934048451574,0.5976545594674603,0.6029166074107033,0.00050862281382096,0.010326920358041069,-0.006052789345156012,0.007070034972797931,0.0,0.0,0.0,0.0,1.0,0.0,1.0,1.0,0.0,0.0,0.0,0.0,12
RIGHT,RIGHT,True,0.5,medium,1.5,independent_rollout,16,exact_deduplication,0.9999974763186509,9.015292955364439e-07,0.9999969035142643,0.9999980491230375,0.30820237914257104,0.020521833135357482,0.2951634284399074,0.3212413298452347,0.0,0.0,0.0,0.0,1.0,0.0,1.0,1.0,0.0,0.0,0.0,0.0,12
RIGHT,RIGHT,True,0.5,medium,1.5,independent_rollout,16,explicit_belief_mixing,0.5498723093750153,0.001479757231464917,0.5489321164855342,0.5508125022644964,-1.6170937615106462e-05,0.005283318225522851,-0.00337303118663383,0.0033406893114036173,0.0,0.0,0.0,0.0,1.0,0.0,1.0,1.0,0.0,0.0,0.0,0.0,12
RIGHT,RIGHT,True,0.5,medium,1.5,independent_rollout,16,ordinary_flat_aggregation,0.9999974763186509,9.015292955364439e-07,0.9999969035142643,0.9999980491230375,0.30820237914257104,0.020521833135357482,0.2951634284399074,0.3212413298452347,0.0,0.0,0.0,0.0,1.0,0.0,1.0,1.0,0.0,0.0,0.0,0.0,12
RIGHT,RIGHT,True,0.5,medium,1.5,independent_rollout,16,provenance_preserving,0.9999974763186509,9.015292955364439e-07,0.9999969035142643,0.9999980491230375,0.30820237914257104,0.020521833135357482,0.2951634284399074,0.3212413298452347,0.0,0.0,0.0,0.0,1.0,0.0,1.0,1.0,0.0,0.0,0.0,0.0,12
RIGHT,RIGHT,True,0.5,medium,1.5,independent_rollout,16,semantic_group_deduplication,0.697368547809431,0.026274757772423576,0.680674363178878,0.7140627324399841,0.0055734506333508975,0.02097794640371867,-0.007755300614018751,0.018902201880720546,0.0,0.0,0.0,0.0,1.0,0.0,1.0,1.0,0.0,0.0,0.0,0.0,12
RIGHT,RIGHT,True,0.5,medium,1.5,independent_rollout,16,single_trajectory_score_average,0.5997446187500307,0.0029595144629298237,0.5978642329710685,0.6016250045289929,-3.234187523023143e-05,0.010566636451045717,-0.006746062373267689,0.006681378622807227,0.0,0.0,0.0,0.0,1.0,0.0,1.0,1.0,0.0,0.0,0.0,0.0,12
RIGHT,RIGHT,True,0.5,medium,1.5,independent_rollout,16,source_group_average,0.5997446187500307,0.0029595144629298237,0.5978642329710685,0.6016250045289929,-3.234187523023143e-05,0.010566636451045717,-0.006746062373267689,0.006681378622807227,0.0,0.0,0.0,0.0,1.0,0.0,1.0,1.0,0.0,0.0,0.0,0.0,12
RIGHT,RIGHT,True,0.5,medium,1.5,pure_duplication,1,exact_deduplication,0.60183168747219,0.014380016506926697,0.5926950608803745,0.6109683140640054,0.0,0.0,0.0,0.0,0.0,0.0,0.0,0.0,1.0,0.0,1.0,1.0,0.0,0.0,0.0,0.0,12
RIGHT,RIGHT,True,0.5,medium,1.5,pure_duplication,1,explicit_belief_mixing,0.5498884803126305,0.005758388707992858,0.5462297746797048,0.5535471859455562,0.0,0.0,0.0,0.0,0.0,0.0,0.0,0.0,1.0,0.0,1.0,1.0,0.0,0.0,0.0,0.0,12
RIGHT,RIGHT,True,0.5,medium,1.5,pure_duplication,1,ordinary_flat_aggregation,0.69179509717608,0.02052223473690794,0.6787558913079648,0.7048343030441953,0.0,0.0,0.0,0.0,0.0,0.0,0.0,0.0,1.0,0.0,1.0,1.0,0.0,0.0,0.0,0.0,12
RIGHT,RIGHT,True,0.5,medium,1.5,pure_duplication,1,provenance_preserving,0.69179509717608,0.02052223473690794,0.6787558913079648,0.7048343030441953,0.0,0.0,0.0,0.0,0.0,0.0,0.0,0.0,1.0,0.0,1.0,1.0,0.0,0.0,0.0,0.0,12
RIGHT,RIGHT,True,0.5,medium,1.5,pure_duplication,1,semantic_group_deduplication,0.60183168747219,0.014380016506926697,0.5926950608803745,0.6109683140640054,0.0,0.0,0.0,0.0,0.0,0.0,0.0,0.0,1.0,0.0,1.0,1.0,0.0,0.0,0.0,0.0,12
RIGHT,RIGHT,True,0.5,medium,1.5,pure_duplication,1,single_trajectory_score_average,0.5997769606252609,0.011516777415985738,0.5924595493594095,0.6070943718911123,0.0,0.0,0.0,0.0,0.0,0.0,0.0,0.0,1.0,0.0,1.0,1.0,0.0,0.0,0.0,0.0,12
RIGHT,RIGHT,True,0.5,medium,1.5,pure_duplication,1,source_group_average,0.5997769606252609,0.011516777415985738,0.5924595493594095,0.6070943718911123,0.0,0.0,0.0,0.0,0.0,0.0,0.0,0.0,1.0,0.0,1.0,1.0,0.0,0.0,0.0,0.0,12
RIGHT,RIGHT,True,0.5,medium,1.5,pure_duplication,2,exact_deduplication,0.5990329252915884,0.014995775550043371,0.5895050640690769,0.6085607865140998,-0.0027987621806014698,0.018642444884376757,-0.014643606557866612,0.009046082196663674,0.0,0.0,0.0,0.0,1.0,0.0,1.0,1.0,0.0,0.0,0.0,0.0,12
RIGHT,RIGHT,True,0.5,medium,1.5,pure_duplication,2,explicit_belief_mixing,0.5498884803126305,0.005758388707992858,0.5462297746797048,0.5535471859455562,0.0,0.0,0.0,0.0,0.0,0.0,0.0,0.0,1.0,0.0,1.0,1.0,0.0,0.0,0.0,0.0,12
RIGHT,RIGHT,True,0.5,medium,1.5,pure_duplication,2,ordinary_flat_aggregation,0.833274174727887,0.027149628751520462,0.8160241235968905,0.8505242258588835,0.14147907755180691,0.006696362285881036,0.137224411939974,0.14573374316363982,0.0,0.0,0.0,0.0,1.0,0.0,1.0,1.0,0.0,0.0,0.0,0.0,12
RIGHT,RIGHT,True,0.5,medium,1.5,pure_duplication,2,provenance_preserving,0.69179509717608,0.02052223473690794,0.6787558913079648,0.7048343030441953,0.0,0.0,0.0,0.0,0.0,0.0,0.0,0.0,1.0,0.0,1.0,1.0,0.0,0.0,0.0,0.0,12
RIGHT,RIGHT,True,0.5,medium,1.5,pure_duplication,2,semantic_group_deduplication,0.5990329252915884,0.014995775550043371,0.5895050640690769,0.6085607865140998,-0.0027987621806014698,0.018642444884376757,-0.014643606557866612,0.009046082196663674,0.0,0.0,0.0,0.0,1.0,0.0,1.0,1.0,0.0,0.0,0.0,0.0,12
RIGHT,RIGHT,True,0.5,medium,1.5,pure_duplication,2,single_trajectory_score_average,0.5997769606252609,0.011516777415985738,0.5924595493594095,0.6070943718911123,0.0,0.0,0.0,0.0,0.0,0.0,0.0,0.0,1.0,0.0,1.0,1.0,0.0,0.0,0.0,0.0,12
RIGHT,RIGHT,True,0.5,medium,1.5,pure_duplication,2,source_group_average,0.5997769606252609,0.011516777415985738,0.5924595493594095,0.6070943718911123,0.0,0.0,0.0,0.0,0.0,0.0,0.0,0.0,1.0,0.0,1.0,1.0,0.0,0.0,0.0,0.0,12
RIGHT,RIGHT,True,0.5,medium,1.5,pure_duplication,4,exact_deduplication,0.5970948378097671,0.02298403821836274,0.5824914766333705,0.6116981989861637,-0.004736849662422836,0.023093111424717618,-0.01940951264783729,0.009935813322991618,0.0,0.0,0.0,0.0,1.0,0.0,1.0,1.0,0.0,0.0,0.0,0.0,12
RIGHT,RIGHT,True,0.5,medium,1.5,pure_duplication,4,explicit_belief_mixing,0.5498884803126305,0.005758388707992858,0.5462297746797048,0.5535471859455562,0.0,0.0,0.0,0.0,0.0,0.0,0.0,0.0,1.0,0.0,1.0,1.0,0.0,0.0,0.0,0.0,12
RIGHT,RIGHT,True,0.5,medium,1.5,pure_duplication,4,ordinary_flat_aggregation,0.9599529872319992,0.015574049832403918,0.950057708059513,0.9698482664044854,0.26815789005591917,0.005547601225630824,0.264633112399755,0.2716826677120833,0.0,0.0,0.0,0.0,1.0,0.0,1.0,1.0,0.0,0.0,0.0,0.0,12
RIGHT,RIGHT,True,0.5,medium,1.5,pure_duplication,4,provenance_preserving,0.69179509717608,0.02052223473690794,0.6787558913079648,0.7048343030441953,0.0,0.0,0.0,0.0,0.0,0.0,0.0,0.0,1.0,0.0,1.0,1.0,0.0,0.0,0.0,0.0,12
RIGHT,RIGHT,True,0.5,medium,1.5,pure_duplication,4,semantic_group_deduplication,0.5970948378097671,0.02298403821836274,0.5824914766333705,0.6116981989861637,-0.004736849662422836,0.023093111424717618,-0.01940951264783729,0.009935813322991618,0.0,0.0,0.0,0.0,1.0,0.0,1.0,1.0,0.0,0.0,0.0,0.0,12
RIGHT,RIGHT,True,0.5,medium,1.5,pure_duplication,4,single_trajectory_score_average,0.5997769606252609,0.011516777415985738,0.5924595493594095,0.6070943718911123,0.0,0.0,0.0,0.0,0.0,0.0,0.0,0.0,1.0,0.0,1.0,1.0,0.0,0.0,0.0,0.0,12
RIGHT,RIGHT,True,0.5,medium,1.5,pure_duplication,4,source_group_average,0.5997769606252609,0.011516777415985738,0.5924595493594095,0.6070943718911123,0.0,0.0,0.0,0.0,0.0,0.0,0.0,0.0,1.0,0.0,1.0,1.0,0.0,0.0,0.0,0.0,12
RIGHT,RIGHT,True,0.5,medium,1.5,pure_duplication,8,exact_deduplication,0.5990978186272072,0.02214357109638003,0.5850284647833165,0.613167172471098,-0.0027338688449826585,0.028479744309170114,-0.020829035081956635,0.015361297391991319,0.0,0.0,0.0,0.0,1.0,0.0,1.0,1.0,0.0,0.0,0.0,0.0,12
RIGHT,RIGHT,True,0.5,medium,1.5,pure_duplication,8,explicit_belief_mixing,0.5498884803126305,0.005758388707992858,0.5462297746797048,0.5535471859455562,0.0,0.0,0.0,0.0,0.0,0.0,0.0,0.0,1.0,0.0,1.0,1.0,0.0,0.0,0.0,0.0,12
RIGHT,RIGHT,True,0.5,medium,1.5,pure_duplication,8,ordinary_flat_aggregation,0.9979757905563238,0.0017045494658433473,0.9968927714951713,0.9990588096174763,0.3061806933802438,0.01890633909624925,0.29416817862009287,0.3181932081403947,0.0,0.0,0.0,0.0,1.0,0.0,1.0,1.0,0.0,0.0,0.0,0.0,12
RIGHT,RIGHT,True,0.5,medium,1.5,pure_duplication,8,provenance_preserving,0.69179509717608,0.02052223473690794,0.6787558913079648,0.7048343030441953,0.0,0.0,0.0,0.0,0.0,0.0,0.0,0.0,1.0,0.0,1.0,1.0,0.0,0.0,0.0,0.0,12
RIGHT,RIGHT,True,0.5,medium,1.5,pure_duplication,8,semantic_group_deduplication,0.5990978186272072,0.02214357109638003,0.5850284647833165,0.613167172471098,-0.0027338688449826585,0.028479744309170114,-0.020829035081956635,0.015361297391991319,0.0,0.0,0.0,0.0,1.0,0.0,1.0,1.0,0.0,0.0,0.0,0.0,12
RIGHT,RIGHT,True,0.5,medium,1.5,pure_duplication,8,single_trajectory_score_average,0.5997769606252609,0.011516777415985738,0.5924595493594095,0.6070943718911123,0.0,0.0,0.0,0.0,0.0,0.0,0.0,0.0,1.0,0.0,1.0,1.0,0.0,0.0,0.0,0.0,12
RIGHT,RIGHT,True,0.5,medium,1.5,pure_duplication,8,source_group_average,0.5997769606252609,0.011516777415985738,0.5924595493594095,0.6070943718911123,0.0,0.0,0.0,0.0,0.0,0.0,0.0,0.0,1.0,0.0,1.0,1.0,0.0,0.0,0.0,0.0,12
RIGHT,RIGHT,True,0.5,medium,1.5,pure_duplication,16,exact_deduplication,0.6046751682595598,0.014548562663742017,0.5954314525487878,0.6139188839703318,0.0028434807873698362,0.01140558975808229,-0.004403285211044454,0.010090246785784128,0.0,0.0,0.0,0.0,1.0,0.0,1.0,1.0,0.0,0.0,0.0,0.0,12
RIGHT,RIGHT,True,0.5,medium,1.5,pure_duplication,16,explicit_belief_mixing,0.5498884803126305,0.005758388707992858,0.5462297746797048,0.5535471859455562,0.0,0.0,0.0,0.0,0.0,0.0,0.0,0.0,1.0,0.0,1.0,1.0,0.0,0.0,0.0,0.0,12
RIGHT,RIGHT,True,0.5,medium,1.5,pure_duplication,16,ordinary_flat_aggregation,0.9999931781183281,1.1173412403390764e-05,0.999986078870783,1.0000002773658732,0.30819808094224826,0.020512729528812917,0.2951649143952284,0.3212312474892681,0.0,0.0,0.0,0.0,1.0,0.0,1.0,1.0,0.0,0.0,0.0,0.0,12
RIGHT,RIGHT,True,0.5,medium,1.5,pure_duplication,16,provenance_preserving,0.69179509717608,0.02052223473690794,0.6787558913079648,0.7048343030441953,0.0,0.0,0.0,0.0,0.0,0.0,0.0,0.0,1.0,0.0,1.0,1.0,0.0,0.0,0.0,0.0,12
RIGHT,RIGHT,True,0.5,medium,1.5,pure_duplication,16,semantic_group_deduplication,0.6046751682595598,0.014548562663742017,0.5954314525487878,0.6139188839703318,0.0028434807873698362,0.01140558975808229,-0.004403285211044454,0.010090246785784128,0.0,0.0,0.0,0.0,1.0,0.0,1.0,1.0,0.0,0.0,0.0,0.0,12
RIGHT,RIGHT,True,0.5,medium,1.5,pure_duplication,16,single_trajectory_score_average,0.5997769606252609,0.011516777415985738,0.5924595493594095,0.6070943718911123,0.0,0.0,0.0,0.0,0.0,0.0,0.0,0.0,1.0,0.0,1.0,1.0,0.0,0.0,0.0,0.0,12
RIGHT,RIGHT,True,0.5,medium,1.5,pure_duplication,16,source_group_average,0.5997769606252609,0.011516777415985738,0.5924595493594095,0.6070943718911123,0.0,0.0,0.0,0.0,0.0,0.0,0.0,0.0,1.0,0.0,1.0,1.0,0.0,0.0,0.0,0.0,12
RIGHT,RIGHT,True,0.5,strong,2.0,independent_rollout,1,exact_deduplication,0.8002076657485694,0.01509259235263997,0.7906182900644637,0.8097970414326751,0.0,0.0,0.0,0.0,0.0,0.0,0.0,0.0,1.0,0.0,1.0,1.0,0.0,0.0,0.0,0.0,12
RIGHT,RIGHT,True,0.5,strong,2.0,independent_rollout,1,explicit_belief_mixing,0.5834209317848588,0.0051833901413099875,0.5801275628114619,0.5867143007582556,0.0,0.0,0.0,0.0,0.0,0.0,0.0,0.0,1.0,0.0,1.0,1.0,0.0,0.0,0.0,0.0,12
RIGHT,RIGHT,True,0.5,strong,2.0,independent_rollout,1,ordinary_flat_aggregation,0.8002076657485694,0.01509259235263997,0.7906182900644637,0.8097970414326751,0.0,0.0,0.0,0.0,0.0,0.0,0.0,0.0,1.0,0.0,1.0,1.0,0.0,0.0,0.0,0.0,12
RIGHT,RIGHT,True,0.5,strong,2.0,independent_rollout,1,provenance_preserving,0.8002076657485694,0.01509259235263997,0.7906182900644637,0.8097970414326751,0.0,0.0,0.0,0.0,0.0,0.0,0.0,0.0,1.0,0.0,1.0,1.0,0.0,0.0,0.0,0.0,12
RIGHT,RIGHT,True,0.5,strong,2.0,independent_rollout,1,semantic_group_deduplication,0.8002076657485694,0.01509259235263997,0.7906182900644637,0.8097970414326751,0.0,0.0,0.0,0.0,0.0,0.0,0.0,0.0,1.0,0.0,1.0,1.0,0.0,0.0,0.0,0.0,12
RIGHT,RIGHT,True,0.5,strong,2.0,independent_rollout,1,single_trajectory_score_average,0.6668418635697176,0.010366780282620001,0.6602551256229239,0.6734286015165114,0.0,0.0,0.0,0.0,0.0,0.0,0.0,0.0,1.0,0.0,1.0,1.0,0.0,0.0,0.0,0.0,12
RIGHT,RIGHT,True,0.5,strong,2.0,independent_rollout,1,source_group_average,0.6668418635697176,0.010366780282620001,0.6602551256229239,0.6734286015165114,0.0,0.0,0.0,0.0,0.0,0.0,0.0,0.0,1.0,0.0,1.0,1.0,0.0,0.0,0.0,0.0,12
RIGHT,RIGHT,True,0.5,strong,2.0,independent_rollout,2,exact_deduplication,0.9406558412712416,0.00583505007959901,0.9369484273266081,0.944363255215875,0.1404481755226721,0.010285375828704773,0.13391315949830984,0.14698319154703438,0.0,0.0,0.0,0.0,1.0,0.0,1.0,1.0,0.0,0.0,0.0,0.0,12
RIGHT,RIGHT,True,0.5,strong,2.0,independent_rollout,2,explicit_belief_mixing,0.5831184594069375,0.002877860575284746,0.5812899540330376,0.5849469647808374,-0.0003024723779212479,0.002976550046923426,-0.002193682050558986,0.0015887372947164901,0.0,0.0,0.0,0.0,1.0,0.0,1.0,1.0,0.0,0.0,0.0,0.0,12
RIGHT,RIGHT,True,0.5,strong,2.0,independent_rollout,2,ordinary_flat_aggregation,0.9406558412712416,0.00583505007959901,0.9369484273266081,0.944363255215875,0.1404481755226721,0.010285375828704773,0.13391315949830984,0.14698319154703438,0.0,0.0,0.0,0.0,1.0,0.0,1.0,1.0,0.0,0.0,0.0,0.0,12
RIGHT,RIGHT,True,0.5,strong,2.0,independent_rollout,2,provenance_preserving,0.9406558412712416,0.00583505007959901,0.9369484273266081,0.944363255215875,0.1404481755226721,0.010285375828704773,0.13391315949830984,0.14698319154703438,0.0,0.0,0.0,0.0,1.0,0.0,1.0,1.0,0.0,0.0,0.0,0.0,12
RIGHT,RIGHT,True,0.5,strong,2.0,independent_rollout,2,semantic_group_deduplication,0.8004079159152037,0.011844188828284868,0.7928824773626912,0.8079333544677161,0.00020025016663435813,0.012525742730021659,-0.007758227075323537,0.008158727408592253,0.0,0.0,0.0,0.0,1.0,0.0,1.0,1.0,0.0,0.0,0.0,0.0,12
RIGHT,RIGHT,True,0.5,strong,2.0,independent_rollout,2,single_trajectory_score_average,0.6662369188138749,0.0057557211505695,0.6625799080660753,0.6698939295616746,-0.0006049447558425051,0.005953100093846876,-0.004387364101117996,0.003177474589432986,0.0,0.0,0.0,0.0,1.0,0.0,1.0,1.0,0.0,0.0,0.0,0.0,12
RIGHT,RIGHT,True,0.5,strong,2.0,independent_rollout,2,source_group_average,0.6662369188138749,0.0057557211505695,0.6625799080660753,0.6698939295616746,-0.0006049447558425051,0.005953100093846876,-0.004387364101117996,0.003177474589432986,0.0,0.0,0.0,0.0,1.0,0.0,1.0,1.0,0.0,0.0,0.0,0.0,12
RIGHT,RIGHT,True,0.5,strong,2.0,independent_rollout,4,exact_deduplication,0.9963253810402085,0.0007291310783950461,0.9958621132549056,0.9967886488255114,0.19611771529163932,0.014626912182369138,0.18682421867171473,0.20541121191156392,0.0,0.0,0.0,0.0,1.0,0.0,1.0,1.0,0.0,0.0,0.0,0.0,12
RIGHT,RIGHT,True,0.5,strong,2.0,independent_rollout,4,explicit_belief_mixing,0.5842793169970835,0.0025784846909142384,0.5826410259852305,0.5859176080089364,0.0008583852122247456,0.0038909225325621513,-0.0016137890207170089,0.0033305594451665003,0.0,0.0,0.0,0.0,1.0,0.0,1.0,1.0,0.0,0.0,0.0,0.0,12
RIGHT,RIGHT,True,0.5,strong,2.0,independent_rollout,4,ordinary_flat_aggregation,0.9963253810402085,0.0007291310783950461,0.9958621132549056,0.9967886488255114,0.19611771529163932,0.014626912182369138,0.18682421867171473,0.20541121191156392,0.0,0.0,0.0,0.0,1.0,0.0,1.0,1.0,0.0,0.0,0.0,0.0,12
RIGHT,RIGHT,True,0.5,strong,2.0,independent_rollout,4,provenance_preserving,0.9963253810402085,0.0007291310783950461,0.9958621132549056,0.9967886488255114,0.19611771529163932,0.014626912182369138,0.18682421867171473,0.20541121191156392,0.0,0.0,0.0,0.0,1.0,0.0,1.0,1.0,0.0,0.0,0.0,0.0,12
RIGHT,RIGHT,True,0.5,strong,2.0,independent_rollout,4,semantic_group_deduplication,0.7979974083846803,0.014454351611175814,0.7888135515209204,0.8071812652484401,-0.0022102573638890233,0.019719848682914615,-0.014739651455760007,0.01031913672798196,0.0,0.0,0.0,0.0,1.0,0.0,1.0,1.0,0.0,0.0,0.0,0.0,12
RIGHT,RIGHT,True,0.5,strong,2.0,independent_rollout,4,single_trajectory_score_average,0.668558633994167,0.005156969381828497,0.665282051970461,0.6718352160178731,0.001716770424449482,0.007781845065124287,-0.003227578041434017,0.006661118890332981,0.0,0.0,0.0,0.0,1.0,0.0,1.0,1.0,0.0,0.0,0.0,0.0,12
RIGHT,RIGHT,True,0.5,strong,2.0,independent_rollout,4,source_group_average,0.668558633994167,0.005156969381828497,0.665282051970461,0.6718352160178731,0.001716770424449482,0.007781845065124287,-0.003227578041434017,0.006661118890332981,0.0,0.0,0.0,0.0,1.0,0.0,1.0,1.0,0.0,0.0,0.0,0.0,12
RIGHT,RIGHT,True,0.5,strong,2.0,independent_rollout,8,exact_deduplication,0.9999847503207318,3.5439599766274637e-06,0.9999824985959895,0.999987002045474,0.19977708457216237,0.015091999210654282,0.19018808575249468,0.20936608339183005,0.0,0.0,0.0,0.0,1.0,0.0,1.0,1.0,0.0,0.0,0.0,0.0,12
RIGHT,RIGHT,True,0.5,strong,2.0,independent_rollout,8,explicit_belief_mixing,0.5834233822019449,0.0016271394356250672,0.5823895471274885,0.5844572172764013,2.4504170860380667e-06,0.005122823311684498,-0.0032524362287090535,0.00325733706288113,0.0,0.0,0.0,0.0,1.0,0.0,1.0,1.0,0.0,0.0,0.0,0.0,12
RIGHT,RIGHT,True,0.5,strong,2.0,independent_rollout,8,ordinary_flat_aggregation,0.9999847503207318,3.5439599766274637e-06,0.9999824985959895,0.999987002045474,0.19977708457216237,0.015091999210654282,0.19018808575249468,0.20936608339183005,0.0,0.0,0.0,0.0,1.0,0.0,1.0,1.0,0.0,0.0,0.0,0.0,12
RIGHT,RIGHT,True,0.5,strong,2.0,independent_rollout,8,provenance_preserving,0.9999847503207318,3.5439599766274637e-06,0.9999824985959895,0.999987002045474,0.19977708457216237,0.015091999210654282,0.19018808575249468,0.20936608339183005,0.0,0.0,0.0,0.0,1.0,0.0,1.0,1.0,0.0,0.0,0.0,0.0,12
RIGHT,RIGHT,True,0.5,strong,2.0,independent_rollout,8,semantic_group_deduplication,0.8036925929885705,0.010908871613457664,0.7967614266423979,0.8106237593347432,0.00348492724000111,0.017151364185609214,-0.0074125296599033465,0.014382384139905566,0.0,0.0,0.0,0.0,1.0,0.0,1.0,1.0,0.0,0.0,0.0,0.0,12
RIGHT,RIGHT,True,0.5,strong,2.0,independent_rollout,8,single_trajectory_score_average,0.6668467644038897,0.0032542788712501217,0.6647790942549768,0.6689144345528025,4.900834172085385e-06,0.010245646623369043,-0.006504872457418127,0.006514674125762297,0.0,0.0,0.0,0.0,1.0,0.0,1.0,1.0,0.0,0.0,0.0,0.0,12
RIGHT,RIGHT,True,0.5,strong,2.0,independent_rollout,8,source_group_average,0.6668467644038897,0.0032542788712501217,0.6647790942549768,0.6689144345528025,4.900834172085385e-06,0.010245646623369043,-0.006504872457418127,0.006514674125762297,0.0,0.0,0.0,0.0,1.0,0.0,1.0,1.0,0.0,0.0,0.0,0.0,12
RIGHT,RIGHT,True,0.5,strong,2.0,independent_rollout,16,exact_deduplication,0.9999999997836726,4.8855833686114354e-11,0.9999999997526311,0.9999999998147141,0.1997923340351032,0.015092592369596652,0.19020295834022377,0.2093817097299826,0.0,0.0,0.0,0.0,1.0,0.0,1.0,1.0,0.0,0.0,0.0,0.0,12
RIGHT,RIGHT,True,0.5,strong,2.0,independent_rollout,16,explicit_belief_mixing,0.583590276175952,0.0008305419698893278,0.5830625749842285,0.5841179773676756,0.00016934439109329383,0.005576633535535385,-0.0033738795147373836,0.003712568296923971,0.0,0.0,0.0,0.0,1.0,0.0,1.0,1.0,0.0,0.0,0.0,0.0,12
RIGHT,RIGHT,True,0.5,strong,2.0,independent_rollout,16,ordinary_flat_aggregation,0.9999999997836726,4.8855833686114354e-11,0.9999999997526311,0.9999999998147141,0.1997923340351032,0.015092592369596652,0.19020295834022377,0.2093817097299826,0.0,0.0,0.0,0.0,1.0,0.0,1.0,1.0,0.0,0.0,0.0,0.0,12
RIGHT,RIGHT,True,0.5,strong,2.0,independent_rollout,16,provenance_preserving,0.9999999997836726,4.8855833686114354e-11,0.9999999997526311,0.9999999998147141,0.1997923340351032,0.015092592369596652,0.19020295834022377,0.2093817097299826,0.0,0.0,0.0,0.0,1.0,0.0,1.0,1.0,0.0,0.0,0.0,0.0,12
RIGHT,RIGHT,True,0.5,strong,2.0,independent_rollout,16,semantic_group_deduplication,0.80150409845475,0.012416994143896633,0.793614716767956,0.809393480141544,0.00129643270618048,0.022457017004900055,-0.012972075166601725,0.015564940578962686,0.0,0.0,0.0,0.0,1.0,0.0,1.0,1.0,0.0,0.0,0.0,0.0,12
RIGHT,RIGHT,True,0.5,strong,2.0,independent_rollout,16,single_trajectory_score_average,0.6671805523519042,0.0016610839397786432,0.6661251499684571,0.6682359547353514,0.0003386887821865599,0.01115326707107077,-0.006747759029474795,0.007425136593847914,0.0,0.0,0.0,0.0,1.0,0.0,1.0,1.0,0.0,0.0,0.0,0.0,12
RIGHT,RIGHT,True,0.5,strong,2.0,independent_rollout,16,source_group_average,0.6671805523519042,0.0016610839397786432,0.6661251499684571,0.6682359547353514,0.0003386887821865599,0.01115326707107077,-0.006747759029474795,0.007425136593847914,0.0,0.0,0.0,0.0,1.0,0.0,1.0,1.0,0.0,0.0,0.0,0.0,12
RIGHT,RIGHT,True,0.5,strong,2.0,pure_duplication,1,exact_deduplication,0.6650214757804456,0.017341123674818857,0.6540034514532139,0.6760395001076772,0.0,0.0,0.0,0.0,0.0,0.0,0.0,0.0,1.0,0.0,1.0,1.0,0.0,0.0,0.0,0.0,12
RIGHT,RIGHT,True,0.5,strong,2.0,pure_duplication,1,explicit_belief_mixing,0.5834209317848588,0.0051833901413099875,0.5801275628114619,0.5867143007582556,0.0,0.0,0.0,0.0,0.0,0.0,0.0,0.0,1.0,0.0,1.0,1.0,0.0,0.0,0.0,0.0,12
RIGHT,RIGHT,True,0.5,strong,2.0,pure_duplication,1,ordinary_flat_aggregation,0.8002076657485694,0.01509259235263997,0.7906182900644637,0.8097970414326751,0.0,0.0,0.0,0.0,0.0,0.0,0.0,0.0,1.0,0.0,1.0,1.0,0.0,0.0,0.0,0.0,12
RIGHT,RIGHT,True,0.5,strong,2.0,pure_duplication,1,provenance_preserving,0.8002076657485694,0.01509259235263997,0.7906182900644637,0.8097970414326751,0.0,0.0,0.0,0.0,0.0,0.0,0.0,0.0,1.0,0.0,1.0,1.0,0.0,0.0,0.0,0.0,12
RIGHT,RIGHT,True,0.5,strong,2.0,pure_duplication,1,semantic_group_deduplication,0.6650214757804456,0.017341123674818857,0.6540034514532139,0.6760395001076772,0.0,0.0,0.0,0.0,0.0,0.0,0.0,0.0,1.0,0.0,1.0,1.0,0.0,0.0,0.0,0.0,12
RIGHT,RIGHT,True,0.5,strong,2.0,pure_duplication,1,single_trajectory_score_average,0.6668418635697176,0.010366780282620001,0.6602551256229239,0.6734286015165114,0.0,0.0,0.0,0.0,0.0,0.0,0.0,0.0,1.0,0.0,1.0,1.0,0.0,0.0,0.0,0.0,12
RIGHT,RIGHT,True,0.5,strong,2.0,pure_duplication,1,source_group_average,0.6668418635697176,0.010366780282620001,0.6602551256229239,0.6734286015165114,0.0,0.0,0.0,0.0,0.0,0.0,0.0,0.0,1.0,0.0,1.0,1.0,0.0,0.0,0.0,0.0,12
RIGHT,RIGHT,True,0.5,strong,2.0,pure_duplication,2,exact_deduplication,0.676008870523162,0.015694227497242363,0.6660372341053432,0.6859805069409809,0.010987394742716603,0.02189131428214825,-0.002921682767988697,0.024896472253421904,0.0,0.0,0.0,0.0,1.0,0.0,1.0,1.0,0.0,0.0,0.0,0.0,12
RIGHT,RIGHT,True,0.5,strong,2.0,pure_duplication,2,explicit_belief_mixing,0.5834209317848588,0.0051833901413099875,0.5801275628114619,0.5867143007582556,0.0,0.0,0.0,0.0,0.0,0.0,0.0,0.0,1.0,0.0,1.0,1.0,0.0,0.0,0.0,0.0,12
RIGHT,RIGHT,True,0.5,strong,2.0,pure_duplication,2,ordinary_flat_aggregation,0.9407888667208303,0.010934491345646216,0.9338414223734275,0.9477363110682331,0.140581200972261,0.004240216540212047,0.1378870959148923,0.14327530602962973,0.0,0.0,0.0,0.0,1.0,0.0,1.0,1.0,0.0,0.0,0.0,0.0,12
RIGHT,RIGHT,True,0.5,strong,2.0,pure_duplication,2,provenance_preserving,0.8002076657485694,0.01509259235263997,0.7906182900644637,0.8097970414326751,0.0,0.0,0.0,0.0,0.0,0.0,0.0,0.0,1.0,0.0,1.0,1.0,0.0,0.0,0.0,0.0,12
RIGHT,RIGHT,True,0.5,strong,2.0,pure_duplication,2,semantic_group_deduplication,0.676008870523162,0.015694227497242363,0.6660372341053432,0.6859805069409809,0.010987394742716603,0.02189131428214825,-0.002921682767988697,0.024896472253421904,0.0,0.0,0.0,0.0,1.0,0.0,1.0,1.0,0.0,0.0,0.0,0.0,12
RIGHT,RIGHT,True,0.5,strong,2.0,pure_duplication,2,single_trajectory_score_average,0.6668418635697176,0.010366780282620006,0.6602551256229239,0.6734286015165114,-9.25185853854297e-18,3.204937810639273e-17,-2.961506188514317e-17,1.1111344808057227e-17,0.0,0.0,0.0,0.0,1.0,0.0,1.0,1.0,0.0,0.0,0.0,0.0,12
RIGHT,RIGHT,True,0.5,strong,2.0,pure_duplication,2,source_group_average,0.6668418635697176,0.010366780282620001,0.6602551256229239,0.6734286015165114,0.0,0.0,0.0,0.0,0.0,0.0,0.0,0.0,1.0,0.0,1.0,1.0,0.0,0.0,0.0,0.0,12
RIGHT,RIGHT,True,0.5,strong,2.0,pure_duplication,4,exact_deduplication,0.6621974045151129,0.016238762025106816,0.6518797873645841,0.6725150216656417,-0.0028240712653327484,0.006993383101302407,-0.007267454899790637,0.001619312369125141,0.0,0.0,0.0,0.0,1.0,0.0,1.0,1.0,0.0,0.0,0.0,0.0,12
RIGHT,RIGHT,True,0.5,strong,2.0,pure_duplication,4,explicit_belief_mixing,0.5834209317848588,0.0051833901413099875,0.5801275628114619,0.5867143007582556,0.0,0.0,0.0,0.0,0.0,0.0,0.0,0.0,1.0,0.0,1.0,1.0,0.0,0.0,0.0,0.0,12
RIGHT,RIGHT,True,0.5,strong,2.0,pure_duplication,4,ordinary_flat_aggregation,0.99589828997623,0.0017405569695338192,0.9947923928387161,0.9970041871137438,0.1956906242276605,0.013386396629516687,0.18718531358668056,0.20419593486864046,0.0,0.0,0.0,0.0,1.0,0.0,1.0,1.0,0.0,0.0,0.0,0.0,12
RIGHT,RIGHT,True,0.5,strong,2.0,pure_duplication,4,provenance_preserving,0.8002076657485694,0.01509259235263997,0.7906182900644637,0.8097970414326751,0.0,0.0,0.0,0.0,0.0,0.0,0.0,0.0,1.0,0.0,1.0,1.0,0.0,0.0,0.0,0.0,12
RIGHT,RIGHT,True,0.5,strong,2.0,pure_duplication,4,semantic_group_deduplication,0.6621974045151129,0.016238762025106816,0.6518797873645841,0.6725150216656417,-0.0028240712653327484,0.006993383101302407,-0.007267454899790637,0.001619312369125141,0.0,0.0,0.0,0.0,1.0,0.0,1.0,1.0,0.0,0.0,0.0,0.0,12
RIGHT,RIGHT,True,0.5,strong,2.0,pure_duplication,4,single_trajectory_score_average,0.6668418635697176,0.010366780282620001,0.6602551256229239,0.6734286015165114,0.0,0.0,0.0,0.0,0.0,0.0,0.0,0.0,1.0,0.0,1.0,1.0,0.0,0.0,0.0,0.0,12
RIGHT,RIGHT,True,0.5,strong,2.0,pure_duplication,4,source_group_average,0.6668418635697176,0.010366780282620001,0.6602551256229239,0.6734286015165114,0.0,0.0,0.0,0.0,0.0,0.0,0.0,0.0,1.0,0.0,1.0,1.0,0.0,0.0,0.0,0.0,12
RIGHT,RIGHT,True,0.5,strong,2.0,pure_duplication,8,exact_deduplication,0.6677722107791716,0.02218607843318262,0.6536758490619873,0.6818685724963559,0.002750734998725977,0.025258842109310526,-0.013297967614600647,0.018799437612052602,0.0,0.0,0.0,0.0,1.0,0.0,1.0,1.0,0.0,0.0,0.0,0.0,12
RIGHT,RIGHT,True,0.5,strong,2.0,pure_duplication,8,explicit_belief_mixing,0.5834209317848588,0.0051833901413099875,0.5801275628114619,0.5867143007582556,0.0,0.0,0.0,0.0,0.0,0.0,0.0,0.0,1.0,0.0,1.0,1.0,0.0,0.0,0.0,0.0,12
RIGHT,RIGHT,True,0.5,strong,2.0,pure_duplication,8,ordinary_flat_aggregation,0.9999801766688133,1.9519845197704346e-05,0.9999677743508734,0.9999925789867533,0.19977251092024406,0.015074497291791597,0.19019463228929187,0.20935038955119625,0.0,0.0,0.0,0.0,1.0,0.0,1.0,1.0,0.0,0.0,0.0,0.0,12
RIGHT,RIGHT,True,0.5,strong,2.0,pure_duplication,8,provenance_preserving,0.8002076657485694,0.01509259235263997,0.7906182900644637,0.8097970414326751,0.0,0.0,0.0,0.0,0.0,0.0,0.0,0.0,1.0,0.0,1.0,1.0,0.0,0.0,0.0,0.0,12
RIGHT,RIGHT,True,0.5,strong,2.0,pure_duplication,8,semantic_group_deduplication,0.6677722107791716,0.02218607843318262,0.6536758490619873,0.6818685724963559,0.002750734998725977,0.025258842109310526,-0.013297967614600647,0.018799437612052602,0.0,0.0,0.0,0.0,1.0,0.0,1.0,1.0,0.0,0.0,0.0,0.0,12
RIGHT,RIGHT,True,0.5,strong,2.0,pure_duplication,8,single_trajectory_score_average,0.6668418635697176,0.010366780282620001,0.6602551256229239,0.6734286015165114,0.0,0.0,0.0,0.0,0.0,0.0,0.0,0.0,1.0,0.0,1.0,1.0,0.0,0.0,0.0,0.0,12
RIGHT,RIGHT,True,0.5,strong,2.0,pure_duplication,8,source_group_average,0.6668418635697176,0.010366780282620001,0.6602551256229239,0.6734286015165114,0.0,0.0,0.0,0.0,0.0,0.0,0.0,0.0,1.0,0.0,1.0,1.0,0.0,0.0,0.0,0.0,12
RIGHT,RIGHT,True,0.5,strong,2.0,pure_duplication,16,exact_deduplication,0.660854783244231,0.021539137433497408,0.647169468227738,0.6745400982607239,-0.004166692536214545,0.023120324463588776,-0.018856645861627885,0.010523260789198796,0.0,0.0,0.0,0.0,1.0,0.0,1.0,1.0,0.0,0.0,0.0,0.0,12
RIGHT,RIGHT,True,0.5,strong,2.0,pure_duplication,16,explicit_belief_mixing,0.5834209317848588,0.0051833901413099875,0.5801275628114619,0.5867143007582556,0.0,0.0,0.0,0.0,0.0,0.0,0.0,0.0,1.0,0.0,1.0,1.0,0.0,0.0,0.0,0.0,12
RIGHT,RIGHT,True,0.5,strong,2.0,pure_duplication,16,ordinary_flat_aggregation,0.9999999992576766,1.6492984386767658e-09,0.9999999982097624,1.0000000003055909,0.19979233350910705,0.015092591009814176,0.1902029586781922,0.2093817083400219,0.0,0.0,0.0,0.0,1.0,0.0,1.0,1.0,0.0,0.0,0.0,0.0,12
RIGHT,RIGHT,True,0.5,strong,2.0,pure_duplication,16,provenance_preserving,0.8002076657485694,0.01509259235263997,0.7906182900644637,0.8097970414326751,0.0,0.0,0.0,0.0,0.0,0.0,0.0,0.0,1.0,0.0,1.0,1.0,0.0,0.0,0.0,0.0,12
RIGHT,RIGHT,True,0.5,strong,2.0,pure_duplication,16,semantic_group_deduplication,0.660854783244231,0.021539137433497408,0.647169468227738,0.6745400982607239,-0.004166692536214545,0.023120324463588776,-0.018856645861627885,0.010523260789198796,0.0,0.0,0.0,0.0,1.0,0.0,1.0,1.0,0.0,0.0,0.0,0.0,12
RIGHT,RIGHT,True,0.5,strong,2.0,pure_duplication,16,single_trajectory_score_average,0.6668418635697176,0.010366780282620001,0.6602551256229239,0.6734286015165114,0.0,0.0,0.0,0.0,0.0,0.0,0.0,0.0,1.0,0.0,1.0,1.0,0.0,0.0,0.0,0.0,12
RIGHT,RIGHT,True,0.5,strong,2.0,pure_duplication,16,source_group_average,0.6668418635697176,0.010366780282620001,0.6602551256229239,0.6734286015165114,0.0,0.0,0.0,0.0,0.0,0.0,0.0,0.0,1.0,0.0,1.0,1.0,0.0,0.0,0.0,0.0,12
RIGHT,RIGHT,True,0.5,weak,1.2,independent_rollout,1,exact_deduplication,0.5981367838928562,0.025722009127447907,0.5817937989960338,0.6144797687896786,0.0,0.0,0.0,0.0,0.0,0.0,0.0,0.0,1.0,0.0,1.0,1.0,0.0,0.0,0.0,0.0,12
RIGHT,RIGHT,True,0.5,weak,1.2,independent_rollout,1,explicit_belief_mixing,0.5247903906099167,0.006635054679737334,0.5205746779926304,0.5290061032272031,0.0,0.0,0.0,0.0,0.0,0.0,0.0,0.0,1.0,0.0,1.0,1.0,0.0,0.0,0.0,0.0,12
RIGHT,RIGHT,True,0.5,weak,1.2,independent_rollout,1,ordinary_flat_aggregation,0.5981367838928562,0.025722009127447907,0.5817937989960338,0.6144797687896786,0.0,0.0,0.0,0.0,0.0,0.0,0.0,0.0,1.0,0.0,1.0,1.0,0.0,0.0,0.0,0.0,12
RIGHT,RIGHT,True,0.5,weak,1.2,independent_rollout,1,provenance_preserving,0.5981367838928562,0.025722009127447907,0.5817937989960338,0.6144797687896786,0.0,0.0,0.0,0.0,0.0,0.0,0.0,0.0,1.0,0.0,1.0,1.0,0.0,0.0,0.0,0.0,12
RIGHT,RIGHT,True,0.5,weak,1.2,independent_rollout,1,semantic_group_deduplication,0.5981367838928562,0.025722009127447907,0.5817937989960338,0.6144797687896786,0.0,0.0,0.0,0.0,0.0,0.0,0.0,0.0,1.0,0.0,1.0,1.0,0.0,0.0,0.0,0.0,12
RIGHT,RIGHT,True,0.5,weak,1.2,independent_rollout,1,single_trajectory_score_average,0.5495807812198333,0.013270109359474692,0.5411493559852605,0.5580122064544062,0.0,0.0,0.0,0.0,0.0,0.0,0.0,0.0,1.0,0.0,1.0,1.0,0.0,0.0,0.0,0.0,12
RIGHT,RIGHT,True,0.5,weak,1.2,independent_rollout,1,source_group_average,0.5495807812198333,0.013270109359474692,0.5411493559852605,0.5580122064544062,0.0,0.0,0.0,0.0,0.0,0.0,0.0,0.0,1.0,0.0,1.0,1.0,0.0,0.0,0.0,0.0,12
RIGHT,RIGHT,True,0.5,weak,1.2,independent_rollout,2,exact_deduplication,0.6749905160054815,0.034015696376914886,0.6533779736341472,0.6966030583768159,0.07685373211262521,0.028855824767429265,0.058519615752475954,0.09518784847277446,0.0,0.0,0.0,0.0,1.0,0.0,1.0,1.0,0.0,0.0,0.0,0.0,12
RIGHT,RIGHT,True,0.5,weak,1.2,independent_rollout,2,explicit_belief_mixing,0.5228409595767374,0.004712453921070658,0.5198468092023467,0.525835109951128,-0.0019494310331794236,0.005635086017812836,-0.005529793874398424,0.0016309318080395773,0.0,0.0,0.0,0.0,1.0,0.0,1.0,1.0,0.0,0.0,0.0,0.0,12
RIGHT,RIGHT,True,0.5,weak,1.2,independent_rollout,2,ordinary_flat_aggregation,0.6749905160054815,0.034015696376914886,0.6533779736341472,0.6966030583768159,0.07685373211262521,0.028855824767429265,0.058519615752475954,0.09518784847277446,0.0,0.0,0.0,0.0,1.0,0.0,1.0,1.0,0.0,0.0,0.0,0.0,12
RIGHT,RIGHT,True,0.5,weak,1.2,independent_rollout,2,provenance_preserving,0.6749905160054815,0.034015696376914886,0.6533779736341472,0.6966030583768159,0.07685373211262521,0.028855824767429265,0.058519615752475954,0.09518784847277446,0.0,0.0,0.0,0.0,1.0,0.0,1.0,1.0,0.0,0.0,0.0,0.0,12
RIGHT,RIGHT,True,0.5,weak,1.2,independent_rollout,2,semantic_group_deduplication,0.5790282817109098,0.023327317286167354,0.5642068114205351,0.5938497520012845,-0.01910850218194643,0.034591167408959504,-0.041086681402978845,0.002869677039085982,0.0,0.0,0.0,0.0,1.0,0.0,1.0,1.0,0.0,0.0,0.0,0.0,12
RIGHT,RIGHT,True,0.5,weak,1.2,independent_rollout,2,single_trajectory_score_average,0.5456819191534746,0.009424907842141313,0.5396936184046932,0.5516702199022561,-0.0038988620663588194,0.01127017203562571,-0.011059587748796845,0.0032618636160792057,0.0,0.0,0.0,0.0,1.0,0.0,1.0,1.0,0.0,0.0,0.0,0.0,12
RIGHT,RIGHT,True,0.5,weak,1.2,independent_rollout,2,source_group_average,0.5456819191534746,0.009424907842141313,0.5396936184046932,0.5516702199022561,-0.0038988620663588194,0.01127017203562571,-0.011059587748796845,0.0032618636160792057,0.0,0.0,0.0,0.0,1.0,0.0,1.0,1.0,0.0,0.0,0.0,0.0,12
RIGHT,RIGHT,True,0.5,weak,1.2,independent_rollout,4,exact_deduplication,0.8135808171538526,0.027181929004799606,0.7963102434210294,0.8308513908866757,0.2154440332609965,0.023094455458866164,0.20077051631702533,0.23011755020496769,0.0,0.0,0.0,0.0,1.0,0.0,1.0,1.0,0.0,0.0,0.0,0.0,12
RIGHT,RIGHT,True,0.5,weak,1.2,independent_rollout,4,explicit_belief_mixing,0.5230651134445266,0.00274401572712091,0.5213216490299554,0.5248085778590977,-0.001725277165390134,0.005416363166233275,-0.005166670136788964,0.0017161158060086956,0.0,0.0,0.0,0.0,1.0,0.0,1.0,1.0,0.0,0.0,0.0,0.0,12
RIGHT,RIGHT,True,0.5,weak,1.2,independent_rollout,4,ordinary_flat_aggregation,0.8135808171538526,0.027181929004799606,0.7963102434210294,0.8308513908866757,0.2154440332609965,0.023094455458866164,0.20077051631702533,0.23011755020496769,0.0,0.0,0.0,0.0,1.0,0.0,1.0,1.0,0.0,0.0,0.0,0.0,12
RIGHT,RIGHT,True,0.5,weak,1.2,independent_rollout,4,provenance_preserving,0.8135808171538526,0.027181929004799606,0.7963102434210294,0.8308513908866757,0.2154440332609965,0.023094455458866164,0.20077051631702533,0.23011755020496769,0.0,0.0,0.0,0.0,1.0,0.0,1.0,1.0,0.0,0.0,0.0,0.0,12
RIGHT,RIGHT,True,0.5,weak,1.2,independent_rollout,4,semantic_group_deduplication,0.594075467254443,0.021395509830874498,0.5804814088629207,0.6076695256459654,-0.004061316638413239,0.029760359598370173,-0.022970147011277094,0.014847513734450618,0.0,0.0,0.0,0.0,1.0,0.0,1.0,1.0,0.0,0.0,0.0,0.0,12
RIGHT,RIGHT,True,0.5,weak,1.2,independent_rollout,4,single_trajectory_score_average,0.5461302268890531,0.005488031454241821,0.5426432980599107,0.5496171557181955,-0.003450554330780222,0.010832726332466604,-0.010333340273577915,0.003432231612017471,0.0,0.0,0.0,0.0,1.0,0.0,1.0,1.0,0.0,0.0,0.0,0.0,12
RIGHT,RIGHT,True,0.5,weak,1.2,independent_rollout,4,source_group_average,0.5461302268890531,0.005488031454241821,0.5426432980599107,0.5496171557181955,-0.003450554330780222,0.010832726332466604,-0.010333340273577915,0.003432231612017471,0.0,0.0,0.0,0.0,1.0,0.0,1.0,1.0,0.0,0.0,0.0,0.0,12
RIGHT,RIGHT,True,0.5,weak,1.2,independent_rollout,8,exact_deduplication,0.948207382992773,0.015580308332861779,0.9383081273588076,0.9581066386267383,0.35007059909991683,0.023699555400692258,0.33501261999510384,0.3651285782047298,0.0,0.0,0.0,0.0,1.0,0.0,1.0,1.0,0.0,0.0,0.0,0.0,12
RIGHT,RIGHT,True,0.5,weak,1.2,independent_rollout,8,explicit_belief_mixing,0.52294699743747,0.002482057331331741,0.521369973446925,0.5245240214280149,-0.0018433931724467778,0.0061338036701666125,-0.0057406260925080685,0.002053839747614513,0.0,0.0,0.0,0.0,1.0,0.0,1.0,1.0,0.0,0.0,0.0,0.0,12
RIGHT,RIGHT,True,0.5,weak,1.2,independent_rollout,8,ordinary_flat_aggregation,0.948207382992773,0.015580308332861779,0.9383081273588076,0.9581066386267383,0.35007059909991683,0.023699555400692258,0.33501261999510384,0.3651285782047298,0.0,0.0,0.0,0.0,1.0,0.0,1.0,1.0,0.0,0.0,0.0,0.0,12
RIGHT,RIGHT,True,0.5,weak,1.2,independent_rollout,8,provenance_preserving,0.948207382992773,0.015580308332861779,0.9383081273588076,0.9581066386267383,0.35007059909991683,0.023699555400692258,0.33501261999510384,0.3651285782047298,0.0,0.0,0.0,0.0,1.0,0.0,1.0,1.0,0.0,0.0,0.0,0.0,12
RIGHT,RIGHT,True,0.5,weak,1.2,independent_rollout,8,semantic_group_deduplication,0.5882488734483337,0.02003560034874976,0.5755188603192669,0.6009788865774004,-0.009887910444522622,0.024784160949118176,-0.025635015037516085,0.005859194148470843,0.0,0.0,0.0,0.0,1.0,0.0,1.0,1.0,0.0,0.0,0.0,0.0,12
RIGHT,RIGHT,True,0.5,weak,1.2,independent_rollout,8,single_trajectory_score_average,0.5458939948749401,0.004964114662663492,0.5427399468938501,0.54904804285603,-0.003686786344893509,0.012267607340333265,-0.011481252185016116,0.004107679495229097,0.0,0.0,0.0,0.0,1.0,0.0,1.0,1.0,0.0,0.0,0.0,0.0,12
RIGHT,RIGHT,True,0.5,weak,1.2,independent_rollout,8,source_group_average,0.5458939948749401,0.004964114662663492,0.5427399468938501,0.54904804285603,-0.003686786344893509,0.012267607340333265,-0.011481252185016116,0.004107679495229097,0.0,0.0,0.0,0.0,1.0,0.0,1.0,1.0,0.0,0.0,0.0,0.0,12
RIGHT,RIGHT,True,0.5,weak,1.2,independent_rollout,16,exact_deduplication,0.9969207349803274,0.001395820126671379,0.9960338731828744,0.9978075967777804,0.39878395108747106,0.025337142976388106,0.3826854984767116,0.4148824036982305,0.0,0.0,0.0,0.0,1.0,0.0,1.0,1.0,0.0,0.0,0.0,0.0,12
RIGHT,RIGHT,True,0.5,weak,1.2,independent_rollout,16,explicit_belief_mixing,0.5228976851120388,0.0019080680401484381,0.5216853565179641,0.5241100137061135,-0.0018927054978779094,0.0063986681091378434,-0.005958225253713357,0.0021728142579575376,0.0,0.0,0.0,0.0,1.0,0.0,1.0,1.0,0.0,0.0,0.0,0.0,12
RIGHT,RIGHT,True,0.5,weak,1.2,independent_rollout,16,ordinary_flat_aggregation,0.9969207349803274,0.001395820126671379,0.9960338731828744,0.9978075967777804,0.39878395108747106,0.025337142976388106,0.3826854984767116,0.4148824036982305,0.0,0.0,0.0,0.0,1.0,0.0,1.0,1.0,0.0,0.0,0.0,0.0,12
RIGHT,RIGHT,True,0.5,weak,1.2,independent_rollout,16,provenance_preserving,0.9969207349803274,0.001395820126671379,0.9960338731828744,0.9978075967777804,0.39878395108747106,0.025337142976388106,0.3826854984767116,0.4148824036982305,0.0,0.0,0.0,0.0,1.0,0.0,1.0,1.0,0.0,0.0,0.0,0.0,12
RIGHT,RIGHT,True,0.5,weak,1.2,independent_rollout,16,semantic_group_deduplication,0.5884243529696477,0.015713505548820922,0.578440467862225,0.5984082380770703,-0.009712430923208476,0.026710508177811773,-0.026683478152587235,0.0072586163061702826,0.0,0.0,0.0,0.0,1.0,0.0,1.0,1.0,0.0,0.0,0.0,0.0,12
RIGHT,RIGHT,True,0.5,weak,1.2,independent_rollout,16,single_trajectory_score_average,0.5457953702240775,0.003816136080296884,0.5433707130359281,0.548220027412227,-0.003785410995755791,0.012797336218275732,-0.011916450507426714,0.004345628515915131,0.0,0.0,0.0,0.0,1.0,0.0,1.0,1.0,0.0,0.0,0.0,0.0,12
RIGHT,RIGHT,True,0.5,weak,1.2,independent_rollout,16,source_group_average,0.5457953702240775,0.003816136080296884,0.5433707130359281,0.548220027412227,-0.003785410995755791,0.012797336218275732,-0.011916450507426714,0.004345628515915131,0.0,0.0,0.0,0.0,1.0,0.0,1.0,1.0,0.0,0.0,0.0,0.0,12
RIGHT,RIGHT,True,0.5,weak,1.2,pure_duplication,1,exact_deduplication,0.5413007153366971,0.024700219628453708,0.5256069445143683,0.5569944861590259,0.0,0.0,0.0,0.0,0.0,0.0,0.0,0.0,1.0,0.0,1.0,1.0,0.0,0.0,0.0,0.0,12
RIGHT,RIGHT,True,0.5,weak,1.2,pure_duplication,1,explicit_belief_mixing,0.5247903906099167,0.006635054679737334,0.5205746779926304,0.5290061032272031,0.0,0.0,0.0,0.0,0.0,0.0,0.0,0.0,1.0,0.0,1.0,1.0,0.0,0.0,0.0,0.0,12
RIGHT,RIGHT,True,0.5,weak,1.2,pure_duplication,1,ordinary_flat_aggregation,0.5981367838928562,0.025722009127447907,0.5817937989960338,0.6144797687896786,0.0,0.0,0.0,0.0,0.0,0.0,0.0,0.0,1.0,0.0,1.0,1.0,0.0,0.0,0.0,0.0,12
RIGHT,RIGHT,True,0.5,weak,1.2,pure_duplication,1,provenance_preserving,0.5981367838928562,0.025722009127447907,0.5817937989960338,0.6144797687896786,0.0,0.0,0.0,0.0,0.0,0.0,0.0,0.0,1.0,0.0,1.0,1.0,0.0,0.0,0.0,0.0,12
RIGHT,RIGHT,True,0.5,weak,1.2,pure_duplication,1,semantic_group_deduplication,0.5413007153366971,0.024700219628453708,0.5256069445143683,0.5569944861590259,0.0,0.0,0.0,0.0,0.0,0.0,0.0,0.0,1.0,0.0,1.0,1.0,0.0,0.0,0.0,0.0,12
RIGHT,RIGHT,True,0.5,weak,1.2,pure_duplication,1,single_trajectory_score_average,0.5495807812198333,0.013270109359474692,0.5411493559852605,0.5580122064544062,0.0,0.0,0.0,0.0,0.0,0.0,0.0,0.0,1.0,0.0,1.0,1.0,0.0,0.0,0.0,0.0,12
RIGHT,RIGHT,True,0.5,weak,1.2,pure_duplication,1,source_group_average,0.5495807812198333,0.013270109359474692,0.5411493559852605,0.5580122064544062,0.0,0.0,0.0,0.0,0.0,0.0,0.0,0.0,1.0,0.0,1.0,1.0,0.0,0.0,0.0,0.0,12
RIGHT,RIGHT,True,0.5,weak,1.2,pure_duplication,2,exact_deduplication,0.5486496535571043,0.020729185630267447,0.5354789573645824,0.5618203497496261,0.007348938220407025,0.01937993282586892,-0.004964483639654111,0.019662360080468164,0.0,0.0,0.0,0.0,1.0,0.0,1.0,1.0,0.0,0.0,0.0,0.0,12
RIGHT,RIGHT,True,0.5,weak,1.2,pure_duplication,2,explicit_belief_mixing,0.5247903906099167,0.006635054679737334,0.5205746779926304,0.5290061032272031,0.0,0.0,0.0,0.0,0.0,0.0,0.0,0.0,1.0,0.0,1.0,1.0,0.0,0.0,0.0,0.0,12
RIGHT,RIGHT,True,0.5,weak,1.2,pure_duplication,2,ordinary_flat_aggregation,0.6877471875800767,0.04563054284230811,0.658754923841632,0.7167394513185213,0.08961040368722044,0.01995661040571046,0.07693057837356479,0.10229022900087609,0.0,0.0,0.0,0.0,1.0,0.0,1.0,1.0,0.0,0.0,0.0,0.0,12
RIGHT,RIGHT,True,0.5,weak,1.2,pure_duplication,2,provenance_preserving,0.5981367838928562,0.025722009127447907,0.5817937989960338,0.6144797687896786,0.0,0.0,0.0,0.0,0.0,0.0,0.0,0.0,1.0,0.0,1.0,1.0,0.0,0.0,0.0,0.0,12
RIGHT,RIGHT,True,0.5,weak,1.2,pure_duplication,2,semantic_group_deduplication,0.5486496535571043,0.020729185630267447,0.5354789573645824,0.5618203497496261,0.007348938220407025,0.01937993282586892,-0.004964483639654111,0.019662360080468164,0.0,0.0,0.0,0.0,1.0,0.0,1.0,1.0,0.0,0.0,0.0,0.0,12
RIGHT,RIGHT,True,0.5,weak,1.2,pure_duplication,2,single_trajectory_score_average,0.5495807812198333,0.013270109359474692,0.5411493559852605,0.5580122064544062,-9.25185853854297e-18,3.204937810639273e-17,-2.961506188514317e-17,1.1111344808057227e-17,0.0,0.0,0.0,0.0,1.0,0.0,1.0,1.0,0.0,0.0,0.0,0.0,12
RIGHT,RIGHT,True,0.5,weak,1.2,pure_duplication,2,source_group_average,0.5495807812198333,0.013270109359474692,0.5411493559852605,0.5580122064544062,0.0,0.0,0.0,0.0,0.0,0.0,0.0,0.0,1.0,0.0,1.0,1.0,0.0,0.0,0.0,0.0,12
RIGHT,RIGHT,True,0.5,weak,1.2,pure_duplication,4,exact_deduplication,0.5444866529396828,0.02241177874518365,0.530246888085832,0.5587264177935336,0.003185937602985661,0.028627881846233,-0.015003350734593898,0.02137522594056522,0.0,0.0,0.0,0.0,1.0,0.0,1.0,1.0,0.0,0.0,0.0,0.0,12
RIGHT,RIGHT,True,0.5,weak,1.2,pure_duplication,4,explicit_belief_mixing,0.5247903906099167,0.006635054679737334,0.5205746779926304,0.5290061032272031,0.0,0.0,0.0,0.0,0.0,0.0,0.0,0.0,1.0,0.0,1.0,1.0,0.0,0.0,0.0,0.0,12
RIGHT,RIGHT,True,0.5,weak,1.2,pure_duplication,4,ordinary_flat_aggregation,0.8237213743808631,0.061425526261845435,0.7846934569657544,0.8627492917959718,0.2255845904880068,0.03636976045860623,0.2024763471571319,0.24869283381888171,0.0,0.0,0.0,0.0,1.0,0.0,1.0,1.0,0.0,0.0,0.0,0.0,12
RIGHT,RIGHT,True,0.5,weak,1.2,pure_duplication,4,provenance_preserving,0.5981367838928562,0.025722009127447907,0.5817937989960338,0.6144797687896786,0.0,0.0,0.0,0.0,0.0,0.0,0.0,0.0,1.0,0.0,1.0,1.0,0.0,0.0,0.0,0.0,12
RIGHT,RIGHT,True,0.5,weak,1.2,pure_duplication,4,semantic_group_deduplication,0.5444866529396828,0.02241177874518365,0.530246888085832,0.5587264177935336,0.003185937602985661,0.028627881846233,-0.015003350734593898,0.02137522594056522,0.0,0.0,0.0,0.0,1.0,0.0,1.0,1.0,0.0,0.0,0.0,0.0,12
RIGHT,RIGHT,True,0.5,weak,1.2,pure_duplication,4,single_trajectory_score_average,0.5495807812198333,0.013270109359474692,0.5411493559852605,0.5580122064544062,0.0,0.0,0.0,0.0,0.0,0.0,0.0,0.0,1.0,0.0,1.0,1.0,0.0,0.0,0.0,0.0,12
RIGHT,RIGHT,True,0.5,weak,1.2,pure_duplication,4,source_group_average,0.5495807812198333,0.013270109359474692,0.5411493559852605,0.5580122064544062,0.0,0.0,0.0,0.0,0.0,0.0,0.0,0.0,1.0,0.0,1.0,1.0,0.0,0.0,0.0,0.0,12
RIGHT,RIGHT,True,0.5,weak,1.2,pure_duplication,8,exact_deduplication,0.5477941409086751,0.019773901004583982,0.5352304036100856,0.5603578782072646,0.006493425571977907,0.029527049547098012,-0.012267166666558062,0.025254017810513875,0.0,0.0,0.0,0.0,1.0,0.0,1.0,1.0,0.0,0.0,0.0,0.0,12
RIGHT,RIGHT,True,0.5,weak,1.2,pure_duplication,8,explicit_belief_mixing,0.5247903906099167,0.006635054679737334,0.5205746779926304,0.5290061032272031,0.0,0.0,0.0,0.0,0.0,0.0,0.0,0.0,1.0,0.0,1.0,1.0,0.0,0.0,0.0,0.0,12
RIGHT,RIGHT,True,0.5,weak,1.2,pure_duplication,8,ordinary_flat_aggregation,0.9478458193104341,0.04590934312018784,0.9186764143266053,0.9770152242942629,0.3497090354175778,0.025788939848017348,0.33332352476975435,0.36609454606540126,0.0,0.0,0.0,0.0,1.0,0.0,1.0,1.0,0.0,0.0,0.0,0.0,12
RIGHT,RIGHT,True,0.5,weak,1.2,pure_duplication,8,provenance_preserving,0.5981367838928562,0.025722009127447907,0.5817937989960338,0.6144797687896786,0.0,0.0,0.0,0.0,0.0,0.0,0.0,0.0,1.0,0.0,1.0,1.0,0.0,0.0,0.0,0.0,12
RIGHT,RIGHT,True,0.5,weak,1.2,pure_duplication,8,semantic_group_deduplication,0.5477941409086751,0.019773901004583982,0.5352304036100856,0.5603578782072646,0.006493425571977907,0.029527049547098012,-0.012267166666558062,0.025254017810513875,0.0,0.0,0.0,0.0,1.0,0.0,1.0,1.0,0.0,0.0,0.0,0.0,12
RIGHT,RIGHT,True,0.5,weak,1.2,pure_duplication,8,single_trajectory_score_average,0.5495807812198333,0.013270109359474692,0.5411493559852605,0.5580122064544062,0.0,0.0,0.0,0.0,0.0,0.0,0.0,0.0,1.0,0.0,1.0,1.0,0.0,0.0,0.0,0.0,12
RIGHT,RIGHT,True,0.5,weak,1.2,pure_duplication,8,source_group_average,0.5495807812198333,0.013270109359474692,0.5411493559852605,0.5580122064544062,0.0,0.0,0.0,0.0,0.0,0.0,0.0,0.0,1.0,0.0,1.0,1.0,0.0,0.0,0.0,0.0,12
RIGHT,RIGHT,True,0.5,weak,1.2,pure_duplication,16,exact_deduplication,0.5416618825615958,0.02164936239549934,0.5279065339454596,0.5554172311777319,0.0003611672248985398,0.014438191035847148,-0.008812421699167707,0.009534756148964787,0.0,0.0,0.0,0.0,1.0,0.0,1.0,1.0,0.0,0.0,0.0,0.0,12
RIGHT,RIGHT,True,0.5,weak,1.2,pure_duplication,16,explicit_belief_mixing,0.5247903906099167,0.006635054679737334,0.5205746779926304,0.5290061032272031,-9.25185853854297e-18,3.204937810639273e-17,-2.961506188514317e-17,1.1111344808057227e-17,0.0,0.0,0.0,0.0,1.0,0.0,1.0,1.0,0.0,0.0,0.0,0.0,12
RIGHT,RIGHT,True,0.5,weak,1.2,pure_duplication,16,ordinary_flat_aggregation,0.9939274938595125,0.013360238149557705,0.9854388035237651,1.00241618419526,0.3957907099666562,0.018565876021152585,0.38399451512407706,0.4075869048092354,0.0,0.0,0.0,0.0,1.0,0.0,1.0,1.0,0.0,0.0,0.0,0.0,12
RIGHT,RIGHT,True,0.5,weak,1.2,pure_duplication,16,provenance_preserving,0.5981367838928562,0.025722009127447907,0.5817937989960338,0.6144797687896786,0.0,0.0,0.0,0.0,0.0,0.0,0.0,0.0,1.0,0.0,1.0,1.0,0.0,0.0,0.0,0.0,12
RIGHT,RIGHT,True,0.5,weak,1.2,pure_duplication,16,semantic_group_deduplication,0.5416618825615958,0.02164936239549934,0.5279065339454596,0.5554172311777319,0.0003611672248985398,0.014438191035847148,-0.008812421699167707,0.009534756148964787,0.0,0.0,0.0,0.0,1.0,0.0,1.0,1.0,0.0,0.0,0.0,0.0,12
RIGHT,RIGHT,True,0.5,weak,1.2,pure_duplication,16,single_trajectory_score_average,0.5495807812198333,0.013270109359474693,0.5411493559852605,0.5580122064544062,-9.25185853854297e-18,3.204937810639273e-17,-2.961506188514317e-17,1.1111344808057227e-17,0.0,0.0,0.0,0.0,1.0,0.0,1.0,1.0,0.0,0.0,0.0,0.0,12
RIGHT,RIGHT,True,0.5,weak,1.2,pure_duplication,16,source_group_average,0.5495807812198333,0.013270109359474692,0.5411493559852605,0.5580122064544062,0.0,0.0,0.0,0.0,0.0,0.0,0.0,0.0,1.0,0.0,1.0,1.0,0.0,0.0,0.0,0.0,12
RIGHT,RIGHT,True,0.8,medium,1.5,independent_rollout,1,exact_deduplication,0.8996225087160584,0.008764600563990515,0.8940537471961378,0.905191270235979,0.0,0.0,0.0,0.0,0.0,0.0,0.0,0.0,1.0,0.0,1.0,1.0,0.0,0.0,0.0,0.0,12
RIGHT,RIGHT,True,0.8,medium,1.5,independent_rollout,1,explicit_belief_mixing,0.8284280301725344,0.0029812599619906035,0.8265338279626331,0.8303222323824357,0.0,0.0,0.0,0.0,0.0,0.0,0.0,0.0,1.0,0.0,1.0,1.0,0.0,0.0,0.0,0.0,12
RIGHT,RIGHT,True,0.8,medium,1.5,independent_rollout,1,ordinary_flat_aggregation,0.8996225087160584,0.008764600563990515,0.8940537471961378,0.905191270235979,0.0,0.0,0.0,0.0,0.0,0.0,0.0,0.0,1.0,0.0,1.0,1.0,0.0,0.0,0.0,0.0,12
RIGHT,RIGHT,True,0.8,medium,1.5,independent_rollout,1,provenance_preserving,0.8996225087160584,0.008764600563990515,0.8940537471961378,0.905191270235979,0.0,0.0,0.0,0.0,0.0,0.0,0.0,0.0,1.0,0.0,1.0,1.0,0.0,0.0,0.0,0.0,12
RIGHT,RIGHT,True,0.8,medium,1.5,independent_rollout,1,semantic_group_deduplication,0.8996225087160584,0.008764600563990515,0.8940537471961378,0.905191270235979,0.0,0.0,0.0,0.0,0.0,0.0,0.0,0.0,1.0,0.0,1.0,1.0,0.0,0.0,0.0,0.0,12
RIGHT,RIGHT,True,0.8,medium,1.5,independent_rollout,1,single_trajectory_score_average,0.8568560603450689,0.005962519923981251,0.8530676559252662,0.8606444647648716,0.0,0.0,0.0,0.0,0.0,0.0,0.0,0.0,1.0,0.0,1.0,1.0,0.0,0.0,0.0,0.0,12
RIGHT,RIGHT,True,0.8,medium,1.5,independent_rollout,1,source_group_average,0.8568560603450689,0.005962519923981251,0.8530676559252662,0.8606444647648716,0.0,0.0,0.0,0.0,0.0,0.0,0.0,0.0,1.0,0.0,1.0,1.0,0.0,0.0,0.0,0.0,12
RIGHT,RIGHT,True,0.8,medium,1.5,independent_rollout,2,exact_deduplication,0.9525195188875625,0.005237485729752385,0.949191779217051,0.955847258558074,0.052897010171504166,0.006317691512213635,0.048882940490737554,0.05691107985227078,0.0,0.0,0.0,0.0,1.0,0.0,1.0,1.0,0.0,0.0,0.0,0.0,12
RIGHT,RIGHT,True,0.8,medium,1.5,independent_rollout,2,explicit_belief_mixing,0.8284220390851891,0.0017763110389903505,0.8272934248957439,0.8295506532746343,-5.991087345382414e-06,0.0021759007169651623,-0.001388492445546052,0.0013765102708552873,0.0,0.0,0.0,0.0,1.0,0.0,1.0,1.0,0.0,0.0,0.0,0.0,12
RIGHT,RIGHT,True,0.8,medium,1.5,independent_rollout,2,ordinary_flat_aggregation,0.9525195188875625,0.005237485729752385,0.949191779217051,0.955847258558074,0.052897010171504166,0.006317691512213635,0.048882940490737554,0.05691107985227078,0.0,0.0,0.0,0.0,1.0,0.0,1.0,1.0,0.0,0.0,0.0,0.0,12
RIGHT,RIGHT,True,0.8,medium,1.5,independent_rollout,2,provenance_preserving,0.9525195188875625,0.005237485729752385,0.949191779217051,0.955847258558074,0.052897010171504166,0.006317691512213635,0.048882940490737554,0.05691107985227078,0.0,0.0,0.0,0.0,1.0,0.0,1.0,1.0,0.0,0.0,0.0,0.0,12
RIGHT,RIGHT,True,0.8,medium,1.5,independent_rollout,2,semantic_group_deduplication,0.8964842848843629,0.004977983189262129,0.8933214252618643,0.8996471445068616,-0.003138223831695227,0.008520443288696982,-0.008551855219953075,0.002275407556562621,0.0,0.0,0.0,0.0,1.0,0.0,1.0,1.0,0.0,0.0,0.0,0.0,12
RIGHT,RIGHT,True,0.8,medium,1.5,independent_rollout,2,single_trajectory_score_average,0.856844078170378,0.0035526220779807135,0.8545868497914875,0.8591013065492685,-1.1982174690820338e-05,0.004351801433930355,-0.0027769848910921793,0.002753020541710539,0.0,0.0,0.0,0.0,1.0,0.0,1.0,1.0,0.0,0.0,0.0,0.0,12
RIGHT,RIGHT,True,0.8,medium,1.5,independent_rollout,2,source_group_average,0.856844078170378,0.0035526220779807135,0.8545868497914875,0.8591013065492685,-1.1982174690820338e-05,0.004351801433930355,-0.0027769848910921793,0.002753020541710539,0.0,0.0,0.0,0.0,1.0,0.0,1.0,1.0,0.0,0.0,0.0,0.0,12
RIGHT,RIGHT,True,0.8,medium,1.5,independent_rollout,4,exact_deduplication,0.990554102678627,0.0017851466028506902,0.9894198746397344,0.9916883307175196,0.09093159396256856,0.008037204198987805,0.08582499804364517,0.09603818988149194,0.0,0.0,0.0,0.0,1.0,0.0,1.0,1.0,0.0,0.0,0.0,0.0,12
RIGHT,RIGHT,True,0.8,medium,1.5,independent_rollout,4,explicit_belief_mixing,0.8287732699938042,0.001441953730034971,0.8278570963032066,0.8296894436844018,0.0003452398212698364,0.0025783502738693388,-0.0012929657860673946,0.0019834454286070673,0.0,0.0,0.0,0.0,1.0,0.0,1.0,1.0,0.0,0.0,0.0,0.0,12
RIGHT,RIGHT,True,0.8,medium,1.5,independent_rollout,4,ordinary_flat_aggregation,0.990554102678627,0.0017851466028506902,0.9894198746397344,0.9916883307175196,0.09093159396256856,0.008037204198987805,0.08582499804364517,0.09603818988149194,0.0,0.0,0.0,0.0,1.0,0.0,1.0,1.0,0.0,0.0,0.0,0.0,12
RIGHT,RIGHT,True,0.8,medium,1.5,independent_rollout,4,provenance_preserving,0.990554102678627,0.0017851466028506902,0.9894198746397344,0.9916883307175196,0.09093159396256856,0.008037204198987805,0.08582499804364517,0.09603818988149194,0.0,0.0,0.0,0.0,1.0,0.0,1.0,1.0,0.0,0.0,0.0,0.0,12
RIGHT,RIGHT,True,0.8,medium,1.5,independent_rollout,4,semantic_group_deduplication,0.9019810169525294,0.008676278552449696,0.8964683725614659,0.9074936613435929,0.0023585082364709167,0.012235593840628625,-0.005415617196353993,0.010132633669295827,0.0,0.0,0.0,0.0,1.0,0.0,1.0,1.0,0.0,0.0,0.0,0.0,12
RIGHT,RIGHT,True,0.8,medium,1.5,independent_rollout,4,single_trajectory_score_average,0.8575465399876084,0.002883907460069917,0.8557141926064133,0.8593788873688035,0.000690479642539645,0.005156700547738708,-0.0025859315721348357,0.003966890857214126,0.0,0.0,0.0,0.0,1.0,0.0,1.0,1.0,0.0,0.0,0.0,0.0,12
RIGHT,RIGHT,True,0.8,medium,1.5,independent_rollout,4,source_group_average,0.8575465399876084,0.002883907460069917,0.8557141926064133,0.8593788873688035,0.000690479642539645,0.005156700547738708,-0.0025859315721348357,0.003966890857214126,0.0,0.0,0.0,0.0,1.0,0.0,1.0,1.0,0.0,0.0,0.0,0.0,12
RIGHT,RIGHT,True,0.8,medium,1.5,independent_rollout,8,exact_deduplication,0.99961627433423,0.0001063768538202725,0.999548685705879,0.9996838629625809,0.09999376561817162,0.008719851179829612,0.09445343650047358,0.10553409473586967,0.0,0.0,0.0,0.0,1.0,0.0,1.0,1.0,0.0,0.0,0.0,0.0,12
RIGHT,RIGHT,True,0.8,medium,1.5,independent_rollout,8,explicit_belief_mixing,0.8285691405562646,0.0010564409724083876,0.8278979099859423,0.829240371126587,0.00014111038373029738,0.0026878021267478696,-0.0015666376131481248,0.0018488583806087196,0.0,0.0,0.0,0.0,1.0,0.0,1.0,1.0,0.0,0.0,0.0,0.0,12
RIGHT,RIGHT,True,0.8,medium,1.5,independent_rollout,8,ordinary_flat_aggregation,0.99961627433423,0.0001063768538202725,0.999548685705879,0.9996838629625809,0.09999376561817162,0.008719851179829612,0.09445343650047358,0.10553409473586967,0.0,0.0,0.0,0.0,1.0,0.0,1.0,1.0,0.0,0.0,0.0,0.0,12
RIGHT,RIGHT,True,0.8,medium,1.5,independent_rollout,8,provenance_preserving,0.99961627433423,0.0001063768538202725,0.999548685705879,0.9996838629625809,0.09999376561817162,0.008719851179829612,0.09445343650047358,0.10553409473586967,0.0,0.0,0.0,0.0,1.0,0.0,1.0,1.0,0.0,0.0,0.0,0.0,12
RIGHT,RIGHT,True,0.8,medium,1.5,independent_rollout,8,semantic_group_deduplication,0.8990538605759469,0.010800406665222927,0.8921916095700205,0.9059161115818734,-0.0005686481401114644,0.01593525157260633,-0.010693423949333434,0.009556127669110506,0.0,0.0,0.0,0.0,1.0,0.0,1.0,1.0,0.0,0.0,0.0,0.0,12
RIGHT,RIGHT,True,0.8,medium,1.5,independent_rollout,8,single_trajectory_score_average,0.8571382811125292,0.0021128819448167717,0.8557958199718845,0.858480742253174,0.00028222076746055774,0.005375604253495797,-0.0031332752262963233,0.003697716761217439,0.0,0.0,0.0,0.0,1.0,0.0,1.0,1.0,0.0,0.0,0.0,0.0,12
RIGHT,RIGHT,True,0.8,medium,1.5,independent_rollout,8,source_group_average,0.8571382811125292,0.0021128819448167717,0.8557958199718845,0.858480742253174,0.00028222076746055774,0.005375604253495797,-0.0031332752262963233,0.003697716761217439,0.0,0.0,0.0,0.0,1.0,0.0,1.0,1.0,0.0,0.0,0.0,0.0,12
RIGHT,RIGHT,True,0.8,medium,1.5,independent_rollout,16,exact_deduplication,0.9999993690783288,2.2538316108139847e-07,0.9999992258767002,0.9999995122799573,0.10037686036227056,0.008764499748195232,0.09480816289765029,0.10594555782689083,0.0,0.0,0.0,0.0,1.0,0.0,1.0,1.0,0.0,0.0,0.0,0.0,12
RIGHT,RIGHT,True,0.8,medium,1.5,independent_rollout,16,explicit_belief_mixing,0.828428584113312,0.0007575942295581893,0.8279472317045541,0.8289099365220699,5.539407777199745e-07,0.0027331320032730343,-0.0017359952855752325,0.0017371031671306724,0.0,0.0,0.0,0.0,1.0,0.0,1.0,1.0,0.0,0.0,0.0,0.0,12
RIGHT,RIGHT,True,0.8,medium,1.5,independent_rollout,16,ordinary_flat_aggregation,0.9999993690783288,2.2538316108139847e-07,0.9999992258767002,0.9999995122799573,0.10037686036227056,0.008764499748195232,0.09480816289765029,0.10594555782689083,0.0,0.0,0.0,0.0,1.0,0.0,1.0,1.0,0.0,0.0,0.0,0.0,12
RIGHT,RIGHT,True,0.8,medium,1.5,independent_rollout,16,provenance_preserving,0.9999993690783288,2.2538316108139847e-07,0.9999992258767002,0.9999995122799573,0.10037686036227056,0.008764499748195232,0.09480816289765029,0.10594555782689083,0.0,0.0,0.0,0.0,1.0,0.0,1.0,1.0,0.0,0.0,0.0,0.0,12
RIGHT,RIGHT,True,0.8,medium,1.5,independent_rollout,16,semantic_group_deduplication,0.9018711878440318,0.010981907996131168,0.894893616394236,0.9088487592938275,0.0022486791279735796,0.008715602825152649,-0.003288950713941698,0.007786308969888857,0.0,0.0,0.0,0.0,1.0,0.0,1.0,1.0,0.0,0.0,0.0,0.0,12
RIGHT,RIGHT,True,0.8,medium,1.5,independent_rollout,16,single_trajectory_score_average,0.856857168226624,0.0015151884591163994,0.8558944634091082,0.8578198730441399,1.1078815553659342e-06,0.005466264006546087,-0.003471990571150551,0.0034742063342612824,0.0,0.0,0.0,0.0,1.0,0.0,1.0,1.0,0.0,0.0,0.0,0.0,12
RIGHT,RIGHT,True,0.8,medium,1.5,independent_rollout,16,source_group_average,0.856857168226624,0.0015151884591163994,0.8558944634091082,0.8578198730441399,1.1078815553659342e-06,0.005466264006546087,-0.003471990571150551,0.0034742063342612824,0.0,0.0,0.0,0.0,1.0,0.0,1.0,1.0,0.0,0.0,0.0,0.0,12
RIGHT,RIGHT,True,0.8,medium,1.5,pure_duplication,1,exact_deduplication,0.8579728877423795,0.007284961791166502,0.8533442438469103,0.8626015316378486,0.0,0.0,0.0,0.0,0.0,0.0,0.0,0.0,1.0,0.0,1.0,1.0,0.0,0.0,0.0,0.0,12
RIGHT,RIGHT,True,0.8,medium,1.5,pure_duplication,1,explicit_belief_mixing,0.8284280301725344,0.0029812599619906035,0.8265338279626331,0.8303222323824357,0.0,0.0,0.0,0.0,0.0,0.0,0.0,0.0,1.0,0.0,1.0,1.0,0.0,0.0,0.0,0.0,12
RIGHT,RIGHT,True,0.8,medium,1.5,pure_duplication,1,ordinary_flat_aggregation,0.8996225087160584,0.008764600563990515,0.8940537471961378,0.905191270235979,0.0,0.0,0.0,0.0,0.0,0.0,0.0,0.0,1.0,0.0,1.0,1.0,0.0,0.0,0.0,0.0,12
RIGHT,RIGHT,True,0.8,medium,1.5,pure_duplication,1,provenance_preserving,0.8996225087160584,0.008764600563990515,0.8940537471961378,0.905191270235979,0.0,0.0,0.0,0.0,0.0,0.0,0.0,0.0,1.0,0.0,1.0,1.0,0.0,0.0,0.0,0.0,12
RIGHT,RIGHT,True,0.8,medium,1.5,pure_duplication,1,semantic_group_deduplication,0.8579728877423795,0.007284961791166502,0.8533442438469103,0.8626015316378486,0.0,0.0,0.0,0.0,0.0,0.0,0.0,0.0,1.0,0.0,1.0,1.0,0.0,0.0,0.0,0.0,12
RIGHT,RIGHT,True,0.8,medium,1.5,pure_duplication,1,single_trajectory_score_average,0.8568560603450689,0.005962519923981251,0.8530676559252662,0.8606444647648716,0.0,0.0,0.0,0.0,0.0,0.0,0.0,0.0,1.0,0.0,1.0,1.0,0.0,0.0,0.0,0.0,12
RIGHT,RIGHT,True,0.8,medium,1.5,pure_duplication,1,source_group_average,0.8568560603450689,0.005962519923981251,0.8530676559252662,0.8606444647648716,0.0,0.0,0.0,0.0,0.0,0.0,0.0,0.0,1.0,0.0,1.0,1.0,0.0,0.0,0.0,0.0,12
RIGHT,RIGHT,True,0.8,medium,1.5,pure_duplication,2,exact_deduplication,0.8565345475799924,0.00776086606127307,0.8516035285372263,0.8614655666227584,-0.001438340162387151,0.009497574429084228,-0.007472811057793876,0.004596130733019573,0.0,0.0,0.0,0.0,1.0,0.0,1.0,1.0,0.0,0.0,0.0,0.0,12
RIGHT,RIGHT,True,0.8,medium,1.5,pure_duplication,2,explicit_belief_mixing,0.8284280301725344,0.0029812599619906035,0.8265338279626331,0.8303222323824357,0.0,0.0,0.0,0.0,0.0,0.0,0.0,0.0,1.0,0.0,1.0,1.0,0.0,0.0,0.0,0.0,12
RIGHT,RIGHT,True,0.8,medium,1.5,pure_duplication,2,ordinary_flat_aggregation,0.9521698432838589,0.008992413407988542,0.9464563363884774,0.9578833501792404,0.052547334567800606,0.0004486222644592461,0.05226229357990157,0.05283237555569964,0.0,0.0,0.0,0.0,1.0,0.0,1.0,1.0,0.0,0.0,0.0,0.0,12
RIGHT,RIGHT,True,0.8,medium,1.5,pure_duplication,2,provenance_preserving,0.8996225087160584,0.008764600563990515,0.8940537471961378,0.905191270235979,0.0,0.0,0.0,0.0,0.0,0.0,0.0,0.0,1.0,0.0,1.0,1.0,0.0,0.0,0.0,0.0,12
RIGHT,RIGHT,True,0.8,medium,1.5,pure_duplication,2,semantic_group_deduplication,0.8565345475799924,0.00776086606127307,0.8516035285372263,0.8614655666227584,-0.001438340162387151,0.009497574429084228,-0.007472811057793876,0.004596130733019573,0.0,0.0,0.0,0.0,1.0,0.0,1.0,1.0,0.0,0.0,0.0,0.0,12
RIGHT,RIGHT,True,0.8,medium,1.5,pure_duplication,2,single_trajectory_score_average,0.8568560603450687,0.0059625199239812295,0.853067655925266,0.8606444647648713,-1.850371707708594e-17,4.321537262272485e-17,-4.596145486826371e-17,8.95402071409183e-18,0.0,0.0,0.0,0.0,1.0,0.0,1.0,1.0,0.0,0.0,0.0,0.0,12
RIGHT,RIGHT,True,0.8,medium,1.5,pure_duplication,2,source_group_average,0.8568560603450689,0.005962519923981251,0.8530676559252662,0.8606444647648716,0.0,0.0,0.0,0.0,0.0,0.0,0.0,0.0,1.0,0.0,1.0,1.0,0.0,0.0,0.0,0.0,12
RIGHT,RIGHT,True,0.8,medium,1.5,pure_duplication,4,exact_deduplication,0.8553864279275318,0.011910154479789511,0.8478190767996484,0.8629537790554153,-0.0025864598148476747,0.012028985652568217,-0.010229312667824692,0.005056393038129344,0.0,0.0,0.0,0.0,1.0,0.0,1.0,1.0,0.0,0.0,0.0,0.0,12
RIGHT,RIGHT,True,0.8,medium,1.5,pure_duplication,4,explicit_belief_mixing,0.8284280301725344,0.0029812599619906035,0.8265338279626331,0.8303222323824357,0.0,0.0,0.0,0.0,0.0,0.0,0.0,0.0,1.0,0.0,1.0,1.0,0.0,0.0,0.0,0.0,12
RIGHT,RIGHT,True,0.8,medium,1.5,pure_duplication,4,ordinary_flat_aggregation,0.9896320764113989,0.004181304206616916,0.9869754024650065,0.9922887503577914,0.09000956769534062,0.00465343762009592,0.08705291448964764,0.0929662209010336,0.0,0.0,0.0,0.0,1.0,0.0,1.0,1.0,0.0,0.0,0.0,0.0,12
RIGHT,RIGHT,True,0.8,medium,1.5,pure_duplication,4,provenance_preserving,0.8996225087160584,0.008764600563990515,0.8940537471961378,0.905191270235979,0.0,0.0,0.0,0.0,0.0,0.0,0.0,0.0,1.0,0.0,1.0,1.0,0.0,0.0,0.0,0.0,12
RIGHT,RIGHT,True,0.8,medium,1.5,pure_duplication,4,semantic_group_deduplication,0.8553864279275318,0.011910154479789511,0.8478190767996484,0.8629537790554153,-0.0025864598148476747,0.012028985652568217,-0.010229312667824692,0.005056393038129344,0.0,0.0,0.0,0.0,1.0,0.0,1.0,1.0,0.0,0.0,0.0,0.0,12
RIGHT,RIGHT,True,0.8,medium,1.5,pure_duplication,4,single_trajectory_score_average,0.8568560603450689,0.005962519923981251,0.8530676559252662,0.8606444647648716,0.0,0.0,0.0,0.0,0.0,0.0,0.0,0.0,1.0,0.0,1.0,1.0,0.0,0.0,0.0,0.0,12
RIGHT,RIGHT,True,0.8,medium,1.5,pure_duplication,4,source_group_average,0.8568560603450689,0.005962519923981251,0.8530676559252662,0.8606444647648716,0.0,0.0,0.0,0.0,0.0,0.0,0.0,0.0,1.0,0.0,1.0,1.0,0.0,0.0,0.0,0.0,12
RIGHT,RIGHT,True,0.8,medium,1.5,pure_duplication,8,exact_deduplication,0.8564313486783988,0.011524063106742193,0.8491093083054894,0.8637533890513082,-0.0015415390639806996,0.014689913158136848,-0.010875064594180356,0.007791986466218957,0.0,0.0,0.0,0.0,1.0,0.0,1.0,1.0,0.0,0.0,0.0,0.0,12
RIGHT,RIGHT,True,0.8,medium,1.5,pure_duplication,8,explicit_belief_mixing,0.8284280301725344,0.0029812599619906035,0.8265338279626331,0.8303222323824357,0.0,0.0,0.0,0.0,0.0,0.0,0.0,0.0,1.0,0.0,1.0,1.0,0.0,0.0,0.0,0.0,12
RIGHT,RIGHT,True,0.8,medium,1.5,pure_duplication,8,ordinary_flat_aggregation,0.9994926757010664,0.0004281508072554054,0.9992206416565301,0.9997647097456026,0.0998701669850081,0.00835569159618126,0.09456121382811115,0.10517912014190504,0.0,0.0,0.0,0.0,1.0,0.0,1.0,1.0,0.0,0.0,0.0,0.0,12
RIGHT,RIGHT,True,0.8,medium,1.5,pure_duplication,8,provenance_preserving,0.8996225087160584,0.008764600563990515,0.8940537471961378,0.905191270235979,0.0,0.0,0.0,0.0,0.0,0.0,0.0,0.0,1.0,0.0,1.0,1.0,0.0,0.0,0.0,0.0,12
RIGHT,RIGHT,True,0.8,medium,1.5,pure_duplication,8,semantic_group_deduplication,0.8564313486783988,0.011524063106742193,0.8491093083054894,0.8637533890513082,-0.0015415390639806996,0.014689913158136848,-0.010875064594180356,0.007791986466218957,0.0,0.0,0.0,0.0,1.0,0.0,1.0,1.0,0.0,0.0,0.0,0.0,12
RIGHT,RIGHT,True,0.8,medium,1.5,pure_duplication,8,single_trajectory_score_average,0.8568560603450689,0.005962519923981251,0.8530676559252662,0.8606444647648716,0.0,0.0,0.0,0.0,0.0,0.0,0.0,0.0,1.0,0.0,1.0,1.0,0.0,0.0,0.0,0.0,12
RIGHT,RIGHT,True,0.8,medium,1.5,pure_duplication,8,source_group_average,0.8568560603450689,0.005962519923981251,0.8530676559252662,0.8606444647648716,0.0,0.0,0.0,0.0,0.0,0.0,0.0,0.0,1.0,0.0,1.0,1.0,0.0,0.0,0.0,0.0,12
RIGHT,RIGHT,True,0.8,medium,1.5,pure_duplication,16,exact_deduplication,0.8594118601735184,0.007343711506512676,0.8547458884897791,0.8640778318572578,0.0014389724311390055,0.00577870828886643,-0.0022326436475330344,0.005110588509811045,0.0,0.0,0.0,0.0,1.0,0.0,1.0,1.0,0.0,0.0,0.0,0.0,12
RIGHT,RIGHT,True,0.8,medium,1.5,pure_duplication,16,explicit_belief_mixing,0.8284280301725344,0.0029812599619906035,0.8265338279626331,0.8303222323824357,0.0,0.0,0.0,0.0,0.0,0.0,0.0,0.0,1.0,0.0,1.0,1.0,0.0,0.0,0.0,0.0,12
RIGHT,RIGHT,True,0.8,medium,1.5,pure_duplication,16,ordinary_flat_aggregation,0.9999982944993976,2.7934289133758107e-06,0.9999965196393423,1.0000000693594528,0.10037578578333935,0.008762199481300342,0.09480854983857685,0.10594302172810184,0.0,0.0,0.0,0.0,1.0,0.0,1.0,1.0,0.0,0.0,0.0,0.0,12
RIGHT,RIGHT,True,0.8,medium,1.5,pure_duplication,16,provenance_preserving,0.8996225087160584,0.008764600563990515,0.8940537471961378,0.905191270235979,0.0,0.0,0.0,0.0,0.0,0.0,0.0,0.0,1.0,0.0,1.0,1.0,0.0,0.0,0.0,0.0,12
RIGHT,RIGHT,True,0.8,medium,1.5,pure_duplication,16,semantic_group_deduplication,0.8594118601735184,0.007343711506512676,0.8547458884897791,0.8640778318572578,0.0014389724311390055,0.00577870828886643,-0.0022326436475330344,0.005110588509811045,0.0,0.0,0.0,0.0,1.0,0.0,1.0,1.0,0.0,0.0,0.0,0.0,12
RIGHT,RIGHT,True,0.8,medium,1.5,pure_duplication,16,single_trajectory_score_average,0.8568560603450687,0.005962519923981209,0.853067655925266,0.8606444647648713,-2.7755575615628914e-17,6.900941601584843e-17,-7.160206669248857e-17,1.6090915461230733e-17,0.0,0.0,0.0,0.0,1.0,0.0,1.0,1.0,0.0,0.0,0.0,0.0,12
RIGHT,RIGHT,True,0.8,medium,1.5,pure_duplication,16,source_group_average,0.8568560603450689,0.005962519923981251,0.8530676559252662,0.8606444647648716,0.0,0.0,0.0,0.0,0.0,0.0,0.0,0.0,1.0,0.0,1.0,1.0,0.0,0.0,0.0,0.0,12
RIGHT,RIGHT,True,0.8,strong,2.0,independent_rollout,1,exact_deduplication,0.9411838850485265,0.005279597148402436,0.9378293890591143,0.9445383810379386,0.0,0.0,0.0,0.0,0.0,0.0,0.0,0.0,1.0,0.0,1.0,1.0,0.0,0.0,0.0,0.0,12
RIGHT,RIGHT,True,0.8,strong,2.0,independent_rollout,1,explicit_belief_mixing,0.8444131516839203,0.002334886408012699,0.8429296356369087,0.8458966677309319,0.0,0.0,0.0,0.0,0.0,0.0,0.0,0.0,1.0,0.0,1.0,1.0,0.0,0.0,0.0,0.0,12
RIGHT,RIGHT,True,0.8,strong,2.0,independent_rollout,1,ordinary_flat_aggregation,0.9411838850485265,0.005279597148402436,0.9378293890591143,0.9445383810379386,0.0,0.0,0.0,0.0,0.0,0.0,0.0,0.0,1.0,0.0,1.0,1.0,0.0,0.0,0.0,0.0,12
RIGHT,RIGHT,True,0.8,strong,2.0,independent_rollout,1,provenance_preserving,0.9411838850485265,0.005279597148402436,0.9378293890591143,0.9445383810379386,0.0,0.0,0.0,0.0,0.0,0.0,0.0,0.0,1.0,0.0,1.0,1.0,0.0,0.0,0.0,0.0,12
RIGHT,RIGHT,True,0.8,strong,2.0,independent_rollout,1,semantic_group_deduplication,0.9411838850485265,0.005279597148402436,0.9378293890591143,0.9445383810379386,0.0,0.0,0.0,0.0,0.0,0.0,0.0,0.0,1.0,0.0,1.0,1.0,0.0,0.0,0.0,0.0,12
RIGHT,RIGHT,True,0.8,strong,2.0,independent_rollout,1,single_trajectory_score_average,0.8888263033678404,0.00466977281602537,0.8858592712738173,0.8917933354618636,0.0,0.0,0.0,0.0,0.0,0.0,0.0,0.0,1.0,0.0,1.0,1.0,0.0,0.0,0.0,0.0,12
RIGHT,RIGHT,True,0.8,strong,2.0,independent_rollout,1,source_group_average,0.8888263033678404,0.00466977281602537,0.8858592712738173,0.8917933354618636,0.0,0.0,0.0,0.0,0.0,0.0,0.0,0.0,1.0,0.0,1.0,1.0,0.0,0.0,0.0,0.0,12
RIGHT,RIGHT,True,0.8,strong,2.0,independent_rollout,2,exact_deduplication,0.9844661554100363,0.0016010483530200968,0.9834488978185767,0.985483413001496,0.04328227036150999,0.003931625595964138,0.04078423463590112,0.04578030608711887,0.0,0.0,0.0,0.0,1.0,0.0,1.0,1.0,0.0,0.0,0.0,0.0,12
RIGHT,RIGHT,True,0.8,strong,2.0,independent_rollout,2,explicit_belief_mixing,0.8443037827859823,0.0012917300085810495,0.8434830566943146,0.84512450887765,-0.00010936889793795405,0.0013372784878294464,-0.0009590351126241401,0.000740297316748232,0.0,0.0,0.0,0.0,1.0,0.0,1.0,1.0,0.0,0.0,0.0,0.0,12
RIGHT,RIGHT,True,0.8,strong,2.0,independent_rollout,2,ordinary_flat_aggregation,0.9844661554100363,0.0016010483530200968,0.9834488978185767,0.985483413001496,0.04328227036150999,0.003931625595964138,0.04078423463590112,0.04578030608711887,0.0,0.0,0.0,0.0,1.0,0.0,1.0,1.0,0.0,0.0,0.0,0.0,12
RIGHT,RIGHT,True,0.8,strong,2.0,independent_rollout,2,provenance_preserving,0.9844661554100363,0.0016010483530200968,0.9834488978185767,0.985483413001496,0.04328227036150999,0.003931625595964138,0.04078423463590112,0.04578030608711887,0.0,0.0,0.0,0.0,1.0,0.0,1.0,1.0,0.0,0.0,0.0,0.0,12
RIGHT,RIGHT,True,0.8,strong,2.0,independent_rollout,2,semantic_group_deduplication,0.9412783380695741,0.004096624067445358,0.9386754673167301,0.943881208822418,9.445302104750068e-05,0.004442820518954096,-0.0027283804629465135,0.0029172865050415145,0.0,0.0,0.0,0.0,1.0,0.0,1.0,1.0,0.0,0.0,0.0,0.0,12
RIGHT,RIGHT,True,0.8,strong,2.0,independent_rollout,2,single_trajectory_score_average,0.8886075655719644,0.0025834600171620644,0.886966113388629,0.8902490177552999,-0.00021873779587599138,0.002674556975658875,-0.001918070225248352,0.0014805946334963695,0.0,0.0,0.0,0.0,1.0,0.0,1.0,1.0,0.0,0.0,0.0,0.0,12
RIGHT,RIGHT,True,0.8,strong,2.0,independent_rollout,2,source_group_average,0.8886075655719644,0.0025834600171620644,0.886966113388629,0.8902490177552999,-0.00021873779587599138,0.002674556975658875,-0.001918070225248352,0.0014805946334963695,0.0,0.0,0.0,0.0,1.0,0.0,1.0,1.0,0.0,0.0,0.0,0.0,12
RIGHT,RIGHT,True,0.8,strong,2.0,independent_rollout,4,exact_deduplication,0.999078714297084,0.00018339647512790266,0.9989621897360244,0.9991952388581435,0.05789482924855746,0.005162110779772999,0.054614980536446964,0.06117467796066796,0.0,0.0,0.0,0.0,1.0,0.0,1.0,1.0,0.0,0.0,0.0,0.0,12
RIGHT,RIGHT,True,0.8,strong,2.0,independent_rollout,4,explicit_belief_mixing,0.8448186321095599,0.0011513581024775103,0.8440870940719831,0.8455501701471366,0.00040548042563962977,0.0017556580308211267,-0.0007100114684627159,0.0015209723197419755,0.0,0.0,0.0,0.0,1.0,0.0,1.0,1.0,0.0,0.0,0.0,0.0,12
RIGHT,RIGHT,True,0.8,strong,2.0,independent_rollout,4,ordinary_flat_aggregation,0.999078714297084,0.00018339647512790266,0.9989621897360244,0.9991952388581435,0.05789482924855746,0.005162110779772999,0.054614980536446964,0.06117467796066796,0.0,0.0,0.0,0.0,1.0,0.0,1.0,1.0,0.0,0.0,0.0,0.0,12
RIGHT,RIGHT,True,0.8,strong,2.0,independent_rollout,4,provenance_preserving,0.999078714297084,0.00018339647512790266,0.9989621897360244,0.9991952388581435,0.05789482924855746,0.005162110779772999,0.054614980536446964,0.06117467796066796,0.0,0.0,0.0,0.0,1.0,0.0,1.0,1.0,0.0,0.0,0.0,0.0,12
RIGHT,RIGHT,True,0.8,strong,2.0,independent_rollout,4,semantic_group_deduplication,0.9404229462673349,0.005068981746587147,0.9372022689199211,0.9436436236147487,-0.0007609387811913318,0.006935739370306278,-0.00516769733630964,0.0036458197739269757,0.0,0.0,0.0,0.0,1.0,0.0,1.0,1.0,0.0,0.0,0.0,0.0,12
RIGHT,RIGHT,True,0.8,strong,2.0,independent_rollout,4,single_trajectory_score_average,0.8896372642191196,0.0023027162049550328,0.8881741881439661,0.8911003402942731,0.0008109608512792225,0.0035113160616422096,-0.0014200229369254413,0.003041944639483886,0.0,0.0,0.0,0.0,1.0,0.0,1.0,1.0,0.0,0.0,0.0,0.0,12
RIGHT,RIGHT,True,0.8,strong,2.0,independent_rollout,4,source_group_average,0.8896372642191196,0.0023027162049550328,0.8881741881439661,0.8911003402942731,0.0008109608512792225,0.0035113160616422096,-0.0014200229369254413,0.003041944639483886,0.0,0.0,0.0,0.0,1.0,0.0,1.0,1.0,0.0,0.0,0.0,0.0,12
RIGHT,RIGHT,True,0.8,strong,2.0,independent_rollout,8,exact_deduplication,0.99999618753442,8.860108885165535e-07,0.9999956245899588,0.9999967504788811,0.05881230248589365,0.005279451854712045,0.05545789881168809,0.06216670616009921,0.0,0.0,0.0,0.0,1.0,0.0,1.0,1.0,0.0,0.0,0.0,0.0,12
RIGHT,RIGHT,True,0.8,strong,2.0,independent_rollout,8,explicit_belief_mixing,0.8444329214408487,0.0007321163938293995,0.8439677568766116,0.8448980860050858,1.9769756928467164e-05,0.0023017579644842067,-0.0014426974812766728,0.001482236995133607,0.0,0.0,0.0,0.0,1.0,0.0,1.0,1.0,0.0,0.0,0.0,0.0,12
RIGHT,RIGHT,True,0.8,strong,2.0,independent_rollout,8,ordinary_flat_aggregation,0.99999618753442,8.860108885165535e-07,0.9999956245899588,0.9999967504788811,0.05881230248589365,0.005279451854712045,0.05545789881168809,0.06216670616009921,0.0,0.0,0.0,0.0,1.0,0.0,1.0,1.0,0.0,0.0,0.0,0.0,12
RIGHT,RIGHT,True,0.8,strong,2.0,independent_rollout,8,provenance_preserving,0.99999618753442,8.860108885165535e-07,0.9999956245899588,0.9999967504788811,0.05881230248589365,0.005279451854712045,0.05545789881168809,0.06216670616009921,0.0,0.0,0.0,0.0,1.0,0.0,1.0,1.0,0.0,0.0,0.0,0.0,12
RIGHT,RIGHT,True,0.8,strong,2.0,independent_rollout,8,semantic_group_deduplication,0.9424167105143472,0.0037894855805130174,0.9400089862459127,0.9448244347827817,0.0012328254658206157,0.00599169860958927,-0.002574118206333547,0.005039769137974779,0.0,0.0,0.0,0.0,1.0,0.0,1.0,1.0,0.0,0.0,0.0,0.0,12
RIGHT,RIGHT,True,0.8,strong,2.0,independent_rollout,8,single_trajectory_score_average,0.8888658428816973,0.001464232787658789,0.8879355137532233,0.8897961720101714,3.953951385685106e-05,0.0046035159289683665,-0.0028853949625533993,0.0029644739902671014,0.0,0.0,0.0,0.0,1.0,0.0,1.0,1.0,0.0,0.0,0.0,0.0,12
RIGHT,RIGHT,True,0.8,strong,2.0,independent_rollout,8,source_group_average,0.8888658428816973,0.001464232787658789,0.8879355137532233,0.8897961720101714,3.953951385685106e-05,0.0046035159289683665,-0.0028853949625533993,0.0029644739902671014,0.0,0.0,0.0,0.0,1.0,0.0,1.0,1.0,0.0,0.0,0.0,0.0,12
RIGHT,RIGHT,True,0.8,strong,2.0,independent_rollout,16,exact_deduplication,0.999999999945918,1.2213971881729307e-11,0.9999999999381577,0.9999999999536784,0.05881611489739167,0.005279597152754309,0.05546161890521443,0.06217061088956891,0.0,0.0,0.0,0.0,1.0,0.0,1.0,1.0,0.0,0.0,0.0,0.0,12
RIGHT,RIGHT,True,0.8,strong,2.0,independent_rollout,16,explicit_belief_mixing,0.8445079307850477,0.00036901078920958686,0.844273472515286,0.8447423890548095,9.477910112741979e-05,0.002514348691751075,-0.0015027618409906634,0.0016923200432455029,0.0,0.0,0.0,0.0,1.0,0.0,1.0,1.0,0.0,0.0,0.0,0.0,12
RIGHT,RIGHT,True,0.8,strong,2.0,independent_rollout,16,ordinary_flat_aggregation,0.999999999945918,1.2213971881729307e-11,0.9999999999381577,0.9999999999536784,0.05881611489739167,0.005279597152754309,0.05546161890521443,0.06217061088956891,0.0,0.0,0.0,0.0,1.0,0.0,1.0,1.0,0.0,0.0,0.0,0.0,12
RIGHT,RIGHT,True,0.8,strong,2.0,independent_rollout,16,provenance_preserving,0.999999999945918,1.2213971881729307e-11,0.9999999999381577,0.9999999999536784,0.05881611489739167,0.005279597152754309,0.05546161890521443,0.06217061088956891,0.0,0.0,0.0,0.0,1.0,0.0,1.0,1.0,0.0,0.0,0.0,0.0,12
RIGHT,RIGHT,True,0.8,strong,2.0,independent_rollout,16,semantic_group_deduplication,0.9416531628702592,0.00429412038279967,0.9389248089452797,0.9443815167952387,0.0004692778217328386,0.007824517609342272,-0.004502183485228045,0.005440739128693722,0.0,0.0,0.0,0.0,1.0,0.0,1.0,1.0,0.0,0.0,0.0,0.0,12
RIGHT,RIGHT,True,0.8,strong,2.0,independent_rollout,16,single_trajectory_score_average,0.8890158615700953,0.0007380215784191798,0.8885469450305719,0.8894847781096187,0.0001895582022548211,0.0050286973835021315,-0.0030055236819813338,0.0033846400864909762,0.0,0.0,0.0,0.0,1.0,0.0,1.0,1.0,0.0,0.0,0.0,0.0,12
RIGHT,RIGHT,True,0.8,strong,2.0,independent_rollout,16,source_group_average,0.8890158615700953,0.0007380215784191798,0.8885469450305719,0.8894847781096187,0.0001895582022548211,0.0050286973835021315,-0.0030055236819813338,0.0033846400864909762,0.0,0.0,0.0,0.0,1.0,0.0,1.0,1.0,0.0,0.0,0.0,0.0,12
RIGHT,RIGHT,True,0.8,strong,2.0,pure_duplication,1,exact_deduplication,0.8880313453254689,0.007861929251637095,0.8830361137950407,0.8930265768558971,0.0,0.0,0.0,0.0,0.0,0.0,0.0,0.0,1.0,0.0,1.0,1.0,0.0,0.0,0.0,0.0,12
RIGHT,RIGHT,True,0.8,strong,2.0,pure_duplication,1,explicit_belief_mixing,0.8444131516839203,0.002334886408012699,0.8429296356369087,0.8458966677309319,0.0,0.0,0.0,0.0,0.0,0.0,0.0,0.0,1.0,0.0,1.0,1.0,0.0,0.0,0.0,0.0,12
RIGHT,RIGHT,True,0.8,strong,2.0,pure_duplication,1,ordinary_flat_aggregation,0.9411838850485265,0.005279597148402436,0.9378293890591143,0.9445383810379386,0.0,0.0,0.0,0.0,0.0,0.0,0.0,0.0,1.0,0.0,1.0,1.0,0.0,0.0,0.0,0.0,12
RIGHT,RIGHT,True,0.8,strong,2.0,pure_duplication,1,provenance_preserving,0.9411838850485265,0.005279597148402436,0.9378293890591143,0.9445383810379386,0.0,0.0,0.0,0.0,0.0,0.0,0.0,0.0,1.0,0.0,1.0,1.0,0.0,0.0,0.0,0.0,12
RIGHT,RIGHT,True,0.8,strong,2.0,pure_duplication,1,semantic_group_deduplication,0.8880313453254689,0.007861929251637095,0.8830361137950407,0.8930265768558971,0.0,0.0,0.0,0.0,0.0,0.0,0.0,0.0,1.0,0.0,1.0,1.0,0.0,0.0,0.0,0.0,12
RIGHT,RIGHT,True,0.8,strong,2.0,pure_duplication,1,single_trajectory_score_average,0.8888263033678404,0.00466977281602537,0.8858592712738173,0.8917933354618636,0.0,0.0,0.0,0.0,0.0,0.0,0.0,0.0,1.0,0.0,1.0,1.0,0.0,0.0,0.0,0.0,12
RIGHT,RIGHT,True,0.8,strong,2.0,pure_duplication,1,source_group_average,0.8888263033678404,0.00466977281602537,0.8858592712738173,0.8917933354618636,0.0,0.0,0.0,0.0,0.0,0.0,0.0,0.0,1.0,0.0,1.0,1.0,0.0,0.0,0.0,0.0,12
RIGHT,RIGHT,True,0.8,strong,2.0,pure_duplication,2,exact_deduplication,0.8929043700227141,0.0068888609642290795,0.8885273965858076,0.8972813434596205,0.00487302469724508,0.00978174744989057,-0.0013420011215391726,0.011088050516029332,0.0,0.0,0.0,0.0,1.0,0.0,1.0,1.0,0.0,0.0,0.0,0.0,12
RIGHT,RIGHT,True,0.8,strong,2.0,pure_duplication,2,explicit_belief_mixing,0.8444131516839203,0.002334886408012709,0.8429296356369087,0.8458966677309319,9.25185853854297e-18,3.204937810639273e-17,-1.1111344808057227e-17,2.961506188514317e-17,0.0,0.0,0.0,0.0,1.0,0.0,1.0,1.0,0.0,0.0,0.0,0.0,12
RIGHT,RIGHT,True,0.8,strong,2.0,pure_duplication,2,ordinary_flat_aggregation,0.9844855343376767,0.003021207111741588,0.9825659509197283,0.9864051177556251,0.04330164928915029,0.002270673132377128,0.041858932411001755,0.04474436616729883,0.0,0.0,0.0,0.0,1.0,0.0,1.0,1.0,0.0,0.0,0.0,0.0,12
RIGHT,RIGHT,True,0.8,strong,2.0,pure_duplication,2,provenance_preserving,0.9411838850485265,0.005279597148402436,0.9378293890591143,0.9445383810379386,0.0,0.0,0.0,0.0,0.0,0.0,0.0,0.0,1.0,0.0,1.0,1.0,0.0,0.0,0.0,0.0,12
RIGHT,RIGHT,True,0.8,strong,2.0,pure_duplication,2,semantic_group_deduplication,0.8929043700227141,0.0068888609642290795,0.8885273965858076,0.8972813434596205,0.00487302469724508,0.00978174744989057,-0.0013420011215391726,0.011088050516029332,0.0,0.0,0.0,0.0,1.0,0.0,1.0,1.0,0.0,0.0,0.0,0.0,12
RIGHT,RIGHT,True,0.8,strong,2.0,pure_duplication,2,single_trajectory_score_average,0.8888263033678404,0.004669772816025395,0.8858592712738173,0.8917933354618636,-9.25185853854297e-18,5.716856438735954e-17,-4.557503141848114e-17,2.7071314341395202e-17,0.0,0.0,0.0,0.0,1.0,0.0,1.0,1.0,0.0,0.0,0.0,0.0,12
RIGHT,RIGHT,True,0.8,strong,2.0,pure_duplication,2,source_group_average,0.8888263033678404,0.00466977281602537,0.8858592712738173,0.8917933354618636,0.0,0.0,0.0,0.0,0.0,0.0,0.0,0.0,1.0,0.0,1.0,1.0,0.0,0.0,0.0,0.0,12
RIGHT,RIGHT,True,0.8,strong,2.0,pure_duplication,4,exact_deduplication,0.8867834166586048,0.007373629976833059,0.8820984356857325,0.8914683976314771,-0.0012479286668639993,0.003081586271220642,-0.00320587517249185,0.0007100178387638518,0.0,0.0,0.0,0.0,1.0,0.0,1.0,1.0,0.0,0.0,0.0,0.0,12
RIGHT,RIGHT,True,0.8,strong,2.0,pure_duplication,4,explicit_belief_mixing,0.8444131516839203,0.002334886408012699,0.8429296356369087,0.8458966677309319,0.0,0.0,0.0,0.0,0.0,0.0,0.0,0.0,1.0,0.0,1.0,1.0,0.0,0.0,0.0,0.0,12
RIGHT,RIGHT,True,0.8,strong,2.0,pure_duplication,4,ordinary_flat_aggregation,0.9989708816868391,0.0004386886021476646,0.998692152246857,0.9992496111268212,0.05778699663831275,0.004848018201694874,0.054706712829328624,0.060867280447296876,0.0,0.0,0.0,0.0,1.0,0.0,1.0,1.0,0.0,0.0,0.0,0.0,12
RIGHT,RIGHT,True,0.8,strong,2.0,pure_duplication,4,provenance_preserving,0.9411838850485265,0.005279597148402436,0.9378293890591143,0.9445383810379386,0.0,0.0,0.0,0.0,0.0,0.0,0.0,0.0,1.0,0.0,1.0,1.0,0.0,0.0,0.0,0.0,12
RIGHT,RIGHT,True,0.8,strong,2.0,pure_duplication,4,semantic_group_deduplication,0.8867834166586048,0.007373629976833059,0.8820984356857325,0.8914683976314771,-0.0012479286668639993,0.003081586271220642,-0.00320587517249185,0.0007100178387638518,0.0,0.0,0.0,0.0,1.0,0.0,1.0,1.0,0.0,0.0,0.0,0.0,12
RIGHT,RIGHT,True,0.8,strong,2.0,pure_duplication,4,single_trajectory_score_average,0.8888263033678404,0.00466977281602537,0.8858592712738173,0.8917933354618636,0.0,0.0,0.0,0.0,0.0,0.0,0.0,0.0,1.0,0.0,1.0,1.0,0.0,0.0,0.0,0.0,12
RIGHT,RIGHT,True,0.8,strong,2.0,pure_duplication,4,source_group_average,0.8888263033678404,0.00466977281602537,0.8858592712738173,0.8917933354618636,0.0,0.0,0.0,0.0,0.0,0.0,0.0,0.0,1.0,0.0,1.0,1.0,0.0,0.0,0.0,0.0,12
RIGHT,RIGHT,True,0.8,strong,2.0,pure_duplication,8,exact_deduplication,0.8891768691046718,0.009987208481653973,0.8828312995743773,0.8955224386349662,0.0011455237792026747,0.011192861416953987,-0.00596608107962256,0.008257128638027909,0.0,0.0,0.0,0.0,1.0,0.0,1.0,1.0,0.0,0.0,0.0,0.0,12
RIGHT,RIGHT,True,0.8,strong,2.0,pure_duplication,8,explicit_belief_mixing,0.8444131516839203,0.002334886408012699,0.8429296356369087,0.8458966677309319,0.0,0.0,0.0,0.0,0.0,0.0,0.0,0.0,1.0,0.0,1.0,1.0,0.0,0.0,0.0,0.0,12
RIGHT,RIGHT,True,0.8,strong,2.0,pure_duplication,8,ordinary_flat_aggregation,0.9999950440280277,4.880261565942801e-06,0.9999919432577625,0.999998144798293,0.0588111589795014,0.005275044105272946,0.05545955585567879,0.062162762103324005,0.0,0.0,0.0,0.0,1.0,0.0,1.0,1.0,0.0,0.0,0.0,0.0,12
RIGHT,RIGHT,True,0.8,strong,2.0,pure_duplication,8,provenance_preserving,0.9411838850485265,0.005279597148402436,0.9378293890591143,0.9445383810379386,0.0,0.0,0.0,0.0,0.0,0.0,0.0,0.0,1.0,0.0,1.0,1.0,0.0,0.0,0.0,0.0,12
RIGHT,RIGHT,True,0.8,strong,2.0,pure_duplication,8,semantic_group_deduplication,0.8891768691046718,0.009987208481653973,0.8828312995743773,0.8955224386349662,0.0011455237792026747,0.011192861416953987,-0.00596608107962256,0.008257128638027909,0.0,0.0,0.0,0.0,1.0,0.0,1.0,1.0,0.0,0.0,0.0,0.0,12
RIGHT,RIGHT,True,0.8,strong,2.0,pure_duplication,8,single_trajectory_score_average,0.8888263033678404,0.00466977281602537,0.8858592712738173,0.8917933354618636,0.0,0.0,0.0,0.0,0.0,0.0,0.0,0.0,1.0,0.0,1.0,1.0,0.0,0.0,0.0,0.0,12
RIGHT,RIGHT,True,0.8,strong,2.0,pure_duplication,8,source_group_average,0.8888263033678404,0.00466977281602537,0.8858592712738173,0.8917933354618636,0.0,0.0,0.0,0.0,0.0,0.0,0.0,0.0,1.0,0.0,1.0,1.0,0.0,0.0,0.0,0.0,12
RIGHT,RIGHT,True,0.8,strong,2.0,pure_duplication,16,exact_deduplication,0.8860984441992438,0.009685189464846342,0.8799447683972264,0.8922521200012612,-0.0019329011262250728,0.010252477022666292,-0.008447014246481123,0.004581211994030976,0.0,0.0,0.0,0.0,1.0,0.0,1.0,1.0,0.0,0.0,0.0,0.0,12
RIGHT,RIGHT,True,0.8,strong,2.0,pure_duplication,16,explicit_belief_mixing,0.8444131516839203,0.002334886408012699,0.8429296356369087,0.8458966677309319,0.0,0.0,0.0,0.0,0.0,0.0,0.0,0.0,1.0,0.0,1.0,1.0,0.0,0.0,0.0,0.0,12
RIGHT,RIGHT,True,0.8,strong,2.0,pure_duplication,16,ordinary_flat_aggregation,0.9999999998144191,4.123245931898834e-10,0.9999999995524406,1.0000000000763976,0.05881611476589269,0.005279596808959676,0.05546161899215214,0.06217061053963324,0.0,0.0,0.0,0.0,1.0,0.0,1.0,1.0,0.0,0.0,0.0,0.0,12
RIGHT,RIGHT,True,0.8,strong,2.0,pure_duplication,16,provenance_preserving,0.9411838850485265,0.005279597148402436,0.9378293890591143,0.9445383810379386,0.0,0.0,0.0,0.0,0.0,0.0,0.0,0.0,1.0,0.0,1.0,1.0,0.0,0.0,0.0,0.0,12
RIGHT,RIGHT,True,0.8,strong,2.0,pure_duplication,16,semantic_group_deduplication,0.8860984441992438,0.009685189464846342,0.8799447683972264,0.8922521200012612,-0.0019329011262250728,0.010252477022666292,-0.008447014246481123,0.004581211994030976,0.0,0.0,0.0,0.0,1.0,0.0,1.0,1.0,0.0,0.0,0.0,0.0,12
RIGHT,RIGHT,True,0.8,strong,2.0,pure_duplication,16,single_trajectory_score_average,0.8888263033678404,0.004669772816025385,0.8858592712738173,0.8917933354618636,-1.850371707708594e-17,4.321537262272484e-17,-4.5961454868263707e-17,8.954020714091824e-18,0.0,0.0,0.0,0.0,1.0,0.0,1.0,1.0,0.0,0.0,0.0,0.0,12
RIGHT,RIGHT,True,0.8,strong,2.0,pure_duplication,16,source_group_average,0.8888263033678404,0.00466977281602537,0.8858592712738173,0.8917933354618636,0.0,0.0,0.0,0.0,0.0,0.0,0.0,0.0,1.0,0.0,1.0,1.0,0.0,0.0,0.0,0.0,12
RIGHT,RIGHT,True,0.8,weak,1.2,independent_rollout,1,exact_deduplication,0.8558561140082727,0.013213469392267781,0.8474606760919545,0.8642515519245908,0.0,0.0,0.0,0.0,0.0,0.0,0.0,0.0,1.0,0.0,1.0,1.0,0.0,0.0,0.0,0.0,12
RIGHT,RIGHT,True,0.8,weak,1.2,independent_rollout,1,explicit_belief_mixing,0.8148162489759421,0.0037892604166849487,0.8124086677697786,0.8172238301821055,0.0,0.0,0.0,0.0,0.0,0.0,0.0,0.0,1.0,0.0,1.0,1.0,0.0,0.0,0.0,0.0,12
RIGHT,RIGHT,True,0.8,weak,1.2,independent_rollout,1,ordinary_flat_aggregation,0.8558561140082727,0.013213469392267781,0.8474606760919545,0.8642515519245908,0.0,0.0,0.0,0.0,0.0,0.0,0.0,0.0,1.0,0.0,1.0,1.0,0.0,0.0,0.0,0.0,12
RIGHT,RIGHT,True,0.8,weak,1.2,independent_rollout,1,provenance_preserving,0.8558561140082727,0.013213469392267781,0.8474606760919545,0.8642515519245908,0.0,0.0,0.0,0.0,0.0,0.0,0.0,0.0,1.0,0.0,1.0,1.0,0.0,0.0,0.0,0.0,12
RIGHT,RIGHT,True,0.8,weak,1.2,independent_rollout,1,semantic_group_deduplication,0.8558561140082727,0.013213469392267781,0.8474606760919545,0.8642515519245908,0.0,0.0,0.0,0.0,0.0,0.0,0.0,0.0,1.0,0.0,1.0,1.0,0.0,0.0,0.0,0.0,12
RIGHT,RIGHT,True,0.8,weak,1.2,independent_rollout,1,single_trajectory_score_average,0.8296324979518842,0.0075785208333699495,0.8248173355395572,0.8344476603642113,0.0,0.0,0.0,0.0,0.0,0.0,0.0,0.0,1.0,0.0,1.0,1.0,0.0,0.0,0.0,0.0,12
RIGHT,RIGHT,True,0.8,weak,1.2,independent_rollout,1,source_group_average,0.8296324979518842,0.0075785208333699495,0.8248173355395572,0.8344476603642113,0.0,0.0,0.0,0.0,0.0,0.0,0.0,0.0,1.0,0.0,1.0,1.0,0.0,0.0,0.0,0.0,12
RIGHT,RIGHT,True,0.8,weak,1.2,independent_rollout,2,exact_deduplication,0.8920771493205416,0.01556380193122906,0.8821883813538206,0.9019659172872626,0.03622103531226878,0.01316471112191177,0.027856576922941502,0.044585493701596056,0.0,0.0,0.0,0.0,1.0,0.0,1.0,1.0,0.0,0.0,0.0,0.0,12
RIGHT,RIGHT,True,0.8,weak,1.2,independent_rollout,2,explicit_belief_mixing,0.8137046201369187,0.0027522033814203943,0.8119559535349953,0.8154532867388421,-0.0011116288390234097,0.0032594330992856066,-0.0031825738281916435,0.0009593161501448241,0.0,0.0,0.0,0.0,1.0,0.0,1.0,1.0,0.0,0.0,0.0,0.0,12
RIGHT,RIGHT,True,0.8,weak,1.2,independent_rollout,2,ordinary_flat_aggregation,0.8920771493205416,0.01556380193122906,0.8821883813538206,0.9019659172872626,0.03622103531226878,0.01316471112191177,0.027856576922941502,0.044585493701596056,0.0,0.0,0.0,0.0,1.0,0.0,1.0,1.0,0.0,0.0,0.0,0.0,12
RIGHT,RIGHT,True,0.8,weak,1.2,independent_rollout,2,provenance_preserving,0.8920771493205416,0.01556380193122906,0.8821883813538206,0.9019659172872626,0.03622103531226878,0.01316471112191177,0.027856576922941502,0.044585493701596056,0.0,0.0,0.0,0.0,1.0,0.0,1.0,1.0,0.0,0.0,0.0,0.0,12
RIGHT,RIGHT,True,0.8,weak,1.2,independent_rollout,2,semantic_group_deduplication,0.845899555864334,0.012694715639794539,0.8378337183575263,0.8539653933711416,-0.009956558143938773,0.018152480354772273,-0.02149009391122601,0.0015769776233484634,0.0,0.0,0.0,0.0,1.0,0.0,1.0,1.0,0.0,0.0,0.0,0.0,12
RIGHT,RIGHT,True,0.8,weak,1.2,independent_rollout,2,single_trajectory_score_average,0.8274092402738374,0.005504406762840793,0.8239119070699906,0.8309065734776843,-0.0022232576780468194,0.006518866198571266,-0.00636514765638332,0.0019186323002896811,0.0,0.0,0.0,0.0,1.0,0.0,1.0,1.0,0.0,0.0,0.0,0.0,12
RIGHT,RIGHT,True,0.8,weak,1.2,independent_rollout,2,source_group_average,0.8274092402738374,0.005504406762840793,0.8239119070699906,0.8309065734776843,-0.0022232576780468194,0.006518866198571266,-0.00636514765638332,0.0019186323002896811,0.0,0.0,0.0,0.0,1.0,0.0,1.0,1.0,0.0,0.0,0.0,0.0,12
RIGHT,RIGHT,True,0.8,weak,1.2,independent_rollout,4,exact_deduplication,0.9456181377906114,0.009297789601755152,0.9397106041184782,0.9515256714627447,0.08976202378233877,0.010279313438338124,0.08323085961704824,0.09629318794762931,0.0,0.0,0.0,0.0,1.0,0.0,1.0,1.0,0.0,0.0,0.0,0.0,12
RIGHT,RIGHT,True,0.8,weak,1.2,independent_rollout,4,explicit_belief_mixing,0.8138717099801352,0.0015837574099399872,0.8128654385297741,0.8148779814304964,-0.0009445389958068484,0.003117240281899325,-0.0029251389790516977,0.0010360609874380008,0.0,0.0,0.0,0.0,1.0,0.0,1.0,1.0,0.0,0.0,0.0,0.0,12
RIGHT,RIGHT,True,0.8,weak,1.2,independent_rollout,4,ordinary_flat_aggregation,0.9456181377906114,0.009297789601755152,0.9397106041184782,0.9515256714627447,0.08976202378233877,0.010279313438338124,0.08323085961704824,0.09629318794762931,0.0,0.0,0.0,0.0,1.0,0.0,1.0,1.0,0.0,0.0,0.0,0.0,12
RIGHT,RIGHT,True,0.8,weak,1.2,independent_rollout,4,provenance_preserving,0.9456181377906114,0.009297789601755152,0.9397106041184782,0.9515256714627447,0.08976202378233877,0.010279313438338124,0.08323085961704824,0.09629318794762931,0.0,0.0,0.0,0.0,1.0,0.0,1.0,1.0,0.0,0.0,0.0,0.0,12
RIGHT,RIGHT,True,0.8,weak,1.2,independent_rollout,4,semantic_group_deduplication,0.8538681046141607,0.01100722595959403,0.8468744468978358,0.8608617623304857,-0.0019880093941119594,0.01550302114095523,-0.01183815908912098,0.007862140300897063,0.0,0.0,0.0,0.0,1.0,0.0,1.0,1.0,0.0,0.0,0.0,0.0,12
RIGHT,RIGHT,True,0.8,weak,1.2,independent_rollout,4,single_trajectory_score_average,0.8277434199602706,0.0031675148198800013,0.8257308770595483,0.8297559628609928,-0.0018890779916137246,0.006234480563798691,-0.005850277958103449,0.002072121974876,0.0,0.0,0.0,0.0,1.0,0.0,1.0,1.0,0.0,0.0,0.0,0.0,12
RIGHT,RIGHT,True,0.8,weak,1.2,independent_rollout,4,source_group_average,0.8277434199602706,0.0031675148198800013,0.8257308770595483,0.8297559628609928,-0.0018890779916137246,0.006234480563798691,-0.005850277958103449,0.002072121974876,0.0,0.0,0.0,0.0,1.0,0.0,1.0,1.0,0.0,0.0,0.0,0.0,12
RIGHT,RIGHT,True,0.8,weak,1.2,independent_rollout,8,exact_deduplication,0.9864813933615033,0.004232030252573165,0.9837924896231521,0.9891702970998545,0.13062527935323057,0.011958946985436964,0.12302692694628979,0.13822363176017136,0.0,0.0,0.0,0.0,1.0,0.0,1.0,1.0,0.0,0.0,0.0,0.0,12
RIGHT,RIGHT,True,0.8,weak,1.2,independent_rollout,8,explicit_belief_mixing,0.813817470778821,0.0014493637613087068,0.81289658897897,0.8147383525786721,-0.000998778197121103,0.0035124598081178104,-0.0032304886871663547,0.0012329322929241489,0.0,0.0,0.0,0.0,1.0,0.0,1.0,1.0,0.0,0.0,0.0,0.0,12
RIGHT,RIGHT,True,0.8,weak,1.2,independent_rollout,8,ordinary_flat_aggregation,0.9864813933615033,0.004232030252573165,0.9837924896231521,0.9891702970998545,0.13062527935323057,0.011958946985436964,0.12302692694628979,0.13822363176017136,0.0,0.0,0.0,0.0,1.0,0.0,1.0,1.0,0.0,0.0,0.0,0.0,12
RIGHT,RIGHT,True,0.8,weak,1.2,independent_rollout,8,provenance_preserving,0.9864813933615033,0.004232030252573165,0.9837924896231521,0.9891702970998545,0.13062527935323057,0.011958946985436964,0.12302692694628979,0.13822363176017136,0.0,0.0,0.0,0.0,1.0,0.0,1.0,1.0,0.0,0.0,0.0,0.0,12
RIGHT,RIGHT,True,0.8,weak,1.2,independent_rollout,8,semantic_group_deduplication,0.8508599091911461,0.010591436138326414,0.8441304317235552,0.857589386658737,-0.004996204817126658,0.01255435064078085,-0.012972858658398801,0.0029804490241454864,0.0,0.0,0.0,0.0,1.0,0.0,1.0,1.0,0.0,0.0,0.0,0.0,12
RIGHT,RIGHT,True,0.8,weak,1.2,independent_rollout,8,single_trajectory_score_average,0.827634941557642,0.002898727522617405,0.8257931779579398,0.8294767051573441,-0.0019975563942422245,0.007024919616235682,-0.006460977374332768,0.002465864585848318,0.0,0.0,0.0,0.0,1.0,0.0,1.0,1.0,0.0,0.0,0.0,0.0,12
RIGHT,RIGHT,True,0.8,weak,1.2,independent_rollout,8,source_group_average,0.827634941557642,0.002898727522617405,0.8257931779579398,0.8294767051573441,-0.0019975563942422245,0.007024919616235682,-0.006460977374332768,0.002465864585848318,0.0,0.0,0.0,0.0,1.0,0.0,1.0,1.0,0.0,0.0,0.0,0.0,12
RIGHT,RIGHT,True,0.8,weak,1.2,independent_rollout,16,exact_deduplication,0.9992280645519922,0.0003506029031369341,0.9990053020950489,0.9994508270089355,0.14337195054371968,0.013107819725759737,0.13504363922297732,0.15170026186446203,0.0,0.0,0.0,0.0,1.0,0.0,1.0,1.0,0.0,0.0,0.0,0.0,12
RIGHT,RIGHT,True,0.8,weak,1.2,independent_rollout,16,explicit_belief_mixing,0.8137966051902307,0.0011109791425203393,0.8130907227198166,0.8145024876606447,-0.0010196437857116676,0.0036531520545289332,-0.003340745864369,0.0013014582929456646,0.0,0.0,0.0,0.0,1.0,0.0,1.0,1.0,0.0,0.0,0.0,0.0,12
RIGHT,RIGHT,True,0.8,weak,1.2,independent_rollout,16,ordinary_flat_aggregation,0.9992280645519922,0.0003506029031369341,0.9990053020950489,0.9994508270089355,0.14337195054371968,0.013107819725759737,0.13504363922297732,0.15170026186446203,0.0,0.0,0.0,0.0,1.0,0.0,1.0,1.0,0.0,0.0,0.0,0.0,12
RIGHT,RIGHT,True,0.8,weak,1.2,independent_rollout,16,provenance_preserving,0.9992280645519922,0.0003506029031369341,0.9990053020950489,0.9994508270089355,0.14337195054371968,0.013107819725759737,0.13504363922297732,0.15170026186446203,0.0,0.0,0.0,0.0,1.0,0.0,1.0,1.0,0.0,0.0,0.0,0.0,12
RIGHT,RIGHT,True,0.8,weak,1.2,independent_rollout,16,semantic_group_deduplication,0.8510351005070573,0.008169639251831924,0.8458443593700168,0.8562258416440979,-0.004821013501215369,0.0137890785469038,-0.01358217602613927,0.0039401490237085295,0.0,0.0,0.0,0.0,1.0,0.0,1.0,1.0,0.0,0.0,0.0,0.0,12
RIGHT,RIGHT,True,0.8,weak,1.2,independent_rollout,16,single_trajectory_score_average,0.8275932103804607,0.002221958285040713,0.8261814454396327,0.8290049753212888,-0.002039287571423363,0.007306304109057976,-0.006681491728738097,0.002602916585891371,0.0,0.0,0.0,0.0,1.0,0.0,1.0,1.0,0.0,0.0,0.0,0.0,12
RIGHT,RIGHT,True,0.8,weak,1.2,independent_rollout,16,source_group_average,0.8275932103804607,0.002221958285040713,0.8261814454396327,0.8290049753212888,-0.002039287571423363,0.007306304109057976,-0.006681491728738097,0.002602916585891371,0.0,0.0,0.0,0.0,1.0,0.0,1.0,1.0,0.0,0.0,0.0,0.0,12
RIGHT,RIGHT,True,0.8,weak,1.2,pure_duplication,1,exact_deduplication,0.8248191321798832,0.01411035661673175,0.8158538393081866,0.8337844250515799,0.0,0.0,0.0,0.0,0.0,0.0,0.0,0.0,1.0,0.0,1.0,1.0,0.0,0.0,0.0,0.0,12
RIGHT,RIGHT,True,0.8,weak,1.2,pure_duplication,1,explicit_belief_mixing,0.8148162489759421,0.0037892604166849487,0.8124086677697786,0.8172238301821055,0.0,0.0,0.0,0.0,0.0,0.0,0.0,0.0,1.0,0.0,1.0,1.0,0.0,0.0,0.0,0.0,12
RIGHT,RIGHT,True,0.8,weak,1.2,pure_duplication,1,ordinary_flat_aggregation,0.8558561140082727,0.013213469392267781,0.8474606760919545,0.8642515519245908,0.0,0.0,0.0,0.0,0.0,0.0,0.0,0.0,1.0,0.0,1.0,1.0,0.0,0.0,0.0,0.0,12
RIGHT,RIGHT,True,0.8,weak,1.2,pure_duplication,1,provenance_preserving,0.8558561140082727,0.013213469392267781,0.8474606760919545,0.8642515519245908,0.0,0.0,0.0,0.0,0.0,0.0,0.0,0.0,1.0,0.0,1.0,1.0,0.0,0.0,0.0,0.0,12
RIGHT,RIGHT,True,0.8,weak,1.2,pure_duplication,1,semantic_group_deduplication,0.8248191321798832,0.01411035661673175,0.8158538393081866,0.8337844250515799,0.0,0.0,0.0,0.0,0.0,0.0,0.0,0.0,1.0,0.0,1.0,1.0,0.0,0.0,0.0,0.0,12
RIGHT,RIGHT,True,0.8,weak,1.2,pure_duplication,1,single_trajectory_score_average,0.8296324979518842,0.0075785208333699495,0.8248173355395572,0.8344476603642113,0.0,0.0,0.0,0.0,0.0,0.0,0.0,0.0,1.0,0.0,1.0,1.0,0.0,0.0,0.0,0.0,12
RIGHT,RIGHT,True,0.8,weak,1.2,pure_duplication,1,source_group_average,0.8296324979518842,0.0075785208333699495,0.8248173355395572,0.8344476603642113,0.0,0.0,0.0,0.0,0.0,0.0,0.0,0.0,1.0,0.0,1.0,1.0,0.0,0.0,0.0,0.0,12
RIGHT,RIGHT,True,0.8,weak,1.2,pure_duplication,2,exact_deduplication,0.8291614251156187,0.011927059506280424,0.8215833330463395,0.836739517184898,0.004342292935735598,0.01097890943975648,-0.002633373322233885,0.01131795919370508,0.0,0.0,0.0,0.0,1.0,0.0,1.0,1.0,0.0,0.0,0.0,0.0,12
RIGHT,RIGHT,True,0.8,weak,1.2,pure_duplication,2,explicit_belief_mixing,0.8148162489759421,0.0037892604166849487,0.8124086677697786,0.8172238301821055,0.0,0.0,0.0,0.0,0.0,0.0,0.0,0.0,1.0,0.0,1.0,1.0,0.0,0.0,0.0,0.0,12
RIGHT,RIGHT,True,0.8,weak,1.2,pure_duplication,2,ordinary_flat_aggregation,0.8972569787881696,0.01975608419937381,0.8847045617475356,0.9098093958288035,0.04140086477989674,0.006628723477403954,0.03718917481665732,0.04561255474313616,0.0,0.0,0.0,0.0,1.0,0.0,1.0,1.0,0.0,0.0,0.0,0.0,12
RIGHT,RIGHT,True,0.8,weak,1.2,pure_duplication,2,provenance_preserving,0.8558561140082727,0.013213469392267781,0.8474606760919545,0.8642515519245908,0.0,0.0,0.0,0.0,0.0,0.0,0.0,0.0,1.0,0.0,1.0,1.0,0.0,0.0,0.0,0.0,12
RIGHT,RIGHT,True,0.8,weak,1.2,pure_duplication,2,semantic_group_deduplication,0.8291614251156187,0.011927059506280424,0.8215833330463395,0.836739517184898,0.004342292935735598,0.01097890943975648,-0.002633373322233885,0.01131795919370508,0.0,0.0,0.0,0.0,1.0,0.0,1.0,1.0,0.0,0.0,0.0,0.0,12
RIGHT,RIGHT,True,0.8,weak,1.2,pure_duplication,2,single_trajectory_score_average,0.8296324979518842,0.007578520833369935,0.8248173355395572,0.8344476603642113,0.0,4.734006883291518e-17,-3.007844473258028e-17,3.007844473258028e-17,0.0,0.0,0.0,0.0,1.0,0.0,1.0,1.0,0.0,0.0,0.0,0.0,12
RIGHT,RIGHT,True,0.8,weak,1.2,pure_duplication,2,source_group_average,0.8296324979518842,0.0075785208333699495,0.8248173355395572,0.8344476603642113,0.0,0.0,0.0,0.0,0.0,0.0,0.0,0.0,1.0,0.0,1.0,1.0,0.0,0.0,0.0,0.0,12
RIGHT,RIGHT,True,0.8,weak,1.2,pure_duplication,4,exact_deduplication,0.8267262828701307,0.012918759698999135,0.818518094559478,0.8349344711807835,0.00190715069024755,0.01625626216537371,-0.00842158551893085,0.01223588689942595,0.0,0.0,0.0,0.0,1.0,0.0,1.0,1.0,0.0,0.0,0.0,0.0,12
RIGHT,RIGHT,True,0.8,weak,1.2,pure_duplication,4,explicit_belief_mixing,0.8148162489759421,0.0037892604166849487,0.8124086677697786,0.8172238301821055,0.0,0.0,0.0,0.0,0.0,0.0,0.0,0.0,1.0,0.0,1.0,1.0,0.0,0.0,0.0,0.0,12
RIGHT,RIGHT,True,0.8,weak,1.2,pure_duplication,4,ordinary_flat_aggregation,0.9481736348744222,0.021492215122961067,0.9345181328717036,0.9618291368771408,0.09231752086614953,0.009021816217120511,0.08658533231712318,0.09804970941517588,0.0,0.0,0.0,0.0,1.0,0.0,1.0,1.0,0.0,0.0,0.0,0.0,12
RIGHT,RIGHT,True,0.8,weak,1.2,pure_duplication,4,provenance_preserving,0.8558561140082727,0.013213469392267781,0.8474606760919545,0.8642515519245908,0.0,0.0,0.0,0.0,0.0,0.0,0.0,0.0,1.0,0.0,1.0,1.0,0.0,0.0,0.0,0.0,12
RIGHT,RIGHT,True,0.8,weak,1.2,pure_duplication,4,semantic_group_deduplication,0.8267262828701307,0.012918759698999135,0.818518094559478,0.8349344711807835,0.00190715069024755,0.01625626216537371,-0.00842158551893085,0.01223588689942595,0.0,0.0,0.0,0.0,1.0,0.0,1.0,1.0,0.0,0.0,0.0,0.0,12
RIGHT,RIGHT,True,0.8,weak,1.2,pure_duplication,4,single_trajectory_score_average,0.8296324979518842,0.0075785208333699495,0.8248173355395572,0.8344476603642113,0.0,0.0,0.0,0.0,0.0,0.0,0.0,0.0,1.0,0.0,1.0,1.0,0.0,0.0,0.0,0.0,12
RIGHT,RIGHT,True,0.8,weak,1.2,pure_duplication,4,source_group_average,0.8296324979518842,0.0075785208333699495,0.8248173355395572,0.8344476603642113,0.0,0.0,0.0,0.0,0.0,0.0,0.0,0.0,1.0,0.0,1.0,1.0,0.0,0.0,0.0,0.0,12
RIGHT,RIGHT,True,0.8,weak,1.2,pure_duplication,8,exact_deduplication,0.8286961053241462,0.011326852805304793,0.8214993663987995,0.8358928442494928,0.0038769731442631072,0.016820068037189474,-0.006809988225406054,0.014563934513932269,0.0,0.0,0.0,0.0,1.0,0.0,1.0,1.0,0.0,0.0,0.0,0.0,12
RIGHT,RIGHT,True,0.8,weak,1.2,pure_duplication,8,explicit_belief_mixing,0.8148162489759421,0.0037892604166849487,0.8124086677697786,0.8172238301821055,0.0,0.0,0.0,0.0,0.0,0.0,0.0,0.0,1.0,0.0,1.0,1.0,0.0,0.0,0.0,0.0,12
RIGHT,RIGHT,True,0.8,weak,1.2,pure_duplication,8,ordinary_flat_aggregation,0.9859899512523672,0.013430132473363643,0.9774568521819571,0.9945230503227773,0.13013383724409455,0.006251465138124505,0.126161845793926,0.1341058286942631,0.0,0.0,0.0,0.0,1.0,0.0,1.0,1.0,0.0,0.0,0.0,0.0,12
RIGHT,RIGHT,True,0.8,weak,1.2,pure_duplication,8,provenance_preserving,0.8558561140082727,0.013213469392267781,0.8474606760919545,0.8642515519245908,0.0,0.0,0.0,0.0,0.0,0.0,0.0,0.0,1.0,0.0,1.0,1.0,0.0,0.0,0.0,0.0,12
RIGHT,RIGHT,True,0.8,weak,1.2,pure_duplication,8,semantic_group_deduplication,0.8286961053241462,0.011326852805304793,0.8214993663987995,0.8358928442494928,0.0038769731442631072,0.016820068037189474,-0.006809988225406054,0.014563934513932269,0.0,0.0,0.0,0.0,1.0,0.0,1.0,1.0,0.0,0.0,0.0,0.0,12
RIGHT,RIGHT,True,0.8,weak,1.2,pure_duplication,8,single_trajectory_score_average,0.8296324979518842,0.0075785208333699495,0.8248173355395572,0.8344476603642113,0.0,0.0,0.0,0.0,0.0,0.0,0.0,0.0,1.0,0.0,1.0,1.0,0.0,0.0,0.0,0.0,12
RIGHT,RIGHT,True,0.8,weak,1.2,pure_duplication,8,source_group_average,0.8296324979518842,0.0075785208333699495,0.8248173355395572,0.8344476603642113,0.0,0.0,0.0,0.0,0.0,0.0,0.0,0.0,1.0,0.0,1.0,1.0,0.0,0.0,0.0,0.0,12
RIGHT,RIGHT,True,0.8,weak,1.2,pure_duplication,16,exact_deduplication,0.8251099503984435,0.012528845769102332,0.8171495015795152,0.8330703992173718,0.0002908182185601034,0.008097917956383599,-0.004854353381416516,0.005435989818536722,0.0,0.0,0.0,0.0,1.0,0.0,1.0,1.0,0.0,0.0,0.0,0.0,12
RIGHT,RIGHT,True,0.8,weak,1.2,pure_duplication,16,explicit_belief_mixing,0.8148162489759421,0.0037892604166849487,0.8124086677697786,0.8172238301821055,0.0,0.0,0.0,0.0,0.0,0.0,0.0,0.0,1.0,0.0,1.0,1.0,0.0,0.0,0.0,0.0,12
RIGHT,RIGHT,True,0.8,weak,1.2,pure_duplication,16,ordinary_flat_aggregation,0.998442927457607,0.0034680795485750775,0.9962394148391911,1.0006464400760229,0.14258681344933444,0.010885187069796139,0.13567069554426253,0.14950293135440634,0.0,0.0,0.0,0.0,1.0,0.0,1.0,1.0,0.0,0.0,0.0,0.0,12
RIGHT,RIGHT,True,0.8,weak,1.2,pure_duplication,16,provenance_preserving,0.8558561140082727,0.013213469392267781,0.8474606760919545,0.8642515519245908,0.0,0.0,0.0,0.0,0.0,0.0,0.0,0.0,1.0,0.0,1.0,1.0,0.0,0.0,0.0,0.0,12
RIGHT,RIGHT,True,0.8,weak,1.2,pure_duplication,16,semantic_group_deduplication,0.8251099503984435,0.012528845769102332,0.8171495015795152,0.8330703992173718,0.0002908182185601034,0.008097917956383599,-0.004854353381416516,0.005435989818536722,0.0,0.0,0.0,0.0,1.0,0.0,1.0,1.0,0.0,0.0,0.0,0.0,12
RIGHT,RIGHT,True,0.8,weak,1.2,pure_duplication,16,single_trajectory_score_average,0.8296324979518842,0.007578520833369931,0.8248173355395572,0.8344476603642113,-9.25185853854297e-18,3.204937810639273e-17,-2.961506188514317e-17,1.1111344808057227e-17,0.0,0.0,0.0,0.0,1.0,0.0,1.0,1.0,0.0,0.0,0.0,0.0,12
RIGHT,RIGHT,True,0.8,weak,1.2,pure_duplication,16,source_group_average,0.8296324979518842,0.0075785208333699495,0.8248173355395572,0.8344476603642113,0.0,0.0,0.0,0.0,0.0,0.0,0.0,0.0,1.0,0.0,1.0,1.0,0.0,0.0,0.0,0.0,12
