noise_rate,task_id,family,action_correct,reward,regret
0.0,spb-hid-h-20260945,hidden_state_dependency,0,0.9977475,0.8564850000000002
0.0,spb-hid-h-20261251,hidden_state_dependency,0,0.8515199999999999,0.9201149999999999
0.0,spb-hid-e-20261319,hidden_state_dependency,0,0.9444575,0.8345125000000002
0.0,spb-hid-h-20261353,hidden_state_dependency,1,0.9259599999999999,0.0
0.0,spb-hid-m-20261489,hidden_state_dependency,1,0.9580375000000001,0.0
0.0,spb-hid-h-20261608,hidden_state_dependency,1,0.9163625,0.0
0.0,spb-hid-h-20261812,hidden_state_dependency,1,1.0081075,0.0
0.0,spb-hid-m-20261846,hidden_state_dependency,0,0.96841,0.7939700000000001
0.0,spb-hid-h-20262169,hidden_state_dependency,1,0.9608325000000001,0.0
0.0,spb-hid-h-20262220,hidden_state_dependency,1,0.9259900000000001,0.0
0.0,spb-hid-m-20262254,hidden_state_dependency,1,1.1494775,0.0
0.0,spb-hid-e-20262645,hidden_state_dependency,0,0.98299,0.8558300000000001
0.0,spb-hid-m-20262815,hidden_state_dependency,1,0.927395,0.0
0.0,spb-hid-e-20262900,hidden_state_dependency,0,1.0433750000000002,0.7666324999999998
0.0,spb-hid-m-20262968,hidden_state_dependency,0,1.002205,0.9521975
0.0,spb-hid-e-20263002,hidden_state_dependency,1,0.90807,0.0
0.0,spb-hid-m-20263070,hidden_state_dependency,0,0.9736750000000001,0.8341074999999998
0.0,spb-hid-e-20263155,hidden_state_dependency,0,1.0107,0.8116725000000002
0.0,spb-hid-m-20263376,hidden_state_dependency,0,0.9399175,0.7284775000000001
0.0,spb-hid-h-20263393,hidden_state_dependency,1,1.2870325,0.0
0.0,spb-hid-h-20263495,hidden_state_dependency,1,0.9266099999999999,0.0
0.0,spb-hid-h-20263597,hidden_state_dependency,1,1.1596125,0.0
0.0,spb-hid-h-20263801,hidden_state_dependency,1,1.25963,0.0
0.0,spb-hid-m-20263886,hidden_state_dependency,1,0.9805925000000001,0.0
0.0,spb-hid-e-20263920,hidden_state_dependency,1,1.0399850000000002,0.0
0.0,spb-hid-h-20263954,hidden_state_dependency,0,0.80593,1.2869675000000003
0.0,spb-hid-h-20264107,hidden_state_dependency,1,1.00243,0.0
0.0,spb-hid-e-20264124,hidden_state_dependency,0,1.104405,0.6652674999999999
0.0,spb-hid-e-20264379,hidden_state_dependency,1,0.982125,0.0
0.0,spb-hid-e-20264430,hidden_state_dependency,1,1.084645,0.0
0.0,spb-hid-m-20264600,hidden_state_dependency,1,0.92964,0.0
0.0,spb-hid-h-20264617,hidden_state_dependency,1,0.8389975000000001,0.0
0.0,spb-hid-e-20264685,hidden_state_dependency,0,0.9509475000000001,0.8857249999999999
0.0,spb-hid-h-20264821,hidden_state_dependency,0,1.056395,0.927
0.0,spb-hid-e-20264991,hidden_state_dependency,0,0.971805,0.8086975000000001
0.0,spb-hid-h-20265076,hidden_state_dependency,1,1.2699125,0.0
0.0,spb-hid-h-20265127,hidden_state_dependency,1,1.258705,0.0
0.0,spb-hid-m-20265365,hidden_state_dependency,0,1.014585,0.6659949999999999
0.0,spb-hid-e-20265399,hidden_state_dependency,1,0.9937775,0.0
0.0,spb-hid-h-20265484,hidden_state_dependency,0,0.8214925000000001,0.897185
0.0,spb-hid-e-20265552,hidden_state_dependency,0,0.9950300000000001,0.8628374999999999
0.0,spb-hid-h-20265688,hidden_state_dependency,1,1.268845,0.0
0.0,spb-hid-h-20265841,hidden_state_dependency,0,0.8333474999999999,1.3709099999999999
0.0,spb-hid-m-20265875,hidden_state_dependency,1,1.1829425,0.0
0.0,spb-hid-h-20265892,hidden_state_dependency,1,0.8057375,0.0
0.0,spb-hid-m-20265926,hidden_state_dependency,1,1.0249275000000002,0.0
0.0,spb-hid-h-20265943,hidden_state_dependency,1,0.7428725,0.0
0.0,spb-hid-e-20265960,hidden_state_dependency,0,1.0332599999999998,0.8299525000000003
0.0,spb-hid-h-20266249,hidden_state_dependency,1,0.843665,0.0
0.0,spb-hid-e-20266674,hidden_state_dependency,1,1.04615,0.0
0.0,spb-hid-e-20266776,hidden_state_dependency,0,1.0399075,0.758575
0.0,spb-hid-e-20266878,hidden_state_dependency,1,1.039175,0.0
0.0,spb-hid-e-20266980,hidden_state_dependency,0,0.9760975000000001,0.7712325
0.0,spb-hid-m-20267099,hidden_state_dependency,0,1.02539,0.7362200000000001
0.0,spb-hid-h-20267167,hidden_state_dependency,1,1.1304675000000002,0.0
0.0,spb-hid-h-20267269,hidden_state_dependency,1,1.274155,0.0
0.0,spb-hid-e-20267286,hidden_state_dependency,1,1.03818,0.0
0.0,spb-hid-e-20267592,hidden_state_dependency,1,1.03055,0.0
0.0,spb-hid-m-20267711,hidden_state_dependency,0,0.9657674999999999,0.7799300000000002
0.0,spb-hid-m-20267864,hidden_state_dependency,1,1.0516175,0.0
0.0,spb-hid-h-20267932,hidden_state_dependency,1,0.5926525,0.0
0.0,spb-hid-h-20267983,hidden_state_dependency,0,0.989915,0.9540500000000002
0.0,spb-hid-h-20268034,hidden_state_dependency,0,1.1128525,0.5016375
0.0,spb-hid-m-20268119,hidden_state_dependency,0,0.846645,1.05984
0.0,spb-hid-m-20268170,hidden_state_dependency,1,0.9803299999999999,0.0
0.0,spb-hid-e-20268357,hidden_state_dependency,1,1.0303,0.0
0.0,spb-hid-m-20268374,hidden_state_dependency,0,1.198345,0.4411799999999999
0.0,spb-hid-h-20268391,hidden_state_dependency,1,0.792735,0.0
0.0,spb-hid-m-20268425,hidden_state_dependency,0,0.9895299999999999,0.8967925000000002
0.0,spb-hid-h-20268697,hidden_state_dependency,0,1.0389675,0.6698049999999998
0.0,spb-hid-m-20269088,hidden_state_dependency,1,1.0929675,0.0
0.0,spb-hid-h-20269258,hidden_state_dependency,1,0.724395,0.0
0.0,spb-hid-m-20269394,hidden_state_dependency,1,0.998055,0.0
0.0,spb-hid-h-20269411,hidden_state_dependency,1,0.8759075,0.0
0.0,spb-hid-m-20269445,hidden_state_dependency,0,0.8646050000000001,1.1063275
0.0,spb-hid-h-20269462,hidden_state_dependency,0,1.31527,0.19004999999999983
0.0,spb-hid-e-20269530,hidden_state_dependency,1,0.952325,0.0
0.0,spb-hid-m-20269649,hidden_state_dependency,0,1.10616,0.6700649999999999
0.0,spb-hid-h-20269666,hidden_state_dependency,0,0.88449,0.613715
0.0,spb-hid-h-20269768,hidden_state_dependency,1,0.8851,0.0
0.0,spb-hid-h-20269921,hidden_state_dependency,1,1.1840525,0.0
0.0,spb-hid-e-20269938,hidden_state_dependency,1,0.9369700000000001,0.0
0.0,spb-hid-m-20269955,hidden_state_dependency,1,1.03233,0.0
0.0,spb-hid-h-20270227,hidden_state_dependency,1,0.7954299999999999,0.0
0.0,spb-hid-h-20270380,hidden_state_dependency,0,0.8959225,0.8609500000000001
0.0,spb-hid-m-20270414,hidden_state_dependency,0,1.1112250000000001,0.7846849999999999
0.0,spb-hid-h-20270482,hidden_state_dependency,1,1.30872,0.0
0.0,spb-hid-m-20270669,hidden_state_dependency,0,1.0132425,0.8220475
0.0,spb-hid-e-20270703,hidden_state_dependency,1,0.99611,0.0
0.0,spb-hid-e-20270907,hidden_state_dependency,1,0.987705,0.0
0.0,spb-hid-h-20271043,hidden_state_dependency,1,0.7622599999999999,0.0
0.0,spb-hid-h-20271298,hidden_state_dependency,0,0.9562225,0.6083825
0.0,spb-hid-h-20271400,hidden_state_dependency,0,1.0412025,0.8398549999999998
0.0,spb-hid-m-20271434,hidden_state_dependency,0,0.9483325,0.7749750000000002
0.0,spb-hid-h-20271553,hidden_state_dependency,0,0.9235599999999999,0.46555499999999994
0.0,spb-hid-m-20271740,hidden_state_dependency,1,1.0299475,0.0
0.0,spb-hid-h-20271757,hidden_state_dependency,1,0.977385,0.0
0.0,spb-hid-e-20271927,hidden_state_dependency,1,0.9456325000000001,0.0
0.0,spb-hid-e-20271978,hidden_state_dependency,0,0.9897075,0.86822
0.0,spb-hid-e-20272029,hidden_state_dependency,1,0.9835674999999999,0.0
0.0,spb-hid-m-20272097,hidden_state_dependency,1,1.0043324999999999,0.0
0.0,spb-hid-e-20272131,hidden_state_dependency,1,0.9490025,0.0
0.0,spb-hid-m-20272352,hidden_state_dependency,1,1.0500049999999999,0.0
0.0,spb-hid-m-20272403,hidden_state_dependency,1,0.9594675,0.0
0.0,spb-hid-h-20272624,hidden_state_dependency,0,0.9318925,0.8175049999999999
0.0,spb-hid-e-20272692,hidden_state_dependency,0,1.0405475,0.8043875
0.0,spb-hid-e-20272845,hidden_state_dependency,1,1.009085,0.0
0.0,spb-hid-h-20272930,hidden_state_dependency,1,0.83513,0.0
0.0,spb-hid-e-20273202,hidden_state_dependency,0,0.9988275,0.7779475000000002
0.0,spb-hid-e-20273355,hidden_state_dependency,1,1.01947,0.0
0.0,spb-hid-h-20273542,hidden_state_dependency,0,0.7048525,1.3178300000000003
0.0,spb-hid-e-20273610,hidden_state_dependency,0,0.9672925,0.8294349999999998
0.0,spb-hid-e-20273763,hidden_state_dependency,0,0.9796499999999999,0.8633625
0.0,spb-hid-m-20273831,hidden_state_dependency,0,1.0592275,0.6749
0.0,spb-hid-e-20273865,hidden_state_dependency,0,0.991025,0.8358125000000001
0.0,spb-hid-h-20274001,hidden_state_dependency,0,0.8763025,1.1186875
0.0,spb-hid-e-20274018,hidden_state_dependency,1,0.9799424999999999,0.0
0.0,spb-hid-m-20274086,hidden_state_dependency,1,1.2112275,0.0
0.0,spb-hid-e-20274222,hidden_state_dependency,1,0.998785,0.0
0.0,spb-hid-e-20274273,hidden_state_dependency,1,1.03244,0.0
0.0,spb-hid-m-20274443,hidden_state_dependency,1,1.06446,0.0
0.0,spb-hid-m-20274494,hidden_state_dependency,1,0.9732399999999999,0.0
0.0,spb-hid-h-20274511,hidden_state_dependency,0,0.8778875,0.9564575000000001
0.0,spb-hid-h-20274715,hidden_state_dependency,0,0.82674,0.9502025000000001
0.0,spb-hid-m-20274851,hidden_state_dependency,0,0.89036,0.9005975000000002
0.0,spb-hid-h-20275225,hidden_state_dependency,0,0.9261474999999999,1.01242
0.0,spb-hid-e-20275242,hidden_state_dependency,0,1.07004,0.7162424999999997
0.0,spb-hid-m-20275361,hidden_state_dependency,1,0.9714925000000001,0.0
0.0,spb-hid-h-20275480,hidden_state_dependency,1,1.1960575000000002,0.0
0.0,spb-hid-e-20275548,hidden_state_dependency,1,1.1007475,0.0
0.0,spb-hid-e-20275599,hidden_state_dependency,1,1.0272525,0.0
0.0,spb-hid-m-20275820,hidden_state_dependency,0,1.0710600000000001,0.8755249999999999
0.0,spb-hid-h-20275837,hidden_state_dependency,1,1.0109724999999998,0.0
0.0,spb-hid-e-20275854,hidden_state_dependency,0,0.965645,0.907655
0.0,spb-hid-m-20275871,hidden_state_dependency,0,1.0035975,0.7533975000000002
0.0,spb-hid-e-20275956,hidden_state_dependency,0,1.047215,0.7267099999999997
0.0,spb-hid-m-20276024,hidden_state_dependency,0,1.236095,0.6551175
0.0,spb-hid-e-20276109,hidden_state_dependency,1,0.987605,0.0
0.0,spb-hid-e-20276211,hidden_state_dependency,1,0.9576225,0.0
0.0,spb-hid-m-20276381,hidden_state_dependency,0,1.10229,0.8017349999999999
0.0,spb-hid-h-20276398,hidden_state_dependency,0,0.9733699999999998,0.9889325000000002
0.0,spb-hid-m-20276636,hidden_state_dependency,0,1.100195,0.7283625
0.0,spb-hid-e-20276670,hidden_state_dependency,0,1.0185175000000002,0.7369524999999999
0.0,spb-hid-h-20276857,hidden_state_dependency,0,0.8028774999999999,0.9696
0.0,spb-hid-h-20277061,hidden_state_dependency,0,0.9384725,0.9321075000000001
0.0,spb-hid-e-20277129,hidden_state_dependency,1,0.9972175,0.0
0.0,spb-hid-m-20277197,hidden_state_dependency,1,0.77282,0.0
0.0,spb-hid-e-20277231,hidden_state_dependency,0,0.9978925000000001,0.7828275
0.0,spb-hid-m-20277248,hidden_state_dependency,1,1.1170175,0.0
0.0,spb-hid-h-20277265,hidden_state_dependency,1,0.8125249999999999,0.0
0.0,spb-hid-e-20277333,hidden_state_dependency,0,1.04189,0.7055625000000001
0.0,spb-hid-h-20277520,hidden_state_dependency,0,0.7298175,0.8494425000000001
0.0,spb-hid-h-20277775,hidden_state_dependency,1,0.8006449999999999,0.0
0.0,spb-hid-h-20277877,hidden_state_dependency,0,1.026875,0.46835000000000004
0.0,spb-per-e-20277928,permission_tool_availability,1,0.8210575,0.0
0.0,spb-per-m-20277945,permission_tool_availability,0,1.0039875,1.109845
0.0,spb-per-h-20277962,permission_tool_availability,0,0.668485,1.5114125
0.0,spb-per-m-20278047,permission_tool_availability,1,0.801775,0.0
0.0,spb-per-e-20278336,permission_tool_availability,1,0.776805,0.0
0.0,spb-per-m-20278353,permission_tool_availability,1,0.906615,0.0
0.0,spb-per-h-20278421,permission_tool_availability,1,1.0683275,0.0
0.0,spb-per-h-20278523,permission_tool_availability,1,0.817865,0.0
0.0,spb-per-m-20278557,permission_tool_availability,0,0.6667974999999999,1.3109425
0.0,spb-per-h-20278625,permission_tool_availability,1,0.9810574999999999,0.0
0.0,spb-per-m-20278659,permission_tool_availability,1,0.843275,0.0
0.0,spb-per-m-20278710,permission_tool_availability,0,0.948415,1.1077649999999999
0.0,spb-per-m-20279016,permission_tool_availability,1,0.913295,0.0
0.0,spb-per-m-20279067,permission_tool_availability,0,0.800105,1.1095899999999999
0.0,spb-per-m-20279169,permission_tool_availability,0,0.821805,1.0946875
0.0,spb-per-h-20279186,permission_tool_availability,1,0.69169,0.0
0.0,spb-per-e-20279305,permission_tool_availability,0,0.7841100000000001,1.1362325
0.0,spb-per-m-20279373,permission_tool_availability,0,0.840625,1.2554075000000002
0.0,spb-per-h-20279696,permission_tool_availability,1,0.3780075,0.0
0.0,spb-per-m-20279730,permission_tool_availability,1,0.8273400000000001,0.0
0.0,spb-per-m-20280036,permission_tool_availability,1,0.78973,0.0
0.0,spb-per-m-20280393,permission_tool_availability,1,0.8116074999999999,0.0
0.0,spb-per-e-20280427,permission_tool_availability,0,0.8153225,1.1562375
0.0,spb-per-e-20280478,permission_tool_availability,0,0.8874625,1.1057999999999997
0.0,spb-per-h-20280512,permission_tool_availability,1,0.7429574999999999,0.0
0.0,spb-per-m-20280546,permission_tool_availability,0,0.7637050000000001,1.17922
0.0,spb-per-e-20280631,permission_tool_availability,1,0.8313875,0.0
0.0,spb-per-m-20280648,permission_tool_availability,0,1.0448475,0.9651350000000001
0.0,spb-per-m-20280750,permission_tool_availability,1,0.7858700000000001,0.0
0.0,spb-per-h-20280767,permission_tool_availability,0,0.6908175000000001,1.4012950000000002
0.0,spb-per-m-20280801,permission_tool_availability,1,0.761055,0.0
0.0,spb-per-h-20280818,permission_tool_availability,0,0.52329,1.6446274999999997
0.0,spb-per-h-20280971,permission_tool_availability,0,0.73904,1.389945
0.0,spb-per-h-20281022,permission_tool_availability,1,1.052605,0.0
0.0,spb-per-h-20281277,permission_tool_availability,1,1.0727825,0.0
0.0,spb-per-h-20281328,permission_tool_availability,0,0.752055,1.2714500000000002
0.0,spb-per-e-20281345,permission_tool_availability,0,0.76365,1.2927175000000002
0.0,spb-per-m-20281362,permission_tool_availability,0,0.7184075,1.2269550000000002
0.0,spb-per-m-20281974,permission_tool_availability,1,0.7952350000000001,0.0
0.0,spb-per-m-20282178,permission_tool_availability,1,0.7352875000000001,0.0
0.0,spb-per-e-20282263,permission_tool_availability,1,0.73343,0.0
0.0,spb-per-m-20282382,permission_tool_availability,0,0.8376975,1.1612400000000003
0.0,spb-per-h-20282399,permission_tool_availability,1,0.85954,0.0
0.0,spb-per-e-20282569,permission_tool_availability,0,0.78898,1.2560775
0.0,spb-per-e-20282671,permission_tool_availability,0,0.882605,1.1466675000000004
0.0,spb-per-m-20282688,permission_tool_availability,1,0.5854775,0.0
0.0,spb-per-m-20282739,permission_tool_availability,1,0.717125,0.0
0.0,spb-per-m-20282892,permission_tool_availability,1,0.6880675,0.0
0.0,spb-per-e-20282977,permission_tool_availability,1,0.7741399999999999,0.0
0.0,spb-per-h-20283113,permission_tool_availability,1,0.8566025,0.0
0.0,spb-per-e-20283130,permission_tool_availability,1,0.7691975,0.0
0.0,spb-per-h-20283266,permission_tool_availability,1,0.47428,0.0
0.0,spb-per-m-20283504,permission_tool_availability,1,0.794155,0.0
0.0,spb-per-m-20283555,permission_tool_availability,1,0.949515,0.0
0.0,spb-per-h-20283572,permission_tool_availability,1,0.43139250000000007,0.0
0.0,spb-per-m-20283708,permission_tool_availability,1,0.7722199999999999,0.0
0.0,spb-per-m-20283759,permission_tool_availability,0,0.8567149999999999,1.1233625000000003
0.0,spb-per-h-20283827,permission_tool_availability,1,1.1253175,0.0
0.0,spb-per-e-20283844,permission_tool_availability,1,0.808115,0.0
0.0,spb-per-m-20283861,permission_tool_availability,0,0.8833775,0.9787
0.0,spb-per-m-20283963,permission_tool_availability,1,0.75046,0.0
0.0,spb-per-m-20284065,permission_tool_availability,1,0.8955374999999999,0.0
0.0,spb-per-h-20284082,permission_tool_availability,1,0.7906775,0.0
0.0,spb-per-e-20284252,permission_tool_availability,1,0.7499275,0.0
0.0,spb-per-h-20284337,permission_tool_availability,0,1.272135,0.9708074999999998
0.0,spb-per-e-20284405,permission_tool_availability,0,0.7345775,1.2472400000000001
0.0,spb-per-m-20284422,permission_tool_availability,1,0.78876,0.0
0.0,spb-per-m-20284473,permission_tool_availability,1,0.9793025,0.0
0.0,spb-per-m-20284779,permission_tool_availability,0,0.89035,0.967025
0.0,spb-per-h-20284847,permission_tool_availability,0,0.8780574999999999,1.0901100000000001
0.0,spb-per-e-20284864,permission_tool_availability,1,0.79802,0.0
0.0,spb-per-e-20284915,permission_tool_availability,1,0.8393975,0.0
0.0,spb-per-h-20285000,permission_tool_availability,0,0.4891025,1.3422225
0.0,spb-per-e-20285119,permission_tool_availability,0,0.8339975000000001,1.1448075000000002
0.0,spb-per-e-20285374,permission_tool_availability,0,0.7702125,1.1349675
0.0,spb-per-m-20285442,permission_tool_availability,0,0.98266,1.007355
0.0,spb-per-h-20285612,permission_tool_availability,0,0.77796,1.5248025
0.0,spb-per-e-20285629,permission_tool_availability,0,0.844465,1.1346524999999998
0.0,spb-per-e-20285680,permission_tool_availability,1,0.79674,0.0
0.0,spb-per-h-20285816,permission_tool_availability,1,0.9702250000000001,0.0
0.0,spb-per-e-20285986,permission_tool_availability,0,0.7724975000000001,1.225155
0.0,spb-per-e-20286037,permission_tool_availability,1,0.806825,0.0
0.0,spb-per-m-20286156,permission_tool_availability,1,0.678025,0.0
0.0,spb-per-m-20286411,permission_tool_availability,0,0.810745,1.205065
0.0,spb-per-h-20286632,permission_tool_availability,1,0.9890800000000001,0.0
0.0,spb-per-h-20286734,permission_tool_availability,1,0.46977250000000004,0.0
0.0,spb-per-e-20287057,permission_tool_availability,1,0.816215,0.0
0.0,spb-per-h-20287091,permission_tool_availability,1,0.7813275,0.0
0.0,spb-per-e-20287312,permission_tool_availability,0,0.817625,1.2252099999999997
0.0,spb-per-h-20287448,permission_tool_availability,1,0.9217175,0.0
0.0,spb-per-m-20287482,permission_tool_availability,1,0.736775,0.0
0.0,spb-per-h-20287703,permission_tool_availability,1,1.1525075,0.0
0.0,spb-per-e-20287924,permission_tool_availability,1,0.77754,0.0
0.0,spb-per-m-20287941,permission_tool_availability,0,0.8653074999999999,1.0636200000000002
0.0,spb-per-m-20287992,permission_tool_availability,1,0.7962400000000001,0.0
0.0,spb-per-e-20288179,permission_tool_availability,0,0.81619,1.2404325
0.0,spb-per-h-20288264,permission_tool_availability,1,0.6936775,0.0
0.0,spb-per-h-20288366,permission_tool_availability,1,0.74664,0.0
0.0,spb-per-h-20288417,permission_tool_availability,0,0.5050450000000001,1.4841224999999998
0.0,spb-per-e-20288485,permission_tool_availability,0,0.81841,1.20073
0.0,spb-per-e-20288587,permission_tool_availability,0,0.805645,1.2198950000000004
0.0,spb-per-m-20288655,permission_tool_availability,1,0.8156224999999999,0.0
0.0,spb-per-m-20288706,permission_tool_availability,0,0.93952,1.05607
0.0,spb-per-m-20288910,permission_tool_availability,0,0.709515,1.3754400000000002
0.0,spb-per-m-20289114,permission_tool_availability,0,0.8344349999999999,1.160135
0.0,spb-per-h-20289182,permission_tool_availability,0,0.8165099999999998,1.1738625000000003
0.0,spb-per-m-20289216,permission_tool_availability,0,0.727715,1.312585
0.0,spb-per-e-20289250,permission_tool_availability,1,0.8121525,0.0
0.0,spb-per-e-20289301,permission_tool_availability,1,0.83201,0.0
0.0,spb-per-e-20289352,permission_tool_availability,0,0.7768375,1.2334674999999997
0.0,spb-per-m-20289369,permission_tool_availability,0,0.8310275,1.3132749999999997
0.0,spb-per-m-20289471,permission_tool_availability,0,0.8445175,1.1849549999999998
0.0,spb-per-e-20289556,permission_tool_availability,1,0.753575,0.0
0.0,spb-per-e-20289811,permission_tool_availability,1,0.817185,0.0
0.0,spb-per-m-20289930,permission_tool_availability,0,0.833415,1.1743700000000001
0.0,spb-per-e-20290066,permission_tool_availability,0,0.7483299999999999,1.1878325
0.0,spb-per-m-20290083,permission_tool_availability,0,0.96872,1.1420924999999997
0.0,spb-per-m-20290134,permission_tool_availability,0,0.804065,1.1855375000000001
0.0,spb-per-e-20290219,permission_tool_availability,0,0.8778175,1.08468
0.0,spb-per-h-20290253,permission_tool_availability,1,0.679515,0.0
0.0,spb-per-e-20290372,permission_tool_availability,0,0.8553600000000001,1.194
0.0,spb-per-h-20290406,permission_tool_availability,1,0.7244025,0.0
0.0,spb-per-e-20290525,permission_tool_availability,0,0.8224275,1.2371975000000002
0.0,spb-per-h-20290610,permission_tool_availability,1,0.79603,0.0
0.0,spb-per-h-20290661,permission_tool_availability,1,0.7886099999999999,0.0
0.0,spb-per-e-20290678,permission_tool_availability,1,0.8505524999999999,0.0
0.0,spb-per-h-20290712,permission_tool_availability,0,0.8312575,0.9819724999999999
0.0,spb-per-m-20290797,permission_tool_availability,1,0.8661000000000001,0.0
0.0,spb-per-e-20290831,permission_tool_availability,1,0.854835,0.0
0.0,spb-per-h-20290865,permission_tool_availability,1,0.85522,0.0
0.0,spb-per-e-20290882,permission_tool_availability,1,0.7900750000000001,0.0
0.0,spb-per-m-20290950,permission_tool_availability,0,0.768715,1.2971199999999998
0.0,spb-per-e-20290984,permission_tool_availability,1,0.8406500000000001,0.0
0.0,spb-per-h-20291171,permission_tool_availability,0,1.0349175000000002,0.9046425
0.0,spb-per-m-20291256,permission_tool_availability,0,0.8394275,0.926545
0.0,spb-per-e-20291494,permission_tool_availability,0,0.7740475,1.1601050000000002
0.0,spb-per-h-20291630,permission_tool_availability,1,0.8752775,0.0
0.0,spb-per-e-20291749,permission_tool_availability,0,0.8242975000000001,1.2135275
0.0,spb-per-h-20291936,permission_tool_availability,1,0.8908025000000002,0.0
0.0,spb-per-h-20291987,permission_tool_availability,1,1.03533,0.0
0.0,spb-per-e-20292106,permission_tool_availability,1,0.8225549999999999,0.0
0.0,spb-per-h-20292497,permission_tool_availability,0,1.00968,0.99281
0.0,spb-per-h-20292548,permission_tool_availability,1,0.6163025000000001,0.0
0.0,spb-per-e-20292565,permission_tool_availability,0,0.77849,1.1648975
0.0,spb-per-e-20292616,permission_tool_availability,1,0.7736449999999999,0.0
0.0,spb-per-e-20292718,permission_tool_availability,1,0.88077,0.0
0.0,spb-per-e-20292820,permission_tool_availability,1,0.765835,0.0
0.0,spb-per-e-20292973,permission_tool_availability,1,0.8377300000000001,0.0
0.0,spb-per-e-20293177,permission_tool_availability,1,0.7748375000000001,0.0
0.0,spb-per-h-20293313,permission_tool_availability,0,0.545945,1.5233949999999998
0.0,spb-per-h-20293466,permission_tool_availability,1,0.70609,0.0
0.0,spb-per-h-20293517,permission_tool_availability,1,0.9470625000000001,0.0
0.0,spb-per-h-20293619,permission_tool_availability,1,0.4643775,0.0
0.0,spb-per-e-20293738,permission_tool_availability,0,0.7485999999999999,1.1652875
0.0,spb-per-h-20293772,permission_tool_availability,0,0.67342,1.4618725000000001
0.0,spb-per-e-20293891,permission_tool_availability,1,0.8961975,0.0
0.0,spb-per-m-20293959,permission_tool_availability,0,0.7980775,0.95915
0.0,spb-per-e-20294095,permission_tool_availability,1,0.8160375,0.0
0.0,spb-per-m-20294112,permission_tool_availability,1,0.7764074999999999,0.0
0.0,spb-per-h-20294129,permission_tool_availability,0,0.58083,1.5023125000000002
0.0,spb-per-m-20294265,permission_tool_availability,1,0.640845,0.0
0.0,spb-per-e-20294350,permission_tool_availability,1,0.7922525,0.0
0.0,spb-per-e-20294452,permission_tool_availability,1,0.8534125,0.0
0.0,spb-per-m-20294673,permission_tool_availability,0,0.8050275,1.133715
0.0,spb-per-h-20294792,permission_tool_availability,0,0.6651875,1.506665
0.0,spb-obj-m-20295081,object_property_uncertainty,1,1.1871749999999999,0.0
0.0,spb-obj-e-20295370,object_property_uncertainty,0,1.215385,0.5931425000000001
0.0,spb-obj-h-20295404,object_property_uncertainty,1,1.34248,0.0
0.0,spb-obj-h-20295506,object_property_uncertainty,0,1.1597725,0.7383899999999999
0.0,spb-obj-e-20295574,object_property_uncertainty,0,1.1345925000000001,0.6435849999999999
0.0,spb-obj-m-20295591,object_property_uncertainty,0,1.39179,0.25248749999999975
0.0,spb-obj-h-20295710,object_property_uncertainty,0,1.2945875,0.653745
0.0,spb-obj-h-20296118,object_property_uncertainty,0,1.2049575,0.6522825000000001
0.0,spb-obj-m-20296356,object_property_uncertainty,0,1.2410475,0.547085
0.0,spb-obj-e-20296441,object_property_uncertainty,1,1.18595,0.0
0.0,spb-obj-h-20296526,object_property_uncertainty,0,1.347305,0.2781225000000003
0.0,spb-obj-h-20296577,object_property_uncertainty,1,1.1123699999999999,0.0
0.0,spb-obj-m-20296611,object_property_uncertainty,1,1.3234400000000002,0.0
0.0,spb-obj-h-20297138,object_property_uncertainty,0,1.2809075,0.7221474999999997
0.0,spb-obj-h-20297189,object_property_uncertainty,0,0.8239375,1.107395
0.0,spb-obj-e-20297308,object_property_uncertainty,0,1.2046175,0.5837675
0.0,spb-obj-e-20297359,object_property_uncertainty,0,1.165555,0.6510549999999999
0.0,spb-obj-h-20297393,object_property_uncertainty,1,1.2687075,0.0
0.0,spb-obj-e-20297563,object_property_uncertainty,0,1.246565,0.5971150000000001
0.0,spb-obj-h-20297597,object_property_uncertainty,1,1.3320474999999998,0.0
0.0,spb-obj-e-20297614,object_property_uncertainty,0,1.2066625,0.5671074999999999
0.0,spb-obj-e-20297818,object_property_uncertainty,1,1.1213875,0.0
0.0,spb-obj-e-20297869,object_property_uncertainty,0,1.242705,0.47528250000000005
0.0,spb-obj-h-20297903,object_property_uncertainty,1,1.1601124999999999,0.0
0.0,spb-obj-h-20298107,object_property_uncertainty,0,1.29907,0.4279625
0.0,spb-obj-h-20298209,object_property_uncertainty,1,1.21536,0.0
0.0,spb-obj-e-20298277,object_property_uncertainty,0,1.21115,0.5655025
0.0,spb-obj-h-20298311,object_property_uncertainty,1,1.0552725,0.0
0.0,spb-obj-h-20298362,object_property_uncertainty,0,1.2477625,1.0646775
0.0,spb-obj-m-20298600,object_property_uncertainty,1,1.2738225,0.0
0.0,spb-obj-h-20298770,object_property_uncertainty,1,1.2356775,0.0
0.0,spb-obj-e-20298787,object_property_uncertainty,0,1.1405975000000002,0.6663524999999999
0.0,spb-obj-e-20299042,object_property_uncertainty,0,1.140655,0.62409
0.0,spb-obj-m-20299059,object_property_uncertainty,1,1.2404125,0.0
0.0,spb-obj-e-20299246,object_property_uncertainty,0,1.2029450000000002,0.5885974999999999
0.0,spb-obj-e-20299297,object_property_uncertainty,0,1.2274574999999999,0.5202550000000001
0.0,spb-obj-m-20299722,object_property_uncertainty,0,1.089315,0.8880949999999999
0.0,spb-obj-e-20299756,object_property_uncertainty,1,1.1802899999999998,0.0
0.0,spb-obj-h-20299943,object_property_uncertainty,0,1.1512149999999999,0.5137975000000001
0.0,spb-obj-h-20300045,object_property_uncertainty,1,1.3101949999999998,0.0
0.0,spb-obj-h-20300147,object_property_uncertainty,1,1.15611,0.0
0.0,spb-obj-m-20300232,object_property_uncertainty,0,1.1778525,0.6224050000000001
0.0,spb-obj-m-20300334,object_property_uncertainty,0,1.2114875,0.49136749999999996
0.0,spb-obj-m-20300487,object_property_uncertainty,0,1.20875,0.5305250000000001
0.0,spb-obj-e-20300572,object_property_uncertainty,1,1.16284,0.0
0.0,spb-obj-m-20300589,object_property_uncertainty,0,1.2302125,0.60914
0.0,spb-obj-h-20300606,object_property_uncertainty,0,1.1473825,0.6165099999999999
0.0,spb-obj-e-20300623,object_property_uncertainty,0,1.2329475,0.5511625
0.0,spb-obj-m-20300895,object_property_uncertainty,1,1.0939575,0.0
0.0,spb-obj-m-20301252,object_property_uncertainty,0,1.1728475,0.5487124999999999
0.0,spb-obj-h-20301269,object_property_uncertainty,1,1.055385,0.0
0.0,spb-obj-e-20301388,object_property_uncertainty,0,1.1635525,0.6520349999999999
0.0,spb-obj-e-20301490,object_property_uncertainty,0,1.2081024999999999,0.5141300000000002
0.0,spb-obj-m-20301507,object_property_uncertainty,1,1.32326,0.0
0.0,spb-obj-h-20301626,object_property_uncertainty,0,1.405395,0.004057500000000047
0.0,spb-obj-e-20301643,object_property_uncertainty,1,1.1930475,0.0
0.0,spb-obj-e-20301694,object_property_uncertainty,0,1.17293,0.5890399999999998
0.0,spb-obj-m-20301864,object_property_uncertainty,1,1.0873724999999999,0.0
0.0,spb-obj-e-20302051,object_property_uncertainty,0,1.1637324999999998,0.6169400000000003
0.0,spb-obj-e-20302459,object_property_uncertainty,0,1.2328625,0.5551374999999998
0.0,spb-obj-h-20302493,object_property_uncertainty,0,1.1832225,0.7044925
0.0,spb-obj-e-20302561,object_property_uncertainty,1,1.27162,0.0
0.0,spb-obj-m-20302680,object_property_uncertainty,1,1.2648175,0.0
0.0,spb-obj-e-20302714,object_property_uncertainty,0,1.1666675,0.6350849999999999
0.0,spb-obj-m-20302731,object_property_uncertainty,0,1.1958575,0.6152475
0.0,spb-obj-e-20303020,object_property_uncertainty,1,1.1987774999999998,0.0
0.0,spb-obj-m-20303088,object_property_uncertainty,0,1.2495025,0.6980600000000001
0.0,spb-obj-h-20303972,object_property_uncertainty,1,1.1153075000000001,0.0
0.0,spb-obj-m-20304006,object_property_uncertainty,1,1.0849175,0.0
0.0,spb-obj-h-20304074,object_property_uncertainty,0,1.153345,0.7649074999999999
0.0,spb-obj-e-20304142,object_property_uncertainty,1,1.20816,0.0
0.0,spb-obj-m-20304210,object_property_uncertainty,0,1.1896875,0.48719750000000017
0.0,spb-obj-e-20304346,object_property_uncertainty,1,1.1565474999999998,0.0
0.0,spb-obj-m-20304363,object_property_uncertainty,1,1.235115,0.0
0.0,spb-obj-e-20304448,object_property_uncertainty,1,1.2312575000000001,0.0
0.0,spb-obj-m-20304465,object_property_uncertainty,0,1.2027875,0.5440849999999999
0.0,spb-obj-m-20304516,object_property_uncertainty,0,1.03506,0.5459849999999997
0.0,spb-obj-h-20304635,object_property_uncertainty,0,1.1760575,0.3280124999999998
0.0,spb-obj-e-20304652,object_property_uncertainty,1,1.2299775,0.0
0.0,spb-obj-m-20304924,object_property_uncertainty,1,1.1239675,0.0
0.0,spb-obj-m-20305128,object_property_uncertainty,1,1.399395,0.0
0.0,spb-obj-m-20305179,object_property_uncertainty,1,1.1363375,0.0
0.0,spb-obj-m-20305281,object_property_uncertainty,1,1.24294,0.0
0.0,spb-obj-m-20305332,object_property_uncertainty,0,1.009935,0.764445
0.0,spb-obj-e-20305570,object_property_uncertainty,1,1.1527850000000002,0.0
0.0,spb-obj-h-20305655,object_property_uncertainty,0,1.0908025,0.6206575000000001
0.0,spb-obj-e-20305927,object_property_uncertainty,1,1.194955,0.0
0.0,spb-obj-m-20306250,object_property_uncertainty,0,1.34771,0.6565225000000001
0.0,spb-obj-h-20306267,object_property_uncertainty,0,1.4395975,0.6563275000000002
0.0,spb-obj-e-20306437,object_property_uncertainty,1,1.177935,0.0
0.0,spb-obj-e-20306539,object_property_uncertainty,1,1.2992875,0.0
0.0,spb-obj-h-20306624,object_property_uncertainty,0,1.14605,0.8865675000000002
0.0,spb-obj-h-20306726,object_property_uncertainty,1,1.2024124999999999,0.0
0.0,spb-obj-h-20306930,object_property_uncertainty,1,0.9533550000000001,0.0
0.0,spb-obj-h-20307185,object_property_uncertainty,1,1.2939900000000002,0.0
0.0,spb-obj-e-20307202,object_property_uncertainty,0,1.14393,0.6373050000000002
0.0,spb-obj-m-20307219,object_property_uncertainty,1,1.2692525000000001,0.0
0.0,spb-obj-e-20307253,object_property_uncertainty,1,1.2730875000000001,0.0
0.0,spb-obj-m-20307270,object_property_uncertainty,0,1.1948874999999999,0.6231950000000002
0.0,spb-obj-e-20307712,object_property_uncertainty,1,1.2072749999999999,0.0
0.0,spb-obj-m-20307780,object_property_uncertainty,1,1.234105,0.0
0.0,spb-obj-e-20307814,object_property_uncertainty,1,1.209755,0.0
0.0,spb-obj-m-20307882,object_property_uncertainty,0,1.272235,0.49144999999999994
0.0,spb-obj-e-20307916,object_property_uncertainty,1,1.2209400000000001,0.0
0.0,spb-obj-m-20307933,object_property_uncertainty,1,1.3078275000000001,0.0
0.0,spb-obj-m-20307984,object_property_uncertainty,0,1.2845125,0.4804875000000002
0.0,spb-obj-m-20308188,object_property_uncertainty,1,1.1231149999999999,0.0
0.0,spb-obj-m-20308341,object_property_uncertainty,0,1.3432625,0.38195750000000017
0.0,spb-obj-m-20308494,object_property_uncertainty,1,1.2392825,0.0
0.0,spb-obj-e-20308681,object_property_uncertainty,1,1.1727824999999998,0.0
0.0,spb-obj-e-20308732,object_property_uncertainty,0,1.1865124999999999,0.6442825000000001
0.0,spb-obj-h-20308817,object_property_uncertainty,0,1.0838975,0.9206500000000002
0.0,spb-obj-m-20308851,object_property_uncertainty,1,1.04145,0.0
0.0,spb-obj-m-20308902,object_property_uncertainty,0,1.16397,0.577825
0.0,spb-obj-e-20308987,object_property_uncertainty,1,1.2035475,0.0
0.0,spb-obj-h-20309021,object_property_uncertainty,0,1.0041175,0.6269849999999999
0.0,spb-obj-m-20309055,object_property_uncertainty,1,1.12406,0.0
0.0,spb-obj-h-20309276,object_property_uncertainty,0,1.346555,0.35097
0.0,spb-obj-e-20309395,object_property_uncertainty,0,1.1888125,0.6182449999999999
0.0,spb-obj-e-20309599,object_property_uncertainty,0,1.1873275,0.64866
0.0,spb-obj-h-20309684,object_property_uncertainty,0,1.40616,0.5504249999999997
0.0,spb-obj-m-20309871,object_property_uncertainty,1,1.1636825000000002,0.0
0.0,spb-obj-m-20310075,object_property_uncertainty,0,1.1337975,0.6136175000000001
0.0,spb-obj-e-20310211,object_property_uncertainty,1,1.2054875,0.0
0.0,spb-obj-m-20310534,object_property_uncertainty,0,1.13955,0.5959899999999998
0.0,spb-obj-h-20310551,object_property_uncertainty,0,1.1191875,1.1163399999999999
0.0,spb-obj-h-20310602,object_property_uncertainty,1,1.3251525,0.0
0.0,spb-obj-e-20310670,object_property_uncertainty,1,1.1433024999999999,0.0
0.0,spb-obj-e-20310772,object_property_uncertainty,0,1.1829049999999999,0.6470550000000002
0.0,spb-obj-h-20311061,object_property_uncertainty,1,1.3906575,0.0
0.0,spb-obj-h-20311112,object_property_uncertainty,1,0.8556374999999999,0.0
0.0,spb-obj-m-20311299,object_property_uncertainty,0,1.1426325,0.5581525000000003
0.0,spb-obj-h-20311316,object_property_uncertainty,0,0.80359,0.8470675000000001
0.0,spb-obj-m-20311401,object_property_uncertainty,1,1.0437024999999998,0.0
0.0,spb-obj-e-20311537,object_property_uncertainty,0,1.1808049999999999,0.6024425
0.0,spb-obj-e-20311588,object_property_uncertainty,0,1.1981975,0.628835
0.0,spb-obj-h-20311622,object_property_uncertainty,1,1.0954175000000002,0.0
0.0,spb-obj-h-20311673,object_property_uncertainty,0,1.3330199999999999,0.3061275000000001
0.0,spb-obj-e-20311792,object_property_uncertainty,1,1.2755049999999999,0.0
0.0,spb-obj-m-20311809,object_property_uncertainty,1,1.2089775,0.0
0.0,spb-obj-h-20311877,object_property_uncertainty,1,1.2469575,0.0
0.0,spb-res-m-20311979,resource_constraint,0,0.7149475,0.7998875000000002
0.0,spb-res-e-20312115,resource_constraint,1,0.7734975000000001,0.0
0.0,spb-res-m-20312234,resource_constraint,1,0.7418525,0.0
0.0,spb-res-e-20312268,resource_constraint,1,0.7778400000000001,0.0
0.0,spb-res-e-20312319,resource_constraint,1,0.7631525,0.0
0.0,spb-res-h-20312404,resource_constraint,1,0.7495225,0.0
0.0,spb-res-e-20312421,resource_constraint,0,0.765405,0.7603449999999999
0.0,spb-res-m-20312438,resource_constraint,1,0.8922025000000001,0.0
0.0,spb-res-h-20312455,resource_constraint,1,0.7335400000000001,0.0
0.0,spb-res-m-20312540,resource_constraint,0,0.809565,0.7188575000000003
0.0,spb-res-e-20312676,resource_constraint,1,0.791295,0.0
0.0,spb-res-h-20312761,resource_constraint,0,0.775095,1.082045
0.0,spb-res-m-20312897,resource_constraint,0,0.7139725000000001,0.811685
0.0,spb-res-m-20313407,resource_constraint,1,0.6835249999999999,0.0
0.0,spb-res-e-20313441,resource_constraint,1,0.7843825000000001,0.0
0.0,spb-res-h-20313628,resource_constraint,0,0.5835225,0.14739499999999994
0.0,spb-res-h-20313832,resource_constraint,1,0.976225,0.0
0.0,spb-res-m-20313866,resource_constraint,0,0.812285,0.7125449999999999
0.0,spb-res-h-20314138,resource_constraint,0,0.490615,0.906995
0.0,spb-res-m-20314172,resource_constraint,1,0.6505775,0.0
0.0,spb-res-e-20314206,resource_constraint,0,0.81633,0.7080875
0.0,spb-res-m-20314274,resource_constraint,0,0.91614,0.546645
0.0,spb-res-h-20314291,resource_constraint,0,0.9884575,0.38482249999999985
0.0,spb-res-e-20314308,resource_constraint,1,0.825815,0.0
0.0,spb-res-m-20314376,resource_constraint,0,0.7291325,0.9265675
0.0,spb-res-h-20314393,resource_constraint,0,0.5999875,0.9257925000000001
0.0,spb-res-e-20314665,resource_constraint,1,0.812685,0.0
0.0,spb-res-e-20314818,resource_constraint,0,0.77203,0.7047149999999998
0.0,spb-res-h-20314852,resource_constraint,0,0.7116275000000001,0.8934749999999998
0.0,spb-res-h-20314903,resource_constraint,1,0.71718,0.0
0.0,spb-res-e-20314920,resource_constraint,1,0.79121,0.0
0.0,spb-res-h-20314954,resource_constraint,0,0.8012649999999999,0.5601575000000001
0.0,spb-res-h-20315005,resource_constraint,0,0.49971750000000004,0.34906000000000004
0.0,spb-res-m-20315090,resource_constraint,1,0.5513300000000001,0.0
0.0,spb-res-e-20315226,resource_constraint,0,0.8253525,0.6381674999999999
0.0,spb-res-e-20315277,resource_constraint,0,0.797835,0.6730499999999998
0.0,spb-res-m-20315345,resource_constraint,0,0.8506275000000001,0.6819549999999996
0.0,spb-res-m-20315498,resource_constraint,0,0.8176800000000001,0.7286549999999999
0.0,spb-res-h-20315566,resource_constraint,1,0.820955,0.0
0.0,spb-res-m-20315906,resource_constraint,1,0.8153750000000001,0.0
0.0,spb-res-e-20315940,resource_constraint,1,0.7496075,0.0
0.0,spb-res-h-20316127,resource_constraint,1,0.917755,0.0
0.0,spb-res-e-20316144,resource_constraint,1,0.8543999999999999,0.0
0.0,spb-res-m-20316671,resource_constraint,0,0.6646775,0.8229275
0.0,spb-res-h-20316688,resource_constraint,0,1.0629875000000002,0.9188974999999999
0.0,spb-res-m-20316722,resource_constraint,1,0.7807050000000001,0.0
0.0,spb-res-h-20316892,resource_constraint,1,0.7469275,0.0
0.0,spb-res-m-20317130,resource_constraint,0,0.7358100000000001,0.6416250000000001
0.0,spb-res-h-20317351,resource_constraint,1,0.7884325,0.0
0.0,spb-res-e-20317368,resource_constraint,1,0.8079624999999999,0.0
0.0,spb-res-h-20317504,resource_constraint,0,0.49161000000000005,0.9673025
0.0,spb-res-h-20317657,resource_constraint,1,1.06713,0.0
0.0,spb-res-e-20317725,resource_constraint,1,0.7938175000000001,0.0
0.0,spb-res-m-20318150,resource_constraint,0,0.8362725000000001,0.6524525
0.0,spb-res-h-20318269,resource_constraint,0,0.72784,0.7316549999999999
0.0,spb-res-m-20318354,resource_constraint,1,0.942105,0.0
0.0,spb-res-m-20318609,resource_constraint,0,0.6507825,0.8936199999999999
0.0,spb-res-e-20318643,resource_constraint,0,0.8425525,0.6547549999999998
0.0,spb-res-e-20318694,resource_constraint,0,0.8303775,0.6851375
0.0,spb-res-e-20318847,resource_constraint,1,0.7593875,0.0
0.0,spb-res-e-20319051,resource_constraint,0,0.7738725,0.7117550000000001
0.0,spb-res-h-20319187,resource_constraint,0,0.6910375,0.7572299999999998
0.0,spb-res-e-20319204,resource_constraint,0,0.8666324999999999,0.5438825000000003
0.0,spb-res-h-20319238,resource_constraint,1,0.9770975000000001,0.0
0.0,spb-res-m-20319374,resource_constraint,0,0.8256775000000001,0.5690724999999999
0.0,spb-res-m-20319476,resource_constraint,1,0.8239225,0.0
0.0,spb-res-h-20319646,resource_constraint,1,0.8903049999999999,0.0
0.0,spb-res-m-20319731,resource_constraint,0,0.74508,0.9390925000000001
0.0,spb-res-h-20319799,resource_constraint,0,1.0038825,0.4828174999999999
0.0,spb-res-m-20320037,resource_constraint,1,0.8452075,0.0
0.0,spb-res-m-20320190,resource_constraint,0,0.7940875,0.6121950000000002
0.0,spb-res-e-20320275,resource_constraint,0,0.8224075000000001,0.6994249999999999
0.0,spb-res-h-20320309,resource_constraint,0,0.698765,0.7383000000000001
0.0,spb-res-e-20320479,resource_constraint,0,0.7166600000000001,0.8397474999999996
0.0,spb-res-h-20320717,resource_constraint,0,0.6622999999999999,0.991465
0.0,spb-res-e-20320734,resource_constraint,1,0.7567550000000001,0.0
0.0,spb-res-m-20320955,resource_constraint,1,0.7331425,0.0
0.0,spb-res-h-20320972,resource_constraint,1,0.6382350000000001,0.0
0.0,spb-res-h-20321023,resource_constraint,1,0.46868999999999994,0.0
0.0,spb-res-m-20321057,resource_constraint,1,0.8151550000000001,0.0
0.0,spb-res-m-20321108,resource_constraint,0,0.8458225,0.7291175
0.0,spb-res-h-20321125,resource_constraint,1,0.6688725000000001,0.0
0.0,spb-res-e-20321142,resource_constraint,0,0.7491800000000001,0.6978249999999998
0.0,spb-res-h-20321176,resource_constraint,1,0.5745049999999999,0.0
0.0,spb-res-m-20321312,resource_constraint,0,0.8403025,0.5452525000000001
0.0,spb-res-h-20321329,resource_constraint,1,0.85092,0.0
0.0,spb-res-e-20321346,resource_constraint,1,0.8015100000000001,0.0
0.0,spb-res-e-20321397,resource_constraint,0,0.765225,0.7842225
0.0,spb-res-m-20321414,resource_constraint,1,0.8037150000000001,0.0
0.0,spb-res-h-20321584,resource_constraint,0,0.9304074999999999,0.6746425000000001
0.0,spb-res-h-20321788,resource_constraint,1,0.7290175,0.0
0.0,spb-res-m-20321822,resource_constraint,1,0.7892349999999999,0.0
0.0,spb-res-e-20321856,resource_constraint,1,0.7622225,0.0
0.0,spb-res-e-20321958,resource_constraint,1,0.8302974999999999,0.0
0.0,spb-res-h-20321992,resource_constraint,1,0.798235,0.0
0.0,spb-res-e-20322060,resource_constraint,0,0.76446,0.7343074999999998
0.0,spb-res-m-20322128,resource_constraint,0,0.8315349999999999,0.5247000000000002
0.0,spb-res-e-20322519,resource_constraint,1,0.8164175,0.0
0.0,spb-res-h-20322604,resource_constraint,0,0.7529625,0.6481825000000001
0.0,spb-res-e-20322621,resource_constraint,0,0.79241,0.71178
0.0,spb-res-m-20322740,resource_constraint,1,0.652695,0.0
0.0,spb-res-e-20322825,resource_constraint,0,0.8157525000000001,0.63297
0.0,spb-res-e-20322927,resource_constraint,1,0.737095,0.0
0.0,spb-res-m-20322995,resource_constraint,0,0.8038475,0.7793524999999999
0.0,spb-res-h-20323114,resource_constraint,1,0.8985325,0.0
0.0,spb-res-m-20323352,resource_constraint,0,0.7922575000000001,0.8828924999999999
0.0,spb-res-e-20323488,resource_constraint,1,0.7980025,0.0
0.0,spb-res-m-20323556,resource_constraint,1,0.8248625,0.0
0.0,spb-res-m-20323709,resource_constraint,0,0.80255,0.7299325
0.0,spb-res-e-20323845,resource_constraint,0,0.734375,0.7336524999999998
0.0,spb-res-h-20323930,resource_constraint,0,0.5946400000000001,0.8840949999999999
0.0,spb-res-m-20324168,resource_constraint,0,0.766235,0.5913425000000001
0.0,spb-res-h-20324185,resource_constraint,1,0.84302,0.0
0.0,spb-res-h-20324287,resource_constraint,1,0.6831050000000001,0.0
0.0,spb-res-m-20324525,resource_constraint,1,0.7927649999999999,0.0
0.0,spb-res-h-20324644,resource_constraint,1,0.690375,0.0
0.0,spb-res-m-20324678,resource_constraint,0,0.6934825,0.8914599999999999
0.0,spb-res-m-20324729,resource_constraint,0,0.973115,0.5835575
0.0,spb-res-h-20325052,resource_constraint,1,0.5841425,0.0
0.0,spb-res-h-20325154,resource_constraint,1,0.8443075,0.0
0.0,spb-res-e-20325477,resource_constraint,1,0.75812,0.0
0.0,spb-res-e-20325528,resource_constraint,0,0.7480275000000001,0.7623224999999998
0.0,spb-res-m-20325596,resource_constraint,1,0.6925325,0.0
0.0,spb-res-h-20325664,resource_constraint,0,0.9154325,0.2509850000000001
0.0,spb-res-e-20325681,resource_constraint,0,0.9023950000000001,0.5758650000000001
0.0,spb-res-h-20325766,resource_constraint,1,0.70853,0.0
0.0,spb-res-h-20325817,resource_constraint,1,0.7219425,0.0
0.0,spb-res-m-20325851,resource_constraint,0,0.7875725,0.8094125000000001
0.0,spb-res-e-20325885,resource_constraint,1,0.7576725,0.0
0.0,spb-res-h-20325970,resource_constraint,0,0.753615,0.8434499999999999
0.0,spb-res-m-20326055,resource_constraint,0,0.89771,0.5104774999999999
0.0,spb-res-h-20326174,resource_constraint,1,0.7447649999999999,0.0
0.0,spb-res-e-20326191,resource_constraint,1,0.81069,0.0
0.0,spb-res-m-20326310,resource_constraint,1,0.7889425,0.0
0.0,spb-res-m-20326412,resource_constraint,1,0.759755,0.0
0.0,spb-res-m-20326922,resource_constraint,0,0.5546774999999999,0.01727500000000004
0.0,spb-res-h-20327041,resource_constraint,1,0.5576775,0.0
0.0,spb-res-m-20327075,resource_constraint,0,0.8143799999999999,0.6608900000000002
0.0,spb-res-h-20327143,resource_constraint,1,0.557415,0.0
0.0,spb-res-h-20327347,resource_constraint,1,0.5580949999999999,0.0
0.0,spb-res-m-20327381,resource_constraint,1,0.687355,0.0
0.0,spb-res-e-20327415,resource_constraint,1,0.8008975,0.0
0.0,spb-res-m-20327534,resource_constraint,1,0.8315625,0.0
0.0,spb-res-e-20327619,resource_constraint,0,0.787455,0.7185549999999998
0.0,spb-res-e-20327772,resource_constraint,1,0.7400875,0.0
0.0,spb-res-e-20328027,resource_constraint,1,0.845005,0.0
0.0,spb-res-e-20328078,resource_constraint,1,0.7671625,0.0
0.0,spb-res-e-20328180,resource_constraint,0,0.768615,0.7887824999999999
0.0,spb-res-m-20328248,resource_constraint,0,0.66877,0.7934500000000001
0.0,spb-res-h-20328265,resource_constraint,0,0.6720375000000001,0.9605874999999999
0.0,spb-res-h-20328316,resource_constraint,0,0.8506675,0.5146350000000001
0.0,spb-res-m-20328350,resource_constraint,1,0.9141699999999999,0.0
0.0,spb-res-h-20328367,resource_constraint,0,1.20034,0.5006425000000001
0.0,spb-res-e-20328384,resource_constraint,0,0.7554825,0.7807875000000001
0.0,spb-res-e-20328588,resource_constraint,0,0.73263,0.8236800000000001
0.0,spb-res-m-20328605,resource_constraint,0,0.9173925,0.6492374999999999
0.0,spb-res-e-20328843,resource_constraint,0,0.749905,0.7143249999999999
0.0,spb-pla-h-20328945,planning_failure,0,-0.7100299999999999,0.5547325
0.0,spb-pla-h-20329149,planning_failure,0,0.9716125,0.7169174999999999
0.0,spb-pla-h-20329200,planning_failure,0,-0.85634,0.8006125
0.0,spb-pla-e-20329319,planning_failure,0,0.9256199999999999,0.7107775000000001
0.0,spb-pla-h-20329353,planning_failure,0,-0.7300949999999999,0.8517724999999999
0.0,spb-pla-m-20329489,planning_failure,0,0.9498099999999999,0.5734750000000001
0.0,spb-pla-e-20329574,planning_failure,0,0.9040975,0.6790025
0.0,spb-pla-e-20329727,planning_failure,0,1.295375,0.30163000000000006
0.0,spb-pla-h-20329812,planning_failure,0,-0.5713525,0.43833
0.0,spb-pla-m-20329897,planning_failure,0,-1.140005,0.9609349999999999
0.0,spb-pla-e-20329931,planning_failure,0,0.9523524999999999,0.5617375
0.0,spb-pla-h-20330118,planning_failure,0,0.84049,0.8762800000000002
0.0,spb-pla-m-20330356,planning_failure,0,-0.820535,0.6805425
0.0,spb-pla-e-20330543,planning_failure,0,0.88735,0.7242299999999998
0.0,spb-pla-m-20330611,planning_failure,0,0.963735,0.5834799999999998
0.0,spb-pla-h-20330730,planning_failure,1,0.10390250000000001,0.0
0.0,spb-pla-h-20330883,planning_failure,0,0.95553,0.9556825
0.0,spb-pla-m-20331070,planning_failure,0,1.0635325,0.46777000000000024
0.0,spb-pla-h-20331087,planning_failure,0,-0.7064874999999999,0.43125499999999994
0.0,spb-pla-m-20331325,planning_failure,0,-0.7086950000000001,0.721485
0.0,spb-pla-e-20331461,planning_failure,0,-0.82813,0.689625
0.0,spb-pla-h-20331546,planning_failure,0,-1.0387499999999998,0.9585599999999999
0.0,spb-pla-h-20331648,planning_failure,0,1.2034675,0.5422450000000001
0.0,spb-pla-h-20331750,planning_failure,0,-0.6886375,0.6717375
0.0,spb-pla-m-20331835,planning_failure,0,0.9716100000000001,0.6008024999999999
0.0,spb-pla-m-20331886,planning_failure,0,-0.911475,0.9368925
0.0,spb-pla-h-20332005,planning_failure,0,0.15214499999999997,1.7372174999999999
0.0,spb-pla-e-20332022,planning_failure,0,-0.83066,0.7351025
0.0,spb-pla-m-20332039,planning_failure,0,1.0991725,0.5107325
0.0,spb-pla-e-20332175,planning_failure,0,0.8692650000000001,0.7546474999999998
0.0,spb-pla-m-20332243,planning_failure,0,-0.7715999999999998,0.5831474999999998
0.0,spb-pla-m-20332294,planning_failure,0,0.8900075000000001,0.5946925000000001
0.0,spb-pla-e-20332379,planning_failure,0,-0.762485,0.6572724999999999
0.0,spb-pla-m-20332498,planning_failure,0,0.989295,0.675765
0.0,spb-pla-h-20332515,planning_failure,0,-0.748465,0.9076850000000001
0.0,spb-pla-e-20332685,planning_failure,0,-0.7758175,0.631205
0.0,spb-pla-m-20332753,planning_failure,0,0.9506825,0.6199650000000002
0.0,spb-pla-m-20332855,planning_failure,0,-1.13182,0.94069
0.0,spb-pla-m-20333110,planning_failure,0,-1.1231325,0.96608
0.0,spb-pla-e-20333195,planning_failure,0,-0.8125025,0.6981700000000001
0.0,spb-pla-e-20333246,planning_failure,0,-0.7338625,0.57916
0.0,spb-pla-h-20333280,planning_failure,0,-0.5760325,0.3064724999999999
0.0,spb-pla-m-20333416,planning_failure,0,-0.75241,0.5183375
0.0,spb-pla-e-20333501,planning_failure,0,-0.7800325000000001,0.5102550000000001
0.0,spb-pla-h-20333535,planning_failure,0,-1.002935,0.7294324999999999
0.0,spb-pla-m-20333569,planning_failure,0,1.0965575,0.5524249999999999
0.0,spb-pla-h-20333586,planning_failure,0,-0.6633249999999999,0.6548225
0.0,spb-pla-h-20333739,planning_failure,0,-0.9252499999999999,0.6883474999999999
0.0,spb-pla-e-20333756,planning_failure,0,-0.8543025000000001,0.6760025000000001
0.0,spb-pla-m-20333824,planning_failure,0,1.069085,0.4808999999999999
0.0,spb-pla-h-20333892,planning_failure,0,-1.1832725,1.1723075
0.0,spb-pla-h-20333943,planning_failure,0,1.0122325,0.7024324999999998
0.0,spb-pla-m-20333977,planning_failure,0,-0.642325,0.45118500000000006
0.0,spb-pla-h-20334045,planning_failure,1,1.508785,0.0
0.0,spb-pla-m-20334181,planning_failure,0,1.1625375,0.42013750000000005
0.0,spb-pla-m-20334436,planning_failure,0,-0.6958325,0.634865
0.0,spb-pla-h-20334453,planning_failure,0,-0.7105975,0.432325
0.0,spb-pla-e-20334470,planning_failure,0,0.9119575,0.7226699999999999
0.0,spb-pla-m-20335303,planning_failure,0,0.9947675,0.7312275000000001
0.0,spb-pla-e-20335439,planning_failure,0,0.92373,0.6855299999999999
0.0,spb-pla-e-20335541,planning_failure,0,0.8694675,0.6697025
0.0,spb-pla-m-20335558,planning_failure,0,-1.18421,1.10302
0.0,spb-pla-h-20335626,planning_failure,0,-1.0769175,0.6030275
0.0,spb-pla-h-20335881,planning_failure,0,1.1873274999999999,0.3607775000000002
0.0,spb-pla-h-20335983,planning_failure,0,-0.7585374999999999,0.6387874999999998
0.0,spb-pla-m-20336578,planning_failure,0,0.9570099999999999,0.7385975
0.0,spb-pla-h-20336697,planning_failure,0,0.78057,0.5956074999999998
0.0,spb-pla-e-20337275,planning_failure,0,0.91405,0.6895725000000001
0.0,spb-pla-m-20337343,planning_failure,0,-0.9084249999999999,0.7873699999999999
0.0,spb-pla-h-20337411,planning_failure,0,-1.8461525,1.4040050000000002
0.0,spb-pla-e-20337428,planning_failure,0,-0.8070675,0.6316950000000001
0.0,spb-pla-e-20337683,planning_failure,0,0.896255,0.7704749999999998
0.0,spb-pla-h-20337717,planning_failure,0,-1.54524,1.5538524999999999
0.0,spb-pla-m-20337853,planning_failure,0,-1.2737574999999999,1.118445
0.0,spb-pla-m-20337904,planning_failure,0,-0.972075,0.8068025000000001
0.0,spb-pla-e-20337938,planning_failure,0,0.8872725,0.7677724999999999
0.0,spb-pla-m-20338006,planning_failure,0,-0.7833725,0.467625
0.0,spb-pla-h-20338023,planning_failure,1,-0.42536499999999994,0.0
0.0,spb-pla-e-20338040,planning_failure,0,-0.8450949999999999,0.7068999999999999
0.0,spb-pla-m-20338516,planning_failure,0,1.34747,0.23999499999999996
0.0,spb-pla-h-20338737,planning_failure,0,-0.8469475,0.82609
0.0,spb-pla-h-20338992,planning_failure,0,-0.9413849999999999,0.6133099999999999
0.0,spb-pla-e-20339009,planning_failure,0,-0.836405,0.7092449999999999
0.0,spb-pla-h-20339043,planning_failure,0,-0.9279825,0.4555875000000001
0.0,spb-pla-m-20339128,planning_failure,0,1.054535,0.54813
0.0,spb-pla-m-20339179,planning_failure,0,0.87917,0.7188700000000001
0.0,spb-pla-e-20339417,planning_failure,0,-0.7949325,0.6492450000000001
0.0,spb-pla-e-20339621,planning_failure,0,0.8641875,0.7626499999999999
0.0,spb-pla-h-20340063,planning_failure,0,0.750605,0.7639225000000001
0.0,spb-pla-e-20340080,planning_failure,0,-0.7542775,0.6180325
0.0,spb-pla-e-20340131,planning_failure,0,0.9041325,0.7001124999999999
0.0,spb-pla-h-20340216,planning_failure,0,-0.4768925,0.338075
0.0,spb-pla-m-20340301,planning_failure,0,0.752145,0.8462225000000002
0.0,spb-pla-e-20340590,planning_failure,0,0.8370375,0.7565175000000001
0.0,spb-pla-h-20340624,planning_failure,0,0.810705,0.8592200000000001
0.0,spb-pla-h-20340675,planning_failure,0,0.9893699999999999,0.5843475
0.0,spb-pla-m-20340760,planning_failure,0,0.8616674999999999,0.8133150000000001
0.0,spb-pla-e-20340845,planning_failure,0,0.945885,0.7135625
0.0,spb-pla-e-20340947,planning_failure,0,-0.7943525,0.65657
0.0,spb-pla-m-20340964,planning_failure,0,1.2360875,0.3794099999999998
0.0,spb-pla-h-20341083,planning_failure,1,0.08311249999999999,0.0
0.0,spb-pla-h-20341134,planning_failure,0,-0.7758025000000001,0.40965250000000003
0.0,spb-pla-m-20341270,planning_failure,0,0.9368624999999999,0.7871775000000001
0.0,spb-pla-h-20341440,planning_failure,0,0.9330050000000001,0.6302425
0.0,spb-pla-e-20341457,planning_failure,0,1.1926375,0.38636500000000007
0.0,spb-pla-e-20341763,planning_failure,0,0.889745,0.6747100000000001
0.0,spb-pla-h-20341797,planning_failure,0,-0.8347475,1.0077125
0.0,spb-pla-e-20341814,planning_failure,0,-0.843665,0.710895
0.0,spb-pla-m-20341882,planning_failure,0,0.8814075000000001,0.6925699999999999
0.0,spb-pla-e-20341967,planning_failure,0,-0.76169,0.65764
0.0,spb-pla-m-20341984,planning_failure,0,-0.8196049999999999,0.6807949999999999
0.0,spb-pla-m-20342035,planning_failure,0,-1.0052500000000002,0.7292600000000002
0.0,spb-pla-e-20342069,planning_failure,0,-0.7974650000000001,0.6201200000000001
0.0,spb-pla-e-20342171,planning_failure,0,-0.8414024999999999,0.6906374999999999
0.0,spb-pla-h-20342307,planning_failure,0,-1.13977,1.1351624999999999
0.0,spb-pla-e-20342375,planning_failure,0,0.882835,0.7098325000000001
0.0,spb-pla-e-20342477,planning_failure,0,0.8674575,0.7032425
0.0,spb-pla-m-20342545,planning_failure,0,-0.7610250000000001,0.7104
0.0,spb-pla-e-20342885,planning_failure,0,0.8798199999999999,0.7419875000000001
0.0,spb-pla-h-20343021,planning_failure,0,0.9745174999999999,0.6185725
0.0,spb-pla-h-20343123,planning_failure,0,-0.8014074999999999,0.9252225
0.0,spb-pla-e-20343242,planning_failure,0,-0.8203925000000001,0.7068000000000001
0.0,spb-pla-m-20343412,planning_failure,0,0.9239775000000001,0.6937149999999999
0.0,spb-pla-h-20343531,planning_failure,0,-1.6598575,1.5854325
0.0,spb-pla-m-20343616,planning_failure,0,1.1807775,0.39535999999999993
0.0,spb-pla-m-20343667,planning_failure,0,1.098875,0.4349624999999999
0.0,spb-pla-m-20343820,planning_failure,0,1.323095,0.38246500000000005
0.0,spb-pla-h-20343888,planning_failure,1,1.95971,0.0
0.0,spb-pla-h-20343939,planning_failure,0,0.90802,0.6694999999999998
0.0,spb-pla-h-20343990,planning_failure,0,1.1977575,0.12478499999999992
0.0,spb-pla-e-20344058,planning_failure,0,0.921515,0.7081525000000001
0.0,spb-pla-e-20344109,planning_failure,0,0.902625,0.7252574999999999
0.0,spb-pla-m-20344228,planning_failure,0,-0.6986050000000001,0.7274550000000002
0.0,spb-pla-m-20344432,planning_failure,0,0.9029999999999999,0.68979
0.0,spb-pla-m-20344483,planning_failure,0,1.2691824999999999,0.11257750000000022
0.0,spb-pla-h-20344551,planning_failure,0,-0.68728,0.3216375
0.0,spb-pla-m-20344840,planning_failure,0,-0.8501749999999999,0.756195
0.0,spb-pla-h-20345010,planning_failure,0,1.0168825,0.672545
0.0,spb-pla-m-20345044,planning_failure,0,-0.9341625000000001,0.8018075000000001
0.0,spb-pla-m-20345146,planning_failure,0,-0.6575124999999999,0.6383449999999999
0.0,spb-pla-m-20345299,planning_failure,0,-0.7786875000000001,0.7141375000000001
0.0,spb-pla-h-20345316,planning_failure,0,-0.68987,0.31835749999999996
0.0,spb-pla-e-20345384,planning_failure,0,0.8946625000000001,0.7305949999999999
0.0,spb-pla-m-20345401,planning_failure,0,-0.7286374999999999,0.5529124999999999
0.0,spb-pla-h-20345469,planning_failure,0,0.9518200000000001,0.3814925
0.0,spb-pla-e-20345486,planning_failure,0,0.9513275,0.6783075
0.0,spb-pla-h-20345571,planning_failure,0,-0.9839475,0.87971
0.0,spb-pla-h-20345622,planning_failure,0,-1.17256,0.9345525000000001
0.0,spb-pla-h-20345877,planning_failure,0,-1.4643525,1.2689775
0.05,spb-hid-h-20260945,hidden_state_dependency,0,0.9977475,0.8564850000000002
0.05,spb-hid-h-20261251,hidden_state_dependency,0,0.8515199999999999,0.9201149999999999
0.05,spb-hid-e-20261319,hidden_state_dependency,0,0.9444575,0.8345125000000002
0.05,spb-hid-h-20261353,hidden_state_dependency,1,0.9259599999999999,0.0
0.05,spb-hid-m-20261489,hidden_state_dependency,1,0.9580375000000001,0.0
0.05,spb-hid-h-20261608,hidden_state_dependency,1,0.9163625,0.0
0.05,spb-hid-h-20261812,hidden_state_dependency,1,1.0081075,0.0
0.05,spb-hid-m-20261846,hidden_state_dependency,0,0.96841,0.7939700000000001
0.05,spb-hid-h-20262169,hidden_state_dependency,1,0.9608325000000001,0.0
0.05,spb-hid-h-20262220,hidden_state_dependency,1,0.9259900000000001,0.0
0.05,spb-hid-m-20262254,hidden_state_dependency,1,1.1494775,0.0
0.05,spb-hid-e-20262645,hidden_state_dependency,0,0.98299,0.8558300000000001
0.05,spb-hid-m-20262815,hidden_state_dependency,1,0.927395,0.0
0.05,spb-hid-e-20262900,hidden_state_dependency,0,1.0433750000000002,0.7666324999999998
0.05,spb-hid-m-20262968,hidden_state_dependency,0,1.002205,0.9521975
0.05,spb-hid-e-20263002,hidden_state_dependency,1,0.90807,0.0
0.05,spb-hid-m-20263070,hidden_state_dependency,0,0.9736750000000001,0.8341074999999998
0.05,spb-hid-e-20263155,hidden_state_dependency,0,1.0107,0.8116725000000002
0.05,spb-hid-m-20263376,hidden_state_dependency,0,0.9399175,0.7284775000000001
0.05,spb-hid-h-20263393,hidden_state_dependency,1,1.2870325,0.0
0.05,spb-hid-h-20263495,hidden_state_dependency,1,0.9266099999999999,0.0
0.05,spb-hid-h-20263597,hidden_state_dependency,1,1.1596125,0.0
0.05,spb-hid-h-20263801,hidden_state_dependency,1,1.25963,0.0
0.05,spb-hid-m-20263886,hidden_state_dependency,1,0.9805925000000001,0.0
0.05,spb-hid-e-20263920,hidden_state_dependency,1,1.0399850000000002,0.0
0.05,spb-hid-h-20263954,hidden_state_dependency,0,0.80593,1.2869675000000003
0.05,spb-hid-h-20264107,hidden_state_dependency,1,1.00243,0.0
0.05,spb-hid-e-20264124,hidden_state_dependency,0,1.104405,0.6652674999999999
0.05,spb-hid-e-20264379,hidden_state_dependency,1,0.982125,0.0
0.05,spb-hid-e-20264430,hidden_state_dependency,1,1.084645,0.0
0.05,spb-hid-m-20264600,hidden_state_dependency,1,0.92964,0.0
0.05,spb-hid-h-20264617,hidden_state_dependency,1,0.8389975000000001,0.0
0.05,spb-hid-e-20264685,hidden_state_dependency,0,0.9509475000000001,0.8857249999999999
0.05,spb-hid-h-20264821,hidden_state_dependency,0,1.056395,0.927
0.05,spb-hid-e-20264991,hidden_state_dependency,0,0.971805,0.8086975000000001
0.05,spb-hid-h-20265076,hidden_state_dependency,1,1.2699125,0.0
0.05,spb-hid-h-20265127,hidden_state_dependency,1,1.258705,0.0
0.05,spb-hid-m-20265365,hidden_state_dependency,0,1.014585,0.6659949999999999
0.05,spb-hid-e-20265399,hidden_state_dependency,1,0.9937775,0.0
0.05,spb-hid-h-20265484,hidden_state_dependency,0,0.8214925000000001,0.897185
0.05,spb-hid-e-20265552,hidden_state_dependency,0,0.9950300000000001,0.8628374999999999
0.05,spb-hid-h-20265688,hidden_state_dependency,1,1.268845,0.0
0.05,spb-hid-h-20265841,hidden_state_dependency,0,0.8333474999999999,1.3709099999999999
0.05,spb-hid-m-20265875,hidden_state_dependency,1,1.1829425,0.0
0.05,spb-hid-h-20265892,hidden_state_dependency,1,0.8057375,0.0
0.05,spb-hid-m-20265926,hidden_state_dependency,1,1.0249275000000002,0.0
0.05,spb-hid-h-20265943,hidden_state_dependency,1,0.7428725,0.0
0.05,spb-hid-e-20265960,hidden_state_dependency,0,1.0332599999999998,0.8299525000000003
0.05,spb-hid-h-20266249,hidden_state_dependency,1,0.843665,0.0
0.05,spb-hid-e-20266674,hidden_state_dependency,1,1.04615,0.0
0.05,spb-hid-e-20266776,hidden_state_dependency,0,1.0399075,0.758575
0.05,spb-hid-e-20266878,hidden_state_dependency,1,1.039175,0.0
0.05,spb-hid-e-20266980,hidden_state_dependency,0,0.9760975000000001,0.7712325
0.05,spb-hid-m-20267099,hidden_state_dependency,0,1.02539,0.7362200000000001
0.05,spb-hid-h-20267167,hidden_state_dependency,1,1.1304675000000002,0.0
0.05,spb-hid-h-20267269,hidden_state_dependency,1,1.274155,0.0
0.05,spb-hid-e-20267286,hidden_state_dependency,1,1.03818,0.0
0.05,spb-hid-e-20267592,hidden_state_dependency,1,1.03055,0.0
0.05,spb-hid-m-20267711,hidden_state_dependency,0,0.9657674999999999,0.7799300000000002
0.05,spb-hid-m-20267864,hidden_state_dependency,1,1.0516175,0.0
0.05,spb-hid-h-20267932,hidden_state_dependency,1,0.5926525,0.0
0.05,spb-hid-h-20267983,hidden_state_dependency,0,0.989915,0.9540500000000002
0.05,spb-hid-h-20268034,hidden_state_dependency,0,1.1128525,0.5016375
0.05,spb-hid-m-20268119,hidden_state_dependency,0,0.846645,1.05984
0.05,spb-hid-m-20268170,hidden_state_dependency,1,0.9803299999999999,0.0
0.05,spb-hid-e-20268357,hidden_state_dependency,1,1.0303,0.0
0.05,spb-hid-m-20268374,hidden_state_dependency,0,1.198345,0.4411799999999999
0.05,spb-hid-h-20268391,hidden_state_dependency,1,0.792735,0.0
0.05,spb-hid-m-20268425,hidden_state_dependency,0,0.9895299999999999,0.8967925000000002
0.05,spb-hid-h-20268697,hidden_state_dependency,0,1.0389675,0.6698049999999998
0.05,spb-hid-m-20269088,hidden_state_dependency,1,1.0929675,0.0
0.05,spb-hid-h-20269258,hidden_state_dependency,1,0.724395,0.0
0.05,spb-hid-m-20269394,hidden_state_dependency,1,0.998055,0.0
0.05,spb-hid-h-20269411,hidden_state_dependency,1,0.8759075,0.0
0.05,spb-hid-m-20269445,hidden_state_dependency,0,0.8646050000000001,1.1063275
0.05,spb-hid-h-20269462,hidden_state_dependency,0,1.31527,0.19004999999999983
0.05,spb-hid-e-20269530,hidden_state_dependency,1,0.952325,0.0
0.05,spb-hid-m-20269649,hidden_state_dependency,0,1.10616,0.6700649999999999
0.05,spb-hid-h-20269666,hidden_state_dependency,0,0.88449,0.613715
0.05,spb-hid-h-20269768,hidden_state_dependency,1,0.8851,0.0
0.05,spb-hid-h-20269921,hidden_state_dependency,1,1.1840525,0.0
0.05,spb-hid-e-20269938,hidden_state_dependency,1,0.9369700000000001,0.0
0.05,spb-hid-m-20269955,hidden_state_dependency,1,1.03233,0.0
0.05,spb-hid-h-20270227,hidden_state_dependency,1,0.7954299999999999,0.0
0.05,spb-hid-h-20270380,hidden_state_dependency,0,0.8959225,0.8609500000000001
0.05,spb-hid-m-20270414,hidden_state_dependency,0,1.1112250000000001,0.7846849999999999
0.05,spb-hid-h-20270482,hidden_state_dependency,1,1.30872,0.0
0.05,spb-hid-m-20270669,hidden_state_dependency,0,1.0132425,0.8220475
0.05,spb-hid-e-20270703,hidden_state_dependency,1,0.99611,0.0
0.05,spb-hid-e-20270907,hidden_state_dependency,1,0.987705,0.0
0.05,spb-hid-h-20271043,hidden_state_dependency,1,0.7622599999999999,0.0
0.05,spb-hid-h-20271298,hidden_state_dependency,0,0.9562225,0.6083825
0.05,spb-hid-h-20271400,hidden_state_dependency,0,1.0412025,0.8398549999999998
0.05,spb-hid-m-20271434,hidden_state_dependency,0,0.9483325,0.7749750000000002
0.05,spb-hid-h-20271553,hidden_state_dependency,0,0.9235599999999999,0.46555499999999994
0.05,spb-hid-m-20271740,hidden_state_dependency,1,1.0299475,0.0
0.05,spb-hid-h-20271757,hidden_state_dependency,1,0.977385,0.0
0.05,spb-hid-e-20271927,hidden_state_dependency,1,0.9456325000000001,0.0
0.05,spb-hid-e-20271978,hidden_state_dependency,0,0.9897075,0.86822
0.05,spb-hid-e-20272029,hidden_state_dependency,1,0.9835674999999999,0.0
0.05,spb-hid-m-20272097,hidden_state_dependency,1,1.0043324999999999,0.0
0.05,spb-hid-e-20272131,hidden_state_dependency,1,0.9490025,0.0
0.05,spb-hid-m-20272352,hidden_state_dependency,1,1.0500049999999999,0.0
0.05,spb-hid-m-20272403,hidden_state_dependency,1,0.9594675,0.0
0.05,spb-hid-h-20272624,hidden_state_dependency,0,0.9318925,0.8175049999999999
0.05,spb-hid-e-20272692,hidden_state_dependency,0,1.0405475,0.8043875
0.05,spb-hid-e-20272845,hidden_state_dependency,1,1.009085,0.0
0.05,spb-hid-h-20272930,hidden_state_dependency,1,0.83513,0.0
0.05,spb-hid-e-20273202,hidden_state_dependency,0,0.9988275,0.7779475000000002
0.05,spb-hid-e-20273355,hidden_state_dependency,1,1.01947,0.0
0.05,spb-hid-h-20273542,hidden_state_dependency,0,0.7048525,1.3178300000000003
0.05,spb-hid-e-20273610,hidden_state_dependency,0,0.9672925,0.8294349999999998
0.05,spb-hid-e-20273763,hidden_state_dependency,0,0.9796499999999999,0.8633625
0.05,spb-hid-m-20273831,hidden_state_dependency,0,1.0592275,0.6749
0.05,spb-hid-e-20273865,hidden_state_dependency,0,0.991025,0.8358125000000001
0.05,spb-hid-h-20274001,hidden_state_dependency,0,0.8763025,1.1186875
0.05,spb-hid-e-20274018,hidden_state_dependency,1,0.9799424999999999,0.0
0.05,spb-hid-m-20274086,hidden_state_dependency,1,1.2112275,0.0
0.05,spb-hid-e-20274222,hidden_state_dependency,1,0.998785,0.0
0.05,spb-hid-e-20274273,hidden_state_dependency,1,1.03244,0.0
0.05,spb-hid-m-20274443,hidden_state_dependency,1,1.06446,0.0
0.05,spb-hid-m-20274494,hidden_state_dependency,1,0.9732399999999999,0.0
0.05,spb-hid-h-20274511,hidden_state_dependency,0,0.8778875,0.9564575000000001
0.05,spb-hid-h-20274715,hidden_state_dependency,0,0.82674,0.9502025000000001
0.05,spb-hid-m-20274851,hidden_state_dependency,0,0.89036,0.9005975000000002
0.05,spb-hid-h-20275225,hidden_state_dependency,0,0.9261474999999999,1.01242
0.05,spb-hid-e-20275242,hidden_state_dependency,0,1.07004,0.7162424999999997
0.05,spb-hid-m-20275361,hidden_state_dependency,1,0.9714925000000001,0.0
0.05,spb-hid-h-20275480,hidden_state_dependency,1,1.1960575000000002,0.0
0.05,spb-hid-e-20275548,hidden_state_dependency,1,1.1007475,0.0
0.05,spb-hid-e-20275599,hidden_state_dependency,1,1.0272525,0.0
0.05,spb-hid-m-20275820,hidden_state_dependency,0,1.0710600000000001,0.8755249999999999
0.05,spb-hid-h-20275837,hidden_state_dependency,1,1.0109724999999998,0.0
0.05,spb-hid-e-20275854,hidden_state_dependency,0,0.965645,0.907655
0.05,spb-hid-m-20275871,hidden_state_dependency,0,1.0035975,0.7533975000000002
0.05,spb-hid-e-20275956,hidden_state_dependency,0,1.047215,0.7267099999999997
0.05,spb-hid-m-20276024,hidden_state_dependency,0,1.236095,0.6551175
0.05,spb-hid-e-20276109,hidden_state_dependency,1,0.987605,0.0
0.05,spb-hid-e-20276211,hidden_state_dependency,1,0.9576225,0.0
0.05,spb-hid-m-20276381,hidden_state_dependency,0,1.10229,0.8017349999999999
0.05,spb-hid-h-20276398,hidden_state_dependency,0,0.9733699999999998,0.9889325000000002
0.05,spb-hid-m-20276636,hidden_state_dependency,0,1.100195,0.7283625
0.05,spb-hid-e-20276670,hidden_state_dependency,0,1.0185175000000002,0.7369524999999999
0.05,spb-hid-h-20276857,hidden_state_dependency,0,0.8028774999999999,0.9696
0.05,spb-hid-h-20277061,hidden_state_dependency,0,0.9384725,0.9321075000000001
0.05,spb-hid-e-20277129,hidden_state_dependency,1,0.9972175,0.0
0.05,spb-hid-m-20277197,hidden_state_dependency,1,0.77282,0.0
0.05,spb-hid-e-20277231,hidden_state_dependency,0,0.9978925000000001,0.7828275
0.05,spb-hid-m-20277248,hidden_state_dependency,1,1.1170175,0.0
0.05,spb-hid-h-20277265,hidden_state_dependency,1,0.8125249999999999,0.0
0.05,spb-hid-e-20277333,hidden_state_dependency,0,1.04189,0.7055625000000001
0.05,spb-hid-h-20277520,hidden_state_dependency,0,0.7298175,0.8494425000000001
0.05,spb-hid-h-20277775,hidden_state_dependency,1,0.8006449999999999,0.0
0.05,spb-hid-h-20277877,hidden_state_dependency,0,1.026875,0.46835000000000004
0.05,spb-per-e-20277928,permission_tool_availability,1,0.8210575,0.0
0.05,spb-per-m-20277945,permission_tool_availability,0,1.0039875,1.109845
0.05,spb-per-h-20277962,permission_tool_availability,0,0.668485,1.5114125
0.05,spb-per-m-20278047,permission_tool_availability,1,0.801775,0.0
0.05,spb-per-e-20278336,permission_tool_availability,1,0.776805,0.0
0.05,spb-per-m-20278353,permission_tool_availability,1,0.906615,0.0
0.05,spb-per-h-20278421,permission_tool_availability,1,1.0683275,0.0
0.05,spb-per-h-20278523,permission_tool_availability,1,0.817865,0.0
0.05,spb-per-m-20278557,permission_tool_availability,0,0.6667974999999999,1.3109425
0.05,spb-per-h-20278625,permission_tool_availability,1,0.9810574999999999,0.0
0.05,spb-per-m-20278659,permission_tool_availability,1,0.843275,0.0
0.05,spb-per-m-20278710,permission_tool_availability,0,0.948415,1.1077649999999999
0.05,spb-per-m-20279016,permission_tool_availability,1,0.913295,0.0
0.05,spb-per-m-20279067,permission_tool_availability,0,0.800105,1.1095899999999999
0.05,spb-per-m-20279169,permission_tool_availability,0,0.821805,1.0946875
0.05,spb-per-h-20279186,permission_tool_availability,1,0.69169,0.0
0.05,spb-per-e-20279305,permission_tool_availability,0,0.7841100000000001,1.1362325
0.05,spb-per-m-20279373,permission_tool_availability,0,0.840625,1.2554075000000002
0.05,spb-per-h-20279696,permission_tool_availability,1,0.3780075,0.0
0.05,spb-per-m-20279730,permission_tool_availability,1,0.8273400000000001,0.0
0.05,spb-per-m-20280036,permission_tool_availability,1,0.78973,0.0
0.05,spb-per-m-20280393,permission_tool_availability,1,0.8116074999999999,0.0
0.05,spb-per-e-20280427,permission_tool_availability,0,0.8153225,1.1562375
0.05,spb-per-e-20280478,permission_tool_availability,0,0.8874625,1.1057999999999997
0.05,spb-per-h-20280512,permission_tool_availability,1,0.7429574999999999,0.0
0.05,spb-per-m-20280546,permission_tool_availability,0,0.7637050000000001,1.17922
0.05,spb-per-e-20280631,permission_tool_availability,1,0.8313875,0.0
0.05,spb-per-m-20280648,permission_tool_availability,0,1.0448475,0.9651350000000001
0.05,spb-per-m-20280750,permission_tool_availability,1,0.7858700000000001,0.0
0.05,spb-per-h-20280767,permission_tool_availability,0,0.6908175000000001,1.4012950000000002
0.05,spb-per-m-20280801,permission_tool_availability,1,0.761055,0.0
0.05,spb-per-h-20280818,permission_tool_availability,0,0.52329,1.6446274999999997
0.05,spb-per-h-20280971,permission_tool_availability,0,0.73904,1.389945
0.05,spb-per-h-20281022,permission_tool_availability,1,1.052605,0.0
0.05,spb-per-h-20281277,permission_tool_availability,1,1.0727825,0.0
0.05,spb-per-h-20281328,permission_tool_availability,0,0.752055,1.2714500000000002
0.05,spb-per-e-20281345,permission_tool_availability,0,0.76365,1.2927175000000002
0.05,spb-per-m-20281362,permission_tool_availability,0,0.7184075,1.2269550000000002
0.05,spb-per-m-20281974,permission_tool_availability,1,0.7952350000000001,0.0
0.05,spb-per-m-20282178,permission_tool_availability,1,0.7352875000000001,0.0
0.05,spb-per-e-20282263,permission_tool_availability,1,0.73343,0.0
0.05,spb-per-m-20282382,permission_tool_availability,0,0.8376975,1.1612400000000003
0.05,spb-per-h-20282399,permission_tool_availability,1,0.85954,0.0
0.05,spb-per-e-20282569,permission_tool_availability,0,0.78898,1.2560775
0.05,spb-per-e-20282671,permission_tool_availability,0,0.882605,1.1466675000000004
0.05,spb-per-m-20282688,permission_tool_availability,1,0.5854775,0.0
0.05,spb-per-m-20282739,permission_tool_availability,1,0.717125,0.0
0.05,spb-per-m-20282892,permission_tool_availability,1,0.6880675,0.0
0.05,spb-per-e-20282977,permission_tool_availability,1,0.7741399999999999,0.0
0.05,spb-per-h-20283113,permission_tool_availability,1,0.8566025,0.0
0.05,spb-per-e-20283130,permission_tool_availability,1,0.7691975,0.0
0.05,spb-per-h-20283266,permission_tool_availability,1,0.47428,0.0
0.05,spb-per-m-20283504,permission_tool_availability,1,0.794155,0.0
0.05,spb-per-m-20283555,permission_tool_availability,1,0.949515,0.0
0.05,spb-per-h-20283572,permission_tool_availability,1,0.43139250000000007,0.0
0.05,spb-per-m-20283708,permission_tool_availability,1,0.7722199999999999,0.0
0.05,spb-per-m-20283759,permission_tool_availability,0,0.8567149999999999,1.1233625000000003
0.05,spb-per-h-20283827,permission_tool_availability,1,1.1253175,0.0
0.05,spb-per-e-20283844,permission_tool_availability,1,0.808115,0.0
0.05,spb-per-m-20283861,permission_tool_availability,0,0.8833775,0.9787
0.05,spb-per-m-20283963,permission_tool_availability,1,0.75046,0.0
0.05,spb-per-m-20284065,permission_tool_availability,1,0.8955374999999999,0.0
0.05,spb-per-h-20284082,permission_tool_availability,1,0.7906775,0.0
0.05,spb-per-e-20284252,permission_tool_availability,1,0.7499275,0.0
0.05,spb-per-h-20284337,permission_tool_availability,0,1.272135,0.9708074999999998
0.05,spb-per-e-20284405,permission_tool_availability,0,0.7345775,1.2472400000000001
0.05,spb-per-m-20284422,permission_tool_availability,1,0.78876,0.0
0.05,spb-per-m-20284473,permission_tool_availability,1,0.9793025,0.0
0.05,spb-per-m-20284779,permission_tool_availability,0,0.89035,0.967025
0.05,spb-per-h-20284847,permission_tool_availability,0,0.8780574999999999,1.0901100000000001
0.05,spb-per-e-20284864,permission_tool_availability,1,0.79802,0.0
0.05,spb-per-e-20284915,permission_tool_availability,1,0.8393975,0.0
0.05,spb-per-h-20285000,permission_tool_availability,0,0.4891025,1.3422225
0.05,spb-per-e-20285119,permission_tool_availability,0,0.8339975000000001,1.1448075000000002
0.05,spb-per-e-20285374,permission_tool_availability,0,0.7702125,1.1349675
0.05,spb-per-m-20285442,permission_tool_availability,0,0.98266,1.007355
0.05,spb-per-h-20285612,permission_tool_availability,0,0.77796,1.5248025
0.05,spb-per-e-20285629,permission_tool_availability,0,0.844465,1.1346524999999998
0.05,spb-per-e-20285680,permission_tool_availability,1,0.79674,0.0
0.05,spb-per-h-20285816,permission_tool_availability,1,0.9702250000000001,0.0
0.05,spb-per-e-20285986,permission_tool_availability,0,0.7724975000000001,1.225155
0.05,spb-per-e-20286037,permission_tool_availability,1,0.806825,0.0
0.05,spb-per-m-20286156,permission_tool_availability,1,0.678025,0.0
0.05,spb-per-m-20286411,permission_tool_availability,0,0.810745,1.205065
0.05,spb-per-h-20286632,permission_tool_availability,1,0.9890800000000001,0.0
0.05,spb-per-h-20286734,permission_tool_availability,1,0.46977250000000004,0.0
0.05,spb-per-e-20287057,permission_tool_availability,1,0.816215,0.0
0.05,spb-per-h-20287091,permission_tool_availability,1,0.7813275,0.0
0.05,spb-per-e-20287312,permission_tool_availability,0,0.817625,1.2252099999999997
0.05,spb-per-h-20287448,permission_tool_availability,1,0.9217175,0.0
0.05,spb-per-m-20287482,permission_tool_availability,1,0.736775,0.0
0.05,spb-per-h-20287703,permission_tool_availability,1,1.1525075,0.0
0.05,spb-per-e-20287924,permission_tool_availability,1,0.77754,0.0
0.05,spb-per-m-20287941,permission_tool_availability,0,0.8653074999999999,1.0636200000000002
0.05,spb-per-m-20287992,permission_tool_availability,1,0.7962400000000001,0.0
0.05,spb-per-e-20288179,permission_tool_availability,0,0.81619,1.2404325
0.05,spb-per-h-20288264,permission_tool_availability,1,0.6936775,0.0
0.05,spb-per-h-20288366,permission_tool_availability,1,0.74664,0.0
0.05,spb-per-h-20288417,permission_tool_availability,0,0.5050450000000001,1.4841224999999998
0.05,spb-per-e-20288485,permission_tool_availability,0,0.81841,1.20073
0.05,spb-per-e-20288587,permission_tool_availability,0,0.805645,1.2198950000000004
0.05,spb-per-m-20288655,permission_tool_availability,1,0.8156224999999999,0.0
0.05,spb-per-m-20288706,permission_tool_availability,0,0.93952,1.05607
0.05,spb-per-m-20288910,permission_tool_availability,0,0.709515,1.3754400000000002
0.05,spb-per-m-20289114,permission_tool_availability,0,0.8344349999999999,1.160135
0.05,spb-per-h-20289182,permission_tool_availability,0,0.8165099999999998,1.1738625000000003
0.05,spb-per-m-20289216,permission_tool_availability,0,0.727715,1.312585
0.05,spb-per-e-20289250,permission_tool_availability,1,0.8121525,0.0
0.05,spb-per-e-20289301,permission_tool_availability,1,0.83201,0.0
0.05,spb-per-e-20289352,permission_tool_availability,0,0.7768375,1.2334674999999997
0.05,spb-per-m-20289369,permission_tool_availability,0,0.8310275,1.3132749999999997
0.05,spb-per-m-20289471,permission_tool_availability,0,0.8445175,1.1849549999999998
0.05,spb-per-e-20289556,permission_tool_availability,1,0.753575,0.0
0.05,spb-per-e-20289811,permission_tool_availability,1,0.817185,0.0
0.05,spb-per-m-20289930,permission_tool_availability,0,0.833415,1.1743700000000001
0.05,spb-per-e-20290066,permission_tool_availability,0,0.7483299999999999,1.1878325
0.05,spb-per-m-20290083,permission_tool_availability,0,0.96872,1.1420924999999997
0.05,spb-per-m-20290134,permission_tool_availability,0,0.804065,1.1855375000000001
0.05,spb-per-e-20290219,permission_tool_availability,0,0.8778175,1.08468
0.05,spb-per-h-20290253,permission_tool_availability,1,0.679515,0.0
0.05,spb-per-e-20290372,permission_tool_availability,0,0.8553600000000001,1.194
0.05,spb-per-h-20290406,permission_tool_availability,1,0.7244025,0.0
0.05,spb-per-e-20290525,permission_tool_availability,0,0.8224275,1.2371975000000002
0.05,spb-per-h-20290610,permission_tool_availability,1,0.79603,0.0
0.05,spb-per-h-20290661,permission_tool_availability,1,0.7886099999999999,0.0
0.05,spb-per-e-20290678,permission_tool_availability,1,0.8505524999999999,0.0
0.05,spb-per-h-20290712,permission_tool_availability,0,0.8312575,0.9819724999999999
0.05,spb-per-m-20290797,permission_tool_availability,1,0.8661000000000001,0.0
0.05,spb-per-e-20290831,permission_tool_availability,1,0.854835,0.0
0.05,spb-per-h-20290865,permission_tool_availability,1,0.85522,0.0
0.05,spb-per-e-20290882,permission_tool_availability,1,0.7900750000000001,0.0
0.05,spb-per-m-20290950,permission_tool_availability,0,0.768715,1.2971199999999998
0.05,spb-per-e-20290984,permission_tool_availability,1,0.8406500000000001,0.0
0.05,spb-per-h-20291171,permission_tool_availability,0,1.0349175000000002,0.9046425
0.05,spb-per-m-20291256,permission_tool_availability,0,0.8394275,0.926545
0.05,spb-per-e-20291494,permission_tool_availability,0,0.7740475,1.1601050000000002
0.05,spb-per-h-20291630,permission_tool_availability,1,0.8752775,0.0
0.05,spb-per-e-20291749,permission_tool_availability,0,0.8242975000000001,1.2135275
0.05,spb-per-h-20291936,permission_tool_availability,1,0.8908025000000002,0.0
0.05,spb-per-h-20291987,permission_tool_availability,1,1.03533,0.0
0.05,spb-per-e-20292106,permission_tool_availability,1,0.8225549999999999,0.0
0.05,spb-per-h-20292497,permission_tool_availability,0,1.00968,0.99281
0.05,spb-per-h-20292548,permission_tool_availability,1,0.6163025000000001,0.0
0.05,spb-per-e-20292565,permission_tool_availability,0,0.77849,1.1648975
0.05,spb-per-e-20292616,permission_tool_availability,1,0.7736449999999999,0.0
0.05,spb-per-e-20292718,permission_tool_availability,1,0.88077,0.0
0.05,spb-per-e-20292820,permission_tool_availability,1,0.765835,0.0
0.05,spb-per-e-20292973,permission_tool_availability,1,0.8377300000000001,0.0
0.05,spb-per-e-20293177,permission_tool_availability,1,0.7748375000000001,0.0
0.05,spb-per-h-20293313,permission_tool_availability,0,0.545945,1.5233949999999998
0.05,spb-per-h-20293466,permission_tool_availability,1,0.70609,0.0
0.05,spb-per-h-20293517,permission_tool_availability,1,0.9470625000000001,0.0
0.05,spb-per-h-20293619,permission_tool_availability,1,0.4643775,0.0
0.05,spb-per-e-20293738,permission_tool_availability,0,0.7485999999999999,1.1652875
0.05,spb-per-h-20293772,permission_tool_availability,0,0.67342,1.4618725000000001
0.05,spb-per-e-20293891,permission_tool_availability,1,0.8961975,0.0
0.05,spb-per-m-20293959,permission_tool_availability,0,0.7980775,0.95915
0.05,spb-per-e-20294095,permission_tool_availability,1,0.8160375,0.0
0.05,spb-per-m-20294112,permission_tool_availability,1,0.7764074999999999,0.0
0.05,spb-per-h-20294129,permission_tool_availability,0,0.58083,1.5023125000000002
0.05,spb-per-m-20294265,permission_tool_availability,1,0.640845,0.0
0.05,spb-per-e-20294350,permission_tool_availability,1,0.7922525,0.0
0.05,spb-per-e-20294452,permission_tool_availability,1,0.8534125,0.0
0.05,spb-per-m-20294673,permission_tool_availability,0,0.8050275,1.133715
0.05,spb-per-h-20294792,permission_tool_availability,0,0.6651875,1.506665
0.05,spb-obj-m-20295081,object_property_uncertainty,1,1.1871749999999999,0.0
0.05,spb-obj-e-20295370,object_property_uncertainty,0,1.215385,0.5931425000000001
0.05,spb-obj-h-20295404,object_property_uncertainty,1,1.34248,0.0
0.05,spb-obj-h-20295506,object_property_uncertainty,0,1.1597725,0.7383899999999999
0.05,spb-obj-e-20295574,object_property_uncertainty,0,1.1345925000000001,0.6435849999999999
0.05,spb-obj-m-20295591,object_property_uncertainty,0,1.39179,0.25248749999999975
0.05,spb-obj-h-20295710,object_property_uncertainty,0,1.2945875,0.653745
0.05,spb-obj-h-20296118,object_property_uncertainty,0,1.2049575,0.6522825000000001
0.05,spb-obj-m-20296356,object_property_uncertainty,0,1.2410475,0.547085
0.05,spb-obj-e-20296441,object_property_uncertainty,1,1.18595,0.0
0.05,spb-obj-h-20296526,object_property_uncertainty,0,1.347305,0.2781225000000003
0.05,spb-obj-h-20296577,object_property_uncertainty,1,1.1123699999999999,0.0
0.05,spb-obj-m-20296611,object_property_uncertainty,1,1.3234400000000002,0.0
0.05,spb-obj-h-20297138,object_property_uncertainty,0,1.2809075,0.7221474999999997
0.05,spb-obj-h-20297189,object_property_uncertainty,0,0.8239375,1.107395
0.05,spb-obj-e-20297308,object_property_uncertainty,0,1.2046175,0.5837675
0.05,spb-obj-e-20297359,object_property_uncertainty,0,1.165555,0.6510549999999999
0.05,spb-obj-h-20297393,object_property_uncertainty,1,1.2687075,0.0
0.05,spb-obj-e-20297563,object_property_uncertainty,0,1.246565,0.5971150000000001
0.05,spb-obj-h-20297597,object_property_uncertainty,1,1.3320474999999998,0.0
0.05,spb-obj-e-20297614,object_property_uncertainty,0,1.2066625,0.5671074999999999
0.05,spb-obj-e-20297818,object_property_uncertainty,1,1.1213875,0.0
0.05,spb-obj-e-20297869,object_property_uncertainty,0,1.242705,0.47528250000000005
0.05,spb-obj-h-20297903,object_property_uncertainty,1,1.1601124999999999,0.0
0.05,spb-obj-h-20298107,object_property_uncertainty,0,1.29907,0.4279625
0.05,spb-obj-h-20298209,object_property_uncertainty,1,1.21536,0.0
0.05,spb-obj-e-20298277,object_property_uncertainty,0,1.21115,0.5655025
0.05,spb-obj-h-20298311,object_property_uncertainty,1,1.0552725,0.0
0.05,spb-obj-h-20298362,object_property_uncertainty,0,1.2477625,1.0646775
0.05,spb-obj-m-20298600,object_property_uncertainty,1,1.2738225,0.0
0.05,spb-obj-h-20298770,object_property_uncertainty,1,1.2356775,0.0
0.05,spb-obj-e-20298787,object_property_uncertainty,0,1.1405975000000002,0.6663524999999999
0.05,spb-obj-e-20299042,object_property_uncertainty,0,1.140655,0.62409
0.05,spb-obj-m-20299059,object_property_uncertainty,1,1.2404125,0.0
0.05,spb-obj-e-20299246,object_property_uncertainty,0,1.2029450000000002,0.5885974999999999
0.05,spb-obj-e-20299297,object_property_uncertainty,0,1.2274574999999999,0.5202550000000001
0.05,spb-obj-m-20299722,object_property_uncertainty,0,1.089315,0.8880949999999999
0.05,spb-obj-e-20299756,object_property_uncertainty,1,1.1802899999999998,0.0
0.05,spb-obj-h-20299943,object_property_uncertainty,0,1.1512149999999999,0.5137975000000001
0.05,spb-obj-h-20300045,object_property_uncertainty,1,1.3101949999999998,0.0
0.05,spb-obj-h-20300147,object_property_uncertainty,1,1.15611,0.0
0.05,spb-obj-m-20300232,object_property_uncertainty,0,1.1778525,0.6224050000000001
0.05,spb-obj-m-20300334,object_property_uncertainty,0,1.2114875,0.49136749999999996
0.05,spb-obj-m-20300487,object_property_uncertainty,0,1.20875,0.5305250000000001
0.05,spb-obj-e-20300572,object_property_uncertainty,1,1.16284,0.0
0.05,spb-obj-m-20300589,object_property_uncertainty,0,1.2302125,0.60914
0.05,spb-obj-h-20300606,object_property_uncertainty,0,1.1473825,0.6165099999999999
0.05,spb-obj-e-20300623,object_property_uncertainty,0,1.2329475,0.5511625
0.05,spb-obj-m-20300895,object_property_uncertainty,1,1.0939575,0.0
0.05,spb-obj-m-20301252,object_property_uncertainty,0,1.1728475,0.5487124999999999
0.05,spb-obj-h-20301269,object_property_uncertainty,1,1.055385,0.0
0.05,spb-obj-e-20301388,object_property_uncertainty,0,1.1635525,0.6520349999999999
0.05,spb-obj-e-20301490,object_property_uncertainty,0,1.2081024999999999,0.5141300000000002
0.05,spb-obj-m-20301507,object_property_uncertainty,1,1.32326,0.0
0.05,spb-obj-h-20301626,object_property_uncertainty,0,1.405395,0.004057500000000047
0.05,spb-obj-e-20301643,object_property_uncertainty,1,1.1930475,0.0
0.05,spb-obj-e-20301694,object_property_uncertainty,0,1.17293,0.5890399999999998
0.05,spb-obj-m-20301864,object_property_uncertainty,1,1.0873724999999999,0.0
0.05,spb-obj-e-20302051,object_property_uncertainty,0,1.1637324999999998,0.6169400000000003
0.05,spb-obj-e-20302459,object_property_uncertainty,0,1.2328625,0.5551374999999998
0.05,spb-obj-h-20302493,object_property_uncertainty,0,1.1832225,0.7044925
0.05,spb-obj-e-20302561,object_property_uncertainty,1,1.27162,0.0
0.05,spb-obj-m-20302680,object_property_uncertainty,1,1.2648175,0.0
0.05,spb-obj-e-20302714,object_property_uncertainty,0,1.1666675,0.6350849999999999
0.05,spb-obj-m-20302731,object_property_uncertainty,0,1.1958575,0.6152475
0.05,spb-obj-e-20303020,object_property_uncertainty,1,1.1987774999999998,0.0
0.05,spb-obj-m-20303088,object_property_uncertainty,0,1.2495025,0.6980600000000001
0.05,spb-obj-h-20303972,object_property_uncertainty,1,1.1153075000000001,0.0
0.05,spb-obj-m-20304006,object_property_uncertainty,1,1.0849175,0.0
0.05,spb-obj-h-20304074,object_property_uncertainty,0,1.153345,0.7649074999999999
0.05,spb-obj-e-20304142,object_property_uncertainty,1,1.20816,0.0
0.05,spb-obj-m-20304210,object_property_uncertainty,0,1.1896875,0.48719750000000017
0.05,spb-obj-e-20304346,object_property_uncertainty,1,1.1565474999999998,0.0
0.05,spb-obj-m-20304363,object_property_uncertainty,1,1.235115,0.0
0.05,spb-obj-e-20304448,object_property_uncertainty,1,1.2312575000000001,0.0
0.05,spb-obj-m-20304465,object_property_uncertainty,0,1.2027875,0.5440849999999999
0.05,spb-obj-m-20304516,object_property_uncertainty,0,1.03506,0.5459849999999997
0.05,spb-obj-h-20304635,object_property_uncertainty,0,1.1760575,0.3280124999999998
0.05,spb-obj-e-20304652,object_property_uncertainty,1,1.2299775,0.0
0.05,spb-obj-m-20304924,object_property_uncertainty,1,1.1239675,0.0
0.05,spb-obj-m-20305128,object_property_uncertainty,1,1.399395,0.0
0.05,spb-obj-m-20305179,object_property_uncertainty,1,1.1363375,0.0
0.05,spb-obj-m-20305281,object_property_uncertainty,1,1.24294,0.0
0.05,spb-obj-m-20305332,object_property_uncertainty,0,1.009935,0.764445
0.05,spb-obj-e-20305570,object_property_uncertainty,1,1.1527850000000002,0.0
0.05,spb-obj-h-20305655,object_property_uncertainty,0,1.0908025,0.6206575000000001
0.05,spb-obj-e-20305927,object_property_uncertainty,1,1.194955,0.0
0.05,spb-obj-m-20306250,object_property_uncertainty,0,1.34771,0.6565225000000001
0.05,spb-obj-h-20306267,object_property_uncertainty,0,1.4395975,0.6563275000000002
0.05,spb-obj-e-20306437,object_property_uncertainty,1,1.177935,0.0
0.05,spb-obj-e-20306539,object_property_uncertainty,1,1.2992875,0.0
0.05,spb-obj-h-20306624,object_property_uncertainty,0,1.14605,0.8865675000000002
0.05,spb-obj-h-20306726,object_property_uncertainty,1,1.2024124999999999,0.0
0.05,spb-obj-h-20306930,object_property_uncertainty,1,0.9533550000000001,0.0
0.05,spb-obj-h-20307185,object_property_uncertainty,1,1.2939900000000002,0.0
0.05,spb-obj-e-20307202,object_property_uncertainty,0,1.14393,0.6373050000000002
0.05,spb-obj-m-20307219,object_property_uncertainty,1,1.2692525000000001,0.0
0.05,spb-obj-e-20307253,object_property_uncertainty,1,1.2730875000000001,0.0
0.05,spb-obj-m-20307270,object_property_uncertainty,0,1.1948874999999999,0.6231950000000002
0.05,spb-obj-e-20307712,object_property_uncertainty,1,1.2072749999999999,0.0
0.05,spb-obj-m-20307780,object_property_uncertainty,1,1.234105,0.0
0.05,spb-obj-e-20307814,object_property_uncertainty,1,1.209755,0.0
0.05,spb-obj-m-20307882,object_property_uncertainty,0,1.272235,0.49144999999999994
0.05,spb-obj-e-20307916,object_property_uncertainty,1,1.2209400000000001,0.0
0.05,spb-obj-m-20307933,object_property_uncertainty,1,1.3078275000000001,0.0
0.05,spb-obj-m-20307984,object_property_uncertainty,0,1.2845125,0.4804875000000002
0.05,spb-obj-m-20308188,object_property_uncertainty,1,1.1231149999999999,0.0
0.05,spb-obj-m-20308341,object_property_uncertainty,0,1.3432625,0.38195750000000017
0.05,spb-obj-m-20308494,object_property_uncertainty,1,1.2392825,0.0
0.05,spb-obj-e-20308681,object_property_uncertainty,1,1.1727824999999998,0.0
0.05,spb-obj-e-20308732,object_property_uncertainty,0,1.1865124999999999,0.6442825000000001
0.05,spb-obj-h-20308817,object_property_uncertainty,0,1.0838975,0.9206500000000002
0.05,spb-obj-m-20308851,object_property_uncertainty,1,1.04145,0.0
0.05,spb-obj-m-20308902,object_property_uncertainty,0,1.16397,0.577825
0.05,spb-obj-e-20308987,object_property_uncertainty,1,1.2035475,0.0
0.05,spb-obj-h-20309021,object_property_uncertainty,0,1.0041175,0.6269849999999999
0.05,spb-obj-m-20309055,object_property_uncertainty,1,1.12406,0.0
0.05,spb-obj-h-20309276,object_property_uncertainty,0,1.346555,0.35097
0.05,spb-obj-e-20309395,object_property_uncertainty,0,1.1888125,0.6182449999999999
0.05,spb-obj-e-20309599,object_property_uncertainty,0,1.1873275,0.64866
0.05,spb-obj-h-20309684,object_property_uncertainty,0,1.40616,0.5504249999999997
0.05,spb-obj-m-20309871,object_property_uncertainty,1,1.1636825000000002,0.0
0.05,spb-obj-m-20310075,object_property_uncertainty,0,1.1337975,0.6136175000000001
0.05,spb-obj-e-20310211,object_property_uncertainty,1,1.2054875,0.0
0.05,spb-obj-m-20310534,object_property_uncertainty,0,1.13955,0.5959899999999998
0.05,spb-obj-h-20310551,object_property_uncertainty,0,1.1191875,1.1163399999999999
0.05,spb-obj-h-20310602,object_property_uncertainty,1,1.3251525,0.0
0.05,spb-obj-e-20310670,object_property_uncertainty,1,1.1433024999999999,0.0
0.05,spb-obj-e-20310772,object_property_uncertainty,0,1.1829049999999999,0.6470550000000002
0.05,spb-obj-h-20311061,object_property_uncertainty,1,1.3906575,0.0
0.05,spb-obj-h-20311112,object_property_uncertainty,1,0.8556374999999999,0.0
0.05,spb-obj-m-20311299,object_property_uncertainty,0,1.1426325,0.5581525000000003
0.05,spb-obj-h-20311316,object_property_uncertainty,0,0.80359,0.8470675000000001
0.05,spb-obj-m-20311401,object_property_uncertainty,1,1.0437024999999998,0.0
0.05,spb-obj-e-20311537,object_property_uncertainty,0,1.1808049999999999,0.6024425
0.05,spb-obj-e-20311588,object_property_uncertainty,0,1.1981975,0.628835
0.05,spb-obj-h-20311622,object_property_uncertainty,1,1.0954175000000002,0.0
0.05,spb-obj-h-20311673,object_property_uncertainty,0,1.3330199999999999,0.3061275000000001
0.05,spb-obj-e-20311792,object_property_uncertainty,1,1.2755049999999999,0.0
0.05,spb-obj-m-20311809,object_property_uncertainty,1,1.2089775,0.0
0.05,spb-obj-h-20311877,object_property_uncertainty,1,1.2469575,0.0
0.05,spb-res-m-20311979,resource_constraint,0,0.7149475,0.7998875000000002
0.05,spb-res-e-20312115,resource_constraint,1,0.7734975000000001,0.0
0.05,spb-res-m-20312234,resource_constraint,1,0.7418525,0.0
0.05,spb-res-e-20312268,resource_constraint,1,0.7778400000000001,0.0
0.05,spb-res-e-20312319,resource_constraint,1,0.7631525,0.0
0.05,spb-res-h-20312404,resource_constraint,1,0.7495225,0.0
0.05,spb-res-e-20312421,resource_constraint,0,0.765405,0.7603449999999999
0.05,spb-res-m-20312438,resource_constraint,1,0.8922025000000001,0.0
0.05,spb-res-h-20312455,resource_constraint,1,0.7335400000000001,0.0
0.05,spb-res-m-20312540,resource_constraint,0,0.809565,0.7188575000000003
0.05,spb-res-e-20312676,resource_constraint,1,0.791295,0.0
0.05,spb-res-h-20312761,resource_constraint,0,0.775095,1.082045
0.05,spb-res-m-20312897,resource_constraint,0,0.7139725000000001,0.811685
0.05,spb-res-m-20313407,resource_constraint,1,0.6835249999999999,0.0
0.05,spb-res-e-20313441,resource_constraint,1,0.7843825000000001,0.0
0.05,spb-res-h-20313628,resource_constraint,0,-1.1265975,1.8575149999999998
0.05,spb-res-h-20313832,resource_constraint,1,0.976225,0.0
0.05,spb-res-m-20313866,resource_constraint,0,0.812285,0.7125449999999999
0.05,spb-res-h-20314138,resource_constraint,0,0.490615,0.906995
0.05,spb-res-m-20314172,resource_constraint,1,0.6505775,0.0
0.05,spb-res-e-20314206,resource_constraint,0,0.81633,0.7080875
0.05,spb-res-m-20314274,resource_constraint,0,0.91614,0.546645
0.05,spb-res-h-20314291,resource_constraint,0,0.9884575,0.38482249999999985
0.05,spb-res-e-20314308,resource_constraint,1,0.825815,0.0
0.05,spb-res-m-20314376,resource_constraint,0,0.7291325,0.9265675
0.05,spb-res-h-20314393,resource_constraint,0,0.5999875,0.9257925000000001
0.05,spb-res-e-20314665,resource_constraint,1,0.812685,0.0
0.05,spb-res-e-20314818,resource_constraint,0,0.77203,0.7047149999999998
0.05,spb-res-h-20314852,resource_constraint,0,0.7116275000000001,0.8934749999999998
0.05,spb-res-h-20314903,resource_constraint,1,0.71718,0.0
0.05,spb-res-e-20314920,resource_constraint,1,0.79121,0.0
0.05,spb-res-h-20314954,resource_constraint,0,0.8012649999999999,0.5601575000000001
0.05,spb-res-h-20315005,resource_constraint,0,0.49971750000000004,0.34906000000000004
0.05,spb-res-m-20315090,resource_constraint,1,0.5513300000000001,0.0
0.05,spb-res-e-20315226,resource_constraint,0,0.8253525,0.6381674999999999
0.05,spb-res-e-20315277,resource_constraint,0,0.797835,0.6730499999999998
0.05,spb-res-m-20315345,resource_constraint,0,0.8506275000000001,0.6819549999999996
0.05,spb-res-m-20315498,resource_constraint,0,0.8176800000000001,0.7286549999999999
0.05,spb-res-h-20315566,resource_constraint,1,0.820955,0.0
0.05,spb-res-m-20315906,resource_constraint,1,0.8153750000000001,0.0
0.05,spb-res-e-20315940,resource_constraint,1,0.7496075,0.0
0.05,spb-res-h-20316127,resource_constraint,1,0.917755,0.0
0.05,spb-res-e-20316144,resource_constraint,1,0.8543999999999999,0.0
0.05,spb-res-m-20316671,resource_constraint,0,0.6646775,0.8229275
0.05,spb-res-h-20316688,resource_constraint,0,1.0629875000000002,0.9188974999999999
0.05,spb-res-m-20316722,resource_constraint,1,0.7807050000000001,0.0
0.05,spb-res-h-20316892,resource_constraint,1,0.7469275,0.0
0.05,spb-res-m-20317130,resource_constraint,0,0.7358100000000001,0.6416250000000001
0.05,spb-res-h-20317351,resource_constraint,1,0.7884325,0.0
0.05,spb-res-e-20317368,resource_constraint,1,0.8079624999999999,0.0
0.05,spb-res-h-20317504,resource_constraint,0,0.49161000000000005,0.9673025
0.05,spb-res-h-20317657,resource_constraint,1,1.06713,0.0
0.05,spb-res-e-20317725,resource_constraint,1,0.7938175000000001,0.0
0.05,spb-res-m-20318150,resource_constraint,0,0.8362725000000001,0.6524525
0.05,spb-res-h-20318269,resource_constraint,0,0.72784,0.7316549999999999
0.05,spb-res-m-20318354,resource_constraint,1,0.942105,0.0
0.05,spb-res-m-20318609,resource_constraint,0,0.6507825,0.8936199999999999
0.05,spb-res-e-20318643,resource_constraint,0,0.8425525,0.6547549999999998
0.05,spb-res-e-20318694,resource_constraint,0,0.8303775,0.6851375
0.05,spb-res-e-20318847,resource_constraint,1,0.7593875,0.0
0.05,spb-res-e-20319051,resource_constraint,0,0.7738725,0.7117550000000001
0.05,spb-res-h-20319187,resource_constraint,0,0.6910375,0.7572299999999998
0.05,spb-res-e-20319204,resource_constraint,0,0.8666324999999999,0.5438825000000003
0.05,spb-res-h-20319238,resource_constraint,1,0.9770975000000001,0.0
0.05,spb-res-m-20319374,resource_constraint,0,0.8256775000000001,0.5690724999999999
0.05,spb-res-m-20319476,resource_constraint,1,0.8239225,0.0
0.05,spb-res-h-20319646,resource_constraint,1,0.8903049999999999,0.0
0.05,spb-res-m-20319731,resource_constraint,0,0.74508,0.9390925000000001
0.05,spb-res-h-20319799,resource_constraint,0,1.0038825,0.4828174999999999
0.05,spb-res-m-20320037,resource_constraint,1,0.8452075,0.0
0.05,spb-res-m-20320190,resource_constraint,0,0.7940875,0.6121950000000002
0.05,spb-res-e-20320275,resource_constraint,0,0.8224075000000001,0.6994249999999999
0.05,spb-res-h-20320309,resource_constraint,0,0.698765,0.7383000000000001
0.05,spb-res-e-20320479,resource_constraint,0,0.7166600000000001,0.8397474999999996
0.05,spb-res-h-20320717,resource_constraint,0,0.6622999999999999,0.991465
0.05,spb-res-e-20320734,resource_constraint,1,0.7567550000000001,0.0
0.05,spb-res-m-20320955,resource_constraint,1,0.7331425,0.0
0.05,spb-res-h-20320972,resource_constraint,1,0.6382350000000001,0.0
0.05,spb-res-h-20321023,resource_constraint,1,0.46868999999999994,0.0
0.05,spb-res-m-20321057,resource_constraint,1,0.8151550000000001,0.0
0.05,spb-res-m-20321108,resource_constraint,0,0.8458225,0.7291175
0.05,spb-res-h-20321125,resource_constraint,1,0.6688725000000001,0.0
0.05,spb-res-e-20321142,resource_constraint,0,0.7491800000000001,0.6978249999999998
0.05,spb-res-h-20321176,resource_constraint,1,0.5745049999999999,0.0
0.05,spb-res-m-20321312,resource_constraint,0,0.8403025,0.5452525000000001
0.05,spb-res-h-20321329,resource_constraint,1,0.85092,0.0
0.05,spb-res-e-20321346,resource_constraint,1,0.8015100000000001,0.0
0.05,spb-res-e-20321397,resource_constraint,0,0.765225,0.7842225
0.05,spb-res-m-20321414,resource_constraint,1,0.8037150000000001,0.0
0.05,spb-res-h-20321584,resource_constraint,0,0.9304074999999999,0.6746425000000001
0.05,spb-res-h-20321788,resource_constraint,1,0.7290175,0.0
0.05,spb-res-m-20321822,resource_constraint,1,0.7892349999999999,0.0
0.05,spb-res-e-20321856,resource_constraint,1,0.7622225,0.0
0.05,spb-res-e-20321958,resource_constraint,1,0.8302974999999999,0.0
0.05,spb-res-h-20321992,resource_constraint,1,0.798235,0.0
0.05,spb-res-e-20322060,resource_constraint,0,0.76446,0.7343074999999998
0.05,spb-res-m-20322128,resource_constraint,0,0.8315349999999999,0.5247000000000002
0.05,spb-res-e-20322519,resource_constraint,1,0.8164175,0.0
0.05,spb-res-h-20322604,resource_constraint,0,0.7529625,0.6481825000000001
0.05,spb-res-e-20322621,resource_constraint,0,0.79241,0.71178
0.05,spb-res-m-20322740,resource_constraint,1,0.652695,0.0
0.05,spb-res-e-20322825,resource_constraint,0,0.8157525000000001,0.63297
0.05,spb-res-e-20322927,resource_constraint,1,0.737095,0.0
0.05,spb-res-m-20322995,resource_constraint,0,0.8038475,0.7793524999999999
0.05,spb-res-h-20323114,resource_constraint,1,0.8985325,0.0
0.05,spb-res-m-20323352,resource_constraint,0,0.7922575000000001,0.8828924999999999
0.05,spb-res-e-20323488,resource_constraint,1,0.7980025,0.0
0.05,spb-res-m-20323556,resource_constraint,1,0.8248625,0.0
0.05,spb-res-m-20323709,resource_constraint,0,0.80255,0.7299325
0.05,spb-res-e-20323845,resource_constraint,0,0.734375,0.7336524999999998
0.05,spb-res-h-20323930,resource_constraint,0,0.5946400000000001,0.8840949999999999
0.05,spb-res-m-20324168,resource_constraint,0,0.766235,0.5913425000000001
0.05,spb-res-h-20324185,resource_constraint,1,0.84302,0.0
0.05,spb-res-h-20324287,resource_constraint,1,0.6831050000000001,0.0
0.05,spb-res-m-20324525,resource_constraint,1,0.7927649999999999,0.0
0.05,spb-res-h-20324644,resource_constraint,1,0.690375,0.0
0.05,spb-res-m-20324678,resource_constraint,0,0.6934825,0.8914599999999999
0.05,spb-res-m-20324729,resource_constraint,0,0.973115,0.5835575
0.05,spb-res-h-20325052,resource_constraint,1,0.5841425,0.0
0.05,spb-res-h-20325154,resource_constraint,1,0.8443075,0.0
0.05,spb-res-e-20325477,resource_constraint,1,0.75812,0.0
0.05,spb-res-e-20325528,resource_constraint,0,0.7480275000000001,0.7623224999999998
0.05,spb-res-m-20325596,resource_constraint,1,0.6925325,0.0
0.05,spb-res-h-20325664,resource_constraint,0,0.9154325,0.2509850000000001
0.05,spb-res-e-20325681,resource_constraint,0,0.9023950000000001,0.5758650000000001
0.05,spb-res-h-20325766,resource_constraint,1,0.70853,0.0
0.05,spb-res-h-20325817,resource_constraint,1,0.7219425,0.0
0.05,spb-res-m-20325851,resource_constraint,0,0.7875725,0.8094125000000001
0.05,spb-res-e-20325885,resource_constraint,1,0.7576725,0.0
0.05,spb-res-h-20325970,resource_constraint,0,0.753615,0.8434499999999999
0.05,spb-res-m-20326055,resource_constraint,0,0.89771,0.5104774999999999
0.05,spb-res-h-20326174,resource_constraint,1,0.7447649999999999,0.0
0.05,spb-res-e-20326191,resource_constraint,1,0.81069,0.0
0.05,spb-res-m-20326310,resource_constraint,1,0.7889425,0.0
0.05,spb-res-m-20326412,resource_constraint,1,0.759755,0.0
0.05,spb-res-m-20326922,resource_constraint,0,0.5546774999999999,0.01727500000000004
0.05,spb-res-h-20327041,resource_constraint,1,0.5576775,0.0
0.05,spb-res-m-20327075,resource_constraint,0,0.8143799999999999,0.6608900000000002
0.05,spb-res-h-20327143,resource_constraint,1,0.557415,0.0
0.05,spb-res-h-20327347,resource_constraint,1,0.5580949999999999,0.0
0.05,spb-res-m-20327381,resource_constraint,1,0.687355,0.0
0.05,spb-res-e-20327415,resource_constraint,1,0.8008975,0.0
0.05,spb-res-m-20327534,resource_constraint,1,0.8315625,0.0
0.05,spb-res-e-20327619,resource_constraint,0,0.787455,0.7185549999999998
0.05,spb-res-e-20327772,resource_constraint,1,0.7400875,0.0
0.05,spb-res-e-20328027,resource_constraint,1,0.845005,0.0
0.05,spb-res-e-20328078,resource_constraint,1,0.7671625,0.0
0.05,spb-res-e-20328180,resource_constraint,0,0.768615,0.7887824999999999
0.05,spb-res-m-20328248,resource_constraint,0,0.66877,0.7934500000000001
0.05,spb-res-h-20328265,resource_constraint,0,0.6720375000000001,0.9605874999999999
0.05,spb-res-h-20328316,resource_constraint,0,0.8506675,0.5146350000000001
0.05,spb-res-m-20328350,resource_constraint,1,0.9141699999999999,0.0
0.05,spb-res-h-20328367,resource_constraint,0,1.20034,0.5006425000000001
0.05,spb-res-e-20328384,resource_constraint,0,0.7554825,0.7807875000000001
0.05,spb-res-e-20328588,resource_constraint,0,0.73263,0.8236800000000001
0.05,spb-res-m-20328605,resource_constraint,0,0.9173925,0.6492374999999999
0.05,spb-res-e-20328843,resource_constraint,0,0.749905,0.7143249999999999
0.05,spb-pla-h-20328945,planning_failure,0,-0.7100299999999999,0.5547325
0.05,spb-pla-h-20329149,planning_failure,1,1.6885299999999999,0.0
0.05,spb-pla-h-20329200,planning_failure,0,-0.85634,0.8006125
0.05,spb-pla-e-20329319,planning_failure,0,0.9256199999999999,0.7107775000000001
0.05,spb-pla-h-20329353,planning_failure,0,-0.7300949999999999,0.8517724999999999
0.05,spb-pla-m-20329489,planning_failure,0,0.9498099999999999,0.5734750000000001
0.05,spb-pla-e-20329574,planning_failure,0,1.18202,0.4010799999999999
0.05,spb-pla-e-20329727,planning_failure,0,1.295375,0.30163000000000006
0.05,spb-pla-h-20329812,planning_failure,0,-0.5713525,0.43833
0.05,spb-pla-m-20329897,planning_failure,0,-0.6645275,0.48545750000000004
0.05,spb-pla-e-20329931,planning_failure,0,0.9523524999999999,0.5617375
0.05,spb-pla-h-20330118,planning_failure,0,0.84049,0.8762800000000002
0.05,spb-pla-m-20330356,planning_failure,0,-0.820535,0.6805425
0.05,spb-pla-e-20330543,planning_failure,0,1.1819925,0.4295874999999998
0.05,spb-pla-m-20330611,planning_failure,0,1.225455,0.3217599999999998
0.05,spb-pla-h-20330730,planning_failure,0,-1.2025575,1.30646
0.05,spb-pla-h-20330883,planning_failure,0,0.95553,0.9556825
0.05,spb-pla-m-20331070,planning_failure,1,1.5313025000000002,0.0
0.05,spb-pla-h-20331087,planning_failure,0,-0.7064874999999999,0.43125499999999994
0.05,spb-pla-m-20331325,planning_failure,0,-0.7086950000000001,0.721485
0.05,spb-pla-e-20331461,planning_failure,0,-1.23231,1.0938050000000001
0.05,spb-pla-h-20331546,planning_failure,0,-1.81763,1.73744
0.05,spb-pla-h-20331648,planning_failure,0,1.2034675,0.5422450000000001
0.05,spb-pla-h-20331750,planning_failure,0,-0.6886375,0.6717375
0.05,spb-pla-m-20331835,planning_failure,0,0.9716100000000001,0.6008024999999999
0.05,spb-pla-m-20331886,planning_failure,0,-0.911475,0.9368925
0.05,spb-pla-h-20332005,planning_failure,0,0.15214499999999997,1.7372174999999999
0.05,spb-pla-e-20332022,planning_failure,0,-0.83066,0.7351025
0.05,spb-pla-m-20332039,planning_failure,0,1.0991725,0.5107325
0.05,spb-pla-e-20332175,planning_failure,0,0.8692650000000001,0.7546474999999998
0.05,spb-pla-m-20332243,planning_failure,0,-0.7715999999999998,0.5831474999999998
0.05,spb-pla-m-20332294,planning_failure,0,0.8900075000000001,0.5946925000000001
0.05,spb-pla-e-20332379,planning_failure,0,-1.20795,1.1027375000000001
0.05,spb-pla-m-20332498,planning_failure,0,0.989295,0.675765
0.05,spb-pla-h-20332515,planning_failure,0,-0.748465,0.9076850000000001
0.05,spb-pla-e-20332685,planning_failure,0,-0.7758175,0.631205
0.05,spb-pla-m-20332753,planning_failure,0,0.9506825,0.6199650000000002
0.05,spb-pla-m-20332855,planning_failure,0,-1.13182,0.94069
0.05,spb-pla-m-20333110,planning_failure,0,-1.1231325,0.96608
0.05,spb-pla-e-20333195,planning_failure,0,-1.2106425,1.0963100000000001
0.05,spb-pla-e-20333246,planning_failure,0,-0.7338625,0.57916
0.05,spb-pla-h-20333280,planning_failure,0,-0.5760325,0.3064724999999999
0.05,spb-pla-m-20333416,planning_failure,0,-1.38276,1.1486874999999999
0.05,spb-pla-e-20333501,planning_failure,0,-1.172135,0.9023574999999999
0.05,spb-pla-h-20333535,planning_failure,0,-1.002935,0.7294324999999999
0.05,spb-pla-m-20333569,planning_failure,0,1.0965575,0.5524249999999999
0.05,spb-pla-h-20333586,planning_failure,0,-0.6633249999999999,0.6548225
0.05,spb-pla-h-20333739,planning_failure,0,-0.9252499999999999,0.6883474999999999
0.05,spb-pla-e-20333756,planning_failure,0,-0.8543025000000001,0.6760025000000001
0.05,spb-pla-m-20333824,planning_failure,0,1.069085,0.4808999999999999
0.05,spb-pla-h-20333892,planning_failure,0,-1.0209275,1.0099625
0.05,spb-pla-h-20333943,planning_failure,1,1.7146649999999999,0.0
0.05,spb-pla-m-20333977,planning_failure,0,-1.87613,1.68499
0.05,spb-pla-h-20334045,planning_failure,1,1.508785,0.0
0.05,spb-pla-m-20334181,planning_failure,0,0.9520649999999999,0.6306100000000001
0.05,spb-pla-m-20334436,planning_failure,0,-1.3072850000000003,1.2463175000000002
0.05,spb-pla-h-20334453,planning_failure,0,-0.7105975,0.432325
0.05,spb-pla-e-20334470,planning_failure,0,0.9119575,0.7226699999999999
0.05,spb-pla-m-20335303,planning_failure,0,0.9947675,0.7312275000000001
0.05,spb-pla-e-20335439,planning_failure,0,0.92373,0.6855299999999999
0.05,spb-pla-e-20335541,planning_failure,0,0.8694675,0.6697025
0.05,spb-pla-m-20335558,planning_failure,0,-0.8711749999999999,0.7899849999999999
0.05,spb-pla-h-20335626,planning_failure,0,-1.0769175,0.6030275
0.05,spb-pla-h-20335881,planning_failure,1,1.548105,0.0
0.05,spb-pla-h-20335983,planning_failure,0,-0.7585374999999999,0.6387874999999998
0.05,spb-pla-m-20336578,planning_failure,0,0.9570099999999999,0.7385975
0.05,spb-pla-h-20336697,planning_failure,0,0.78057,0.5956074999999998
0.05,spb-pla-e-20337275,planning_failure,1,1.6036225000000002,0.0
0.05,spb-pla-m-20337343,planning_failure,0,-0.9084249999999999,0.7873699999999999
0.05,spb-pla-h-20337411,planning_failure,0,-1.8461525,1.4040050000000002
0.05,spb-pla-e-20337428,planning_failure,0,-0.8070675,0.6316950000000001
0.05,spb-pla-e-20337683,planning_failure,0,0.896255,0.7704749999999998
0.05,spb-pla-h-20337717,planning_failure,0,-1.54524,1.5538524999999999
0.05,spb-pla-m-20337853,planning_failure,0,-1.2737574999999999,1.118445
0.05,spb-pla-m-20337904,planning_failure,0,-1.1462625,0.98099
0.05,spb-pla-e-20337938,planning_failure,0,0.8872725,0.7677724999999999
0.05,spb-pla-m-20338006,planning_failure,0,-0.7833725,0.467625
0.05,spb-pla-h-20338023,planning_failure,1,-0.42536499999999994,0.0
0.05,spb-pla-e-20338040,planning_failure,0,-0.8450949999999999,0.7068999999999999
0.05,spb-pla-m-20338516,planning_failure,0,0.8651300000000001,0.7223349999999998
0.05,spb-pla-h-20338737,planning_failure,0,-1.9575825,1.936725
0.05,spb-pla-h-20338992,planning_failure,0,-0.9413849999999999,0.6133099999999999
0.05,spb-pla-e-20339009,planning_failure,0,-0.836405,0.7092449999999999
0.05,spb-pla-h-20339043,planning_failure,0,-1.11355,0.6411550000000001
0.05,spb-pla-m-20339128,planning_failure,0,1.054535,0.54813
0.05,spb-pla-m-20339179,planning_failure,0,1.2280525,0.36998750000000014
0.05,spb-pla-e-20339417,planning_failure,0,-0.7949325,0.6492450000000001
0.05,spb-pla-e-20339621,planning_failure,0,0.8641875,0.7626499999999999
0.05,spb-pla-h-20340063,planning_failure,0,0.750605,0.7639225000000001
0.05,spb-pla-e-20340080,planning_failure,0,-1.181095,1.04485
0.05,spb-pla-e-20340131,planning_failure,1,1.604245,0.0
0.05,spb-pla-h-20340216,planning_failure,0,-0.4768925,0.338075
0.05,spb-pla-m-20340301,planning_failure,0,0.752145,0.8462225000000002
0.05,spb-pla-e-20340590,planning_failure,0,0.8370375,0.7565175000000001
0.05,spb-pla-h-20340624,planning_failure,0,0.810705,0.8592200000000001
0.05,spb-pla-h-20340675,planning_failure,1,1.5737174999999999,0.0
0.05,spb-pla-m-20340760,planning_failure,0,0.8616674999999999,0.8133150000000001
0.05,spb-pla-e-20340845,planning_failure,0,1.22757,0.4318774999999999
0.05,spb-pla-e-20340947,planning_failure,0,-1.7595125,1.6217300000000001
0.05,spb-pla-m-20340964,planning_failure,0,1.2360875,0.3794099999999998
0.05,spb-pla-h-20341083,planning_failure,0,-1.1109075000000002,1.19402
0.05,spb-pla-h-20341134,planning_failure,0,-1.082885,0.7167350000000001
0.05,spb-pla-m-20341270,planning_failure,1,1.72404,0.0
0.05,spb-pla-h-20341440,planning_failure,0,0.9330050000000001,0.6302425
0.05,spb-pla-e-20341457,planning_failure,0,0.8366324999999999,0.7423700000000002
0.05,spb-pla-e-20341763,planning_failure,0,0.889745,0.6747100000000001
0.05,spb-pla-h-20341797,planning_failure,0,-0.8347475,1.0077125
0.05,spb-pla-e-20341814,planning_failure,0,-0.843665,0.710895
0.05,spb-pla-m-20341882,planning_failure,0,0.8814075000000001,0.6925699999999999
0.05,spb-pla-e-20341967,planning_failure,0,-0.76169,0.65764
0.05,spb-pla-m-20341984,planning_failure,0,-0.8196049999999999,0.6807949999999999
0.05,spb-pla-m-20342035,planning_failure,0,-0.978745,0.702755
0.05,spb-pla-e-20342069,planning_failure,0,-0.7974650000000001,0.6201200000000001
0.05,spb-pla-e-20342171,planning_failure,0,-0.8414024999999999,0.6906374999999999
0.05,spb-pla-h-20342307,planning_failure,0,-0.7571475,0.75254
0.05,spb-pla-e-20342375,planning_failure,0,0.882835,0.7098325000000001
0.05,spb-pla-e-20342477,planning_failure,1,1.5707,0.0
0.05,spb-pla-m-20342545,planning_failure,0,-0.7610250000000001,0.7104
0.05,spb-pla-e-20342885,planning_failure,1,1.6218075,0.0
0.05,spb-pla-h-20343021,planning_failure,0,1.11171,0.4813799999999999
0.05,spb-pla-h-20343123,planning_failure,0,-0.8014074999999999,0.9252225
0.05,spb-pla-e-20343242,planning_failure,0,-0.8203925000000001,0.7068000000000001
0.05,spb-pla-m-20343412,planning_failure,0,0.9239775000000001,0.6937149999999999
0.05,spb-pla-h-20343531,planning_failure,0,-1.6598575,1.5854325
0.05,spb-pla-m-20343616,planning_failure,0,1.1807775,0.39535999999999993
0.05,spb-pla-m-20343667,planning_failure,0,1.098875,0.4349624999999999
0.05,spb-pla-m-20343820,planning_failure,0,1.323095,0.38246500000000005
0.05,spb-pla-h-20343888,planning_failure,0,0.9417475,1.0179625
0.05,spb-pla-h-20343939,planning_failure,1,1.5775199999999998,0.0
0.05,spb-pla-h-20343990,planning_failure,0,1.1977575,0.12478499999999992
0.05,spb-pla-e-20344058,planning_failure,0,0.921515,0.7081525000000001
0.05,spb-pla-e-20344109,planning_failure,0,1.2020775000000001,0.42580499999999977
0.05,spb-pla-m-20344228,planning_failure,0,-0.6986050000000001,0.7274550000000002
0.05,spb-pla-m-20344432,planning_failure,0,0.9029999999999999,0.68979
0.05,spb-pla-m-20344483,planning_failure,0,1.2691824999999999,0.11257750000000022
0.05,spb-pla-h-20344551,planning_failure,0,-0.68728,0.3216375
0.05,spb-pla-m-20344840,planning_failure,0,-0.8501749999999999,0.756195
0.05,spb-pla-h-20345010,planning_failure,0,1.0168825,0.672545
0.05,spb-pla-m-20345044,planning_failure,0,-0.9341625000000001,0.8018075000000001
0.05,spb-pla-m-20345146,planning_failure,0,-0.6575124999999999,0.6383449999999999
0.05,spb-pla-m-20345299,planning_failure,0,-1.1455225,1.0809725
0.05,spb-pla-h-20345316,planning_failure,0,-1.6688775,1.297365
0.05,spb-pla-e-20345384,planning_failure,0,0.8946625000000001,0.7305949999999999
0.05,spb-pla-m-20345401,planning_failure,0,-0.7286374999999999,0.5529124999999999
0.05,spb-pla-h-20345469,planning_failure,0,0.9518200000000001,0.3814925
0.05,spb-pla-e-20345486,planning_failure,0,0.9513275,0.6783075
0.05,spb-pla-h-20345571,planning_failure,0,-1.8831099999999998,1.7788724999999999
0.05,spb-pla-h-20345622,planning_failure,0,-0.867945,0.6299375
0.05,spb-pla-h-20345877,planning_failure,0,-0.92101,0.725635
0.1,spb-hid-h-20260945,hidden_state_dependency,0,0.9977475,0.8564850000000002
0.1,spb-hid-h-20261251,hidden_state_dependency,0,0.8515199999999999,0.9201149999999999
0.1,spb-hid-e-20261319,hidden_state_dependency,0,0.9444575,0.8345125000000002
0.1,spb-hid-h-20261353,hidden_state_dependency,1,0.9259599999999999,0.0
0.1,spb-hid-m-20261489,hidden_state_dependency,1,0.9580375000000001,0.0
0.1,spb-hid-h-20261608,hidden_state_dependency,1,0.9163625,0.0
0.1,spb-hid-h-20261812,hidden_state_dependency,1,1.0081075,0.0
0.1,spb-hid-m-20261846,hidden_state_dependency,0,0.96841,0.7939700000000001
0.1,spb-hid-h-20262169,hidden_state_dependency,1,0.9608325000000001,0.0
0.1,spb-hid-h-20262220,hidden_state_dependency,1,0.9259900000000001,0.0
0.1,spb-hid-m-20262254,hidden_state_dependency,1,1.1494775,0.0
0.1,spb-hid-e-20262645,hidden_state_dependency,0,0.98299,0.8558300000000001
0.1,spb-hid-m-20262815,hidden_state_dependency,1,0.927395,0.0
0.1,spb-hid-e-20262900,hidden_state_dependency,0,1.0433750000000002,0.7666324999999998
0.1,spb-hid-m-20262968,hidden_state_dependency,0,1.002205,0.9521975
0.1,spb-hid-e-20263002,hidden_state_dependency,1,0.90807,0.0
0.1,spb-hid-m-20263070,hidden_state_dependency,0,0.9736750000000001,0.8341074999999998
0.1,spb-hid-e-20263155,hidden_state_dependency,0,1.0107,0.8116725000000002
0.1,spb-hid-m-20263376,hidden_state_dependency,0,0.9399175,0.7284775000000001
0.1,spb-hid-h-20263393,hidden_state_dependency,1,1.2870325,0.0
0.1,spb-hid-h-20263495,hidden_state_dependency,1,0.9266099999999999,0.0
0.1,spb-hid-h-20263597,hidden_state_dependency,1,1.1596125,0.0
0.1,spb-hid-h-20263801,hidden_state_dependency,1,1.25963,0.0
0.1,spb-hid-m-20263886,hidden_state_dependency,1,0.9805925000000001,0.0
0.1,spb-hid-e-20263920,hidden_state_dependency,1,1.0399850000000002,0.0
0.1,spb-hid-h-20263954,hidden_state_dependency,0,0.80593,1.2869675000000003
0.1,spb-hid-h-20264107,hidden_state_dependency,1,1.00243,0.0
0.1,spb-hid-e-20264124,hidden_state_dependency,0,1.104405,0.6652674999999999
0.1,spb-hid-e-20264379,hidden_state_dependency,1,0.982125,0.0
0.1,spb-hid-e-20264430,hidden_state_dependency,1,1.084645,0.0
0.1,spb-hid-m-20264600,hidden_state_dependency,1,0.92964,0.0
0.1,spb-hid-h-20264617,hidden_state_dependency,1,0.8389975000000001,0.0
0.1,spb-hid-e-20264685,hidden_state_dependency,0,0.9509475000000001,0.8857249999999999
0.1,spb-hid-h-20264821,hidden_state_dependency,0,1.056395,0.927
0.1,spb-hid-e-20264991,hidden_state_dependency,0,0.971805,0.8086975000000001
0.1,spb-hid-h-20265076,hidden_state_dependency,1,1.2699125,0.0
0.1,spb-hid-h-20265127,hidden_state_dependency,1,1.258705,0.0
0.1,spb-hid-m-20265365,hidden_state_dependency,0,1.014585,0.6659949999999999
0.1,spb-hid-e-20265399,hidden_state_dependency,1,0.9937775,0.0
0.1,spb-hid-h-20265484,hidden_state_dependency,0,0.8214925000000001,0.897185
0.1,spb-hid-e-20265552,hidden_state_dependency,0,0.9950300000000001,0.8628374999999999
0.1,spb-hid-h-20265688,hidden_state_dependency,1,1.268845,0.0
0.1,spb-hid-h-20265841,hidden_state_dependency,0,0.8333474999999999,1.3709099999999999
0.1,spb-hid-m-20265875,hidden_state_dependency,1,1.1829425,0.0
0.1,spb-hid-h-20265892,hidden_state_dependency,1,0.8057375,0.0
0.1,spb-hid-m-20265926,hidden_state_dependency,1,1.0249275000000002,0.0
0.1,spb-hid-h-20265943,hidden_state_dependency,1,0.7428725,0.0
0.1,spb-hid-e-20265960,hidden_state_dependency,0,1.0332599999999998,0.8299525000000003
0.1,spb-hid-h-20266249,hidden_state_dependency,1,0.843665,0.0
0.1,spb-hid-e-20266674,hidden_state_dependency,1,1.04615,0.0
0.1,spb-hid-e-20266776,hidden_state_dependency,0,1.0399075,0.758575
0.1,spb-hid-e-20266878,hidden_state_dependency,1,1.039175,0.0
0.1,spb-hid-e-20266980,hidden_state_dependency,0,0.9760975000000001,0.7712325
0.1,spb-hid-m-20267099,hidden_state_dependency,0,1.02539,0.7362200000000001
0.1,spb-hid-h-20267167,hidden_state_dependency,1,1.1304675000000002,0.0
0.1,spb-hid-h-20267269,hidden_state_dependency,1,1.274155,0.0
0.1,spb-hid-e-20267286,hidden_state_dependency,1,1.03818,0.0
0.1,spb-hid-e-20267592,hidden_state_dependency,1,1.03055,0.0
0.1,spb-hid-m-20267711,hidden_state_dependency,0,0.9657674999999999,0.7799300000000002
0.1,spb-hid-m-20267864,hidden_state_dependency,1,1.0516175,0.0
0.1,spb-hid-h-20267932,hidden_state_dependency,1,0.5926525,0.0
0.1,spb-hid-h-20267983,hidden_state_dependency,0,0.989915,0.9540500000000002
0.1,spb-hid-h-20268034,hidden_state_dependency,0,1.1128525,0.5016375
0.1,spb-hid-m-20268119,hidden_state_dependency,0,0.846645,1.05984
0.1,spb-hid-m-20268170,hidden_state_dependency,1,0.9803299999999999,0.0
0.1,spb-hid-e-20268357,hidden_state_dependency,1,1.0303,0.0
0.1,spb-hid-m-20268374,hidden_state_dependency,0,1.198345,0.4411799999999999
0.1,spb-hid-h-20268391,hidden_state_dependency,1,0.792735,0.0
0.1,spb-hid-m-20268425,hidden_state_dependency,0,0.9895299999999999,0.8967925000000002
0.1,spb-hid-h-20268697,hidden_state_dependency,0,1.0389675,0.6698049999999998
0.1,spb-hid-m-20269088,hidden_state_dependency,1,1.0929675,0.0
0.1,spb-hid-h-20269258,hidden_state_dependency,1,0.724395,0.0
0.1,spb-hid-m-20269394,hidden_state_dependency,1,0.998055,0.0
0.1,spb-hid-h-20269411,hidden_state_dependency,1,0.8759075,0.0
0.1,spb-hid-m-20269445,hidden_state_dependency,0,0.8646050000000001,1.1063275
0.1,spb-hid-h-20269462,hidden_state_dependency,0,1.31527,0.19004999999999983
0.1,spb-hid-e-20269530,hidden_state_dependency,1,0.952325,0.0
0.1,spb-hid-m-20269649,hidden_state_dependency,0,1.10616,0.6700649999999999
0.1,spb-hid-h-20269666,hidden_state_dependency,0,0.88449,0.613715
0.1,spb-hid-h-20269768,hidden_state_dependency,1,0.8851,0.0
0.1,spb-hid-h-20269921,hidden_state_dependency,1,1.1840525,0.0
0.1,spb-hid-e-20269938,hidden_state_dependency,1,0.9369700000000001,0.0
0.1,spb-hid-m-20269955,hidden_state_dependency,1,1.03233,0.0
0.1,spb-hid-h-20270227,hidden_state_dependency,1,0.7954299999999999,0.0
0.1,spb-hid-h-20270380,hidden_state_dependency,0,0.8959225,0.8609500000000001
0.1,spb-hid-m-20270414,hidden_state_dependency,0,1.1112250000000001,0.7846849999999999
0.1,spb-hid-h-20270482,hidden_state_dependency,1,1.30872,0.0
0.1,spb-hid-m-20270669,hidden_state_dependency,0,1.0132425,0.8220475
0.1,spb-hid-e-20270703,hidden_state_dependency,1,0.99611,0.0
0.1,spb-hid-e-20270907,hidden_state_dependency,1,0.987705,0.0
0.1,spb-hid-h-20271043,hidden_state_dependency,1,0.7622599999999999,0.0
0.1,spb-hid-h-20271298,hidden_state_dependency,0,0.9562225,0.6083825
0.1,spb-hid-h-20271400,hidden_state_dependency,0,1.0412025,0.8398549999999998
0.1,spb-hid-m-20271434,hidden_state_dependency,0,0.9483325,0.7749750000000002
0.1,spb-hid-h-20271553,hidden_state_dependency,0,0.9235599999999999,0.46555499999999994
0.1,spb-hid-m-20271740,hidden_state_dependency,1,1.0299475,0.0
0.1,spb-hid-h-20271757,hidden_state_dependency,1,0.977385,0.0
0.1,spb-hid-e-20271927,hidden_state_dependency,1,0.9456325000000001,0.0
0.1,spb-hid-e-20271978,hidden_state_dependency,0,0.9897075,0.86822
0.1,spb-hid-e-20272029,hidden_state_dependency,1,0.9835674999999999,0.0
0.1,spb-hid-m-20272097,hidden_state_dependency,1,1.0043324999999999,0.0
0.1,spb-hid-e-20272131,hidden_state_dependency,1,0.9490025,0.0
0.1,spb-hid-m-20272352,hidden_state_dependency,1,1.0500049999999999,0.0
0.1,spb-hid-m-20272403,hidden_state_dependency,1,0.9594675,0.0
0.1,spb-hid-h-20272624,hidden_state_dependency,0,0.9318925,0.8175049999999999
0.1,spb-hid-e-20272692,hidden_state_dependency,0,1.0405475,0.8043875
0.1,spb-hid-e-20272845,hidden_state_dependency,1,1.009085,0.0
0.1,spb-hid-h-20272930,hidden_state_dependency,1,0.83513,0.0
0.1,spb-hid-e-20273202,hidden_state_dependency,0,0.9988275,0.7779475000000002
0.1,spb-hid-e-20273355,hidden_state_dependency,1,1.01947,0.0
0.1,spb-hid-h-20273542,hidden_state_dependency,0,0.7048525,1.3178300000000003
0.1,spb-hid-e-20273610,hidden_state_dependency,0,0.9672925,0.8294349999999998
0.1,spb-hid-e-20273763,hidden_state_dependency,0,0.9796499999999999,0.8633625
0.1,spb-hid-m-20273831,hidden_state_dependency,0,1.0592275,0.6749
0.1,spb-hid-e-20273865,hidden_state_dependency,0,0.991025,0.8358125000000001
0.1,spb-hid-h-20274001,hidden_state_dependency,0,0.8763025,1.1186875
0.1,spb-hid-e-20274018,hidden_state_dependency,1,0.9799424999999999,0.0
0.1,spb-hid-m-20274086,hidden_state_dependency,1,1.2112275,0.0
0.1,spb-hid-e-20274222,hidden_state_dependency,1,0.998785,0.0
0.1,spb-hid-e-20274273,hidden_state_dependency,1,1.03244,0.0
0.1,spb-hid-m-20274443,hidden_state_dependency,1,1.06446,0.0
0.1,spb-hid-m-20274494,hidden_state_dependency,1,0.9732399999999999,0.0
0.1,spb-hid-h-20274511,hidden_state_dependency,0,0.8778875,0.9564575000000001
0.1,spb-hid-h-20274715,hidden_state_dependency,0,0.82674,0.9502025000000001
0.1,spb-hid-m-20274851,hidden_state_dependency,0,0.89036,0.9005975000000002
0.1,spb-hid-h-20275225,hidden_state_dependency,0,0.9261474999999999,1.01242
0.1,spb-hid-e-20275242,hidden_state_dependency,0,1.07004,0.7162424999999997
0.1,spb-hid-m-20275361,hidden_state_dependency,1,0.9714925000000001,0.0
0.1,spb-hid-h-20275480,hidden_state_dependency,1,1.1960575000000002,0.0
0.1,spb-hid-e-20275548,hidden_state_dependency,1,1.1007475,0.0
0.1,spb-hid-e-20275599,hidden_state_dependency,1,1.0272525,0.0
0.1,spb-hid-m-20275820,hidden_state_dependency,0,1.0710600000000001,0.8755249999999999
0.1,spb-hid-h-20275837,hidden_state_dependency,1,1.0109724999999998,0.0
0.1,spb-hid-e-20275854,hidden_state_dependency,0,0.965645,0.907655
0.1,spb-hid-m-20275871,hidden_state_dependency,0,1.0035975,0.7533975000000002
0.1,spb-hid-e-20275956,hidden_state_dependency,0,1.047215,0.7267099999999997
0.1,spb-hid-m-20276024,hidden_state_dependency,0,1.236095,0.6551175
0.1,spb-hid-e-20276109,hidden_state_dependency,1,0.987605,0.0
0.1,spb-hid-e-20276211,hidden_state_dependency,1,0.9576225,0.0
0.1,spb-hid-m-20276381,hidden_state_dependency,0,1.10229,0.8017349999999999
0.1,spb-hid-h-20276398,hidden_state_dependency,0,0.9733699999999998,0.9889325000000002
0.1,spb-hid-m-20276636,hidden_state_dependency,0,1.100195,0.7283625
0.1,spb-hid-e-20276670,hidden_state_dependency,0,1.0185175000000002,0.7369524999999999
0.1,spb-hid-h-20276857,hidden_state_dependency,0,0.8028774999999999,0.9696
0.1,spb-hid-h-20277061,hidden_state_dependency,0,0.9384725,0.9321075000000001
0.1,spb-hid-e-20277129,hidden_state_dependency,1,0.9972175,0.0
0.1,spb-hid-m-20277197,hidden_state_dependency,1,0.77282,0.0
0.1,spb-hid-e-20277231,hidden_state_dependency,0,0.9978925000000001,0.7828275
0.1,spb-hid-m-20277248,hidden_state_dependency,1,1.1170175,0.0
0.1,spb-hid-h-20277265,hidden_state_dependency,1,0.8125249999999999,0.0
0.1,spb-hid-e-20277333,hidden_state_dependency,0,1.04189,0.7055625000000001
0.1,spb-hid-h-20277520,hidden_state_dependency,0,0.7298175,0.8494425000000001
0.1,spb-hid-h-20277775,hidden_state_dependency,1,0.8006449999999999,0.0
0.1,spb-hid-h-20277877,hidden_state_dependency,0,1.026875,0.46835000000000004
0.1,spb-per-e-20277928,permission_tool_availability,1,0.8210575,0.0
0.1,spb-per-m-20277945,permission_tool_availability,0,1.0039875,1.109845
0.1,spb-per-h-20277962,permission_tool_availability,0,0.668485,1.5114125
0.1,spb-per-m-20278047,permission_tool_availability,1,0.801775,0.0
0.1,spb-per-e-20278336,permission_tool_availability,1,0.776805,0.0
0.1,spb-per-m-20278353,permission_tool_availability,1,0.906615,0.0
0.1,spb-per-h-20278421,permission_tool_availability,1,1.0683275,0.0
0.1,spb-per-h-20278523,permission_tool_availability,1,0.817865,0.0
0.1,spb-per-m-20278557,permission_tool_availability,0,0.6667974999999999,1.3109425
0.1,spb-per-h-20278625,permission_tool_availability,1,0.9810574999999999,0.0
0.1,spb-per-m-20278659,permission_tool_availability,1,0.843275,0.0
0.1,spb-per-m-20278710,permission_tool_availability,0,0.948415,1.1077649999999999
0.1,spb-per-m-20279016,permission_tool_availability,1,0.913295,0.0
0.1,spb-per-m-20279067,permission_tool_availability,0,0.800105,1.1095899999999999
0.1,spb-per-m-20279169,permission_tool_availability,0,0.821805,1.0946875
0.1,spb-per-h-20279186,permission_tool_availability,1,0.69169,0.0
0.1,spb-per-e-20279305,permission_tool_availability,0,0.7841100000000001,1.1362325
0.1,spb-per-m-20279373,permission_tool_availability,0,0.840625,1.2554075000000002
0.1,spb-per-h-20279696,permission_tool_availability,1,0.3780075,0.0
0.1,spb-per-m-20279730,permission_tool_availability,1,0.8273400000000001,0.0
0.1,spb-per-m-20280036,permission_tool_availability,1,0.78973,0.0
0.1,spb-per-m-20280393,permission_tool_availability,1,0.8116074999999999,0.0
0.1,spb-per-e-20280427,permission_tool_availability,0,0.8153225,1.1562375
0.1,spb-per-e-20280478,permission_tool_availability,0,0.8874625,1.1057999999999997
0.1,spb-per-h-20280512,permission_tool_availability,1,0.7429574999999999,0.0
0.1,spb-per-m-20280546,permission_tool_availability,0,0.7637050000000001,1.17922
0.1,spb-per-e-20280631,permission_tool_availability,1,0.8313875,0.0
0.1,spb-per-m-20280648,permission_tool_availability,0,1.0448475,0.9651350000000001
0.1,spb-per-m-20280750,permission_tool_availability,1,0.7858700000000001,0.0
0.1,spb-per-h-20280767,permission_tool_availability,0,0.6908175000000001,1.4012950000000002
0.1,spb-per-m-20280801,permission_tool_availability,1,0.761055,0.0
0.1,spb-per-h-20280818,permission_tool_availability,0,0.52329,1.6446274999999997
0.1,spb-per-h-20280971,permission_tool_availability,0,0.73904,1.389945
0.1,spb-per-h-20281022,permission_tool_availability,1,1.052605,0.0
0.1,spb-per-h-20281277,permission_tool_availability,1,1.0727825,0.0
0.1,spb-per-h-20281328,permission_tool_availability,0,0.752055,1.2714500000000002
0.1,spb-per-e-20281345,permission_tool_availability,0,0.76365,1.2927175000000002
0.1,spb-per-m-20281362,permission_tool_availability,0,0.7184075,1.2269550000000002
0.1,spb-per-m-20281974,permission_tool_availability,1,0.7952350000000001,0.0
0.1,spb-per-m-20282178,permission_tool_availability,1,0.7352875000000001,0.0
0.1,spb-per-e-20282263,permission_tool_availability,1,0.73343,0.0
0.1,spb-per-m-20282382,permission_tool_availability,0,0.8376975,1.1612400000000003
0.1,spb-per-h-20282399,permission_tool_availability,1,0.85954,0.0
0.1,spb-per-e-20282569,permission_tool_availability,0,0.78898,1.2560775
0.1,spb-per-e-20282671,permission_tool_availability,0,0.882605,1.1466675000000004
0.1,spb-per-m-20282688,permission_tool_availability,1,0.5854775,0.0
0.1,spb-per-m-20282739,permission_tool_availability,1,0.717125,0.0
0.1,spb-per-m-20282892,permission_tool_availability,1,0.6880675,0.0
0.1,spb-per-e-20282977,permission_tool_availability,1,0.7741399999999999,0.0
0.1,spb-per-h-20283113,permission_tool_availability,1,0.8566025,0.0
0.1,spb-per-e-20283130,permission_tool_availability,1,0.7691975,0.0
0.1,spb-per-h-20283266,permission_tool_availability,1,0.47428,0.0
0.1,spb-per-m-20283504,permission_tool_availability,1,0.794155,0.0
0.1,spb-per-m-20283555,permission_tool_availability,1,0.949515,0.0
0.1,spb-per-h-20283572,permission_tool_availability,1,0.43139250000000007,0.0
0.1,spb-per-m-20283708,permission_tool_availability,1,0.7722199999999999,0.0
0.1,spb-per-m-20283759,permission_tool_availability,0,0.8567149999999999,1.1233625000000003
0.1,spb-per-h-20283827,permission_tool_availability,1,1.1253175,0.0
0.1,spb-per-e-20283844,permission_tool_availability,1,0.808115,0.0
0.1,spb-per-m-20283861,permission_tool_availability,0,0.8833775,0.9787
0.1,spb-per-m-20283963,permission_tool_availability,1,0.75046,0.0
0.1,spb-per-m-20284065,permission_tool_availability,1,0.8955374999999999,0.0
0.1,spb-per-h-20284082,permission_tool_availability,1,0.7906775,0.0
0.1,spb-per-e-20284252,permission_tool_availability,1,0.7499275,0.0
0.1,spb-per-h-20284337,permission_tool_availability,0,1.272135,0.9708074999999998
0.1,spb-per-e-20284405,permission_tool_availability,0,0.7345775,1.2472400000000001
0.1,spb-per-m-20284422,permission_tool_availability,1,0.78876,0.0
0.1,spb-per-m-20284473,permission_tool_availability,1,0.9793025,0.0
0.1,spb-per-m-20284779,permission_tool_availability,0,0.89035,0.967025
0.1,spb-per-h-20284847,permission_tool_availability,0,0.8780574999999999,1.0901100000000001
0.1,spb-per-e-20284864,permission_tool_availability,1,0.79802,0.0
0.1,spb-per-e-20284915,permission_tool_availability,1,0.8393975,0.0
0.1,spb-per-h-20285000,permission_tool_availability,0,0.4891025,1.3422225
0.1,spb-per-e-20285119,permission_tool_availability,0,0.8339975000000001,1.1448075000000002
0.1,spb-per-e-20285374,permission_tool_availability,0,0.7702125,1.1349675
0.1,spb-per-m-20285442,permission_tool_availability,0,0.98266,1.007355
0.1,spb-per-h-20285612,permission_tool_availability,0,0.77796,1.5248025
0.1,spb-per-e-20285629,permission_tool_availability,0,0.844465,1.1346524999999998
0.1,spb-per-e-20285680,permission_tool_availability,1,0.79674,0.0
0.1,spb-per-h-20285816,permission_tool_availability,1,0.9702250000000001,0.0
0.1,spb-per-e-20285986,permission_tool_availability,0,0.7724975000000001,1.225155
0.1,spb-per-e-20286037,permission_tool_availability,1,0.806825,0.0
0.1,spb-per-m-20286156,permission_tool_availability,1,0.678025,0.0
0.1,spb-per-m-20286411,permission_tool_availability,0,0.810745,1.205065
0.1,spb-per-h-20286632,permission_tool_availability,1,0.9890800000000001,0.0
0.1,spb-per-h-20286734,permission_tool_availability,1,0.46977250000000004,0.0
0.1,spb-per-e-20287057,permission_tool_availability,1,0.816215,0.0
0.1,spb-per-h-20287091,permission_tool_availability,1,0.7813275,0.0
0.1,spb-per-e-20287312,permission_tool_availability,0,0.817625,1.2252099999999997
0.1,spb-per-h-20287448,permission_tool_availability,1,0.9217175,0.0
0.1,spb-per-m-20287482,permission_tool_availability,1,0.736775,0.0
0.1,spb-per-h-20287703,permission_tool_availability,1,1.1525075,0.0
0.1,spb-per-e-20287924,permission_tool_availability,1,0.77754,0.0
0.1,spb-per-m-20287941,permission_tool_availability,0,0.8653074999999999,1.0636200000000002
0.1,spb-per-m-20287992,permission_tool_availability,1,0.7962400000000001,0.0
0.1,spb-per-e-20288179,permission_tool_availability,0,0.81619,1.2404325
0.1,spb-per-h-20288264,permission_tool_availability,1,0.6936775,0.0
0.1,spb-per-h-20288366,permission_tool_availability,1,0.74664,0.0
0.1,spb-per-h-20288417,permission_tool_availability,0,0.5050450000000001,1.4841224999999998
0.1,spb-per-e-20288485,permission_tool_availability,0,0.81841,1.20073
0.1,spb-per-e-20288587,permission_tool_availability,0,0.805645,1.2198950000000004
0.1,spb-per-m-20288655,permission_tool_availability,1,0.8156224999999999,0.0
0.1,spb-per-m-20288706,permission_tool_availability,0,0.93952,1.05607
0.1,spb-per-m-20288910,permission_tool_availability,0,0.709515,1.3754400000000002
0.1,spb-per-m-20289114,permission_tool_availability,0,0.8344349999999999,1.160135
0.1,spb-per-h-20289182,permission_tool_availability,0,0.8165099999999998,1.1738625000000003
0.1,spb-per-m-20289216,permission_tool_availability,0,0.727715,1.312585
0.1,spb-per-e-20289250,permission_tool_availability,1,0.8121525,0.0
0.1,spb-per-e-20289301,permission_tool_availability,1,0.83201,0.0
0.1,spb-per-e-20289352,permission_tool_availability,0,0.7768375,1.2334674999999997
0.1,spb-per-m-20289369,permission_tool_availability,0,0.8310275,1.3132749999999997
0.1,spb-per-m-20289471,permission_tool_availability,0,0.8445175,1.1849549999999998
0.1,spb-per-e-20289556,permission_tool_availability,1,0.753575,0.0
0.1,spb-per-e-20289811,permission_tool_availability,1,0.817185,0.0
0.1,spb-per-m-20289930,permission_tool_availability,0,0.833415,1.1743700000000001
0.1,spb-per-e-20290066,permission_tool_availability,0,0.7483299999999999,1.1878325
0.1,spb-per-m-20290083,permission_tool_availability,0,0.96872,1.1420924999999997
0.1,spb-per-m-20290134,permission_tool_availability,0,0.804065,1.1855375000000001
0.1,spb-per-e-20290219,permission_tool_availability,0,0.8778175,1.08468
0.1,spb-per-h-20290253,permission_tool_availability,0,-2.4323725,3.1118875
0.1,spb-per-e-20290372,permission_tool_availability,0,0.8553600000000001,1.194
0.1,spb-per-h-20290406,permission_tool_availability,1,0.7244025,0.0
0.1,spb-per-e-20290525,permission_tool_availability,0,0.8224275,1.2371975000000002
0.1,spb-per-h-20290610,permission_tool_availability,1,0.79603,0.0
0.1,spb-per-h-20290661,permission_tool_availability,1,0.7886099999999999,0.0
0.1,spb-per-e-20290678,permission_tool_availability,1,0.8505524999999999,0.0
0.1,spb-per-h-20290712,permission_tool_availability,0,0.8312575,0.9819724999999999
0.1,spb-per-m-20290797,permission_tool_availability,1,0.8661000000000001,0.0
0.1,spb-per-e-20290831,permission_tool_availability,1,0.854835,0.0
0.1,spb-per-h-20290865,permission_tool_availability,1,0.85522,0.0
0.1,spb-per-e-20290882,permission_tool_availability,1,0.7900750000000001,0.0
0.1,spb-per-m-20290950,permission_tool_availability,0,0.768715,1.2971199999999998
0.1,spb-per-e-20290984,permission_tool_availability,1,0.8406500000000001,0.0
0.1,spb-per-h-20291171,permission_tool_availability,0,1.0349175000000002,0.9046425
0.1,spb-per-m-20291256,permission_tool_availability,0,0.8394275,0.926545
0.1,spb-per-e-20291494,permission_tool_availability,0,0.7740475,1.1601050000000002
0.1,spb-per-h-20291630,permission_tool_availability,1,0.8752775,0.0
0.1,spb-per-e-20291749,permission_tool_availability,0,0.8242975000000001,1.2135275
0.1,spb-per-h-20291936,permission_tool_availability,1,0.8908025000000002,0.0
0.1,spb-per-h-20291987,permission_tool_availability,1,1.03533,0.0
0.1,spb-per-e-20292106,permission_tool_availability,1,0.8225549999999999,0.0
0.1,spb-per-h-20292497,permission_tool_availability,0,1.00968,0.99281
0.1,spb-per-h-20292548,permission_tool_availability,1,0.6163025000000001,0.0
0.1,spb-per-e-20292565,permission_tool_availability,0,0.77849,1.1648975
0.1,spb-per-e-20292616,permission_tool_availability,1,0.7736449999999999,0.0
0.1,spb-per-e-20292718,permission_tool_availability,1,0.88077,0.0
0.1,spb-per-e-20292820,permission_tool_availability,1,0.765835,0.0
0.1,spb-per-e-20292973,permission_tool_availability,1,0.8377300000000001,0.0
0.1,spb-per-e-20293177,permission_tool_availability,1,0.7748375000000001,0.0
0.1,spb-per-h-20293313,permission_tool_availability,0,0.545945,1.5233949999999998
0.1,spb-per-h-20293466,permission_tool_availability,1,0.70609,0.0
0.1,spb-per-h-20293517,permission_tool_availability,1,0.9470625000000001,0.0
0.1,spb-per-h-20293619,permission_tool_availability,1,0.4643775,0.0
0.1,spb-per-e-20293738,permission_tool_availability,0,0.7485999999999999,1.1652875
0.1,spb-per-h-20293772,permission_tool_availability,0,0.67342,1.4618725000000001
0.1,spb-per-e-20293891,permission_tool_availability,1,0.8961975,0.0
0.1,spb-per-m-20293959,permission_tool_availability,0,0.7980775,0.95915
0.1,spb-per-e-20294095,permission_tool_availability,1,0.8160375,0.0
0.1,spb-per-m-20294112,permission_tool_availability,1,0.7764074999999999,0.0
0.1,spb-per-h-20294129,permission_tool_availability,0,0.58083,1.5023125000000002
0.1,spb-per-m-20294265,permission_tool_availability,1,0.640845,0.0
0.1,spb-per-e-20294350,permission_tool_availability,1,0.7922525,0.0
0.1,spb-per-e-20294452,permission_tool_availability,1,0.8534125,0.0
0.1,spb-per-m-20294673,permission_tool_availability,0,0.8050275,1.133715
0.1,spb-per-h-20294792,permission_tool_availability,0,0.6651875,1.506665
0.1,spb-obj-m-20295081,object_property_uncertainty,1,1.1871749999999999,0.0
0.1,spb-obj-e-20295370,object_property_uncertainty,0,1.215385,0.5931425000000001
0.1,spb-obj-h-20295404,object_property_uncertainty,1,1.34248,0.0
0.1,spb-obj-h-20295506,object_property_uncertainty,0,1.1597725,0.7383899999999999
0.1,spb-obj-e-20295574,object_property_uncertainty,0,1.1345925000000001,0.6435849999999999
0.1,spb-obj-m-20295591,object_property_uncertainty,0,1.39179,0.25248749999999975
0.1,spb-obj-h-20295710,object_property_uncertainty,0,1.2945875,0.653745
0.1,spb-obj-h-20296118,object_property_uncertainty,0,1.2049575,0.6522825000000001
0.1,spb-obj-m-20296356,object_property_uncertainty,0,1.2410475,0.547085
0.1,spb-obj-e-20296441,object_property_uncertainty,1,1.18595,0.0
0.1,spb-obj-h-20296526,object_property_uncertainty,0,1.347305,0.2781225000000003
0.1,spb-obj-h-20296577,object_property_uncertainty,1,1.1123699999999999,0.0
0.1,spb-obj-m-20296611,object_property_uncertainty,1,1.3234400000000002,0.0
0.1,spb-obj-h-20297138,object_property_uncertainty,0,1.2809075,0.7221474999999997
0.1,spb-obj-h-20297189,object_property_uncertainty,0,0.8239375,1.107395
0.1,spb-obj-e-20297308,object_property_uncertainty,0,1.2046175,0.5837675
0.1,spb-obj-e-20297359,object_property_uncertainty,0,1.165555,0.6510549999999999
0.1,spb-obj-h-20297393,object_property_uncertainty,1,1.2687075,0.0
0.1,spb-obj-e-20297563,object_property_uncertainty,0,1.246565,0.5971150000000001
0.1,spb-obj-h-20297597,object_property_uncertainty,1,1.3320474999999998,0.0
0.1,spb-obj-e-20297614,object_property_uncertainty,0,1.2066625,0.5671074999999999
0.1,spb-obj-e-20297818,object_property_uncertainty,1,1.1213875,0.0
0.1,spb-obj-e-20297869,object_property_uncertainty,0,1.242705,0.47528250000000005
0.1,spb-obj-h-20297903,object_property_uncertainty,1,1.1601124999999999,0.0
0.1,spb-obj-h-20298107,object_property_uncertainty,0,1.29907,0.4279625
0.1,spb-obj-h-20298209,object_property_uncertainty,1,1.21536,0.0
0.1,spb-obj-e-20298277,object_property_uncertainty,0,1.21115,0.5655025
0.1,spb-obj-h-20298311,object_property_uncertainty,1,1.0552725,0.0
0.1,spb-obj-h-20298362,object_property_uncertainty,0,1.2477625,1.0646775
0.1,spb-obj-m-20298600,object_property_uncertainty,1,1.2738225,0.0
0.1,spb-obj-h-20298770,object_property_uncertainty,1,1.2356775,0.0
0.1,spb-obj-e-20298787,object_property_uncertainty,0,1.1405975000000002,0.6663524999999999
0.1,spb-obj-e-20299042,object_property_uncertainty,0,1.140655,0.62409
0.1,spb-obj-m-20299059,object_property_uncertainty,1,1.2404125,0.0
0.1,spb-obj-e-20299246,object_property_uncertainty,0,1.2029450000000002,0.5885974999999999
0.1,spb-obj-e-20299297,object_property_uncertainty,0,1.2274574999999999,0.5202550000000001
0.1,spb-obj-m-20299722,object_property_uncertainty,0,1.089315,0.8880949999999999
0.1,spb-obj-e-20299756,object_property_uncertainty,1,1.1802899999999998,0.0
0.1,spb-obj-h-20299943,object_property_uncertainty,0,1.1512149999999999,0.5137975000000001
0.1,spb-obj-h-20300045,object_property_uncertainty,1,1.3101949999999998,0.0
0.1,spb-obj-h-20300147,object_property_uncertainty,1,1.15611,0.0
0.1,spb-obj-m-20300232,object_property_uncertainty,0,1.1778525,0.6224050000000001
0.1,spb-obj-m-20300334,object_property_uncertainty,0,1.2114875,0.49136749999999996
0.1,spb-obj-m-20300487,object_property_uncertainty,0,1.20875,0.5305250000000001
0.1,spb-obj-e-20300572,object_property_uncertainty,1,1.16284,0.0
0.1,spb-obj-m-20300589,object_property_uncertainty,0,1.2302125,0.60914
0.1,spb-obj-h-20300606,object_property_uncertainty,0,1.1473825,0.6165099999999999
0.1,spb-obj-e-20300623,object_property_uncertainty,0,1.2329475,0.5511625
0.1,spb-obj-m-20300895,object_property_uncertainty,1,1.0939575,0.0
0.1,spb-obj-m-20301252,object_property_uncertainty,0,1.1728475,0.5487124999999999
0.1,spb-obj-h-20301269,object_property_uncertainty,1,1.055385,0.0
0.1,spb-obj-e-20301388,object_property_uncertainty,0,1.1635525,0.6520349999999999
0.1,spb-obj-e-20301490,object_property_uncertainty,0,1.2081024999999999,0.5141300000000002
0.1,spb-obj-m-20301507,object_property_uncertainty,1,1.32326,0.0
0.1,spb-obj-h-20301626,object_property_uncertainty,0,1.405395,0.004057500000000047
0.1,spb-obj-e-20301643,object_property_uncertainty,1,1.1930475,0.0
0.1,spb-obj-e-20301694,object_property_uncertainty,0,1.17293,0.5890399999999998
0.1,spb-obj-m-20301864,object_property_uncertainty,1,1.0873724999999999,0.0
0.1,spb-obj-e-20302051,object_property_uncertainty,0,1.1637324999999998,0.6169400000000003
0.1,spb-obj-e-20302459,object_property_uncertainty,0,1.2328625,0.5551374999999998
0.1,spb-obj-h-20302493,object_property_uncertainty,0,1.1832225,0.7044925
0.1,spb-obj-e-20302561,object_property_uncertainty,1,1.27162,0.0
0.1,spb-obj-m-20302680,object_property_uncertainty,1,1.2648175,0.0
0.1,spb-obj-e-20302714,object_property_uncertainty,0,1.1666675,0.6350849999999999
0.1,spb-obj-m-20302731,object_property_uncertainty,0,1.1958575,0.6152475
0.1,spb-obj-e-20303020,object_property_uncertainty,1,1.1987774999999998,0.0
0.1,spb-obj-m-20303088,object_property_uncertainty,0,1.2495025,0.6980600000000001
0.1,spb-obj-h-20303972,object_property_uncertainty,1,1.1153075000000001,0.0
0.1,spb-obj-m-20304006,object_property_uncertainty,1,1.0849175,0.0
0.1,spb-obj-h-20304074,object_property_uncertainty,0,1.153345,0.7649074999999999
0.1,spb-obj-e-20304142,object_property_uncertainty,1,1.20816,0.0
0.1,spb-obj-m-20304210,object_property_uncertainty,0,1.1896875,0.48719750000000017
0.1,spb-obj-e-20304346,object_property_uncertainty,1,1.1565474999999998,0.0
0.1,spb-obj-m-20304363,object_property_uncertainty,1,1.235115,0.0
0.1,spb-obj-e-20304448,object_property_uncertainty,1,1.2312575000000001,0.0
0.1,spb-obj-m-20304465,object_property_uncertainty,0,1.2027875,0.5440849999999999
0.1,spb-obj-m-20304516,object_property_uncertainty,0,1.03506,0.5459849999999997
0.1,spb-obj-h-20304635,object_property_uncertainty,0,1.1760575,0.3280124999999998
0.1,spb-obj-e-20304652,object_property_uncertainty,1,1.2299775,0.0
0.1,spb-obj-m-20304924,object_property_uncertainty,1,1.1239675,0.0
0.1,spb-obj-m-20305128,object_property_uncertainty,1,1.399395,0.0
0.1,spb-obj-m-20305179,object_property_uncertainty,1,1.1363375,0.0
0.1,spb-obj-m-20305281,object_property_uncertainty,1,1.24294,0.0
0.1,spb-obj-m-20305332,object_property_uncertainty,0,1.009935,0.764445
0.1,spb-obj-e-20305570,object_property_uncertainty,1,1.1527850000000002,0.0
0.1,spb-obj-h-20305655,object_property_uncertainty,0,1.0908025,0.6206575000000001
0.1,spb-obj-e-20305927,object_property_uncertainty,1,1.194955,0.0
0.1,spb-obj-m-20306250,object_property_uncertainty,0,1.34771,0.6565225000000001
0.1,spb-obj-h-20306267,object_property_uncertainty,0,1.4395975,0.6563275000000002
0.1,spb-obj-e-20306437,object_property_uncertainty,1,1.177935,0.0
0.1,spb-obj-e-20306539,object_property_uncertainty,1,1.2992875,0.0
0.1,spb-obj-h-20306624,object_property_uncertainty,0,1.14605,0.8865675000000002
0.1,spb-obj-h-20306726,object_property_uncertainty,1,1.2024124999999999,0.0
0.1,spb-obj-h-20306930,object_property_uncertainty,1,0.9533550000000001,0.0
0.1,spb-obj-h-20307185,object_property_uncertainty,1,1.2939900000000002,0.0
0.1,spb-obj-e-20307202,object_property_uncertainty,0,1.14393,0.6373050000000002
0.1,spb-obj-m-20307219,object_property_uncertainty,1,1.2692525000000001,0.0
0.1,spb-obj-e-20307253,object_property_uncertainty,1,1.2730875000000001,0.0
0.1,spb-obj-m-20307270,object_property_uncertainty,0,1.1948874999999999,0.6231950000000002
0.1,spb-obj-e-20307712,object_property_uncertainty,1,1.2072749999999999,0.0
0.1,spb-obj-m-20307780,object_property_uncertainty,1,1.234105,0.0
0.1,spb-obj-e-20307814,object_property_uncertainty,1,1.209755,0.0
0.1,spb-obj-m-20307882,object_property_uncertainty,0,1.272235,0.49144999999999994
0.1,spb-obj-e-20307916,object_property_uncertainty,1,1.2209400000000001,0.0
0.1,spb-obj-m-20307933,object_property_uncertainty,1,1.3078275000000001,0.0
0.1,spb-obj-m-20307984,object_property_uncertainty,0,1.2845125,0.4804875000000002
0.1,spb-obj-m-20308188,object_property_uncertainty,1,1.1231149999999999,0.0
0.1,spb-obj-m-20308341,object_property_uncertainty,0,1.3432625,0.38195750000000017
0.1,spb-obj-m-20308494,object_property_uncertainty,1,1.2392825,0.0
0.1,spb-obj-e-20308681,object_property_uncertainty,1,1.1727824999999998,0.0
0.1,spb-obj-e-20308732,object_property_uncertainty,0,1.1865124999999999,0.6442825000000001
0.1,spb-obj-h-20308817,object_property_uncertainty,0,1.0838975,0.9206500000000002
0.1,spb-obj-m-20308851,object_property_uncertainty,1,1.04145,0.0
0.1,spb-obj-m-20308902,object_property_uncertainty,0,1.16397,0.577825
0.1,spb-obj-e-20308987,object_property_uncertainty,1,1.2035475,0.0
0.1,spb-obj-h-20309021,object_property_uncertainty,0,1.0041175,0.6269849999999999
0.1,spb-obj-m-20309055,object_property_uncertainty,1,1.12406,0.0
0.1,spb-obj-h-20309276,object_property_uncertainty,0,1.346555,0.35097
0.1,spb-obj-e-20309395,object_property_uncertainty,0,1.1888125,0.6182449999999999
0.1,spb-obj-e-20309599,object_property_uncertainty,0,1.1873275,0.64866
0.1,spb-obj-h-20309684,object_property_uncertainty,0,1.40616,0.5504249999999997
0.1,spb-obj-m-20309871,object_property_uncertainty,1,1.1636825000000002,0.0
0.1,spb-obj-m-20310075,object_property_uncertainty,0,1.1337975,0.6136175000000001
0.1,spb-obj-e-20310211,object_property_uncertainty,1,1.2054875,0.0
0.1,spb-obj-m-20310534,object_property_uncertainty,0,1.13955,0.5959899999999998
0.1,spb-obj-h-20310551,object_property_uncertainty,0,1.1191875,1.1163399999999999
0.1,spb-obj-h-20310602,object_property_uncertainty,1,1.3251525,0.0
0.1,spb-obj-e-20310670,object_property_uncertainty,1,1.1433024999999999,0.0
0.1,spb-obj-e-20310772,object_property_uncertainty,0,1.1829049999999999,0.6470550000000002
0.1,spb-obj-h-20311061,object_property_uncertainty,1,1.3906575,0.0
0.1,spb-obj-h-20311112,object_property_uncertainty,1,0.8556374999999999,0.0
0.1,spb-obj-m-20311299,object_property_uncertainty,0,1.1426325,0.5581525000000003
0.1,spb-obj-h-20311316,object_property_uncertainty,0,0.80359,0.8470675000000001
0.1,spb-obj-m-20311401,object_property_uncertainty,1,1.0437024999999998,0.0
0.1,spb-obj-e-20311537,object_property_uncertainty,0,1.1808049999999999,0.6024425
0.1,spb-obj-e-20311588,object_property_uncertainty,0,1.1981975,0.628835
0.1,spb-obj-h-20311622,object_property_uncertainty,1,1.0954175000000002,0.0
0.1,spb-obj-h-20311673,object_property_uncertainty,0,1.3330199999999999,0.3061275000000001
0.1,spb-obj-e-20311792,object_property_uncertainty,1,1.2755049999999999,0.0
0.1,spb-obj-m-20311809,object_property_uncertainty,1,1.2089775,0.0
0.1,spb-obj-h-20311877,object_property_uncertainty,1,1.2469575,0.0
0.1,spb-res-m-20311979,resource_constraint,0,0.7149475,0.7998875000000002
0.1,spb-res-e-20312115,resource_constraint,1,0.7734975000000001,0.0
0.1,spb-res-m-20312234,resource_constraint,1,0.7418525,0.0
0.1,spb-res-e-20312268,resource_constraint,1,0.7778400000000001,0.0
0.1,spb-res-e-20312319,resource_constraint,1,0.7631525,0.0
0.1,spb-res-h-20312404,resource_constraint,1,0.7495225,0.0
0.1,spb-res-e-20312421,resource_constraint,0,0.765405,0.7603449999999999
0.1,spb-res-m-20312438,resource_constraint,1,0.8922025000000001,0.0
0.1,spb-res-h-20312455,resource_constraint,1,0.7335400000000001,0.0
0.1,spb-res-m-20312540,resource_constraint,0,0.809565,0.7188575000000003
0.1,spb-res-e-20312676,resource_constraint,1,0.791295,0.0
0.1,spb-res-h-20312761,resource_constraint,0,0.775095,1.082045
0.1,spb-res-m-20312897,resource_constraint,0,0.7139725000000001,0.811685
0.1,spb-res-m-20313407,resource_constraint,1,0.6835249999999999,0.0
0.1,spb-res-e-20313441,resource_constraint,1,0.7843825000000001,0.0
0.1,spb-res-h-20313628,resource_constraint,0,0.5835225,0.14739499999999994
0.1,spb-res-h-20313832,resource_constraint,1,0.976225,0.0
0.1,spb-res-m-20313866,resource_constraint,0,0.812285,0.7125449999999999
0.1,spb-res-h-20314138,resource_constraint,0,0.490615,0.906995
0.1,spb-res-m-20314172,resource_constraint,1,0.6505775,0.0
0.1,spb-res-e-20314206,resource_constraint,0,0.81633,0.7080875
0.1,spb-res-m-20314274,resource_constraint,0,0.91614,0.546645
0.1,spb-res-h-20314291,resource_constraint,0,0.9884575,0.38482249999999985
0.1,spb-res-e-20314308,resource_constraint,1,0.825815,0.0
0.1,spb-res-m-20314376,resource_constraint,0,0.7291325,0.9265675
0.1,spb-res-h-20314393,resource_constraint,0,0.5999875,0.9257925000000001
0.1,spb-res-e-20314665,resource_constraint,1,0.812685,0.0
0.1,spb-res-e-20314818,resource_constraint,0,0.77203,0.7047149999999998
0.1,spb-res-h-20314852,resource_constraint,0,0.7116275000000001,0.8934749999999998
0.1,spb-res-h-20314903,resource_constraint,1,0.71718,0.0
0.1,spb-res-e-20314920,resource_constraint,1,0.79121,0.0
0.1,spb-res-h-20314954,resource_constraint,0,0.8012649999999999,0.5601575000000001
0.1,spb-res-h-20315005,resource_constraint,0,0.49971750000000004,0.34906000000000004
0.1,spb-res-m-20315090,resource_constraint,1,0.5513300000000001,0.0
0.1,spb-res-e-20315226,resource_constraint,0,0.8253525,0.6381674999999999
0.1,spb-res-e-20315277,resource_constraint,0,0.797835,0.6730499999999998
0.1,spb-res-m-20315345,resource_constraint,0,0.8506275000000001,0.6819549999999996
0.1,spb-res-m-20315498,resource_constraint,0,0.8176800000000001,0.7286549999999999
0.1,spb-res-h-20315566,resource_constraint,1,0.820955,0.0
0.1,spb-res-m-20315906,resource_constraint,1,0.8153750000000001,0.0
0.1,spb-res-e-20315940,resource_constraint,1,0.7496075,0.0
0.1,spb-res-h-20316127,resource_constraint,1,0.917755,0.0
0.1,spb-res-e-20316144,resource_constraint,1,0.8543999999999999,0.0
0.1,spb-res-m-20316671,resource_constraint,0,0.6646775,0.8229275
0.1,spb-res-h-20316688,resource_constraint,0,1.0629875000000002,0.9188974999999999
0.1,spb-res-m-20316722,resource_constraint,1,0.7807050000000001,0.0
0.1,spb-res-h-20316892,resource_constraint,1,0.7469275,0.0
0.1,spb-res-m-20317130,resource_constraint,0,0.7358100000000001,0.6416250000000001
0.1,spb-res-h-20317351,resource_constraint,1,0.7884325,0.0
0.1,spb-res-e-20317368,resource_constraint,1,0.8079624999999999,0.0
0.1,spb-res-h-20317504,resource_constraint,0,0.49161000000000005,0.9673025
0.1,spb-res-h-20317657,resource_constraint,1,1.06713,0.0
0.1,spb-res-e-20317725,resource_constraint,1,0.7938175000000001,0.0
0.1,spb-res-m-20318150,resource_constraint,0,0.8362725000000001,0.6524525
0.1,spb-res-h-20318269,resource_constraint,0,0.72784,0.7316549999999999
0.1,spb-res-m-20318354,resource_constraint,1,0.942105,0.0
0.1,spb-res-m-20318609,resource_constraint,0,0.6507825,0.8936199999999999
0.1,spb-res-e-20318643,resource_constraint,0,0.8425525,0.6547549999999998
0.1,spb-res-e-20318694,resource_constraint,0,0.8303775,0.6851375
0.1,spb-res-e-20318847,resource_constraint,1,0.7593875,0.0
0.1,spb-res-e-20319051,resource_constraint,0,0.7738725,0.7117550000000001
0.1,spb-res-h-20319187,resource_constraint,0,0.6910375,0.7572299999999998
0.1,spb-res-e-20319204,resource_constraint,0,0.8666324999999999,0.5438825000000003
0.1,spb-res-h-20319238,resource_constraint,1,0.9770975000000001,0.0
0.1,spb-res-m-20319374,resource_constraint,0,0.8256775000000001,0.5690724999999999
0.1,spb-res-m-20319476,resource_constraint,1,0.8239225,0.0
0.1,spb-res-h-20319646,resource_constraint,1,0.8903049999999999,0.0
0.1,spb-res-m-20319731,resource_constraint,0,0.74508,0.9390925000000001
0.1,spb-res-h-20319799,resource_constraint,0,1.0038825,0.4828174999999999
0.1,spb-res-m-20320037,resource_constraint,1,0.8452075,0.0
0.1,spb-res-m-20320190,resource_constraint,0,0.7940875,0.6121950000000002
0.1,spb-res-e-20320275,resource_constraint,0,0.8224075000000001,0.6994249999999999
0.1,spb-res-h-20320309,resource_constraint,0,0.698765,0.7383000000000001
0.1,spb-res-e-20320479,resource_constraint,0,0.7166600000000001,0.8397474999999996
0.1,spb-res-h-20320717,resource_constraint,0,0.6622999999999999,0.991465
0.1,spb-res-e-20320734,resource_constraint,1,0.7567550000000001,0.0
0.1,spb-res-m-20320955,resource_constraint,1,0.7331425,0.0
0.1,spb-res-h-20320972,resource_constraint,1,0.6382350000000001,0.0
0.1,spb-res-h-20321023,resource_constraint,1,0.46868999999999994,0.0
0.1,spb-res-m-20321057,resource_constraint,1,0.8151550000000001,0.0
0.1,spb-res-m-20321108,resource_constraint,0,0.8458225,0.7291175
0.1,spb-res-h-20321125,resource_constraint,1,0.6688725000000001,0.0
0.1,spb-res-e-20321142,resource_constraint,0,0.7491800000000001,0.6978249999999998
0.1,spb-res-h-20321176,resource_constraint,1,0.5745049999999999,0.0
0.1,spb-res-m-20321312,resource_constraint,0,0.8403025,0.5452525000000001
0.1,spb-res-h-20321329,resource_constraint,1,0.85092,0.0
0.1,spb-res-e-20321346,resource_constraint,1,0.8015100000000001,0.0
0.1,spb-res-e-20321397,resource_constraint,0,0.765225,0.7842225
0.1,spb-res-m-20321414,resource_constraint,1,0.8037150000000001,0.0
0.1,spb-res-h-20321584,resource_constraint,0,0.9304074999999999,0.6746425000000001
0.1,spb-res-h-20321788,resource_constraint,1,0.7290175,0.0
0.1,spb-res-m-20321822,resource_constraint,1,0.7892349999999999,0.0
0.1,spb-res-e-20321856,resource_constraint,1,0.7622225,0.0
0.1,spb-res-e-20321958,resource_constraint,1,0.8302974999999999,0.0
0.1,spb-res-h-20321992,resource_constraint,1,0.798235,0.0
0.1,spb-res-e-20322060,resource_constraint,0,0.76446,0.7343074999999998
0.1,spb-res-m-20322128,resource_constraint,0,0.8315349999999999,0.5247000000000002
0.1,spb-res-e-20322519,resource_constraint,1,0.8164175,0.0
0.1,spb-res-h-20322604,resource_constraint,0,0.7529625,0.6481825000000001
0.1,spb-res-e-20322621,resource_constraint,0,0.79241,0.71178
0.1,spb-res-m-20322740,resource_constraint,1,0.652695,0.0
0.1,spb-res-e-20322825,resource_constraint,0,0.8157525000000001,0.63297
0.1,spb-res-e-20322927,resource_constraint,1,0.737095,0.0
0.1,spb-res-m-20322995,resource_constraint,0,0.8038475,0.7793524999999999
0.1,spb-res-h-20323114,resource_constraint,1,0.8985325,0.0
0.1,spb-res-m-20323352,resource_constraint,0,0.7922575000000001,0.8828924999999999
0.1,spb-res-e-20323488,resource_constraint,1,0.7980025,0.0
0.1,spb-res-m-20323556,resource_constraint,1,0.8248625,0.0
0.1,spb-res-m-20323709,resource_constraint,0,0.80255,0.7299325
0.1,spb-res-e-20323845,resource_constraint,0,0.734375,0.7336524999999998
0.1,spb-res-h-20323930,resource_constraint,0,0.5946400000000001,0.8840949999999999
0.1,spb-res-m-20324168,resource_constraint,0,0.766235,0.5913425000000001
0.1,spb-res-h-20324185,resource_constraint,1,0.84302,0.0
0.1,spb-res-h-20324287,resource_constraint,1,0.6831050000000001,0.0
0.1,spb-res-m-20324525,resource_constraint,1,0.7927649999999999,0.0
0.1,spb-res-h-20324644,resource_constraint,1,0.690375,0.0
0.1,spb-res-m-20324678,resource_constraint,0,0.6934825,0.8914599999999999
0.1,spb-res-m-20324729,resource_constraint,0,0.973115,0.5835575
0.1,spb-res-h-20325052,resource_constraint,1,0.5841425,0.0
0.1,spb-res-h-20325154,resource_constraint,1,0.8443075,0.0
0.1,spb-res-e-20325477,resource_constraint,1,0.75812,0.0
0.1,spb-res-e-20325528,resource_constraint,0,0.7480275000000001,0.7623224999999998
0.1,spb-res-m-20325596,resource_constraint,1,0.6925325,0.0
0.1,spb-res-h-20325664,resource_constraint,0,0.9154325,0.2509850000000001
0.1,spb-res-e-20325681,resource_constraint,0,0.9023950000000001,0.5758650000000001
0.1,spb-res-h-20325766,resource_constraint,1,0.70853,0.0
0.1,spb-res-h-20325817,resource_constraint,1,0.7219425,0.0
0.1,spb-res-m-20325851,resource_constraint,0,0.7875725,0.8094125000000001
0.1,spb-res-e-20325885,resource_constraint,1,0.7576725,0.0
0.1,spb-res-h-20325970,resource_constraint,0,0.753615,0.8434499999999999
0.1,spb-res-m-20326055,resource_constraint,0,0.89771,0.5104774999999999
0.1,spb-res-h-20326174,resource_constraint,1,0.7447649999999999,0.0
0.1,spb-res-e-20326191,resource_constraint,1,0.81069,0.0
0.1,spb-res-m-20326310,resource_constraint,1,0.7889425,0.0
0.1,spb-res-m-20326412,resource_constraint,1,0.759755,0.0
0.1,spb-res-m-20326922,resource_constraint,0,0.5546774999999999,0.01727500000000004
0.1,spb-res-h-20327041,resource_constraint,1,0.5576775,0.0
0.1,spb-res-m-20327075,resource_constraint,0,0.8143799999999999,0.6608900000000002
0.1,spb-res-h-20327143,resource_constraint,1,0.557415,0.0
0.1,spb-res-h-20327347,resource_constraint,1,0.5580949999999999,0.0
0.1,spb-res-m-20327381,resource_constraint,1,0.687355,0.0
0.1,spb-res-e-20327415,resource_constraint,1,0.8008975,0.0
0.1,spb-res-m-20327534,resource_constraint,1,0.8315625,0.0
0.1,spb-res-e-20327619,resource_constraint,0,0.787455,0.7185549999999998
0.1,spb-res-e-20327772,resource_constraint,1,0.7400875,0.0
0.1,spb-res-e-20328027,resource_constraint,1,0.845005,0.0
0.1,spb-res-e-20328078,resource_constraint,1,0.7671625,0.0
0.1,spb-res-e-20328180,resource_constraint,0,0.768615,0.7887824999999999
0.1,spb-res-m-20328248,resource_constraint,0,0.66877,0.7934500000000001
0.1,spb-res-h-20328265,resource_constraint,0,0.6720375000000001,0.9605874999999999
0.1,spb-res-h-20328316,resource_constraint,0,0.8506675,0.5146350000000001
0.1,spb-res-m-20328350,resource_constraint,1,0.9141699999999999,0.0
0.1,spb-res-h-20328367,resource_constraint,0,1.20034,0.5006425000000001
0.1,spb-res-e-20328384,resource_constraint,0,0.7554825,0.7807875000000001
0.1,spb-res-e-20328588,resource_constraint,0,0.73263,0.8236800000000001
0.1,spb-res-m-20328605,resource_constraint,0,0.9173925,0.6492374999999999
0.1,spb-res-e-20328843,resource_constraint,0,0.749905,0.7143249999999999
0.1,spb-pla-h-20328945,planning_failure,0,-1.06146,0.9061625000000001
0.1,spb-pla-h-20329149,planning_failure,0,0.9716125,0.7169174999999999
0.1,spb-pla-h-20329200,planning_failure,0,-1.73078,1.6750525
0.1,spb-pla-e-20329319,planning_failure,0,0.9256199999999999,0.7107775000000001
0.1,spb-pla-h-20329353,planning_failure,0,-0.7300949999999999,0.8517724999999999
0.1,spb-pla-m-20329489,planning_failure,0,0.9498099999999999,0.5734750000000001
0.1,spb-pla-e-20329574,planning_failure,0,0.9040975,0.6790025
0.1,spb-pla-e-20329727,planning_failure,0,0.8793375000000001,0.7176674999999999
0.1,spb-pla-h-20329812,planning_failure,0,-1.143885,1.0108625
0.1,spb-pla-m-20329897,planning_failure,0,-1.140005,0.9609349999999999
0.1,spb-pla-e-20329931,planning_failure,0,0.9523524999999999,0.5617375
0.1,spb-pla-h-20330118,planning_failure,0,0.84049,0.8762800000000002
0.1,spb-pla-m-20330356,planning_failure,0,-0.820535,0.6805425
0.1,spb-pla-e-20330543,planning_failure,0,1.1819925,0.4295874999999998
0.1,spb-pla-m-20330611,planning_failure,0,0.963735,0.5834799999999998
0.1,spb-pla-h-20330730,planning_failure,0,-0.902455,1.0063575
0.1,spb-pla-h-20330883,planning_failure,1,1.9112125,0.0
0.1,spb-pla-m-20331070,planning_failure,1,1.5313025000000002,0.0
0.1,spb-pla-h-20331087,planning_failure,0,-1.48861,1.2133775
0.1,spb-pla-m-20331325,planning_failure,1,0.012790000000000003,0.0
0.1,spb-pla-e-20331461,planning_failure,0,-0.82813,0.689625
0.1,spb-pla-h-20331546,planning_failure,1,-0.08019,0.0
0.1,spb-pla-h-20331648,planning_failure,0,1.2034675,0.5422450000000001
0.1,spb-pla-h-20331750,planning_failure,0,-1.7417524999999998,1.7248525
0.1,spb-pla-m-20331835,planning_failure,0,0.9716100000000001,0.6008024999999999
0.1,spb-pla-m-20331886,planning_failure,0,-1.202305,1.2277225
0.1,spb-pla-h-20332005,planning_failure,1,1.8893624999999998,0.0
0.1,spb-pla-e-20332022,planning_failure,0,-1.7399524999999998,1.6443949999999998
0.1,spb-pla-m-20332039,planning_failure,0,1.0991725,0.5107325
0.1,spb-pla-e-20332175,planning_failure,0,1.1949075,0.42900499999999986
0.1,spb-pla-m-20332243,planning_failure,0,-1.8970225,1.70857
0.1,spb-pla-m-20332294,planning_failure,0,0.8900075000000001,0.5946925000000001
0.1,spb-pla-e-20332379,planning_failure,0,-0.762485,0.6572724999999999
0.1,spb-pla-m-20332498,planning_failure,0,0.989295,0.675765
0.1,spb-pla-h-20332515,planning_failure,0,-0.748465,0.9076850000000001
0.1,spb-pla-e-20332685,planning_failure,0,-1.1810925,1.03648
0.1,spb-pla-m-20332753,planning_failure,0,0.9506825,0.6199650000000002
0.1,spb-pla-m-20332855,planning_failure,0,-1.13182,0.94069
0.1,spb-pla-m-20333110,planning_failure,1,-0.1570525,0.0
0.1,spb-pla-e-20333195,planning_failure,0,-1.2106425,1.0963100000000001
0.1,spb-pla-e-20333246,planning_failure,0,-0.7338625,0.57916
0.1,spb-pla-h-20333280,planning_failure,0,-0.5760325,0.3064724999999999
0.1,spb-pla-m-20333416,planning_failure,0,-0.75241,0.5183375
0.1,spb-pla-e-20333501,planning_failure,0,-0.7800325000000001,0.5102550000000001
0.1,spb-pla-h-20333535,planning_failure,0,-0.7369975,0.463495
0.1,spb-pla-m-20333569,planning_failure,0,1.0965575,0.5524249999999999
0.1,spb-pla-h-20333586,planning_failure,0,-0.6633249999999999,0.6548225
0.1,spb-pla-h-20333739,planning_failure,0,-0.9252499999999999,0.6883474999999999
0.1,spb-pla-e-20333756,planning_failure,0,-1.2359425,1.0576425
0.1,spb-pla-m-20333824,planning_failure,0,1.069085,0.4808999999999999
0.1,spb-pla-h-20333892,planning_failure,0,-1.1832725,1.1723075
0.1,spb-pla-h-20333943,planning_failure,0,1.0122325,0.7024324999999998
0.1,spb-pla-m-20333977,planning_failure,0,-0.642325,0.45118500000000006
0.1,spb-pla-h-20334045,planning_failure,1,1.508785,0.0
0.1,spb-pla-m-20334181,planning_failure,0,0.9520649999999999,0.6306100000000001
0.1,spb-pla-m-20334436,planning_failure,0,-1.3072850000000003,1.2463175000000002
0.1,spb-pla-h-20334453,planning_failure,0,-0.7105975,0.432325
0.1,spb-pla-e-20334470,planning_failure,0,0.9119575,0.7226699999999999
0.1,spb-pla-m-20335303,planning_failure,0,0.9947675,0.7312275000000001
0.1,spb-pla-e-20335439,planning_failure,1,1.60926,0.0
0.1,spb-pla-e-20335541,planning_failure,0,1.2562875,0.2828824999999999
0.1,spb-pla-m-20335558,planning_failure,0,-1.18421,1.10302
0.1,spb-pla-h-20335626,planning_failure,0,-1.3047275,0.8308375000000001
0.1,spb-pla-h-20335881,planning_failure,1,1.548105,0.0
0.1,spb-pla-h-20335983,planning_failure,0,-1.722905,1.6031549999999999
0.1,spb-pla-m-20336578,planning_failure,0,0.9570099999999999,0.7385975
0.1,spb-pla-h-20336697,planning_failure,1,1.3761774999999998,0.0
0.1,spb-pla-e-20337275,planning_failure,0,1.143475,0.46014750000000015
0.1,spb-pla-m-20337343,planning_failure,0,-0.9084249999999999,0.7873699999999999
0.1,spb-pla-h-20337411,planning_failure,0,-0.9398525,0.49770499999999995
0.1,spb-pla-e-20337428,planning_failure,0,-0.8070675,0.6316950000000001
0.1,spb-pla-e-20337683,planning_failure,0,0.896255,0.7704749999999998
0.1,spb-pla-h-20337717,planning_failure,0,-1.54524,1.5538524999999999
0.1,spb-pla-m-20337853,planning_failure,0,-1.7885925000000003,1.6332800000000003
0.1,spb-pla-m-20337904,planning_failure,0,-1.1462625,0.98099
0.1,spb-pla-e-20337938,planning_failure,0,1.1790075,0.4760374999999999
0.1,spb-pla-m-20338006,planning_failure,0,-0.7833725,0.467625
0.1,spb-pla-h-20338023,planning_failure,1,-0.42536499999999994,0.0
0.1,spb-pla-e-20338040,planning_failure,0,-0.8450949999999999,0.7068999999999999
0.1,spb-pla-m-20338516,planning_failure,0,1.34747,0.23999499999999996
0.1,spb-pla-h-20338737,planning_failure,0,-1.9575825,1.936725
0.1,spb-pla-h-20338992,planning_failure,0,-0.9413849999999999,0.6133099999999999
0.1,spb-pla-e-20339009,planning_failure,0,-0.836405,0.7092449999999999
0.1,spb-pla-h-20339043,planning_failure,0,-1.11355,0.6411550000000001
0.1,spb-pla-m-20339128,planning_failure,0,1.054535,0.54813
0.1,spb-pla-m-20339179,planning_failure,0,0.87917,0.7188700000000001
0.1,spb-pla-e-20339417,planning_failure,0,-1.1331574999999998,0.9874699999999998
0.1,spb-pla-e-20339621,planning_failure,1,1.6268375,0.0
0.1,spb-pla-h-20340063,planning_failure,0,0.750605,0.7639225000000001
0.1,spb-pla-e-20340080,planning_failure,0,-1.181095,1.04485
0.1,spb-pla-e-20340131,planning_failure,1,1.604245,0.0
0.1,spb-pla-h-20340216,planning_failure,0,-1.0530950000000001,0.9142775000000001
0.1,spb-pla-m-20340301,planning_failure,0,0.752145,0.8462225000000002
0.1,spb-pla-e-20340590,planning_failure,0,0.8370375,0.7565175000000001
0.1,spb-pla-h-20340624,planning_failure,0,0.810705,0.8592200000000001
0.1,spb-pla-h-20340675,planning_failure,0,0.9893699999999999,0.5843475
0.1,spb-pla-m-20340760,planning_failure,0,1.2238099999999998,0.4511725000000002
0.1,spb-pla-e-20340845,planning_failure,0,1.22757,0.4318774999999999
0.1,spb-pla-e-20340947,planning_failure,0,-0.7943525,0.65657
0.1,spb-pla-m-20340964,planning_failure,0,1.2360875,0.3794099999999998
0.1,spb-pla-h-20341083,planning_failure,1,0.08311249999999999,0.0
0.1,spb-pla-h-20341134,planning_failure,0,-0.7758025000000001,0.40965250000000003
0.1,spb-pla-m-20341270,planning_failure,1,1.72404,0.0
0.1,spb-pla-h-20341440,planning_failure,0,0.9995825,0.5636650000000001
0.1,spb-pla-e-20341457,planning_failure,0,0.8366324999999999,0.7423700000000002
0.1,spb-pla-e-20341763,planning_failure,0,0.889745,0.6747100000000001
0.1,spb-pla-h-20341797,planning_failure,0,-1.7260875,1.8990525
0.1,spb-pla-e-20341814,planning_failure,0,-0.843665,0.710895
0.1,spb-pla-m-20341882,planning_failure,0,0.8814075000000001,0.6925699999999999
0.1,spb-pla-e-20341967,planning_failure,0,-1.1375250000000001,1.0334750000000001
0.1,spb-pla-m-20341984,planning_failure,0,-0.8196049999999999,0.6807949999999999
0.1,spb-pla-m-20342035,planning_failure,0,-0.978745,0.702755
0.1,spb-pla-e-20342069,planning_failure,0,-1.789685,1.6123399999999999
0.1,spb-pla-e-20342171,planning_failure,0,-1.810985,1.66022
0.1,spb-pla-h-20342307,planning_failure,0,-0.7571475,0.75254
0.1,spb-pla-e-20342375,planning_failure,0,1.1128650000000002,0.4798024999999999
0.1,spb-pla-e-20342477,planning_failure,0,0.8674575,0.7032425
0.1,spb-pla-m-20342545,planning_failure,0,-1.1672175,1.1165925
0.1,spb-pla-e-20342885,planning_failure,0,1.21651,0.4052975000000001
0.1,spb-pla-h-20343021,planning_failure,1,1.59309,0.0
0.1,spb-pla-h-20343123,planning_failure,0,-2.0863075,2.2101225
0.1,spb-pla-e-20343242,planning_failure,0,-0.8203925000000001,0.7068000000000001
0.1,spb-pla-m-20343412,planning_failure,0,1.20106,0.41663249999999996
0.1,spb-pla-h-20343531,planning_failure,0,-0.7675375,0.6931125
0.1,spb-pla-m-20343616,planning_failure,0,1.1807775,0.39535999999999993
0.1,spb-pla-m-20343667,planning_failure,0,1.098875,0.4349624999999999
0.1,spb-pla-m-20343820,planning_failure,0,0.7713249999999999,0.934235
0.1,spb-pla-h-20343888,planning_failure,1,1.95971,0.0
0.1,spb-pla-h-20343939,planning_failure,0,0.90802,0.6694999999999998
0.1,spb-pla-h-20343990,planning_failure,0,1.1977575,0.12478499999999992
0.1,spb-pla-e-20344058,planning_failure,0,0.921515,0.7081525000000001
0.1,spb-pla-e-20344109,planning_failure,0,0.902625,0.7252574999999999
0.1,spb-pla-m-20344228,planning_failure,0,-0.6986050000000001,0.7274550000000002
0.1,spb-pla-m-20344432,planning_failure,0,1.124395,0.4683949999999999
0.1,spb-pla-m-20344483,planning_failure,0,0.922195,0.4595650000000001
0.1,spb-pla-h-20344551,planning_failure,0,-1.3485650000000002,0.9829225000000003
0.1,spb-pla-m-20344840,planning_failure,0,-1.23352,1.13954
0.1,spb-pla-h-20345010,planning_failure,0,1.0168825,0.672545
0.1,spb-pla-m-20345044,planning_failure,1,-0.132355,0.0
0.1,spb-pla-m-20345146,planning_failure,0,-1.174125,1.1549575
0.1,spb-pla-m-20345299,planning_failure,0,-0.7786875000000001,0.7141375000000001
0.1,spb-pla-h-20345316,planning_failure,0,-0.68987,0.31835749999999996
0.1,spb-pla-e-20345384,planning_failure,0,0.8946625000000001,0.7305949999999999
0.1,spb-pla-m-20345401,planning_failure,0,-0.7286374999999999,0.5529124999999999
0.1,spb-pla-h-20345469,planning_failure,0,0.9518200000000001,0.3814925
0.1,spb-pla-e-20345486,planning_failure,0,0.9513275,0.6783075
0.1,spb-pla-h-20345571,planning_failure,0,-0.9839475,0.87971
0.1,spb-pla-h-20345622,planning_failure,0,-1.17256,0.9345525000000001
0.1,spb-pla-h-20345877,planning_failure,0,-1.4643525,1.2689775
0.2,spb-hid-h-20260945,hidden_state_dependency,0,0.9977475,0.8564850000000002
0.2,spb-hid-h-20261251,hidden_state_dependency,0,0.8515199999999999,0.9201149999999999
0.2,spb-hid-e-20261319,hidden_state_dependency,0,0.9444575,0.8345125000000002
0.2,spb-hid-h-20261353,hidden_state_dependency,1,0.9259599999999999,0.0
0.2,spb-hid-m-20261489,hidden_state_dependency,1,0.9580375000000001,0.0
0.2,spb-hid-h-20261608,hidden_state_dependency,1,0.9163625,0.0
0.2,spb-hid-h-20261812,hidden_state_dependency,1,1.0081075,0.0
0.2,spb-hid-m-20261846,hidden_state_dependency,0,0.96841,0.7939700000000001
0.2,spb-hid-h-20262169,hidden_state_dependency,1,0.9608325000000001,0.0
0.2,spb-hid-h-20262220,hidden_state_dependency,1,0.9259900000000001,0.0
0.2,spb-hid-m-20262254,hidden_state_dependency,1,1.1494775,0.0
0.2,spb-hid-e-20262645,hidden_state_dependency,0,0.98299,0.8558300000000001
0.2,spb-hid-m-20262815,hidden_state_dependency,1,0.927395,0.0
0.2,spb-hid-e-20262900,hidden_state_dependency,0,1.0433750000000002,0.7666324999999998
0.2,spb-hid-m-20262968,hidden_state_dependency,0,1.002205,0.9521975
0.2,spb-hid-e-20263002,hidden_state_dependency,1,0.90807,0.0
0.2,spb-hid-m-20263070,hidden_state_dependency,0,0.9736750000000001,0.8341074999999998
0.2,spb-hid-e-20263155,hidden_state_dependency,0,1.0107,0.8116725000000002
0.2,spb-hid-m-20263376,hidden_state_dependency,0,0.9399175,0.7284775000000001
0.2,spb-hid-h-20263393,hidden_state_dependency,1,1.2870325,0.0
0.2,spb-hid-h-20263495,hidden_state_dependency,1,0.9266099999999999,0.0
0.2,spb-hid-h-20263597,hidden_state_dependency,1,1.1596125,0.0
0.2,spb-hid-h-20263801,hidden_state_dependency,1,1.25963,0.0
0.2,spb-hid-m-20263886,hidden_state_dependency,1,0.9805925000000001,0.0
0.2,spb-hid-e-20263920,hidden_state_dependency,1,1.0399850000000002,0.0
0.2,spb-hid-h-20263954,hidden_state_dependency,0,0.80593,1.2869675000000003
0.2,spb-hid-h-20264107,hidden_state_dependency,1,1.00243,0.0
0.2,spb-hid-e-20264124,hidden_state_dependency,0,1.104405,0.6652674999999999
0.2,spb-hid-e-20264379,hidden_state_dependency,1,0.982125,0.0
0.2,spb-hid-e-20264430,hidden_state_dependency,1,1.084645,0.0
0.2,spb-hid-m-20264600,hidden_state_dependency,1,0.92964,0.0
0.2,spb-hid-h-20264617,hidden_state_dependency,1,0.8389975000000001,0.0
0.2,spb-hid-e-20264685,hidden_state_dependency,0,0.9509475000000001,0.8857249999999999
0.2,spb-hid-h-20264821,hidden_state_dependency,0,1.056395,0.927
0.2,spb-hid-e-20264991,hidden_state_dependency,0,0.971805,0.8086975000000001
0.2,spb-hid-h-20265076,hidden_state_dependency,1,1.2699125,0.0
0.2,spb-hid-h-20265127,hidden_state_dependency,1,1.258705,0.0
0.2,spb-hid-m-20265365,hidden_state_dependency,0,1.014585,0.6659949999999999
0.2,spb-hid-e-20265399,hidden_state_dependency,1,0.9937775,0.0
0.2,spb-hid-h-20265484,hidden_state_dependency,0,0.8214925000000001,0.897185
0.2,spb-hid-e-20265552,hidden_state_dependency,0,0.9950300000000001,0.8628374999999999
0.2,spb-hid-h-20265688,hidden_state_dependency,1,1.268845,0.0
0.2,spb-hid-h-20265841,hidden_state_dependency,0,0.8333474999999999,1.3709099999999999
0.2,spb-hid-m-20265875,hidden_state_dependency,1,1.1829425,0.0
0.2,spb-hid-h-20265892,hidden_state_dependency,1,0.8057375,0.0
0.2,spb-hid-m-20265926,hidden_state_dependency,1,1.0249275000000002,0.0
0.2,spb-hid-h-20265943,hidden_state_dependency,1,0.7428725,0.0
0.2,spb-hid-e-20265960,hidden_state_dependency,0,1.0332599999999998,0.8299525000000003
0.2,spb-hid-h-20266249,hidden_state_dependency,1,0.843665,0.0
0.2,spb-hid-e-20266674,hidden_state_dependency,1,1.04615,0.0
0.2,spb-hid-e-20266776,hidden_state_dependency,0,1.0399075,0.758575
0.2,spb-hid-e-20266878,hidden_state_dependency,1,1.039175,0.0
0.2,spb-hid-e-20266980,hidden_state_dependency,0,0.9760975000000001,0.7712325
0.2,spb-hid-m-20267099,hidden_state_dependency,0,1.02539,0.7362200000000001
0.2,spb-hid-h-20267167,hidden_state_dependency,1,1.1304675000000002,0.0
0.2,spb-hid-h-20267269,hidden_state_dependency,1,1.274155,0.0
0.2,spb-hid-e-20267286,hidden_state_dependency,1,1.03818,0.0
0.2,spb-hid-e-20267592,hidden_state_dependency,1,1.03055,0.0
0.2,spb-hid-m-20267711,hidden_state_dependency,0,0.9657674999999999,0.7799300000000002
0.2,spb-hid-m-20267864,hidden_state_dependency,1,1.0516175,0.0
0.2,spb-hid-h-20267932,hidden_state_dependency,1,0.5926525,0.0
0.2,spb-hid-h-20267983,hidden_state_dependency,0,0.989915,0.9540500000000002
0.2,spb-hid-h-20268034,hidden_state_dependency,0,1.1128525,0.5016375
0.2,spb-hid-m-20268119,hidden_state_dependency,0,0.846645,1.05984
0.2,spb-hid-m-20268170,hidden_state_dependency,1,0.9803299999999999,0.0
0.2,spb-hid-e-20268357,hidden_state_dependency,1,1.0303,0.0
0.2,spb-hid-m-20268374,hidden_state_dependency,0,1.198345,0.4411799999999999
0.2,spb-hid-h-20268391,hidden_state_dependency,1,0.792735,0.0
0.2,spb-hid-m-20268425,hidden_state_dependency,0,0.9895299999999999,0.8967925000000002
0.2,spb-hid-h-20268697,hidden_state_dependency,0,1.0389675,0.6698049999999998
0.2,spb-hid-m-20269088,hidden_state_dependency,1,1.0929675,0.0
0.2,spb-hid-h-20269258,hidden_state_dependency,0,0.581505,0.14288999999999996
0.2,spb-hid-m-20269394,hidden_state_dependency,1,0.998055,0.0
0.2,spb-hid-h-20269411,hidden_state_dependency,1,0.8759075,0.0
0.2,spb-hid-m-20269445,hidden_state_dependency,0,0.8646050000000001,1.1063275
0.2,spb-hid-h-20269462,hidden_state_dependency,0,1.31527,0.19004999999999983
0.2,spb-hid-e-20269530,hidden_state_dependency,1,0.952325,0.0
0.2,spb-hid-m-20269649,hidden_state_dependency,0,1.10616,0.6700649999999999
0.2,spb-hid-h-20269666,hidden_state_dependency,0,0.88449,0.613715
0.2,spb-hid-h-20269768,hidden_state_dependency,1,0.8851,0.0
0.2,spb-hid-h-20269921,hidden_state_dependency,1,1.1840525,0.0
0.2,spb-hid-e-20269938,hidden_state_dependency,1,0.9369700000000001,0.0
0.2,spb-hid-m-20269955,hidden_state_dependency,1,1.03233,0.0
0.2,spb-hid-h-20270227,hidden_state_dependency,1,0.7954299999999999,0.0
0.2,spb-hid-h-20270380,hidden_state_dependency,0,0.8959225,0.8609500000000001
0.2,spb-hid-m-20270414,hidden_state_dependency,0,1.1112250000000001,0.7846849999999999
0.2,spb-hid-h-20270482,hidden_state_dependency,1,1.30872,0.0
0.2,spb-hid-m-20270669,hidden_state_dependency,0,1.0132425,0.8220475
0.2,spb-hid-e-20270703,hidden_state_dependency,1,0.99611,0.0
0.2,spb-hid-e-20270907,hidden_state_dependency,1,0.987705,0.0
0.2,spb-hid-h-20271043,hidden_state_dependency,1,0.7622599999999999,0.0
0.2,spb-hid-h-20271298,hidden_state_dependency,0,0.9562225,0.6083825
0.2,spb-hid-h-20271400,hidden_state_dependency,0,1.0412025,0.8398549999999998
0.2,spb-hid-m-20271434,hidden_state_dependency,0,0.9483325,0.7749750000000002
0.2,spb-hid-h-20271553,hidden_state_dependency,0,0.9235599999999999,0.46555499999999994
0.2,spb-hid-m-20271740,hidden_state_dependency,1,1.0299475,0.0
0.2,spb-hid-h-20271757,hidden_state_dependency,1,0.977385,0.0
0.2,spb-hid-e-20271927,hidden_state_dependency,1,0.9456325000000001,0.0
0.2,spb-hid-e-20271978,hidden_state_dependency,0,0.9897075,0.86822
0.2,spb-hid-e-20272029,hidden_state_dependency,1,0.9835674999999999,0.0
0.2,spb-hid-m-20272097,hidden_state_dependency,1,1.0043324999999999,0.0
0.2,spb-hid-e-20272131,hidden_state_dependency,1,0.9490025,0.0
0.2,spb-hid-m-20272352,hidden_state_dependency,1,1.0500049999999999,0.0
0.2,spb-hid-m-20272403,hidden_state_dependency,1,0.9594675,0.0
0.2,spb-hid-h-20272624,hidden_state_dependency,0,0.9318925,0.8175049999999999
0.2,spb-hid-e-20272692,hidden_state_dependency,0,1.0405475,0.8043875
0.2,spb-hid-e-20272845,hidden_state_dependency,1,1.009085,0.0
0.2,spb-hid-h-20272930,hidden_state_dependency,1,0.83513,0.0
0.2,spb-hid-e-20273202,hidden_state_dependency,0,0.9988275,0.7779475000000002
0.2,spb-hid-e-20273355,hidden_state_dependency,1,1.01947,0.0
0.2,spb-hid-h-20273542,hidden_state_dependency,0,0.7048525,1.3178300000000003
0.2,spb-hid-e-20273610,hidden_state_dependency,0,0.9672925,0.8294349999999998
0.2,spb-hid-e-20273763,hidden_state_dependency,0,0.9796499999999999,0.8633625
0.2,spb-hid-m-20273831,hidden_state_dependency,0,1.0592275,0.6749
0.2,spb-hid-e-20273865,hidden_state_dependency,0,0.991025,0.8358125000000001
0.2,spb-hid-h-20274001,hidden_state_dependency,0,0.8763025,1.1186875
0.2,spb-hid-e-20274018,hidden_state_dependency,1,0.9799424999999999,0.0
0.2,spb-hid-m-20274086,hidden_state_dependency,1,1.2112275,0.0
0.2,spb-hid-e-20274222,hidden_state_dependency,1,0.998785,0.0
0.2,spb-hid-e-20274273,hidden_state_dependency,1,1.03244,0.0
0.2,spb-hid-m-20274443,hidden_state_dependency,1,1.06446,0.0
0.2,spb-hid-m-20274494,hidden_state_dependency,1,0.9732399999999999,0.0
0.2,spb-hid-h-20274511,hidden_state_dependency,0,0.8778875,0.9564575000000001
0.2,spb-hid-h-20274715,hidden_state_dependency,0,0.82674,0.9502025000000001
0.2,spb-hid-m-20274851,hidden_state_dependency,0,0.89036,0.9005975000000002
0.2,spb-hid-h-20275225,hidden_state_dependency,0,0.9261474999999999,1.01242
0.2,spb-hid-e-20275242,hidden_state_dependency,0,1.07004,0.7162424999999997
0.2,spb-hid-m-20275361,hidden_state_dependency,1,0.9714925000000001,0.0
0.2,spb-hid-h-20275480,hidden_state_dependency,1,1.1960575000000002,0.0
0.2,spb-hid-e-20275548,hidden_state_dependency,1,1.1007475,0.0
0.2,spb-hid-e-20275599,hidden_state_dependency,1,1.0272525,0.0
0.2,spb-hid-m-20275820,hidden_state_dependency,0,1.0710600000000001,0.8755249999999999
0.2,spb-hid-h-20275837,hidden_state_dependency,1,1.0109724999999998,0.0
0.2,spb-hid-e-20275854,hidden_state_dependency,0,0.965645,0.907655
0.2,spb-hid-m-20275871,hidden_state_dependency,0,1.0035975,0.7533975000000002
0.2,spb-hid-e-20275956,hidden_state_dependency,0,1.047215,0.7267099999999997
0.2,spb-hid-m-20276024,hidden_state_dependency,0,1.236095,0.6551175
0.2,spb-hid-e-20276109,hidden_state_dependency,1,0.987605,0.0
0.2,spb-hid-e-20276211,hidden_state_dependency,1,0.9576225,0.0
0.2,spb-hid-m-20276381,hidden_state_dependency,0,1.10229,0.8017349999999999
0.2,spb-hid-h-20276398,hidden_state_dependency,0,0.9733699999999998,0.9889325000000002
0.2,spb-hid-m-20276636,hidden_state_dependency,0,1.100195,0.7283625
0.2,spb-hid-e-20276670,hidden_state_dependency,0,1.0185175000000002,0.7369524999999999
0.2,spb-hid-h-20276857,hidden_state_dependency,0,0.8028774999999999,0.9696
0.2,spb-hid-h-20277061,hidden_state_dependency,0,0.9384725,0.9321075000000001
0.2,spb-hid-e-20277129,hidden_state_dependency,1,0.9972175,0.0
0.2,spb-hid-m-20277197,hidden_state_dependency,1,0.77282,0.0
0.2,spb-hid-e-20277231,hidden_state_dependency,0,0.9978925000000001,0.7828275
0.2,spb-hid-m-20277248,hidden_state_dependency,1,1.1170175,0.0
0.2,spb-hid-h-20277265,hidden_state_dependency,1,0.8125249999999999,0.0
0.2,spb-hid-e-20277333,hidden_state_dependency,0,1.04189,0.7055625000000001
0.2,spb-hid-h-20277520,hidden_state_dependency,0,0.7298175,0.8494425000000001
0.2,spb-hid-h-20277775,hidden_state_dependency,1,0.8006449999999999,0.0
0.2,spb-hid-h-20277877,hidden_state_dependency,0,1.026875,0.46835000000000004
0.2,spb-per-e-20277928,permission_tool_availability,1,0.8210575,0.0
0.2,spb-per-m-20277945,permission_tool_availability,0,1.0039875,1.109845
0.2,spb-per-h-20277962,permission_tool_availability,0,0.668485,1.5114125
0.2,spb-per-m-20278047,permission_tool_availability,1,0.801775,0.0
0.2,spb-per-e-20278336,permission_tool_availability,1,0.776805,0.0
0.2,spb-per-m-20278353,permission_tool_availability,1,0.906615,0.0
0.2,spb-per-h-20278421,permission_tool_availability,1,1.0683275,0.0
0.2,spb-per-h-20278523,permission_tool_availability,1,0.817865,0.0
0.2,spb-per-m-20278557,permission_tool_availability,0,0.6667974999999999,1.3109425
0.2,spb-per-h-20278625,permission_tool_availability,1,0.9810574999999999,0.0
0.2,spb-per-m-20278659,permission_tool_availability,1,0.843275,0.0
0.2,spb-per-m-20278710,permission_tool_availability,0,0.948415,1.1077649999999999
0.2,spb-per-m-20279016,permission_tool_availability,1,0.913295,0.0
0.2,spb-per-m-20279067,permission_tool_availability,0,0.800105,1.1095899999999999
0.2,spb-per-m-20279169,permission_tool_availability,0,0.821805,1.0946875
0.2,spb-per-h-20279186,permission_tool_availability,1,0.69169,0.0
0.2,spb-per-e-20279305,permission_tool_availability,0,0.7841100000000001,1.1362325
0.2,spb-per-m-20279373,permission_tool_availability,0,0.840625,1.2554075000000002
0.2,spb-per-h-20279696,permission_tool_availability,1,0.3780075,0.0
0.2,spb-per-m-20279730,permission_tool_availability,1,0.8273400000000001,0.0
0.2,spb-per-m-20280036,permission_tool_availability,1,0.78973,0.0
0.2,spb-per-m-20280393,permission_tool_availability,1,0.8116074999999999,0.0
0.2,spb-per-e-20280427,permission_tool_availability,0,0.8153225,1.1562375
0.2,spb-per-e-20280478,permission_tool_availability,0,0.8874625,1.1057999999999997
0.2,spb-per-h-20280512,permission_tool_availability,1,0.7429574999999999,0.0
0.2,spb-per-m-20280546,permission_tool_availability,0,0.7637050000000001,1.17922
0.2,spb-per-e-20280631,permission_tool_availability,1,0.8313875,0.0
0.2,spb-per-m-20280648,permission_tool_availability,0,1.0448475,0.9651350000000001
0.2,spb-per-m-20280750,permission_tool_availability,1,0.7858700000000001,0.0
0.2,spb-per-h-20280767,permission_tool_availability,0,0.6908175000000001,1.4012950000000002
0.2,spb-per-m-20280801,permission_tool_availability,1,0.761055,0.0
0.2,spb-per-h-20280818,permission_tool_availability,0,0.52329,1.6446274999999997
0.2,spb-per-h-20280971,permission_tool_availability,0,0.73904,1.389945
0.2,spb-per-h-20281022,permission_tool_availability,1,1.052605,0.0
0.2,spb-per-h-20281277,permission_tool_availability,1,1.0727825,0.0
0.2,spb-per-h-20281328,permission_tool_availability,0,0.752055,1.2714500000000002
0.2,spb-per-e-20281345,permission_tool_availability,0,0.76365,1.2927175000000002
0.2,spb-per-m-20281362,permission_tool_availability,0,0.7184075,1.2269550000000002
0.2,spb-per-m-20281974,permission_tool_availability,1,0.7952350000000001,0.0
0.2,spb-per-m-20282178,permission_tool_availability,1,0.7352875000000001,0.0
0.2,spb-per-e-20282263,permission_tool_availability,1,0.73343,0.0
0.2,spb-per-m-20282382,permission_tool_availability,0,0.8376975,1.1612400000000003
0.2,spb-per-h-20282399,permission_tool_availability,1,0.85954,0.0
0.2,spb-per-e-20282569,permission_tool_availability,0,0.78898,1.2560775
0.2,spb-per-e-20282671,permission_tool_availability,0,0.882605,1.1466675000000004
0.2,spb-per-m-20282688,permission_tool_availability,1,0.5854775,0.0
0.2,spb-per-m-20282739,permission_tool_availability,1,0.717125,0.0
0.2,spb-per-m-20282892,permission_tool_availability,1,0.6880675,0.0
0.2,spb-per-e-20282977,permission_tool_availability,1,0.7741399999999999,0.0
0.2,spb-per-h-20283113,permission_tool_availability,1,0.8566025,0.0
0.2,spb-per-e-20283130,permission_tool_availability,1,0.7691975,0.0
0.2,spb-per-h-20283266,permission_tool_availability,1,0.47428,0.0
0.2,spb-per-m-20283504,permission_tool_availability,1,0.794155,0.0
0.2,spb-per-m-20283555,permission_tool_availability,1,0.949515,0.0
0.2,spb-per-h-20283572,permission_tool_availability,1,0.43139250000000007,0.0
0.2,spb-per-m-20283708,permission_tool_availability,1,0.7722199999999999,0.0
0.2,spb-per-m-20283759,permission_tool_availability,0,0.8567149999999999,1.1233625000000003
0.2,spb-per-h-20283827,permission_tool_availability,1,1.1253175,0.0
0.2,spb-per-e-20283844,permission_tool_availability,1,0.808115,0.0
0.2,spb-per-m-20283861,permission_tool_availability,0,0.8833775,0.9787
0.2,spb-per-m-20283963,permission_tool_availability,1,0.75046,0.0
0.2,spb-per-m-20284065,permission_tool_availability,1,0.8955374999999999,0.0
0.2,spb-per-h-20284082,permission_tool_availability,1,0.7906775,0.0
0.2,spb-per-e-20284252,permission_tool_availability,1,0.7499275,0.0
0.2,spb-per-h-20284337,permission_tool_availability,0,1.272135,0.9708074999999998
0.2,spb-per-e-20284405,permission_tool_availability,0,0.7345775,1.2472400000000001
0.2,spb-per-m-20284422,permission_tool_availability,1,0.78876,0.0
0.2,spb-per-m-20284473,permission_tool_availability,1,0.9793025,0.0
0.2,spb-per-m-20284779,permission_tool_availability,0,0.89035,0.967025
0.2,spb-per-h-20284847,permission_tool_availability,0,0.8780574999999999,1.0901100000000001
0.2,spb-per-e-20284864,permission_tool_availability,1,0.79802,0.0
0.2,spb-per-e-20284915,permission_tool_availability,1,0.8393975,0.0
0.2,spb-per-h-20285000,permission_tool_availability,0,0.4891025,1.3422225
0.2,spb-per-e-20285119,permission_tool_availability,0,0.8339975000000001,1.1448075000000002
0.2,spb-per-e-20285374,permission_tool_availability,0,0.7702125,1.1349675
0.2,spb-per-m-20285442,permission_tool_availability,0,0.98266,1.007355
0.2,spb-per-h-20285612,permission_tool_availability,0,0.77796,1.5248025
0.2,spb-per-e-20285629,permission_tool_availability,0,0.844465,1.1346524999999998
0.2,spb-per-e-20285680,permission_tool_availability,1,0.79674,0.0
0.2,spb-per-h-20285816,permission_tool_availability,1,0.9702250000000001,0.0
0.2,spb-per-e-20285986,permission_tool_availability,0,0.7724975000000001,1.225155
0.2,spb-per-e-20286037,permission_tool_availability,1,0.806825,0.0
0.2,spb-per-m-20286156,permission_tool_availability,1,0.678025,0.0
0.2,spb-per-m-20286411,permission_tool_availability,0,0.810745,1.205065
0.2,spb-per-h-20286632,permission_tool_availability,1,0.9890800000000001,0.0
0.2,spb-per-h-20286734,permission_tool_availability,1,0.46977250000000004,0.0
0.2,spb-per-e-20287057,permission_tool_availability,1,0.816215,0.0
0.2,spb-per-h-20287091,permission_tool_availability,1,0.7813275,0.0
0.2,spb-per-e-20287312,permission_tool_availability,0,0.817625,1.2252099999999997
0.2,spb-per-h-20287448,permission_tool_availability,1,0.9217175,0.0
0.2,spb-per-m-20287482,permission_tool_availability,1,0.736775,0.0
0.2,spb-per-h-20287703,permission_tool_availability,1,1.1525075,0.0
0.2,spb-per-e-20287924,permission_tool_availability,1,0.77754,0.0
0.2,spb-per-m-20287941,permission_tool_availability,0,0.8653074999999999,1.0636200000000002
0.2,spb-per-m-20287992,permission_tool_availability,1,0.7962400000000001,0.0
0.2,spb-per-e-20288179,permission_tool_availability,0,0.81619,1.2404325
0.2,spb-per-h-20288264,permission_tool_availability,1,0.6936775,0.0
0.2,spb-per-h-20288366,permission_tool_availability,1,0.74664,0.0
0.2,spb-per-h-20288417,permission_tool_availability,0,0.5050450000000001,1.4841224999999998
0.2,spb-per-e-20288485,permission_tool_availability,0,0.81841,1.20073
0.2,spb-per-e-20288587,permission_tool_availability,0,0.805645,1.2198950000000004
0.2,spb-per-m-20288655,permission_tool_availability,1,0.8156224999999999,0.0
0.2,spb-per-m-20288706,permission_tool_availability,0,0.93952,1.05607
0.2,spb-per-m-20288910,permission_tool_availability,0,0.709515,1.3754400000000002
0.2,spb-per-m-20289114,permission_tool_availability,0,0.8344349999999999,1.160135
0.2,spb-per-h-20289182,permission_tool_availability,0,0.8165099999999998,1.1738625000000003
0.2,spb-per-m-20289216,permission_tool_availability,0,0.727715,1.312585
0.2,spb-per-e-20289250,permission_tool_availability,1,0.8121525,0.0
0.2,spb-per-e-20289301,permission_tool_availability,1,0.83201,0.0
0.2,spb-per-e-20289352,permission_tool_availability,0,0.7768375,1.2334674999999997
0.2,spb-per-m-20289369,permission_tool_availability,0,0.8310275,1.3132749999999997
0.2,spb-per-m-20289471,permission_tool_availability,0,0.8445175,1.1849549999999998
0.2,spb-per-e-20289556,permission_tool_availability,1,0.753575,0.0
0.2,spb-per-e-20289811,permission_tool_availability,1,0.817185,0.0
0.2,spb-per-m-20289930,permission_tool_availability,0,0.833415,1.1743700000000001
0.2,spb-per-e-20290066,permission_tool_availability,0,0.7483299999999999,1.1878325
0.2,spb-per-m-20290083,permission_tool_availability,0,0.96872,1.1420924999999997
0.2,spb-per-m-20290134,permission_tool_availability,0,0.804065,1.1855375000000001
0.2,spb-per-e-20290219,permission_tool_availability,0,0.8778175,1.08468
0.2,spb-per-h-20290253,permission_tool_availability,1,0.679515,0.0
0.2,spb-per-e-20290372,permission_tool_availability,0,0.8553600000000001,1.194
0.2,spb-per-h-20290406,permission_tool_availability,1,0.7244025,0.0
0.2,spb-per-e-20290525,permission_tool_availability,0,0.8224275,1.2371975000000002
0.2,spb-per-h-20290610,permission_tool_availability,1,0.79603,0.0
0.2,spb-per-h-20290661,permission_tool_availability,1,0.7886099999999999,0.0
0.2,spb-per-e-20290678,permission_tool_availability,1,0.8505524999999999,0.0
0.2,spb-per-h-20290712,permission_tool_availability,0,0.8312575,0.9819724999999999
0.2,spb-per-m-20290797,permission_tool_availability,1,0.8661000000000001,0.0
0.2,spb-per-e-20290831,permission_tool_availability,1,0.854835,0.0
0.2,spb-per-h-20290865,permission_tool_availability,1,0.85522,0.0
0.2,spb-per-e-20290882,permission_tool_availability,1,0.7900750000000001,0.0
0.2,spb-per-m-20290950,permission_tool_availability,0,0.768715,1.2971199999999998
0.2,spb-per-e-20290984,permission_tool_availability,1,0.8406500000000001,0.0
0.2,spb-per-h-20291171,permission_tool_availability,0,1.0349175000000002,0.9046425
0.2,spb-per-m-20291256,permission_tool_availability,0,0.8394275,0.926545
0.2,spb-per-e-20291494,permission_tool_availability,0,0.7740475,1.1601050000000002
0.2,spb-per-h-20291630,permission_tool_availability,1,0.8752775,0.0
0.2,spb-per-e-20291749,permission_tool_availability,0,0.8242975000000001,1.2135275
0.2,spb-per-h-20291936,permission_tool_availability,1,0.8908025000000002,0.0
0.2,spb-per-h-20291987,permission_tool_availability,1,1.03533,0.0
0.2,spb-per-e-20292106,permission_tool_availability,1,0.8225549999999999,0.0
0.2,spb-per-h-20292497,permission_tool_availability,0,1.00968,0.99281
0.2,spb-per-h-20292548,permission_tool_availability,1,0.6163025000000001,0.0
0.2,spb-per-e-20292565,permission_tool_availability,0,0.77849,1.1648975
0.2,spb-per-e-20292616,permission_tool_availability,1,0.7736449999999999,0.0
0.2,spb-per-e-20292718,permission_tool_availability,1,0.88077,0.0
0.2,spb-per-e-20292820,permission_tool_availability,1,0.765835,0.0
0.2,spb-per-e-20292973,permission_tool_availability,1,0.8377300000000001,0.0
0.2,spb-per-e-20293177,permission_tool_availability,1,0.7748375000000001,0.0
0.2,spb-per-h-20293313,permission_tool_availability,0,0.545945,1.5233949999999998
0.2,spb-per-h-20293466,permission_tool_availability,1,0.70609,0.0
0.2,spb-per-h-20293517,permission_tool_availability,1,0.9470625000000001,0.0
0.2,spb-per-h-20293619,permission_tool_availability,1,0.4643775,0.0
0.2,spb-per-e-20293738,permission_tool_availability,0,0.7485999999999999,1.1652875
0.2,spb-per-h-20293772,permission_tool_availability,0,0.67342,1.4618725000000001
0.2,spb-per-e-20293891,permission_tool_availability,1,0.8961975,0.0
0.2,spb-per-m-20293959,permission_tool_availability,0,0.7980775,0.95915
0.2,spb-per-e-20294095,permission_tool_availability,1,0.8160375,0.0
0.2,spb-per-m-20294112,permission_tool_availability,1,0.7764074999999999,0.0
0.2,spb-per-h-20294129,permission_tool_availability,0,0.58083,1.5023125000000002
0.2,spb-per-m-20294265,permission_tool_availability,1,0.640845,0.0
0.2,spb-per-e-20294350,permission_tool_availability,1,0.7922525,0.0
0.2,spb-per-e-20294452,permission_tool_availability,1,0.8534125,0.0
0.2,spb-per-m-20294673,permission_tool_availability,0,0.8050275,1.133715
0.2,spb-per-h-20294792,permission_tool_availability,0,0.6651875,1.506665
0.2,spb-obj-m-20295081,object_property_uncertainty,1,1.1871749999999999,0.0
0.2,spb-obj-e-20295370,object_property_uncertainty,0,1.215385,0.5931425000000001
0.2,spb-obj-h-20295404,object_property_uncertainty,1,1.34248,0.0
0.2,spb-obj-h-20295506,object_property_uncertainty,0,1.1597725,0.7383899999999999
0.2,spb-obj-e-20295574,object_property_uncertainty,0,1.1345925000000001,0.6435849999999999
0.2,spb-obj-m-20295591,object_property_uncertainty,0,1.39179,0.25248749999999975
0.2,spb-obj-h-20295710,object_property_uncertainty,0,1.2945875,0.653745
0.2,spb-obj-h-20296118,object_property_uncertainty,0,1.2049575,0.6522825000000001
0.2,spb-obj-m-20296356,object_property_uncertainty,0,1.2410475,0.547085
0.2,spb-obj-e-20296441,object_property_uncertainty,1,1.18595,0.0
0.2,spb-obj-h-20296526,object_property_uncertainty,0,1.347305,0.2781225000000003
0.2,spb-obj-h-20296577,object_property_uncertainty,1,1.1123699999999999,0.0
0.2,spb-obj-m-20296611,object_property_uncertainty,1,1.3234400000000002,0.0
0.2,spb-obj-h-20297138,object_property_uncertainty,0,1.2809075,0.7221474999999997
0.2,spb-obj-h-20297189,object_property_uncertainty,0,0.8239375,1.107395
0.2,spb-obj-e-20297308,object_property_uncertainty,0,1.2046175,0.5837675
0.2,spb-obj-e-20297359,object_property_uncertainty,0,1.165555,0.6510549999999999
0.2,spb-obj-h-20297393,object_property_uncertainty,1,1.2687075,0.0
0.2,spb-obj-e-20297563,object_property_uncertainty,0,1.246565,0.5971150000000001
0.2,spb-obj-h-20297597,object_property_uncertainty,1,1.3320474999999998,0.0
0.2,spb-obj-e-20297614,object_property_uncertainty,0,1.2066625,0.5671074999999999
0.2,spb-obj-e-20297818,object_property_uncertainty,1,1.1213875,0.0
0.2,spb-obj-e-20297869,object_property_uncertainty,0,1.242705,0.47528250000000005
0.2,spb-obj-h-20297903,object_property_uncertainty,1,1.1601124999999999,0.0
0.2,spb-obj-h-20298107,object_property_uncertainty,0,1.29907,0.4279625
0.2,spb-obj-h-20298209,object_property_uncertainty,1,1.21536,0.0
0.2,spb-obj-e-20298277,object_property_uncertainty,0,1.21115,0.5655025
0.2,spb-obj-h-20298311,object_property_uncertainty,1,1.0552725,0.0
0.2,spb-obj-h-20298362,object_property_uncertainty,0,1.2477625,1.0646775
0.2,spb-obj-m-20298600,object_property_uncertainty,1,1.2738225,0.0
0.2,spb-obj-h-20298770,object_property_uncertainty,1,1.2356775,0.0
0.2,spb-obj-e-20298787,object_property_uncertainty,0,1.1405975000000002,0.6663524999999999
0.2,spb-obj-e-20299042,object_property_uncertainty,0,1.140655,0.62409
0.2,spb-obj-m-20299059,object_property_uncertainty,1,1.2404125,0.0
0.2,spb-obj-e-20299246,object_property_uncertainty,0,1.2029450000000002,0.5885974999999999
0.2,spb-obj-e-20299297,object_property_uncertainty,0,1.2274574999999999,0.5202550000000001
0.2,spb-obj-m-20299722,object_property_uncertainty,0,1.089315,0.8880949999999999
0.2,spb-obj-e-20299756,object_property_uncertainty,1,1.1802899999999998,0.0
0.2,spb-obj-h-20299943,object_property_uncertainty,0,1.1512149999999999,0.5137975000000001
0.2,spb-obj-h-20300045,object_property_uncertainty,1,1.3101949999999998,0.0
0.2,spb-obj-h-20300147,object_property_uncertainty,1,1.15611,0.0
0.2,spb-obj-m-20300232,object_property_uncertainty,0,1.1778525,0.6224050000000001
0.2,spb-obj-m-20300334,object_property_uncertainty,0,1.2114875,0.49136749999999996
0.2,spb-obj-m-20300487,object_property_uncertainty,0,1.20875,0.5305250000000001
0.2,spb-obj-e-20300572,object_property_uncertainty,1,1.16284,0.0
0.2,spb-obj-m-20300589,object_property_uncertainty,0,1.2302125,0.60914
0.2,spb-obj-h-20300606,object_property_uncertainty,0,1.1473825,0.6165099999999999
0.2,spb-obj-e-20300623,object_property_uncertainty,0,1.2329475,0.5511625
0.2,spb-obj-m-20300895,object_property_uncertainty,1,1.0939575,0.0
0.2,spb-obj-m-20301252,object_property_uncertainty,0,1.1728475,0.5487124999999999
0.2,spb-obj-h-20301269,object_property_uncertainty,1,1.055385,0.0
0.2,spb-obj-e-20301388,object_property_uncertainty,0,1.1635525,0.6520349999999999
0.2,spb-obj-e-20301490,object_property_uncertainty,0,1.2081024999999999,0.5141300000000002
0.2,spb-obj-m-20301507,object_property_uncertainty,1,1.32326,0.0
0.2,spb-obj-h-20301626,object_property_uncertainty,0,1.405395,0.004057500000000047
0.2,spb-obj-e-20301643,object_property_uncertainty,1,1.1930475,0.0
0.2,spb-obj-e-20301694,object_property_uncertainty,0,1.17293,0.5890399999999998
0.2,spb-obj-m-20301864,object_property_uncertainty,1,1.0873724999999999,0.0
0.2,spb-obj-e-20302051,object_property_uncertainty,0,1.1637324999999998,0.6169400000000003
0.2,spb-obj-e-20302459,object_property_uncertainty,0,1.2328625,0.5551374999999998
0.2,spb-obj-h-20302493,object_property_uncertainty,0,1.1832225,0.7044925
0.2,spb-obj-e-20302561,object_property_uncertainty,1,1.27162,0.0
0.2,spb-obj-m-20302680,object_property_uncertainty,1,1.2648175,0.0
0.2,spb-obj-e-20302714,object_property_uncertainty,0,1.1666675,0.6350849999999999
0.2,spb-obj-m-20302731,object_property_uncertainty,0,1.1958575,0.6152475
0.2,spb-obj-e-20303020,object_property_uncertainty,1,1.1987774999999998,0.0
0.2,spb-obj-m-20303088,object_property_uncertainty,0,1.2495025,0.6980600000000001
0.2,spb-obj-h-20303972,object_property_uncertainty,1,1.1153075000000001,0.0
0.2,spb-obj-m-20304006,object_property_uncertainty,1,1.0849175,0.0
0.2,spb-obj-h-20304074,object_property_uncertainty,0,1.153345,0.7649074999999999
0.2,spb-obj-e-20304142,object_property_uncertainty,1,1.20816,0.0
0.2,spb-obj-m-20304210,object_property_uncertainty,0,1.1896875,0.48719750000000017
0.2,spb-obj-e-20304346,object_property_uncertainty,1,1.1565474999999998,0.0
0.2,spb-obj-m-20304363,object_property_uncertainty,1,1.235115,0.0
0.2,spb-obj-e-20304448,object_property_uncertainty,1,1.2312575000000001,0.0
0.2,spb-obj-m-20304465,object_property_uncertainty,0,1.2027875,0.5440849999999999
0.2,spb-obj-m-20304516,object_property_uncertainty,0,1.03506,0.5459849999999997
0.2,spb-obj-h-20304635,object_property_uncertainty,0,1.1760575,0.3280124999999998
0.2,spb-obj-e-20304652,object_property_uncertainty,1,1.2299775,0.0
0.2,spb-obj-m-20304924,object_property_uncertainty,1,1.1239675,0.0
0.2,spb-obj-m-20305128,object_property_uncertainty,1,1.399395,0.0
0.2,spb-obj-m-20305179,object_property_uncertainty,1,1.1363375,0.0
0.2,spb-obj-m-20305281,object_property_uncertainty,1,1.24294,0.0
0.2,spb-obj-m-20305332,object_property_uncertainty,0,1.009935,0.764445
0.2,spb-obj-e-20305570,object_property_uncertainty,1,1.1527850000000002,0.0
0.2,spb-obj-h-20305655,object_property_uncertainty,0,1.0908025,0.6206575000000001
0.2,spb-obj-e-20305927,object_property_uncertainty,1,1.194955,0.0
0.2,spb-obj-m-20306250,object_property_uncertainty,0,1.34771,0.6565225000000001
0.2,spb-obj-h-20306267,object_property_uncertainty,0,1.4395975,0.6563275000000002
0.2,spb-obj-e-20306437,object_property_uncertainty,1,1.177935,0.0
0.2,spb-obj-e-20306539,object_property_uncertainty,1,1.2992875,0.0
0.2,spb-obj-h-20306624,object_property_uncertainty,0,1.14605,0.8865675000000002
0.2,spb-obj-h-20306726,object_property_uncertainty,1,1.2024124999999999,0.0
0.2,spb-obj-h-20306930,object_property_uncertainty,1,0.9533550000000001,0.0
0.2,spb-obj-h-20307185,object_property_uncertainty,1,1.2939900000000002,0.0
0.2,spb-obj-e-20307202,object_property_uncertainty,0,1.14393,0.6373050000000002
0.2,spb-obj-m-20307219,object_property_uncertainty,1,1.2692525000000001,0.0
0.2,spb-obj-e-20307253,object_property_uncertainty,1,1.2730875000000001,0.0
0.2,spb-obj-m-20307270,object_property_uncertainty,0,1.1948874999999999,0.6231950000000002
0.2,spb-obj-e-20307712,object_property_uncertainty,1,1.2072749999999999,0.0
0.2,spb-obj-m-20307780,object_property_uncertainty,1,1.234105,0.0
0.2,spb-obj-e-20307814,object_property_uncertainty,1,1.209755,0.0
0.2,spb-obj-m-20307882,object_property_uncertainty,0,1.272235,0.49144999999999994
0.2,spb-obj-e-20307916,object_property_uncertainty,1,1.2209400000000001,0.0
0.2,spb-obj-m-20307933,object_property_uncertainty,1,1.3078275000000001,0.0
0.2,spb-obj-m-20307984,object_property_uncertainty,0,1.2845125,0.4804875000000002
0.2,spb-obj-m-20308188,object_property_uncertainty,1,1.1231149999999999,0.0
0.2,spb-obj-m-20308341,object_property_uncertainty,0,1.3432625,0.38195750000000017
0.2,spb-obj-m-20308494,object_property_uncertainty,1,1.2392825,0.0
0.2,spb-obj-e-20308681,object_property_uncertainty,1,1.1727824999999998,0.0
0.2,spb-obj-e-20308732,object_property_uncertainty,0,1.1865124999999999,0.6442825000000001
0.2,spb-obj-h-20308817,object_property_uncertainty,0,1.0838975,0.9206500000000002
0.2,spb-obj-m-20308851,object_property_uncertainty,1,1.04145,0.0
0.2,spb-obj-m-20308902,object_property_uncertainty,0,1.16397,0.577825
0.2,spb-obj-e-20308987,object_property_uncertainty,1,1.2035475,0.0
0.2,spb-obj-h-20309021,object_property_uncertainty,0,1.0041175,0.6269849999999999
0.2,spb-obj-m-20309055,object_property_uncertainty,1,1.12406,0.0
0.2,spb-obj-h-20309276,object_property_uncertainty,0,1.346555,0.35097
0.2,spb-obj-e-20309395,object_property_uncertainty,0,1.1888125,0.6182449999999999
0.2,spb-obj-e-20309599,object_property_uncertainty,0,1.1873275,0.64866
0.2,spb-obj-h-20309684,object_property_uncertainty,0,1.40616,0.5504249999999997
0.2,spb-obj-m-20309871,object_property_uncertainty,1,1.1636825000000002,0.0
0.2,spb-obj-m-20310075,object_property_uncertainty,0,1.1337975,0.6136175000000001
0.2,spb-obj-e-20310211,object_property_uncertainty,1,1.2054875,0.0
0.2,spb-obj-m-20310534,object_property_uncertainty,0,1.13955,0.5959899999999998
0.2,spb-obj-h-20310551,object_property_uncertainty,0,1.1191875,1.1163399999999999
0.2,spb-obj-h-20310602,object_property_uncertainty,1,1.3251525,0.0
0.2,spb-obj-e-20310670,object_property_uncertainty,1,1.1433024999999999,0.0
0.2,spb-obj-e-20310772,object_property_uncertainty,0,1.1829049999999999,0.6470550000000002
0.2,spb-obj-h-20311061,object_property_uncertainty,1,1.3906575,0.0
0.2,spb-obj-h-20311112,object_property_uncertainty,1,0.8556374999999999,0.0
0.2,spb-obj-m-20311299,object_property_uncertainty,0,1.1426325,0.5581525000000003
0.2,spb-obj-h-20311316,object_property_uncertainty,0,0.80359,0.8470675000000001
0.2,spb-obj-m-20311401,object_property_uncertainty,1,1.0437024999999998,0.0
0.2,spb-obj-e-20311537,object_property_uncertainty,0,1.1808049999999999,0.6024425
0.2,spb-obj-e-20311588,object_property_uncertainty,0,1.1981975,0.628835
0.2,spb-obj-h-20311622,object_property_uncertainty,1,1.0954175000000002,0.0
0.2,spb-obj-h-20311673,object_property_uncertainty,0,1.3330199999999999,0.3061275000000001
0.2,spb-obj-e-20311792,object_property_uncertainty,1,1.2755049999999999,0.0
0.2,spb-obj-m-20311809,object_property_uncertainty,1,1.2089775,0.0
0.2,spb-obj-h-20311877,object_property_uncertainty,1,1.2469575,0.0
0.2,spb-res-m-20311979,resource_constraint,0,0.7149475,0.7998875000000002
0.2,spb-res-e-20312115,resource_constraint,1,0.7734975000000001,0.0
0.2,spb-res-m-20312234,resource_constraint,1,0.7418525,0.0
0.2,spb-res-e-20312268,resource_constraint,1,0.7778400000000001,0.0
0.2,spb-res-e-20312319,resource_constraint,1,0.7631525,0.0
0.2,spb-res-h-20312404,resource_constraint,1,0.7495225,0.0
0.2,spb-res-e-20312421,resource_constraint,0,0.765405,0.7603449999999999
0.2,spb-res-m-20312438,resource_constraint,1,0.8922025000000001,0.0
0.2,spb-res-h-20312455,resource_constraint,1,0.7335400000000001,0.0
0.2,spb-res-m-20312540,resource_constraint,0,0.809565,0.7188575000000003
0.2,spb-res-e-20312676,resource_constraint,1,0.791295,0.0
0.2,spb-res-h-20312761,resource_constraint,0,0.775095,1.082045
0.2,spb-res-m-20312897,resource_constraint,0,0.7139725000000001,0.811685
0.2,spb-res-m-20313407,resource_constraint,1,0.6835249999999999,0.0
0.2,spb-res-e-20313441,resource_constraint,1,0.7843825000000001,0.0
0.2,spb-res-h-20313628,resource_constraint,0,0.5835225,0.14739499999999994
0.2,spb-res-h-20313832,resource_constraint,1,0.976225,0.0
0.2,spb-res-m-20313866,resource_constraint,0,0.812285,0.7125449999999999
0.2,spb-res-h-20314138,resource_constraint,0,0.490615,0.906995
0.2,spb-res-m-20314172,resource_constraint,1,0.6505775,0.0
0.2,spb-res-e-20314206,resource_constraint,0,0.81633,0.7080875
0.2,spb-res-m-20314274,resource_constraint,0,0.91614,0.546645
0.2,spb-res-h-20314291,resource_constraint,0,0.9884575,0.38482249999999985
0.2,spb-res-e-20314308,resource_constraint,1,0.825815,0.0
0.2,spb-res-m-20314376,resource_constraint,0,0.7291325,0.9265675
0.2,spb-res-h-20314393,resource_constraint,0,0.5999875,0.9257925000000001
0.2,spb-res-e-20314665,resource_constraint,1,0.812685,0.0
0.2,spb-res-e-20314818,resource_constraint,0,0.77203,0.7047149999999998
0.2,spb-res-h-20314852,resource_constraint,0,0.7116275000000001,0.8934749999999998
0.2,spb-res-h-20314903,resource_constraint,1,0.71718,0.0
0.2,spb-res-e-20314920,resource_constraint,1,0.79121,0.0
0.2,spb-res-h-20314954,resource_constraint,0,0.8012649999999999,0.5601575000000001
0.2,spb-res-h-20315005,resource_constraint,0,0.49971750000000004,0.34906000000000004
0.2,spb-res-m-20315090,resource_constraint,1,0.5513300000000001,0.0
0.2,spb-res-e-20315226,resource_constraint,0,0.8253525,0.6381674999999999
0.2,spb-res-e-20315277,resource_constraint,0,0.797835,0.6730499999999998
0.2,spb-res-m-20315345,resource_constraint,0,0.8506275000000001,0.6819549999999996
0.2,spb-res-m-20315498,resource_constraint,0,0.8176800000000001,0.7286549999999999
0.2,spb-res-h-20315566,resource_constraint,1,0.820955,0.0
0.2,spb-res-m-20315906,resource_constraint,1,0.8153750000000001,0.0
0.2,spb-res-e-20315940,resource_constraint,1,0.7496075,0.0
0.2,spb-res-h-20316127,resource_constraint,1,0.917755,0.0
0.2,spb-res-e-20316144,resource_constraint,1,0.8543999999999999,0.0
0.2,spb-res-m-20316671,resource_constraint,0,0.6646775,0.8229275
0.2,spb-res-h-20316688,resource_constraint,0,1.0629875000000002,0.9188974999999999
0.2,spb-res-m-20316722,resource_constraint,1,0.7807050000000001,0.0
0.2,spb-res-h-20316892,resource_constraint,1,0.7469275,0.0
0.2,spb-res-m-20317130,resource_constraint,0,0.7358100000000001,0.6416250000000001
0.2,spb-res-h-20317351,resource_constraint,1,0.7884325,0.0
0.2,spb-res-e-20317368,resource_constraint,1,0.8079624999999999,0.0
0.2,spb-res-h-20317504,resource_constraint,0,0.49161000000000005,0.9673025
0.2,spb-res-h-20317657,resource_constraint,1,1.06713,0.0
0.2,spb-res-e-20317725,resource_constraint,1,0.7938175000000001,0.0
0.2,spb-res-m-20318150,resource_constraint,0,0.8362725000000001,0.6524525
0.2,spb-res-h-20318269,resource_constraint,0,0.72784,0.7316549999999999
0.2,spb-res-m-20318354,resource_constraint,1,0.942105,0.0
0.2,spb-res-m-20318609,resource_constraint,0,0.6507825,0.8936199999999999
0.2,spb-res-e-20318643,resource_constraint,0,0.8425525,0.6547549999999998
0.2,spb-res-e-20318694,resource_constraint,0,0.8303775,0.6851375
0.2,spb-res-e-20318847,resource_constraint,1,0.7593875,0.0
0.2,spb-res-e-20319051,resource_constraint,0,0.7738725,0.7117550000000001
0.2,spb-res-h-20319187,resource_constraint,0,0.6910375,0.7572299999999998
0.2,spb-res-e-20319204,resource_constraint,0,0.8666324999999999,0.5438825000000003
0.2,spb-res-h-20319238,resource_constraint,1,0.9770975000000001,0.0
0.2,spb-res-m-20319374,resource_constraint,0,0.8256775000000001,0.5690724999999999
0.2,spb-res-m-20319476,resource_constraint,1,0.8239225,0.0
0.2,spb-res-h-20319646,resource_constraint,1,0.8903049999999999,0.0
0.2,spb-res-m-20319731,resource_constraint,0,0.74508,0.9390925000000001
0.2,spb-res-h-20319799,resource_constraint,0,1.0038825,0.4828174999999999
0.2,spb-res-m-20320037,resource_constraint,1,0.8452075,0.0
0.2,spb-res-m-20320190,resource_constraint,0,0.7940875,0.6121950000000002
0.2,spb-res-e-20320275,resource_constraint,0,0.8224075000000001,0.6994249999999999
0.2,spb-res-h-20320309,resource_constraint,0,0.698765,0.7383000000000001
0.2,spb-res-e-20320479,resource_constraint,0,0.7166600000000001,0.8397474999999996
0.2,spb-res-h-20320717,resource_constraint,0,0.6622999999999999,0.991465
0.2,spb-res-e-20320734,resource_constraint,1,0.7567550000000001,0.0
0.2,spb-res-m-20320955,resource_constraint,1,0.7331425,0.0
0.2,spb-res-h-20320972,resource_constraint,1,0.6382350000000001,0.0
0.2,spb-res-h-20321023,resource_constraint,1,0.46868999999999994,0.0
0.2,spb-res-m-20321057,resource_constraint,1,0.8151550000000001,0.0
0.2,spb-res-m-20321108,resource_constraint,0,0.8458225,0.7291175
0.2,spb-res-h-20321125,resource_constraint,1,0.6688725000000001,0.0
0.2,spb-res-e-20321142,resource_constraint,0,0.7491800000000001,0.6978249999999998
0.2,spb-res-h-20321176,resource_constraint,1,0.5745049999999999,0.0
0.2,spb-res-m-20321312,resource_constraint,0,0.8403025,0.5452525000000001
0.2,spb-res-h-20321329,resource_constraint,1,0.85092,0.0
0.2,spb-res-e-20321346,resource_constraint,1,0.8015100000000001,0.0
0.2,spb-res-e-20321397,resource_constraint,0,0.765225,0.7842225
0.2,spb-res-m-20321414,resource_constraint,1,0.8037150000000001,0.0
0.2,spb-res-h-20321584,resource_constraint,0,0.9304074999999999,0.6746425000000001
0.2,spb-res-h-20321788,resource_constraint,1,0.7290175,0.0
0.2,spb-res-m-20321822,resource_constraint,1,0.7892349999999999,0.0
0.2,spb-res-e-20321856,resource_constraint,1,0.7622225,0.0
0.2,spb-res-e-20321958,resource_constraint,1,0.8302974999999999,0.0
0.2,spb-res-h-20321992,resource_constraint,1,0.798235,0.0
0.2,spb-res-e-20322060,resource_constraint,0,0.76446,0.7343074999999998
0.2,spb-res-m-20322128,resource_constraint,0,0.8315349999999999,0.5247000000000002
0.2,spb-res-e-20322519,resource_constraint,1,0.8164175,0.0
0.2,spb-res-h-20322604,resource_constraint,0,0.7529625,0.6481825000000001
0.2,spb-res-e-20322621,resource_constraint,0,0.79241,0.71178
0.2,spb-res-m-20322740,resource_constraint,1,0.652695,0.0
0.2,spb-res-e-20322825,resource_constraint,0,0.8157525000000001,0.63297
0.2,spb-res-e-20322927,resource_constraint,1,0.737095,0.0
0.2,spb-res-m-20322995,resource_constraint,0,0.8038475,0.7793524999999999
0.2,spb-res-h-20323114,resource_constraint,1,0.8985325,0.0
0.2,spb-res-m-20323352,resource_constraint,0,0.7922575000000001,0.8828924999999999
0.2,spb-res-e-20323488,resource_constraint,1,0.7980025,0.0
0.2,spb-res-m-20323556,resource_constraint,1,0.8248625,0.0
0.2,spb-res-m-20323709,resource_constraint,0,0.80255,0.7299325
0.2,spb-res-e-20323845,resource_constraint,0,0.734375,0.7336524999999998
0.2,spb-res-h-20323930,resource_constraint,0,0.5946400000000001,0.8840949999999999
0.2,spb-res-m-20324168,resource_constraint,0,0.766235,0.5913425000000001
0.2,spb-res-h-20324185,resource_constraint,1,0.84302,0.0
0.2,spb-res-h-20324287,resource_constraint,1,0.6831050000000001,0.0
0.2,spb-res-m-20324525,resource_constraint,1,0.7927649999999999,0.0
0.2,spb-res-h-20324644,resource_constraint,1,0.690375,0.0
0.2,spb-res-m-20324678,resource_constraint,0,0.6934825,0.8914599999999999
0.2,spb-res-m-20324729,resource_constraint,0,0.973115,0.5835575
0.2,spb-res-h-20325052,resource_constraint,1,0.5841425,0.0
0.2,spb-res-h-20325154,resource_constraint,1,0.8443075,0.0
0.2,spb-res-e-20325477,resource_constraint,1,0.75812,0.0
0.2,spb-res-e-20325528,resource_constraint,0,0.7480275000000001,0.7623224999999998
0.2,spb-res-m-20325596,resource_constraint,1,0.6925325,0.0
0.2,spb-res-h-20325664,resource_constraint,0,0.9154325,0.2509850000000001
0.2,spb-res-e-20325681,resource_constraint,0,0.9023950000000001,0.5758650000000001
0.2,spb-res-h-20325766,resource_constraint,1,0.70853,0.0
0.2,spb-res-h-20325817,resource_constraint,1,0.7219425,0.0
0.2,spb-res-m-20325851,resource_constraint,0,0.7875725,0.8094125000000001
0.2,spb-res-e-20325885,resource_constraint,1,0.7576725,0.0
0.2,spb-res-h-20325970,resource_constraint,0,0.753615,0.8434499999999999
0.2,spb-res-m-20326055,resource_constraint,0,0.89771,0.5104774999999999
0.2,spb-res-h-20326174,resource_constraint,1,0.7447649999999999,0.0
0.2,spb-res-e-20326191,resource_constraint,1,0.81069,0.0
0.2,spb-res-m-20326310,resource_constraint,1,0.7889425,0.0
0.2,spb-res-m-20326412,resource_constraint,1,0.759755,0.0
0.2,spb-res-m-20326922,resource_constraint,0,0.5546774999999999,0.01727500000000004
0.2,spb-res-h-20327041,resource_constraint,1,0.5576775,0.0
0.2,spb-res-m-20327075,resource_constraint,0,0.8143799999999999,0.6608900000000002
0.2,spb-res-h-20327143,resource_constraint,1,0.557415,0.0
0.2,spb-res-h-20327347,resource_constraint,1,0.5580949999999999,0.0
0.2,spb-res-m-20327381,resource_constraint,1,0.687355,0.0
0.2,spb-res-e-20327415,resource_constraint,1,0.8008975,0.0
0.2,spb-res-m-20327534,resource_constraint,1,0.8315625,0.0
0.2,spb-res-e-20327619,resource_constraint,0,0.787455,0.7185549999999998
0.2,spb-res-e-20327772,resource_constraint,1,0.7400875,0.0
0.2,spb-res-e-20328027,resource_constraint,1,0.845005,0.0
0.2,spb-res-e-20328078,resource_constraint,1,0.7671625,0.0
0.2,spb-res-e-20328180,resource_constraint,0,0.768615,0.7887824999999999
0.2,spb-res-m-20328248,resource_constraint,0,0.66877,0.7934500000000001
0.2,spb-res-h-20328265,resource_constraint,0,0.6720375000000001,0.9605874999999999
0.2,spb-res-h-20328316,resource_constraint,0,0.8506675,0.5146350000000001
0.2,spb-res-m-20328350,resource_constraint,1,0.9141699999999999,0.0
0.2,spb-res-h-20328367,resource_constraint,0,1.20034,0.5006425000000001
0.2,spb-res-e-20328384,resource_constraint,0,0.7554825,0.7807875000000001
0.2,spb-res-e-20328588,resource_constraint,0,0.73263,0.8236800000000001
0.2,spb-res-m-20328605,resource_constraint,0,0.9173925,0.6492374999999999
0.2,spb-res-e-20328843,resource_constraint,0,0.749905,0.7143249999999999
0.2,spb-pla-h-20328945,planning_failure,0,-1.06146,0.9061625000000001
0.2,spb-pla-h-20329149,planning_failure,0,0.9716125,0.7169174999999999
0.2,spb-pla-h-20329200,planning_failure,0,-1.73078,1.6750525
0.2,spb-pla-e-20329319,planning_failure,0,1.1544925,0.48190500000000003
0.2,spb-pla-h-20329353,planning_failure,0,-0.7300949999999999,0.8517724999999999
0.2,spb-pla-m-20329489,planning_failure,0,0.9498099999999999,0.5734750000000001
0.2,spb-pla-e-20329574,planning_failure,0,0.9040975,0.6790025
0.2,spb-pla-e-20329727,planning_failure,0,0.8793375000000001,0.7176674999999999
0.2,spb-pla-h-20329812,planning_failure,0,-0.5713525,0.43833
0.2,spb-pla-m-20329897,planning_failure,0,-1.140005,0.9609349999999999
0.2,spb-pla-e-20329931,planning_failure,0,1.26077,0.25332
0.2,spb-pla-h-20330118,planning_failure,1,1.7167700000000001,0.0
0.2,spb-pla-m-20330356,planning_failure,0,-1.7830899999999998,1.6430974999999999
0.2,spb-pla-e-20330543,planning_failure,0,1.1819925,0.4295874999999998
0.2,spb-pla-m-20330611,planning_failure,0,1.225455,0.3217599999999998
0.2,spb-pla-h-20330730,planning_failure,1,0.10390250000000001,0.0
0.2,spb-pla-h-20330883,planning_failure,0,0.95553,0.9556825
0.2,spb-pla-m-20331070,planning_failure,0,1.0635325,0.46777000000000024
0.2,spb-pla-h-20331087,planning_failure,0,-0.7064874999999999,0.43125499999999994
0.2,spb-pla-m-20331325,planning_failure,0,-1.1204625000000001,1.1332525000000002
0.2,spb-pla-e-20331461,planning_failure,0,-0.82813,0.689625
0.2,spb-pla-h-20331546,planning_failure,0,-1.81763,1.73744
0.2,spb-pla-h-20331648,planning_failure,0,1.2034675,0.5422450000000001
0.2,spb-pla-h-20331750,planning_failure,0,-1.7417524999999998,1.7248525
0.2,spb-pla-m-20331835,planning_failure,1,1.5724125,0.0
0.2,spb-pla-m-20331886,planning_failure,0,-1.202305,1.2277225
0.2,spb-pla-h-20332005,planning_failure,0,0.15214499999999997,1.7372174999999999
0.2,spb-pla-e-20332022,planning_failure,0,-0.83066,0.7351025
0.2,spb-pla-m-20332039,planning_failure,1,1.6099050000000001,0.0
0.2,spb-pla-e-20332175,planning_failure,1,1.6239124999999999,0.0
0.2,spb-pla-m-20332243,planning_failure,0,-1.8970225,1.70857
0.2,spb-pla-m-20332294,planning_failure,0,0.8900075000000001,0.5946925000000001
0.2,spb-pla-e-20332379,planning_failure,0,-1.20795,1.1027375000000001
0.2,spb-pla-m-20332498,planning_failure,0,0.989295,0.675765
0.2,spb-pla-h-20332515,planning_failure,0,-1.522015,1.6812349999999998
0.2,spb-pla-e-20332685,planning_failure,0,-0.7758175,0.631205
0.2,spb-pla-m-20332753,planning_failure,1,1.5706475000000002,0.0
0.2,spb-pla-m-20332855,planning_failure,0,-1.13182,0.94069
0.2,spb-pla-m-20333110,planning_failure,0,-0.868725,0.7116724999999999
0.2,spb-pla-e-20333195,planning_failure,0,-0.8125025,0.6981700000000001
0.2,spb-pla-e-20333246,planning_failure,0,-1.2660349999999998,1.1113324999999998
0.2,spb-pla-h-20333280,planning_failure,0,-0.5760325,0.3064724999999999
0.2,spb-pla-m-20333416,planning_failure,0,-0.75241,0.5183375
0.2,spb-pla-e-20333501,planning_failure,0,-0.7800325000000001,0.5102550000000001
0.2,spb-pla-h-20333535,planning_failure,0,-1.779355,1.5058525
0.2,spb-pla-m-20333569,planning_failure,0,1.0965575,0.5524249999999999
0.2,spb-pla-h-20333586,planning_failure,0,-0.6633249999999999,0.6548225
0.2,spb-pla-h-20333739,planning_failure,0,-0.9252499999999999,0.6883474999999999
0.2,spb-pla-e-20333756,planning_failure,0,-0.8543025000000001,0.6760025000000001
0.2,spb-pla-m-20333824,planning_failure,0,1.0932675,0.4567174999999999
0.2,spb-pla-h-20333892,planning_failure,0,-1.1832725,1.1723075
0.2,spb-pla-h-20333943,planning_failure,0,1.1888699999999999,0.525795
0.2,spb-pla-m-20333977,planning_failure,0,-0.642325,0.45118500000000006
0.2,spb-pla-h-20334045,planning_failure,0,0.011157499999999987,1.4976275000000001
0.2,spb-pla-m-20334181,planning_failure,0,0.9520649999999999,0.6306100000000001
0.2,spb-pla-m-20334436,planning_failure,0,-0.6958325,0.634865
0.2,spb-pla-h-20334453,planning_failure,0,-1.8945075,1.616235
0.2,spb-pla-e-20334470,planning_failure,0,0.9119575,0.7226699999999999
0.2,spb-pla-m-20335303,planning_failure,0,0.9947675,0.7312275000000001
0.2,spb-pla-e-20335439,planning_failure,0,1.16201,0.4472499999999999
0.2,spb-pla-e-20335541,planning_failure,1,1.53917,0.0
0.2,spb-pla-m-20335558,planning_failure,0,-1.7665175,1.6853274999999999
0.2,spb-pla-h-20335626,planning_failure,0,-1.3047275,0.8308375000000001
0.2,spb-pla-h-20335881,planning_failure,0,0.12825999999999999,1.419845
0.2,spb-pla-h-20335983,planning_failure,0,-0.7585374999999999,0.6387874999999998
0.2,spb-pla-m-20336578,planning_failure,0,0.9570099999999999,0.7385975
0.2,spb-pla-h-20336697,planning_failure,0,0.78057,0.5956074999999998
0.2,spb-pla-e-20337275,planning_failure,0,0.91405,0.6895725000000001
0.2,spb-pla-m-20337343,planning_failure,0,-1.2461849999999999,1.12513
0.2,spb-pla-h-20337411,planning_failure,0,-1.8461525,1.4040050000000002
0.2,spb-pla-e-20337428,planning_failure,0,-0.8070675,0.6316950000000001
0.2,spb-pla-e-20337683,planning_failure,0,0.896255,0.7704749999999998
0.2,spb-pla-h-20337717,planning_failure,0,-1.54524,1.5538524999999999
0.2,spb-pla-m-20337853,planning_failure,0,-1.2737574999999999,1.118445
0.2,spb-pla-m-20337904,planning_failure,0,-1.92445,1.7591775
0.2,spb-pla-e-20337938,planning_failure,1,1.6550449999999999,0.0
0.2,spb-pla-m-20338006,planning_failure,0,-1.5779925000000001,1.262245
0.2,spb-pla-h-20338023,planning_failure,1,-0.42536499999999994,0.0
0.2,spb-pla-e-20338040,planning_failure,0,-0.8450949999999999,0.7068999999999999
0.2,spb-pla-m-20338516,planning_failure,0,0.8651300000000001,0.7223349999999998
0.2,spb-pla-h-20338737,planning_failure,0,-1.9575825,1.936725
0.2,spb-pla-h-20338992,planning_failure,0,-0.847865,0.51979
0.2,spb-pla-e-20339009,planning_failure,0,-0.836405,0.7092449999999999
0.2,spb-pla-h-20339043,planning_failure,0,-1.6540249999999999,1.18163
0.2,spb-pla-m-20339128,planning_failure,0,1.054535,0.54813
0.2,spb-pla-m-20339179,planning_failure,0,0.87917,0.7188700000000001
0.2,spb-pla-e-20339417,planning_failure,0,-1.7557375,1.61005
0.2,spb-pla-e-20339621,planning_failure,1,1.6268375,0.0
0.2,spb-pla-h-20340063,planning_failure,0,1.1386925,0.3758349999999999
0.2,spb-pla-e-20340080,planning_failure,0,-1.181095,1.04485
0.2,spb-pla-e-20340131,planning_failure,0,0.9041325,0.7001124999999999
0.2,spb-pla-h-20340216,planning_failure,0,-1.0530950000000001,0.9142775000000001
0.2,spb-pla-m-20340301,planning_failure,0,1.1249850000000001,0.47338250000000004
0.2,spb-pla-e-20340590,planning_failure,0,0.8370375,0.7565175000000001
0.2,spb-pla-h-20340624,planning_failure,0,1.2590074999999998,0.41091750000000027
0.2,spb-pla-h-20340675,planning_failure,0,1.0129975,0.5607199999999999
0.2,spb-pla-m-20340760,planning_failure,1,1.6749825,0.0
0.2,spb-pla-e-20340845,planning_failure,1,1.6594475,0.0
0.2,spb-pla-e-20340947,planning_failure,0,-1.24138,1.1035975
0.2,spb-pla-m-20340964,planning_failure,0,1.2360875,0.3794099999999998
0.2,spb-pla-h-20341083,planning_failure,1,0.08311249999999999,0.0
0.2,spb-pla-h-20341134,planning_failure,0,-1.082885,0.7167350000000001
0.2,spb-pla-m-20341270,planning_failure,1,1.72404,0.0
0.2,spb-pla-h-20341440,planning_failure,1,1.5632475000000001,0.0
0.2,spb-pla-e-20341457,planning_failure,0,1.1926375,0.38636500000000007
0.2,spb-pla-e-20341763,planning_failure,1,1.5644550000000002,0.0
0.2,spb-pla-h-20341797,planning_failure,0,-1.265515,1.43848
0.2,spb-pla-e-20341814,planning_failure,0,-1.18444,1.0516699999999999
0.2,spb-pla-m-20341882,planning_failure,0,1.252125,0.3218525000000001
0.2,spb-pla-e-20341967,planning_failure,0,-1.1375250000000001,1.0334750000000001
0.2,spb-pla-m-20341984,planning_failure,1,-0.13881,0.0
0.2,spb-pla-m-20342035,planning_failure,0,-1.0052500000000002,0.7292600000000002
0.2,spb-pla-e-20342069,planning_failure,0,-1.300375,1.12303
0.2,spb-pla-e-20342171,planning_failure,0,-1.810985,1.66022
0.2,spb-pla-h-20342307,planning_failure,0,-1.13977,1.1351624999999999
0.2,spb-pla-e-20342375,planning_failure,0,0.882835,0.7098325000000001
0.2,spb-pla-e-20342477,planning_failure,0,1.1446524999999999,0.42604750000000013
0.2,spb-pla-m-20342545,planning_failure,0,-0.7610250000000001,0.7104
0.2,spb-pla-e-20342885,planning_failure,0,0.8798199999999999,0.7419875000000001
0.2,spb-pla-h-20343021,planning_failure,1,1.59309,0.0
0.2,spb-pla-h-20343123,planning_failure,0,-0.8014074999999999,0.9252225
0.2,spb-pla-e-20343242,planning_failure,0,-0.8203925000000001,0.7068000000000001
0.2,spb-pla-m-20343412,planning_failure,0,1.20106,0.41663249999999996
0.2,spb-pla-h-20343531,planning_failure,0,-1.6598575,1.5854325
0.2,spb-pla-m-20343616,planning_failure,0,1.1807775,0.39535999999999993
0.2,spb-pla-m-20343667,planning_failure,0,1.098875,0.4349624999999999
0.2,spb-pla-m-20343820,planning_failure,0,0.7713249999999999,0.934235
0.2,spb-pla-h-20343888,planning_failure,0,1.4312925,0.5284175
0.2,spb-pla-h-20343939,planning_failure,0,0.90802,0.6694999999999998
0.2,spb-pla-h-20343990,planning_failure,0,0.0691575,1.253385
0.2,spb-pla-e-20344058,planning_failure,0,0.921515,0.7081525000000001
0.2,spb-pla-e-20344109,planning_failure,1,1.6278825,0.0
0.2,spb-pla-m-20344228,planning_failure,0,-0.6986050000000001,0.7274550000000002
0.2,spb-pla-m-20344432,planning_failure,0,1.124395,0.4683949999999999
0.2,spb-pla-m-20344483,planning_failure,0,1.2691824999999999,0.11257750000000022
0.2,spb-pla-h-20344551,planning_failure,0,-1.66778,1.3021375000000002
0.2,spb-pla-m-20344840,planning_failure,0,-0.8501749999999999,0.756195
0.2,spb-pla-h-20345010,planning_failure,0,1.178665,0.5107624999999998
0.2,spb-pla-m-20345044,planning_failure,0,-0.9341625000000001,0.8018075000000001
0.2,spb-pla-m-20345146,planning_failure,0,-1.174125,1.1549575
0.2,spb-pla-m-20345299,planning_failure,0,-1.77142,1.7068699999999999
0.2,spb-pla-h-20345316,planning_failure,0,-1.6688775,1.297365
0.2,spb-pla-e-20345384,planning_failure,0,0.8946625000000001,0.7305949999999999
0.2,spb-pla-m-20345401,planning_failure,0,-1.8786275,1.7029025
0.2,spb-pla-h-20345469,planning_failure,0,0.9518200000000001,0.3814925
0.2,spb-pla-e-20345486,planning_failure,0,1.2489725,0.3806624999999999
0.2,spb-pla-h-20345571,planning_failure,0,-1.8831099999999998,1.7788724999999999
0.2,spb-pla-h-20345622,planning_failure,1,-0.23800749999999998,0.0
0.2,spb-pla-h-20345877,planning_failure,0,-1.4643525,1.2689775
0.4,spb-hid-h-20260945,hidden_state_dependency,0,0.9977475,0.8564850000000002
0.4,spb-hid-h-20261251,hidden_state_dependency,0,0.8515199999999999,0.9201149999999999
0.4,spb-hid-e-20261319,hidden_state_dependency,0,0.9444575,0.8345125000000002
0.4,spb-hid-h-20261353,hidden_state_dependency,1,0.9259599999999999,0.0
0.4,spb-hid-m-20261489,hidden_state_dependency,1,0.9580375000000001,0.0
0.4,spb-hid-h-20261608,hidden_state_dependency,1,0.9163625,0.0
0.4,spb-hid-h-20261812,hidden_state_dependency,1,1.0081075,0.0
0.4,spb-hid-m-20261846,hidden_state_dependency,0,0.96841,0.7939700000000001
0.4,spb-hid-h-20262169,hidden_state_dependency,1,0.9608325000000001,0.0
0.4,spb-hid-h-20262220,hidden_state_dependency,1,0.9259900000000001,0.0
0.4,spb-hid-m-20262254,hidden_state_dependency,1,1.1494775,0.0
0.4,spb-hid-e-20262645,hidden_state_dependency,0,0.98299,0.8558300000000001
0.4,spb-hid-m-20262815,hidden_state_dependency,1,0.927395,0.0
0.4,spb-hid-e-20262900,hidden_state_dependency,0,1.0433750000000002,0.7666324999999998
0.4,spb-hid-m-20262968,hidden_state_dependency,0,1.002205,0.9521975
0.4,spb-hid-e-20263002,hidden_state_dependency,1,0.90807,0.0
0.4,spb-hid-m-20263070,hidden_state_dependency,0,0.9736750000000001,0.8341074999999998
0.4,spb-hid-e-20263155,hidden_state_dependency,0,1.0107,0.8116725000000002
0.4,spb-hid-m-20263376,hidden_state_dependency,0,0.9399175,0.7284775000000001
0.4,spb-hid-h-20263393,hidden_state_dependency,1,1.2870325,0.0
0.4,spb-hid-h-20263495,hidden_state_dependency,1,0.9266099999999999,0.0
0.4,spb-hid-h-20263597,hidden_state_dependency,1,1.1596125,0.0
0.4,spb-hid-h-20263801,hidden_state_dependency,1,1.25963,0.0
0.4,spb-hid-m-20263886,hidden_state_dependency,1,0.9805925000000001,0.0
0.4,spb-hid-e-20263920,hidden_state_dependency,1,1.0399850000000002,0.0
0.4,spb-hid-h-20263954,hidden_state_dependency,0,0.80593,1.2869675000000003
0.4,spb-hid-h-20264107,hidden_state_dependency,1,1.00243,0.0
0.4,spb-hid-e-20264124,hidden_state_dependency,0,1.104405,0.6652674999999999
0.4,spb-hid-e-20264379,hidden_state_dependency,1,0.982125,0.0
0.4,spb-hid-e-20264430,hidden_state_dependency,1,1.084645,0.0
0.4,spb-hid-m-20264600,hidden_state_dependency,1,0.92964,0.0
0.4,spb-hid-h-20264617,hidden_state_dependency,1,0.8389975000000001,0.0
0.4,spb-hid-e-20264685,hidden_state_dependency,0,0.9509475000000001,0.8857249999999999
0.4,spb-hid-h-20264821,hidden_state_dependency,0,1.056395,0.927
0.4,spb-hid-e-20264991,hidden_state_dependency,0,0.971805,0.8086975000000001
0.4,spb-hid-h-20265076,hidden_state_dependency,1,1.2699125,0.0
0.4,spb-hid-h-20265127,hidden_state_dependency,1,1.258705,0.0
0.4,spb-hid-m-20265365,hidden_state_dependency,0,1.014585,0.6659949999999999
0.4,spb-hid-e-20265399,hidden_state_dependency,1,0.9937775,0.0
0.4,spb-hid-h-20265484,hidden_state_dependency,0,0.8214925000000001,0.897185
0.4,spb-hid-e-20265552,hidden_state_dependency,0,0.9950300000000001,0.8628374999999999
0.4,spb-hid-h-20265688,hidden_state_dependency,1,1.268845,0.0
0.4,spb-hid-h-20265841,hidden_state_dependency,0,0.8333474999999999,1.3709099999999999
0.4,spb-hid-m-20265875,hidden_state_dependency,1,1.1829425,0.0
0.4,spb-hid-h-20265892,hidden_state_dependency,1,0.8057375,0.0
0.4,spb-hid-m-20265926,hidden_state_dependency,1,1.0249275000000002,0.0
0.4,spb-hid-h-20265943,hidden_state_dependency,1,0.7428725,0.0
0.4,spb-hid-e-20265960,hidden_state_dependency,0,1.0332599999999998,0.8299525000000003
0.4,spb-hid-h-20266249,hidden_state_dependency,1,0.843665,0.0
0.4,spb-hid-e-20266674,hidden_state_dependency,1,1.04615,0.0
0.4,spb-hid-e-20266776,hidden_state_dependency,0,1.0399075,0.758575
0.4,spb-hid-e-20266878,hidden_state_dependency,1,1.039175,0.0
0.4,spb-hid-e-20266980,hidden_state_dependency,0,0.9760975000000001,0.7712325
0.4,spb-hid-m-20267099,hidden_state_dependency,0,1.02539,0.7362200000000001
0.4,spb-hid-h-20267167,hidden_state_dependency,1,1.1304675000000002,0.0
0.4,spb-hid-h-20267269,hidden_state_dependency,1,1.274155,0.0
0.4,spb-hid-e-20267286,hidden_state_dependency,1,1.03818,0.0
0.4,spb-hid-e-20267592,hidden_state_dependency,1,1.03055,0.0
0.4,spb-hid-m-20267711,hidden_state_dependency,0,0.9657674999999999,0.7799300000000002
0.4,spb-hid-m-20267864,hidden_state_dependency,1,1.0516175,0.0
0.4,spb-hid-h-20267932,hidden_state_dependency,1,0.5926525,0.0
0.4,spb-hid-h-20267983,hidden_state_dependency,0,0.989915,0.9540500000000002
0.4,spb-hid-h-20268034,hidden_state_dependency,0,1.1128525,0.5016375
0.4,spb-hid-m-20268119,hidden_state_dependency,0,0.846645,1.05984
0.4,spb-hid-m-20268170,hidden_state_dependency,1,0.9803299999999999,0.0
0.4,spb-hid-e-20268357,hidden_state_dependency,1,1.0303,0.0
0.4,spb-hid-m-20268374,hidden_state_dependency,0,1.198345,0.4411799999999999
0.4,spb-hid-h-20268391,hidden_state_dependency,1,0.792735,0.0
0.4,spb-hid-m-20268425,hidden_state_dependency,0,0.9895299999999999,0.8967925000000002
0.4,spb-hid-h-20268697,hidden_state_dependency,0,1.0389675,0.6698049999999998
0.4,spb-hid-m-20269088,hidden_state_dependency,1,1.0929675,0.0
0.4,spb-hid-h-20269258,hidden_state_dependency,1,0.724395,0.0
0.4,spb-hid-m-20269394,hidden_state_dependency,1,0.998055,0.0
0.4,spb-hid-h-20269411,hidden_state_dependency,1,0.8759075,0.0
0.4,spb-hid-m-20269445,hidden_state_dependency,0,0.8646050000000001,1.1063275
0.4,spb-hid-h-20269462,hidden_state_dependency,0,1.31527,0.19004999999999983
0.4,spb-hid-e-20269530,hidden_state_dependency,1,0.952325,0.0
0.4,spb-hid-m-20269649,hidden_state_dependency,0,1.10616,0.6700649999999999
0.4,spb-hid-h-20269666,hidden_state_dependency,0,0.88449,0.613715
0.4,spb-hid-h-20269768,hidden_state_dependency,1,0.8851,0.0
0.4,spb-hid-h-20269921,hidden_state_dependency,1,1.1840525,0.0
0.4,spb-hid-e-20269938,hidden_state_dependency,1,0.9369700000000001,0.0
0.4,spb-hid-m-20269955,hidden_state_dependency,1,1.03233,0.0
0.4,spb-hid-h-20270227,hidden_state_dependency,1,0.7954299999999999,0.0
0.4,spb-hid-h-20270380,hidden_state_dependency,0,0.8959225,0.8609500000000001
0.4,spb-hid-m-20270414,hidden_state_dependency,0,1.1112250000000001,0.7846849999999999
0.4,spb-hid-h-20270482,hidden_state_dependency,1,1.30872,0.0
0.4,spb-hid-m-20270669,hidden_state_dependency,0,1.0132425,0.8220475
0.4,spb-hid-e-20270703,hidden_state_dependency,1,0.99611,0.0
0.4,spb-hid-e-20270907,hidden_state_dependency,1,0.987705,0.0
0.4,spb-hid-h-20271043,hidden_state_dependency,1,0.7622599999999999,0.0
0.4,spb-hid-h-20271298,hidden_state_dependency,0,0.9562225,0.6083825
0.4,spb-hid-h-20271400,hidden_state_dependency,0,1.0412025,0.8398549999999998
0.4,spb-hid-m-20271434,hidden_state_dependency,0,0.9483325,0.7749750000000002
0.4,spb-hid-h-20271553,hidden_state_dependency,0,0.9235599999999999,0.46555499999999994
0.4,spb-hid-m-20271740,hidden_state_dependency,1,1.0299475,0.0
0.4,spb-hid-h-20271757,hidden_state_dependency,1,0.977385,0.0
0.4,spb-hid-e-20271927,hidden_state_dependency,1,0.9456325000000001,0.0
0.4,spb-hid-e-20271978,hidden_state_dependency,0,0.9897075,0.86822
0.4,spb-hid-e-20272029,hidden_state_dependency,1,0.9835674999999999,0.0
0.4,spb-hid-m-20272097,hidden_state_dependency,1,1.0043324999999999,0.0
0.4,spb-hid-e-20272131,hidden_state_dependency,1,0.9490025,0.0
0.4,spb-hid-m-20272352,hidden_state_dependency,1,1.0500049999999999,0.0
0.4,spb-hid-m-20272403,hidden_state_dependency,1,0.9594675,0.0
0.4,spb-hid-h-20272624,hidden_state_dependency,0,0.9318925,0.8175049999999999
0.4,spb-hid-e-20272692,hidden_state_dependency,0,1.0405475,0.8043875
0.4,spb-hid-e-20272845,hidden_state_dependency,1,1.009085,0.0
0.4,spb-hid-h-20272930,hidden_state_dependency,1,0.83513,0.0
0.4,spb-hid-e-20273202,hidden_state_dependency,0,0.9988275,0.7779475000000002
0.4,spb-hid-e-20273355,hidden_state_dependency,1,1.01947,0.0
0.4,spb-hid-h-20273542,hidden_state_dependency,0,0.7048525,1.3178300000000003
0.4,spb-hid-e-20273610,hidden_state_dependency,0,0.9672925,0.8294349999999998
0.4,spb-hid-e-20273763,hidden_state_dependency,0,0.9796499999999999,0.8633625
0.4,spb-hid-m-20273831,hidden_state_dependency,0,1.0592275,0.6749
0.4,spb-hid-e-20273865,hidden_state_dependency,0,0.991025,0.8358125000000001
0.4,spb-hid-h-20274001,hidden_state_dependency,0,0.8763025,1.1186875
0.4,spb-hid-e-20274018,hidden_state_dependency,1,0.9799424999999999,0.0
0.4,spb-hid-m-20274086,hidden_state_dependency,1,1.2112275,0.0
0.4,spb-hid-e-20274222,hidden_state_dependency,1,0.998785,0.0
0.4,spb-hid-e-20274273,hidden_state_dependency,1,1.03244,0.0
0.4,spb-hid-m-20274443,hidden_state_dependency,1,1.06446,0.0
0.4,spb-hid-m-20274494,hidden_state_dependency,1,0.9732399999999999,0.0
0.4,spb-hid-h-20274511,hidden_state_dependency,0,0.8778875,0.9564575000000001
0.4,spb-hid-h-20274715,hidden_state_dependency,0,0.82674,0.9502025000000001
0.4,spb-hid-m-20274851,hidden_state_dependency,0,0.89036,0.9005975000000002
0.4,spb-hid-h-20275225,hidden_state_dependency,0,0.9261474999999999,1.01242
0.4,spb-hid-e-20275242,hidden_state_dependency,0,1.07004,0.7162424999999997
0.4,spb-hid-m-20275361,hidden_state_dependency,1,0.9714925000000001,0.0
0.4,spb-hid-h-20275480,hidden_state_dependency,1,1.1960575000000002,0.0
0.4,spb-hid-e-20275548,hidden_state_dependency,1,1.1007475,0.0
0.4,spb-hid-e-20275599,hidden_state_dependency,1,1.0272525,0.0
0.4,spb-hid-m-20275820,hidden_state_dependency,0,1.0710600000000001,0.8755249999999999
0.4,spb-hid-h-20275837,hidden_state_dependency,1,1.0109724999999998,0.0
0.4,spb-hid-e-20275854,hidden_state_dependency,0,0.965645,0.907655
0.4,spb-hid-m-20275871,hidden_state_dependency,0,1.0035975,0.7533975000000002
0.4,spb-hid-e-20275956,hidden_state_dependency,0,1.047215,0.7267099999999997
0.4,spb-hid-m-20276024,hidden_state_dependency,0,1.236095,0.6551175
0.4,spb-hid-e-20276109,hidden_state_dependency,1,0.987605,0.0
0.4,spb-hid-e-20276211,hidden_state_dependency,1,0.9576225,0.0
0.4,spb-hid-m-20276381,hidden_state_dependency,0,1.10229,0.8017349999999999
0.4,spb-hid-h-20276398,hidden_state_dependency,0,0.9733699999999998,0.9889325000000002
0.4,spb-hid-m-20276636,hidden_state_dependency,0,1.100195,0.7283625
0.4,spb-hid-e-20276670,hidden_state_dependency,0,1.0185175000000002,0.7369524999999999
0.4,spb-hid-h-20276857,hidden_state_dependency,0,0.8028774999999999,0.9696
0.4,spb-hid-h-20277061,hidden_state_dependency,0,0.9384725,0.9321075000000001
0.4,spb-hid-e-20277129,hidden_state_dependency,1,0.9972175,0.0
0.4,spb-hid-m-20277197,hidden_state_dependency,1,0.77282,0.0
0.4,spb-hid-e-20277231,hidden_state_dependency,0,0.9978925000000001,0.7828275
0.4,spb-hid-m-20277248,hidden_state_dependency,1,1.1170175,0.0
0.4,spb-hid-h-20277265,hidden_state_dependency,1,0.8125249999999999,0.0
0.4,spb-hid-e-20277333,hidden_state_dependency,0,1.04189,0.7055625000000001
0.4,spb-hid-h-20277520,hidden_state_dependency,0,0.7298175,0.8494425000000001
0.4,spb-hid-h-20277775,hidden_state_dependency,1,0.8006449999999999,0.0
0.4,spb-hid-h-20277877,hidden_state_dependency,0,1.026875,0.46835000000000004
0.4,spb-per-e-20277928,permission_tool_availability,1,0.8210575,0.0
0.4,spb-per-m-20277945,permission_tool_availability,0,1.0039875,1.109845
0.4,spb-per-h-20277962,permission_tool_availability,0,0.668485,1.5114125
0.4,spb-per-m-20278047,permission_tool_availability,1,0.801775,0.0
0.4,spb-per-e-20278336,permission_tool_availability,1,0.776805,0.0
0.4,spb-per-m-20278353,permission_tool_availability,1,0.906615,0.0
0.4,spb-per-h-20278421,permission_tool_availability,1,1.0683275,0.0
0.4,spb-per-h-20278523,permission_tool_availability,1,0.817865,0.0
0.4,spb-per-m-20278557,permission_tool_availability,0,0.6667974999999999,1.3109425
0.4,spb-per-h-20278625,permission_tool_availability,1,0.9810574999999999,0.0
0.4,spb-per-m-20278659,permission_tool_availability,1,0.843275,0.0
0.4,spb-per-m-20278710,permission_tool_availability,0,0.948415,1.1077649999999999
0.4,spb-per-m-20279016,permission_tool_availability,1,0.913295,0.0
0.4,spb-per-m-20279067,permission_tool_availability,0,0.800105,1.1095899999999999
0.4,spb-per-m-20279169,permission_tool_availability,0,0.821805,1.0946875
0.4,spb-per-h-20279186,permission_tool_availability,1,0.69169,0.0
0.4,spb-per-e-20279305,permission_tool_availability,0,0.7841100000000001,1.1362325
0.4,spb-per-m-20279373,permission_tool_availability,0,0.840625,1.2554075000000002
0.4,spb-per-h-20279696,permission_tool_availability,1,0.3780075,0.0
0.4,spb-per-m-20279730,permission_tool_availability,1,0.8273400000000001,0.0
0.4,spb-per-m-20280036,permission_tool_availability,1,0.78973,0.0
0.4,spb-per-m-20280393,permission_tool_availability,1,0.8116074999999999,0.0
0.4,spb-per-e-20280427,permission_tool_availability,0,0.8153225,1.1562375
0.4,spb-per-e-20280478,permission_tool_availability,0,0.8874625,1.1057999999999997
0.4,spb-per-h-20280512,permission_tool_availability,1,0.7429574999999999,0.0
0.4,spb-per-m-20280546,permission_tool_availability,0,0.7637050000000001,1.17922
0.4,spb-per-e-20280631,permission_tool_availability,1,0.8313875,0.0
0.4,spb-per-m-20280648,permission_tool_availability,0,1.0448475,0.9651350000000001
0.4,spb-per-m-20280750,permission_tool_availability,1,0.7858700000000001,0.0
0.4,spb-per-h-20280767,permission_tool_availability,0,0.6908175000000001,1.4012950000000002
0.4,spb-per-m-20280801,permission_tool_availability,1,0.761055,0.0
0.4,spb-per-h-20280818,permission_tool_availability,0,0.52329,1.6446274999999997
0.4,spb-per-h-20280971,permission_tool_availability,0,0.73904,1.389945
0.4,spb-per-h-20281022,permission_tool_availability,1,1.052605,0.0
0.4,spb-per-h-20281277,permission_tool_availability,1,1.0727825,0.0
0.4,spb-per-h-20281328,permission_tool_availability,0,0.752055,1.2714500000000002
0.4,spb-per-e-20281345,permission_tool_availability,0,0.76365,1.2927175000000002
0.4,spb-per-m-20281362,permission_tool_availability,0,0.7184075,1.2269550000000002
0.4,spb-per-m-20281974,permission_tool_availability,1,0.7952350000000001,0.0
0.4,spb-per-m-20282178,permission_tool_availability,1,0.7352875000000001,0.0
0.4,spb-per-e-20282263,permission_tool_availability,1,0.73343,0.0
0.4,spb-per-m-20282382,permission_tool_availability,0,0.8376975,1.1612400000000003
0.4,spb-per-h-20282399,permission_tool_availability,1,0.85954,0.0
0.4,spb-per-e-20282569,permission_tool_availability,0,0.78898,1.2560775
0.4,spb-per-e-20282671,permission_tool_availability,0,0.882605,1.1466675000000004
0.4,spb-per-m-20282688,permission_tool_availability,1,0.5854775,0.0
0.4,spb-per-m-20282739,permission_tool_availability,1,0.717125,0.0
0.4,spb-per-m-20282892,permission_tool_availability,1,0.6880675,0.0
0.4,spb-per-e-20282977,permission_tool_availability,1,0.7741399999999999,0.0
0.4,spb-per-h-20283113,permission_tool_availability,1,0.8566025,0.0
0.4,spb-per-e-20283130,permission_tool_availability,1,0.7691975,0.0
0.4,spb-per-h-20283266,permission_tool_availability,1,0.47428,0.0
0.4,spb-per-m-20283504,permission_tool_availability,1,0.794155,0.0
0.4,spb-per-m-20283555,permission_tool_availability,1,0.949515,0.0
0.4,spb-per-h-20283572,permission_tool_availability,1,0.43139250000000007,0.0
0.4,spb-per-m-20283708,permission_tool_availability,1,0.7722199999999999,0.0
0.4,spb-per-m-20283759,permission_tool_availability,0,0.8567149999999999,1.1233625000000003
0.4,spb-per-h-20283827,permission_tool_availability,1,1.1253175,0.0
0.4,spb-per-e-20283844,permission_tool_availability,1,0.808115,0.0
0.4,spb-per-m-20283861,permission_tool_availability,0,0.8833775,0.9787
0.4,spb-per-m-20283963,permission_tool_availability,1,0.75046,0.0
0.4,spb-per-m-20284065,permission_tool_availability,1,0.8955374999999999,0.0
0.4,spb-per-h-20284082,permission_tool_availability,1,0.7906775,0.0
0.4,spb-per-e-20284252,permission_tool_availability,1,0.7499275,0.0
0.4,spb-per-h-20284337,permission_tool_availability,0,1.272135,0.9708074999999998
0.4,spb-per-e-20284405,permission_tool_availability,0,0.7345775,1.2472400000000001
0.4,spb-per-m-20284422,permission_tool_availability,1,0.78876,0.0
0.4,spb-per-m-20284473,permission_tool_availability,1,0.9793025,0.0
0.4,spb-per-m-20284779,permission_tool_availability,0,0.89035,0.967025
0.4,spb-per-h-20284847,permission_tool_availability,0,0.8780574999999999,1.0901100000000001
0.4,spb-per-e-20284864,permission_tool_availability,1,0.79802,0.0
0.4,spb-per-e-20284915,permission_tool_availability,1,0.8393975,0.0
0.4,spb-per-h-20285000,permission_tool_availability,0,0.4891025,1.3422225
0.4,spb-per-e-20285119,permission_tool_availability,0,0.8339975000000001,1.1448075000000002
0.4,spb-per-e-20285374,permission_tool_availability,0,0.7702125,1.1349675
0.4,spb-per-m-20285442,permission_tool_availability,0,0.98266,1.007355
0.4,spb-per-h-20285612,permission_tool_availability,0,0.77796,1.5248025
0.4,spb-per-e-20285629,permission_tool_availability,0,0.844465,1.1346524999999998
0.4,spb-per-e-20285680,permission_tool_availability,1,0.79674,0.0
0.4,spb-per-h-20285816,permission_tool_availability,1,0.9702250000000001,0.0
0.4,spb-per-e-20285986,permission_tool_availability,0,0.7724975000000001,1.225155
0.4,spb-per-e-20286037,permission_tool_availability,1,0.806825,0.0
0.4,spb-per-m-20286156,permission_tool_availability,1,0.678025,0.0
0.4,spb-per-m-20286411,permission_tool_availability,0,0.810745,1.205065
0.4,spb-per-h-20286632,permission_tool_availability,1,0.9890800000000001,0.0
0.4,spb-per-h-20286734,permission_tool_availability,1,0.46977250000000004,0.0
0.4,spb-per-e-20287057,permission_tool_availability,1,0.816215,0.0
0.4,spb-per-h-20287091,permission_tool_availability,1,0.7813275,0.0
0.4,spb-per-e-20287312,permission_tool_availability,0,0.817625,1.2252099999999997
0.4,spb-per-h-20287448,permission_tool_availability,1,0.9217175,0.0
0.4,spb-per-m-20287482,permission_tool_availability,1,0.736775,0.0
0.4,spb-per-h-20287703,permission_tool_availability,1,1.1525075,0.0
0.4,spb-per-e-20287924,permission_tool_availability,1,0.77754,0.0
0.4,spb-per-m-20287941,permission_tool_availability,0,0.8653074999999999,1.0636200000000002
0.4,spb-per-m-20287992,permission_tool_availability,1,0.7962400000000001,0.0
0.4,spb-per-e-20288179,permission_tool_availability,0,0.81619,1.2404325
0.4,spb-per-h-20288264,permission_tool_availability,1,0.6936775,0.0
0.4,spb-per-h-20288366,permission_tool_availability,1,0.74664,0.0
0.4,spb-per-h-20288417,permission_tool_availability,0,0.5050450000000001,1.4841224999999998
0.4,spb-per-e-20288485,permission_tool_availability,0,0.81841,1.20073
0.4,spb-per-e-20288587,permission_tool_availability,0,0.805645,1.2198950000000004
0.4,spb-per-m-20288655,permission_tool_availability,1,0.8156224999999999,0.0
0.4,spb-per-m-20288706,permission_tool_availability,0,0.93952,1.05607
0.4,spb-per-m-20288910,permission_tool_availability,0,0.709515,1.3754400000000002
0.4,spb-per-m-20289114,permission_tool_availability,0,0.8344349999999999,1.160135
0.4,spb-per-h-20289182,permission_tool_availability,0,0.8165099999999998,1.1738625000000003
0.4,spb-per-m-20289216,permission_tool_availability,0,0.727715,1.312585
0.4,spb-per-e-20289250,permission_tool_availability,1,0.8121525,0.0
0.4,spb-per-e-20289301,permission_tool_availability,1,0.83201,0.0
0.4,spb-per-e-20289352,permission_tool_availability,0,0.7768375,1.2334674999999997
0.4,spb-per-m-20289369,permission_tool_availability,0,0.8310275,1.3132749999999997
0.4,spb-per-m-20289471,permission_tool_availability,0,0.8445175,1.1849549999999998
0.4,spb-per-e-20289556,permission_tool_availability,1,0.753575,0.0
0.4,spb-per-e-20289811,permission_tool_availability,1,0.817185,0.0
0.4,spb-per-m-20289930,permission_tool_availability,0,0.833415,1.1743700000000001
0.4,spb-per-e-20290066,permission_tool_availability,0,0.7483299999999999,1.1878325
0.4,spb-per-m-20290083,permission_tool_availability,0,0.96872,1.1420924999999997
0.4,spb-per-m-20290134,permission_tool_availability,0,0.804065,1.1855375000000001
0.4,spb-per-e-20290219,permission_tool_availability,0,0.8778175,1.08468
0.4,spb-per-h-20290253,permission_tool_availability,1,0.679515,0.0
0.4,spb-per-e-20290372,permission_tool_availability,0,0.8553600000000001,1.194
0.4,spb-per-h-20290406,permission_tool_availability,1,0.7244025,0.0
0.4,spb-per-e-20290525,permission_tool_availability,0,0.8224275,1.2371975000000002
0.4,spb-per-h-20290610,permission_tool_availability,1,0.79603,0.0
0.4,spb-per-h-20290661,permission_tool_availability,1,0.7886099999999999,0.0
0.4,spb-per-e-20290678,permission_tool_availability,1,0.8505524999999999,0.0
0.4,spb-per-h-20290712,permission_tool_availability,0,0.8312575,0.9819724999999999
0.4,spb-per-m-20290797,permission_tool_availability,1,0.8661000000000001,0.0
0.4,spb-per-e-20290831,permission_tool_availability,1,0.854835,0.0
0.4,spb-per-h-20290865,permission_tool_availability,1,0.85522,0.0
0.4,spb-per-e-20290882,permission_tool_availability,1,0.7900750000000001,0.0
0.4,spb-per-m-20290950,permission_tool_availability,0,0.768715,1.2971199999999998
0.4,spb-per-e-20290984,permission_tool_availability,1,0.8406500000000001,0.0
0.4,spb-per-h-20291171,permission_tool_availability,0,1.0349175000000002,0.9046425
0.4,spb-per-m-20291256,permission_tool_availability,0,0.8394275,0.926545
0.4,spb-per-e-20291494,permission_tool_availability,0,0.7740475,1.1601050000000002
0.4,spb-per-h-20291630,permission_tool_availability,1,0.8752775,0.0
0.4,spb-per-e-20291749,permission_tool_availability,0,0.8242975000000001,1.2135275
0.4,spb-per-h-20291936,permission_tool_availability,1,0.8908025000000002,0.0
0.4,spb-per-h-20291987,permission_tool_availability,1,1.03533,0.0
0.4,spb-per-e-20292106,permission_tool_availability,1,0.8225549999999999,0.0
0.4,spb-per-h-20292497,permission_tool_availability,0,1.00968,0.99281
0.4,spb-per-h-20292548,permission_tool_availability,1,0.6163025000000001,0.0
0.4,spb-per-e-20292565,permission_tool_availability,0,0.77849,1.1648975
0.4,spb-per-e-20292616,permission_tool_availability,1,0.7736449999999999,0.0
0.4,spb-per-e-20292718,permission_tool_availability,1,0.88077,0.0
0.4,spb-per-e-20292820,permission_tool_availability,1,0.765835,0.0
0.4,spb-per-e-20292973,permission_tool_availability,1,0.8377300000000001,0.0
0.4,spb-per-e-20293177,permission_tool_availability,1,0.7748375000000001,0.0
0.4,spb-per-h-20293313,permission_tool_availability,0,0.545945,1.5233949999999998
0.4,spb-per-h-20293466,permission_tool_availability,1,0.70609,0.0
0.4,spb-per-h-20293517,permission_tool_availability,1,0.9470625000000001,0.0
0.4,spb-per-h-20293619,permission_tool_availability,1,0.4643775,0.0
0.4,spb-per-e-20293738,permission_tool_availability,0,0.7485999999999999,1.1652875
0.4,spb-per-h-20293772,permission_tool_availability,0,0.67342,1.4618725000000001
0.4,spb-per-e-20293891,permission_tool_availability,1,0.8961975,0.0
0.4,spb-per-m-20293959,permission_tool_availability,0,0.7980775,0.95915
0.4,spb-per-e-20294095,permission_tool_availability,1,0.8160375,0.0
0.4,spb-per-m-20294112,permission_tool_availability,1,0.7764074999999999,0.0
0.4,spb-per-h-20294129,permission_tool_availability,0,0.58083,1.5023125000000002
0.4,spb-per-m-20294265,permission_tool_availability,1,0.640845,0.0
0.4,spb-per-e-20294350,permission_tool_availability,1,0.7922525,0.0
0.4,spb-per-e-20294452,permission_tool_availability,1,0.8534125,0.0
0.4,spb-per-m-20294673,permission_tool_availability,0,0.8050275,1.133715
0.4,spb-per-h-20294792,permission_tool_availability,0,0.6651875,1.506665
0.4,spb-obj-m-20295081,object_property_uncertainty,1,1.1871749999999999,0.0
0.4,spb-obj-e-20295370,object_property_uncertainty,0,1.215385,0.5931425000000001
0.4,spb-obj-h-20295404,object_property_uncertainty,1,1.34248,0.0
0.4,spb-obj-h-20295506,object_property_uncertainty,0,1.1597725,0.7383899999999999
0.4,spb-obj-e-20295574,object_property_uncertainty,0,1.1345925000000001,0.6435849999999999
0.4,spb-obj-m-20295591,object_property_uncertainty,0,1.39179,0.25248749999999975
0.4,spb-obj-h-20295710,object_property_uncertainty,0,1.2945875,0.653745
0.4,spb-obj-h-20296118,object_property_uncertainty,0,1.2049575,0.6522825000000001
0.4,spb-obj-m-20296356,object_property_uncertainty,0,1.2410475,0.547085
0.4,spb-obj-e-20296441,object_property_uncertainty,1,1.18595,0.0
0.4,spb-obj-h-20296526,object_property_uncertainty,0,1.347305,0.2781225000000003
0.4,spb-obj-h-20296577,object_property_uncertainty,1,1.1123699999999999,0.0
0.4,spb-obj-m-20296611,object_property_uncertainty,1,1.3234400000000002,0.0
0.4,spb-obj-h-20297138,object_property_uncertainty,0,1.2809075,0.7221474999999997
0.4,spb-obj-h-20297189,object_property_uncertainty,0,0.8239375,1.107395
0.4,spb-obj-e-20297308,object_property_uncertainty,0,1.2046175,0.5837675
0.4,spb-obj-e-20297359,object_property_uncertainty,0,1.165555,0.6510549999999999
0.4,spb-obj-h-20297393,object_property_uncertainty,1,1.2687075,0.0
0.4,spb-obj-e-20297563,object_property_uncertainty,0,1.246565,0.5971150000000001
0.4,spb-obj-h-20297597,object_property_uncertainty,1,1.3320474999999998,0.0
0.4,spb-obj-e-20297614,object_property_uncertainty,0,1.2066625,0.5671074999999999
0.4,spb-obj-e-20297818,object_property_uncertainty,1,1.1213875,0.0
0.4,spb-obj-e-20297869,object_property_uncertainty,0,1.242705,0.47528250000000005
0.4,spb-obj-h-20297903,object_property_uncertainty,1,1.1601124999999999,0.0
0.4,spb-obj-h-20298107,object_property_uncertainty,0,1.29907,0.4279625
0.4,spb-obj-h-20298209,object_property_uncertainty,1,1.21536,0.0
0.4,spb-obj-e-20298277,object_property_uncertainty,0,1.21115,0.5655025
0.4,spb-obj-h-20298311,object_property_uncertainty,1,1.0552725,0.0
0.4,spb-obj-h-20298362,object_property_uncertainty,0,1.2477625,1.0646775
0.4,spb-obj-m-20298600,object_property_uncertainty,1,1.2738225,0.0
0.4,spb-obj-h-20298770,object_property_uncertainty,1,1.2356775,0.0
0.4,spb-obj-e-20298787,object_property_uncertainty,0,1.1405975000000002,0.6663524999999999
0.4,spb-obj-e-20299042,object_property_uncertainty,0,1.140655,0.62409
0.4,spb-obj-m-20299059,object_property_uncertainty,1,1.2404125,0.0
0.4,spb-obj-e-20299246,object_property_uncertainty,0,1.2029450000000002,0.5885974999999999
0.4,spb-obj-e-20299297,object_property_uncertainty,0,1.2274574999999999,0.5202550000000001
0.4,spb-obj-m-20299722,object_property_uncertainty,0,1.089315,0.8880949999999999
0.4,spb-obj-e-20299756,object_property_uncertainty,1,1.1802899999999998,0.0
0.4,spb-obj-h-20299943,object_property_uncertainty,0,1.1512149999999999,0.5137975000000001
0.4,spb-obj-h-20300045,object_property_uncertainty,1,1.3101949999999998,0.0
0.4,spb-obj-h-20300147,object_property_uncertainty,1,1.15611,0.0
0.4,spb-obj-m-20300232,object_property_uncertainty,0,1.1778525,0.6224050000000001
0.4,spb-obj-m-20300334,object_property_uncertainty,0,1.2114875,0.49136749999999996
0.4,spb-obj-m-20300487,object_property_uncertainty,0,1.20875,0.5305250000000001
0.4,spb-obj-e-20300572,object_property_uncertainty,1,1.16284,0.0
0.4,spb-obj-m-20300589,object_property_uncertainty,0,1.2302125,0.60914
0.4,spb-obj-h-20300606,object_property_uncertainty,0,1.1473825,0.6165099999999999
0.4,spb-obj-e-20300623,object_property_uncertainty,0,1.2329475,0.5511625
0.4,spb-obj-m-20300895,object_property_uncertainty,1,1.0939575,0.0
0.4,spb-obj-m-20301252,object_property_uncertainty,0,1.1728475,0.5487124999999999
0.4,spb-obj-h-20301269,object_property_uncertainty,1,1.055385,0.0
0.4,spb-obj-e-20301388,object_property_uncertainty,0,1.1635525,0.6520349999999999
0.4,spb-obj-e-20301490,object_property_uncertainty,0,1.2081024999999999,0.5141300000000002
0.4,spb-obj-m-20301507,object_property_uncertainty,1,1.32326,0.0
0.4,spb-obj-h-20301626,object_property_uncertainty,0,1.405395,0.004057500000000047
0.4,spb-obj-e-20301643,object_property_uncertainty,1,1.1930475,0.0
0.4,spb-obj-e-20301694,object_property_uncertainty,0,1.17293,0.5890399999999998
0.4,spb-obj-m-20301864,object_property_uncertainty,1,1.0873724999999999,0.0
0.4,spb-obj-e-20302051,object_property_uncertainty,0,1.1637324999999998,0.6169400000000003
0.4,spb-obj-e-20302459,object_property_uncertainty,0,1.2328625,0.5551374999999998
0.4,spb-obj-h-20302493,object_property_uncertainty,0,1.1832225,0.7044925
0.4,spb-obj-e-20302561,object_property_uncertainty,1,1.27162,0.0
0.4,spb-obj-m-20302680,object_property_uncertainty,1,1.2648175,0.0
0.4,spb-obj-e-20302714,object_property_uncertainty,0,1.1666675,0.6350849999999999
0.4,spb-obj-m-20302731,object_property_uncertainty,0,1.1958575,0.6152475
0.4,spb-obj-e-20303020,object_property_uncertainty,1,1.1987774999999998,0.0
0.4,spb-obj-m-20303088,object_property_uncertainty,0,1.2495025,0.6980600000000001
0.4,spb-obj-h-20303972,object_property_uncertainty,1,1.1153075000000001,0.0
0.4,spb-obj-m-20304006,object_property_uncertainty,1,1.0849175,0.0
0.4,spb-obj-h-20304074,object_property_uncertainty,0,1.153345,0.7649074999999999
0.4,spb-obj-e-20304142,object_property_uncertainty,1,1.20816,0.0
0.4,spb-obj-m-20304210,object_property_uncertainty,0,1.1896875,0.48719750000000017
0.4,spb-obj-e-20304346,object_property_uncertainty,1,1.1565474999999998,0.0
0.4,spb-obj-m-20304363,object_property_uncertainty,1,1.235115,0.0
0.4,spb-obj-e-20304448,object_property_uncertainty,1,1.2312575000000001,0.0
0.4,spb-obj-m-20304465,object_property_uncertainty,0,1.2027875,0.5440849999999999
0.4,spb-obj-m-20304516,object_property_uncertainty,0,1.03506,0.5459849999999997
0.4,spb-obj-h-20304635,object_property_uncertainty,0,1.1760575,0.3280124999999998
0.4,spb-obj-e-20304652,object_property_uncertainty,1,1.2299775,0.0
0.4,spb-obj-m-20304924,object_property_uncertainty,1,1.1239675,0.0
0.4,spb-obj-m-20305128,object_property_uncertainty,1,1.399395,0.0
0.4,spb-obj-m-20305179,object_property_uncertainty,1,1.1363375,0.0
0.4,spb-obj-m-20305281,object_property_uncertainty,1,1.24294,0.0
0.4,spb-obj-m-20305332,object_property_uncertainty,0,1.009935,0.764445
0.4,spb-obj-e-20305570,object_property_uncertainty,1,1.1527850000000002,0.0
0.4,spb-obj-h-20305655,object_property_uncertainty,0,1.0908025,0.6206575000000001
0.4,spb-obj-e-20305927,object_property_uncertainty,1,1.194955,0.0
0.4,spb-obj-m-20306250,object_property_uncertainty,0,1.34771,0.6565225000000001
0.4,spb-obj-h-20306267,object_property_uncertainty,0,1.4395975,0.6563275000000002
0.4,spb-obj-e-20306437,object_property_uncertainty,1,1.177935,0.0
0.4,spb-obj-e-20306539,object_property_uncertainty,1,1.2992875,0.0
0.4,spb-obj-h-20306624,object_property_uncertainty,0,1.14605,0.8865675000000002
0.4,spb-obj-h-20306726,object_property_uncertainty,1,1.2024124999999999,0.0
0.4,spb-obj-h-20306930,object_property_uncertainty,1,0.9533550000000001,0.0
0.4,spb-obj-h-20307185,object_property_uncertainty,1,1.2939900000000002,0.0
0.4,spb-obj-e-20307202,object_property_uncertainty,0,1.14393,0.6373050000000002
0.4,spb-obj-m-20307219,object_property_uncertainty,1,1.2692525000000001,0.0
0.4,spb-obj-e-20307253,object_property_uncertainty,1,1.2730875000000001,0.0
0.4,spb-obj-m-20307270,object_property_uncertainty,0,1.1948874999999999,0.6231950000000002
0.4,spb-obj-e-20307712,object_property_uncertainty,1,1.2072749999999999,0.0
0.4,spb-obj-m-20307780,object_property_uncertainty,1,1.234105,0.0
0.4,spb-obj-e-20307814,object_property_uncertainty,1,1.209755,0.0
0.4,spb-obj-m-20307882,object_property_uncertainty,0,1.272235,0.49144999999999994
0.4,spb-obj-e-20307916,object_property_uncertainty,1,1.2209400000000001,0.0
0.4,spb-obj-m-20307933,object_property_uncertainty,1,1.3078275000000001,0.0
0.4,spb-obj-m-20307984,object_property_uncertainty,0,1.2845125,0.4804875000000002
0.4,spb-obj-m-20308188,object_property_uncertainty,1,1.1231149999999999,0.0
0.4,spb-obj-m-20308341,object_property_uncertainty,0,1.3432625,0.38195750000000017
0.4,spb-obj-m-20308494,object_property_uncertainty,1,1.2392825,0.0
0.4,spb-obj-e-20308681,object_property_uncertainty,1,1.1727824999999998,0.0
0.4,spb-obj-e-20308732,object_property_uncertainty,0,1.1865124999999999,0.6442825000000001
0.4,spb-obj-h-20308817,object_property_uncertainty,0,1.0838975,0.9206500000000002
0.4,spb-obj-m-20308851,object_property_uncertainty,1,1.04145,0.0
0.4,spb-obj-m-20308902,object_property_uncertainty,0,1.16397,0.577825
0.4,spb-obj-e-20308987,object_property_uncertainty,1,1.2035475,0.0
0.4,spb-obj-h-20309021,object_property_uncertainty,0,1.0041175,0.6269849999999999
0.4,spb-obj-m-20309055,object_property_uncertainty,1,1.12406,0.0
0.4,spb-obj-h-20309276,object_property_uncertainty,0,1.346555,0.35097
0.4,spb-obj-e-20309395,object_property_uncertainty,0,1.1888125,0.6182449999999999
0.4,spb-obj-e-20309599,object_property_uncertainty,0,1.1873275,0.64866
0.4,spb-obj-h-20309684,object_property_uncertainty,0,1.40616,0.5504249999999997
0.4,spb-obj-m-20309871,object_property_uncertainty,1,1.1636825000000002,0.0
0.4,spb-obj-m-20310075,object_property_uncertainty,0,1.1337975,0.6136175000000001
0.4,spb-obj-e-20310211,object_property_uncertainty,1,1.2054875,0.0
0.4,spb-obj-m-20310534,object_property_uncertainty,0,1.13955,0.5959899999999998
0.4,spb-obj-h-20310551,object_property_uncertainty,0,1.1191875,1.1163399999999999
0.4,spb-obj-h-20310602,object_property_uncertainty,1,1.3251525,0.0
0.4,spb-obj-e-20310670,object_property_uncertainty,1,1.1433024999999999,0.0
0.4,spb-obj-e-20310772,object_property_uncertainty,0,1.1829049999999999,0.6470550000000002
0.4,spb-obj-h-20311061,object_property_uncertainty,1,1.3906575,0.0
0.4,spb-obj-h-20311112,object_property_uncertainty,1,0.8556374999999999,0.0
0.4,spb-obj-m-20311299,object_property_uncertainty,0,1.1426325,0.5581525000000003
0.4,spb-obj-h-20311316,object_property_uncertainty,0,0.80359,0.8470675000000001
0.4,spb-obj-m-20311401,object_property_uncertainty,1,1.0437024999999998,0.0
0.4,spb-obj-e-20311537,object_property_uncertainty,0,1.1808049999999999,0.6024425
0.4,spb-obj-e-20311588,object_property_uncertainty,0,1.1981975,0.628835
0.4,spb-obj-h-20311622,object_property_uncertainty,1,1.0954175000000002,0.0
0.4,spb-obj-h-20311673,object_property_uncertainty,0,1.3330199999999999,0.3061275000000001
0.4,spb-obj-e-20311792,object_property_uncertainty,1,1.2755049999999999,0.0
0.4,spb-obj-m-20311809,object_property_uncertainty,1,1.2089775,0.0
0.4,spb-obj-h-20311877,object_property_uncertainty,1,1.2469575,0.0
0.4,spb-res-m-20311979,resource_constraint,0,0.7149475,0.7998875000000002
0.4,spb-res-e-20312115,resource_constraint,1,0.7734975000000001,0.0
0.4,spb-res-m-20312234,resource_constraint,1,0.7418525,0.0
0.4,spb-res-e-20312268,resource_constraint,1,0.7778400000000001,0.0
0.4,spb-res-e-20312319,resource_constraint,1,0.7631525,0.0
0.4,spb-res-h-20312404,resource_constraint,1,0.7495225,0.0
0.4,spb-res-e-20312421,resource_constraint,0,0.765405,0.7603449999999999
0.4,spb-res-m-20312438,resource_constraint,1,0.8922025000000001,0.0
0.4,spb-res-h-20312455,resource_constraint,1,0.7335400000000001,0.0
0.4,spb-res-m-20312540,resource_constraint,0,0.809565,0.7188575000000003
0.4,spb-res-e-20312676,resource_constraint,1,0.791295,0.0
0.4,spb-res-h-20312761,resource_constraint,0,0.775095,1.082045
0.4,spb-res-m-20312897,resource_constraint,0,0.7139725000000001,0.811685
0.4,spb-res-m-20313407,resource_constraint,1,0.6835249999999999,0.0
0.4,spb-res-e-20313441,resource_constraint,1,0.7843825000000001,0.0
0.4,spb-res-h-20313628,resource_constraint,0,0.5835225,0.14739499999999994
0.4,spb-res-h-20313832,resource_constraint,1,0.976225,0.0
0.4,spb-res-m-20313866,resource_constraint,0,0.812285,0.7125449999999999
0.4,spb-res-h-20314138,resource_constraint,0,0.490615,0.906995
0.4,spb-res-m-20314172,resource_constraint,1,0.6505775,0.0
0.4,spb-res-e-20314206,resource_constraint,0,0.81633,0.7080875
0.4,spb-res-m-20314274,resource_constraint,0,0.91614,0.546645
0.4,spb-res-h-20314291,resource_constraint,0,0.9884575,0.38482249999999985
0.4,spb-res-e-20314308,resource_constraint,1,0.825815,0.0
0.4,spb-res-m-20314376,resource_constraint,0,0.7291325,0.9265675
0.4,spb-res-h-20314393,resource_constraint,0,0.5999875,0.9257925000000001
0.4,spb-res-e-20314665,resource_constraint,1,0.812685,0.0
0.4,spb-res-e-20314818,resource_constraint,0,0.77203,0.7047149999999998
0.4,spb-res-h-20314852,resource_constraint,1,1.6051024999999999,0.0
0.4,spb-res-h-20314903,resource_constraint,1,0.71718,0.0
0.4,spb-res-e-20314920,resource_constraint,1,0.79121,0.0
0.4,spb-res-h-20314954,resource_constraint,0,0.8012649999999999,0.5601575000000001
0.4,spb-res-h-20315005,resource_constraint,0,0.49971750000000004,0.34906000000000004
0.4,spb-res-m-20315090,resource_constraint,1,0.5513300000000001,0.0
0.4,spb-res-e-20315226,resource_constraint,0,0.8253525,0.6381674999999999
0.4,spb-res-e-20315277,resource_constraint,0,0.797835,0.6730499999999998
0.4,spb-res-m-20315345,resource_constraint,0,0.8506275000000001,0.6819549999999996
0.4,spb-res-m-20315498,resource_constraint,0,0.8176800000000001,0.7286549999999999
0.4,spb-res-h-20315566,resource_constraint,1,0.820955,0.0
0.4,spb-res-m-20315906,resource_constraint,1,0.8153750000000001,0.0
0.4,spb-res-e-20315940,resource_constraint,1,0.7496075,0.0
0.4,spb-res-h-20316127,resource_constraint,1,0.917755,0.0
0.4,spb-res-e-20316144,resource_constraint,1,0.8543999999999999,0.0
0.4,spb-res-m-20316671,resource_constraint,0,0.6646775,0.8229275
0.4,spb-res-h-20316688,resource_constraint,0,1.0629875000000002,0.9188974999999999
0.4,spb-res-m-20316722,resource_constraint,1,0.7807050000000001,0.0
0.4,spb-res-h-20316892,resource_constraint,1,0.7469275,0.0
0.4,spb-res-m-20317130,resource_constraint,0,0.7358100000000001,0.6416250000000001
0.4,spb-res-h-20317351,resource_constraint,1,0.7884325,0.0
0.4,spb-res-e-20317368,resource_constraint,1,0.8079624999999999,0.0
0.4,spb-res-h-20317504,resource_constraint,0,0.49161000000000005,0.9673025
0.4,spb-res-h-20317657,resource_constraint,1,1.06713,0.0
0.4,spb-res-e-20317725,resource_constraint,1,0.7938175000000001,0.0
0.4,spb-res-m-20318150,resource_constraint,0,0.8362725000000001,0.6524525
0.4,spb-res-h-20318269,resource_constraint,0,0.72784,0.7316549999999999
0.4,spb-res-m-20318354,resource_constraint,1,0.942105,0.0
0.4,spb-res-m-20318609,resource_constraint,0,0.6507825,0.8936199999999999
0.4,spb-res-e-20318643,resource_constraint,0,0.8425525,0.6547549999999998
0.4,spb-res-e-20318694,resource_constraint,0,0.8303775,0.6851375
0.4,spb-res-e-20318847,resource_constraint,1,0.7593875,0.0
0.4,spb-res-e-20319051,resource_constraint,0,0.7738725,0.7117550000000001
0.4,spb-res-h-20319187,resource_constraint,0,0.6910375,0.7572299999999998
0.4,spb-res-e-20319204,resource_constraint,0,0.8666324999999999,0.5438825000000003
0.4,spb-res-h-20319238,resource_constraint,1,0.9770975000000001,0.0
0.4,spb-res-m-20319374,resource_constraint,0,0.8256775000000001,0.5690724999999999
0.4,spb-res-m-20319476,resource_constraint,1,0.8239225,0.0
0.4,spb-res-h-20319646,resource_constraint,1,0.8903049999999999,0.0
0.4,spb-res-m-20319731,resource_constraint,0,0.74508,0.9390925000000001
0.4,spb-res-h-20319799,resource_constraint,0,1.0038825,0.4828174999999999
0.4,spb-res-m-20320037,resource_constraint,1,0.8452075,0.0
0.4,spb-res-m-20320190,resource_constraint,0,0.7940875,0.6121950000000002
0.4,spb-res-e-20320275,resource_constraint,0,0.8224075000000001,0.6994249999999999
0.4,spb-res-h-20320309,resource_constraint,0,0.698765,0.7383000000000001
0.4,spb-res-e-20320479,resource_constraint,0,0.7166600000000001,0.8397474999999996
0.4,spb-res-h-20320717,resource_constraint,0,0.6622999999999999,0.991465
0.4,spb-res-e-20320734,resource_constraint,1,0.7567550000000001,0.0
0.4,spb-res-m-20320955,resource_constraint,1,0.7331425,0.0
0.4,spb-res-h-20320972,resource_constraint,1,0.6382350000000001,0.0
0.4,spb-res-h-20321023,resource_constraint,1,0.46868999999999994,0.0
0.4,spb-res-m-20321057,resource_constraint,1,0.8151550000000001,0.0
0.4,spb-res-m-20321108,resource_constraint,0,0.8458225,0.7291175
0.4,spb-res-h-20321125,resource_constraint,1,0.6688725000000001,0.0
0.4,spb-res-e-20321142,resource_constraint,0,0.7491800000000001,0.6978249999999998
0.4,spb-res-h-20321176,resource_constraint,1,0.5745049999999999,0.0
0.4,spb-res-m-20321312,resource_constraint,0,0.8403025,0.5452525000000001
0.4,spb-res-h-20321329,resource_constraint,1,0.85092,0.0
0.4,spb-res-e-20321346,resource_constraint,1,0.8015100000000001,0.0
0.4,spb-res-e-20321397,resource_constraint,0,0.765225,0.7842225
0.4,spb-res-m-20321414,resource_constraint,1,0.8037150000000001,0.0
0.4,spb-res-h-20321584,resource_constraint,0,0.9304074999999999,0.6746425000000001
0.4,spb-res-h-20321788,resource_constraint,1,0.7290175,0.0
0.4,spb-res-m-20321822,resource_constraint,1,0.7892349999999999,0.0
0.4,spb-res-e-20321856,resource_constraint,1,0.7622225,0.0
0.4,spb-res-e-20321958,resource_constraint,1,0.8302974999999999,0.0
0.4,spb-res-h-20321992,resource_constraint,1,0.798235,0.0
0.4,spb-res-e-20322060,resource_constraint,0,0.76446,0.7343074999999998
0.4,spb-res-m-20322128,resource_constraint,0,0.8315349999999999,0.5247000000000002
0.4,spb-res-e-20322519,resource_constraint,1,0.8164175,0.0
0.4,spb-res-h-20322604,resource_constraint,0,0.7529625,0.6481825000000001
0.4,spb-res-e-20322621,resource_constraint,0,0.79241,0.71178
0.4,spb-res-m-20322740,resource_constraint,1,0.652695,0.0
0.4,spb-res-e-20322825,resource_constraint,0,0.8157525000000001,0.63297
0.4,spb-res-e-20322927,resource_constraint,1,0.737095,0.0
0.4,spb-res-m-20322995,resource_constraint,0,0.8038475,0.7793524999999999
0.4,spb-res-h-20323114,resource_constraint,1,0.8985325,0.0
0.4,spb-res-m-20323352,resource_constraint,0,0.7922575000000001,0.8828924999999999
0.4,spb-res-e-20323488,resource_constraint,1,0.7980025,0.0
0.4,spb-res-m-20323556,resource_constraint,1,0.8248625,0.0
0.4,spb-res-m-20323709,resource_constraint,0,0.80255,0.7299325
0.4,spb-res-e-20323845,resource_constraint,0,0.734375,0.7336524999999998
0.4,spb-res-h-20323930,resource_constraint,0,0.5946400000000001,0.8840949999999999
0.4,spb-res-m-20324168,resource_constraint,0,0.766235,0.5913425000000001
0.4,spb-res-h-20324185,resource_constraint,1,0.84302,0.0
0.4,spb-res-h-20324287,resource_constraint,1,0.6831050000000001,0.0
0.4,spb-res-m-20324525,resource_constraint,1,0.7927649999999999,0.0
0.4,spb-res-h-20324644,resource_constraint,1,0.690375,0.0
0.4,spb-res-m-20324678,resource_constraint,0,0.6934825,0.8914599999999999
0.4,spb-res-m-20324729,resource_constraint,0,0.973115,0.5835575
0.4,spb-res-h-20325052,resource_constraint,1,0.5841425,0.0
0.4,spb-res-h-20325154,resource_constraint,1,0.8443075,0.0
0.4,spb-res-e-20325477,resource_constraint,1,0.75812,0.0
0.4,spb-res-e-20325528,resource_constraint,0,0.7480275000000001,0.7623224999999998
0.4,spb-res-m-20325596,resource_constraint,1,0.6925325,0.0
0.4,spb-res-h-20325664,resource_constraint,0,0.9154325,0.2509850000000001
0.4,spb-res-e-20325681,resource_constraint,0,0.9023950000000001,0.5758650000000001
0.4,spb-res-h-20325766,resource_constraint,1,0.70853,0.0
0.4,spb-res-h-20325817,resource_constraint,1,0.7219425,0.0
0.4,spb-res-m-20325851,resource_constraint,0,0.7875725,0.8094125000000001
0.4,spb-res-e-20325885,resource_constraint,1,0.7576725,0.0
0.4,spb-res-h-20325970,resource_constraint,0,0.753615,0.8434499999999999
0.4,spb-res-m-20326055,resource_constraint,0,0.89771,0.5104774999999999
0.4,spb-res-h-20326174,resource_constraint,1,0.7447649999999999,0.0
0.4,spb-res-e-20326191,resource_constraint,1,0.81069,0.0
0.4,spb-res-m-20326310,resource_constraint,1,0.7889425,0.0
0.4,spb-res-m-20326412,resource_constraint,1,0.759755,0.0
0.4,spb-res-m-20326922,resource_constraint,0,0.5546774999999999,0.01727500000000004
0.4,spb-res-h-20327041,resource_constraint,1,0.5576775,0.0
0.4,spb-res-m-20327075,resource_constraint,0,0.8143799999999999,0.6608900000000002
0.4,spb-res-h-20327143,resource_constraint,1,0.557415,0.0
0.4,spb-res-h-20327347,resource_constraint,1,0.5580949999999999,0.0
0.4,spb-res-m-20327381,resource_constraint,1,0.687355,0.0
0.4,spb-res-e-20327415,resource_constraint,1,0.8008975,0.0
0.4,spb-res-m-20327534,resource_constraint,1,0.8315625,0.0
0.4,spb-res-e-20327619,resource_constraint,0,0.787455,0.7185549999999998
0.4,spb-res-e-20327772,resource_constraint,1,0.7400875,0.0
0.4,spb-res-e-20328027,resource_constraint,1,0.845005,0.0
0.4,spb-res-e-20328078,resource_constraint,1,0.7671625,0.0
0.4,spb-res-e-20328180,resource_constraint,0,0.768615,0.7887824999999999
0.4,spb-res-m-20328248,resource_constraint,0,0.66877,0.7934500000000001
0.4,spb-res-h-20328265,resource_constraint,0,0.6720375000000001,0.9605874999999999
0.4,spb-res-h-20328316,resource_constraint,0,0.8506675,0.5146350000000001
0.4,spb-res-m-20328350,resource_constraint,1,0.9141699999999999,0.0
0.4,spb-res-h-20328367,resource_constraint,0,1.20034,0.5006425000000001
0.4,spb-res-e-20328384,resource_constraint,0,0.7554825,0.7807875000000001
0.4,spb-res-e-20328588,resource_constraint,0,0.73263,0.8236800000000001
0.4,spb-res-m-20328605,resource_constraint,0,0.9173925,0.6492374999999999
0.4,spb-res-e-20328843,resource_constraint,0,0.749905,0.7143249999999999
0.4,spb-pla-h-20328945,planning_failure,0,-0.7100299999999999,0.5547325
0.4,spb-pla-h-20329149,planning_failure,0,1.0161175,0.6724124999999999
0.4,spb-pla-h-20329200,planning_failure,0,-0.85634,0.8006125
0.4,spb-pla-e-20329319,planning_failure,0,0.9256199999999999,0.7107775000000001
0.4,spb-pla-h-20329353,planning_failure,0,-0.7300949999999999,0.8517724999999999
0.4,spb-pla-m-20329489,planning_failure,0,-0.10604000000000001,1.629325
0.4,spb-pla-e-20329574,planning_failure,0,0.9040975,0.6790025
0.4,spb-pla-e-20329727,planning_failure,0,0.8793375000000001,0.7176674999999999
0.4,spb-pla-h-20329812,planning_failure,0,-1.143885,1.0108625
0.4,spb-pla-m-20329897,planning_failure,0,-0.6645275,0.48545750000000004
0.4,spb-pla-e-20329931,planning_failure,0,1.26077,0.25332
0.4,spb-pla-h-20330118,planning_failure,0,0.84049,0.8762800000000002
0.4,spb-pla-m-20330356,planning_failure,0,-1.2684075,1.128415
0.4,spb-pla-e-20330543,planning_failure,1,1.6115799999999998,0.0
0.4,spb-pla-m-20330611,planning_failure,0,1.225455,0.3217599999999998
0.4,spb-pla-h-20330730,planning_failure,0,-1.90547,2.0093725
0.4,spb-pla-h-20330883,planning_failure,0,0.95553,0.9556825
0.4,spb-pla-m-20331070,planning_failure,0,1.0635325,0.46777000000000024
0.4,spb-pla-h-20331087,planning_failure,0,-0.7064874999999999,0.43125499999999994
0.4,spb-pla-m-20331325,planning_failure,0,-0.7086950000000001,0.721485
0.4,spb-pla-e-20331461,planning_failure,0,-1.8353,1.6967949999999998
0.4,spb-pla-h-20331546,planning_failure,0,-1.0387499999999998,0.9585599999999999
0.4,spb-pla-h-20331648,planning_failure,1,1.7457125,0.0
0.4,spb-pla-h-20331750,planning_failure,0,-0.6886375,0.6717375
0.4,spb-pla-m-20331835,planning_failure,0,1.235935,0.3364775
0.4,spb-pla-m-20331886,planning_failure,0,-1.202305,1.2277225
0.4,spb-pla-h-20332005,planning_failure,0,1.16233,0.7270324999999997
0.4,spb-pla-e-20332022,planning_failure,0,-0.83066,0.7351025
0.4,spb-pla-m-20332039,planning_failure,0,1.21593,0.3939750000000002
0.4,spb-pla-e-20332175,planning_failure,1,1.6239124999999999,0.0
0.4,spb-pla-m-20332243,planning_failure,0,-0.7715999999999998,0.5831474999999998
0.4,spb-pla-m-20332294,planning_failure,0,0.8900075000000001,0.5946925000000001
0.4,spb-pla-e-20332379,planning_failure,0,-1.20795,1.1027375000000001
0.4,spb-pla-m-20332498,planning_failure,0,0.989295,0.675765
0.4,spb-pla-h-20332515,planning_failure,0,-0.748465,0.9076850000000001
0.4,spb-pla-e-20332685,planning_failure,0,-0.7758175,0.631205
0.4,spb-pla-m-20332753,planning_failure,0,0.9506825,0.6199650000000002
0.4,spb-pla-m-20332855,planning_failure,0,-0.948625,0.757495
0.4,spb-pla-m-20333110,planning_failure,0,-1.1231325,0.96608
0.4,spb-pla-e-20333195,planning_failure,0,-1.779735,1.6654025000000001
0.4,spb-pla-e-20333246,planning_failure,0,-0.7338625,0.57916
0.4,spb-pla-h-20333280,planning_failure,0,-1.9698099999999998,1.7002499999999998
0.4,spb-pla-m-20333416,planning_failure,0,-0.75241,0.5183375
0.4,spb-pla-e-20333501,planning_failure,0,-1.172135,0.9023574999999999
0.4,spb-pla-h-20333535,planning_failure,0,-1.002935,0.7294324999999999
0.4,spb-pla-m-20333569,planning_failure,0,1.0965575,0.5524249999999999
0.4,spb-pla-h-20333586,planning_failure,0,-1.484655,1.4761525
0.4,spb-pla-h-20333739,planning_failure,0,-1.0072175,0.7703150000000001
0.4,spb-pla-e-20333756,planning_failure,0,-1.8410849999999999,1.662785
0.4,spb-pla-m-20333824,planning_failure,0,1.0932675,0.4567174999999999
0.4,spb-pla-h-20333892,planning_failure,0,-1.1832725,1.1723075
0.4,spb-pla-h-20333943,planning_failure,1,1.7146649999999999,0.0
0.4,spb-pla-m-20333977,planning_failure,0,-0.642325,0.45118500000000006
0.4,spb-pla-h-20334045,planning_failure,0,0.011157499999999987,1.4976275000000001
0.4,spb-pla-m-20334181,planning_failure,0,0.9520649999999999,0.6306100000000001
0.4,spb-pla-m-20334436,planning_failure,0,-0.6958325,0.634865
0.4,spb-pla-h-20334453,planning_failure,0,-0.7105975,0.432325
0.4,spb-pla-e-20334470,planning_failure,0,0.9119575,0.7226699999999999
0.4,spb-pla-m-20335303,planning_failure,0,0.9947675,0.7312275000000001
0.4,spb-pla-e-20335439,planning_failure,0,0.92373,0.6855299999999999
0.4,spb-pla-e-20335541,planning_failure,0,1.2562875,0.2828824999999999
0.4,spb-pla-m-20335558,planning_failure,0,-1.18421,1.10302
0.4,spb-pla-h-20335626,planning_failure,0,-1.3047275,0.8308375000000001
0.4,spb-pla-h-20335881,planning_failure,1,1.548105,0.0
0.4,spb-pla-h-20335983,planning_failure,0,-0.7585374999999999,0.6387874999999998
0.4,spb-pla-m-20336578,planning_failure,0,0.9570099999999999,0.7385975
0.4,spb-pla-h-20336697,planning_failure,0,1.14459,0.23158749999999984
0.4,spb-pla-e-20337275,planning_failure,1,1.6036225000000002,0.0
0.4,spb-pla-m-20337343,planning_failure,0,-1.2461849999999999,1.12513
0.4,spb-pla-h-20337411,planning_failure,0,-1.8461525,1.4040050000000002
0.4,spb-pla-e-20337428,planning_failure,0,-1.7815625000000002,1.6061900000000002
0.4,spb-pla-e-20337683,planning_failure,0,0.896255,0.7704749999999998
0.4,spb-pla-h-20337717,planning_failure,0,-0.748035,0.7566475
0.4,spb-pla-m-20337853,planning_failure,0,-1.2737574999999999,1.118445
0.4,spb-pla-m-20337904,planning_failure,0,-0.972075,0.8068025000000001
0.4,spb-pla-e-20337938,planning_failure,0,0.8872725,0.7677724999999999
0.4,spb-pla-m-20338006,planning_failure,0,-1.5779925000000001,1.262245
0.4,spb-pla-h-20338023,planning_failure,1,-0.42536499999999994,0.0
0.4,spb-pla-e-20338040,planning_failure,0,-1.1625675,1.0243725
0.4,spb-pla-m-20338516,planning_failure,1,1.587465,0.0
0.4,spb-pla-h-20338737,planning_failure,1,-0.020857499999999987,0.0
0.4,spb-pla-h-20338992,planning_failure,0,-0.9413849999999999,0.6133099999999999
0.4,spb-pla-e-20339009,planning_failure,0,-1.233295,1.106135
0.4,spb-pla-h-20339043,planning_failure,0,-1.6540249999999999,1.18163
0.4,spb-pla-m-20339128,planning_failure,0,1.054535,0.54813
0.4,spb-pla-m-20339179,planning_failure,1,1.5980400000000001,0.0
0.4,spb-pla-e-20339417,planning_failure,0,-0.7949325,0.6492450000000001
0.4,spb-pla-e-20339621,planning_failure,1,1.6268375,0.0
0.4,spb-pla-h-20340063,planning_failure,0,0.750605,0.7639225000000001
0.4,spb-pla-e-20340080,planning_failure,0,-1.886385,1.75014
0.4,spb-pla-e-20340131,planning_failure,0,0.9041325,0.7001124999999999
0.4,spb-pla-h-20340216,planning_failure,0,-0.4768925,0.338075
0.4,spb-pla-m-20340301,planning_failure,0,1.1249850000000001,0.47338250000000004
0.4,spb-pla-e-20340590,planning_failure,1,1.593555,0.0
0.4,spb-pla-h-20340624,planning_failure,0,1.2590074999999998,0.41091750000000027
0.4,spb-pla-h-20340675,planning_failure,1,1.5737174999999999,0.0
0.4,spb-pla-m-20340760,planning_failure,0,0.8616674999999999,0.8133150000000001
0.4,spb-pla-e-20340845,planning_failure,0,1.22757,0.4318774999999999
0.4,spb-pla-e-20340947,planning_failure,0,-1.7595125,1.6217300000000001
0.4,spb-pla-m-20340964,planning_failure,0,0.7482300000000001,0.8672674999999997
0.4,spb-pla-h-20341083,planning_failure,1,0.08311249999999999,0.0
0.4,spb-pla-h-20341134,planning_failure,0,-1.082885,0.7167350000000001
0.4,spb-pla-m-20341270,planning_failure,1,1.72404,0.0
0.4,spb-pla-h-20341440,planning_failure,1,1.5632475000000001,0.0
0.4,spb-pla-e-20341457,planning_failure,0,1.1926375,0.38636500000000007
0.4,spb-pla-e-20341763,planning_failure,0,1.205965,0.3584900000000002
0.4,spb-pla-h-20341797,planning_failure,0,-1.7260875,1.8990525
0.4,spb-pla-e-20341814,planning_failure,0,-0.843665,0.710895
0.4,spb-pla-m-20341882,planning_failure,0,0.8814075000000001,0.6925699999999999
0.4,spb-pla-e-20341967,planning_failure,0,-0.76169,0.65764
0.4,spb-pla-m-20341984,planning_failure,0,-1.30226,1.16345
0.4,spb-pla-m-20342035,planning_failure,0,-1.78422,1.50823
0.4,spb-pla-e-20342069,planning_failure,0,-0.7974650000000001,0.6201200000000001
0.4,spb-pla-e-20342171,planning_failure,0,-1.1342625,0.9834974999999999
0.4,spb-pla-h-20342307,planning_failure,0,-1.13977,1.1351624999999999
0.4,spb-pla-e-20342375,planning_failure,0,0.882835,0.7098325000000001
0.4,spb-pla-e-20342477,planning_failure,0,0.8674575,0.7032425
0.4,spb-pla-m-20342545,planning_failure,0,-0.7610250000000001,0.7104
0.4,spb-pla-e-20342885,planning_failure,0,1.21651,0.4052975000000001
0.4,spb-pla-h-20343021,planning_failure,1,1.59309,0.0
0.4,spb-pla-h-20343123,planning_failure,0,-1.3903725,1.5141875
0.4,spb-pla-e-20343242,planning_failure,0,-0.8203925000000001,0.7068000000000001
0.4,spb-pla-m-20343412,planning_failure,0,1.20106,0.41663249999999996
0.4,spb-pla-h-20343531,planning_failure,0,-1.6598575,1.5854325
0.4,spb-pla-m-20343616,planning_failure,1,1.5761375,0.0
0.4,spb-pla-m-20343667,planning_failure,1,1.5338375,0.0
0.4,spb-pla-m-20343820,planning_failure,0,0.7713249999999999,0.934235
0.4,spb-pla-h-20343888,planning_failure,0,0.9417475,1.0179625
0.4,spb-pla-h-20343939,planning_failure,1,1.5775199999999998,0.0
0.4,spb-pla-h-20343990,planning_failure,1,1.3225425,0.0
0.4,spb-pla-e-20344058,planning_failure,0,0.921515,0.7081525000000001
0.4,spb-pla-e-20344109,planning_failure,0,1.2020775000000001,0.42580499999999977
0.4,spb-pla-m-20344228,planning_failure,0,-1.65491,1.6837600000000001
0.4,spb-pla-m-20344432,planning_failure,0,-0.1832225,1.7760125
0.4,spb-pla-m-20344483,planning_failure,0,0.922195,0.4595650000000001
0.4,spb-pla-h-20344551,planning_failure,0,-0.68728,0.3216375
0.4,spb-pla-m-20344840,planning_failure,0,-0.8501749999999999,0.756195
0.4,spb-pla-h-20345010,planning_failure,1,1.6894274999999999,0.0
0.4,spb-pla-m-20345044,planning_failure,0,-1.3257700000000001,1.1934150000000001
0.4,spb-pla-m-20345146,planning_failure,0,-0.6575124999999999,0.6383449999999999
0.4,spb-pla-m-20345299,planning_failure,0,-1.1455225,1.0809725
0.4,spb-pla-h-20345316,planning_failure,0,-1.6688775,1.297365
0.4,spb-pla-e-20345384,planning_failure,0,1.1942425,0.4310149999999999
0.4,spb-pla-m-20345401,planning_failure,0,-1.2790724999999998,1.1033475
0.4,spb-pla-h-20345469,planning_failure,0,0.9667175,0.3665950000000001
0.4,spb-pla-e-20345486,planning_failure,0,0.9513275,0.6783075
0.4,spb-pla-h-20345571,planning_failure,1,-0.1042375,0.0
0.4,spb-pla-h-20345622,planning_failure,0,-0.867945,0.6299375
0.4,spb-pla-h-20345877,planning_failure,0,-1.4643525,1.2689775
