hypothesis_direction,true_state,root_correct,prior_hypothesis_confidence,strength_name,likelihood_strength,condition,duplication,method,root_confidence_mean,root_confidence_std,root_confidence_ci95_low,root_confidence_ci95_high,confidence_delta_vs_duplication_1_mean,confidence_delta_vs_duplication_1_std,confidence_delta_vs_duplication_1_ci95_low,confidence_delta_vs_duplication_1_ci95_high,action_flip_vs_duplication_1_mean,action_flip_vs_duplication_1_std,action_flip_vs_duplication_1_ci95_low,action_flip_vs_duplication_1_ci95_high,reward_mean,reward_std,reward_ci95_low,reward_ci95_high,wrong_action_mean,wrong_action_std,wrong_action_ci95_low,wrong_action_ci95_high,n
LEFT,LEFT,True,0.2,medium,1.5,independent_rollout,1,exact_deduplication,0.9999899053599716,3.60606360291841e-06,0.9999876141764676,0.9999921965434755,0.0,0.0,0.0,0.0,0.0,0.0,0.0,0.0,1.0,0.0,1.0,1.0,0.0,0.0,0.0,0.0,12
LEFT,LEFT,True,0.2,medium,1.5,independent_rollout,1,explicit_belief_mixing,0.23641718119107816,0.0012215576878143496,0.2356410404649152,0.2371933219172411,0.0,0.0,0.0,0.0,0.0,0.0,0.0,0.0,0.0,0.0,0.0,0.0,1.0,0.0,1.0,1.0,12
LEFT,LEFT,True,0.2,medium,1.5,independent_rollout,1,ordinary_flat_aggregation,0.9999899053599716,3.60606360291841e-06,0.9999876141764676,0.9999921965434755,0.0,0.0,0.0,0.0,0.0,0.0,0.0,0.0,1.0,0.0,1.0,1.0,0.0,0.0,0.0,0.0,12
LEFT,LEFT,True,0.2,medium,1.5,independent_rollout,1,provenance_preserving,0.9999899053599716,3.60606360291841e-06,0.9999876141764676,0.9999921965434755,0.0,0.0,0.0,0.0,0.0,0.0,0.0,0.0,1.0,0.0,1.0,1.0,0.0,0.0,0.0,0.0,12
LEFT,LEFT,True,0.2,medium,1.5,independent_rollout,1,semantic_group_deduplication,0.3594334534440941,0.03001571477141107,0.340362378134777,0.37850452875341123,0.0,0.0,0.0,0.0,0.0,0.0,0.0,0.0,0.0,0.0,0.0,0.0,1.0,0.0,1.0,1.0,12
LEFT,LEFT,True,0.2,medium,1.5,independent_rollout,1,single_trajectory_score_average,0.2728343623821564,0.002443115375628699,0.2712820809298305,0.2743866438344823,0.0,0.0,0.0,0.0,0.0,0.0,0.0,0.0,0.0,0.0,0.0,0.0,1.0,0.0,1.0,1.0,12
LEFT,LEFT,True,0.2,medium,1.5,independent_rollout,1,source_group_average,0.2728343623821564,0.002443115375628699,0.2712820809298305,0.2743866438344823,0.0,0.0,0.0,0.0,0.0,0.0,0.0,0.0,0.0,0.0,0.0,0.0,1.0,0.0,1.0,1.0,12
LEFT,LEFT,True,0.2,medium,1.5,independent_rollout,2,exact_deduplication,0.9999899053599716,3.60606360291841e-06,0.9999876141764676,0.9999921965434755,0.0,0.0,0.0,0.0,0.0,0.0,0.0,0.0,1.0,0.0,1.0,1.0,0.0,0.0,0.0,0.0,12
LEFT,LEFT,True,0.2,medium,1.5,independent_rollout,2,explicit_belief_mixing,0.23641718119107816,0.0012215576878143511,0.2356410404649152,0.2371933219172411,-2.3129646346357427e-18,1.8556209996953883e-17,-1.4103017978442022e-17,9.477088709170535e-18,0.0,0.0,0.0,0.0,0.0,0.0,0.0,0.0,1.0,0.0,1.0,1.0,12
LEFT,LEFT,True,0.2,medium,1.5,independent_rollout,2,ordinary_flat_aggregation,0.9999899053599716,3.60606360291841e-06,0.9999876141764676,0.9999921965434755,0.0,0.0,0.0,0.0,0.0,0.0,0.0,0.0,1.0,0.0,1.0,1.0,0.0,0.0,0.0,0.0,12
LEFT,LEFT,True,0.2,medium,1.5,independent_rollout,2,provenance_preserving,0.9999899053599716,3.60606360291841e-06,0.9999876141764676,0.9999921965434755,0.0,0.0,0.0,0.0,0.0,0.0,0.0,0.0,1.0,0.0,1.0,1.0,0.0,0.0,0.0,0.0,12
LEFT,LEFT,True,0.2,medium,1.5,independent_rollout,2,semantic_group_deduplication,0.36241280721745794,0.03339851495626204,0.34119240321239,0.38363321122252586,0.0029793537733638956,0.038912709720132464,-0.02174460243470461,0.0277033099814324,0.0,0.0,0.0,0.0,0.0,0.0,0.0,0.0,1.0,0.0,1.0,1.0,12
LEFT,LEFT,True,0.2,medium,1.5,independent_rollout,2,single_trajectory_score_average,0.27283436238215636,0.002443115375628702,0.27128208092983047,0.27438664383448225,-4.625929269271485e-18,3.7112419993907765e-17,-2.8206035956884043e-17,1.895417741834107e-17,0.0,0.0,0.0,0.0,0.0,0.0,0.0,0.0,1.0,0.0,1.0,1.0,12
LEFT,LEFT,True,0.2,medium,1.5,independent_rollout,2,source_group_average,0.27283436238215636,0.002443115375628702,0.27128208092983047,0.27438664383448225,-4.625929269271485e-18,3.7112419993907765e-17,-2.8206035956884043e-17,1.895417741834107e-17,0.0,0.0,0.0,0.0,0.0,0.0,0.0,0.0,1.0,0.0,1.0,1.0,12
LEFT,LEFT,True,0.2,medium,1.5,independent_rollout,4,exact_deduplication,0.9999899053599716,3.60606360291841e-06,0.9999876141764676,0.9999921965434755,0.0,0.0,0.0,0.0,0.0,0.0,0.0,0.0,1.0,0.0,1.0,1.0,0.0,0.0,0.0,0.0,12
LEFT,LEFT,True,0.2,medium,1.5,independent_rollout,4,explicit_belief_mixing,0.23641718119107816,0.001221557687814348,0.2356410404649152,0.2371933219172411,-6.938893903907228e-18,1.7252354003962106e-17,-1.7900516673122142e-17,4.022728865307683e-18,0.0,0.0,0.0,0.0,0.0,0.0,0.0,0.0,1.0,0.0,1.0,1.0,12
LEFT,LEFT,True,0.2,medium,1.5,independent_rollout,4,ordinary_flat_aggregation,0.9999899053599716,3.60606360291841e-06,0.9999876141764676,0.9999921965434755,0.0,0.0,0.0,0.0,0.0,0.0,0.0,0.0,1.0,0.0,1.0,1.0,0.0,0.0,0.0,0.0,12
LEFT,LEFT,True,0.2,medium,1.5,independent_rollout,4,provenance_preserving,0.9999899053599716,3.60606360291841e-06,0.9999876141764676,0.9999921965434755,0.0,0.0,0.0,0.0,0.0,0.0,0.0,0.0,1.0,0.0,1.0,1.0,0.0,0.0,0.0,0.0,12
LEFT,LEFT,True,0.2,medium,1.5,independent_rollout,4,semantic_group_deduplication,0.3720919606313294,0.019439825936752742,0.3597404845041327,0.38444343675852605,0.012658507187235319,0.030858907110004816,-0.006948306974613695,0.03226532134908433,0.0,0.0,0.0,0.0,0.0,0.0,0.0,0.0,1.0,0.0,1.0,1.0,12
LEFT,LEFT,True,0.2,medium,1.5,independent_rollout,4,single_trajectory_score_average,0.27283436238215636,0.002443115375628696,0.27128208092983047,0.27438664383448225,-1.3877787807814457e-17,3.450470800792421e-17,-3.5801033346244283e-17,8.045457730615367e-18,0.0,0.0,0.0,0.0,0.0,0.0,0.0,0.0,1.0,0.0,1.0,1.0,12
LEFT,LEFT,True,0.2,medium,1.5,independent_rollout,4,source_group_average,0.27283436238215636,0.002443115375628696,0.27128208092983047,0.27438664383448225,-1.3877787807814457e-17,3.450470800792421e-17,-3.5801033346244283e-17,8.045457730615367e-18,0.0,0.0,0.0,0.0,0.0,0.0,0.0,0.0,1.0,0.0,1.0,1.0,12
LEFT,LEFT,True,0.2,medium,1.5,independent_rollout,8,exact_deduplication,0.9999899053599716,3.60606360291841e-06,0.9999876141764676,0.9999921965434755,0.0,0.0,0.0,0.0,0.0,0.0,0.0,0.0,1.0,0.0,1.0,1.0,0.0,0.0,0.0,0.0,12
LEFT,LEFT,True,0.2,medium,1.5,independent_rollout,8,explicit_belief_mixing,0.23641718119107816,0.0012215576878143463,0.2356410404649152,0.2371933219172411,-2.3129646346357427e-18,1.4292141096839885e-17,-1.1393757854620285e-17,6.767828585348801e-18,0.0,0.0,0.0,0.0,0.0,0.0,0.0,0.0,1.0,0.0,1.0,1.0,12
LEFT,LEFT,True,0.2,medium,1.5,independent_rollout,8,ordinary_flat_aggregation,0.9999899053599716,3.60606360291841e-06,0.9999876141764676,0.9999921965434755,0.0,0.0,0.0,0.0,0.0,0.0,0.0,0.0,1.0,0.0,1.0,1.0,0.0,0.0,0.0,0.0,12
LEFT,LEFT,True,0.2,medium,1.5,independent_rollout,8,provenance_preserving,0.9999899053599716,3.60606360291841e-06,0.9999876141764676,0.9999921965434755,0.0,0.0,0.0,0.0,0.0,0.0,0.0,0.0,1.0,0.0,1.0,1.0,0.0,0.0,0.0,0.0,12
LEFT,LEFT,True,0.2,medium,1.5,independent_rollout,8,semantic_group_deduplication,0.366569177795175,0.01843014918902125,0.3548592196674895,0.3782791359228605,0.007135724351080873,0.031034320592344036,-0.01258254222019559,0.026853990922357334,0.0,0.0,0.0,0.0,0.0,0.0,0.0,0.0,1.0,0.0,1.0,1.0,12
LEFT,LEFT,True,0.2,medium,1.5,independent_rollout,8,single_trajectory_score_average,0.27283436238215636,0.0024431153756286927,0.27128208092983047,0.27438664383448225,-4.625929269271485e-18,2.858428219367977e-17,-2.278751570924057e-17,1.3535657170697601e-17,0.0,0.0,0.0,0.0,0.0,0.0,0.0,0.0,1.0,0.0,1.0,1.0,12
LEFT,LEFT,True,0.2,medium,1.5,independent_rollout,8,source_group_average,0.27283436238215636,0.0024431153756286927,0.27128208092983047,0.27438664383448225,-4.625929269271485e-18,2.858428219367977e-17,-2.278751570924057e-17,1.3535657170697601e-17,0.0,0.0,0.0,0.0,0.0,0.0,0.0,0.0,1.0,0.0,1.0,1.0,12
LEFT,LEFT,True,0.2,medium,1.5,independent_rollout,16,exact_deduplication,0.9999899053599716,3.60606360291841e-06,0.9999876141764676,0.9999921965434755,0.0,0.0,0.0,0.0,0.0,0.0,0.0,0.0,1.0,0.0,1.0,1.0,0.0,0.0,0.0,0.0,12
LEFT,LEFT,True,0.2,medium,1.5,independent_rollout,16,explicit_belief_mixing,0.23641718119107816,0.001221557687814354,0.2356410404649152,0.2371933219172411,-2.3129646346357427e-18,2.2009101793806193e-17,-1.6296880759794606e-17,1.167095149052312e-17,0.0,0.0,0.0,0.0,0.0,0.0,0.0,0.0,1.0,0.0,1.0,1.0,12
LEFT,LEFT,True,0.2,medium,1.5,independent_rollout,16,ordinary_flat_aggregation,0.9999899053599716,3.60606360291841e-06,0.9999876141764676,0.9999921965434755,0.0,0.0,0.0,0.0,0.0,0.0,0.0,0.0,1.0,0.0,1.0,1.0,0.0,0.0,0.0,0.0,12
LEFT,LEFT,True,0.2,medium,1.5,independent_rollout,16,provenance_preserving,0.9999899053599716,3.60606360291841e-06,0.9999876141764676,0.9999921965434755,0.0,0.0,0.0,0.0,0.0,0.0,0.0,0.0,1.0,0.0,1.0,1.0,0.0,0.0,0.0,0.0,12
LEFT,LEFT,True,0.2,medium,1.5,independent_rollout,16,semantic_group_deduplication,0.35383478958215503,0.015220508644051058,0.34416413976397103,0.363505439400339,-0.005598663861939028,0.033255624564074375,-0.0267282796432001,0.015530951919322047,0.0,0.0,0.0,0.0,0.0,0.0,0.0,0.0,1.0,0.0,1.0,1.0,12
LEFT,LEFT,True,0.2,medium,1.5,independent_rollout,16,single_trajectory_score_average,0.2728343623821564,0.002443115375628708,0.2712820809298305,0.2743866438344823,-4.625929269271485e-18,4.4018203587612386e-17,-3.259376151958921e-17,2.334190298104624e-17,0.0,0.0,0.0,0.0,0.0,0.0,0.0,0.0,1.0,0.0,1.0,1.0,12
LEFT,LEFT,True,0.2,medium,1.5,independent_rollout,16,source_group_average,0.2728343623821564,0.002443115375628708,0.2712820809298305,0.2743866438344823,-4.625929269271485e-18,4.4018203587612386e-17,-3.259376151958921e-17,2.334190298104624e-17,0.0,0.0,0.0,0.0,0.0,0.0,0.0,0.0,1.0,0.0,1.0,1.0,12
LEFT,LEFT,True,0.2,medium,1.5,pure_duplication,1,exact_deduplication,0.27446128360279026,0.012012900257590534,0.2668286509221908,0.2820939162833897,0.0,0.0,0.0,0.0,0.0,0.0,0.0,0.0,0.0,0.0,0.0,0.0,1.0,0.0,1.0,1.0,12
LEFT,LEFT,True,0.2,medium,1.5,pure_duplication,1,explicit_belief_mixing,0.23644546795919555,0.004694800302940978,0.23346253415863616,0.23942840175975494,0.0,0.0,0.0,0.0,0.0,0.0,0.0,0.0,0.0,0.0,0.0,0.0,1.0,0.0,1.0,1.0,12
LEFT,LEFT,True,0.2,medium,1.5,pure_duplication,1,ordinary_flat_aggregation,0.3600879169659366,0.02189946627439133,0.3461736599264687,0.37400217400540453,0.0,0.0,0.0,0.0,0.0,0.0,0.0,0.0,0.0,0.0,0.0,0.0,1.0,0.0,1.0,1.0,12
LEFT,LEFT,True,0.2,medium,1.5,pure_duplication,1,provenance_preserving,0.3600879169659366,0.02189946627439133,0.3461736599264687,0.37400217400540453,0.0,0.0,0.0,0.0,0.0,0.0,0.0,0.0,0.0,0.0,0.0,0.0,1.0,0.0,1.0,1.0,12
LEFT,LEFT,True,0.2,medium,1.5,pure_duplication,1,semantic_group_deduplication,0.27446128360279026,0.012012900257590534,0.2668286509221908,0.2820939162833897,0.0,0.0,0.0,0.0,0.0,0.0,0.0,0.0,0.0,0.0,0.0,0.0,1.0,0.0,1.0,1.0,12
LEFT,LEFT,True,0.2,medium,1.5,pure_duplication,1,single_trajectory_score_average,0.2728909359183911,0.009389600605881955,0.2669250683172723,0.27885680351950987,0.0,0.0,0.0,0.0,0.0,0.0,0.0,0.0,0.0,0.0,0.0,0.0,1.0,0.0,1.0,1.0,12
LEFT,LEFT,True,0.2,medium,1.5,pure_duplication,1,source_group_average,0.2728909359183911,0.009389600605881955,0.2669250683172723,0.27885680351950987,0.0,0.0,0.0,0.0,0.0,0.0,0.0,0.0,0.0,0.0,0.0,0.0,1.0,0.0,1.0,1.0,12
LEFT,LEFT,True,0.2,medium,1.5,pure_duplication,2,exact_deduplication,0.27215751447661896,0.012206947662001429,0.26440158995735163,0.2799134389958863,-0.002303769126171346,0.015484096046583273,-0.012141894389886554,0.007534356137543861,0.0,0.0,0.0,0.0,0.0,0.0,0.0,0.0,1.0,0.0,1.0,1.0,12
LEFT,LEFT,True,0.2,medium,1.5,pure_duplication,2,explicit_belief_mixing,0.23644546795919555,0.004694800302940976,0.23346253415863616,0.23942840175975494,2.3129646346357427e-18,8.012344526598183e-18,-2.7778362020143068e-18,7.403765471285793e-18,0.0,0.0,0.0,0.0,0.0,0.0,0.0,0.0,1.0,0.0,1.0,1.0,12
LEFT,LEFT,True,0.2,medium,1.5,pure_duplication,2,ordinary_flat_aggregation,0.557793495459267,0.047135604574382324,0.527844961118701,0.587742029799833,0.19770557849333048,0.025245301035992308,0.18166547946752418,0.21374567751913678,0.8333333333333334,0.38924947208076144,0.5860160179637635,1.0806506487029033,0.8333333333333334,0.38924947208076144,0.5860160179637635,1.0806506487029033,0.16666666666666666,0.38924947208076144,-0.08065064870290328,0.4139839820362366,12
LEFT,LEFT,True,0.2,medium,1.5,pure_duplication,2,provenance_preserving,0.3600879169659366,0.02189946627439133,0.3461736599264687,0.37400217400540453,0.0,0.0,0.0,0.0,0.0,0.0,0.0,0.0,0.0,0.0,0.0,0.0,1.0,0.0,1.0,1.0,12
LEFT,LEFT,True,0.2,medium,1.5,pure_duplication,2,semantic_group_deduplication,0.27215751447661896,0.012206947662001429,0.26440158995735163,0.2799134389958863,-0.002303769126171346,0.015484096046583273,-0.012141894389886554,0.007534356137543861,0.0,0.0,0.0,0.0,0.0,0.0,0.0,0.0,1.0,0.0,1.0,1.0,12
LEFT,LEFT,True,0.2,medium,1.5,pure_duplication,2,single_trajectory_score_average,0.2728909359183911,0.009389600605881952,0.2669250683172723,0.27885680351950987,4.625929269271485e-18,1.6024689053196365e-17,-5.5556724040286136e-18,1.4807530942571585e-17,0.0,0.0,0.0,0.0,0.0,0.0,0.0,0.0,1.0,0.0,1.0,1.0,12
LEFT,LEFT,True,0.2,medium,1.5,pure_duplication,2,source_group_average,0.2728909359183911,0.009389600605881955,0.2669250683172723,0.27885680351950987,0.0,0.0,0.0,0.0,0.0,0.0,0.0,0.0,0.0,0.0,0.0,0.0,1.0,0.0,1.0,1.0,12
LEFT,LEFT,True,0.2,medium,1.5,pure_duplication,4,exact_deduplication,0.27087131731804276,0.01872706184830188,0.25897270988686566,0.28276992474921986,-0.0035899662847475636,0.018688347319407442,-0.015463975677805868,0.00828404310831074,0.0,0.0,0.0,0.0,0.0,0.0,0.0,0.0,1.0,0.0,1.0,1.0,12
LEFT,LEFT,True,0.2,medium,1.5,pure_duplication,4,explicit_belief_mixing,0.23644546795919555,0.004694800302940978,0.23346253415863616,0.23942840175975494,0.0,0.0,0.0,0.0,0.0,0.0,0.0,0.0,0.0,0.0,0.0,0.0,1.0,0.0,1.0,1.0,12
LEFT,LEFT,True,0.2,medium,1.5,pure_duplication,4,ordinary_flat_aggregation,0.8588334551466209,0.04816998080131112,0.828227709506169,0.8894392007870728,0.4987455381806843,0.02662092950538895,0.4818314065243943,0.5156596698369743,1.0,0.0,1.0,1.0,1.0,0.0,1.0,1.0,0.0,0.0,0.0,0.0,12
LEFT,LEFT,True,0.2,medium,1.5,pure_duplication,4,provenance_preserving,0.3600879169659366,0.02189946627439133,0.3461736599264687,0.37400217400540453,0.0,0.0,0.0,0.0,0.0,0.0,0.0,0.0,0.0,0.0,0.0,0.0,1.0,0.0,1.0,1.0,12
LEFT,LEFT,True,0.2,medium,1.5,pure_duplication,4,semantic_group_deduplication,0.27087131731804276,0.01872706184830188,0.25897270988686566,0.28276992474921986,-0.0035899662847475636,0.018688347319407442,-0.015463975677805868,0.00828404310831074,0.0,0.0,0.0,0.0,0.0,0.0,0.0,0.0,1.0,0.0,1.0,1.0,12
LEFT,LEFT,True,0.2,medium,1.5,pure_duplication,4,single_trajectory_score_average,0.2728909359183911,0.009389600605881955,0.2669250683172723,0.27885680351950987,0.0,0.0,0.0,0.0,0.0,0.0,0.0,0.0,0.0,0.0,0.0,0.0,1.0,0.0,1.0,1.0,12
LEFT,LEFT,True,0.2,medium,1.5,pure_duplication,4,source_group_average,0.2728909359183911,0.009389600605881955,0.2669250683172723,0.27885680351950987,0.0,0.0,0.0,0.0,0.0,0.0,0.0,0.0,0.0,0.0,0.0,0.0,1.0,0.0,1.0,1.0,12
LEFT,LEFT,True,0.2,medium,1.5,pure_duplication,8,exact_deduplication,0.27247827039301653,0.0179420871271917,0.26107841210495364,0.2838781286810794,-0.0019830132097737596,0.02332333346712267,-0.01680195230228773,0.012835925882740214,0.0,0.0,0.0,0.0,0.0,0.0,0.0,0.0,1.0,0.0,1.0,1.0,12
LEFT,LEFT,True,0.2,medium,1.5,pure_duplication,8,explicit_belief_mixing,0.23644546795919555,0.004694800302940978,0.23346253415863616,0.23942840175975494,0.0,0.0,0.0,0.0,0.0,0.0,0.0,0.0,0.0,0.0,0.0,0.0,1.0,0.0,1.0,1.0,12
LEFT,LEFT,True,0.2,medium,1.5,pure_duplication,8,ordinary_flat_aggregation,0.9919832144075699,0.006692162313382413,0.9877312173309502,0.9962352114841896,0.6318952974416333,0.015731633854254048,0.6218998941584558,0.6418907007248108,1.0,0.0,1.0,1.0,1.0,0.0,1.0,1.0,0.0,0.0,0.0,0.0,12
LEFT,LEFT,True,0.2,medium,1.5,pure_duplication,8,provenance_preserving,0.3600879169659366,0.02189946627439133,0.3461736599264687,0.37400217400540453,0.0,0.0,0.0,0.0,0.0,0.0,0.0,0.0,0.0,0.0,0.0,0.0,1.0,0.0,1.0,1.0,12
LEFT,LEFT,True,0.2,medium,1.5,pure_duplication,8,semantic_group_deduplication,0.27247827039301653,0.0179420871271917,0.26107841210495364,0.2838781286810794,-0.0019830132097737596,0.02332333346712267,-0.01680195230228773,0.012835925882740214,0.0,0.0,0.0,0.0,0.0,0.0,0.0,0.0,1.0,0.0,1.0,1.0,12
LEFT,LEFT,True,0.2,medium,1.5,pure_duplication,8,single_trajectory_score_average,0.2728909359183911,0.009389600605881955,0.2669250683172723,0.27885680351950987,0.0,0.0,0.0,0.0,0.0,0.0,0.0,0.0,0.0,0.0,0.0,0.0,1.0,0.0,1.0,1.0,12
LEFT,LEFT,True,0.2,medium,1.5,pure_duplication,8,source_group_average,0.2728909359183911,0.009389600605881955,0.2669250683172723,0.27885680351950987,0.0,0.0,0.0,0.0,0.0,0.0,0.0,0.0,0.0,0.0,0.0,0.0,1.0,0.0,1.0,1.0,12
LEFT,LEFT,True,0.2,medium,1.5,pure_duplication,16,exact_deduplication,0.2768392553718846,0.012209167559730952,0.26908192039689094,0.28459659034687823,0.0023779717690942856,0.009522358472252718,-0.003672246156071191,0.008428189694259762,0.0,0.0,0.0,0.0,0.0,0.0,0.0,0.0,1.0,0.0,1.0,1.0,12
LEFT,LEFT,True,0.2,medium,1.5,pure_duplication,16,explicit_belief_mixing,0.23644546795919555,0.004694800302940978,0.23346253415863616,0.23942840175975494,0.0,0.0,0.0,0.0,0.0,0.0,0.0,0.0,0.0,0.0,0.0,0.0,1.0,0.0,1.0,1.0,12
LEFT,LEFT,True,0.2,medium,1.5,pure_duplication,16,ordinary_flat_aggregation,0.9999727144048781,4.468879830964446e-05,0.9999443204970689,1.0000011083126874,0.6398847974389416,0.021862096100466,0.6259942842751961,0.653775310602687,1.0,0.0,1.0,1.0,1.0,0.0,1.0,1.0,0.0,0.0,0.0,0.0,12
LEFT,LEFT,True,0.2,medium,1.5,pure_duplication,16,provenance_preserving,0.3600879169659366,0.02189946627439133,0.3461736599264687,0.37400217400540453,0.0,0.0,0.0,0.0,0.0,0.0,0.0,0.0,0.0,0.0,0.0,0.0,1.0,0.0,1.0,1.0,12
LEFT,LEFT,True,0.2,medium,1.5,pure_duplication,16,semantic_group_deduplication,0.2768392553718846,0.012209167559730952,0.26908192039689094,0.28459659034687823,0.0023779717690942856,0.009522358472252718,-0.003672246156071191,0.008428189694259762,0.0,0.0,0.0,0.0,0.0,0.0,0.0,0.0,1.0,0.0,1.0,1.0,12
LEFT,LEFT,True,0.2,medium,1.5,pure_duplication,16,single_trajectory_score_average,0.2728909359183911,0.009389600605881955,0.2669250683172723,0.27885680351950987,0.0,0.0,0.0,0.0,0.0,0.0,0.0,0.0,0.0,0.0,0.0,0.0,1.0,0.0,1.0,1.0,12
LEFT,LEFT,True,0.2,medium,1.5,pure_duplication,16,source_group_average,0.2728909359183911,0.009389600605881955,0.2669250683172723,0.27885680351950987,0.0,0.0,0.0,0.0,0.0,0.0,0.0,0.0,0.0,0.0,0.0,0.0,1.0,0.0,1.0,1.0,12
LEFT,LEFT,True,0.2,strong,2.0,independent_rollout,1,exact_deduplication,0.9999999991346904,1.9542335891016117e-10,0.9999999990105243,0.9999999992588565,0.0,0.0,0.0,0.0,0.0,0.0,0.0,0.0,1.0,0.0,1.0,1.0,0.0,0.0,0.0,0.0,12
LEFT,LEFT,True,0.2,strong,2.0,independent_rollout,1,explicit_belief_mixing,0.2670941148265542,0.0008322843431407849,0.26656530658368266,0.26762292306942576,0.0,0.0,0.0,0.0,0.0,0.0,0.0,0.0,0.0,0.0,0.0,0.0,1.0,0.0,1.0,1.0,12
LEFT,LEFT,True,0.2,strong,2.0,independent_rollout,1,ordinary_flat_aggregation,0.9999999991346904,1.9542335891016117e-10,0.9999999990105243,0.9999999992588565,0.0,0.0,0.0,0.0,0.0,0.0,0.0,0.0,1.0,0.0,1.0,1.0,0.0,0.0,0.0,0.0,12
LEFT,LEFT,True,0.2,strong,2.0,independent_rollout,1,provenance_preserving,0.9999999991346904,1.9542335891016117e-10,0.9999999990105243,0.9999999992588565,0.0,0.0,0.0,0.0,0.0,0.0,0.0,0.0,1.0,0.0,1.0,1.0,0.0,0.0,0.0,0.0,12
LEFT,LEFT,True,0.2,strong,2.0,independent_rollout,1,semantic_group_deduplication,0.49681484558800815,0.02297749318419783,0.48221564292792246,0.5114140482480938,0.0,0.0,0.0,0.0,0.0,0.0,0.0,0.0,0.3333333333333333,0.49236596391733095,0.020498924786929718,0.6461677418797369,0.6666666666666666,0.49236596391733095,0.35383225812026303,0.9795010752130702,12
LEFT,LEFT,True,0.2,strong,2.0,independent_rollout,1,single_trajectory_score_average,0.3341882296531084,0.0016645686862815801,0.3331306131673653,0.3352458461388515,0.0,0.0,0.0,0.0,0.0,0.0,0.0,0.0,0.0,0.0,0.0,0.0,1.0,0.0,1.0,1.0,12
LEFT,LEFT,True,0.2,strong,2.0,independent_rollout,1,source_group_average,0.3341882296531084,0.0016645686862815801,0.3331306131673653,0.3352458461388515,0.0,0.0,0.0,0.0,0.0,0.0,0.0,0.0,0.0,0.0,0.0,0.0,1.0,0.0,1.0,1.0,12
LEFT,LEFT,True,0.2,strong,2.0,independent_rollout,2,exact_deduplication,0.9999999991346904,1.9542335891016117e-10,0.9999999990105243,0.9999999992588565,0.0,0.0,0.0,0.0,0.0,0.0,0.0,0.0,1.0,0.0,1.0,1.0,0.0,0.0,0.0,0.0,12
LEFT,LEFT,True,0.2,strong,2.0,independent_rollout,2,explicit_belief_mixing,0.2670941148265542,0.0008322843431407849,0.26656530658368266,0.26762292306942576,0.0,0.0,0.0,0.0,0.0,0.0,0.0,0.0,0.0,0.0,0.0,0.0,1.0,0.0,1.0,1.0,12
LEFT,LEFT,True,0.2,strong,2.0,independent_rollout,2,ordinary_flat_aggregation,0.9999999991346904,1.9542335891016117e-10,0.9999999990105243,0.9999999992588565,0.0,0.0,0.0,0.0,0.0,0.0,0.0,0.0,1.0,0.0,1.0,1.0,0.0,0.0,0.0,0.0,12
LEFT,LEFT,True,0.2,strong,2.0,independent_rollout,2,provenance_preserving,0.9999999991346904,1.9542335891016117e-10,0.9999999990105243,0.9999999992588565,0.0,0.0,0.0,0.0,0.0,0.0,0.0,0.0,1.0,0.0,1.0,1.0,0.0,0.0,0.0,0.0,12
LEFT,LEFT,True,0.2,strong,2.0,independent_rollout,2,semantic_group_deduplication,0.4932102545865166,0.02143976910791554,0.4795880751919792,0.506832433981054,-0.0036045910014915147,0.036287584104105826,-0.026660621967701522,0.01945143996471849,0.6666666666666666,0.492365963917331,0.35383225812026303,0.9795010752130702,0.3333333333333333,0.49236596391733095,0.020498924786929718,0.6461677418797369,0.6666666666666666,0.49236596391733095,0.35383225812026303,0.9795010752130702,12
LEFT,LEFT,True,0.2,strong,2.0,independent_rollout,2,single_trajectory_score_average,0.3341882296531084,0.0016645686862815801,0.3331306131673653,0.3352458461388515,0.0,0.0,0.0,0.0,0.0,0.0,0.0,0.0,0.0,0.0,0.0,0.0,1.0,0.0,1.0,1.0,12
LEFT,LEFT,True,0.2,strong,2.0,independent_rollout,2,source_group_average,0.3341882296531084,0.0016645686862815801,0.3331306131673653,0.3352458461388515,0.0,0.0,0.0,0.0,0.0,0.0,0.0,0.0,0.0,0.0,0.0,0.0,1.0,0.0,1.0,1.0,12
LEFT,LEFT,True,0.2,strong,2.0,independent_rollout,4,exact_deduplication,0.9999999991346904,1.9542335891016117e-10,0.9999999990105243,0.9999999992588565,0.0,0.0,0.0,0.0,0.0,0.0,0.0,0.0,1.0,0.0,1.0,1.0,0.0,0.0,0.0,0.0,12
LEFT,LEFT,True,0.2,strong,2.0,independent_rollout,4,explicit_belief_mixing,0.2670941148265542,0.0008322843431407965,0.26656530658368266,0.26762292306942576,4.625929269271485e-18,1.6024689053196365e-17,-5.5556724040286136e-18,1.4807530942571585e-17,0.0,0.0,0.0,0.0,0.0,0.0,0.0,0.0,1.0,0.0,1.0,1.0,12
LEFT,LEFT,True,0.2,strong,2.0,independent_rollout,4,ordinary_flat_aggregation,0.9999999991346904,1.9542335891016117e-10,0.9999999990105243,0.9999999992588565,0.0,0.0,0.0,0.0,0.0,0.0,0.0,0.0,1.0,0.0,1.0,1.0,0.0,0.0,0.0,0.0,12
LEFT,LEFT,True,0.2,strong,2.0,independent_rollout,4,provenance_preserving,0.9999999991346904,1.9542335891016117e-10,0.9999999990105243,0.9999999992588565,0.0,0.0,0.0,0.0,0.0,0.0,0.0,0.0,1.0,0.0,1.0,1.0,0.0,0.0,0.0,0.0,12
LEFT,LEFT,True,0.2,strong,2.0,independent_rollout,4,semantic_group_deduplication,0.5024614031957275,0.0173912477475978,0.4914115315520466,0.5135112748394084,0.005646557607719362,0.027890280282444436,-0.012074081054901264,0.023367196270339986,0.5833333333333334,0.5149286505444373,0.25616327763932606,0.9105033890273406,0.5833333333333334,0.5149286505444373,0.25616327763932606,0.9105033890273406,0.4166666666666667,0.5149286505444373,0.08949661097265937,0.743836722360674,12
LEFT,LEFT,True,0.2,strong,2.0,independent_rollout,4,single_trajectory_score_average,0.3341882296531084,0.0016645686862815936,0.3331306131673653,0.3352458461388515,4.625929269271485e-18,2.858428219367977e-17,-1.3535657170697601e-17,2.278751570924057e-17,0.0,0.0,0.0,0.0,0.0,0.0,0.0,0.0,1.0,0.0,1.0,1.0,12
LEFT,LEFT,True,0.2,strong,2.0,independent_rollout,4,source_group_average,0.3341882296531084,0.0016645686862815936,0.3331306131673653,0.3352458461388515,4.625929269271485e-18,2.858428219367977e-17,-1.3535657170697601e-17,2.278751570924057e-17,0.0,0.0,0.0,0.0,0.0,0.0,0.0,0.0,1.0,0.0,1.0,1.0,12
LEFT,LEFT,True,0.2,strong,2.0,independent_rollout,8,exact_deduplication,0.9999999991346904,1.9542335891016117e-10,0.9999999990105243,0.9999999992588565,0.0,0.0,0.0,0.0,0.0,0.0,0.0,0.0,1.0,0.0,1.0,1.0,0.0,0.0,0.0,0.0,12
LEFT,LEFT,True,0.2,strong,2.0,independent_rollout,8,explicit_belief_mixing,0.2670941148265542,0.0008322843431407895,0.26656530658368266,0.26762292306942576,-4.625929269271485e-18,1.6024689053196365e-17,-1.4807530942571585e-17,5.5556724040286136e-18,0.0,0.0,0.0,0.0,0.0,0.0,0.0,0.0,1.0,0.0,1.0,1.0,12
LEFT,LEFT,True,0.2,strong,2.0,independent_rollout,8,ordinary_flat_aggregation,0.9999999991346904,1.9542335891016117e-10,0.9999999990105243,0.9999999992588565,0.0,0.0,0.0,0.0,0.0,0.0,0.0,0.0,1.0,0.0,1.0,1.0,0.0,0.0,0.0,0.0,12
LEFT,LEFT,True,0.2,strong,2.0,independent_rollout,8,provenance_preserving,0.9999999991346904,1.9542335891016117e-10,0.9999999990105243,0.9999999992588565,0.0,0.0,0.0,0.0,0.0,0.0,0.0,0.0,1.0,0.0,1.0,1.0,0.0,0.0,0.0,0.0,12
LEFT,LEFT,True,0.2,strong,2.0,independent_rollout,8,semantic_group_deduplication,0.5062789954918054,0.022311414962359815,0.49210299874326674,0.5204549922403442,0.009464149903797287,0.034010329192552105,-0.012144982321286671,0.031073282128881247,0.6666666666666666,0.4923659639173309,0.3538322581202631,0.9795010752130702,0.6666666666666666,0.4923659639173309,0.3538322581202631,0.9795010752130702,0.3333333333333333,0.49236596391733095,0.020498924786929718,0.6461677418797369,12
LEFT,LEFT,True,0.2,strong,2.0,independent_rollout,8,single_trajectory_score_average,0.3341882296531084,0.0016645686862815864,0.3331306131673653,0.3352458461388515,-9.25185853854297e-18,2.1607686311362423e-17,-2.2980727434131856e-17,4.4770103570459136e-18,0.0,0.0,0.0,0.0,0.0,0.0,0.0,0.0,1.0,0.0,1.0,1.0,12
LEFT,LEFT,True,0.2,strong,2.0,independent_rollout,8,source_group_average,0.3341882296531084,0.0016645686862815864,0.3331306131673653,0.3352458461388515,-9.25185853854297e-18,2.1607686311362423e-17,-2.2980727434131856e-17,4.4770103570459136e-18,0.0,0.0,0.0,0.0,0.0,0.0,0.0,0.0,1.0,0.0,1.0,1.0,12
LEFT,LEFT,True,0.2,strong,2.0,independent_rollout,16,exact_deduplication,0.9999999991346904,1.9542335891016117e-10,0.9999999990105243,0.9999999992588565,0.0,0.0,0.0,0.0,0.0,0.0,0.0,0.0,1.0,0.0,1.0,1.0,0.0,0.0,0.0,0.0,12
LEFT,LEFT,True,0.2,strong,2.0,independent_rollout,16,explicit_belief_mixing,0.2670941148265542,0.0008322843431407965,0.26656530658368266,0.26762292306942576,4.625929269271485e-18,1.6024689053196365e-17,-5.5556724040286136e-18,1.4807530942571585e-17,0.0,0.0,0.0,0.0,0.0,0.0,0.0,0.0,1.0,0.0,1.0,1.0,12
LEFT,LEFT,True,0.2,strong,2.0,independent_rollout,16,ordinary_flat_aggregation,0.9999999991346904,1.9542335891016117e-10,0.9999999990105243,0.9999999992588565,0.0,0.0,0.0,0.0,0.0,0.0,0.0,0.0,1.0,0.0,1.0,1.0,0.0,0.0,0.0,0.0,12
LEFT,LEFT,True,0.2,strong,2.0,independent_rollout,16,provenance_preserving,0.9999999991346904,1.9542335891016117e-10,0.9999999990105243,0.9999999992588565,0.0,0.0,0.0,0.0,0.0,0.0,0.0,0.0,1.0,0.0,1.0,1.0,0.0,0.0,0.0,0.0,12
LEFT,LEFT,True,0.2,strong,2.0,independent_rollout,16,semantic_group_deduplication,0.5023713473791457,0.02933896475804366,0.4837302585142228,0.5210124362440686,0.0055565017911376234,0.039073706521222544,-0.01926974690410072,0.030382750486375964,0.5,0.5222329678670935,0.16818900249253282,0.8318109975074672,0.5,0.5222329678670935,0.16818900249253282,0.8318109975074672,0.5,0.5222329678670935,0.16818900249253282,0.8318109975074672,12
LEFT,LEFT,True,0.2,strong,2.0,independent_rollout,16,single_trajectory_score_average,0.3341882296531084,0.0016645686862815966,0.3331306131673653,0.3352458461388515,4.625929269271485e-18,2.858428219367977e-17,-1.3535657170697601e-17,2.278751570924057e-17,0.0,0.0,0.0,0.0,0.0,0.0,0.0,0.0,1.0,0.0,1.0,1.0,12
LEFT,LEFT,True,0.2,strong,2.0,independent_rollout,16,source_group_average,0.3341882296531084,0.0016645686862815966,0.3331306131673653,0.3352458461388515,4.625929269271485e-18,2.858428219367977e-17,-1.3535657170697601e-17,2.278751570924057e-17,0.0,0.0,0.0,0.0,0.0,0.0,0.0,0.0,1.0,0.0,1.0,1.0,12
LEFT,LEFT,True,0.2,strong,2.0,pure_duplication,1,exact_deduplication,0.33209419785357264,0.01691201475800064,0.3213488163246506,0.34283957938249465,0.0,0.0,0.0,0.0,0.0,0.0,0.0,0.0,0.0,0.0,0.0,0.0,1.0,0.0,1.0,1.0,12
LEFT,LEFT,True,0.2,strong,2.0,pure_duplication,1,explicit_belief_mixing,0.26698776559759846,0.005106995102591786,0.2637429357160656,0.2702325954791313,0.0,0.0,0.0,0.0,0.0,0.0,0.0,0.0,0.0,0.0,0.0,0.0,1.0,0.0,1.0,1.0,12
LEFT,LEFT,True,0.2,strong,2.0,pure_duplication,1,ordinary_flat_aggregation,0.5009245904775915,0.023133422145559166,0.4862263152820799,0.5156228656731031,0.0,0.0,0.0,0.0,0.0,0.0,0.0,0.0,0.5,0.5222329678670935,0.16818900249253282,0.8318109975074672,0.5,0.5222329678670935,0.16818900249253282,0.8318109975074672,12
LEFT,LEFT,True,0.2,strong,2.0,pure_duplication,1,provenance_preserving,0.5009245904775915,0.023133422145559166,0.4862263152820799,0.5156228656731031,0.0,0.0,0.0,0.0,0.0,0.0,0.0,0.0,0.5,0.5222329678670935,0.16818900249253282,0.8318109975074672,0.5,0.5222329678670935,0.16818900249253282,0.8318109975074672,12
LEFT,LEFT,True,0.2,strong,2.0,pure_duplication,1,semantic_group_deduplication,0.33209419785357264,0.01691201475800064,0.3213488163246506,0.34283957938249465,0.0,0.0,0.0,0.0,0.0,0.0,0.0,0.0,0.0,0.0,0.0,0.0,1.0,0.0,1.0,1.0,12
LEFT,LEFT,True,0.2,strong,2.0,pure_duplication,1,single_trajectory_score_average,0.33397553119519685,0.01021399020518359,0.32748587143213115,0.34046519095826255,0.0,0.0,0.0,0.0,0.0,0.0,0.0,0.0,0.0,0.0,0.0,0.0,1.0,0.0,1.0,1.0,12
LEFT,LEFT,True,0.2,strong,2.0,pure_duplication,1,source_group_average,0.33397553119519685,0.01021399020518359,0.32748587143213115,0.34046519095826255,0.0,0.0,0.0,0.0,0.0,0.0,0.0,0.0,0.0,0.0,0.0,0.0,1.0,0.0,1.0,1.0,12
LEFT,LEFT,True,0.2,strong,2.0,pure_duplication,2,exact_deduplication,0.3431589578070249,0.016024866989461397,0.3329772430784157,0.35334067253563406,0.01106475995345225,0.021819770689767964,-0.0027988609273318765,0.024928380834236374,0.0,0.0,0.0,0.0,0.0,0.0,0.0,0.0,1.0,0.0,1.0,1.0,12
LEFT,LEFT,True,0.2,strong,2.0,pure_duplication,2,explicit_belief_mixing,0.26698776559759835,0.005106995102591782,0.2637429357160655,0.2702325954791312,-4.625929269271485e-18,1.6024689053196365e-17,-1.4807530942571585e-17,5.5556724040286136e-18,0.0,0.0,0.0,0.0,0.0,0.0,0.0,0.0,1.0,0.0,1.0,1.0,12
LEFT,LEFT,True,0.2,strong,2.0,pure_duplication,2,ordinary_flat_aggregation,0.7996650496815455,0.03072616209982374,0.7801425776753099,0.8191875216877811,0.29874045920395365,0.007784869239099439,0.2937941892695971,0.3036867291383102,0.5,0.5222329678670935,0.16818900249253282,0.8318109975074672,1.0,0.0,1.0,1.0,0.0,0.0,0.0,0.0,12
LEFT,LEFT,True,0.2,strong,2.0,pure_duplication,2,provenance_preserving,0.5009245904775915,0.023133422145559166,0.4862263152820799,0.5156228656731031,0.0,0.0,0.0,0.0,0.0,0.0,0.0,0.0,0.5,0.5222329678670935,0.16818900249253282,0.8318109975074672,0.5,0.5222329678670935,0.16818900249253282,0.8318109975074672,12
LEFT,LEFT,True,0.2,strong,2.0,pure_duplication,2,semantic_group_deduplication,0.3431589578070249,0.016024866989461397,0.3329772430784157,0.35334067253563406,0.01106475995345225,0.021819770689767964,-0.0027988609273318765,0.024928380834236374,0.0,0.0,0.0,0.0,0.0,0.0,0.0,0.0,1.0,0.0,1.0,1.0,12
LEFT,LEFT,True,0.2,strong,2.0,pure_duplication,2,single_trajectory_score_average,0.3339755311951968,0.010213990205183583,0.3274858714321311,0.3404651909582625,0.0,2.367003441645759e-17,-1.503922236629014e-17,1.503922236629014e-17,0.0,0.0,0.0,0.0,0.0,0.0,0.0,0.0,1.0,0.0,1.0,1.0,12
LEFT,LEFT,True,0.2,strong,2.0,pure_duplication,2,source_group_average,0.33397553119519685,0.01021399020518359,0.32748587143213115,0.34046519095826255,0.0,0.0,0.0,0.0,0.0,0.0,0.0,0.0,0.0,0.0,0.0,0.0,1.0,0.0,1.0,1.0,12
LEFT,LEFT,True,0.2,strong,2.0,pure_duplication,4,exact_deduplication,0.3292441201466338,0.01580460881461819,0.31920235078570675,0.33928588950756083,-0.0028500777069388147,0.007088620834155813,-0.007353972509941851,0.0016538170960642222,0.0,0.0,0.0,0.0,0.0,0.0,0.0,0.0,1.0,0.0,1.0,1.0,12
LEFT,LEFT,True,0.2,strong,2.0,pure_duplication,4,explicit_belief_mixing,0.26698776559759846,0.005106995102591786,0.2637429357160656,0.2702325954791313,0.0,0.0,0.0,0.0,0.0,0.0,0.0,0.0,0.0,0.0,0.0,0.0,1.0,0.0,1.0,1.0,12
LEFT,LEFT,True,0.2,strong,2.0,pure_duplication,4,ordinary_flat_aggregation,0.9838244751431975,0.006742657485283158,0.9795403949649956,0.9881085553213994,0.48289988466560585,0.01660741766228947,0.47234803489814764,0.49345173443306406,0.5,0.5222329678670935,0.16818900249253282,0.8318109975074672,1.0,0.0,1.0,1.0,0.0,0.0,0.0,0.0,12
LEFT,LEFT,True,0.2,strong,2.0,pure_duplication,4,provenance_preserving,0.5009245904775915,0.023133422145559166,0.4862263152820799,0.5156228656731031,0.0,0.0,0.0,0.0,0.0,0.0,0.0,0.0,0.5,0.5222329678670935,0.16818900249253282,0.8318109975074672,0.5,0.5222329678670935,0.16818900249253282,0.8318109975074672,12
LEFT,LEFT,True,0.2,strong,2.0,pure_duplication,4,semantic_group_deduplication,0.3292441201466338,0.01580460881461819,0.31920235078570675,0.33928588950756083,-0.0028500777069388147,0.007088620834155813,-0.007353972509941851,0.0016538170960642222,0.0,0.0,0.0,0.0,0.0,0.0,0.0,0.0,1.0,0.0,1.0,1.0,12
LEFT,LEFT,True,0.2,strong,2.0,pure_duplication,4,single_trajectory_score_average,0.33397553119519685,0.01021399020518359,0.32748587143213115,0.34046519095826255,0.0,0.0,0.0,0.0,0.0,0.0,0.0,0.0,0.0,0.0,0.0,0.0,1.0,0.0,1.0,1.0,12
LEFT,LEFT,True,0.2,strong,2.0,pure_duplication,4,source_group_average,0.33397553119519685,0.01021399020518359,0.32748587143213115,0.34046519095826255,0.0,0.0,0.0,0.0,0.0,0.0,0.0,0.0,0.0,0.0,0.0,0.0,1.0,0.0,1.0,1.0,12
LEFT,LEFT,True,0.2,strong,2.0,pure_duplication,8,exact_deduplication,0.33510879203790256,0.021877524451577063,0.3212084761675356,0.3490091079082695,0.003014594184329908,0.025442114095193324,-0.013150553893363535,0.01917974226202335,0.0,0.0,0.0,0.0,0.0,0.0,0.0,0.0,1.0,0.0,1.0,1.0,12
LEFT,LEFT,True,0.2,strong,2.0,pure_duplication,8,explicit_belief_mixing,0.26698776559759846,0.005106995102591786,0.2637429357160656,0.2702325954791313,0.0,0.0,0.0,0.0,0.0,0.0,0.0,0.0,0.0,0.0,0.0,0.0,1.0,0.0,1.0,1.0,12
LEFT,LEFT,True,0.2,strong,2.0,pure_duplication,8,ordinary_flat_aggregation,0.9999207155805344,7.806016940441536e-05,0.9998711185151069,0.9999703126459619,0.49899612510294283,0.02306208327586034,0.48434317646276626,0.5136490737431194,0.5,0.5222329678670935,0.16818900249253282,0.8318109975074672,1.0,0.0,1.0,1.0,0.0,0.0,0.0,0.0,12
LEFT,LEFT,True,0.2,strong,2.0,pure_duplication,8,provenance_preserving,0.5009245904775915,0.023133422145559166,0.4862263152820799,0.5156228656731031,0.0,0.0,0.0,0.0,0.0,0.0,0.0,0.0,0.5,0.5222329678670935,0.16818900249253282,0.8318109975074672,0.5,0.5222329678670935,0.16818900249253282,0.8318109975074672,12
LEFT,LEFT,True,0.2,strong,2.0,pure_duplication,8,semantic_group_deduplication,0.33510879203790256,0.021877524451577063,0.3212084761675356,0.3490091079082695,0.003014594184329908,0.025442114095193324,-0.013150553893363535,0.01917974226202335,0.0,0.0,0.0,0.0,0.0,0.0,0.0,0.0,1.0,0.0,1.0,1.0,12
LEFT,LEFT,True,0.2,strong,2.0,pure_duplication,8,single_trajectory_score_average,0.33397553119519685,0.01021399020518359,0.32748587143213115,0.34046519095826255,0.0,0.0,0.0,0.0,0.0,0.0,0.0,0.0,0.0,0.0,0.0,0.0,1.0,0.0,1.0,1.0,12
LEFT,LEFT,True,0.2,strong,2.0,pure_duplication,8,source_group_average,0.33397553119519685,0.01021399020518359,0.32748587143213115,0.34046519095826255,0.0,0.0,0.0,0.0,0.0,0.0,0.0,0.0,0.0,0.0,0.0,0.0,1.0,0.0,1.0,1.0,12
LEFT,LEFT,True,0.2,strong,2.0,pure_duplication,16,exact_deduplication,0.32819585959450387,0.021273461786773952,0.314679346830601,0.34171237235840674,-0.003898338259068735,0.023268683873344662,-0.018682554656271232,0.010885878138133761,0.0,0.0,0.0,0.0,0.0,0.0,0.0,0.0,1.0,0.0,1.0,1.0,12
LEFT,LEFT,True,0.2,strong,2.0,pure_duplication,16,explicit_belief_mixing,0.26698776559759846,0.005106995102591785,0.2637429357160656,0.2702325954791313,4.625929269271485e-18,1.6024689053196365e-17,-5.5556724040286136e-18,1.4807530942571585e-17,0.0,0.0,0.0,0.0,0.0,0.0,0.0,0.0,1.0,0.0,1.0,1.0,12
LEFT,LEFT,True,0.2,strong,2.0,pure_duplication,16,ordinary_flat_aggregation,0.9999999970307057,6.597193566022772e-09,0.999999992839049,1.0000000012223627,0.4990754065531144,0.02313341690138587,0.48437713468959154,0.5137736784166372,0.5,0.5222329678670935,0.16818900249253282,0.8318109975074672,1.0,0.0,1.0,1.0,0.0,0.0,0.0,0.0,12
LEFT,LEFT,True,0.2,strong,2.0,pure_duplication,16,provenance_preserving,0.5009245904775915,0.023133422145559166,0.4862263152820799,0.5156228656731031,0.0,0.0,0.0,0.0,0.0,0.0,0.0,0.0,0.5,0.5222329678670935,0.16818900249253282,0.8318109975074672,0.5,0.5222329678670935,0.16818900249253282,0.8318109975074672,12
LEFT,LEFT,True,0.2,strong,2.0,pure_duplication,16,semantic_group_deduplication,0.32819585959450387,0.021273461786773952,0.314679346830601,0.34171237235840674,-0.003898338259068735,0.023268683873344662,-0.018682554656271232,0.010885878138133761,0.0,0.0,0.0,0.0,0.0,0.0,0.0,0.0,1.0,0.0,1.0,1.0,12
LEFT,LEFT,True,0.2,strong,2.0,pure_duplication,16,single_trajectory_score_average,0.33397553119519685,0.010213990205183593,0.32748587143213115,0.34046519095826255,9.25185853854297e-18,2.1607686311362426e-17,-4.477010357045915e-18,2.2980727434131856e-17,0.0,0.0,0.0,0.0,0.0,0.0,0.0,0.0,1.0,0.0,1.0,1.0,12
LEFT,LEFT,True,0.2,strong,2.0,pure_duplication,16,source_group_average,0.33397553119519685,0.01021399020518359,0.32748587143213115,0.34046519095826255,0.0,0.0,0.0,0.0,0.0,0.0,0.0,0.0,0.0,0.0,0.0,0.0,1.0,0.0,1.0,1.0,12
LEFT,LEFT,True,0.2,weak,1.2,independent_rollout,1,exact_deduplication,0.9878165226396863,0.005479817063318591,0.9843348129855365,0.9912982322938362,0.0,0.0,0.0,0.0,0.0,0.0,0.0,0.0,1.0,0.0,1.0,1.0,0.0,0.0,0.0,0.0,12
LEFT,LEFT,True,0.2,weak,1.2,independent_rollout,1,explicit_belief_mixing,0.21563760877902402,0.0013511954074739577,0.2147791001754547,0.21649611738259333,0.0,0.0,0.0,0.0,0.0,0.0,0.0,0.0,0.0,0.0,0.0,0.0,1.0,0.0,1.0,1.0,12
LEFT,LEFT,True,0.2,weak,1.2,independent_rollout,1,ordinary_flat_aggregation,0.9878165226396863,0.005479817063318591,0.9843348129855365,0.9912982322938362,0.0,0.0,0.0,0.0,0.0,0.0,0.0,0.0,1.0,0.0,1.0,1.0,0.0,0.0,0.0,0.0,12
LEFT,LEFT,True,0.2,weak,1.2,independent_rollout,1,provenance_preserving,0.9878165226396863,0.005479817063318591,0.9843348129855365,0.9912982322938362,0.0,0.0,0.0,0.0,0.0,0.0,0.0,0.0,1.0,0.0,1.0,1.0,0.0,0.0,0.0,0.0,12
LEFT,LEFT,True,0.2,weak,1.2,independent_rollout,1,semantic_group_deduplication,0.26480503283468654,0.015713881450743414,0.25482090889057696,0.2747891567787961,0.0,0.0,0.0,0.0,0.0,0.0,0.0,0.0,0.0,0.0,0.0,0.0,1.0,0.0,1.0,1.0,12
LEFT,LEFT,True,0.2,weak,1.2,independent_rollout,1,single_trajectory_score_average,0.23127521755804795,0.0027023908149479193,0.2295582003509093,0.2329922347651866,0.0,0.0,0.0,0.0,0.0,0.0,0.0,0.0,0.0,0.0,0.0,0.0,1.0,0.0,1.0,1.0,12
LEFT,LEFT,True,0.2,weak,1.2,independent_rollout,1,source_group_average,0.23127521755804795,0.0027023908149479193,0.2295582003509093,0.2329922347651866,0.0,0.0,0.0,0.0,0.0,0.0,0.0,0.0,0.0,0.0,0.0,0.0,1.0,0.0,1.0,1.0,12
LEFT,LEFT,True,0.2,weak,1.2,independent_rollout,2,exact_deduplication,0.9878165226396863,0.005479817063318591,0.9843348129855365,0.9912982322938362,0.0,0.0,0.0,0.0,0.0,0.0,0.0,0.0,1.0,0.0,1.0,1.0,0.0,0.0,0.0,0.0,12
LEFT,LEFT,True,0.2,weak,1.2,independent_rollout,2,explicit_belief_mixing,0.21563760877902402,0.00135119540747395,0.2147791001754547,0.21649611738259333,-4.625929269271485e-18,1.6024689053196368e-17,-1.4807530942571585e-17,5.555672404028615e-18,0.0,0.0,0.0,0.0,0.0,0.0,0.0,0.0,1.0,0.0,1.0,1.0,12
LEFT,LEFT,True,0.2,weak,1.2,independent_rollout,2,ordinary_flat_aggregation,0.9878165226396863,0.005479817063318591,0.9843348129855365,0.9912982322938362,0.0,0.0,0.0,0.0,0.0,0.0,0.0,0.0,1.0,0.0,1.0,1.0,0.0,0.0,0.0,0.0,12
LEFT,LEFT,True,0.2,weak,1.2,independent_rollout,2,provenance_preserving,0.9878165226396863,0.005479817063318591,0.9843348129855365,0.9912982322938362,0.0,0.0,0.0,0.0,0.0,0.0,0.0,0.0,1.0,0.0,1.0,1.0,0.0,0.0,0.0,0.0,12
LEFT,LEFT,True,0.2,weak,1.2,independent_rollout,2,semantic_group_deduplication,0.2596744286686487,0.023849386742623952,0.24452125127096022,0.27482760606633716,-0.005130604166037817,0.021295490105724364,-0.018661113056064636,0.008399904723989,0.0,0.0,0.0,0.0,0.0,0.0,0.0,0.0,1.0,0.0,1.0,1.0,12
LEFT,LEFT,True,0.2,weak,1.2,independent_rollout,2,single_trajectory_score_average,0.23127521755804795,0.0027023908149479076,0.2295582003509093,0.2329922347651866,-6.938893903907228e-18,1.7252354003962106e-17,-1.7900516673122142e-17,4.022728865307683e-18,0.0,0.0,0.0,0.0,0.0,0.0,0.0,0.0,1.0,0.0,1.0,1.0,12
LEFT,LEFT,True,0.2,weak,1.2,independent_rollout,2,source_group_average,0.23127521755804795,0.0027023908149479076,0.2295582003509093,0.2329922347651866,-6.938893903907228e-18,1.7252354003962106e-17,-1.7900516673122142e-17,4.022728865307683e-18,0.0,0.0,0.0,0.0,0.0,0.0,0.0,0.0,1.0,0.0,1.0,1.0,12
LEFT,LEFT,True,0.2,weak,1.2,independent_rollout,4,exact_deduplication,0.9878165226396863,0.005479817063318591,0.9843348129855365,0.9912982322938362,0.0,0.0,0.0,0.0,0.0,0.0,0.0,0.0,1.0,0.0,1.0,1.0,0.0,0.0,0.0,0.0,12
LEFT,LEFT,True,0.2,weak,1.2,independent_rollout,4,explicit_belief_mixing,0.21563760877902402,0.0013511954074739544,0.2147791001754547,0.21649611738259333,-2.3129646346357427e-18,1.4292141096839885e-17,-1.1393757854620285e-17,6.767828585348801e-18,0.0,0.0,0.0,0.0,0.0,0.0,0.0,0.0,1.0,0.0,1.0,1.0,12
LEFT,LEFT,True,0.2,weak,1.2,independent_rollout,4,ordinary_flat_aggregation,0.9878165226396863,0.005479817063318591,0.9843348129855365,0.9912982322938362,0.0,0.0,0.0,0.0,0.0,0.0,0.0,0.0,1.0,0.0,1.0,1.0,0.0,0.0,0.0,0.0,12
LEFT,LEFT,True,0.2,weak,1.2,independent_rollout,4,provenance_preserving,0.9878165226396863,0.005479817063318591,0.9843348129855365,0.9912982322938362,0.0,0.0,0.0,0.0,0.0,0.0,0.0,0.0,1.0,0.0,1.0,1.0,0.0,0.0,0.0,0.0,12
LEFT,LEFT,True,0.2,weak,1.2,independent_rollout,4,semantic_group_deduplication,0.26271022169580194,0.017987324628781453,0.2512816208704983,0.27413882252110555,-0.002094811138884584,0.017239664893094555,-0.013048371631695078,0.008858749353925909,0.0,0.0,0.0,0.0,0.0,0.0,0.0,0.0,1.0,0.0,1.0,1.0,12
LEFT,LEFT,True,0.2,weak,1.2,independent_rollout,4,single_trajectory_score_average,0.23127521755804795,0.0027023908149479115,0.2295582003509093,0.2329922347651866,-4.625929269271485e-18,2.3171662087337948e-17,-1.9348500964634635e-17,1.0096642426091666e-17,0.0,0.0,0.0,0.0,0.0,0.0,0.0,0.0,1.0,0.0,1.0,1.0,12
LEFT,LEFT,True,0.2,weak,1.2,independent_rollout,4,source_group_average,0.23127521755804795,0.0027023908149479115,0.2295582003509093,0.2329922347651866,-4.625929269271485e-18,2.3171662087337948e-17,-1.9348500964634635e-17,1.0096642426091666e-17,0.0,0.0,0.0,0.0,0.0,0.0,0.0,0.0,1.0,0.0,1.0,1.0,12
LEFT,LEFT,True,0.2,weak,1.2,independent_rollout,8,exact_deduplication,0.9878165226396863,0.005479817063318591,0.9843348129855365,0.9912982322938362,0.0,0.0,0.0,0.0,0.0,0.0,0.0,0.0,1.0,0.0,1.0,1.0,0.0,0.0,0.0,0.0,12
LEFT,LEFT,True,0.2,weak,1.2,independent_rollout,8,explicit_belief_mixing,0.21563760877902402,0.0013511954074739525,0.2147791001754547,0.21649611738259333,-4.625929269271485e-18,1.0803843155681211e-17,-1.1490363717065928e-17,2.2385051785229568e-18,0.0,0.0,0.0,0.0,0.0,0.0,0.0,0.0,1.0,0.0,1.0,1.0,12
LEFT,LEFT,True,0.2,weak,1.2,independent_rollout,8,ordinary_flat_aggregation,0.9878165226396863,0.005479817063318591,0.9843348129855365,0.9912982322938362,0.0,0.0,0.0,0.0,0.0,0.0,0.0,0.0,1.0,0.0,1.0,1.0,0.0,0.0,0.0,0.0,12
LEFT,LEFT,True,0.2,weak,1.2,independent_rollout,8,provenance_preserving,0.9878165226396863,0.005479817063318591,0.9843348129855365,0.9912982322938362,0.0,0.0,0.0,0.0,0.0,0.0,0.0,0.0,1.0,0.0,1.0,1.0,0.0,0.0,0.0,0.0,12
LEFT,LEFT,True,0.2,weak,1.2,independent_rollout,8,semantic_group_deduplication,0.2723918333843351,0.014671463648038419,0.2630700301135981,0.2817136366550721,0.00758680054964854,0.021880725997118388,-0.006315549485707969,0.02148915058500505,0.0,0.0,0.0,0.0,0.0,0.0,0.0,0.0,1.0,0.0,1.0,1.0,12
LEFT,LEFT,True,0.2,weak,1.2,independent_rollout,8,single_trajectory_score_average,0.23127521755804795,0.002702390814947908,0.2295582003509093,0.2329922347651866,-1.3877787807814457e-17,1.8712805262645128e-17,-2.5767337036620438e-17,-1.9882385790084738e-18,0.0,0.0,0.0,0.0,0.0,0.0,0.0,0.0,1.0,0.0,1.0,1.0,12
LEFT,LEFT,True,0.2,weak,1.2,independent_rollout,8,source_group_average,0.23127521755804795,0.002702390814947908,0.2295582003509093,0.2329922347651866,-1.3877787807814457e-17,1.8712805262645128e-17,-2.5767337036620438e-17,-1.9882385790084738e-18,0.0,0.0,0.0,0.0,0.0,0.0,0.0,0.0,1.0,0.0,1.0,1.0,12
LEFT,LEFT,True,0.2,weak,1.2,independent_rollout,16,exact_deduplication,0.9878165226396863,0.005479817063318591,0.9843348129855365,0.9912982322938362,0.0,0.0,0.0,0.0,0.0,0.0,0.0,0.0,1.0,0.0,1.0,1.0,0.0,0.0,0.0,0.0,12
LEFT,LEFT,True,0.2,weak,1.2,independent_rollout,16,explicit_belief_mixing,0.21563760877902402,0.001351195407473954,0.2147791001754547,0.21649611738259333,-6.938893903907228e-18,1.2552931385097095e-17,-1.4914645993139343e-17,1.036858185324886e-18,0.0,0.0,0.0,0.0,0.0,0.0,0.0,0.0,1.0,0.0,1.0,1.0,12
LEFT,LEFT,True,0.2,weak,1.2,independent_rollout,16,ordinary_flat_aggregation,0.9878165226396863,0.005479817063318591,0.9843348129855365,0.9912982322938362,0.0,0.0,0.0,0.0,0.0,0.0,0.0,0.0,1.0,0.0,1.0,1.0,0.0,0.0,0.0,0.0,12
LEFT,LEFT,True,0.2,weak,1.2,independent_rollout,16,provenance_preserving,0.9878165226396863,0.005479817063318591,0.9843348129855365,0.9912982322938362,0.0,0.0,0.0,0.0,0.0,0.0,0.0,0.0,1.0,0.0,1.0,1.0,0.0,0.0,0.0,0.0,12
LEFT,LEFT,True,0.2,weak,1.2,independent_rollout,16,semantic_group_deduplication,0.26936799415335644,0.016756866047348436,0.2587211894122112,0.28001479889450165,0.0045629613186699254,0.024159725643605478,-0.010787396009501724,0.019913318646841576,0.0,0.0,0.0,0.0,0.0,0.0,0.0,0.0,1.0,0.0,1.0,1.0,12
LEFT,LEFT,True,0.2,weak,1.2,independent_rollout,16,single_trajectory_score_average,0.23127521755804795,0.0027023908149479132,0.2295582003509093,0.2329922347651866,-9.25185853854297e-18,1.8078287402604465e-17,-2.0738254353009213e-17,2.2345372759232704e-18,0.0,0.0,0.0,0.0,0.0,0.0,0.0,0.0,1.0,0.0,1.0,1.0,12
LEFT,LEFT,True,0.2,weak,1.2,independent_rollout,16,source_group_average,0.23127521755804795,0.0027023908149479132,0.2295582003509093,0.2329922347651866,-9.25185853854297e-18,1.8078287402604465e-17,-2.0738254353009213e-17,2.2345372759232704e-18,0.0,0.0,0.0,0.0,0.0,0.0,0.0,0.0,1.0,0.0,1.0,1.0,12
LEFT,LEFT,True,0.2,weak,1.2,pure_duplication,1,exact_deduplication,0.22832241180714993,0.017903731509881695,0.2169469235156647,0.23969790009863517,0.0,0.0,0.0,0.0,0.0,0.0,0.0,0.0,0.0,0.0,0.0,0.0,1.0,0.0,1.0,1.0,12
LEFT,LEFT,True,0.2,weak,1.2,pure_duplication,1,explicit_belief_mixing,0.21709605347747196,0.0048091532796261174,0.2140404632618708,0.22015164369307313,0.0,0.0,0.0,0.0,0.0,0.0,0.0,0.0,0.0,0.0,0.0,0.0,1.0,0.0,1.0,1.0,12
LEFT,LEFT,True,0.2,weak,1.2,pure_duplication,1,ordinary_flat_aggregation,0.2718721142653239,0.021252136217099128,0.2583691511219575,0.28537507740869034,0.0,0.0,0.0,0.0,0.0,0.0,0.0,0.0,0.0,0.0,0.0,0.0,1.0,0.0,1.0,1.0,12
LEFT,LEFT,True,0.2,weak,1.2,pure_duplication,1,provenance_preserving,0.2718721142653239,0.021252136217099128,0.2583691511219575,0.28537507740869034,0.0,0.0,0.0,0.0,0.0,0.0,0.0,0.0,0.0,0.0,0.0,0.0,1.0,0.0,1.0,1.0,12
LEFT,LEFT,True,0.2,weak,1.2,pure_duplication,1,semantic_group_deduplication,0.22832241180714993,0.017903731509881695,0.2169469235156647,0.23969790009863517,0.0,0.0,0.0,0.0,0.0,0.0,0.0,0.0,0.0,0.0,0.0,0.0,1.0,0.0,1.0,1.0,12
LEFT,LEFT,True,0.2,weak,1.2,pure_duplication,1,single_trajectory_score_average,0.23419210695494388,0.00961830655925223,0.22808092652374157,0.2403032873861462,0.0,0.0,0.0,0.0,0.0,0.0,0.0,0.0,0.0,0.0,0.0,0.0,1.0,0.0,1.0,1.0,12
LEFT,LEFT,True,0.2,weak,1.2,pure_duplication,1,source_group_average,0.23419210695494388,0.00961830655925223,0.22808092652374157,0.2403032873861462,0.0,0.0,0.0,0.0,0.0,0.0,0.0,0.0,0.0,0.0,0.0,0.0,1.0,0.0,1.0,1.0,12
LEFT,LEFT,True,0.2,weak,1.2,pure_duplication,2,exact_deduplication,0.23342641236533893,0.014879136441094239,0.22397266009701094,0.2428801646336669,0.0051040005581889855,0.014180291928567288,-0.0039057270907220058,0.014113728207099977,0.0,0.0,0.0,0.0,0.0,0.0,0.0,0.0,1.0,0.0,1.0,1.0,12
LEFT,LEFT,True,0.2,weak,1.2,pure_duplication,2,explicit_belief_mixing,0.21709605347747196,0.0048091532796261174,0.2140404632618708,0.22015164369307313,0.0,0.0,0.0,0.0,0.0,0.0,0.0,0.0,0.0,0.0,0.0,0.0,1.0,0.0,1.0,1.0,12
LEFT,LEFT,True,0.2,weak,1.2,pure_duplication,2,ordinary_flat_aggregation,0.3582633967116487,0.04902470713806199,0.32711458386586206,0.38941220955743533,0.08639128244632484,0.02777427582175695,0.06874434950162017,0.1040382153910295,0.0,0.0,0.0,0.0,0.0,0.0,0.0,0.0,1.0,0.0,1.0,1.0,12
LEFT,LEFT,True,0.2,weak,1.2,pure_duplication,2,provenance_preserving,0.2718721142653239,0.021252136217099128,0.2583691511219575,0.28537507740869034,0.0,0.0,0.0,0.0,0.0,0.0,0.0,0.0,0.0,0.0,0.0,0.0,1.0,0.0,1.0,1.0,12
LEFT,LEFT,True,0.2,weak,1.2,pure_duplication,2,semantic_group_deduplication,0.23342641236533893,0.014879136441094239,0.22397266009701094,0.2428801646336669,0.0051040005581889855,0.014180291928567288,-0.0039057270907220058,0.014113728207099977,0.0,0.0,0.0,0.0,0.0,0.0,0.0,0.0,1.0,0.0,1.0,1.0,12
LEFT,LEFT,True,0.2,weak,1.2,pure_duplication,2,single_trajectory_score_average,0.23419210695494388,0.00961830655925223,0.22808092652374157,0.2403032873861462,-2.3129646346357427e-18,8.012344526598183e-18,-7.403765471285793e-18,2.7778362020143068e-18,0.0,0.0,0.0,0.0,0.0,0.0,0.0,0.0,1.0,0.0,1.0,1.0,12
LEFT,LEFT,True,0.2,weak,1.2,pure_duplication,2,source_group_average,0.23419210695494388,0.00961830655925223,0.22808092652374157,0.2403032873861462,0.0,0.0,0.0,0.0,0.0,0.0,0.0,0.0,0.0,0.0,0.0,0.0,1.0,0.0,1.0,1.0,12
LEFT,LEFT,True,0.2,weak,1.2,pure_duplication,4,exact_deduplication,0.23049533592309715,0.016063628815765982,0.22028899310502847,0.24070167874116583,0.0021729241159472376,0.0208682867319689,-0.011086152700069976,0.015432000931964451,0.0,0.0,0.0,0.0,0.0,0.0,0.0,0.0,1.0,0.0,1.0,1.0,12
LEFT,LEFT,True,0.2,weak,1.2,pure_duplication,4,explicit_belief_mixing,0.21709605347747196,0.0048091532796261174,0.2140404632618708,0.22015164369307313,0.0,0.0,0.0,0.0,0.0,0.0,0.0,0.0,0.0,0.0,0.0,0.0,1.0,0.0,1.0,1.0,12
LEFT,LEFT,True,0.2,weak,1.2,pure_duplication,4,ordinary_flat_aggregation,0.5498825716185136,0.10181725110594825,0.48519097661846206,0.6145741666185651,0.2780104573531897,0.08061111059839467,0.22679260121691205,0.32922831348946735,0.75,0.45226701686664544,0.46264324690347836,1.0373567530965215,0.75,0.45226701686664544,0.46264324690347836,1.0373567530965215,0.25,0.45226701686664544,-0.037356753096521644,0.5373567530965216,12
LEFT,LEFT,True,0.2,weak,1.2,pure_duplication,4,provenance_preserving,0.2718721142653239,0.021252136217099128,0.2583691511219575,0.28537507740869034,0.0,0.0,0.0,0.0,0.0,0.0,0.0,0.0,0.0,0.0,0.0,0.0,1.0,0.0,1.0,1.0,12
LEFT,LEFT,True,0.2,weak,1.2,pure_duplication,4,semantic_group_deduplication,0.23049533592309715,0.016063628815765982,0.22028899310502847,0.24070167874116583,0.0021729241159472376,0.0208682867319689,-0.011086152700069976,0.015432000931964451,0.0,0.0,0.0,0.0,0.0,0.0,0.0,0.0,1.0,0.0,1.0,1.0,12
LEFT,LEFT,True,0.2,weak,1.2,pure_duplication,4,single_trajectory_score_average,0.23419210695494388,0.00961830655925223,0.22808092652374157,0.2403032873861462,0.0,0.0,0.0,0.0,0.0,0.0,0.0,0.0,0.0,0.0,0.0,0.0,1.0,0.0,1.0,1.0,12
LEFT,LEFT,True,0.2,weak,1.2,pure_duplication,4,source_group_average,0.23419210695494388,0.00961830655925223,0.22808092652374157,0.2403032873861462,0.0,0.0,0.0,0.0,0.0,0.0,0.0,0.0,0.0,0.0,0.0,0.0,1.0,0.0,1.0,1.0,12
LEFT,LEFT,True,0.2,weak,1.2,pure_duplication,8,exact_deduplication,0.23277834870847472,0.014262014050259217,0.22371669730065633,0.2418400001162931,0.004455936901324789,0.021452230385412163,-0.009174160011199386,0.018086033813848962,0.0,0.0,0.0,0.0,0.0,0.0,0.0,0.0,1.0,0.0,1.0,1.0,12
LEFT,LEFT,True,0.2,weak,1.2,pure_duplication,8,explicit_belief_mixing,0.21709605347747196,0.004809153279626117,0.2140404632618708,0.22015164369307313,-2.3129646346357427e-18,8.012344526598183e-18,-7.403765471285793e-18,2.7778362020143068e-18,0.0,0.0,0.0,0.0,0.0,0.0,0.0,0.0,1.0,0.0,1.0,1.0,12
LEFT,LEFT,True,0.2,weak,1.2,pure_duplication,8,ordinary_flat_aggregation,0.8320855644781852,0.11540612880178608,0.7587600085053549,0.9054111204510155,0.5602134502128611,0.09608490233067053,0.4991640158618279,0.6212628845638942,1.0,0.0,1.0,1.0,1.0,0.0,1.0,1.0,0.0,0.0,0.0,0.0,12
LEFT,LEFT,True,0.2,weak,1.2,pure_duplication,8,provenance_preserving,0.2718721142653239,0.021252136217099128,0.2583691511219575,0.28537507740869034,0.0,0.0,0.0,0.0,0.0,0.0,0.0,0.0,0.0,0.0,0.0,0.0,1.0,0.0,1.0,1.0,12
LEFT,LEFT,True,0.2,weak,1.2,pure_duplication,8,semantic_group_deduplication,0.23277834870847472,0.014262014050259217,0.22371669730065633,0.2418400001162931,0.004455936901324789,0.021452230385412163,-0.009174160011199386,0.018086033813848962,0.0,0.0,0.0,0.0,0.0,0.0,0.0,0.0,1.0,0.0,1.0,1.0,12
LEFT,LEFT,True,0.2,weak,1.2,pure_duplication,8,single_trajectory_score_average,0.23419210695494388,0.009618306559252228,0.22808092652374157,0.2403032873861462,-2.3129646346357427e-18,8.012344526598183e-18,-7.403765471285793e-18,2.7778362020143068e-18,0.0,0.0,0.0,0.0,0.0,0.0,0.0,0.0,1.0,0.0,1.0,1.0,12
LEFT,LEFT,True,0.2,weak,1.2,pure_duplication,8,source_group_average,0.23419210695494388,0.00961830655925223,0.22808092652374157,0.2403032873861462,0.0,0.0,0.0,0.0,0.0,0.0,0.0,0.0,0.0,0.0,0.0,0.0,1.0,0.0,1.0,1.0,12
LEFT,LEFT,True,0.2,weak,1.2,pure_duplication,16,exact_deduplication,0.228453935896628,0.01544845884180365,0.21863845343257096,0.23826941836068502,0.00013152408947806013,0.010679504506024545,-0.006653909349360912,0.006916957528317033,0.0,0.0,0.0,0.0,0.0,0.0,0.0,0.0,1.0,0.0,1.0,1.0,12
LEFT,LEFT,True,0.2,weak,1.2,pure_duplication,16,explicit_belief_mixing,0.21709605347747196,0.004809153279626117,0.2140404632618708,0.22015164369307313,-2.3129646346357427e-18,8.012344526598183e-18,-7.403765471285793e-18,2.7778362020143068e-18,0.0,0.0,0.0,0.0,0.0,0.0,0.0,0.0,1.0,0.0,1.0,1.0,12
LEFT,LEFT,True,0.2,weak,1.2,pure_duplication,16,ordinary_flat_aggregation,0.9778239143168066,0.04654931237876322,0.9482478922652555,1.0073999363683577,0.7059518000514826,0.03513443925964664,0.6836284423645436,0.7282751577384217,1.0,0.0,1.0,1.0,1.0,0.0,1.0,1.0,0.0,0.0,0.0,0.0,12
LEFT,LEFT,True,0.2,weak,1.2,pure_duplication,16,provenance_preserving,0.2718721142653239,0.021252136217099128,0.2583691511219575,0.28537507740869034,0.0,0.0,0.0,0.0,0.0,0.0,0.0,0.0,0.0,0.0,0.0,0.0,1.0,0.0,1.0,1.0,12
LEFT,LEFT,True,0.2,weak,1.2,pure_duplication,16,semantic_group_deduplication,0.228453935896628,0.01544845884180365,0.21863845343257096,0.23826941836068502,0.00013152408947806013,0.010679504506024545,-0.006653909349360912,0.006916957528317033,0.0,0.0,0.0,0.0,0.0,0.0,0.0,0.0,1.0,0.0,1.0,1.0,12
LEFT,LEFT,True,0.2,weak,1.2,pure_duplication,16,single_trajectory_score_average,0.23419210695494388,0.009618306559252228,0.22808092652374157,0.2403032873861462,-4.625929269271485e-18,1.080384315568121e-17,-1.1490363717065927e-17,2.238505178522956e-18,0.0,0.0,0.0,0.0,0.0,0.0,0.0,0.0,1.0,0.0,1.0,1.0,12
LEFT,LEFT,True,0.2,weak,1.2,pure_duplication,16,source_group_average,0.23419210695494388,0.00961830655925223,0.22808092652374157,0.2403032873861462,0.0,0.0,0.0,0.0,0.0,0.0,0.0,0.0,0.0,0.0,0.0,0.0,1.0,0.0,1.0,1.0,12
LEFT,LEFT,True,0.5,medium,1.5,independent_rollout,1,exact_deduplication,0.9999974763186509,9.015292955364439e-07,0.9999969035142643,0.9999980491230375,0.0,0.0,0.0,0.0,0.0,0.0,0.0,0.0,1.0,0.0,1.0,1.0,0.0,0.0,0.0,0.0,12
LEFT,LEFT,True,0.5,medium,1.5,independent_rollout,1,explicit_belief_mixing,0.5498723093750153,0.001479757231464917,0.5489321164855342,0.5508125022644964,0.0,0.0,0.0,0.0,0.0,0.0,0.0,0.0,1.0,0.0,1.0,1.0,0.0,0.0,0.0,0.0,12
LEFT,LEFT,True,0.5,medium,1.5,independent_rollout,1,ordinary_flat_aggregation,0.9999974763186509,9.015292955364439e-07,0.9999969035142643,0.9999980491230375,0.0,0.0,0.0,0.0,0.0,0.0,0.0,0.0,1.0,0.0,1.0,1.0,0.0,0.0,0.0,0.0,12
LEFT,LEFT,True,0.5,medium,1.5,independent_rollout,1,provenance_preserving,0.9999974763186509,9.015292955364439e-07,0.9999969035142643,0.9999980491230375,0.0,0.0,0.0,0.0,0.0,0.0,0.0,0.0,1.0,0.0,1.0,1.0,0.0,0.0,0.0,0.0,12
LEFT,LEFT,True,0.5,medium,1.5,independent_rollout,1,semantic_group_deduplication,0.6906483000642512,0.028615095322639714,0.6724671358961691,0.7088294642323332,0.0,0.0,0.0,0.0,0.0,0.0,0.0,0.0,1.0,0.0,1.0,1.0,0.0,0.0,0.0,0.0,12
LEFT,LEFT,True,0.5,medium,1.5,independent_rollout,1,single_trajectory_score_average,0.5997446187500307,0.002959514462929813,0.5978642329710685,0.6016250045289929,0.0,0.0,0.0,0.0,0.0,0.0,0.0,0.0,1.0,0.0,1.0,1.0,0.0,0.0,0.0,0.0,12
LEFT,LEFT,True,0.5,medium,1.5,independent_rollout,1,source_group_average,0.5997446187500307,0.002959514462929813,0.5978642329710685,0.6016250045289929,0.0,0.0,0.0,0.0,0.0,0.0,0.0,0.0,1.0,0.0,1.0,1.0,0.0,0.0,0.0,0.0,12
LEFT,LEFT,True,0.5,medium,1.5,independent_rollout,2,exact_deduplication,0.9999974763186509,9.015292955364439e-07,0.9999969035142643,0.9999980491230375,0.0,0.0,0.0,0.0,0.0,0.0,0.0,0.0,1.0,0.0,1.0,1.0,0.0,0.0,0.0,0.0,12
LEFT,LEFT,True,0.5,medium,1.5,independent_rollout,2,explicit_belief_mixing,0.5498723093750153,0.0014797572314649166,0.5489321164855342,0.5508125022644964,-9.25185853854297e-18,3.204937810639273e-17,-2.961506188514317e-17,1.1111344808057227e-17,0.0,0.0,0.0,0.0,1.0,0.0,1.0,1.0,0.0,0.0,0.0,0.0,12
LEFT,LEFT,True,0.5,medium,1.5,independent_rollout,2,ordinary_flat_aggregation,0.9999974763186509,9.015292955364439e-07,0.9999969035142643,0.9999980491230375,0.0,0.0,0.0,0.0,0.0,0.0,0.0,0.0,1.0,0.0,1.0,1.0,0.0,0.0,0.0,0.0,12
LEFT,LEFT,True,0.5,medium,1.5,independent_rollout,2,provenance_preserving,0.9999974763186509,9.015292955364439e-07,0.9999969035142643,0.9999980491230375,0.0,0.0,0.0,0.0,0.0,0.0,0.0,0.0,1.0,0.0,1.0,1.0,0.0,0.0,0.0,0.0,12
LEFT,LEFT,True,0.5,medium,1.5,independent_rollout,2,semantic_group_deduplication,0.6931733913747719,0.03090766772483013,0.6735355961963272,0.7128111865532165,0.002525091310520459,0.03577854836987423,-0.020207513780390696,0.025257696401431617,0.0,0.0,0.0,0.0,1.0,0.0,1.0,1.0,0.0,0.0,0.0,0.0,12
LEFT,LEFT,True,0.5,medium,1.5,independent_rollout,2,single_trajectory_score_average,0.5997446187500307,0.00295951446292983,0.5978642329710685,0.6016250045289929,-9.25185853854297e-18,5.716856438735953e-17,-4.557503141848113e-17,2.707131434139519e-17,0.0,0.0,0.0,0.0,1.0,0.0,1.0,1.0,0.0,0.0,0.0,0.0,12
LEFT,LEFT,True,0.5,medium,1.5,independent_rollout,2,source_group_average,0.5997446187500307,0.00295951446292983,0.5978642329710685,0.6016250045289929,-9.25185853854297e-18,5.716856438735953e-17,-4.557503141848113e-17,2.707131434139519e-17,0.0,0.0,0.0,0.0,1.0,0.0,1.0,1.0,0.0,0.0,0.0,0.0,12
LEFT,LEFT,True,0.5,medium,1.5,independent_rollout,4,exact_deduplication,0.9999974763186509,9.015292955364439e-07,0.9999969035142643,0.9999980491230375,0.0,0.0,0.0,0.0,0.0,0.0,0.0,0.0,1.0,0.0,1.0,1.0,0.0,0.0,0.0,0.0,12
LEFT,LEFT,True,0.5,medium,1.5,independent_rollout,4,explicit_belief_mixing,0.5498723093750153,0.0014797572314649166,0.5489321164855342,0.5508125022644964,-9.25185853854297e-18,3.204937810639273e-17,-2.961506188514317e-17,1.1111344808057227e-17,0.0,0.0,0.0,0.0,1.0,0.0,1.0,1.0,0.0,0.0,0.0,0.0,12
LEFT,LEFT,True,0.5,medium,1.5,independent_rollout,4,ordinary_flat_aggregation,0.9999974763186509,9.015292955364439e-07,0.9999969035142643,0.9999980491230375,0.0,0.0,0.0,0.0,0.0,0.0,0.0,0.0,1.0,0.0,1.0,1.0,0.0,0.0,0.0,0.0,12
LEFT,LEFT,True,0.5,medium,1.5,independent_rollout,4,provenance_preserving,0.9999974763186509,9.015292955364439e-07,0.9999969035142643,0.9999980491230375,0.0,0.0,0.0,0.0,0.0,0.0,0.0,0.0,1.0,0.0,1.0,1.0,0.0,0.0,0.0,0.0,12
LEFT,LEFT,True,0.5,medium,1.5,independent_rollout,4,semantic_group_deduplication,0.7028619053745819,0.017188050088746017,0.691941139363872,0.7137826713852918,0.01221360531033063,0.0293547219622868,-0.006437495204525393,0.030864705825186654,0.0,0.0,0.0,0.0,1.0,0.0,1.0,1.0,0.0,0.0,0.0,0.0,12
LEFT,LEFT,True,0.5,medium,1.5,independent_rollout,4,single_trajectory_score_average,0.5997446187500307,0.002959514462929812,0.5978642329710685,0.6016250045289929,-9.25185853854297e-18,3.204937810639273e-17,-2.961506188514317e-17,1.1111344808057227e-17,0.0,0.0,0.0,0.0,1.0,0.0,1.0,1.0,0.0,0.0,0.0,0.0,12
LEFT,LEFT,True,0.5,medium,1.5,independent_rollout,4,source_group_average,0.5997446187500307,0.002959514462929812,0.5978642329710685,0.6016250045289929,-9.25185853854297e-18,3.204937810639273e-17,-2.961506188514317e-17,1.1111344808057227e-17,0.0,0.0,0.0,0.0,1.0,0.0,1.0,1.0,0.0,0.0,0.0,0.0,12
LEFT,LEFT,True,0.5,medium,1.5,independent_rollout,8,exact_deduplication,0.9999974763186509,9.015292955364439e-07,0.9999969035142643,0.9999980491230375,0.0,0.0,0.0,0.0,0.0,0.0,0.0,0.0,1.0,0.0,1.0,1.0,0.0,0.0,0.0,0.0,12
LEFT,LEFT,True,0.5,medium,1.5,independent_rollout,8,explicit_belief_mixing,0.5498723093750153,0.0014797572314649056,0.5489321164855342,0.5508125022644964,-1.850371707708594e-17,4.321537262272485e-17,-4.596145486826371e-17,8.95402071409183e-18,0.0,0.0,0.0,0.0,1.0,0.0,1.0,1.0,0.0,0.0,0.0,0.0,12
LEFT,LEFT,True,0.5,medium,1.5,independent_rollout,8,ordinary_flat_aggregation,0.9999974763186509,9.015292955364439e-07,0.9999969035142643,0.9999980491230375,0.0,0.0,0.0,0.0,0.0,0.0,0.0,0.0,1.0,0.0,1.0,1.0,0.0,0.0,0.0,0.0,12
LEFT,LEFT,True,0.5,medium,1.5,independent_rollout,8,provenance_preserving,0.9999974763186509,9.015292955364439e-07,0.9999969035142643,0.9999980491230375,0.0,0.0,0.0,0.0,0.0,0.0,0.0,0.0,1.0,0.0,1.0,1.0,0.0,0.0,0.0,0.0,12
LEFT,LEFT,True,0.5,medium,1.5,independent_rollout,8,semantic_group_deduplication,0.6979229329446729,0.016630801582543823,0.6873562257431142,0.7084896401462316,0.007274632880421683,0.029181372403536177,-0.011266326579492052,0.025815592340335418,0.0,0.0,0.0,0.0,1.0,0.0,1.0,1.0,0.0,0.0,0.0,0.0,12
LEFT,LEFT,True,0.5,medium,1.5,independent_rollout,8,single_trajectory_score_average,0.5997446187500306,0.002959514462929801,0.5978642329710684,0.6016250045289928,-1.850371707708594e-17,4.321537262272485e-17,-4.596145486826371e-17,8.95402071409183e-18,0.0,0.0,0.0,0.0,1.0,0.0,1.0,1.0,0.0,0.0,0.0,0.0,12
LEFT,LEFT,True,0.5,medium,1.5,independent_rollout,8,source_group_average,0.5997446187500306,0.002959514462929801,0.5978642329710684,0.6016250045289928,-1.850371707708594e-17,4.321537262272485e-17,-4.596145486826371e-17,8.95402071409183e-18,0.0,0.0,0.0,0.0,1.0,0.0,1.0,1.0,0.0,0.0,0.0,0.0,12
LEFT,LEFT,True,0.5,medium,1.5,independent_rollout,16,exact_deduplication,0.9999974763186509,9.015292955364439e-07,0.9999969035142643,0.9999980491230375,0.0,0.0,0.0,0.0,0.0,0.0,0.0,0.0,1.0,0.0,1.0,1.0,0.0,0.0,0.0,0.0,12
LEFT,LEFT,True,0.5,medium,1.5,independent_rollout,16,explicit_belief_mixing,0.5498723093750153,0.0014797572314649166,0.5489321164855342,0.5508125022644964,-9.25185853854297e-18,3.204937810639273e-17,-2.961506188514317e-17,1.1111344808057227e-17,0.0,0.0,0.0,0.0,1.0,0.0,1.0,1.0,0.0,0.0,0.0,0.0,12
LEFT,LEFT,True,0.5,medium,1.5,independent_rollout,16,ordinary_flat_aggregation,0.9999974763186509,9.015292955364439e-07,0.9999969035142643,0.9999980491230375,0.0,0.0,0.0,0.0,0.0,0.0,0.0,0.0,1.0,0.0,1.0,1.0,0.0,0.0,0.0,0.0,12
LEFT,LEFT,True,0.5,medium,1.5,independent_rollout,16,provenance_preserving,0.9999974763186509,9.015292955364439e-07,0.9999969035142643,0.9999980491230375,0.0,0.0,0.0,0.0,0.0,0.0,0.0,0.0,1.0,0.0,1.0,1.0,0.0,0.0,0.0,0.0,12
LEFT,LEFT,True,0.5,medium,1.5,independent_rollout,16,semantic_group_deduplication,0.6862639763973082,0.01440933443950696,0.6771087220798361,0.6954192307147803,-0.004384323666943117,0.031995179308212655,-0.024713090740089944,0.01594444340620371,0.0,0.0,0.0,0.0,1.0,0.0,1.0,1.0,0.0,0.0,0.0,0.0,12
LEFT,LEFT,True,0.5,medium,1.5,independent_rollout,16,single_trajectory_score_average,0.5997446187500307,0.002959514462929822,0.5978642329710685,0.6016250045289929,-9.25185853854297e-18,7.422483998781554e-17,-5.641207191376809e-17,3.790835483668215e-17,0.0,0.0,0.0,0.0,1.0,0.0,1.0,1.0,0.0,0.0,0.0,0.0,12
LEFT,LEFT,True,0.5,medium,1.5,independent_rollout,16,source_group_average,0.5997446187500307,0.002959514462929822,0.5978642329710685,0.6016250045289929,-9.25185853854297e-18,7.422483998781554e-17,-5.641207191376809e-17,3.790835483668215e-17,0.0,0.0,0.0,0.0,1.0,0.0,1.0,1.0,0.0,0.0,0.0,0.0,12
LEFT,LEFT,True,0.5,medium,1.5,pure_duplication,1,exact_deduplication,0.60183168747219,0.014380016506926697,0.5926950608803745,0.6109683140640054,0.0,0.0,0.0,0.0,0.0,0.0,0.0,0.0,1.0,0.0,1.0,1.0,0.0,0.0,0.0,0.0,12
LEFT,LEFT,True,0.5,medium,1.5,pure_duplication,1,explicit_belief_mixing,0.5498884803126305,0.005758388707992858,0.5462297746797048,0.5535471859455562,0.0,0.0,0.0,0.0,0.0,0.0,0.0,0.0,1.0,0.0,1.0,1.0,0.0,0.0,0.0,0.0,12
LEFT,LEFT,True,0.5,medium,1.5,pure_duplication,1,ordinary_flat_aggregation,0.69179509717608,0.02052223473690794,0.6787558913079648,0.7048343030441953,0.0,0.0,0.0,0.0,0.0,0.0,0.0,0.0,1.0,0.0,1.0,1.0,0.0,0.0,0.0,0.0,12
LEFT,LEFT,True,0.5,medium,1.5,pure_duplication,1,provenance_preserving,0.69179509717608,0.02052223473690794,0.6787558913079648,0.7048343030441953,0.0,0.0,0.0,0.0,0.0,0.0,0.0,0.0,1.0,0.0,1.0,1.0,0.0,0.0,0.0,0.0,12
LEFT,LEFT,True,0.5,medium,1.5,pure_duplication,1,semantic_group_deduplication,0.60183168747219,0.014380016506926697,0.5926950608803745,0.6109683140640054,0.0,0.0,0.0,0.0,0.0,0.0,0.0,0.0,1.0,0.0,1.0,1.0,0.0,0.0,0.0,0.0,12
LEFT,LEFT,True,0.5,medium,1.5,pure_duplication,1,single_trajectory_score_average,0.5997769606252609,0.011516777415985738,0.5924595493594095,0.6070943718911123,0.0,0.0,0.0,0.0,0.0,0.0,0.0,0.0,1.0,0.0,1.0,1.0,0.0,0.0,0.0,0.0,12
LEFT,LEFT,True,0.5,medium,1.5,pure_duplication,1,source_group_average,0.5997769606252609,0.011516777415985738,0.5924595493594095,0.6070943718911123,0.0,0.0,0.0,0.0,0.0,0.0,0.0,0.0,1.0,0.0,1.0,1.0,0.0,0.0,0.0,0.0,12
LEFT,LEFT,True,0.5,medium,1.5,pure_duplication,2,exact_deduplication,0.5990329252915884,0.014995775550043371,0.5895050640690769,0.6085607865140998,-0.0027987621806014698,0.018642444884376757,-0.014643606557866612,0.009046082196663674,0.0,0.0,0.0,0.0,1.0,0.0,1.0,1.0,0.0,0.0,0.0,0.0,12
LEFT,LEFT,True,0.5,medium,1.5,pure_duplication,2,explicit_belief_mixing,0.5498884803126305,0.005758388707992858,0.5462297746797048,0.5535471859455562,0.0,0.0,0.0,0.0,0.0,0.0,0.0,0.0,1.0,0.0,1.0,1.0,0.0,0.0,0.0,0.0,12
LEFT,LEFT,True,0.5,medium,1.5,pure_duplication,2,ordinary_flat_aggregation,0.833274174727887,0.027149628751520462,0.8160241235968905,0.8505242258588835,0.14147907755180691,0.006696362285881036,0.137224411939974,0.14573374316363982,0.0,0.0,0.0,0.0,1.0,0.0,1.0,1.0,0.0,0.0,0.0,0.0,12
LEFT,LEFT,True,0.5,medium,1.5,pure_duplication,2,provenance_preserving,0.69179509717608,0.02052223473690794,0.6787558913079648,0.7048343030441953,0.0,0.0,0.0,0.0,0.0,0.0,0.0,0.0,1.0,0.0,1.0,1.0,0.0,0.0,0.0,0.0,12
LEFT,LEFT,True,0.5,medium,1.5,pure_duplication,2,semantic_group_deduplication,0.5990329252915884,0.014995775550043371,0.5895050640690769,0.6085607865140998,-0.0027987621806014698,0.018642444884376757,-0.014643606557866612,0.009046082196663674,0.0,0.0,0.0,0.0,1.0,0.0,1.0,1.0,0.0,0.0,0.0,0.0,12
LEFT,LEFT,True,0.5,medium,1.5,pure_duplication,2,single_trajectory_score_average,0.5997769606252609,0.011516777415985738,0.5924595493594095,0.6070943718911123,0.0,0.0,0.0,0.0,0.0,0.0,0.0,0.0,1.0,0.0,1.0,1.0,0.0,0.0,0.0,0.0,12
LEFT,LEFT,True,0.5,medium,1.5,pure_duplication,2,source_group_average,0.5997769606252609,0.011516777415985738,0.5924595493594095,0.6070943718911123,0.0,0.0,0.0,0.0,0.0,0.0,0.0,0.0,1.0,0.0,1.0,1.0,0.0,0.0,0.0,0.0,12
LEFT,LEFT,True,0.5,medium,1.5,pure_duplication,4,exact_deduplication,0.5970948378097671,0.02298403821836274,0.5824914766333705,0.6116981989861637,-0.004736849662422836,0.023093111424717618,-0.01940951264783729,0.009935813322991618,0.0,0.0,0.0,0.0,1.0,0.0,1.0,1.0,0.0,0.0,0.0,0.0,12
LEFT,LEFT,True,0.5,medium,1.5,pure_duplication,4,explicit_belief_mixing,0.5498884803126305,0.005758388707992858,0.5462297746797048,0.5535471859455562,0.0,0.0,0.0,0.0,0.0,0.0,0.0,0.0,1.0,0.0,1.0,1.0,0.0,0.0,0.0,0.0,12
LEFT,LEFT,True,0.5,medium,1.5,pure_duplication,4,ordinary_flat_aggregation,0.9599529872319992,0.015574049832403918,0.950057708059513,0.9698482664044854,0.26815789005591917,0.005547601225630824,0.264633112399755,0.2716826677120833,0.0,0.0,0.0,0.0,1.0,0.0,1.0,1.0,0.0,0.0,0.0,0.0,12
LEFT,LEFT,True,0.5,medium,1.5,pure_duplication,4,provenance_preserving,0.69179509717608,0.02052223473690794,0.6787558913079648,0.7048343030441953,0.0,0.0,0.0,0.0,0.0,0.0,0.0,0.0,1.0,0.0,1.0,1.0,0.0,0.0,0.0,0.0,12
LEFT,LEFT,True,0.5,medium,1.5,pure_duplication,4,semantic_group_deduplication,0.5970948378097671,0.02298403821836274,0.5824914766333705,0.6116981989861637,-0.004736849662422836,0.023093111424717618,-0.01940951264783729,0.009935813322991618,0.0,0.0,0.0,0.0,1.0,0.0,1.0,1.0,0.0,0.0,0.0,0.0,12
LEFT,LEFT,True,0.5,medium,1.5,pure_duplication,4,single_trajectory_score_average,0.5997769606252609,0.011516777415985738,0.5924595493594095,0.6070943718911123,0.0,0.0,0.0,0.0,0.0,0.0,0.0,0.0,1.0,0.0,1.0,1.0,0.0,0.0,0.0,0.0,12
LEFT,LEFT,True,0.5,medium,1.5,pure_duplication,4,source_group_average,0.5997769606252609,0.011516777415985738,0.5924595493594095,0.6070943718911123,0.0,0.0,0.0,0.0,0.0,0.0,0.0,0.0,1.0,0.0,1.0,1.0,0.0,0.0,0.0,0.0,12
LEFT,LEFT,True,0.5,medium,1.5,pure_duplication,8,exact_deduplication,0.5990978186272072,0.02214357109638003,0.5850284647833165,0.613167172471098,-0.0027338688449826585,0.028479744309170114,-0.020829035081956635,0.015361297391991319,0.0,0.0,0.0,0.0,1.0,0.0,1.0,1.0,0.0,0.0,0.0,0.0,12
LEFT,LEFT,True,0.5,medium,1.5,pure_duplication,8,explicit_belief_mixing,0.5498884803126305,0.005758388707992858,0.5462297746797048,0.5535471859455562,0.0,0.0,0.0,0.0,0.0,0.0,0.0,0.0,1.0,0.0,1.0,1.0,0.0,0.0,0.0,0.0,12
LEFT,LEFT,True,0.5,medium,1.5,pure_duplication,8,ordinary_flat_aggregation,0.9979757905563238,0.0017045494658433473,0.9968927714951713,0.9990588096174763,0.3061806933802438,0.01890633909624925,0.29416817862009287,0.3181932081403947,0.0,0.0,0.0,0.0,1.0,0.0,1.0,1.0,0.0,0.0,0.0,0.0,12
LEFT,LEFT,True,0.5,medium,1.5,pure_duplication,8,provenance_preserving,0.69179509717608,0.02052223473690794,0.6787558913079648,0.7048343030441953,0.0,0.0,0.0,0.0,0.0,0.0,0.0,0.0,1.0,0.0,1.0,1.0,0.0,0.0,0.0,0.0,12
LEFT,LEFT,True,0.5,medium,1.5,pure_duplication,8,semantic_group_deduplication,0.5990978186272072,0.02214357109638003,0.5850284647833165,0.613167172471098,-0.0027338688449826585,0.028479744309170114,-0.020829035081956635,0.015361297391991319,0.0,0.0,0.0,0.0,1.0,0.0,1.0,1.0,0.0,0.0,0.0,0.0,12
LEFT,LEFT,True,0.5,medium,1.5,pure_duplication,8,single_trajectory_score_average,0.5997769606252609,0.011516777415985738,0.5924595493594095,0.6070943718911123,0.0,0.0,0.0,0.0,0.0,0.0,0.0,0.0,1.0,0.0,1.0,1.0,0.0,0.0,0.0,0.0,12
LEFT,LEFT,True,0.5,medium,1.5,pure_duplication,8,source_group_average,0.5997769606252609,0.011516777415985738,0.5924595493594095,0.6070943718911123,0.0,0.0,0.0,0.0,0.0,0.0,0.0,0.0,1.0,0.0,1.0,1.0,0.0,0.0,0.0,0.0,12
LEFT,LEFT,True,0.5,medium,1.5,pure_duplication,16,exact_deduplication,0.6046751682595598,0.014548562663742017,0.5954314525487878,0.6139188839703318,0.0028434807873698362,0.01140558975808229,-0.004403285211044454,0.010090246785784128,0.0,0.0,0.0,0.0,1.0,0.0,1.0,1.0,0.0,0.0,0.0,0.0,12
LEFT,LEFT,True,0.5,medium,1.5,pure_duplication,16,explicit_belief_mixing,0.5498884803126305,0.005758388707992858,0.5462297746797048,0.5535471859455562,0.0,0.0,0.0,0.0,0.0,0.0,0.0,0.0,1.0,0.0,1.0,1.0,0.0,0.0,0.0,0.0,12
LEFT,LEFT,True,0.5,medium,1.5,pure_duplication,16,ordinary_flat_aggregation,0.9999931781183281,1.1173412403390764e-05,0.999986078870783,1.0000002773658732,0.30819808094224826,0.020512729528812917,0.2951649143952284,0.3212312474892681,0.0,0.0,0.0,0.0,1.0,0.0,1.0,1.0,0.0,0.0,0.0,0.0,12
LEFT,LEFT,True,0.5,medium,1.5,pure_duplication,16,provenance_preserving,0.69179509717608,0.02052223473690794,0.6787558913079648,0.7048343030441953,0.0,0.0,0.0,0.0,0.0,0.0,0.0,0.0,1.0,0.0,1.0,1.0,0.0,0.0,0.0,0.0,12
LEFT,LEFT,True,0.5,medium,1.5,pure_duplication,16,semantic_group_deduplication,0.6046751682595598,0.014548562663742017,0.5954314525487878,0.6139188839703318,0.0028434807873698362,0.01140558975808229,-0.004403285211044454,0.010090246785784128,0.0,0.0,0.0,0.0,1.0,0.0,1.0,1.0,0.0,0.0,0.0,0.0,12
LEFT,LEFT,True,0.5,medium,1.5,pure_duplication,16,single_trajectory_score_average,0.5997769606252609,0.011516777415985738,0.5924595493594095,0.6070943718911123,0.0,0.0,0.0,0.0,0.0,0.0,0.0,0.0,1.0,0.0,1.0,1.0,0.0,0.0,0.0,0.0,12
LEFT,LEFT,True,0.5,medium,1.5,pure_duplication,16,source_group_average,0.5997769606252609,0.011516777415985738,0.5924595493594095,0.6070943718911123,0.0,0.0,0.0,0.0,0.0,0.0,0.0,0.0,1.0,0.0,1.0,1.0,0.0,0.0,0.0,0.0,12
LEFT,LEFT,True,0.5,strong,2.0,independent_rollout,1,exact_deduplication,0.9999999997836726,4.8855833686114354e-11,0.9999999997526311,0.9999999998147141,0.0,0.0,0.0,0.0,0.0,0.0,0.0,0.0,1.0,0.0,1.0,1.0,0.0,0.0,0.0,0.0,12
LEFT,LEFT,True,0.5,strong,2.0,independent_rollout,1,explicit_belief_mixing,0.583590276175952,0.0008305419698893202,0.5830625749842285,0.5841179773676756,0.0,0.0,0.0,0.0,0.0,0.0,0.0,0.0,1.0,0.0,1.0,1.0,0.0,0.0,0.0,0.0,12
LEFT,LEFT,True,0.5,strong,2.0,independent_rollout,1,ordinary_flat_aggregation,0.9999999997836726,4.8855833686114354e-11,0.9999999997526311,0.9999999998147141,0.0,0.0,0.0,0.0,0.0,0.0,0.0,0.0,1.0,0.0,1.0,1.0,0.0,0.0,0.0,0.0,12
LEFT,LEFT,True,0.5,strong,2.0,independent_rollout,1,provenance_preserving,0.9999999997836726,4.8855833686114354e-11,0.9999999997526311,0.9999999998147141,0.0,0.0,0.0,0.0,0.0,0.0,0.0,0.0,1.0,0.0,1.0,1.0,0.0,0.0,0.0,0.0,12
LEFT,LEFT,True,0.5,strong,2.0,independent_rollout,1,semantic_group_deduplication,0.7975731335620058,0.015006585105080543,0.7880384042758901,0.8071078628481214,0.0,0.0,0.0,0.0,0.0,0.0,0.0,0.0,1.0,0.0,1.0,1.0,0.0,0.0,0.0,0.0,12
LEFT,LEFT,True,0.5,strong,2.0,independent_rollout,1,single_trajectory_score_average,0.6671805523519042,0.0016610839397786185,0.6661251499684572,0.6682359547353512,0.0,0.0,0.0,0.0,0.0,0.0,0.0,0.0,1.0,0.0,1.0,1.0,0.0,0.0,0.0,0.0,12
LEFT,LEFT,True,0.5,strong,2.0,independent_rollout,1,source_group_average,0.6671805523519042,0.0016610839397786185,0.6661251499684572,0.6682359547353512,0.0,0.0,0.0,0.0,0.0,0.0,0.0,0.0,1.0,0.0,1.0,1.0,0.0,0.0,0.0,0.0,12
LEFT,LEFT,True,0.5,strong,2.0,independent_rollout,2,exact_deduplication,0.9999999997836726,4.8855833686114354e-11,0.9999999997526311,0.9999999998147141,0.0,0.0,0.0,0.0,0.0,0.0,0.0,0.0,1.0,0.0,1.0,1.0,0.0,0.0,0.0,0.0,12
LEFT,LEFT,True,0.5,strong,2.0,independent_rollout,2,explicit_belief_mixing,0.583590276175952,0.0008305419698893039,0.5830625749842285,0.5841179773676756,-1.850371707708594e-17,4.321537262272485e-17,-4.596145486826371e-17,8.95402071409183e-18,0.0,0.0,0.0,0.0,1.0,0.0,1.0,1.0,0.0,0.0,0.0,0.0,12
LEFT,LEFT,True,0.5,strong,2.0,independent_rollout,2,ordinary_flat_aggregation,0.9999999997836726,4.8855833686114354e-11,0.9999999997526311,0.9999999998147141,0.0,0.0,0.0,0.0,0.0,0.0,0.0,0.0,1.0,0.0,1.0,1.0,0.0,0.0,0.0,0.0,12
LEFT,LEFT,True,0.5,strong,2.0,independent_rollout,2,provenance_preserving,0.9999999997836726,4.8855833686114354e-11,0.9999999997526311,0.9999999998147141,0.0,0.0,0.0,0.0,0.0,0.0,0.0,0.0,1.0,0.0,1.0,1.0,0.0,0.0,0.0,0.0,12
LEFT,LEFT,True,0.5,strong,2.0,independent_rollout,2,semantic_group_deduplication,0.795294282912987,0.013655485801655943,0.7866180011688408,0.8039705646571331,-0.0022788506490187175,0.023306787700605867,-0.017087277063034267,0.012529575764996831,0.0,0.0,0.0,0.0,1.0,0.0,1.0,1.0,0.0,0.0,0.0,0.0,12
LEFT,LEFT,True,0.5,strong,2.0,independent_rollout,2,single_trajectory_score_average,0.6671805523519042,0.001661083939778612,0.6661251499684572,0.6682359547353512,-1.850371707708594e-17,6.409875621278547e-17,-5.923012377028634e-17,2.222268961611446e-17,0.0,0.0,0.0,0.0,1.0,0.0,1.0,1.0,0.0,0.0,0.0,0.0,12
LEFT,LEFT,True,0.5,strong,2.0,independent_rollout,2,source_group_average,0.6671805523519042,0.001661083939778612,0.6661251499684572,0.6682359547353512,-1.850371707708594e-17,6.409875621278547e-17,-5.923012377028634e-17,2.222268961611446e-17,0.0,0.0,0.0,0.0,1.0,0.0,1.0,1.0,0.0,0.0,0.0,0.0,12
LEFT,LEFT,True,0.5,strong,2.0,independent_rollout,4,exact_deduplication,0.9999999997836726,4.8855833686114354e-11,0.9999999997526311,0.9999999998147141,0.0,0.0,0.0,0.0,0.0,0.0,0.0,0.0,1.0,0.0,1.0,1.0,0.0,0.0,0.0,0.0,12
LEFT,LEFT,True,0.5,strong,2.0,independent_rollout,4,explicit_belief_mixing,0.583590276175952,0.0008305419698893487,0.5830625749842285,0.5841179773676756,-9.25185853854297e-18,5.716856438735954e-17,-4.557503141848114e-17,2.7071314341395202e-17,0.0,0.0,0.0,0.0,1.0,0.0,1.0,1.0,0.0,0.0,0.0,0.0,12
LEFT,LEFT,True,0.5,strong,2.0,independent_rollout,4,ordinary_flat_aggregation,0.9999999997836726,4.8855833686114354e-11,0.9999999997526311,0.9999999998147141,0.0,0.0,0.0,0.0,0.0,0.0,0.0,0.0,1.0,0.0,1.0,1.0,0.0,0.0,0.0,0.0,12
LEFT,LEFT,True,0.5,strong,2.0,independent_rollout,4,provenance_preserving,0.9999999997836726,4.8855833686114354e-11,0.9999999997526311,0.9999999998147141,0.0,0.0,0.0,0.0,0.0,0.0,0.0,0.0,1.0,0.0,1.0,1.0,0.0,0.0,0.0,0.0,12
LEFT,LEFT,True,0.5,strong,2.0,independent_rollout,4,semantic_group_deduplication,0.8013583508215402,0.01113313511883035,0.7942846942420791,0.8084320074010012,0.003785217259534355,0.018097062595620536,-0.0077131077434480794,0.015283542262516788,0.0,0.0,0.0,0.0,1.0,0.0,1.0,1.0,0.0,0.0,0.0,0.0,12
LEFT,LEFT,True,0.5,strong,2.0,independent_rollout,4,single_trajectory_score_average,0.6671805523519042,0.0016610839397786614,0.6661251499684571,0.6682359547353514,-2.7755575615628914e-17,6.900941601584843e-17,-7.160206669248857e-17,1.6090915461230733e-17,0.0,0.0,0.0,0.0,1.0,0.0,1.0,1.0,0.0,0.0,0.0,0.0,12
LEFT,LEFT,True,0.5,strong,2.0,independent_rollout,4,source_group_average,0.6671805523519042,0.0016610839397786614,0.6661251499684571,0.6682359547353514,-2.7755575615628914e-17,6.900941601584843e-17,-7.160206669248857e-17,1.6090915461230733e-17,0.0,0.0,0.0,0.0,1.0,0.0,1.0,1.0,0.0,0.0,0.0,0.0,12
LEFT,LEFT,True,0.5,strong,2.0,independent_rollout,8,exact_deduplication,0.9999999997836726,4.8855833686114354e-11,0.9999999997526311,0.9999999998147141,0.0,0.0,0.0,0.0,0.0,0.0,0.0,0.0,1.0,0.0,1.0,1.0,0.0,0.0,0.0,0.0,12
LEFT,LEFT,True,0.5,strong,2.0,independent_rollout,8,explicit_belief_mixing,0.583590276175952,0.0008305419698893278,0.5830625749842285,0.5841179773676756,0.0,4.734006883291518e-17,-3.007844473258028e-17,3.007844473258028e-17,0.0,0.0,0.0,0.0,1.0,0.0,1.0,1.0,0.0,0.0,0.0,0.0,12
LEFT,LEFT,True,0.5,strong,2.0,independent_rollout,8,ordinary_flat_aggregation,0.9999999997836726,4.8855833686114354e-11,0.9999999997526311,0.9999999998147141,0.0,0.0,0.0,0.0,0.0,0.0,0.0,0.0,1.0,0.0,1.0,1.0,0.0,0.0,0.0,0.0,12
LEFT,LEFT,True,0.5,strong,2.0,independent_rollout,8,provenance_preserving,0.9999999997836726,4.8855833686114354e-11,0.9999999997526311,0.9999999998147141,0.0,0.0,0.0,0.0,0.0,0.0,0.0,0.0,1.0,0.0,1.0,1.0,0.0,0.0,0.0,0.0,12
LEFT,LEFT,True,0.5,strong,2.0,independent_rollout,8,semantic_group_deduplication,0.8036450142479835,0.014105181894510169,0.7946830092379268,0.8126070192580402,0.00607188068597786,0.02193268496743021,-0.007863482504099694,0.020007243876055413,0.0,0.0,0.0,0.0,1.0,0.0,1.0,1.0,0.0,0.0,0.0,0.0,12
LEFT,LEFT,True,0.5,strong,2.0,independent_rollout,8,single_trajectory_score_average,0.667180552351904,0.0016610839397786406,0.6661251499684568,0.6682359547353511,-1.850371707708594e-17,6.409875621278547e-17,-5.923012377028634e-17,2.222268961611446e-17,0.0,0.0,0.0,0.0,1.0,0.0,1.0,1.0,0.0,0.0,0.0,0.0,12
LEFT,LEFT,True,0.5,strong,2.0,independent_rollout,8,source_group_average,0.667180552351904,0.0016610839397786406,0.6661251499684568,0.6682359547353511,-1.850371707708594e-17,6.409875621278547e-17,-5.923012377028634e-17,2.222268961611446e-17,0.0,0.0,0.0,0.0,1.0,0.0,1.0,1.0,0.0,0.0,0.0,0.0,12
LEFT,LEFT,True,0.5,strong,2.0,independent_rollout,16,exact_deduplication,0.9999999997836726,4.8855833686114354e-11,0.9999999997526311,0.9999999998147141,0.0,0.0,0.0,0.0,0.0,0.0,0.0,0.0,1.0,0.0,1.0,1.0,0.0,0.0,0.0,0.0,12
LEFT,LEFT,True,0.5,strong,2.0,independent_rollout,16,explicit_belief_mixing,0.583590276175952,0.0008305419698893273,0.5830625749842285,0.5841179773676756,-9.25185853854297e-18,3.204937810639273e-17,-2.961506188514317e-17,1.1111344808057227e-17,0.0,0.0,0.0,0.0,1.0,0.0,1.0,1.0,0.0,0.0,0.0,0.0,12
LEFT,LEFT,True,0.5,strong,2.0,independent_rollout,16,ordinary_flat_aggregation,0.9999999997836726,4.8855833686114354e-11,0.9999999997526311,0.9999999998147141,0.0,0.0,0.0,0.0,0.0,0.0,0.0,0.0,1.0,0.0,1.0,1.0,0.0,0.0,0.0,0.0,12
LEFT,LEFT,True,0.5,strong,2.0,independent_rollout,16,provenance_preserving,0.9999999997836726,4.8855833686114354e-11,0.9999999997526311,0.9999999998147141,0.0,0.0,0.0,0.0,0.0,0.0,0.0,0.0,1.0,0.0,1.0,1.0,0.0,0.0,0.0,0.0,12
LEFT,LEFT,True,0.5,strong,2.0,independent_rollout,16,semantic_group_deduplication,0.8009044253414744,0.018942448275332716,0.7888689679034995,0.8129398827794494,0.0033312917794688646,0.025470435847879655,-0.012851851081373548,0.019514434640311277,0.0,0.0,0.0,0.0,1.0,0.0,1.0,1.0,0.0,0.0,0.0,0.0,12
LEFT,LEFT,True,0.5,strong,2.0,independent_rollout,16,single_trajectory_score_average,0.667180552351904,0.0016610839397786402,0.6661251499684568,0.6682359547353511,-2.7755575615628914e-17,5.021172554038838e-17,-5.965858397255737e-17,4.147432741299544e-18,0.0,0.0,0.0,0.0,1.0,0.0,1.0,1.0,0.0,0.0,0.0,0.0,12
LEFT,LEFT,True,0.5,strong,2.0,independent_rollout,16,source_group_average,0.667180552351904,0.0016610839397786402,0.6661251499684568,0.6682359547353511,-2.7755575615628914e-17,5.021172554038838e-17,-5.965858397255737e-17,4.147432741299544e-18,0.0,0.0,0.0,0.0,1.0,0.0,1.0,1.0,0.0,0.0,0.0,0.0,12
LEFT,LEFT,True,0.5,strong,2.0,pure_duplication,1,exact_deduplication,0.6650214757804456,0.017341123674818857,0.6540034514532139,0.6760395001076772,0.0,0.0,0.0,0.0,0.0,0.0,0.0,0.0,1.0,0.0,1.0,1.0,0.0,0.0,0.0,0.0,12
LEFT,LEFT,True,0.5,strong,2.0,pure_duplication,1,explicit_belief_mixing,0.5834209317848588,0.0051833901413099875,0.5801275628114619,0.5867143007582556,0.0,0.0,0.0,0.0,0.0,0.0,0.0,0.0,1.0,0.0,1.0,1.0,0.0,0.0,0.0,0.0,12
LEFT,LEFT,True,0.5,strong,2.0,pure_duplication,1,ordinary_flat_aggregation,0.8002076657485694,0.01509259235263997,0.7906182900644637,0.8097970414326751,0.0,0.0,0.0,0.0,0.0,0.0,0.0,0.0,1.0,0.0,1.0,1.0,0.0,0.0,0.0,0.0,12
LEFT,LEFT,True,0.5,strong,2.0,pure_duplication,1,provenance_preserving,0.8002076657485694,0.01509259235263997,0.7906182900644637,0.8097970414326751,0.0,0.0,0.0,0.0,0.0,0.0,0.0,0.0,1.0,0.0,1.0,1.0,0.0,0.0,0.0,0.0,12
LEFT,LEFT,True,0.5,strong,2.0,pure_duplication,1,semantic_group_deduplication,0.6650214757804456,0.017341123674818857,0.6540034514532139,0.6760395001076772,0.0,0.0,0.0,0.0,0.0,0.0,0.0,0.0,1.0,0.0,1.0,1.0,0.0,0.0,0.0,0.0,12
LEFT,LEFT,True,0.5,strong,2.0,pure_duplication,1,single_trajectory_score_average,0.6668418635697176,0.010366780282620001,0.6602551256229239,0.6734286015165114,0.0,0.0,0.0,0.0,0.0,0.0,0.0,0.0,1.0,0.0,1.0,1.0,0.0,0.0,0.0,0.0,12
LEFT,LEFT,True,0.5,strong,2.0,pure_duplication,1,source_group_average,0.6668418635697176,0.010366780282620001,0.6602551256229239,0.6734286015165114,0.0,0.0,0.0,0.0,0.0,0.0,0.0,0.0,1.0,0.0,1.0,1.0,0.0,0.0,0.0,0.0,12
LEFT,LEFT,True,0.5,strong,2.0,pure_duplication,2,exact_deduplication,0.676008870523162,0.015694227497242363,0.6660372341053432,0.6859805069409809,0.010987394742716603,0.02189131428214825,-0.002921682767988697,0.024896472253421904,0.0,0.0,0.0,0.0,1.0,0.0,1.0,1.0,0.0,0.0,0.0,0.0,12
LEFT,LEFT,True,0.5,strong,2.0,pure_duplication,2,explicit_belief_mixing,0.5834209317848588,0.0051833901413099875,0.5801275628114619,0.5867143007582556,0.0,0.0,0.0,0.0,0.0,0.0,0.0,0.0,1.0,0.0,1.0,1.0,0.0,0.0,0.0,0.0,12
LEFT,LEFT,True,0.5,strong,2.0,pure_duplication,2,ordinary_flat_aggregation,0.9407888667208303,0.010934491345646216,0.9338414223734275,0.9477363110682331,0.140581200972261,0.004240216540212047,0.1378870959148923,0.14327530602962973,0.0,0.0,0.0,0.0,1.0,0.0,1.0,1.0,0.0,0.0,0.0,0.0,12
LEFT,LEFT,True,0.5,strong,2.0,pure_duplication,2,provenance_preserving,0.8002076657485694,0.01509259235263997,0.7906182900644637,0.8097970414326751,0.0,0.0,0.0,0.0,0.0,0.0,0.0,0.0,1.0,0.0,1.0,1.0,0.0,0.0,0.0,0.0,12
LEFT,LEFT,True,0.5,strong,2.0,pure_duplication,2,semantic_group_deduplication,0.676008870523162,0.015694227497242363,0.6660372341053432,0.6859805069409809,0.010987394742716603,0.02189131428214825,-0.002921682767988697,0.024896472253421904,0.0,0.0,0.0,0.0,1.0,0.0,1.0,1.0,0.0,0.0,0.0,0.0,12
LEFT,LEFT,True,0.5,strong,2.0,pure_duplication,2,single_trajectory_score_average,0.6668418635697176,0.010366780282620006,0.6602551256229239,0.6734286015165114,-9.25185853854297e-18,3.204937810639273e-17,-2.961506188514317e-17,1.1111344808057227e-17,0.0,0.0,0.0,0.0,1.0,0.0,1.0,1.0,0.0,0.0,0.0,0.0,12
LEFT,LEFT,True,0.5,strong,2.0,pure_duplication,2,source_group_average,0.6668418635697176,0.010366780282620001,0.6602551256229239,0.6734286015165114,0.0,0.0,0.0,0.0,0.0,0.0,0.0,0.0,1.0,0.0,1.0,1.0,0.0,0.0,0.0,0.0,12
LEFT,LEFT,True,0.5,strong,2.0,pure_duplication,4,exact_deduplication,0.6621974045151129,0.016238762025106816,0.6518797873645841,0.6725150216656417,-0.0028240712653327484,0.006993383101302407,-0.007267454899790637,0.001619312369125141,0.0,0.0,0.0,0.0,1.0,0.0,1.0,1.0,0.0,0.0,0.0,0.0,12
LEFT,LEFT,True,0.5,strong,2.0,pure_duplication,4,explicit_belief_mixing,0.5834209317848588,0.0051833901413099875,0.5801275628114619,0.5867143007582556,0.0,0.0,0.0,0.0,0.0,0.0,0.0,0.0,1.0,0.0,1.0,1.0,0.0,0.0,0.0,0.0,12
LEFT,LEFT,True,0.5,strong,2.0,pure_duplication,4,ordinary_flat_aggregation,0.99589828997623,0.0017405569695338192,0.9947923928387161,0.9970041871137438,0.1956906242276605,0.013386396629516687,0.18718531358668056,0.20419593486864046,0.0,0.0,0.0,0.0,1.0,0.0,1.0,1.0,0.0,0.0,0.0,0.0,12
LEFT,LEFT,True,0.5,strong,2.0,pure_duplication,4,provenance_preserving,0.8002076657485694,0.01509259235263997,0.7906182900644637,0.8097970414326751,0.0,0.0,0.0,0.0,0.0,0.0,0.0,0.0,1.0,0.0,1.0,1.0,0.0,0.0,0.0,0.0,12
LEFT,LEFT,True,0.5,strong,2.0,pure_duplication,4,semantic_group_deduplication,0.6621974045151129,0.016238762025106816,0.6518797873645841,0.6725150216656417,-0.0028240712653327484,0.006993383101302407,-0.007267454899790637,0.001619312369125141,0.0,0.0,0.0,0.0,1.0,0.0,1.0,1.0,0.0,0.0,0.0,0.0,12
LEFT,LEFT,True,0.5,strong,2.0,pure_duplication,4,single_trajectory_score_average,0.6668418635697176,0.010366780282620001,0.6602551256229239,0.6734286015165114,0.0,0.0,0.0,0.0,0.0,0.0,0.0,0.0,1.0,0.0,1.0,1.0,0.0,0.0,0.0,0.0,12
LEFT,LEFT,True,0.5,strong,2.0,pure_duplication,4,source_group_average,0.6668418635697176,0.010366780282620001,0.6602551256229239,0.6734286015165114,0.0,0.0,0.0,0.0,0.0,0.0,0.0,0.0,1.0,0.0,1.0,1.0,0.0,0.0,0.0,0.0,12
LEFT,LEFT,True,0.5,strong,2.0,pure_duplication,8,exact_deduplication,0.6677722107791716,0.02218607843318262,0.6536758490619873,0.6818685724963559,0.002750734998725977,0.025258842109310526,-0.013297967614600647,0.018799437612052602,0.0,0.0,0.0,0.0,1.0,0.0,1.0,1.0,0.0,0.0,0.0,0.0,12
LEFT,LEFT,True,0.5,strong,2.0,pure_duplication,8,explicit_belief_mixing,0.5834209317848588,0.0051833901413099875,0.5801275628114619,0.5867143007582556,0.0,0.0,0.0,0.0,0.0,0.0,0.0,0.0,1.0,0.0,1.0,1.0,0.0,0.0,0.0,0.0,12
LEFT,LEFT,True,0.5,strong,2.0,pure_duplication,8,ordinary_flat_aggregation,0.9999801766688133,1.9519845197704346e-05,0.9999677743508734,0.9999925789867533,0.19977251092024406,0.015074497291791597,0.19019463228929187,0.20935038955119625,0.0,0.0,0.0,0.0,1.0,0.0,1.0,1.0,0.0,0.0,0.0,0.0,12
LEFT,LEFT,True,0.5,strong,2.0,pure_duplication,8,provenance_preserving,0.8002076657485694,0.01509259235263997,0.7906182900644637,0.8097970414326751,0.0,0.0,0.0,0.0,0.0,0.0,0.0,0.0,1.0,0.0,1.0,1.0,0.0,0.0,0.0,0.0,12
LEFT,LEFT,True,0.5,strong,2.0,pure_duplication,8,semantic_group_deduplication,0.6677722107791716,0.02218607843318262,0.6536758490619873,0.6818685724963559,0.002750734998725977,0.025258842109310526,-0.013297967614600647,0.018799437612052602,0.0,0.0,0.0,0.0,1.0,0.0,1.0,1.0,0.0,0.0,0.0,0.0,12
LEFT,LEFT,True,0.5,strong,2.0,pure_duplication,8,single_trajectory_score_average,0.6668418635697176,0.010366780282620001,0.6602551256229239,0.6734286015165114,0.0,0.0,0.0,0.0,0.0,0.0,0.0,0.0,1.0,0.0,1.0,1.0,0.0,0.0,0.0,0.0,12
LEFT,LEFT,True,0.5,strong,2.0,pure_duplication,8,source_group_average,0.6668418635697176,0.010366780282620001,0.6602551256229239,0.6734286015165114,0.0,0.0,0.0,0.0,0.0,0.0,0.0,0.0,1.0,0.0,1.0,1.0,0.0,0.0,0.0,0.0,12
LEFT,LEFT,True,0.5,strong,2.0,pure_duplication,16,exact_deduplication,0.660854783244231,0.021539137433497408,0.647169468227738,0.6745400982607239,-0.004166692536214545,0.023120324463588776,-0.018856645861627885,0.010523260789198796,0.0,0.0,0.0,0.0,1.0,0.0,1.0,1.0,0.0,0.0,0.0,0.0,12
LEFT,LEFT,True,0.5,strong,2.0,pure_duplication,16,explicit_belief_mixing,0.5834209317848588,0.0051833901413099875,0.5801275628114619,0.5867143007582556,0.0,0.0,0.0,0.0,0.0,0.0,0.0,0.0,1.0,0.0,1.0,1.0,0.0,0.0,0.0,0.0,12
LEFT,LEFT,True,0.5,strong,2.0,pure_duplication,16,ordinary_flat_aggregation,0.9999999992576766,1.6492984386767658e-09,0.9999999982097624,1.0000000003055909,0.19979233350910705,0.015092591009814176,0.1902029586781922,0.2093817083400219,0.0,0.0,0.0,0.0,1.0,0.0,1.0,1.0,0.0,0.0,0.0,0.0,12
LEFT,LEFT,True,0.5,strong,2.0,pure_duplication,16,provenance_preserving,0.8002076657485694,0.01509259235263997,0.7906182900644637,0.8097970414326751,0.0,0.0,0.0,0.0,0.0,0.0,0.0,0.0,1.0,0.0,1.0,1.0,0.0,0.0,0.0,0.0,12
LEFT,LEFT,True,0.5,strong,2.0,pure_duplication,16,semantic_group_deduplication,0.660854783244231,0.021539137433497408,0.647169468227738,0.6745400982607239,-0.004166692536214545,0.023120324463588776,-0.018856645861627885,0.010523260789198796,0.0,0.0,0.0,0.0,1.0,0.0,1.0,1.0,0.0,0.0,0.0,0.0,12
LEFT,LEFT,True,0.5,strong,2.0,pure_duplication,16,single_trajectory_score_average,0.6668418635697176,0.010366780282620001,0.6602551256229239,0.6734286015165114,0.0,0.0,0.0,0.0,0.0,0.0,0.0,0.0,1.0,0.0,1.0,1.0,0.0,0.0,0.0,0.0,12
LEFT,LEFT,True,0.5,strong,2.0,pure_duplication,16,source_group_average,0.6668418635697176,0.010366780282620001,0.6602551256229239,0.6734286015165114,0.0,0.0,0.0,0.0,0.0,0.0,0.0,0.0,1.0,0.0,1.0,1.0,0.0,0.0,0.0,0.0,12
LEFT,LEFT,True,0.5,weak,1.2,independent_rollout,1,exact_deduplication,0.9969207349803274,0.001395820126671379,0.9960338731828744,0.9978075967777804,0.0,0.0,0.0,0.0,0.0,0.0,0.0,0.0,1.0,0.0,1.0,1.0,0.0,0.0,0.0,0.0,12
LEFT,LEFT,True,0.5,weak,1.2,independent_rollout,1,explicit_belief_mixing,0.5228976851120388,0.0019080680401484358,0.5216853565179641,0.5241100137061135,0.0,0.0,0.0,0.0,0.0,0.0,0.0,0.0,1.0,0.0,1.0,1.0,0.0,0.0,0.0,0.0,12
LEFT,LEFT,True,0.5,weak,1.2,independent_rollout,1,ordinary_flat_aggregation,0.9969207349803274,0.001395820126671379,0.9960338731828744,0.9978075967777804,0.0,0.0,0.0,0.0,0.0,0.0,0.0,0.0,1.0,0.0,1.0,1.0,0.0,0.0,0.0,0.0,12
LEFT,LEFT,True,0.5,weak,1.2,independent_rollout,1,provenance_preserving,0.9969207349803274,0.001395820126671379,0.9960338731828744,0.9978075967777804,0.0,0.0,0.0,0.0,0.0,0.0,0.0,0.0,1.0,0.0,1.0,1.0,0.0,0.0,0.0,0.0,12
LEFT,LEFT,True,0.5,weak,1.2,independent_rollout,1,semantic_group_deduplication,0.5898170513845953,0.019527342133803985,0.5774099701186418,0.6022241326505487,0.0,0.0,0.0,0.0,0.0,0.0,0.0,0.0,1.0,0.0,1.0,1.0,0.0,0.0,0.0,0.0,12
LEFT,LEFT,True,0.5,weak,1.2,independent_rollout,1,single_trajectory_score_average,0.5457953702240775,0.0038161360802968685,0.5433707130359281,0.548220027412227,0.0,0.0,0.0,0.0,0.0,0.0,0.0,0.0,1.0,0.0,1.0,1.0,0.0,0.0,0.0,0.0,12
LEFT,LEFT,True,0.5,weak,1.2,independent_rollout,1,source_group_average,0.5457953702240775,0.0038161360802968685,0.5433707130359281,0.548220027412227,0.0,0.0,0.0,0.0,0.0,0.0,0.0,0.0,1.0,0.0,1.0,1.0,0.0,0.0,0.0,0.0,12
LEFT,LEFT,True,0.5,weak,1.2,independent_rollout,2,exact_deduplication,0.9969207349803274,0.001395820126671379,0.9960338731828744,0.9978075967777804,0.0,0.0,0.0,0.0,0.0,0.0,0.0,0.0,1.0,0.0,1.0,1.0,0.0,0.0,0.0,0.0,12
LEFT,LEFT,True,0.5,weak,1.2,independent_rollout,2,explicit_belief_mixing,0.5228976851120388,0.0019080680401484492,0.5216853565179641,0.5241100137061135,1.850371707708594e-17,6.409875621278547e-17,-2.222268961611446e-17,5.923012377028634e-17,0.0,0.0,0.0,0.0,1.0,0.0,1.0,1.0,0.0,0.0,0.0,0.0,12
LEFT,LEFT,True,0.5,weak,1.2,independent_rollout,2,ordinary_flat_aggregation,0.9969207349803274,0.001395820126671379,0.9960338731828744,0.9978075967777804,0.0,0.0,0.0,0.0,0.0,0.0,0.0,0.0,1.0,0.0,1.0,1.0,0.0,0.0,0.0,0.0,12
LEFT,LEFT,True,0.5,weak,1.2,independent_rollout,2,provenance_preserving,0.9969207349803274,0.001395820126671379,0.9960338731828744,0.9978075967777804,0.0,0.0,0.0,0.0,0.0,0.0,0.0,0.0,1.0,0.0,1.0,1.0,0.0,0.0,0.0,0.0,12
LEFT,LEFT,True,0.5,weak,1.2,independent_rollout,2,semantic_group_deduplication,0.5827472883429052,0.030152600787623055,0.5635892398082676,0.6019053368775429,-0.00706976304169014,0.026739133340980204,-0.024058997832041015,0.009919471748660733,0.0,0.0,0.0,0.0,1.0,0.0,1.0,1.0,0.0,0.0,0.0,0.0,12
LEFT,LEFT,True,0.5,weak,1.2,independent_rollout,2,single_trajectory_score_average,0.5457953702240778,0.003816136080296875,0.5433707130359283,0.5482200274122272,2.7755575615628914e-17,6.900941601584843e-17,-1.6090915461230733e-17,7.160206669248857e-17,0.0,0.0,0.0,0.0,1.0,0.0,1.0,1.0,0.0,0.0,0.0,0.0,12
LEFT,LEFT,True,0.5,weak,1.2,independent_rollout,2,source_group_average,0.5457953702240778,0.003816136080296875,0.5433707130359283,0.5482200274122272,2.7755575615628914e-17,6.900941601584843e-17,-1.6090915461230733e-17,7.160206669248857e-17,0.0,0.0,0.0,0.0,1.0,0.0,1.0,1.0,0.0,0.0,0.0,0.0,12
LEFT,LEFT,True,0.5,weak,1.2,independent_rollout,4,exact_deduplication,0.9969207349803274,0.001395820126671379,0.9960338731828744,0.9978075967777804,0.0,0.0,0.0,0.0,0.0,0.0,0.0,0.0,1.0,0.0,1.0,1.0,0.0,0.0,0.0,0.0,12
LEFT,LEFT,True,0.5,weak,1.2,independent_rollout,4,explicit_belief_mixing,0.5228976851120388,0.0019080680401484381,0.5216853565179641,0.5241100137061135,9.25185853854297e-18,5.716856438735954e-17,-2.7071314341395202e-17,4.557503141848114e-17,0.0,0.0,0.0,0.0,1.0,0.0,1.0,1.0,0.0,0.0,0.0,0.0,12
LEFT,LEFT,True,0.5,weak,1.2,independent_rollout,4,ordinary_flat_aggregation,0.9969207349803274,0.001395820126671379,0.9960338731828744,0.9978075967777804,0.0,0.0,0.0,0.0,0.0,0.0,0.0,0.0,1.0,0.0,1.0,1.0,0.0,0.0,0.0,0.0,12
LEFT,LEFT,True,0.5,weak,1.2,independent_rollout,4,provenance_preserving,0.9969207349803274,0.001395820126671379,0.9960338731828744,0.9978075967777804,0.0,0.0,0.0,0.0,0.0,0.0,0.0,0.0,1.0,0.0,1.0,1.0,0.0,0.0,0.0,0.0,12
LEFT,LEFT,True,0.5,weak,1.2,independent_rollout,4,semantic_group_deduplication,0.5870498746754316,0.022629734707626758,0.5726716272098714,0.6014281221409917,-0.0027671767091638397,0.022007047486750326,-0.016749787589890933,0.011215434171563253,0.0,0.0,0.0,0.0,1.0,0.0,1.0,1.0,0.0,0.0,0.0,0.0,12
LEFT,LEFT,True,0.5,weak,1.2,independent_rollout,4,single_trajectory_score_average,0.5457953702240778,0.003816136080296871,0.5433707130359283,0.5482200274122272,1.850371707708594e-17,7.968520982673792e-17,-3.212584977540495e-17,6.913328392957683e-17,0.0,0.0,0.0,0.0,1.0,0.0,1.0,1.0,0.0,0.0,0.0,0.0,12
LEFT,LEFT,True,0.5,weak,1.2,independent_rollout,4,source_group_average,0.5457953702240778,0.003816136080296871,0.5433707130359283,0.5482200274122272,1.850371707708594e-17,7.968520982673792e-17,-3.212584977540495e-17,6.913328392957683e-17,0.0,0.0,0.0,0.0,1.0,0.0,1.0,1.0,0.0,0.0,0.0,0.0,12
LEFT,LEFT,True,0.5,weak,1.2,independent_rollout,8,exact_deduplication,0.9969207349803274,0.001395820126671379,0.9960338731828744,0.9978075967777804,0.0,0.0,0.0,0.0,0.0,0.0,0.0,0.0,1.0,0.0,1.0,1.0,0.0,0.0,0.0,0.0,12
LEFT,LEFT,True,0.5,weak,1.2,independent_rollout,8,explicit_belief_mixing,0.5228976851120389,0.0019080680401484384,0.5216853565179642,0.5241100137061137,2.7755575615628914e-17,6.900941601584843e-17,-1.6090915461230733e-17,7.160206669248857e-17,0.0,0.0,0.0,0.0,1.0,0.0,1.0,1.0,0.0,0.0,0.0,0.0,12
LEFT,LEFT,True,0.5,weak,1.2,independent_rollout,8,ordinary_flat_aggregation,0.9969207349803274,0.001395820126671379,0.9960338731828744,0.9978075967777804,0.0,0.0,0.0,0.0,0.0,0.0,0.0,0.0,1.0,0.0,1.0,1.0,0.0,0.0,0.0,0.0,12
LEFT,LEFT,True,0.5,weak,1.2,independent_rollout,8,provenance_preserving,0.9969207349803274,0.001395820126671379,0.9960338731828744,0.9978075967777804,0.0,0.0,0.0,0.0,0.0,0.0,0.0,0.0,1.0,0.0,1.0,1.0,0.0,0.0,0.0,0.0,12
LEFT,LEFT,True,0.5,weak,1.2,independent_rollout,8,semantic_group_deduplication,0.5992101279077019,0.017295493028421628,0.5882210959100044,0.6101991599053994,0.009393076523106447,0.026542923507995596,-0.0074714924870098,0.026257645533222695,0.0,0.0,0.0,0.0,1.0,0.0,1.0,1.0,0.0,0.0,0.0,0.0,12
LEFT,LEFT,True,0.5,weak,1.2,independent_rollout,8,single_trajectory_score_average,0.5457953702240778,0.003816136080296889,0.5433707130359283,0.5482200274122272,2.7755575615628914e-17,8.368620923398064e-17,-2.541610497925185e-17,8.092725621050968e-17,0.0,0.0,0.0,0.0,1.0,0.0,1.0,1.0,0.0,0.0,0.0,0.0,12
LEFT,LEFT,True,0.5,weak,1.2,independent_rollout,8,source_group_average,0.5457953702240778,0.003816136080296889,0.5433707130359283,0.5482200274122272,2.7755575615628914e-17,8.368620923398064e-17,-2.541610497925185e-17,8.092725621050968e-17,0.0,0.0,0.0,0.0,1.0,0.0,1.0,1.0,0.0,0.0,0.0,0.0,12
LEFT,LEFT,True,0.5,weak,1.2,independent_rollout,16,exact_deduplication,0.9969207349803274,0.001395820126671379,0.9960338731828744,0.9978075967777804,0.0,0.0,0.0,0.0,0.0,0.0,0.0,0.0,1.0,0.0,1.0,1.0,0.0,0.0,0.0,0.0,12
LEFT,LEFT,True,0.5,weak,1.2,independent_rollout,16,explicit_belief_mixing,0.5228976851120388,0.0019080680401484258,0.5216853565179641,0.5241100137061135,1.850371707708594e-17,4.321537262272485e-17,-8.95402071409183e-18,4.596145486826371e-17,0.0,0.0,0.0,0.0,1.0,0.0,1.0,1.0,0.0,0.0,0.0,0.0,12
LEFT,LEFT,True,0.5,weak,1.2,independent_rollout,16,ordinary_flat_aggregation,0.9969207349803274,0.001395820126671379,0.9960338731828744,0.9978075967777804,0.0,0.0,0.0,0.0,0.0,0.0,0.0,0.0,1.0,0.0,1.0,1.0,0.0,0.0,0.0,0.0,12
LEFT,LEFT,True,0.5,weak,1.2,independent_rollout,16,provenance_preserving,0.9969207349803274,0.001395820126671379,0.9960338731828744,0.9978075967777804,0.0,0.0,0.0,0.0,0.0,0.0,0.0,0.0,1.0,0.0,1.0,1.0,0.0,0.0,0.0,0.0,12
LEFT,LEFT,True,0.5,weak,1.2,independent_rollout,16,semantic_group_deduplication,0.595388587597975,0.020567627614366705,0.5823205404715017,0.6084566347244482,0.005571536213379524,0.029900244348370502,-0.013426172689354365,0.024569245116113414,0.0,0.0,0.0,0.0,1.0,0.0,1.0,1.0,0.0,0.0,0.0,0.0,12
LEFT,LEFT,True,0.5,weak,1.2,independent_rollout,16,single_trajectory_score_average,0.5457953702240778,0.0038161360802968516,0.5433707130359283,0.5482200274122272,3.700743415417188e-17,7.231314961041786e-17,-8.938149103693081e-18,8.295301741203685e-17,0.0,0.0,0.0,0.0,1.0,0.0,1.0,1.0,0.0,0.0,0.0,0.0,12
LEFT,LEFT,True,0.5,weak,1.2,independent_rollout,16,source_group_average,0.5457953702240778,0.0038161360802968516,0.5433707130359283,0.5482200274122272,3.700743415417188e-17,7.231314961041786e-17,-8.938149103693081e-18,8.295301741203685e-17,0.0,0.0,0.0,0.0,1.0,0.0,1.0,1.0,0.0,0.0,0.0,0.0,12
LEFT,LEFT,True,0.5,weak,1.2,pure_duplication,1,exact_deduplication,0.5413007153366971,0.024700219628453708,0.5256069445143683,0.5569944861590259,0.0,0.0,0.0,0.0,0.0,0.0,0.0,0.0,1.0,0.0,1.0,1.0,0.0,0.0,0.0,0.0,12
LEFT,LEFT,True,0.5,weak,1.2,pure_duplication,1,explicit_belief_mixing,0.5247903906099167,0.006635054679737334,0.5205746779926304,0.5290061032272031,0.0,0.0,0.0,0.0,0.0,0.0,0.0,0.0,1.0,0.0,1.0,1.0,0.0,0.0,0.0,0.0,12
LEFT,LEFT,True,0.5,weak,1.2,pure_duplication,1,ordinary_flat_aggregation,0.5981367838928562,0.025722009127447907,0.5817937989960338,0.6144797687896786,0.0,0.0,0.0,0.0,0.0,0.0,0.0,0.0,1.0,0.0,1.0,1.0,0.0,0.0,0.0,0.0,12
LEFT,LEFT,True,0.5,weak,1.2,pure_duplication,1,provenance_preserving,0.5981367838928562,0.025722009127447907,0.5817937989960338,0.6144797687896786,0.0,0.0,0.0,0.0,0.0,0.0,0.0,0.0,1.0,0.0,1.0,1.0,0.0,0.0,0.0,0.0,12
LEFT,LEFT,True,0.5,weak,1.2,pure_duplication,1,semantic_group_deduplication,0.5413007153366971,0.024700219628453708,0.5256069445143683,0.5569944861590259,0.0,0.0,0.0,0.0,0.0,0.0,0.0,0.0,1.0,0.0,1.0,1.0,0.0,0.0,0.0,0.0,12
LEFT,LEFT,True,0.5,weak,1.2,pure_duplication,1,single_trajectory_score_average,0.5495807812198333,0.013270109359474692,0.5411493559852605,0.5580122064544062,0.0,0.0,0.0,0.0,0.0,0.0,0.0,0.0,1.0,0.0,1.0,1.0,0.0,0.0,0.0,0.0,12
LEFT,LEFT,True,0.5,weak,1.2,pure_duplication,1,source_group_average,0.5495807812198333,0.013270109359474692,0.5411493559852605,0.5580122064544062,0.0,0.0,0.0,0.0,0.0,0.0,0.0,0.0,1.0,0.0,1.0,1.0,0.0,0.0,0.0,0.0,12
LEFT,LEFT,True,0.5,weak,1.2,pure_duplication,2,exact_deduplication,0.5486496535571043,0.020729185630267447,0.5354789573645824,0.5618203497496261,0.007348938220407025,0.01937993282586892,-0.004964483639654111,0.019662360080468164,0.0,0.0,0.0,0.0,1.0,0.0,1.0,1.0,0.0,0.0,0.0,0.0,12
LEFT,LEFT,True,0.5,weak,1.2,pure_duplication,2,explicit_belief_mixing,0.5247903906099167,0.006635054679737334,0.5205746779926304,0.5290061032272031,0.0,0.0,0.0,0.0,0.0,0.0,0.0,0.0,1.0,0.0,1.0,1.0,0.0,0.0,0.0,0.0,12
LEFT,LEFT,True,0.5,weak,1.2,pure_duplication,2,ordinary_flat_aggregation,0.6877471875800767,0.04563054284230811,0.658754923841632,0.7167394513185213,0.08961040368722044,0.01995661040571046,0.07693057837356479,0.10229022900087609,0.0,0.0,0.0,0.0,1.0,0.0,1.0,1.0,0.0,0.0,0.0,0.0,12
LEFT,LEFT,True,0.5,weak,1.2,pure_duplication,2,provenance_preserving,0.5981367838928562,0.025722009127447907,0.5817937989960338,0.6144797687896786,0.0,0.0,0.0,0.0,0.0,0.0,0.0,0.0,1.0,0.0,1.0,1.0,0.0,0.0,0.0,0.0,12
LEFT,LEFT,True,0.5,weak,1.2,pure_duplication,2,semantic_group_deduplication,0.5486496535571043,0.020729185630267447,0.5354789573645824,0.5618203497496261,0.007348938220407025,0.01937993282586892,-0.004964483639654111,0.019662360080468164,0.0,0.0,0.0,0.0,1.0,0.0,1.0,1.0,0.0,0.0,0.0,0.0,12
LEFT,LEFT,True,0.5,weak,1.2,pure_duplication,2,single_trajectory_score_average,0.5495807812198333,0.013270109359474692,0.5411493559852605,0.5580122064544062,-9.25185853854297e-18,3.204937810639273e-17,-2.961506188514317e-17,1.1111344808057227e-17,0.0,0.0,0.0,0.0,1.0,0.0,1.0,1.0,0.0,0.0,0.0,0.0,12
LEFT,LEFT,True,0.5,weak,1.2,pure_duplication,2,source_group_average,0.5495807812198333,0.013270109359474692,0.5411493559852605,0.5580122064544062,0.0,0.0,0.0,0.0,0.0,0.0,0.0,0.0,1.0,0.0,1.0,1.0,0.0,0.0,0.0,0.0,12
LEFT,LEFT,True,0.5,weak,1.2,pure_duplication,4,exact_deduplication,0.5444866529396828,0.02241177874518365,0.530246888085832,0.5587264177935336,0.003185937602985661,0.028627881846233,-0.015003350734593898,0.02137522594056522,0.0,0.0,0.0,0.0,1.0,0.0,1.0,1.0,0.0,0.0,0.0,0.0,12
LEFT,LEFT,True,0.5,weak,1.2,pure_duplication,4,explicit_belief_mixing,0.5247903906099167,0.006635054679737334,0.5205746779926304,0.5290061032272031,0.0,0.0,0.0,0.0,0.0,0.0,0.0,0.0,1.0,0.0,1.0,1.0,0.0,0.0,0.0,0.0,12
LEFT,LEFT,True,0.5,weak,1.2,pure_duplication,4,ordinary_flat_aggregation,0.8237213743808631,0.061425526261845435,0.7846934569657544,0.8627492917959718,0.2255845904880068,0.03636976045860623,0.2024763471571319,0.24869283381888171,0.0,0.0,0.0,0.0,1.0,0.0,1.0,1.0,0.0,0.0,0.0,0.0,12
LEFT,LEFT,True,0.5,weak,1.2,pure_duplication,4,provenance_preserving,0.5981367838928562,0.025722009127447907,0.5817937989960338,0.6144797687896786,0.0,0.0,0.0,0.0,0.0,0.0,0.0,0.0,1.0,0.0,1.0,1.0,0.0,0.0,0.0,0.0,12
LEFT,LEFT,True,0.5,weak,1.2,pure_duplication,4,semantic_group_deduplication,0.5444866529396828,0.02241177874518365,0.530246888085832,0.5587264177935336,0.003185937602985661,0.028627881846233,-0.015003350734593898,0.02137522594056522,0.0,0.0,0.0,0.0,1.0,0.0,1.0,1.0,0.0,0.0,0.0,0.0,12
LEFT,LEFT,True,0.5,weak,1.2,pure_duplication,4,single_trajectory_score_average,0.5495807812198333,0.013270109359474692,0.5411493559852605,0.5580122064544062,0.0,0.0,0.0,0.0,0.0,0.0,0.0,0.0,1.0,0.0,1.0,1.0,0.0,0.0,0.0,0.0,12
LEFT,LEFT,True,0.5,weak,1.2,pure_duplication,4,source_group_average,0.5495807812198333,0.013270109359474692,0.5411493559852605,0.5580122064544062,0.0,0.0,0.0,0.0,0.0,0.0,0.0,0.0,1.0,0.0,1.0,1.0,0.0,0.0,0.0,0.0,12
LEFT,LEFT,True,0.5,weak,1.2,pure_duplication,8,exact_deduplication,0.5477941409086751,0.019773901004583982,0.5352304036100856,0.5603578782072646,0.006493425571977907,0.029527049547098012,-0.012267166666558062,0.025254017810513875,0.0,0.0,0.0,0.0,1.0,0.0,1.0,1.0,0.0,0.0,0.0,0.0,12
LEFT,LEFT,True,0.5,weak,1.2,pure_duplication,8,explicit_belief_mixing,0.5247903906099167,0.006635054679737334,0.5205746779926304,0.5290061032272031,0.0,0.0,0.0,0.0,0.0,0.0,0.0,0.0,1.0,0.0,1.0,1.0,0.0,0.0,0.0,0.0,12
LEFT,LEFT,True,0.5,weak,1.2,pure_duplication,8,ordinary_flat_aggregation,0.9478458193104341,0.04590934312018784,0.9186764143266053,0.9770152242942629,0.3497090354175778,0.025788939848017348,0.33332352476975435,0.36609454606540126,0.0,0.0,0.0,0.0,1.0,0.0,1.0,1.0,0.0,0.0,0.0,0.0,12
LEFT,LEFT,True,0.5,weak,1.2,pure_duplication,8,provenance_preserving,0.5981367838928562,0.025722009127447907,0.5817937989960338,0.6144797687896786,0.0,0.0,0.0,0.0,0.0,0.0,0.0,0.0,1.0,0.0,1.0,1.0,0.0,0.0,0.0,0.0,12
LEFT,LEFT,True,0.5,weak,1.2,pure_duplication,8,semantic_group_deduplication,0.5477941409086751,0.019773901004583982,0.5352304036100856,0.5603578782072646,0.006493425571977907,0.029527049547098012,-0.012267166666558062,0.025254017810513875,0.0,0.0,0.0,0.0,1.0,0.0,1.0,1.0,0.0,0.0,0.0,0.0,12
LEFT,LEFT,True,0.5,weak,1.2,pure_duplication,8,single_trajectory_score_average,0.5495807812198333,0.013270109359474692,0.5411493559852605,0.5580122064544062,0.0,0.0,0.0,0.0,0.0,0.0,0.0,0.0,1.0,0.0,1.0,1.0,0.0,0.0,0.0,0.0,12
LEFT,LEFT,True,0.5,weak,1.2,pure_duplication,8,source_group_average,0.5495807812198333,0.013270109359474692,0.5411493559852605,0.5580122064544062,0.0,0.0,0.0,0.0,0.0,0.0,0.0,0.0,1.0,0.0,1.0,1.0,0.0,0.0,0.0,0.0,12
LEFT,LEFT,True,0.5,weak,1.2,pure_duplication,16,exact_deduplication,0.5416618825615958,0.02164936239549934,0.5279065339454596,0.5554172311777319,0.0003611672248985398,0.014438191035847148,-0.008812421699167707,0.009534756148964787,0.0,0.0,0.0,0.0,1.0,0.0,1.0,1.0,0.0,0.0,0.0,0.0,12
LEFT,LEFT,True,0.5,weak,1.2,pure_duplication,16,explicit_belief_mixing,0.5247903906099167,0.006635054679737334,0.5205746779926304,0.5290061032272031,-9.25185853854297e-18,3.204937810639273e-17,-2.961506188514317e-17,1.1111344808057227e-17,0.0,0.0,0.0,0.0,1.0,0.0,1.0,1.0,0.0,0.0,0.0,0.0,12
LEFT,LEFT,True,0.5,weak,1.2,pure_duplication,16,ordinary_flat_aggregation,0.9939274938595125,0.013360238149557705,0.9854388035237651,1.00241618419526,0.3957907099666562,0.018565876021152585,0.38399451512407706,0.4075869048092354,0.0,0.0,0.0,0.0,1.0,0.0,1.0,1.0,0.0,0.0,0.0,0.0,12
LEFT,LEFT,True,0.5,weak,1.2,pure_duplication,16,provenance_preserving,0.5981367838928562,0.025722009127447907,0.5817937989960338,0.6144797687896786,0.0,0.0,0.0,0.0,0.0,0.0,0.0,0.0,1.0,0.0,1.0,1.0,0.0,0.0,0.0,0.0,12
LEFT,LEFT,True,0.5,weak,1.2,pure_duplication,16,semantic_group_deduplication,0.5416618825615958,0.02164936239549934,0.5279065339454596,0.5554172311777319,0.0003611672248985398,0.014438191035847148,-0.008812421699167707,0.009534756148964787,0.0,0.0,0.0,0.0,1.0,0.0,1.0,1.0,0.0,0.0,0.0,0.0,12
LEFT,LEFT,True,0.5,weak,1.2,pure_duplication,16,single_trajectory_score_average,0.5495807812198333,0.013270109359474693,0.5411493559852605,0.5580122064544062,-9.25185853854297e-18,3.204937810639273e-17,-2.961506188514317e-17,1.1111344808057227e-17,0.0,0.0,0.0,0.0,1.0,0.0,1.0,1.0,0.0,0.0,0.0,0.0,12
LEFT,LEFT,True,0.5,weak,1.2,pure_duplication,16,source_group_average,0.5495807812198333,0.013270109359474692,0.5411493559852605,0.5580122064544062,0.0,0.0,0.0,0.0,0.0,0.0,0.0,0.0,1.0,0.0,1.0,1.0,0.0,0.0,0.0,0.0,12
LEFT,LEFT,True,0.8,medium,1.5,independent_rollout,1,exact_deduplication,0.9999993690783288,2.2538316108139847e-07,0.9999992258767002,0.9999995122799573,0.0,0.0,0.0,0.0,0.0,0.0,0.0,0.0,1.0,0.0,1.0,1.0,0.0,0.0,0.0,0.0,12
LEFT,LEFT,True,0.8,medium,1.5,independent_rollout,1,explicit_belief_mixing,0.828428584113312,0.000757594229558191,0.8279472317045541,0.8289099365220699,0.0,0.0,0.0,0.0,0.0,0.0,0.0,0.0,1.0,0.0,1.0,1.0,0.0,0.0,0.0,0.0,12
LEFT,LEFT,True,0.8,medium,1.5,independent_rollout,1,ordinary_flat_aggregation,0.9999993690783288,2.2538316108139847e-07,0.9999992258767002,0.9999995122799573,0.0,0.0,0.0,0.0,0.0,0.0,0.0,0.0,1.0,0.0,1.0,1.0,0.0,0.0,0.0,0.0,12
LEFT,LEFT,True,0.8,medium,1.5,independent_rollout,1,provenance_preserving,0.9999993690783288,2.2538316108139847e-07,0.9999992258767002,0.9999995122799573,0.0,0.0,0.0,0.0,0.0,0.0,0.0,0.0,1.0,0.0,1.0,1.0,0.0,0.0,0.0,0.0,12
LEFT,LEFT,True,0.8,medium,1.5,independent_rollout,1,semantic_group_deduplication,0.898980317126436,0.012398697197471028,0.8911025607647716,0.9068580734881004,0.0,0.0,0.0,0.0,0.0,0.0,0.0,0.0,1.0,0.0,1.0,1.0,0.0,0.0,0.0,0.0,12
LEFT,LEFT,True,0.8,medium,1.5,independent_rollout,1,single_trajectory_score_average,0.856857168226624,0.00151518845911639,0.8558944634091082,0.8578198730441399,0.0,0.0,0.0,0.0,0.0,0.0,0.0,0.0,1.0,0.0,1.0,1.0,0.0,0.0,0.0,0.0,12
LEFT,LEFT,True,0.8,medium,1.5,independent_rollout,1,source_group_average,0.856857168226624,0.00151518845911639,0.8558944634091082,0.8578198730441399,0.0,0.0,0.0,0.0,0.0,0.0,0.0,0.0,1.0,0.0,1.0,1.0,0.0,0.0,0.0,0.0,12
LEFT,LEFT,True,0.8,medium,1.5,independent_rollout,2,exact_deduplication,0.9999993690783288,2.2538316108139847e-07,0.9999992258767002,0.9999995122799573,0.0,0.0,0.0,0.0,0.0,0.0,0.0,0.0,1.0,0.0,1.0,1.0,0.0,0.0,0.0,0.0,12
LEFT,LEFT,True,0.8,medium,1.5,independent_rollout,2,explicit_belief_mixing,0.828428584113312,0.0007575942295581945,0.8279472317045541,0.8289099365220699,0.0,4.734006883291518e-17,-3.007844473258028e-17,3.007844473258028e-17,0.0,0.0,0.0,0.0,1.0,0.0,1.0,1.0,0.0,0.0,0.0,0.0,12
LEFT,LEFT,True,0.8,medium,1.5,independent_rollout,2,ordinary_flat_aggregation,0.9999993690783288,2.2538316108139847e-07,0.9999992258767002,0.9999995122799573,0.0,0.0,0.0,0.0,0.0,0.0,0.0,0.0,1.0,0.0,1.0,1.0,0.0,0.0,0.0,0.0,12
LEFT,LEFT,True,0.8,medium,1.5,independent_rollout,2,provenance_preserving,0.9999993690783288,2.2538316108139847e-07,0.9999992258767002,0.9999995122799573,0.0,0.0,0.0,0.0,0.0,0.0,0.0,0.0,1.0,0.0,1.0,1.0,0.0,0.0,0.0,0.0,12
LEFT,LEFT,True,0.8,medium,1.5,independent_rollout,2,semantic_group_deduplication,0.9000021256159756,0.013173666446260071,0.8916319772850172,0.908372273946934,0.0010218084895396624,0.015201139221241286,-0.008636534584529936,0.010680151563609262,0.0,0.0,0.0,0.0,1.0,0.0,1.0,1.0,0.0,0.0,0.0,0.0,12
LEFT,LEFT,True,0.8,medium,1.5,independent_rollout,2,single_trajectory_score_average,0.856857168226624,0.0015151884591164046,0.8558944634091082,0.8578198730441399,-9.25185853854297e-18,5.716856438735954e-17,-4.557503141848114e-17,2.7071314341395202e-17,0.0,0.0,0.0,0.0,1.0,0.0,1.0,1.0,0.0,0.0,0.0,0.0,12
LEFT,LEFT,True,0.8,medium,1.5,independent_rollout,2,source_group_average,0.856857168226624,0.0015151884591164046,0.8558944634091082,0.8578198730441399,-9.25185853854297e-18,5.716856438735954e-17,-4.557503141848114e-17,2.7071314341395202e-17,0.0,0.0,0.0,0.0,1.0,0.0,1.0,1.0,0.0,0.0,0.0,0.0,12
LEFT,LEFT,True,0.8,medium,1.5,independent_rollout,4,exact_deduplication,0.9999993690783288,2.2538316108139847e-07,0.9999992258767002,0.9999995122799573,0.0,0.0,0.0,0.0,0.0,0.0,0.0,0.0,1.0,0.0,1.0,1.0,0.0,0.0,0.0,0.0,12
LEFT,LEFT,True,0.8,medium,1.5,independent_rollout,4,explicit_belief_mixing,0.828428584113312,0.000757594229558191,0.8279472317045541,0.8289099365220699,0.0,0.0,0.0,0.0,0.0,0.0,0.0,0.0,1.0,0.0,1.0,1.0,0.0,0.0,0.0,0.0,12
LEFT,LEFT,True,0.8,medium,1.5,independent_rollout,4,ordinary_flat_aggregation,0.9999993690783288,2.2538316108139847e-07,0.9999992258767002,0.9999995122799573,0.0,0.0,0.0,0.0,0.0,0.0,0.0,0.0,1.0,0.0,1.0,1.0,0.0,0.0,0.0,0.0,12
LEFT,LEFT,True,0.8,medium,1.5,independent_rollout,4,provenance_preserving,0.9999993690783288,2.2538316108139847e-07,0.9999992258767002,0.9999995122799573,0.0,0.0,0.0,0.0,0.0,0.0,0.0,0.0,1.0,0.0,1.0,1.0,0.0,0.0,0.0,0.0,12
LEFT,LEFT,True,0.8,medium,1.5,independent_rollout,4,semantic_group_deduplication,0.9043060149613235,0.0070864208522068125,0.8998035179601634,0.9088085119624835,0.005325697834887483,0.01270979362996251,-0.0027497197698187533,0.013401115439593719,0.0,0.0,0.0,0.0,1.0,0.0,1.0,1.0,0.0,0.0,0.0,0.0,12
LEFT,LEFT,True,0.8,medium,1.5,independent_rollout,4,single_trajectory_score_average,0.856857168226624,0.0015151884591163955,0.8558944634091082,0.8578198730441399,-9.25185853854297e-18,3.204937810639273e-17,-2.961506188514317e-17,1.1111344808057227e-17,0.0,0.0,0.0,0.0,1.0,0.0,1.0,1.0,0.0,0.0,0.0,0.0,12
LEFT,LEFT,True,0.8,medium,1.5,independent_rollout,4,source_group_average,0.856857168226624,0.0015151884591163955,0.8558944634091082,0.8578198730441399,-9.25185853854297e-18,3.204937810639273e-17,-2.961506188514317e-17,1.1111344808057227e-17,0.0,0.0,0.0,0.0,1.0,0.0,1.0,1.0,0.0,0.0,0.0,0.0,12
LEFT,LEFT,True,0.8,medium,1.5,independent_rollout,8,exact_deduplication,0.9999993690783288,2.2538316108139847e-07,0.9999992258767002,0.9999995122799573,0.0,0.0,0.0,0.0,0.0,0.0,0.0,0.0,1.0,0.0,1.0,1.0,0.0,0.0,0.0,0.0,12
LEFT,LEFT,True,0.8,medium,1.5,independent_rollout,8,explicit_belief_mixing,0.828428584113312,0.0007575942295581908,0.8279472317045541,0.8289099365220699,-9.25185853854297e-18,3.204937810639273e-17,-2.961506188514317e-17,1.1111344808057227e-17,0.0,0.0,0.0,0.0,1.0,0.0,1.0,1.0,0.0,0.0,0.0,0.0,12
LEFT,LEFT,True,0.8,medium,1.5,independent_rollout,8,ordinary_flat_aggregation,0.9999993690783288,2.2538316108139847e-07,0.9999992258767002,0.9999995122799573,0.0,0.0,0.0,0.0,0.0,0.0,0.0,0.0,1.0,0.0,1.0,1.0,0.0,0.0,0.0,0.0,12
LEFT,LEFT,True,0.8,medium,1.5,independent_rollout,8,provenance_preserving,0.9999993690783288,2.2538316108139847e-07,0.9999992258767002,0.9999995122799573,0.0,0.0,0.0,0.0,0.0,0.0,0.0,0.0,1.0,0.0,1.0,1.0,0.0,0.0,0.0,0.0,12
LEFT,LEFT,True,0.8,medium,1.5,independent_rollout,8,semantic_group_deduplication,0.9022570628755352,0.006931593881187202,0.8978529382385423,0.9066611875125281,0.003276745749099391,0.012540686681484219,-0.0046912264266267545,0.011244717924825537,0.0,0.0,0.0,0.0,1.0,0.0,1.0,1.0,0.0,0.0,0.0,0.0,12
LEFT,LEFT,True,0.8,medium,1.5,independent_rollout,8,single_trajectory_score_average,0.856857168226624,0.001515188459116401,0.8558944634091082,0.8578198730441399,0.0,4.734006883291518e-17,-3.007844473258028e-17,3.007844473258028e-17,0.0,0.0,0.0,0.0,1.0,0.0,1.0,1.0,0.0,0.0,0.0,0.0,12
LEFT,LEFT,True,0.8,medium,1.5,independent_rollout,8,source_group_average,0.856857168226624,0.001515188459116401,0.8558944634091082,0.8578198730441399,0.0,4.734006883291518e-17,-3.007844473258028e-17,3.007844473258028e-17,0.0,0.0,0.0,0.0,1.0,0.0,1.0,1.0,0.0,0.0,0.0,0.0,12
LEFT,LEFT,True,0.8,medium,1.5,independent_rollout,16,exact_deduplication,0.9999993690783288,2.2538316108139847e-07,0.9999992258767002,0.9999995122799573,0.0,0.0,0.0,0.0,0.0,0.0,0.0,0.0,1.0,0.0,1.0,1.0,0.0,0.0,0.0,0.0,12
LEFT,LEFT,True,0.8,medium,1.5,independent_rollout,16,explicit_belief_mixing,0.828428584113312,0.0007575942295581908,0.8279472317045541,0.8289099365220699,-9.25185853854297e-18,3.204937810639273e-17,-2.961506188514317e-17,1.1111344808057227e-17,0.0,0.0,0.0,0.0,1.0,0.0,1.0,1.0,0.0,0.0,0.0,0.0,12
LEFT,LEFT,True,0.8,medium,1.5,independent_rollout,16,ordinary_flat_aggregation,0.9999993690783288,2.2538316108139847e-07,0.9999992258767002,0.9999995122799573,0.0,0.0,0.0,0.0,0.0,0.0,0.0,0.0,1.0,0.0,1.0,1.0,0.0,0.0,0.0,0.0,12
LEFT,LEFT,True,0.8,medium,1.5,independent_rollout,16,provenance_preserving,0.9999993690783288,2.2538316108139847e-07,0.9999992258767002,0.9999995122799573,0.0,0.0,0.0,0.0,0.0,0.0,0.0,0.0,1.0,0.0,1.0,1.0,0.0,0.0,0.0,0.0,12
LEFT,LEFT,True,0.8,medium,1.5,independent_rollout,16,semantic_group_deduplication,0.8973512469801334,0.006187362115418645,0.8934199846474584,0.9012825093128083,-0.0016290701463024804,0.013928630362666299,-0.010478899664773821,0.00722075937216886,0.0,0.0,0.0,0.0,1.0,0.0,1.0,1.0,0.0,0.0,0.0,0.0,12
LEFT,LEFT,True,0.8,medium,1.5,independent_rollout,16,single_trajectory_score_average,0.856857168226624,0.001515188459116401,0.8558944634091082,0.8578198730441399,-1.850371707708594e-17,4.321537262272485e-17,-4.596145486826371e-17,8.95402071409183e-18,0.0,0.0,0.0,0.0,1.0,0.0,1.0,1.0,0.0,0.0,0.0,0.0,12
LEFT,LEFT,True,0.8,medium,1.5,independent_rollout,16,source_group_average,0.856857168226624,0.001515188459116401,0.8558944634091082,0.8578198730441399,-1.850371707708594e-17,4.321537262272485e-17,-4.596145486826371e-17,8.95402071409183e-18,0.0,0.0,0.0,0.0,1.0,0.0,1.0,1.0,0.0,0.0,0.0,0.0,12
LEFT,LEFT,True,0.8,medium,1.5,pure_duplication,1,exact_deduplication,0.8579728877423795,0.007284961791166502,0.8533442438469103,0.8626015316378486,0.0,0.0,0.0,0.0,0.0,0.0,0.0,0.0,1.0,0.0,1.0,1.0,0.0,0.0,0.0,0.0,12
LEFT,LEFT,True,0.8,medium,1.5,pure_duplication,1,explicit_belief_mixing,0.8284280301725344,0.0029812599619906035,0.8265338279626331,0.8303222323824357,0.0,0.0,0.0,0.0,0.0,0.0,0.0,0.0,1.0,0.0,1.0,1.0,0.0,0.0,0.0,0.0,12
LEFT,LEFT,True,0.8,medium,1.5,pure_duplication,1,ordinary_flat_aggregation,0.8996225087160584,0.008764600563990515,0.8940537471961378,0.905191270235979,0.0,0.0,0.0,0.0,0.0,0.0,0.0,0.0,1.0,0.0,1.0,1.0,0.0,0.0,0.0,0.0,12
LEFT,LEFT,True,0.8,medium,1.5,pure_duplication,1,provenance_preserving,0.8996225087160584,0.008764600563990515,0.8940537471961378,0.905191270235979,0.0,0.0,0.0,0.0,0.0,0.0,0.0,0.0,1.0,0.0,1.0,1.0,0.0,0.0,0.0,0.0,12
LEFT,LEFT,True,0.8,medium,1.5,pure_duplication,1,semantic_group_deduplication,0.8579728877423795,0.007284961791166502,0.8533442438469103,0.8626015316378486,0.0,0.0,0.0,0.0,0.0,0.0,0.0,0.0,1.0,0.0,1.0,1.0,0.0,0.0,0.0,0.0,12
LEFT,LEFT,True,0.8,medium,1.5,pure_duplication,1,single_trajectory_score_average,0.8568560603450689,0.005962519923981251,0.8530676559252662,0.8606444647648716,0.0,0.0,0.0,0.0,0.0,0.0,0.0,0.0,1.0,0.0,1.0,1.0,0.0,0.0,0.0,0.0,12
LEFT,LEFT,True,0.8,medium,1.5,pure_duplication,1,source_group_average,0.8568560603450689,0.005962519923981251,0.8530676559252662,0.8606444647648716,0.0,0.0,0.0,0.0,0.0,0.0,0.0,0.0,1.0,0.0,1.0,1.0,0.0,0.0,0.0,0.0,12
LEFT,LEFT,True,0.8,medium,1.5,pure_duplication,2,exact_deduplication,0.8565345475799924,0.00776086606127307,0.8516035285372263,0.8614655666227584,-0.001438340162387151,0.009497574429084228,-0.007472811057793876,0.004596130733019573,0.0,0.0,0.0,0.0,1.0,0.0,1.0,1.0,0.0,0.0,0.0,0.0,12
LEFT,LEFT,True,0.8,medium,1.5,pure_duplication,2,explicit_belief_mixing,0.8284280301725344,0.0029812599619906035,0.8265338279626331,0.8303222323824357,0.0,0.0,0.0,0.0,0.0,0.0,0.0,0.0,1.0,0.0,1.0,1.0,0.0,0.0,0.0,0.0,12
LEFT,LEFT,True,0.8,medium,1.5,pure_duplication,2,ordinary_flat_aggregation,0.9521698432838589,0.008992413407988542,0.9464563363884774,0.9578833501792404,0.052547334567800606,0.0004486222644592461,0.05226229357990157,0.05283237555569964,0.0,0.0,0.0,0.0,1.0,0.0,1.0,1.0,0.0,0.0,0.0,0.0,12
LEFT,LEFT,True,0.8,medium,1.5,pure_duplication,2,provenance_preserving,0.8996225087160584,0.008764600563990515,0.8940537471961378,0.905191270235979,0.0,0.0,0.0,0.0,0.0,0.0,0.0,0.0,1.0,0.0,1.0,1.0,0.0,0.0,0.0,0.0,12
LEFT,LEFT,True,0.8,medium,1.5,pure_duplication,2,semantic_group_deduplication,0.8565345475799924,0.00776086606127307,0.8516035285372263,0.8614655666227584,-0.001438340162387151,0.009497574429084228,-0.007472811057793876,0.004596130733019573,0.0,0.0,0.0,0.0,1.0,0.0,1.0,1.0,0.0,0.0,0.0,0.0,12
LEFT,LEFT,True,0.8,medium,1.5,pure_duplication,2,single_trajectory_score_average,0.8568560603450687,0.0059625199239812295,0.853067655925266,0.8606444647648713,-1.850371707708594e-17,4.321537262272485e-17,-4.596145486826371e-17,8.95402071409183e-18,0.0,0.0,0.0,0.0,1.0,0.0,1.0,1.0,0.0,0.0,0.0,0.0,12
LEFT,LEFT,True,0.8,medium,1.5,pure_duplication,2,source_group_average,0.8568560603450689,0.005962519923981251,0.8530676559252662,0.8606444647648716,0.0,0.0,0.0,0.0,0.0,0.0,0.0,0.0,1.0,0.0,1.0,1.0,0.0,0.0,0.0,0.0,12
LEFT,LEFT,True,0.8,medium,1.5,pure_duplication,4,exact_deduplication,0.8553864279275318,0.011910154479789511,0.8478190767996484,0.8629537790554153,-0.0025864598148476747,0.012028985652568217,-0.010229312667824692,0.005056393038129344,0.0,0.0,0.0,0.0,1.0,0.0,1.0,1.0,0.0,0.0,0.0,0.0,12
LEFT,LEFT,True,0.8,medium,1.5,pure_duplication,4,explicit_belief_mixing,0.8284280301725344,0.0029812599619906035,0.8265338279626331,0.8303222323824357,0.0,0.0,0.0,0.0,0.0,0.0,0.0,0.0,1.0,0.0,1.0,1.0,0.0,0.0,0.0,0.0,12
LEFT,LEFT,True,0.8,medium,1.5,pure_duplication,4,ordinary_flat_aggregation,0.9896320764113989,0.004181304206616916,0.9869754024650065,0.9922887503577914,0.09000956769534062,0.00465343762009592,0.08705291448964764,0.0929662209010336,0.0,0.0,0.0,0.0,1.0,0.0,1.0,1.0,0.0,0.0,0.0,0.0,12
LEFT,LEFT,True,0.8,medium,1.5,pure_duplication,4,provenance_preserving,0.8996225087160584,0.008764600563990515,0.8940537471961378,0.905191270235979,0.0,0.0,0.0,0.0,0.0,0.0,0.0,0.0,1.0,0.0,1.0,1.0,0.0,0.0,0.0,0.0,12
LEFT,LEFT,True,0.8,medium,1.5,pure_duplication,4,semantic_group_deduplication,0.8553864279275318,0.011910154479789511,0.8478190767996484,0.8629537790554153,-0.0025864598148476747,0.012028985652568217,-0.010229312667824692,0.005056393038129344,0.0,0.0,0.0,0.0,1.0,0.0,1.0,1.0,0.0,0.0,0.0,0.0,12
LEFT,LEFT,True,0.8,medium,1.5,pure_duplication,4,single_trajectory_score_average,0.8568560603450689,0.005962519923981251,0.8530676559252662,0.8606444647648716,0.0,0.0,0.0,0.0,0.0,0.0,0.0,0.0,1.0,0.0,1.0,1.0,0.0,0.0,0.0,0.0,12
LEFT,LEFT,True,0.8,medium,1.5,pure_duplication,4,source_group_average,0.8568560603450689,0.005962519923981251,0.8530676559252662,0.8606444647648716,0.0,0.0,0.0,0.0,0.0,0.0,0.0,0.0,1.0,0.0,1.0,1.0,0.0,0.0,0.0,0.0,12
LEFT,LEFT,True,0.8,medium,1.5,pure_duplication,8,exact_deduplication,0.8564313486783988,0.011524063106742193,0.8491093083054894,0.8637533890513082,-0.0015415390639806996,0.014689913158136848,-0.010875064594180356,0.007791986466218957,0.0,0.0,0.0,0.0,1.0,0.0,1.0,1.0,0.0,0.0,0.0,0.0,12
LEFT,LEFT,True,0.8,medium,1.5,pure_duplication,8,explicit_belief_mixing,0.8284280301725344,0.0029812599619906035,0.8265338279626331,0.8303222323824357,0.0,0.0,0.0,0.0,0.0,0.0,0.0,0.0,1.0,0.0,1.0,1.0,0.0,0.0,0.0,0.0,12
LEFT,LEFT,True,0.8,medium,1.5,pure_duplication,8,ordinary_flat_aggregation,0.9994926757010664,0.0004281508072554054,0.9992206416565301,0.9997647097456026,0.0998701669850081,0.00835569159618126,0.09456121382811115,0.10517912014190504,0.0,0.0,0.0,0.0,1.0,0.0,1.0,1.0,0.0,0.0,0.0,0.0,12
LEFT,LEFT,True,0.8,medium,1.5,pure_duplication,8,provenance_preserving,0.8996225087160584,0.008764600563990515,0.8940537471961378,0.905191270235979,0.0,0.0,0.0,0.0,0.0,0.0,0.0,0.0,1.0,0.0,1.0,1.0,0.0,0.0,0.0,0.0,12
LEFT,LEFT,True,0.8,medium,1.5,pure_duplication,8,semantic_group_deduplication,0.8564313486783988,0.011524063106742193,0.8491093083054894,0.8637533890513082,-0.0015415390639806996,0.014689913158136848,-0.010875064594180356,0.007791986466218957,0.0,0.0,0.0,0.0,1.0,0.0,1.0,1.0,0.0,0.0,0.0,0.0,12
LEFT,LEFT,True,0.8,medium,1.5,pure_duplication,8,single_trajectory_score_average,0.8568560603450689,0.005962519923981251,0.8530676559252662,0.8606444647648716,0.0,0.0,0.0,0.0,0.0,0.0,0.0,0.0,1.0,0.0,1.0,1.0,0.0,0.0,0.0,0.0,12
LEFT,LEFT,True,0.8,medium,1.5,pure_duplication,8,source_group_average,0.8568560603450689,0.005962519923981251,0.8530676559252662,0.8606444647648716,0.0,0.0,0.0,0.0,0.0,0.0,0.0,0.0,1.0,0.0,1.0,1.0,0.0,0.0,0.0,0.0,12
LEFT,LEFT,True,0.8,medium,1.5,pure_duplication,16,exact_deduplication,0.8594118601735184,0.007343711506512676,0.8547458884897791,0.8640778318572578,0.0014389724311390055,0.00577870828886643,-0.0022326436475330344,0.005110588509811045,0.0,0.0,0.0,0.0,1.0,0.0,1.0,1.0,0.0,0.0,0.0,0.0,12
LEFT,LEFT,True,0.8,medium,1.5,pure_duplication,16,explicit_belief_mixing,0.8284280301725344,0.0029812599619906035,0.8265338279626331,0.8303222323824357,0.0,0.0,0.0,0.0,0.0,0.0,0.0,0.0,1.0,0.0,1.0,1.0,0.0,0.0,0.0,0.0,12
LEFT,LEFT,True,0.8,medium,1.5,pure_duplication,16,ordinary_flat_aggregation,0.9999982944993976,2.7934289133758107e-06,0.9999965196393423,1.0000000693594528,0.10037578578333935,0.008762199481300342,0.09480854983857685,0.10594302172810184,0.0,0.0,0.0,0.0,1.0,0.0,1.0,1.0,0.0,0.0,0.0,0.0,12
LEFT,LEFT,True,0.8,medium,1.5,pure_duplication,16,provenance_preserving,0.8996225087160584,0.008764600563990515,0.8940537471961378,0.905191270235979,0.0,0.0,0.0,0.0,0.0,0.0,0.0,0.0,1.0,0.0,1.0,1.0,0.0,0.0,0.0,0.0,12
LEFT,LEFT,True,0.8,medium,1.5,pure_duplication,16,semantic_group_deduplication,0.8594118601735184,0.007343711506512676,0.8547458884897791,0.8640778318572578,0.0014389724311390055,0.00577870828886643,-0.0022326436475330344,0.005110588509811045,0.0,0.0,0.0,0.0,1.0,0.0,1.0,1.0,0.0,0.0,0.0,0.0,12
LEFT,LEFT,True,0.8,medium,1.5,pure_duplication,16,single_trajectory_score_average,0.8568560603450687,0.005962519923981209,0.853067655925266,0.8606444647648713,-2.7755575615628914e-17,6.900941601584843e-17,-7.160206669248857e-17,1.6090915461230733e-17,0.0,0.0,0.0,0.0,1.0,0.0,1.0,1.0,0.0,0.0,0.0,0.0,12
LEFT,LEFT,True,0.8,medium,1.5,pure_duplication,16,source_group_average,0.8568560603450689,0.005962519923981251,0.8530676559252662,0.8606444647648716,0.0,0.0,0.0,0.0,0.0,0.0,0.0,0.0,1.0,0.0,1.0,1.0,0.0,0.0,0.0,0.0,12
LEFT,LEFT,True,0.8,strong,2.0,independent_rollout,1,exact_deduplication,0.999999999945918,1.2213971881729307e-11,0.9999999999381577,0.9999999999536784,0.0,0.0,0.0,0.0,0.0,0.0,0.0,0.0,1.0,0.0,1.0,1.0,0.0,0.0,0.0,0.0,12
LEFT,LEFT,True,0.8,strong,2.0,independent_rollout,1,explicit_belief_mixing,0.8445079307850477,0.0003690107892096101,0.844273472515286,0.8447423890548095,0.0,0.0,0.0,0.0,0.0,0.0,0.0,0.0,1.0,0.0,1.0,1.0,0.0,0.0,0.0,0.0,12
LEFT,LEFT,True,0.8,strong,2.0,independent_rollout,1,ordinary_flat_aggregation,0.999999999945918,1.2213971881729307e-11,0.9999999999381577,0.9999999999536784,0.0,0.0,0.0,0.0,0.0,0.0,0.0,0.0,1.0,0.0,1.0,1.0,0.0,0.0,0.0,0.0,12
LEFT,LEFT,True,0.8,strong,2.0,independent_rollout,1,provenance_preserving,0.999999999945918,1.2213971881729307e-11,0.9999999999381577,0.9999999999536784,0.0,0.0,0.0,0.0,0.0,0.0,0.0,0.0,1.0,0.0,1.0,1.0,0.0,0.0,0.0,0.0,12
LEFT,LEFT,True,0.8,strong,2.0,independent_rollout,1,semantic_group_deduplication,0.9402710516379073,0.00525159217077081,0.9369343491623766,0.9436077541134379,0.0,0.0,0.0,0.0,0.0,0.0,0.0,0.0,1.0,0.0,1.0,1.0,0.0,0.0,0.0,0.0,12
LEFT,LEFT,True,0.8,strong,2.0,independent_rollout,1,single_trajectory_score_average,0.8890158615700953,0.0007380215784192071,0.8885469450305717,0.8894847781096188,0.0,0.0,0.0,0.0,0.0,0.0,0.0,0.0,1.0,0.0,1.0,1.0,0.0,0.0,0.0,0.0,12
LEFT,LEFT,True,0.8,strong,2.0,independent_rollout,1,source_group_average,0.8890158615700953,0.0007380215784192071,0.8885469450305717,0.8894847781096188,0.0,0.0,0.0,0.0,0.0,0.0,0.0,0.0,1.0,0.0,1.0,1.0,0.0,0.0,0.0,0.0,12
LEFT,LEFT,True,0.8,strong,2.0,independent_rollout,2,exact_deduplication,0.999999999945918,1.2213971881729307e-11,0.9999999999381577,0.9999999999536784,0.0,0.0,0.0,0.0,0.0,0.0,0.0,0.0,1.0,0.0,1.0,1.0,0.0,0.0,0.0,0.0,12
LEFT,LEFT,True,0.8,strong,2.0,independent_rollout,2,explicit_belief_mixing,0.8445079307850477,0.0003690107892096101,0.844273472515286,0.8447423890548095,0.0,0.0,0.0,0.0,0.0,0.0,0.0,0.0,1.0,0.0,1.0,1.0,0.0,0.0,0.0,0.0,12
LEFT,LEFT,True,0.8,strong,2.0,independent_rollout,2,ordinary_flat_aggregation,0.999999999945918,1.2213971881729307e-11,0.9999999999381577,0.9999999999536784,0.0,0.0,0.0,0.0,0.0,0.0,0.0,0.0,1.0,0.0,1.0,1.0,0.0,0.0,0.0,0.0,12
LEFT,LEFT,True,0.8,strong,2.0,independent_rollout,2,provenance_preserving,0.999999999945918,1.2213971881729307e-11,0.9999999999381577,0.9999999999536784,0.0,0.0,0.0,0.0,0.0,0.0,0.0,0.0,1.0,0.0,1.0,1.0,0.0,0.0,0.0,0.0,12
LEFT,LEFT,True,0.8,strong,2.0,independent_rollout,2,semantic_group_deduplication,0.9394890607278265,0.0047199737938557074,0.9364901324542155,0.9424879890014374,-0.0007819909100807246,0.008088918992763273,-0.005921444841355599,0.004357463021194149,0.0,0.0,0.0,0.0,1.0,0.0,1.0,1.0,0.0,0.0,0.0,0.0,12
LEFT,LEFT,True,0.8,strong,2.0,independent_rollout,2,single_trajectory_score_average,0.8890158615700953,0.0007380215784192104,0.8885469450305717,0.8894847781096188,-9.25185853854297e-18,5.716856438735954e-17,-4.557503141848114e-17,2.7071314341395202e-17,0.0,0.0,0.0,0.0,1.0,0.0,1.0,1.0,0.0,0.0,0.0,0.0,12
LEFT,LEFT,True,0.8,strong,2.0,independent_rollout,2,source_group_average,0.8890158615700953,0.0007380215784192104,0.8885469450305717,0.8894847781096188,-9.25185853854297e-18,5.716856438735954e-17,-4.557503141848114e-17,2.7071314341395202e-17,0.0,0.0,0.0,0.0,1.0,0.0,1.0,1.0,0.0,0.0,0.0,0.0,12
LEFT,LEFT,True,0.8,strong,2.0,independent_rollout,4,exact_deduplication,0.999999999945918,1.2213971881729307e-11,0.9999999999381577,0.9999999999536784,0.0,0.0,0.0,0.0,0.0,0.0,0.0,0.0,1.0,0.0,1.0,1.0,0.0,0.0,0.0,0.0,12
LEFT,LEFT,True,0.8,strong,2.0,independent_rollout,4,explicit_belief_mixing,0.8445079307850477,0.0003690107892096101,0.844273472515286,0.8447423890548095,0.0,0.0,0.0,0.0,0.0,0.0,0.0,0.0,1.0,0.0,1.0,1.0,0.0,0.0,0.0,0.0,12
LEFT,LEFT,True,0.8,strong,2.0,independent_rollout,4,ordinary_flat_aggregation,0.999999999945918,1.2213971881729307e-11,0.9999999999381577,0.9999999999536784,0.0,0.0,0.0,0.0,0.0,0.0,0.0,0.0,1.0,0.0,1.0,1.0,0.0,0.0,0.0,0.0,12
LEFT,LEFT,True,0.8,strong,2.0,independent_rollout,4,provenance_preserving,0.999999999945918,1.2213971881729307e-11,0.9999999999381577,0.9999999999536784,0.0,0.0,0.0,0.0,0.0,0.0,0.0,0.0,1.0,0.0,1.0,1.0,0.0,0.0,0.0,0.0,12
LEFT,LEFT,True,0.8,strong,2.0,independent_rollout,4,semantic_group_deduplication,0.9416112504872561,0.0038555486411606344,0.9391615517526338,0.9440609492218784,0.001340198849348902,0.006313017507561101,-0.0026709011105430494,0.005351298809240853,0.0,0.0,0.0,0.0,1.0,0.0,1.0,1.0,0.0,0.0,0.0,0.0,12
LEFT,LEFT,True,0.8,strong,2.0,independent_rollout,4,single_trajectory_score_average,0.8890158615700953,0.0007380215784192159,0.8885469450305717,0.8894847781096188,-1.850371707708594e-17,4.3215372622724845e-17,-4.596145486826371e-17,8.954020714091827e-18,0.0,0.0,0.0,0.0,1.0,0.0,1.0,1.0,0.0,0.0,0.0,0.0,12
LEFT,LEFT,True,0.8,strong,2.0,independent_rollout,4,source_group_average,0.8890158615700953,0.0007380215784192159,0.8885469450305717,0.8894847781096188,-1.850371707708594e-17,4.3215372622724845e-17,-4.596145486826371e-17,8.954020714091827e-18,0.0,0.0,0.0,0.0,1.0,0.0,1.0,1.0,0.0,0.0,0.0,0.0,12
LEFT,LEFT,True,0.8,strong,2.0,independent_rollout,8,exact_deduplication,0.999999999945918,1.2213971881729307e-11,0.9999999999381577,0.9999999999536784,0.0,0.0,0.0,0.0,0.0,0.0,0.0,0.0,1.0,0.0,1.0,1.0,0.0,0.0,0.0,0.0,12
LEFT,LEFT,True,0.8,strong,2.0,independent_rollout,8,explicit_belief_mixing,0.8445079307850477,0.00036901078920960556,0.844273472515286,0.8447423890548095,-9.25185853854297e-18,3.204937810639273e-17,-2.961506188514317e-17,1.1111344808057227e-17,0.0,0.0,0.0,0.0,1.0,0.0,1.0,1.0,0.0,0.0,0.0,0.0,12
LEFT,LEFT,True,0.8,strong,2.0,independent_rollout,8,ordinary_flat_aggregation,0.999999999945918,1.2213971881729307e-11,0.9999999999381577,0.9999999999536784,0.0,0.0,0.0,0.0,0.0,0.0,0.0,0.0,1.0,0.0,1.0,1.0,0.0,0.0,0.0,0.0,12
LEFT,LEFT,True,0.8,strong,2.0,independent_rollout,8,provenance_preserving,0.999999999945918,1.2213971881729307e-11,0.9999999999381577,0.9999999999536784,0.0,0.0,0.0,0.0,0.0,0.0,0.0,0.0,1.0,0.0,1.0,1.0,0.0,0.0,0.0,0.0,12
LEFT,LEFT,True,0.8,strong,2.0,independent_rollout,8,semantic_group_deduplication,0.9423784395504723,0.004857665753842871,0.9392920259792964,0.9454648531216482,0.0021073879125651416,0.007628016725043426,-0.0027392226889785902,0.006953998514108873,0.0,0.0,0.0,0.0,1.0,0.0,1.0,1.0,0.0,0.0,0.0,0.0,12
LEFT,LEFT,True,0.8,strong,2.0,independent_rollout,8,single_trajectory_score_average,0.8890158615700953,0.0007380215784192246,0.8885469450305717,0.8894847781096188,-2.7755575615628914e-17,6.900941601584843e-17,-7.160206669248857e-17,1.6090915461230733e-17,0.0,0.0,0.0,0.0,1.0,0.0,1.0,1.0,0.0,0.0,0.0,0.0,12
LEFT,LEFT,True,0.8,strong,2.0,independent_rollout,8,source_group_average,0.8890158615700953,0.0007380215784192246,0.8885469450305717,0.8894847781096188,-2.7755575615628914e-17,6.900941601584843e-17,-7.160206669248857e-17,1.6090915461230733e-17,0.0,0.0,0.0,0.0,1.0,0.0,1.0,1.0,0.0,0.0,0.0,0.0,12
LEFT,LEFT,True,0.8,strong,2.0,independent_rollout,16,exact_deduplication,0.999999999945918,1.2213971881729307e-11,0.9999999999381577,0.9999999999536784,0.0,0.0,0.0,0.0,0.0,0.0,0.0,0.0,1.0,0.0,1.0,1.0,0.0,0.0,0.0,0.0,12
LEFT,LEFT,True,0.8,strong,2.0,independent_rollout,16,explicit_belief_mixing,0.8445079307850477,0.0003690107892096101,0.844273472515286,0.8447423890548095,0.0,0.0,0.0,0.0,0.0,0.0,0.0,0.0,1.0,0.0,1.0,1.0,0.0,0.0,0.0,0.0,12
LEFT,LEFT,True,0.8,strong,2.0,independent_rollout,16,ordinary_flat_aggregation,0.999999999945918,1.2213971881729307e-11,0.9999999999381577,0.9999999999536784,0.0,0.0,0.0,0.0,0.0,0.0,0.0,0.0,1.0,0.0,1.0,1.0,0.0,0.0,0.0,0.0,12
LEFT,LEFT,True,0.8,strong,2.0,independent_rollout,16,provenance_preserving,0.999999999945918,1.2213971881729307e-11,0.9999999999381577,0.9999999999536784,0.0,0.0,0.0,0.0,0.0,0.0,0.0,0.0,1.0,0.0,1.0,1.0,0.0,0.0,0.0,0.0,12
LEFT,LEFT,True,0.8,strong,2.0,independent_rollout,16,semantic_group_deduplication,0.9413881214773455,0.006602344179760521,0.9371931921202018,0.9455830508344892,0.0011170698394383043,0.008912752935302458,-0.004545823206320059,0.006779962885196668,0.0,0.0,0.0,0.0,1.0,0.0,1.0,1.0,0.0,0.0,0.0,0.0,12
LEFT,LEFT,True,0.8,strong,2.0,independent_rollout,16,single_trajectory_score_average,0.8890158615700953,0.0007380215784192057,0.8885469450305717,0.8894847781096188,9.25185853854297e-18,5.716856438735954e-17,-2.7071314341395202e-17,4.557503141848114e-17,0.0,0.0,0.0,0.0,1.0,0.0,1.0,1.0,0.0,0.0,0.0,0.0,12
LEFT,LEFT,True,0.8,strong,2.0,independent_rollout,16,source_group_average,0.8890158615700953,0.0007380215784192057,0.8885469450305717,0.8894847781096188,9.25185853854297e-18,5.716856438735954e-17,-2.7071314341395202e-17,4.557503141848114e-17,0.0,0.0,0.0,0.0,1.0,0.0,1.0,1.0,0.0,0.0,0.0,0.0,12
LEFT,LEFT,True,0.8,strong,2.0,pure_duplication,1,exact_deduplication,0.8880313453254689,0.007861929251637095,0.8830361137950407,0.8930265768558971,0.0,0.0,0.0,0.0,0.0,0.0,0.0,0.0,1.0,0.0,1.0,1.0,0.0,0.0,0.0,0.0,12
LEFT,LEFT,True,0.8,strong,2.0,pure_duplication,1,explicit_belief_mixing,0.8444131516839203,0.002334886408012699,0.8429296356369087,0.8458966677309319,0.0,0.0,0.0,0.0,0.0,0.0,0.0,0.0,1.0,0.0,1.0,1.0,0.0,0.0,0.0,0.0,12
LEFT,LEFT,True,0.8,strong,2.0,pure_duplication,1,ordinary_flat_aggregation,0.9411838850485265,0.005279597148402436,0.9378293890591143,0.9445383810379386,0.0,0.0,0.0,0.0,0.0,0.0,0.0,0.0,1.0,0.0,1.0,1.0,0.0,0.0,0.0,0.0,12
LEFT,LEFT,True,0.8,strong,2.0,pure_duplication,1,provenance_preserving,0.9411838850485265,0.005279597148402436,0.9378293890591143,0.9445383810379386,0.0,0.0,0.0,0.0,0.0,0.0,0.0,0.0,1.0,0.0,1.0,1.0,0.0,0.0,0.0,0.0,12
LEFT,LEFT,True,0.8,strong,2.0,pure_duplication,1,semantic_group_deduplication,0.8880313453254689,0.007861929251637095,0.8830361137950407,0.8930265768558971,0.0,0.0,0.0,0.0,0.0,0.0,0.0,0.0,1.0,0.0,1.0,1.0,0.0,0.0,0.0,0.0,12
LEFT,LEFT,True,0.8,strong,2.0,pure_duplication,1,single_trajectory_score_average,0.8888263033678404,0.00466977281602537,0.8858592712738173,0.8917933354618636,0.0,0.0,0.0,0.0,0.0,0.0,0.0,0.0,1.0,0.0,1.0,1.0,0.0,0.0,0.0,0.0,12
LEFT,LEFT,True,0.8,strong,2.0,pure_duplication,1,source_group_average,0.8888263033678404,0.00466977281602537,0.8858592712738173,0.8917933354618636,0.0,0.0,0.0,0.0,0.0,0.0,0.0,0.0,1.0,0.0,1.0,1.0,0.0,0.0,0.0,0.0,12
LEFT,LEFT,True,0.8,strong,2.0,pure_duplication,2,exact_deduplication,0.8929043700227141,0.0068888609642290795,0.8885273965858076,0.8972813434596205,0.00487302469724508,0.00978174744989057,-0.0013420011215391726,0.011088050516029332,0.0,0.0,0.0,0.0,1.0,0.0,1.0,1.0,0.0,0.0,0.0,0.0,12
LEFT,LEFT,True,0.8,strong,2.0,pure_duplication,2,explicit_belief_mixing,0.8444131516839203,0.002334886408012709,0.8429296356369087,0.8458966677309319,9.25185853854297e-18,3.204937810639273e-17,-1.1111344808057227e-17,2.961506188514317e-17,0.0,0.0,0.0,0.0,1.0,0.0,1.0,1.0,0.0,0.0,0.0,0.0,12
LEFT,LEFT,True,0.8,strong,2.0,pure_duplication,2,ordinary_flat_aggregation,0.9844855343376767,0.003021207111741588,0.9825659509197283,0.9864051177556251,0.04330164928915029,0.002270673132377128,0.041858932411001755,0.04474436616729883,0.0,0.0,0.0,0.0,1.0,0.0,1.0,1.0,0.0,0.0,0.0,0.0,12
LEFT,LEFT,True,0.8,strong,2.0,pure_duplication,2,provenance_preserving,0.9411838850485265,0.005279597148402436,0.9378293890591143,0.9445383810379386,0.0,0.0,0.0,0.0,0.0,0.0,0.0,0.0,1.0,0.0,1.0,1.0,0.0,0.0,0.0,0.0,12
LEFT,LEFT,True,0.8,strong,2.0,pure_duplication,2,semantic_group_deduplication,0.8929043700227141,0.0068888609642290795,0.8885273965858076,0.8972813434596205,0.00487302469724508,0.00978174744989057,-0.0013420011215391726,0.011088050516029332,0.0,0.0,0.0,0.0,1.0,0.0,1.0,1.0,0.0,0.0,0.0,0.0,12
LEFT,LEFT,True,0.8,strong,2.0,pure_duplication,2,single_trajectory_score_average,0.8888263033678404,0.004669772816025395,0.8858592712738173,0.8917933354618636,-9.25185853854297e-18,5.716856438735954e-17,-4.557503141848114e-17,2.7071314341395202e-17,0.0,0.0,0.0,0.0,1.0,0.0,1.0,1.0,0.0,0.0,0.0,0.0,12
LEFT,LEFT,True,0.8,strong,2.0,pure_duplication,2,source_group_average,0.8888263033678404,0.00466977281602537,0.8858592712738173,0.8917933354618636,0.0,0.0,0.0,0.0,0.0,0.0,0.0,0.0,1.0,0.0,1.0,1.0,0.0,0.0,0.0,0.0,12
LEFT,LEFT,True,0.8,strong,2.0,pure_duplication,4,exact_deduplication,0.8867834166586048,0.007373629976833059,0.8820984356857325,0.8914683976314771,-0.0012479286668639993,0.003081586271220642,-0.00320587517249185,0.0007100178387638518,0.0,0.0,0.0,0.0,1.0,0.0,1.0,1.0,0.0,0.0,0.0,0.0,12
LEFT,LEFT,True,0.8,strong,2.0,pure_duplication,4,explicit_belief_mixing,0.8444131516839203,0.002334886408012699,0.8429296356369087,0.8458966677309319,0.0,0.0,0.0,0.0,0.0,0.0,0.0,0.0,1.0,0.0,1.0,1.0,0.0,0.0,0.0,0.0,12
LEFT,LEFT,True,0.8,strong,2.0,pure_duplication,4,ordinary_flat_aggregation,0.9989708816868391,0.0004386886021476646,0.998692152246857,0.9992496111268212,0.05778699663831275,0.004848018201694874,0.054706712829328624,0.060867280447296876,0.0,0.0,0.0,0.0,1.0,0.0,1.0,1.0,0.0,0.0,0.0,0.0,12
LEFT,LEFT,True,0.8,strong,2.0,pure_duplication,4,provenance_preserving,0.9411838850485265,0.005279597148402436,0.9378293890591143,0.9445383810379386,0.0,0.0,0.0,0.0,0.0,0.0,0.0,0.0,1.0,0.0,1.0,1.0,0.0,0.0,0.0,0.0,12
LEFT,LEFT,True,0.8,strong,2.0,pure_duplication,4,semantic_group_deduplication,0.8867834166586048,0.007373629976833059,0.8820984356857325,0.8914683976314771,-0.0012479286668639993,0.003081586271220642,-0.00320587517249185,0.0007100178387638518,0.0,0.0,0.0,0.0,1.0,0.0,1.0,1.0,0.0,0.0,0.0,0.0,12
LEFT,LEFT,True,0.8,strong,2.0,pure_duplication,4,single_trajectory_score_average,0.8888263033678404,0.00466977281602537,0.8858592712738173,0.8917933354618636,0.0,0.0,0.0,0.0,0.0,0.0,0.0,0.0,1.0,0.0,1.0,1.0,0.0,0.0,0.0,0.0,12
LEFT,LEFT,True,0.8,strong,2.0,pure_duplication,4,source_group_average,0.8888263033678404,0.00466977281602537,0.8858592712738173,0.8917933354618636,0.0,0.0,0.0,0.0,0.0,0.0,0.0,0.0,1.0,0.0,1.0,1.0,0.0,0.0,0.0,0.0,12
LEFT,LEFT,True,0.8,strong,2.0,pure_duplication,8,exact_deduplication,0.8891768691046718,0.009987208481653973,0.8828312995743773,0.8955224386349662,0.0011455237792026747,0.011192861416953987,-0.00596608107962256,0.008257128638027909,0.0,0.0,0.0,0.0,1.0,0.0,1.0,1.0,0.0,0.0,0.0,0.0,12
LEFT,LEFT,True,0.8,strong,2.0,pure_duplication,8,explicit_belief_mixing,0.8444131516839203,0.002334886408012699,0.8429296356369087,0.8458966677309319,0.0,0.0,0.0,0.0,0.0,0.0,0.0,0.0,1.0,0.0,1.0,1.0,0.0,0.0,0.0,0.0,12
LEFT,LEFT,True,0.8,strong,2.0,pure_duplication,8,ordinary_flat_aggregation,0.9999950440280277,4.880261565942801e-06,0.9999919432577625,0.999998144798293,0.0588111589795014,0.005275044105272946,0.05545955585567879,0.062162762103324005,0.0,0.0,0.0,0.0,1.0,0.0,1.0,1.0,0.0,0.0,0.0,0.0,12
LEFT,LEFT,True,0.8,strong,2.0,pure_duplication,8,provenance_preserving,0.9411838850485265,0.005279597148402436,0.9378293890591143,0.9445383810379386,0.0,0.0,0.0,0.0,0.0,0.0,0.0,0.0,1.0,0.0,1.0,1.0,0.0,0.0,0.0,0.0,12
LEFT,LEFT,True,0.8,strong,2.0,pure_duplication,8,semantic_group_deduplication,0.8891768691046718,0.009987208481653973,0.8828312995743773,0.8955224386349662,0.0011455237792026747,0.011192861416953987,-0.00596608107962256,0.008257128638027909,0.0,0.0,0.0,0.0,1.0,0.0,1.0,1.0,0.0,0.0,0.0,0.0,12
LEFT,LEFT,True,0.8,strong,2.0,pure_duplication,8,single_trajectory_score_average,0.8888263033678404,0.00466977281602537,0.8858592712738173,0.8917933354618636,0.0,0.0,0.0,0.0,0.0,0.0,0.0,0.0,1.0,0.0,1.0,1.0,0.0,0.0,0.0,0.0,12
LEFT,LEFT,True,0.8,strong,2.0,pure_duplication,8,source_group_average,0.8888263033678404,0.00466977281602537,0.8858592712738173,0.8917933354618636,0.0,0.0,0.0,0.0,0.0,0.0,0.0,0.0,1.0,0.0,1.0,1.0,0.0,0.0,0.0,0.0,12
LEFT,LEFT,True,0.8,strong,2.0,pure_duplication,16,exact_deduplication,0.8860984441992438,0.009685189464846342,0.8799447683972264,0.8922521200012612,-0.0019329011262250728,0.010252477022666292,-0.008447014246481123,0.004581211994030976,0.0,0.0,0.0,0.0,1.0,0.0,1.0,1.0,0.0,0.0,0.0,0.0,12
LEFT,LEFT,True,0.8,strong,2.0,pure_duplication,16,explicit_belief_mixing,0.8444131516839203,0.002334886408012699,0.8429296356369087,0.8458966677309319,0.0,0.0,0.0,0.0,0.0,0.0,0.0,0.0,1.0,0.0,1.0,1.0,0.0,0.0,0.0,0.0,12
LEFT,LEFT,True,0.8,strong,2.0,pure_duplication,16,ordinary_flat_aggregation,0.9999999998144191,4.123245931898834e-10,0.9999999995524406,1.0000000000763976,0.05881611476589269,0.005279596808959676,0.05546161899215214,0.06217061053963324,0.0,0.0,0.0,0.0,1.0,0.0,1.0,1.0,0.0,0.0,0.0,0.0,12
LEFT,LEFT,True,0.8,strong,2.0,pure_duplication,16,provenance_preserving,0.9411838850485265,0.005279597148402436,0.9378293890591143,0.9445383810379386,0.0,0.0,0.0,0.0,0.0,0.0,0.0,0.0,1.0,0.0,1.0,1.0,0.0,0.0,0.0,0.0,12
LEFT,LEFT,True,0.8,strong,2.0,pure_duplication,16,semantic_group_deduplication,0.8860984441992438,0.009685189464846342,0.8799447683972264,0.8922521200012612,-0.0019329011262250728,0.010252477022666292,-0.008447014246481123,0.004581211994030976,0.0,0.0,0.0,0.0,1.0,0.0,1.0,1.0,0.0,0.0,0.0,0.0,12
LEFT,LEFT,True,0.8,strong,2.0,pure_duplication,16,single_trajectory_score_average,0.8888263033678404,0.004669772816025385,0.8858592712738173,0.8917933354618636,-1.850371707708594e-17,4.321537262272484e-17,-4.5961454868263707e-17,8.954020714091824e-18,0.0,0.0,0.0,0.0,1.0,0.0,1.0,1.0,0.0,0.0,0.0,0.0,12
LEFT,LEFT,True,0.8,strong,2.0,pure_duplication,16,source_group_average,0.8888263033678404,0.00466977281602537,0.8858592712738173,0.8917933354618636,0.0,0.0,0.0,0.0,0.0,0.0,0.0,0.0,1.0,0.0,1.0,1.0,0.0,0.0,0.0,0.0,12
LEFT,LEFT,True,0.8,weak,1.2,independent_rollout,1,exact_deduplication,0.9992280645519922,0.0003506029031369341,0.9990053020950489,0.9994508270089355,0.0,0.0,0.0,0.0,0.0,0.0,0.0,0.0,1.0,0.0,1.0,1.0,0.0,0.0,0.0,0.0,12
LEFT,LEFT,True,0.8,weak,1.2,independent_rollout,1,explicit_belief_mixing,0.8137966051902307,0.001110979142520371,0.8130907227198166,0.8145024876606447,0.0,0.0,0.0,0.0,0.0,0.0,0.0,0.0,1.0,0.0,1.0,1.0,0.0,0.0,0.0,0.0,12
LEFT,LEFT,True,0.8,weak,1.2,independent_rollout,1,ordinary_flat_aggregation,0.9992280645519922,0.0003506029031369341,0.9990053020950489,0.9994508270089355,0.0,0.0,0.0,0.0,0.0,0.0,0.0,0.0,1.0,0.0,1.0,1.0,0.0,0.0,0.0,0.0,12
LEFT,LEFT,True,0.8,weak,1.2,independent_rollout,1,provenance_preserving,0.9992280645519922,0.0003506029031369341,0.9990053020950489,0.9994508270089355,0.0,0.0,0.0,0.0,0.0,0.0,0.0,0.0,1.0,0.0,1.0,1.0,0.0,0.0,0.0,0.0,12
LEFT,LEFT,True,0.8,weak,1.2,independent_rollout,1,semantic_group_deduplication,0.8516923822538627,0.010202714487327279,0.8452098867401258,0.8581748777675996,0.0,0.0,0.0,0.0,0.0,0.0,0.0,0.0,1.0,0.0,1.0,1.0,0.0,0.0,0.0,0.0,12
LEFT,LEFT,True,0.8,weak,1.2,independent_rollout,1,single_trajectory_score_average,0.8275932103804607,0.0022219582850407566,0.8261814454396327,0.8290049753212888,0.0,0.0,0.0,0.0,0.0,0.0,0.0,0.0,1.0,0.0,1.0,1.0,0.0,0.0,0.0,0.0,12
LEFT,LEFT,True,0.8,weak,1.2,independent_rollout,1,source_group_average,0.8275932103804607,0.0022219582850407566,0.8261814454396327,0.8290049753212888,0.0,0.0,0.0,0.0,0.0,0.0,0.0,0.0,1.0,0.0,1.0,1.0,0.0,0.0,0.0,0.0,12
LEFT,LEFT,True,0.8,weak,1.2,independent_rollout,2,exact_deduplication,0.9992280645519922,0.0003506029031369341,0.9990053020950489,0.9994508270089355,0.0,0.0,0.0,0.0,0.0,0.0,0.0,0.0,1.0,0.0,1.0,1.0,0.0,0.0,0.0,0.0,12
LEFT,LEFT,True,0.8,weak,1.2,independent_rollout,2,explicit_belief_mixing,0.8137966051902307,0.0011109791425203662,0.8130907227198166,0.8145024876606447,0.0,4.734006883291518e-17,-3.007844473258028e-17,3.007844473258028e-17,0.0,0.0,0.0,0.0,1.0,0.0,1.0,1.0,0.0,0.0,0.0,0.0,12
LEFT,LEFT,True,0.8,weak,1.2,independent_rollout,2,ordinary_flat_aggregation,0.9992280645519922,0.0003506029031369341,0.9990053020950489,0.9994508270089355,0.0,0.0,0.0,0.0,0.0,0.0,0.0,0.0,1.0,0.0,1.0,1.0,0.0,0.0,0.0,0.0,12
LEFT,LEFT,True,0.8,weak,1.2,independent_rollout,2,provenance_preserving,0.9992280645519922,0.0003506029031369341,0.9990053020950489,0.9994508270089355,0.0,0.0,0.0,0.0,0.0,0.0,0.0,0.0,1.0,0.0,1.0,1.0,0.0,0.0,0.0,0.0,12
LEFT,LEFT,True,0.8,weak,1.2,independent_rollout,2,semantic_group_deduplication,0.8476920349997265,0.016001028062435724,0.8375254668027279,0.857858603196725,-0.004000347254136107,0.014111968387271922,-0.012966664195976939,0.004965969687704726,0.0,0.0,0.0,0.0,1.0,0.0,1.0,1.0,0.0,0.0,0.0,0.0,12
LEFT,LEFT,True,0.8,weak,1.2,independent_rollout,2,single_trajectory_score_average,0.8275932103804607,0.0022219582850407523,0.8261814454396327,0.8290049753212888,0.0,4.734006883291518e-17,-3.007844473258028e-17,3.007844473258028e-17,0.0,0.0,0.0,0.0,1.0,0.0,1.0,1.0,0.0,0.0,0.0,0.0,12
LEFT,LEFT,True,0.8,weak,1.2,independent_rollout,2,source_group_average,0.8275932103804607,0.0022219582850407523,0.8261814454396327,0.8290049753212888,0.0,4.734006883291518e-17,-3.007844473258028e-17,3.007844473258028e-17,0.0,0.0,0.0,0.0,1.0,0.0,1.0,1.0,0.0,0.0,0.0,0.0,12
LEFT,LEFT,True,0.8,weak,1.2,independent_rollout,4,exact_deduplication,0.9992280645519922,0.0003506029031369341,0.9990053020950489,0.9994508270089355,0.0,0.0,0.0,0.0,0.0,0.0,0.0,0.0,1.0,0.0,1.0,1.0,0.0,0.0,0.0,0.0,12
LEFT,LEFT,True,0.8,weak,1.2,independent_rollout,4,explicit_belief_mixing,0.8137966051902307,0.0011109791425203575,0.8130907227198166,0.8145024876606447,2.7755575615628914e-17,5.021172554038838e-17,-4.147432741299544e-18,5.965858397255737e-17,0.0,0.0,0.0,0.0,1.0,0.0,1.0,1.0,0.0,0.0,0.0,0.0,12
LEFT,LEFT,True,0.8,weak,1.2,independent_rollout,4,ordinary_flat_aggregation,0.9992280645519922,0.0003506029031369341,0.9990053020950489,0.9994508270089355,0.0,0.0,0.0,0.0,0.0,0.0,0.0,0.0,1.0,0.0,1.0,1.0,0.0,0.0,0.0,0.0,12
LEFT,LEFT,True,0.8,weak,1.2,independent_rollout,4,provenance_preserving,0.9992280645519922,0.0003506029031369341,0.9990053020950489,0.9994508270089355,0.0,0.0,0.0,0.0,0.0,0.0,0.0,0.0,1.0,0.0,1.0,1.0,0.0,0.0,0.0,0.0,12
LEFT,LEFT,True,0.8,weak,1.2,independent_rollout,4,semantic_group_deduplication,0.8501735376851928,0.011944532365855083,0.8425843438905887,0.8577627314797969,-0.001518844568669862,0.011748087180393081,-0.00898322304720931,0.005945533909869586,0.0,0.0,0.0,0.0,1.0,0.0,1.0,1.0,0.0,0.0,0.0,0.0,12
LEFT,LEFT,True,0.8,weak,1.2,independent_rollout,4,single_trajectory_score_average,0.8275932103804607,0.002221958285040731,0.8261814454396327,0.8290049753212888,3.700743415417188e-17,7.231314961041786e-17,-8.938149103693081e-18,8.295301741203685e-17,0.0,0.0,0.0,0.0,1.0,0.0,1.0,1.0,0.0,0.0,0.0,0.0,12
LEFT,LEFT,True,0.8,weak,1.2,independent_rollout,4,source_group_average,0.8275932103804607,0.002221958285040731,0.8261814454396327,0.8290049753212888,3.700743415417188e-17,7.231314961041786e-17,-8.938149103693081e-18,8.295301741203685e-17,0.0,0.0,0.0,0.0,1.0,0.0,1.0,1.0,0.0,0.0,0.0,0.0,12
LEFT,LEFT,True,0.8,weak,1.2,independent_rollout,8,exact_deduplication,0.9992280645519922,0.0003506029031369341,0.9990053020950489,0.9994508270089355,0.0,0.0,0.0,0.0,0.0,0.0,0.0,0.0,1.0,0.0,1.0,1.0,0.0,0.0,0.0,0.0,12
LEFT,LEFT,True,0.8,weak,1.2,independent_rollout,8,explicit_belief_mixing,0.8137966051902307,0.0011109791425203493,0.8130907227198166,0.8145024876606447,1.850371707708594e-17,4.321537262272484e-17,-8.954020714091824e-18,4.5961454868263707e-17,0.0,0.0,0.0,0.0,1.0,0.0,1.0,1.0,0.0,0.0,0.0,0.0,12
LEFT,LEFT,True,0.8,weak,1.2,independent_rollout,8,ordinary_flat_aggregation,0.9992280645519922,0.0003506029031369341,0.9990053020950489,0.9994508270089355,0.0,0.0,0.0,0.0,0.0,0.0,0.0,0.0,1.0,0.0,1.0,1.0,0.0,0.0,0.0,0.0,12
LEFT,LEFT,True,0.8,weak,1.2,independent_rollout,8,provenance_preserving,0.9992280645519922,0.0003506029031369341,0.9990053020950489,0.9994508270089355,0.0,0.0,0.0,0.0,0.0,0.0,0.0,0.0,1.0,0.0,1.0,1.0,0.0,0.0,0.0,0.0,12
LEFT,LEFT,True,0.8,weak,1.2,independent_rollout,8,semantic_group_deduplication,0.8565920364999315,0.008678353734370313,0.85107807360118,0.862105999398683,0.004899654246068974,0.013627939618314542,-0.003759125488180373,0.013558433980318321,0.0,0.0,0.0,0.0,1.0,0.0,1.0,1.0,0.0,0.0,0.0,0.0,12
LEFT,LEFT,True,0.8,weak,1.2,independent_rollout,8,single_trajectory_score_average,0.8275932103804607,0.0022219582850407445,0.8261814454396327,0.8290049753212888,2.7755575615628914e-17,5.021172554038838e-17,-4.147432741299544e-18,5.965858397255737e-17,0.0,0.0,0.0,0.0,1.0,0.0,1.0,1.0,0.0,0.0,0.0,0.0,12
LEFT,LEFT,True,0.8,weak,1.2,independent_rollout,8,source_group_average,0.8275932103804607,0.0022219582850407445,0.8261814454396327,0.8290049753212888,2.7755575615628914e-17,5.021172554038838e-17,-4.147432741299544e-18,5.965858397255737e-17,0.0,0.0,0.0,0.0,1.0,0.0,1.0,1.0,0.0,0.0,0.0,0.0,12
LEFT,LEFT,True,0.8,weak,1.2,independent_rollout,16,exact_deduplication,0.9992280645519922,0.0003506029031369341,0.9990053020950489,0.9994508270089355,0.0,0.0,0.0,0.0,0.0,0.0,0.0,0.0,1.0,0.0,1.0,1.0,0.0,0.0,0.0,0.0,12
LEFT,LEFT,True,0.8,weak,1.2,independent_rollout,16,explicit_belief_mixing,0.8137966051902307,0.001110979142520371,0.8130907227198166,0.8145024876606447,1.850371707708594e-17,4.321537262272484e-17,-8.954020714091824e-18,4.5961454868263707e-17,0.0,0.0,0.0,0.0,1.0,0.0,1.0,1.0,0.0,0.0,0.0,0.0,12
LEFT,LEFT,True,0.8,weak,1.2,independent_rollout,16,ordinary_flat_aggregation,0.9992280645519922,0.0003506029031369341,0.9990053020950489,0.9994508270089355,0.0,0.0,0.0,0.0,0.0,0.0,0.0,0.0,1.0,0.0,1.0,1.0,0.0,0.0,0.0,0.0,12
LEFT,LEFT,True,0.8,weak,1.2,independent_rollout,16,provenance_preserving,0.9992280645519922,0.0003506029031369341,0.9990053020950489,0.9994508270089355,0.0,0.0,0.0,0.0,0.0,0.0,0.0,0.0,1.0,0.0,1.0,1.0,0.0,0.0,0.0,0.0,12
LEFT,LEFT,True,0.8,weak,1.2,independent_rollout,16,semantic_group_deduplication,0.8545625128353042,0.010637062620052758,0.8478040456842848,0.8613209799863235,0.002870130581441773,0.015567935196549284,-0.007021263536773405,0.012761524699656952,0.0,0.0,0.0,0.0,1.0,0.0,1.0,1.0,0.0,0.0,0.0,0.0,12
LEFT,LEFT,True,0.8,weak,1.2,independent_rollout,16,single_trajectory_score_average,0.8275932103804607,0.0022219582850407384,0.8261814454396327,0.8290049753212888,3.700743415417188e-17,5.4663602968277986e-17,2.2758378278508704e-18,7.17390304804929e-17,0.0,0.0,0.0,0.0,1.0,0.0,1.0,1.0,0.0,0.0,0.0,0.0,12
LEFT,LEFT,True,0.8,weak,1.2,independent_rollout,16,source_group_average,0.8275932103804607,0.0022219582850407384,0.8261814454396327,0.8290049753212888,3.700743415417188e-17,5.4663602968277986e-17,2.2758378278508704e-18,7.17390304804929e-17,0.0,0.0,0.0,0.0,1.0,0.0,1.0,1.0,0.0,0.0,0.0,0.0,12
LEFT,LEFT,True,0.8,weak,1.2,pure_duplication,1,exact_deduplication,0.8248191321798832,0.01411035661673175,0.8158538393081866,0.8337844250515799,0.0,0.0,0.0,0.0,0.0,0.0,0.0,0.0,1.0,0.0,1.0,1.0,0.0,0.0,0.0,0.0,12
LEFT,LEFT,True,0.8,weak,1.2,pure_duplication,1,explicit_belief_mixing,0.8148162489759421,0.0037892604166849487,0.8124086677697786,0.8172238301821055,0.0,0.0,0.0,0.0,0.0,0.0,0.0,0.0,1.0,0.0,1.0,1.0,0.0,0.0,0.0,0.0,12
LEFT,LEFT,True,0.8,weak,1.2,pure_duplication,1,ordinary_flat_aggregation,0.8558561140082727,0.013213469392267781,0.8474606760919545,0.8642515519245908,0.0,0.0,0.0,0.0,0.0,0.0,0.0,0.0,1.0,0.0,1.0,1.0,0.0,0.0,0.0,0.0,12
LEFT,LEFT,True,0.8,weak,1.2,pure_duplication,1,provenance_preserving,0.8558561140082727,0.013213469392267781,0.8474606760919545,0.8642515519245908,0.0,0.0,0.0,0.0,0.0,0.0,0.0,0.0,1.0,0.0,1.0,1.0,0.0,0.0,0.0,0.0,12
LEFT,LEFT,True,0.8,weak,1.2,pure_duplication,1,semantic_group_deduplication,0.8248191321798832,0.01411035661673175,0.8158538393081866,0.8337844250515799,0.0,0.0,0.0,0.0,0.0,0.0,0.0,0.0,1.0,0.0,1.0,1.0,0.0,0.0,0.0,0.0,12
LEFT,LEFT,True,0.8,weak,1.2,pure_duplication,1,single_trajectory_score_average,0.8296324979518842,0.0075785208333699495,0.8248173355395572,0.8344476603642113,0.0,0.0,0.0,0.0,0.0,0.0,0.0,0.0,1.0,0.0,1.0,1.0,0.0,0.0,0.0,0.0,12
LEFT,LEFT,True,0.8,weak,1.2,pure_duplication,1,source_group_average,0.8296324979518842,0.0075785208333699495,0.8248173355395572,0.8344476603642113,0.0,0.0,0.0,0.0,0.0,0.0,0.0,0.0,1.0,0.0,1.0,1.0,0.0,0.0,0.0,0.0,12
LEFT,LEFT,True,0.8,weak,1.2,pure_duplication,2,exact_deduplication,0.8291614251156187,0.011927059506280424,0.8215833330463395,0.836739517184898,0.004342292935735598,0.01097890943975648,-0.002633373322233885,0.01131795919370508,0.0,0.0,0.0,0.0,1.0,0.0,1.0,1.0,0.0,0.0,0.0,0.0,12
LEFT,LEFT,True,0.8,weak,1.2,pure_duplication,2,explicit_belief_mixing,0.8148162489759421,0.0037892604166849487,0.8124086677697786,0.8172238301821055,0.0,0.0,0.0,0.0,0.0,0.0,0.0,0.0,1.0,0.0,1.0,1.0,0.0,0.0,0.0,0.0,12
LEFT,LEFT,True,0.8,weak,1.2,pure_duplication,2,ordinary_flat_aggregation,0.8972569787881696,0.01975608419937381,0.8847045617475356,0.9098093958288035,0.04140086477989674,0.006628723477403954,0.03718917481665732,0.04561255474313616,0.0,0.0,0.0,0.0,1.0,0.0,1.0,1.0,0.0,0.0,0.0,0.0,12
LEFT,LEFT,True,0.8,weak,1.2,pure_duplication,2,provenance_preserving,0.8558561140082727,0.013213469392267781,0.8474606760919545,0.8642515519245908,0.0,0.0,0.0,0.0,0.0,0.0,0.0,0.0,1.0,0.0,1.0,1.0,0.0,0.0,0.0,0.0,12
LEFT,LEFT,True,0.8,weak,1.2,pure_duplication,2,semantic_group_deduplication,0.8291614251156187,0.011927059506280424,0.8215833330463395,0.836739517184898,0.004342292935735598,0.01097890943975648,-0.002633373322233885,0.01131795919370508,0.0,0.0,0.0,0.0,1.0,0.0,1.0,1.0,0.0,0.0,0.0,0.0,12
LEFT,LEFT,True,0.8,weak,1.2,pure_duplication,2,single_trajectory_score_average,0.8296324979518842,0.007578520833369935,0.8248173355395572,0.8344476603642113,0.0,4.734006883291518e-17,-3.007844473258028e-17,3.007844473258028e-17,0.0,0.0,0.0,0.0,1.0,0.0,1.0,1.0,0.0,0.0,0.0,0.0,12
LEFT,LEFT,True,0.8,weak,1.2,pure_duplication,2,source_group_average,0.8296324979518842,0.0075785208333699495,0.8248173355395572,0.8344476603642113,0.0,0.0,0.0,0.0,0.0,0.0,0.0,0.0,1.0,0.0,1.0,1.0,0.0,0.0,0.0,0.0,12
LEFT,LEFT,True,0.8,weak,1.2,pure_duplication,4,exact_deduplication,0.8267262828701307,0.012918759698999135,0.818518094559478,0.8349344711807835,0.00190715069024755,0.01625626216537371,-0.00842158551893085,0.01223588689942595,0.0,0.0,0.0,0.0,1.0,0.0,1.0,1.0,0.0,0.0,0.0,0.0,12
LEFT,LEFT,True,0.8,weak,1.2,pure_duplication,4,explicit_belief_mixing,0.8148162489759421,0.0037892604166849487,0.8124086677697786,0.8172238301821055,0.0,0.0,0.0,0.0,0.0,0.0,0.0,0.0,1.0,0.0,1.0,1.0,0.0,0.0,0.0,0.0,12
LEFT,LEFT,True,0.8,weak,1.2,pure_duplication,4,ordinary_flat_aggregation,0.9481736348744222,0.021492215122961067,0.9345181328717036,0.9618291368771408,0.09231752086614953,0.009021816217120511,0.08658533231712318,0.09804970941517588,0.0,0.0,0.0,0.0,1.0,0.0,1.0,1.0,0.0,0.0,0.0,0.0,12
LEFT,LEFT,True,0.8,weak,1.2,pure_duplication,4,provenance_preserving,0.8558561140082727,0.013213469392267781,0.8474606760919545,0.8642515519245908,0.0,0.0,0.0,0.0,0.0,0.0,0.0,0.0,1.0,0.0,1.0,1.0,0.0,0.0,0.0,0.0,12
LEFT,LEFT,True,0.8,weak,1.2,pure_duplication,4,semantic_group_deduplication,0.8267262828701307,0.012918759698999135,0.818518094559478,0.8349344711807835,0.00190715069024755,0.01625626216537371,-0.00842158551893085,0.01223588689942595,0.0,0.0,0.0,0.0,1.0,0.0,1.0,1.0,0.0,0.0,0.0,0.0,12
LEFT,LEFT,True,0.8,weak,1.2,pure_duplication,4,single_trajectory_score_average,0.8296324979518842,0.0075785208333699495,0.8248173355395572,0.8344476603642113,0.0,0.0,0.0,0.0,0.0,0.0,0.0,0.0,1.0,0.0,1.0,1.0,0.0,0.0,0.0,0.0,12
LEFT,LEFT,True,0.8,weak,1.2,pure_duplication,4,source_group_average,0.8296324979518842,0.0075785208333699495,0.8248173355395572,0.8344476603642113,0.0,0.0,0.0,0.0,0.0,0.0,0.0,0.0,1.0,0.0,1.0,1.0,0.0,0.0,0.0,0.0,12
LEFT,LEFT,True,0.8,weak,1.2,pure_duplication,8,exact_deduplication,0.8286961053241462,0.011326852805304793,0.8214993663987995,0.8358928442494928,0.0038769731442631072,0.016820068037189474,-0.006809988225406054,0.014563934513932269,0.0,0.0,0.0,0.0,1.0,0.0,1.0,1.0,0.0,0.0,0.0,0.0,12
LEFT,LEFT,True,0.8,weak,1.2,pure_duplication,8,explicit_belief_mixing,0.8148162489759421,0.0037892604166849487,0.8124086677697786,0.8172238301821055,0.0,0.0,0.0,0.0,0.0,0.0,0.0,0.0,1.0,0.0,1.0,1.0,0.0,0.0,0.0,0.0,12
LEFT,LEFT,True,0.8,weak,1.2,pure_duplication,8,ordinary_flat_aggregation,0.9859899512523672,0.013430132473363643,0.9774568521819571,0.9945230503227773,0.13013383724409455,0.006251465138124505,0.126161845793926,0.1341058286942631,0.0,0.0,0.0,0.0,1.0,0.0,1.0,1.0,0.0,0.0,0.0,0.0,12
LEFT,LEFT,True,0.8,weak,1.2,pure_duplication,8,provenance_preserving,0.8558561140082727,0.013213469392267781,0.8474606760919545,0.8642515519245908,0.0,0.0,0.0,0.0,0.0,0.0,0.0,0.0,1.0,0.0,1.0,1.0,0.0,0.0,0.0,0.0,12
LEFT,LEFT,True,0.8,weak,1.2,pure_duplication,8,semantic_group_deduplication,0.8286961053241462,0.011326852805304793,0.8214993663987995,0.8358928442494928,0.0038769731442631072,0.016820068037189474,-0.006809988225406054,0.014563934513932269,0.0,0.0,0.0,0.0,1.0,0.0,1.0,1.0,0.0,0.0,0.0,0.0,12
LEFT,LEFT,True,0.8,weak,1.2,pure_duplication,8,single_trajectory_score_average,0.8296324979518842,0.0075785208333699495,0.8248173355395572,0.8344476603642113,0.0,0.0,0.0,0.0,0.0,0.0,0.0,0.0,1.0,0.0,1.0,1.0,0.0,0.0,0.0,0.0,12
LEFT,LEFT,True,0.8,weak,1.2,pure_duplication,8,source_group_average,0.8296324979518842,0.0075785208333699495,0.8248173355395572,0.8344476603642113,0.0,0.0,0.0,0.0,0.0,0.0,0.0,0.0,1.0,0.0,1.0,1.0,0.0,0.0,0.0,0.0,12
LEFT,LEFT,True,0.8,weak,1.2,pure_duplication,16,exact_deduplication,0.8251099503984435,0.012528845769102332,0.8171495015795152,0.8330703992173718,0.0002908182185601034,0.008097917956383599,-0.004854353381416516,0.005435989818536722,0.0,0.0,0.0,0.0,1.0,0.0,1.0,1.0,0.0,0.0,0.0,0.0,12
LEFT,LEFT,True,0.8,weak,1.2,pure_duplication,16,explicit_belief_mixing,0.8148162489759421,0.0037892604166849487,0.8124086677697786,0.8172238301821055,0.0,0.0,0.0,0.0,0.0,0.0,0.0,0.0,1.0,0.0,1.0,1.0,0.0,0.0,0.0,0.0,12
LEFT,LEFT,True,0.8,weak,1.2,pure_duplication,16,ordinary_flat_aggregation,0.998442927457607,0.0034680795485750775,0.9962394148391911,1.0006464400760229,0.14258681344933444,0.010885187069796139,0.13567069554426253,0.14950293135440634,0.0,0.0,0.0,0.0,1.0,0.0,1.0,1.0,0.0,0.0,0.0,0.0,12
LEFT,LEFT,True,0.8,weak,1.2,pure_duplication,16,provenance_preserving,0.8558561140082727,0.013213469392267781,0.8474606760919545,0.8642515519245908,0.0,0.0,0.0,0.0,0.0,0.0,0.0,0.0,1.0,0.0,1.0,1.0,0.0,0.0,0.0,0.0,12
LEFT,LEFT,True,0.8,weak,1.2,pure_duplication,16,semantic_group_deduplication,0.8251099503984435,0.012528845769102332,0.8171495015795152,0.8330703992173718,0.0002908182185601034,0.008097917956383599,-0.004854353381416516,0.005435989818536722,0.0,0.0,0.0,0.0,1.0,0.0,1.0,1.0,0.0,0.0,0.0,0.0,12
LEFT,LEFT,True,0.8,weak,1.2,pure_duplication,16,single_trajectory_score_average,0.8296324979518842,0.007578520833369931,0.8248173355395572,0.8344476603642113,-9.25185853854297e-18,3.204937810639273e-17,-2.961506188514317e-17,1.1111344808057227e-17,0.0,0.0,0.0,0.0,1.0,0.0,1.0,1.0,0.0,0.0,0.0,0.0,12
LEFT,LEFT,True,0.8,weak,1.2,pure_duplication,16,source_group_average,0.8296324979518842,0.0075785208333699495,0.8248173355395572,0.8344476603642113,0.0,0.0,0.0,0.0,0.0,0.0,0.0,0.0,1.0,0.0,1.0,1.0,0.0,0.0,0.0,0.0,12
LEFT,RIGHT,False,0.2,medium,1.5,independent_rollout,1,exact_deduplication,0.9999899053599716,3.60606360291841e-06,0.9999876141764676,0.9999921965434755,0.0,0.0,0.0,0.0,0.0,0.0,0.0,0.0,0.0,0.0,0.0,0.0,1.0,0.0,1.0,1.0,12
LEFT,RIGHT,False,0.2,medium,1.5,independent_rollout,1,explicit_belief_mixing,0.23641718119107816,0.0012215576878143496,0.2356410404649152,0.2371933219172411,0.0,0.0,0.0,0.0,0.0,0.0,0.0,0.0,1.0,0.0,1.0,1.0,0.0,0.0,0.0,0.0,12
LEFT,RIGHT,False,0.2,medium,1.5,independent_rollout,1,ordinary_flat_aggregation,0.9999899053599716,3.60606360291841e-06,0.9999876141764676,0.9999921965434755,0.0,0.0,0.0,0.0,0.0,0.0,0.0,0.0,0.0,0.0,0.0,0.0,1.0,0.0,1.0,1.0,12
LEFT,RIGHT,False,0.2,medium,1.5,independent_rollout,1,provenance_preserving,0.9999899053599716,3.60606360291841e-06,0.9999876141764676,0.9999921965434755,0.0,0.0,0.0,0.0,0.0,0.0,0.0,0.0,0.0,0.0,0.0,0.0,1.0,0.0,1.0,1.0,12
LEFT,RIGHT,False,0.2,medium,1.5,independent_rollout,1,semantic_group_deduplication,0.3594334534440941,0.03001571477141107,0.340362378134777,0.37850452875341123,0.0,0.0,0.0,0.0,0.0,0.0,0.0,0.0,1.0,0.0,1.0,1.0,0.0,0.0,0.0,0.0,12
LEFT,RIGHT,False,0.2,medium,1.5,independent_rollout,1,single_trajectory_score_average,0.2728343623821564,0.002443115375628699,0.2712820809298305,0.2743866438344823,0.0,0.0,0.0,0.0,0.0,0.0,0.0,0.0,1.0,0.0,1.0,1.0,0.0,0.0,0.0,0.0,12
LEFT,RIGHT,False,0.2,medium,1.5,independent_rollout,1,source_group_average,0.2728343623821564,0.002443115375628699,0.2712820809298305,0.2743866438344823,0.0,0.0,0.0,0.0,0.0,0.0,0.0,0.0,1.0,0.0,1.0,1.0,0.0,0.0,0.0,0.0,12
LEFT,RIGHT,False,0.2,medium,1.5,independent_rollout,2,exact_deduplication,0.9999899053599716,3.60606360291841e-06,0.9999876141764676,0.9999921965434755,0.0,0.0,0.0,0.0,0.0,0.0,0.0,0.0,0.0,0.0,0.0,0.0,1.0,0.0,1.0,1.0,12
LEFT,RIGHT,False,0.2,medium,1.5,independent_rollout,2,explicit_belief_mixing,0.23641718119107816,0.0012215576878143511,0.2356410404649152,0.2371933219172411,-2.3129646346357427e-18,1.8556209996953883e-17,-1.4103017978442022e-17,9.477088709170535e-18,0.0,0.0,0.0,0.0,1.0,0.0,1.0,1.0,0.0,0.0,0.0,0.0,12
LEFT,RIGHT,False,0.2,medium,1.5,independent_rollout,2,ordinary_flat_aggregation,0.9999899053599716,3.60606360291841e-06,0.9999876141764676,0.9999921965434755,0.0,0.0,0.0,0.0,0.0,0.0,0.0,0.0,0.0,0.0,0.0,0.0,1.0,0.0,1.0,1.0,12
LEFT,RIGHT,False,0.2,medium,1.5,independent_rollout,2,provenance_preserving,0.9999899053599716,3.60606360291841e-06,0.9999876141764676,0.9999921965434755,0.0,0.0,0.0,0.0,0.0,0.0,0.0,0.0,0.0,0.0,0.0,0.0,1.0,0.0,1.0,1.0,12
LEFT,RIGHT,False,0.2,medium,1.5,independent_rollout,2,semantic_group_deduplication,0.36241280721745794,0.03339851495626204,0.34119240321239,0.38363321122252586,0.0029793537733638956,0.038912709720132464,-0.02174460243470461,0.0277033099814324,0.0,0.0,0.0,0.0,1.0,0.0,1.0,1.0,0.0,0.0,0.0,0.0,12
LEFT,RIGHT,False,0.2,medium,1.5,independent_rollout,2,single_trajectory_score_average,0.27283436238215636,0.002443115375628702,0.27128208092983047,0.27438664383448225,-4.625929269271485e-18,3.7112419993907765e-17,-2.8206035956884043e-17,1.895417741834107e-17,0.0,0.0,0.0,0.0,1.0,0.0,1.0,1.0,0.0,0.0,0.0,0.0,12
LEFT,RIGHT,False,0.2,medium,1.5,independent_rollout,2,source_group_average,0.27283436238215636,0.002443115375628702,0.27128208092983047,0.27438664383448225,-4.625929269271485e-18,3.7112419993907765e-17,-2.8206035956884043e-17,1.895417741834107e-17,0.0,0.0,0.0,0.0,1.0,0.0,1.0,1.0,0.0,0.0,0.0,0.0,12
LEFT,RIGHT,False,0.2,medium,1.5,independent_rollout,4,exact_deduplication,0.9999899053599716,3.60606360291841e-06,0.9999876141764676,0.9999921965434755,0.0,0.0,0.0,0.0,0.0,0.0,0.0,0.0,0.0,0.0,0.0,0.0,1.0,0.0,1.0,1.0,12
LEFT,RIGHT,False,0.2,medium,1.5,independent_rollout,4,explicit_belief_mixing,0.23641718119107816,0.001221557687814348,0.2356410404649152,0.2371933219172411,-6.938893903907228e-18,1.7252354003962106e-17,-1.7900516673122142e-17,4.022728865307683e-18,0.0,0.0,0.0,0.0,1.0,0.0,1.0,1.0,0.0,0.0,0.0,0.0,12
LEFT,RIGHT,False,0.2,medium,1.5,independent_rollout,4,ordinary_flat_aggregation,0.9999899053599716,3.60606360291841e-06,0.9999876141764676,0.9999921965434755,0.0,0.0,0.0,0.0,0.0,0.0,0.0,0.0,0.0,0.0,0.0,0.0,1.0,0.0,1.0,1.0,12
LEFT,RIGHT,False,0.2,medium,1.5,independent_rollout,4,provenance_preserving,0.9999899053599716,3.60606360291841e-06,0.9999876141764676,0.9999921965434755,0.0,0.0,0.0,0.0,0.0,0.0,0.0,0.0,0.0,0.0,0.0,0.0,1.0,0.0,1.0,1.0,12
LEFT,RIGHT,False,0.2,medium,1.5,independent_rollout,4,semantic_group_deduplication,0.3720919606313294,0.019439825936752742,0.3597404845041327,0.38444343675852605,0.012658507187235319,0.030858907110004816,-0.006948306974613695,0.03226532134908433,0.0,0.0,0.0,0.0,1.0,0.0,1.0,1.0,0.0,0.0,0.0,0.0,12
LEFT,RIGHT,False,0.2,medium,1.5,independent_rollout,4,single_trajectory_score_average,0.27283436238215636,0.002443115375628696,0.27128208092983047,0.27438664383448225,-1.3877787807814457e-17,3.450470800792421e-17,-3.5801033346244283e-17,8.045457730615367e-18,0.0,0.0,0.0,0.0,1.0,0.0,1.0,1.0,0.0,0.0,0.0,0.0,12
LEFT,RIGHT,False,0.2,medium,1.5,independent_rollout,4,source_group_average,0.27283436238215636,0.002443115375628696,0.27128208092983047,0.27438664383448225,-1.3877787807814457e-17,3.450470800792421e-17,-3.5801033346244283e-17,8.045457730615367e-18,0.0,0.0,0.0,0.0,1.0,0.0,1.0,1.0,0.0,0.0,0.0,0.0,12
LEFT,RIGHT,False,0.2,medium,1.5,independent_rollout,8,exact_deduplication,0.9999899053599716,3.60606360291841e-06,0.9999876141764676,0.9999921965434755,0.0,0.0,0.0,0.0,0.0,0.0,0.0,0.0,0.0,0.0,0.0,0.0,1.0,0.0,1.0,1.0,12
LEFT,RIGHT,False,0.2,medium,1.5,independent_rollout,8,explicit_belief_mixing,0.23641718119107816,0.0012215576878143463,0.2356410404649152,0.2371933219172411,-2.3129646346357427e-18,1.4292141096839885e-17,-1.1393757854620285e-17,6.767828585348801e-18,0.0,0.0,0.0,0.0,1.0,0.0,1.0,1.0,0.0,0.0,0.0,0.0,12
LEFT,RIGHT,False,0.2,medium,1.5,independent_rollout,8,ordinary_flat_aggregation,0.9999899053599716,3.60606360291841e-06,0.9999876141764676,0.9999921965434755,0.0,0.0,0.0,0.0,0.0,0.0,0.0,0.0,0.0,0.0,0.0,0.0,1.0,0.0,1.0,1.0,12
LEFT,RIGHT,False,0.2,medium,1.5,independent_rollout,8,provenance_preserving,0.9999899053599716,3.60606360291841e-06,0.9999876141764676,0.9999921965434755,0.0,0.0,0.0,0.0,0.0,0.0,0.0,0.0,0.0,0.0,0.0,0.0,1.0,0.0,1.0,1.0,12
LEFT,RIGHT,False,0.2,medium,1.5,independent_rollout,8,semantic_group_deduplication,0.366569177795175,0.01843014918902125,0.3548592196674895,0.3782791359228605,0.007135724351080873,0.031034320592344036,-0.01258254222019559,0.026853990922357334,0.0,0.0,0.0,0.0,1.0,0.0,1.0,1.0,0.0,0.0,0.0,0.0,12
LEFT,RIGHT,False,0.2,medium,1.5,independent_rollout,8,single_trajectory_score_average,0.27283436238215636,0.0024431153756286927,0.27128208092983047,0.27438664383448225,-4.625929269271485e-18,2.858428219367977e-17,-2.278751570924057e-17,1.3535657170697601e-17,0.0,0.0,0.0,0.0,1.0,0.0,1.0,1.0,0.0,0.0,0.0,0.0,12
LEFT,RIGHT,False,0.2,medium,1.5,independent_rollout,8,source_group_average,0.27283436238215636,0.0024431153756286927,0.27128208092983047,0.27438664383448225,-4.625929269271485e-18,2.858428219367977e-17,-2.278751570924057e-17,1.3535657170697601e-17,0.0,0.0,0.0,0.0,1.0,0.0,1.0,1.0,0.0,0.0,0.0,0.0,12
LEFT,RIGHT,False,0.2,medium,1.5,independent_rollout,16,exact_deduplication,0.9999899053599716,3.60606360291841e-06,0.9999876141764676,0.9999921965434755,0.0,0.0,0.0,0.0,0.0,0.0,0.0,0.0,0.0,0.0,0.0,0.0,1.0,0.0,1.0,1.0,12
LEFT,RIGHT,False,0.2,medium,1.5,independent_rollout,16,explicit_belief_mixing,0.23641718119107816,0.001221557687814354,0.2356410404649152,0.2371933219172411,-2.3129646346357427e-18,2.2009101793806193e-17,-1.6296880759794606e-17,1.167095149052312e-17,0.0,0.0,0.0,0.0,1.0,0.0,1.0,1.0,0.0,0.0,0.0,0.0,12
LEFT,RIGHT,False,0.2,medium,1.5,independent_rollout,16,ordinary_flat_aggregation,0.9999899053599716,3.60606360291841e-06,0.9999876141764676,0.9999921965434755,0.0,0.0,0.0,0.0,0.0,0.0,0.0,0.0,0.0,0.0,0.0,0.0,1.0,0.0,1.0,1.0,12
LEFT,RIGHT,False,0.2,medium,1.5,independent_rollout,16,provenance_preserving,0.9999899053599716,3.60606360291841e-06,0.9999876141764676,0.9999921965434755,0.0,0.0,0.0,0.0,0.0,0.0,0.0,0.0,0.0,0.0,0.0,0.0,1.0,0.0,1.0,1.0,12
LEFT,RIGHT,False,0.2,medium,1.5,independent_rollout,16,semantic_group_deduplication,0.35383478958215503,0.015220508644051058,0.34416413976397103,0.363505439400339,-0.005598663861939028,0.033255624564074375,-0.0267282796432001,0.015530951919322047,0.0,0.0,0.0,0.0,1.0,0.0,1.0,1.0,0.0,0.0,0.0,0.0,12
LEFT,RIGHT,False,0.2,medium,1.5,independent_rollout,16,single_trajectory_score_average,0.2728343623821564,0.002443115375628708,0.2712820809298305,0.2743866438344823,-4.625929269271485e-18,4.4018203587612386e-17,-3.259376151958921e-17,2.334190298104624e-17,0.0,0.0,0.0,0.0,1.0,0.0,1.0,1.0,0.0,0.0,0.0,0.0,12
LEFT,RIGHT,False,0.2,medium,1.5,independent_rollout,16,source_group_average,0.2728343623821564,0.002443115375628708,0.2712820809298305,0.2743866438344823,-4.625929269271485e-18,4.4018203587612386e-17,-3.259376151958921e-17,2.334190298104624e-17,0.0,0.0,0.0,0.0,1.0,0.0,1.0,1.0,0.0,0.0,0.0,0.0,12
LEFT,RIGHT,False,0.2,medium,1.5,pure_duplication,1,exact_deduplication,0.27446128360279026,0.012012900257590534,0.2668286509221908,0.2820939162833897,0.0,0.0,0.0,0.0,0.0,0.0,0.0,0.0,1.0,0.0,1.0,1.0,0.0,0.0,0.0,0.0,12
LEFT,RIGHT,False,0.2,medium,1.5,pure_duplication,1,explicit_belief_mixing,0.23644546795919555,0.004694800302940978,0.23346253415863616,0.23942840175975494,0.0,0.0,0.0,0.0,0.0,0.0,0.0,0.0,1.0,0.0,1.0,1.0,0.0,0.0,0.0,0.0,12
LEFT,RIGHT,False,0.2,medium,1.5,pure_duplication,1,ordinary_flat_aggregation,0.3600879169659366,0.02189946627439133,0.3461736599264687,0.37400217400540453,0.0,0.0,0.0,0.0,0.0,0.0,0.0,0.0,1.0,0.0,1.0,1.0,0.0,0.0,0.0,0.0,12
LEFT,RIGHT,False,0.2,medium,1.5,pure_duplication,1,provenance_preserving,0.3600879169659366,0.02189946627439133,0.3461736599264687,0.37400217400540453,0.0,0.0,0.0,0.0,0.0,0.0,0.0,0.0,1.0,0.0,1.0,1.0,0.0,0.0,0.0,0.0,12
LEFT,RIGHT,False,0.2,medium,1.5,pure_duplication,1,semantic_group_deduplication,0.27446128360279026,0.012012900257590534,0.2668286509221908,0.2820939162833897,0.0,0.0,0.0,0.0,0.0,0.0,0.0,0.0,1.0,0.0,1.0,1.0,0.0,0.0,0.0,0.0,12
LEFT,RIGHT,False,0.2,medium,1.5,pure_duplication,1,single_trajectory_score_average,0.2728909359183911,0.009389600605881955,0.2669250683172723,0.27885680351950987,0.0,0.0,0.0,0.0,0.0,0.0,0.0,0.0,1.0,0.0,1.0,1.0,0.0,0.0,0.0,0.0,12
LEFT,RIGHT,False,0.2,medium,1.5,pure_duplication,1,source_group_average,0.2728909359183911,0.009389600605881955,0.2669250683172723,0.27885680351950987,0.0,0.0,0.0,0.0,0.0,0.0,0.0,0.0,1.0,0.0,1.0,1.0,0.0,0.0,0.0,0.0,12
LEFT,RIGHT,False,0.2,medium,1.5,pure_duplication,2,exact_deduplication,0.27215751447661896,0.012206947662001429,0.26440158995735163,0.2799134389958863,-0.002303769126171346,0.015484096046583273,-0.012141894389886554,0.007534356137543861,0.0,0.0,0.0,0.0,1.0,0.0,1.0,1.0,0.0,0.0,0.0,0.0,12
LEFT,RIGHT,False,0.2,medium,1.5,pure_duplication,2,explicit_belief_mixing,0.23644546795919555,0.004694800302940976,0.23346253415863616,0.23942840175975494,2.3129646346357427e-18,8.012344526598183e-18,-2.7778362020143068e-18,7.403765471285793e-18,0.0,0.0,0.0,0.0,1.0,0.0,1.0,1.0,0.0,0.0,0.0,0.0,12
LEFT,RIGHT,False,0.2,medium,1.5,pure_duplication,2,ordinary_flat_aggregation,0.557793495459267,0.047135604574382324,0.527844961118701,0.587742029799833,0.19770557849333048,0.025245301035992308,0.18166547946752418,0.21374567751913678,0.8333333333333334,0.38924947208076144,0.5860160179637635,1.0806506487029033,0.16666666666666666,0.38924947208076144,-0.08065064870290328,0.4139839820362366,0.8333333333333334,0.38924947208076144,0.5860160179637635,1.0806506487029033,12
LEFT,RIGHT,False,0.2,medium,1.5,pure_duplication,2,provenance_preserving,0.3600879169659366,0.02189946627439133,0.3461736599264687,0.37400217400540453,0.0,0.0,0.0,0.0,0.0,0.0,0.0,0.0,1.0,0.0,1.0,1.0,0.0,0.0,0.0,0.0,12
LEFT,RIGHT,False,0.2,medium,1.5,pure_duplication,2,semantic_group_deduplication,0.27215751447661896,0.012206947662001429,0.26440158995735163,0.2799134389958863,-0.002303769126171346,0.015484096046583273,-0.012141894389886554,0.007534356137543861,0.0,0.0,0.0,0.0,1.0,0.0,1.0,1.0,0.0,0.0,0.0,0.0,12
LEFT,RIGHT,False,0.2,medium,1.5,pure_duplication,2,single_trajectory_score_average,0.2728909359183911,0.009389600605881952,0.2669250683172723,0.27885680351950987,4.625929269271485e-18,1.6024689053196365e-17,-5.5556724040286136e-18,1.4807530942571585e-17,0.0,0.0,0.0,0.0,1.0,0.0,1.0,1.0,0.0,0.0,0.0,0.0,12
LEFT,RIGHT,False,0.2,medium,1.5,pure_duplication,2,source_group_average,0.2728909359183911,0.009389600605881955,0.2669250683172723,0.27885680351950987,0.0,0.0,0.0,0.0,0.0,0.0,0.0,0.0,1.0,0.0,1.0,1.0,0.0,0.0,0.0,0.0,12
LEFT,RIGHT,False,0.2,medium,1.5,pure_duplication,4,exact_deduplication,0.27087131731804276,0.01872706184830188,0.25897270988686566,0.28276992474921986,-0.0035899662847475636,0.018688347319407442,-0.015463975677805868,0.00828404310831074,0.0,0.0,0.0,0.0,1.0,0.0,1.0,1.0,0.0,0.0,0.0,0.0,12
LEFT,RIGHT,False,0.2,medium,1.5,pure_duplication,4,explicit_belief_mixing,0.23644546795919555,0.004694800302940978,0.23346253415863616,0.23942840175975494,0.0,0.0,0.0,0.0,0.0,0.0,0.0,0.0,1.0,0.0,1.0,1.0,0.0,0.0,0.0,0.0,12
LEFT,RIGHT,False,0.2,medium,1.5,pure_duplication,4,ordinary_flat_aggregation,0.8588334551466209,0.04816998080131112,0.828227709506169,0.8894392007870728,0.4987455381806843,0.02662092950538895,0.4818314065243943,0.5156596698369743,1.0,0.0,1.0,1.0,0.0,0.0,0.0,0.0,1.0,0.0,1.0,1.0,12
LEFT,RIGHT,False,0.2,medium,1.5,pure_duplication,4,provenance_preserving,0.3600879169659366,0.02189946627439133,0.3461736599264687,0.37400217400540453,0.0,0.0,0.0,0.0,0.0,0.0,0.0,0.0,1.0,0.0,1.0,1.0,0.0,0.0,0.0,0.0,12
LEFT,RIGHT,False,0.2,medium,1.5,pure_duplication,4,semantic_group_deduplication,0.27087131731804276,0.01872706184830188,0.25897270988686566,0.28276992474921986,-0.0035899662847475636,0.018688347319407442,-0.015463975677805868,0.00828404310831074,0.0,0.0,0.0,0.0,1.0,0.0,1.0,1.0,0.0,0.0,0.0,0.0,12
LEFT,RIGHT,False,0.2,medium,1.5,pure_duplication,4,single_trajectory_score_average,0.2728909359183911,0.009389600605881955,0.2669250683172723,0.27885680351950987,0.0,0.0,0.0,0.0,0.0,0.0,0.0,0.0,1.0,0.0,1.0,1.0,0.0,0.0,0.0,0.0,12
LEFT,RIGHT,False,0.2,medium,1.5,pure_duplication,4,source_group_average,0.2728909359183911,0.009389600605881955,0.2669250683172723,0.27885680351950987,0.0,0.0,0.0,0.0,0.0,0.0,0.0,0.0,1.0,0.0,1.0,1.0,0.0,0.0,0.0,0.0,12
LEFT,RIGHT,False,0.2,medium,1.5,pure_duplication,8,exact_deduplication,0.27247827039301653,0.0179420871271917,0.26107841210495364,0.2838781286810794,-0.0019830132097737596,0.02332333346712267,-0.01680195230228773,0.012835925882740214,0.0,0.0,0.0,0.0,1.0,0.0,1.0,1.0,0.0,0.0,0.0,0.0,12
LEFT,RIGHT,False,0.2,medium,1.5,pure_duplication,8,explicit_belief_mixing,0.23644546795919555,0.004694800302940978,0.23346253415863616,0.23942840175975494,0.0,0.0,0.0,0.0,0.0,0.0,0.0,0.0,1.0,0.0,1.0,1.0,0.0,0.0,0.0,0.0,12
LEFT,RIGHT,False,0.2,medium,1.5,pure_duplication,8,ordinary_flat_aggregation,0.9919832144075699,0.006692162313382413,0.9877312173309502,0.9962352114841896,0.6318952974416333,0.015731633854254048,0.6218998941584558,0.6418907007248108,1.0,0.0,1.0,1.0,0.0,0.0,0.0,0.0,1.0,0.0,1.0,1.0,12
LEFT,RIGHT,False,0.2,medium,1.5,pure_duplication,8,provenance_preserving,0.3600879169659366,0.02189946627439133,0.3461736599264687,0.37400217400540453,0.0,0.0,0.0,0.0,0.0,0.0,0.0,0.0,1.0,0.0,1.0,1.0,0.0,0.0,0.0,0.0,12
LEFT,RIGHT,False,0.2,medium,1.5,pure_duplication,8,semantic_group_deduplication,0.27247827039301653,0.0179420871271917,0.26107841210495364,0.2838781286810794,-0.0019830132097737596,0.02332333346712267,-0.01680195230228773,0.012835925882740214,0.0,0.0,0.0,0.0,1.0,0.0,1.0,1.0,0.0,0.0,0.0,0.0,12
LEFT,RIGHT,False,0.2,medium,1.5,pure_duplication,8,single_trajectory_score_average,0.2728909359183911,0.009389600605881955,0.2669250683172723,0.27885680351950987,0.0,0.0,0.0,0.0,0.0,0.0,0.0,0.0,1.0,0.0,1.0,1.0,0.0,0.0,0.0,0.0,12
LEFT,RIGHT,False,0.2,medium,1.5,pure_duplication,8,source_group_average,0.2728909359183911,0.009389600605881955,0.2669250683172723,0.27885680351950987,0.0,0.0,0.0,0.0,0.0,0.0,0.0,0.0,1.0,0.0,1.0,1.0,0.0,0.0,0.0,0.0,12
LEFT,RIGHT,False,0.2,medium,1.5,pure_duplication,16,exact_deduplication,0.2768392553718846,0.012209167559730952,0.26908192039689094,0.28459659034687823,0.0023779717690942856,0.009522358472252718,-0.003672246156071191,0.008428189694259762,0.0,0.0,0.0,0.0,1.0,0.0,1.0,1.0,0.0,0.0,0.0,0.0,12
LEFT,RIGHT,False,0.2,medium,1.5,pure_duplication,16,explicit_belief_mixing,0.23644546795919555,0.004694800302940978,0.23346253415863616,0.23942840175975494,0.0,0.0,0.0,0.0,0.0,0.0,0.0,0.0,1.0,0.0,1.0,1.0,0.0,0.0,0.0,0.0,12
LEFT,RIGHT,False,0.2,medium,1.5,pure_duplication,16,ordinary_flat_aggregation,0.9999727144048781,4.468879830964446e-05,0.9999443204970689,1.0000011083126874,0.6398847974389416,0.021862096100466,0.6259942842751961,0.653775310602687,1.0,0.0,1.0,1.0,0.0,0.0,0.0,0.0,1.0,0.0,1.0,1.0,12
LEFT,RIGHT,False,0.2,medium,1.5,pure_duplication,16,provenance_preserving,0.3600879169659366,0.02189946627439133,0.3461736599264687,0.37400217400540453,0.0,0.0,0.0,0.0,0.0,0.0,0.0,0.0,1.0,0.0,1.0,1.0,0.0,0.0,0.0,0.0,12
LEFT,RIGHT,False,0.2,medium,1.5,pure_duplication,16,semantic_group_deduplication,0.2768392553718846,0.012209167559730952,0.26908192039689094,0.28459659034687823,0.0023779717690942856,0.009522358472252718,-0.003672246156071191,0.008428189694259762,0.0,0.0,0.0,0.0,1.0,0.0,1.0,1.0,0.0,0.0,0.0,0.0,12
LEFT,RIGHT,False,0.2,medium,1.5,pure_duplication,16,single_trajectory_score_average,0.2728909359183911,0.009389600605881955,0.2669250683172723,0.27885680351950987,0.0,0.0,0.0,0.0,0.0,0.0,0.0,0.0,1.0,0.0,1.0,1.0,0.0,0.0,0.0,0.0,12
LEFT,RIGHT,False,0.2,medium,1.5,pure_duplication,16,source_group_average,0.2728909359183911,0.009389600605881955,0.2669250683172723,0.27885680351950987,0.0,0.0,0.0,0.0,0.0,0.0,0.0,0.0,1.0,0.0,1.0,1.0,0.0,0.0,0.0,0.0,12
LEFT,RIGHT,False,0.2,strong,2.0,independent_rollout,1,exact_deduplication,0.9999999991346904,1.9542335891016117e-10,0.9999999990105243,0.9999999992588565,0.0,0.0,0.0,0.0,0.0,0.0,0.0,0.0,0.0,0.0,0.0,0.0,1.0,0.0,1.0,1.0,12
LEFT,RIGHT,False,0.2,strong,2.0,independent_rollout,1,explicit_belief_mixing,0.2670941148265542,0.0008322843431407849,0.26656530658368266,0.26762292306942576,0.0,0.0,0.0,0.0,0.0,0.0,0.0,0.0,1.0,0.0,1.0,1.0,0.0,0.0,0.0,0.0,12
LEFT,RIGHT,False,0.2,strong,2.0,independent_rollout,1,ordinary_flat_aggregation,0.9999999991346904,1.9542335891016117e-10,0.9999999990105243,0.9999999992588565,0.0,0.0,0.0,0.0,0.0,0.0,0.0,0.0,0.0,0.0,0.0,0.0,1.0,0.0,1.0,1.0,12
LEFT,RIGHT,False,0.2,strong,2.0,independent_rollout,1,provenance_preserving,0.9999999991346904,1.9542335891016117e-10,0.9999999990105243,0.9999999992588565,0.0,0.0,0.0,0.0,0.0,0.0,0.0,0.0,0.0,0.0,0.0,0.0,1.0,0.0,1.0,1.0,12
LEFT,RIGHT,False,0.2,strong,2.0,independent_rollout,1,semantic_group_deduplication,0.49681484558800815,0.02297749318419783,0.48221564292792246,0.5114140482480938,0.0,0.0,0.0,0.0,0.0,0.0,0.0,0.0,0.6666666666666666,0.49236596391733095,0.35383225812026303,0.9795010752130702,0.3333333333333333,0.49236596391733095,0.020498924786929718,0.6461677418797369,12
LEFT,RIGHT,False,0.2,strong,2.0,independent_rollout,1,single_trajectory_score_average,0.3341882296531084,0.0016645686862815801,0.3331306131673653,0.3352458461388515,0.0,0.0,0.0,0.0,0.0,0.0,0.0,0.0,1.0,0.0,1.0,1.0,0.0,0.0,0.0,0.0,12
LEFT,RIGHT,False,0.2,strong,2.0,independent_rollout,1,source_group_average,0.3341882296531084,0.0016645686862815801,0.3331306131673653,0.3352458461388515,0.0,0.0,0.0,0.0,0.0,0.0,0.0,0.0,1.0,0.0,1.0,1.0,0.0,0.0,0.0,0.0,12
LEFT,RIGHT,False,0.2,strong,2.0,independent_rollout,2,exact_deduplication,0.9999999991346904,1.9542335891016117e-10,0.9999999990105243,0.9999999992588565,0.0,0.0,0.0,0.0,0.0,0.0,0.0,0.0,0.0,0.0,0.0,0.0,1.0,0.0,1.0,1.0,12
LEFT,RIGHT,False,0.2,strong,2.0,independent_rollout,2,explicit_belief_mixing,0.2670941148265542,0.0008322843431407849,0.26656530658368266,0.26762292306942576,0.0,0.0,0.0,0.0,0.0,0.0,0.0,0.0,1.0,0.0,1.0,1.0,0.0,0.0,0.0,0.0,12
LEFT,RIGHT,False,0.2,strong,2.0,independent_rollout,2,ordinary_flat_aggregation,0.9999999991346904,1.9542335891016117e-10,0.9999999990105243,0.9999999992588565,0.0,0.0,0.0,0.0,0.0,0.0,0.0,0.0,0.0,0.0,0.0,0.0,1.0,0.0,1.0,1.0,12
LEFT,RIGHT,False,0.2,strong,2.0,independent_rollout,2,provenance_preserving,0.9999999991346904,1.9542335891016117e-10,0.9999999990105243,0.9999999992588565,0.0,0.0,0.0,0.0,0.0,0.0,0.0,0.0,0.0,0.0,0.0,0.0,1.0,0.0,1.0,1.0,12
LEFT,RIGHT,False,0.2,strong,2.0,independent_rollout,2,semantic_group_deduplication,0.4932102545865166,0.02143976910791554,0.4795880751919792,0.506832433981054,-0.0036045910014915147,0.036287584104105826,-0.026660621967701522,0.01945143996471849,0.6666666666666666,0.492365963917331,0.35383225812026303,0.9795010752130702,0.6666666666666666,0.49236596391733095,0.35383225812026303,0.9795010752130702,0.3333333333333333,0.49236596391733095,0.020498924786929718,0.6461677418797369,12
LEFT,RIGHT,False,0.2,strong,2.0,independent_rollout,2,single_trajectory_score_average,0.3341882296531084,0.0016645686862815801,0.3331306131673653,0.3352458461388515,0.0,0.0,0.0,0.0,0.0,0.0,0.0,0.0,1.0,0.0,1.0,1.0,0.0,0.0,0.0,0.0,12
LEFT,RIGHT,False,0.2,strong,2.0,independent_rollout,2,source_group_average,0.3341882296531084,0.0016645686862815801,0.3331306131673653,0.3352458461388515,0.0,0.0,0.0,0.0,0.0,0.0,0.0,0.0,1.0,0.0,1.0,1.0,0.0,0.0,0.0,0.0,12
LEFT,RIGHT,False,0.2,strong,2.0,independent_rollout,4,exact_deduplication,0.9999999991346904,1.9542335891016117e-10,0.9999999990105243,0.9999999992588565,0.0,0.0,0.0,0.0,0.0,0.0,0.0,0.0,0.0,0.0,0.0,0.0,1.0,0.0,1.0,1.0,12
LEFT,RIGHT,False,0.2,strong,2.0,independent_rollout,4,explicit_belief_mixing,0.2670941148265542,0.0008322843431407965,0.26656530658368266,0.26762292306942576,4.625929269271485e-18,1.6024689053196365e-17,-5.5556724040286136e-18,1.4807530942571585e-17,0.0,0.0,0.0,0.0,1.0,0.0,1.0,1.0,0.0,0.0,0.0,0.0,12
LEFT,RIGHT,False,0.2,strong,2.0,independent_rollout,4,ordinary_flat_aggregation,0.9999999991346904,1.9542335891016117e-10,0.9999999990105243,0.9999999992588565,0.0,0.0,0.0,0.0,0.0,0.0,0.0,0.0,0.0,0.0,0.0,0.0,1.0,0.0,1.0,1.0,12
LEFT,RIGHT,False,0.2,strong,2.0,independent_rollout,4,provenance_preserving,0.9999999991346904,1.9542335891016117e-10,0.9999999990105243,0.9999999992588565,0.0,0.0,0.0,0.0,0.0,0.0,0.0,0.0,0.0,0.0,0.0,0.0,1.0,0.0,1.0,1.0,12
LEFT,RIGHT,False,0.2,strong,2.0,independent_rollout,4,semantic_group_deduplication,0.5024614031957275,0.0173912477475978,0.4914115315520466,0.5135112748394084,0.005646557607719362,0.027890280282444436,-0.012074081054901264,0.023367196270339986,0.5833333333333334,0.5149286505444373,0.25616327763932606,0.9105033890273406,0.4166666666666667,0.5149286505444373,0.08949661097265937,0.743836722360674,0.5833333333333334,0.5149286505444373,0.25616327763932606,0.9105033890273406,12
LEFT,RIGHT,False,0.2,strong,2.0,independent_rollout,4,single_trajectory_score_average,0.3341882296531084,0.0016645686862815936,0.3331306131673653,0.3352458461388515,4.625929269271485e-18,2.858428219367977e-17,-1.3535657170697601e-17,2.278751570924057e-17,0.0,0.0,0.0,0.0,1.0,0.0,1.0,1.0,0.0,0.0,0.0,0.0,12
LEFT,RIGHT,False,0.2,strong,2.0,independent_rollout,4,source_group_average,0.3341882296531084,0.0016645686862815936,0.3331306131673653,0.3352458461388515,4.625929269271485e-18,2.858428219367977e-17,-1.3535657170697601e-17,2.278751570924057e-17,0.0,0.0,0.0,0.0,1.0,0.0,1.0,1.0,0.0,0.0,0.0,0.0,12
LEFT,RIGHT,False,0.2,strong,2.0,independent_rollout,8,exact_deduplication,0.9999999991346904,1.9542335891016117e-10,0.9999999990105243,0.9999999992588565,0.0,0.0,0.0,0.0,0.0,0.0,0.0,0.0,0.0,0.0,0.0,0.0,1.0,0.0,1.0,1.0,12
LEFT,RIGHT,False,0.2,strong,2.0,independent_rollout,8,explicit_belief_mixing,0.2670941148265542,0.0008322843431407895,0.26656530658368266,0.26762292306942576,-4.625929269271485e-18,1.6024689053196365e-17,-1.4807530942571585e-17,5.5556724040286136e-18,0.0,0.0,0.0,0.0,1.0,0.0,1.0,1.0,0.0,0.0,0.0,0.0,12
LEFT,RIGHT,False,0.2,strong,2.0,independent_rollout,8,ordinary_flat_aggregation,0.9999999991346904,1.9542335891016117e-10,0.9999999990105243,0.9999999992588565,0.0,0.0,0.0,0.0,0.0,0.0,0.0,0.0,0.0,0.0,0.0,0.0,1.0,0.0,1.0,1.0,12
LEFT,RIGHT,False,0.2,strong,2.0,independent_rollout,8,provenance_preserving,0.9999999991346904,1.9542335891016117e-10,0.9999999990105243,0.9999999992588565,0.0,0.0,0.0,0.0,0.0,0.0,0.0,0.0,0.0,0.0,0.0,0.0,1.0,0.0,1.0,1.0,12
LEFT,RIGHT,False,0.2,strong,2.0,independent_rollout,8,semantic_group_deduplication,0.5062789954918054,0.022311414962359815,0.49210299874326674,0.5204549922403442,0.009464149903797287,0.034010329192552105,-0.012144982321286671,0.031073282128881247,0.6666666666666666,0.4923659639173309,0.3538322581202631,0.9795010752130702,0.3333333333333333,0.49236596391733095,0.020498924786929718,0.6461677418797369,0.6666666666666666,0.4923659639173309,0.3538322581202631,0.9795010752130702,12
LEFT,RIGHT,False,0.2,strong,2.0,independent_rollout,8,single_trajectory_score_average,0.3341882296531084,0.0016645686862815864,0.3331306131673653,0.3352458461388515,-9.25185853854297e-18,2.1607686311362423e-17,-2.2980727434131856e-17,4.4770103570459136e-18,0.0,0.0,0.0,0.0,1.0,0.0,1.0,1.0,0.0,0.0,0.0,0.0,12
LEFT,RIGHT,False,0.2,strong,2.0,independent_rollout,8,source_group_average,0.3341882296531084,0.0016645686862815864,0.3331306131673653,0.3352458461388515,-9.25185853854297e-18,2.1607686311362423e-17,-2.2980727434131856e-17,4.4770103570459136e-18,0.0,0.0,0.0,0.0,1.0,0.0,1.0,1.0,0.0,0.0,0.0,0.0,12
LEFT,RIGHT,False,0.2,strong,2.0,independent_rollout,16,exact_deduplication,0.9999999991346904,1.9542335891016117e-10,0.9999999990105243,0.9999999992588565,0.0,0.0,0.0,0.0,0.0,0.0,0.0,0.0,0.0,0.0,0.0,0.0,1.0,0.0,1.0,1.0,12
LEFT,RIGHT,False,0.2,strong,2.0,independent_rollout,16,explicit_belief_mixing,0.2670941148265542,0.0008322843431407965,0.26656530658368266,0.26762292306942576,4.625929269271485e-18,1.6024689053196365e-17,-5.5556724040286136e-18,1.4807530942571585e-17,0.0,0.0,0.0,0.0,1.0,0.0,1.0,1.0,0.0,0.0,0.0,0.0,12
LEFT,RIGHT,False,0.2,strong,2.0,independent_rollout,16,ordinary_flat_aggregation,0.9999999991346904,1.9542335891016117e-10,0.9999999990105243,0.9999999992588565,0.0,0.0,0.0,0.0,0.0,0.0,0.0,0.0,0.0,0.0,0.0,0.0,1.0,0.0,1.0,1.0,12
LEFT,RIGHT,False,0.2,strong,2.0,independent_rollout,16,provenance_preserving,0.9999999991346904,1.9542335891016117e-10,0.9999999990105243,0.9999999992588565,0.0,0.0,0.0,0.0,0.0,0.0,0.0,0.0,0.0,0.0,0.0,0.0,1.0,0.0,1.0,1.0,12
LEFT,RIGHT,False,0.2,strong,2.0,independent_rollout,16,semantic_group_deduplication,0.5023713473791457,0.02933896475804366,0.4837302585142228,0.5210124362440686,0.0055565017911376234,0.039073706521222544,-0.01926974690410072,0.030382750486375964,0.5,0.5222329678670935,0.16818900249253282,0.8318109975074672,0.5,0.5222329678670935,0.16818900249253282,0.8318109975074672,0.5,0.5222329678670935,0.16818900249253282,0.8318109975074672,12
LEFT,RIGHT,False,0.2,strong,2.0,independent_rollout,16,single_trajectory_score_average,0.3341882296531084,0.0016645686862815966,0.3331306131673653,0.3352458461388515,4.625929269271485e-18,2.858428219367977e-17,-1.3535657170697601e-17,2.278751570924057e-17,0.0,0.0,0.0,0.0,1.0,0.0,1.0,1.0,0.0,0.0,0.0,0.0,12
LEFT,RIGHT,False,0.2,strong,2.0,independent_rollout,16,source_group_average,0.3341882296531084,0.0016645686862815966,0.3331306131673653,0.3352458461388515,4.625929269271485e-18,2.858428219367977e-17,-1.3535657170697601e-17,2.278751570924057e-17,0.0,0.0,0.0,0.0,1.0,0.0,1.0,1.0,0.0,0.0,0.0,0.0,12
LEFT,RIGHT,False,0.2,strong,2.0,pure_duplication,1,exact_deduplication,0.33209419785357264,0.01691201475800064,0.3213488163246506,0.34283957938249465,0.0,0.0,0.0,0.0,0.0,0.0,0.0,0.0,1.0,0.0,1.0,1.0,0.0,0.0,0.0,0.0,12
LEFT,RIGHT,False,0.2,strong,2.0,pure_duplication,1,explicit_belief_mixing,0.26698776559759846,0.005106995102591786,0.2637429357160656,0.2702325954791313,0.0,0.0,0.0,0.0,0.0,0.0,0.0,0.0,1.0,0.0,1.0,1.0,0.0,0.0,0.0,0.0,12
LEFT,RIGHT,False,0.2,strong,2.0,pure_duplication,1,ordinary_flat_aggregation,0.5009245904775915,0.023133422145559166,0.4862263152820799,0.5156228656731031,0.0,0.0,0.0,0.0,0.0,0.0,0.0,0.0,0.5,0.5222329678670935,0.16818900249253282,0.8318109975074672,0.5,0.5222329678670935,0.16818900249253282,0.8318109975074672,12
LEFT,RIGHT,False,0.2,strong,2.0,pure_duplication,1,provenance_preserving,0.5009245904775915,0.023133422145559166,0.4862263152820799,0.5156228656731031,0.0,0.0,0.0,0.0,0.0,0.0,0.0,0.0,0.5,0.5222329678670935,0.16818900249253282,0.8318109975074672,0.5,0.5222329678670935,0.16818900249253282,0.8318109975074672,12
LEFT,RIGHT,False,0.2,strong,2.0,pure_duplication,1,semantic_group_deduplication,0.33209419785357264,0.01691201475800064,0.3213488163246506,0.34283957938249465,0.0,0.0,0.0,0.0,0.0,0.0,0.0,0.0,1.0,0.0,1.0,1.0,0.0,0.0,0.0,0.0,12
LEFT,RIGHT,False,0.2,strong,2.0,pure_duplication,1,single_trajectory_score_average,0.33397553119519685,0.01021399020518359,0.32748587143213115,0.34046519095826255,0.0,0.0,0.0,0.0,0.0,0.0,0.0,0.0,1.0,0.0,1.0,1.0,0.0,0.0,0.0,0.0,12
LEFT,RIGHT,False,0.2,strong,2.0,pure_duplication,1,source_group_average,0.33397553119519685,0.01021399020518359,0.32748587143213115,0.34046519095826255,0.0,0.0,0.0,0.0,0.0,0.0,0.0,0.0,1.0,0.0,1.0,1.0,0.0,0.0,0.0,0.0,12
LEFT,RIGHT,False,0.2,strong,2.0,pure_duplication,2,exact_deduplication,0.3431589578070249,0.016024866989461397,0.3329772430784157,0.35334067253563406,0.01106475995345225,0.021819770689767964,-0.0027988609273318765,0.024928380834236374,0.0,0.0,0.0,0.0,1.0,0.0,1.0,1.0,0.0,0.0,0.0,0.0,12
LEFT,RIGHT,False,0.2,strong,2.0,pure_duplication,2,explicit_belief_mixing,0.26698776559759835,0.005106995102591782,0.2637429357160655,0.2702325954791312,-4.625929269271485e-18,1.6024689053196365e-17,-1.4807530942571585e-17,5.5556724040286136e-18,0.0,0.0,0.0,0.0,1.0,0.0,1.0,1.0,0.0,0.0,0.0,0.0,12
LEFT,RIGHT,False,0.2,strong,2.0,pure_duplication,2,ordinary_flat_aggregation,0.7996650496815455,0.03072616209982374,0.7801425776753099,0.8191875216877811,0.29874045920395365,0.007784869239099439,0.2937941892695971,0.3036867291383102,0.5,0.5222329678670935,0.16818900249253282,0.8318109975074672,0.0,0.0,0.0,0.0,1.0,0.0,1.0,1.0,12
LEFT,RIGHT,False,0.2,strong,2.0,pure_duplication,2,provenance_preserving,0.5009245904775915,0.023133422145559166,0.4862263152820799,0.5156228656731031,0.0,0.0,0.0,0.0,0.0,0.0,0.0,0.0,0.5,0.5222329678670935,0.16818900249253282,0.8318109975074672,0.5,0.5222329678670935,0.16818900249253282,0.8318109975074672,12
LEFT,RIGHT,False,0.2,strong,2.0,pure_duplication,2,semantic_group_deduplication,0.3431589578070249,0.016024866989461397,0.3329772430784157,0.35334067253563406,0.01106475995345225,0.021819770689767964,-0.0027988609273318765,0.024928380834236374,0.0,0.0,0.0,0.0,1.0,0.0,1.0,1.0,0.0,0.0,0.0,0.0,12
LEFT,RIGHT,False,0.2,strong,2.0,pure_duplication,2,single_trajectory_score_average,0.3339755311951968,0.010213990205183583,0.3274858714321311,0.3404651909582625,0.0,2.367003441645759e-17,-1.503922236629014e-17,1.503922236629014e-17,0.0,0.0,0.0,0.0,1.0,0.0,1.0,1.0,0.0,0.0,0.0,0.0,12
LEFT,RIGHT,False,0.2,strong,2.0,pure_duplication,2,source_group_average,0.33397553119519685,0.01021399020518359,0.32748587143213115,0.34046519095826255,0.0,0.0,0.0,0.0,0.0,0.0,0.0,0.0,1.0,0.0,1.0,1.0,0.0,0.0,0.0,0.0,12
LEFT,RIGHT,False,0.2,strong,2.0,pure_duplication,4,exact_deduplication,0.3292441201466338,0.01580460881461819,0.31920235078570675,0.33928588950756083,-0.0028500777069388147,0.007088620834155813,-0.007353972509941851,0.0016538170960642222,0.0,0.0,0.0,0.0,1.0,0.0,1.0,1.0,0.0,0.0,0.0,0.0,12
LEFT,RIGHT,False,0.2,strong,2.0,pure_duplication,4,explicit_belief_mixing,0.26698776559759846,0.005106995102591786,0.2637429357160656,0.2702325954791313,0.0,0.0,0.0,0.0,0.0,0.0,0.0,0.0,1.0,0.0,1.0,1.0,0.0,0.0,0.0,0.0,12
LEFT,RIGHT,False,0.2,strong,2.0,pure_duplication,4,ordinary_flat_aggregation,0.9838244751431975,0.006742657485283158,0.9795403949649956,0.9881085553213994,0.48289988466560585,0.01660741766228947,0.47234803489814764,0.49345173443306406,0.5,0.5222329678670935,0.16818900249253282,0.8318109975074672,0.0,0.0,0.0,0.0,1.0,0.0,1.0,1.0,12
LEFT,RIGHT,False,0.2,strong,2.0,pure_duplication,4,provenance_preserving,0.5009245904775915,0.023133422145559166,0.4862263152820799,0.5156228656731031,0.0,0.0,0.0,0.0,0.0,0.0,0.0,0.0,0.5,0.5222329678670935,0.16818900249253282,0.8318109975074672,0.5,0.5222329678670935,0.16818900249253282,0.8318109975074672,12
LEFT,RIGHT,False,0.2,strong,2.0,pure_duplication,4,semantic_group_deduplication,0.3292441201466338,0.01580460881461819,0.31920235078570675,0.33928588950756083,-0.0028500777069388147,0.007088620834155813,-0.007353972509941851,0.0016538170960642222,0.0,0.0,0.0,0.0,1.0,0.0,1.0,1.0,0.0,0.0,0.0,0.0,12
LEFT,RIGHT,False,0.2,strong,2.0,pure_duplication,4,single_trajectory_score_average,0.33397553119519685,0.01021399020518359,0.32748587143213115,0.34046519095826255,0.0,0.0,0.0,0.0,0.0,0.0,0.0,0.0,1.0,0.0,1.0,1.0,0.0,0.0,0.0,0.0,12
LEFT,RIGHT,False,0.2,strong,2.0,pure_duplication,4,source_group_average,0.33397553119519685,0.01021399020518359,0.32748587143213115,0.34046519095826255,0.0,0.0,0.0,0.0,0.0,0.0,0.0,0.0,1.0,0.0,1.0,1.0,0.0,0.0,0.0,0.0,12
LEFT,RIGHT,False,0.2,strong,2.0,pure_duplication,8,exact_deduplication,0.33510879203790256,0.021877524451577063,0.3212084761675356,0.3490091079082695,0.003014594184329908,0.025442114095193324,-0.013150553893363535,0.01917974226202335,0.0,0.0,0.0,0.0,1.0,0.0,1.0,1.0,0.0,0.0,0.0,0.0,12
LEFT,RIGHT,False,0.2,strong,2.0,pure_duplication,8,explicit_belief_mixing,0.26698776559759846,0.005106995102591786,0.2637429357160656,0.2702325954791313,0.0,0.0,0.0,0.0,0.0,0.0,0.0,0.0,1.0,0.0,1.0,1.0,0.0,0.0,0.0,0.0,12
LEFT,RIGHT,False,0.2,strong,2.0,pure_duplication,8,ordinary_flat_aggregation,0.9999207155805344,7.806016940441536e-05,0.9998711185151069,0.9999703126459619,0.49899612510294283,0.02306208327586034,0.48434317646276626,0.5136490737431194,0.5,0.5222329678670935,0.16818900249253282,0.8318109975074672,0.0,0.0,0.0,0.0,1.0,0.0,1.0,1.0,12
LEFT,RIGHT,False,0.2,strong,2.0,pure_duplication,8,provenance_preserving,0.5009245904775915,0.023133422145559166,0.4862263152820799,0.5156228656731031,0.0,0.0,0.0,0.0,0.0,0.0,0.0,0.0,0.5,0.5222329678670935,0.16818900249253282,0.8318109975074672,0.5,0.5222329678670935,0.16818900249253282,0.8318109975074672,12
LEFT,RIGHT,False,0.2,strong,2.0,pure_duplication,8,semantic_group_deduplication,0.33510879203790256,0.021877524451577063,0.3212084761675356,0.3490091079082695,0.003014594184329908,0.025442114095193324,-0.013150553893363535,0.01917974226202335,0.0,0.0,0.0,0.0,1.0,0.0,1.0,1.0,0.0,0.0,0.0,0.0,12
LEFT,RIGHT,False,0.2,strong,2.0,pure_duplication,8,single_trajectory_score_average,0.33397553119519685,0.01021399020518359,0.32748587143213115,0.34046519095826255,0.0,0.0,0.0,0.0,0.0,0.0,0.0,0.0,1.0,0.0,1.0,1.0,0.0,0.0,0.0,0.0,12
LEFT,RIGHT,False,0.2,strong,2.0,pure_duplication,8,source_group_average,0.33397553119519685,0.01021399020518359,0.32748587143213115,0.34046519095826255,0.0,0.0,0.0,0.0,0.0,0.0,0.0,0.0,1.0,0.0,1.0,1.0,0.0,0.0,0.0,0.0,12
LEFT,RIGHT,False,0.2,strong,2.0,pure_duplication,16,exact_deduplication,0.32819585959450387,0.021273461786773952,0.314679346830601,0.34171237235840674,-0.003898338259068735,0.023268683873344662,-0.018682554656271232,0.010885878138133761,0.0,0.0,0.0,0.0,1.0,0.0,1.0,1.0,0.0,0.0,0.0,0.0,12
LEFT,RIGHT,False,0.2,strong,2.0,pure_duplication,16,explicit_belief_mixing,0.26698776559759846,0.005106995102591785,0.2637429357160656,0.2702325954791313,4.625929269271485e-18,1.6024689053196365e-17,-5.5556724040286136e-18,1.4807530942571585e-17,0.0,0.0,0.0,0.0,1.0,0.0,1.0,1.0,0.0,0.0,0.0,0.0,12
LEFT,RIGHT,False,0.2,strong,2.0,pure_duplication,16,ordinary_flat_aggregation,0.9999999970307057,6.597193566022772e-09,0.999999992839049,1.0000000012223627,0.4990754065531144,0.02313341690138587,0.48437713468959154,0.5137736784166372,0.5,0.5222329678670935,0.16818900249253282,0.8318109975074672,0.0,0.0,0.0,0.0,1.0,0.0,1.0,1.0,12
LEFT,RIGHT,False,0.2,strong,2.0,pure_duplication,16,provenance_preserving,0.5009245904775915,0.023133422145559166,0.4862263152820799,0.5156228656731031,0.0,0.0,0.0,0.0,0.0,0.0,0.0,0.0,0.5,0.5222329678670935,0.16818900249253282,0.8318109975074672,0.5,0.5222329678670935,0.16818900249253282,0.8318109975074672,12
LEFT,RIGHT,False,0.2,strong,2.0,pure_duplication,16,semantic_group_deduplication,0.32819585959450387,0.021273461786773952,0.314679346830601,0.34171237235840674,-0.003898338259068735,0.023268683873344662,-0.018682554656271232,0.010885878138133761,0.0,0.0,0.0,0.0,1.0,0.0,1.0,1.0,0.0,0.0,0.0,0.0,12
LEFT,RIGHT,False,0.2,strong,2.0,pure_duplication,16,single_trajectory_score_average,0.33397553119519685,0.010213990205183593,0.32748587143213115,0.34046519095826255,9.25185853854297e-18,2.1607686311362426e-17,-4.477010357045915e-18,2.2980727434131856e-17,0.0,0.0,0.0,0.0,1.0,0.0,1.0,1.0,0.0,0.0,0.0,0.0,12
LEFT,RIGHT,False,0.2,strong,2.0,pure_duplication,16,source_group_average,0.33397553119519685,0.01021399020518359,0.32748587143213115,0.34046519095826255,0.0,0.0,0.0,0.0,0.0,0.0,0.0,0.0,1.0,0.0,1.0,1.0,0.0,0.0,0.0,0.0,12
LEFT,RIGHT,False,0.2,weak,1.2,independent_rollout,1,exact_deduplication,0.9878165226396863,0.005479817063318591,0.9843348129855365,0.9912982322938362,0.0,0.0,0.0,0.0,0.0,0.0,0.0,0.0,0.0,0.0,0.0,0.0,1.0,0.0,1.0,1.0,12
LEFT,RIGHT,False,0.2,weak,1.2,independent_rollout,1,explicit_belief_mixing,0.21563760877902402,0.0013511954074739577,0.2147791001754547,0.21649611738259333,0.0,0.0,0.0,0.0,0.0,0.0,0.0,0.0,1.0,0.0,1.0,1.0,0.0,0.0,0.0,0.0,12
LEFT,RIGHT,False,0.2,weak,1.2,independent_rollout,1,ordinary_flat_aggregation,0.9878165226396863,0.005479817063318591,0.9843348129855365,0.9912982322938362,0.0,0.0,0.0,0.0,0.0,0.0,0.0,0.0,0.0,0.0,0.0,0.0,1.0,0.0,1.0,1.0,12
LEFT,RIGHT,False,0.2,weak,1.2,independent_rollout,1,provenance_preserving,0.9878165226396863,0.005479817063318591,0.9843348129855365,0.9912982322938362,0.0,0.0,0.0,0.0,0.0,0.0,0.0,0.0,0.0,0.0,0.0,0.0,1.0,0.0,1.0,1.0,12
LEFT,RIGHT,False,0.2,weak,1.2,independent_rollout,1,semantic_group_deduplication,0.26480503283468654,0.015713881450743414,0.25482090889057696,0.2747891567787961,0.0,0.0,0.0,0.0,0.0,0.0,0.0,0.0,1.0,0.0,1.0,1.0,0.0,0.0,0.0,0.0,12
LEFT,RIGHT,False,0.2,weak,1.2,independent_rollout,1,single_trajectory_score_average,0.23127521755804795,0.0027023908149479193,0.2295582003509093,0.2329922347651866,0.0,0.0,0.0,0.0,0.0,0.0,0.0,0.0,1.0,0.0,1.0,1.0,0.0,0.0,0.0,0.0,12
LEFT,RIGHT,False,0.2,weak,1.2,independent_rollout,1,source_group_average,0.23127521755804795,0.0027023908149479193,0.2295582003509093,0.2329922347651866,0.0,0.0,0.0,0.0,0.0,0.0,0.0,0.0,1.0,0.0,1.0,1.0,0.0,0.0,0.0,0.0,12
LEFT,RIGHT,False,0.2,weak,1.2,independent_rollout,2,exact_deduplication,0.9878165226396863,0.005479817063318591,0.9843348129855365,0.9912982322938362,0.0,0.0,0.0,0.0,0.0,0.0,0.0,0.0,0.0,0.0,0.0,0.0,1.0,0.0,1.0,1.0,12
LEFT,RIGHT,False,0.2,weak,1.2,independent_rollout,2,explicit_belief_mixing,0.21563760877902402,0.00135119540747395,0.2147791001754547,0.21649611738259333,-4.625929269271485e-18,1.6024689053196368e-17,-1.4807530942571585e-17,5.555672404028615e-18,0.0,0.0,0.0,0.0,1.0,0.0,1.0,1.0,0.0,0.0,0.0,0.0,12
LEFT,RIGHT,False,0.2,weak,1.2,independent_rollout,2,ordinary_flat_aggregation,0.9878165226396863,0.005479817063318591,0.9843348129855365,0.9912982322938362,0.0,0.0,0.0,0.0,0.0,0.0,0.0,0.0,0.0,0.0,0.0,0.0,1.0,0.0,1.0,1.0,12
LEFT,RIGHT,False,0.2,weak,1.2,independent_rollout,2,provenance_preserving,0.9878165226396863,0.005479817063318591,0.9843348129855365,0.9912982322938362,0.0,0.0,0.0,0.0,0.0,0.0,0.0,0.0,0.0,0.0,0.0,0.0,1.0,0.0,1.0,1.0,12
LEFT,RIGHT,False,0.2,weak,1.2,independent_rollout,2,semantic_group_deduplication,0.2596744286686487,0.023849386742623952,0.24452125127096022,0.27482760606633716,-0.005130604166037817,0.021295490105724364,-0.018661113056064636,0.008399904723989,0.0,0.0,0.0,0.0,1.0,0.0,1.0,1.0,0.0,0.0,0.0,0.0,12
LEFT,RIGHT,False,0.2,weak,1.2,independent_rollout,2,single_trajectory_score_average,0.23127521755804795,0.0027023908149479076,0.2295582003509093,0.2329922347651866,-6.938893903907228e-18,1.7252354003962106e-17,-1.7900516673122142e-17,4.022728865307683e-18,0.0,0.0,0.0,0.0,1.0,0.0,1.0,1.0,0.0,0.0,0.0,0.0,12
LEFT,RIGHT,False,0.2,weak,1.2,independent_rollout,2,source_group_average,0.23127521755804795,0.0027023908149479076,0.2295582003509093,0.2329922347651866,-6.938893903907228e-18,1.7252354003962106e-17,-1.7900516673122142e-17,4.022728865307683e-18,0.0,0.0,0.0,0.0,1.0,0.0,1.0,1.0,0.0,0.0,0.0,0.0,12
LEFT,RIGHT,False,0.2,weak,1.2,independent_rollout,4,exact_deduplication,0.9878165226396863,0.005479817063318591,0.9843348129855365,0.9912982322938362,0.0,0.0,0.0,0.0,0.0,0.0,0.0,0.0,0.0,0.0,0.0,0.0,1.0,0.0,1.0,1.0,12
LEFT,RIGHT,False,0.2,weak,1.2,independent_rollout,4,explicit_belief_mixing,0.21563760877902402,0.0013511954074739544,0.2147791001754547,0.21649611738259333,-2.3129646346357427e-18,1.4292141096839885e-17,-1.1393757854620285e-17,6.767828585348801e-18,0.0,0.0,0.0,0.0,1.0,0.0,1.0,1.0,0.0,0.0,0.0,0.0,12
LEFT,RIGHT,False,0.2,weak,1.2,independent_rollout,4,ordinary_flat_aggregation,0.9878165226396863,0.005479817063318591,0.9843348129855365,0.9912982322938362,0.0,0.0,0.0,0.0,0.0,0.0,0.0,0.0,0.0,0.0,0.0,0.0,1.0,0.0,1.0,1.0,12
LEFT,RIGHT,False,0.2,weak,1.2,independent_rollout,4,provenance_preserving,0.9878165226396863,0.005479817063318591,0.9843348129855365,0.9912982322938362,0.0,0.0,0.0,0.0,0.0,0.0,0.0,0.0,0.0,0.0,0.0,0.0,1.0,0.0,1.0,1.0,12
LEFT,RIGHT,False,0.2,weak,1.2,independent_rollout,4,semantic_group_deduplication,0.26271022169580194,0.017987324628781453,0.2512816208704983,0.27413882252110555,-0.002094811138884584,0.017239664893094555,-0.013048371631695078,0.008858749353925909,0.0,0.0,0.0,0.0,1.0,0.0,1.0,1.0,0.0,0.0,0.0,0.0,12
LEFT,RIGHT,False,0.2,weak,1.2,independent_rollout,4,single_trajectory_score_average,0.23127521755804795,0.0027023908149479115,0.2295582003509093,0.2329922347651866,-4.625929269271485e-18,2.3171662087337948e-17,-1.9348500964634635e-17,1.0096642426091666e-17,0.0,0.0,0.0,0.0,1.0,0.0,1.0,1.0,0.0,0.0,0.0,0.0,12
LEFT,RIGHT,False,0.2,weak,1.2,independent_rollout,4,source_group_average,0.23127521755804795,0.0027023908149479115,0.2295582003509093,0.2329922347651866,-4.625929269271485e-18,2.3171662087337948e-17,-1.9348500964634635e-17,1.0096642426091666e-17,0.0,0.0,0.0,0.0,1.0,0.0,1.0,1.0,0.0,0.0,0.0,0.0,12
LEFT,RIGHT,False,0.2,weak,1.2,independent_rollout,8,exact_deduplication,0.9878165226396863,0.005479817063318591,0.9843348129855365,0.9912982322938362,0.0,0.0,0.0,0.0,0.0,0.0,0.0,0.0,0.0,0.0,0.0,0.0,1.0,0.0,1.0,1.0,12
LEFT,RIGHT,False,0.2,weak,1.2,independent_rollout,8,explicit_belief_mixing,0.21563760877902402,0.0013511954074739525,0.2147791001754547,0.21649611738259333,-4.625929269271485e-18,1.0803843155681211e-17,-1.1490363717065928e-17,2.2385051785229568e-18,0.0,0.0,0.0,0.0,1.0,0.0,1.0,1.0,0.0,0.0,0.0,0.0,12
LEFT,RIGHT,False,0.2,weak,1.2,independent_rollout,8,ordinary_flat_aggregation,0.9878165226396863,0.005479817063318591,0.9843348129855365,0.9912982322938362,0.0,0.0,0.0,0.0,0.0,0.0,0.0,0.0,0.0,0.0,0.0,0.0,1.0,0.0,1.0,1.0,12
LEFT,RIGHT,False,0.2,weak,1.2,independent_rollout,8,provenance_preserving,0.9878165226396863,0.005479817063318591,0.9843348129855365,0.9912982322938362,0.0,0.0,0.0,0.0,0.0,0.0,0.0,0.0,0.0,0.0,0.0,0.0,1.0,0.0,1.0,1.0,12
LEFT,RIGHT,False,0.2,weak,1.2,independent_rollout,8,semantic_group_deduplication,0.2723918333843351,0.014671463648038419,0.2630700301135981,0.2817136366550721,0.00758680054964854,0.021880725997118388,-0.006315549485707969,0.02148915058500505,0.0,0.0,0.0,0.0,1.0,0.0,1.0,1.0,0.0,0.0,0.0,0.0,12
LEFT,RIGHT,False,0.2,weak,1.2,independent_rollout,8,single_trajectory_score_average,0.23127521755804795,0.002702390814947908,0.2295582003509093,0.2329922347651866,-1.3877787807814457e-17,1.8712805262645128e-17,-2.5767337036620438e-17,-1.9882385790084738e-18,0.0,0.0,0.0,0.0,1.0,0.0,1.0,1.0,0.0,0.0,0.0,0.0,12
LEFT,RIGHT,False,0.2,weak,1.2,independent_rollout,8,source_group_average,0.23127521755804795,0.002702390814947908,0.2295582003509093,0.2329922347651866,-1.3877787807814457e-17,1.8712805262645128e-17,-2.5767337036620438e-17,-1.9882385790084738e-18,0.0,0.0,0.0,0.0,1.0,0.0,1.0,1.0,0.0,0.0,0.0,0.0,12
LEFT,RIGHT,False,0.2,weak,1.2,independent_rollout,16,exact_deduplication,0.9878165226396863,0.005479817063318591,0.9843348129855365,0.9912982322938362,0.0,0.0,0.0,0.0,0.0,0.0,0.0,0.0,0.0,0.0,0.0,0.0,1.0,0.0,1.0,1.0,12
LEFT,RIGHT,False,0.2,weak,1.2,independent_rollout,16,explicit_belief_mixing,0.21563760877902402,0.001351195407473954,0.2147791001754547,0.21649611738259333,-6.938893903907228e-18,1.2552931385097095e-17,-1.4914645993139343e-17,1.036858185324886e-18,0.0,0.0,0.0,0.0,1.0,0.0,1.0,1.0,0.0,0.0,0.0,0.0,12
LEFT,RIGHT,False,0.2,weak,1.2,independent_rollout,16,ordinary_flat_aggregation,0.9878165226396863,0.005479817063318591,0.9843348129855365,0.9912982322938362,0.0,0.0,0.0,0.0,0.0,0.0,0.0,0.0,0.0,0.0,0.0,0.0,1.0,0.0,1.0,1.0,12
LEFT,RIGHT,False,0.2,weak,1.2,independent_rollout,16,provenance_preserving,0.9878165226396863,0.005479817063318591,0.9843348129855365,0.9912982322938362,0.0,0.0,0.0,0.0,0.0,0.0,0.0,0.0,0.0,0.0,0.0,0.0,1.0,0.0,1.0,1.0,12
LEFT,RIGHT,False,0.2,weak,1.2,independent_rollout,16,semantic_group_deduplication,0.26936799415335644,0.016756866047348436,0.2587211894122112,0.28001479889450165,0.0045629613186699254,0.024159725643605478,-0.010787396009501724,0.019913318646841576,0.0,0.0,0.0,0.0,1.0,0.0,1.0,1.0,0.0,0.0,0.0,0.0,12
LEFT,RIGHT,False,0.2,weak,1.2,independent_rollout,16,single_trajectory_score_average,0.23127521755804795,0.0027023908149479132,0.2295582003509093,0.2329922347651866,-9.25185853854297e-18,1.8078287402604465e-17,-2.0738254353009213e-17,2.2345372759232704e-18,0.0,0.0,0.0,0.0,1.0,0.0,1.0,1.0,0.0,0.0,0.0,0.0,12
LEFT,RIGHT,False,0.2,weak,1.2,independent_rollout,16,source_group_average,0.23127521755804795,0.0027023908149479132,0.2295582003509093,0.2329922347651866,-9.25185853854297e-18,1.8078287402604465e-17,-2.0738254353009213e-17,2.2345372759232704e-18,0.0,0.0,0.0,0.0,1.0,0.0,1.0,1.0,0.0,0.0,0.0,0.0,12
LEFT,RIGHT,False,0.2,weak,1.2,pure_duplication,1,exact_deduplication,0.22832241180714993,0.017903731509881695,0.2169469235156647,0.23969790009863517,0.0,0.0,0.0,0.0,0.0,0.0,0.0,0.0,1.0,0.0,1.0,1.0,0.0,0.0,0.0,0.0,12
LEFT,RIGHT,False,0.2,weak,1.2,pure_duplication,1,explicit_belief_mixing,0.21709605347747196,0.0048091532796261174,0.2140404632618708,0.22015164369307313,0.0,0.0,0.0,0.0,0.0,0.0,0.0,0.0,1.0,0.0,1.0,1.0,0.0,0.0,0.0,0.0,12
LEFT,RIGHT,False,0.2,weak,1.2,pure_duplication,1,ordinary_flat_aggregation,0.2718721142653239,0.021252136217099128,0.2583691511219575,0.28537507740869034,0.0,0.0,0.0,0.0,0.0,0.0,0.0,0.0,1.0,0.0,1.0,1.0,0.0,0.0,0.0,0.0,12
LEFT,RIGHT,False,0.2,weak,1.2,pure_duplication,1,provenance_preserving,0.2718721142653239,0.021252136217099128,0.2583691511219575,0.28537507740869034,0.0,0.0,0.0,0.0,0.0,0.0,0.0,0.0,1.0,0.0,1.0,1.0,0.0,0.0,0.0,0.0,12
LEFT,RIGHT,False,0.2,weak,1.2,pure_duplication,1,semantic_group_deduplication,0.22832241180714993,0.017903731509881695,0.2169469235156647,0.23969790009863517,0.0,0.0,0.0,0.0,0.0,0.0,0.0,0.0,1.0,0.0,1.0,1.0,0.0,0.0,0.0,0.0,12
LEFT,RIGHT,False,0.2,weak,1.2,pure_duplication,1,single_trajectory_score_average,0.23419210695494388,0.00961830655925223,0.22808092652374157,0.2403032873861462,0.0,0.0,0.0,0.0,0.0,0.0,0.0,0.0,1.0,0.0,1.0,1.0,0.0,0.0,0.0,0.0,12
LEFT,RIGHT,False,0.2,weak,1.2,pure_duplication,1,source_group_average,0.23419210695494388,0.00961830655925223,0.22808092652374157,0.2403032873861462,0.0,0.0,0.0,0.0,0.0,0.0,0.0,0.0,1.0,0.0,1.0,1.0,0.0,0.0,0.0,0.0,12
LEFT,RIGHT,False,0.2,weak,1.2,pure_duplication,2,exact_deduplication,0.23342641236533893,0.014879136441094239,0.22397266009701094,0.2428801646336669,0.0051040005581889855,0.014180291928567288,-0.0039057270907220058,0.014113728207099977,0.0,0.0,0.0,0.0,1.0,0.0,1.0,1.0,0.0,0.0,0.0,0.0,12
LEFT,RIGHT,False,0.2,weak,1.2,pure_duplication,2,explicit_belief_mixing,0.21709605347747196,0.0048091532796261174,0.2140404632618708,0.22015164369307313,0.0,0.0,0.0,0.0,0.0,0.0,0.0,0.0,1.0,0.0,1.0,1.0,0.0,0.0,0.0,0.0,12
LEFT,RIGHT,False,0.2,weak,1.2,pure_duplication,2,ordinary_flat_aggregation,0.3582633967116487,0.04902470713806199,0.32711458386586206,0.38941220955743533,0.08639128244632484,0.02777427582175695,0.06874434950162017,0.1040382153910295,0.0,0.0,0.0,0.0,1.0,0.0,1.0,1.0,0.0,0.0,0.0,0.0,12
LEFT,RIGHT,False,0.2,weak,1.2,pure_duplication,2,provenance_preserving,0.2718721142653239,0.021252136217099128,0.2583691511219575,0.28537507740869034,0.0,0.0,0.0,0.0,0.0,0.0,0.0,0.0,1.0,0.0,1.0,1.0,0.0,0.0,0.0,0.0,12
LEFT,RIGHT,False,0.2,weak,1.2,pure_duplication,2,semantic_group_deduplication,0.23342641236533893,0.014879136441094239,0.22397266009701094,0.2428801646336669,0.0051040005581889855,0.014180291928567288,-0.0039057270907220058,0.014113728207099977,0.0,0.0,0.0,0.0,1.0,0.0,1.0,1.0,0.0,0.0,0.0,0.0,12
LEFT,RIGHT,False,0.2,weak,1.2,pure_duplication,2,single_trajectory_score_average,0.23419210695494388,0.00961830655925223,0.22808092652374157,0.2403032873861462,-2.3129646346357427e-18,8.012344526598183e-18,-7.403765471285793e-18,2.7778362020143068e-18,0.0,0.0,0.0,0.0,1.0,0.0,1.0,1.0,0.0,0.0,0.0,0.0,12
LEFT,RIGHT,False,0.2,weak,1.2,pure_duplication,2,source_group_average,0.23419210695494388,0.00961830655925223,0.22808092652374157,0.2403032873861462,0.0,0.0,0.0,0.0,0.0,0.0,0.0,0.0,1.0,0.0,1.0,1.0,0.0,0.0,0.0,0.0,12
LEFT,RIGHT,False,0.2,weak,1.2,pure_duplication,4,exact_deduplication,0.23049533592309715,0.016063628815765982,0.22028899310502847,0.24070167874116583,0.0021729241159472376,0.0208682867319689,-0.011086152700069976,0.015432000931964451,0.0,0.0,0.0,0.0,1.0,0.0,1.0,1.0,0.0,0.0,0.0,0.0,12
LEFT,RIGHT,False,0.2,weak,1.2,pure_duplication,4,explicit_belief_mixing,0.21709605347747196,0.0048091532796261174,0.2140404632618708,0.22015164369307313,0.0,0.0,0.0,0.0,0.0,0.0,0.0,0.0,1.0,0.0,1.0,1.0,0.0,0.0,0.0,0.0,12
LEFT,RIGHT,False,0.2,weak,1.2,pure_duplication,4,ordinary_flat_aggregation,0.5498825716185136,0.10181725110594825,0.48519097661846206,0.6145741666185651,0.2780104573531897,0.08061111059839467,0.22679260121691205,0.32922831348946735,0.75,0.45226701686664544,0.46264324690347836,1.0373567530965215,0.25,0.45226701686664544,-0.037356753096521644,0.5373567530965216,0.75,0.45226701686664544,0.46264324690347836,1.0373567530965215,12
LEFT,RIGHT,False,0.2,weak,1.2,pure_duplication,4,provenance_preserving,0.2718721142653239,0.021252136217099128,0.2583691511219575,0.28537507740869034,0.0,0.0,0.0,0.0,0.0,0.0,0.0,0.0,1.0,0.0,1.0,1.0,0.0,0.0,0.0,0.0,12
LEFT,RIGHT,False,0.2,weak,1.2,pure_duplication,4,semantic_group_deduplication,0.23049533592309715,0.016063628815765982,0.22028899310502847,0.24070167874116583,0.0021729241159472376,0.0208682867319689,-0.011086152700069976,0.015432000931964451,0.0,0.0,0.0,0.0,1.0,0.0,1.0,1.0,0.0,0.0,0.0,0.0,12
LEFT,RIGHT,False,0.2,weak,1.2,pure_duplication,4,single_trajectory_score_average,0.23419210695494388,0.00961830655925223,0.22808092652374157,0.2403032873861462,0.0,0.0,0.0,0.0,0.0,0.0,0.0,0.0,1.0,0.0,1.0,1.0,0.0,0.0,0.0,0.0,12
LEFT,RIGHT,False,0.2,weak,1.2,pure_duplication,4,source_group_average,0.23419210695494388,0.00961830655925223,0.22808092652374157,0.2403032873861462,0.0,0.0,0.0,0.0,0.0,0.0,0.0,0.0,1.0,0.0,1.0,1.0,0.0,0.0,0.0,0.0,12
LEFT,RIGHT,False,0.2,weak,1.2,pure_duplication,8,exact_deduplication,0.23277834870847472,0.014262014050259217,0.22371669730065633,0.2418400001162931,0.004455936901324789,0.021452230385412163,-0.009174160011199386,0.018086033813848962,0.0,0.0,0.0,0.0,1.0,0.0,1.0,1.0,0.0,0.0,0.0,0.0,12
LEFT,RIGHT,False,0.2,weak,1.2,pure_duplication,8,explicit_belief_mixing,0.21709605347747196,0.004809153279626117,0.2140404632618708,0.22015164369307313,-2.3129646346357427e-18,8.012344526598183e-18,-7.403765471285793e-18,2.7778362020143068e-18,0.0,0.0,0.0,0.0,1.0,0.0,1.0,1.0,0.0,0.0,0.0,0.0,12
LEFT,RIGHT,False,0.2,weak,1.2,pure_duplication,8,ordinary_flat_aggregation,0.8320855644781852,0.11540612880178608,0.7587600085053549,0.9054111204510155,0.5602134502128611,0.09608490233067053,0.4991640158618279,0.6212628845638942,1.0,0.0,1.0,1.0,0.0,0.0,0.0,0.0,1.0,0.0,1.0,1.0,12
LEFT,RIGHT,False,0.2,weak,1.2,pure_duplication,8,provenance_preserving,0.2718721142653239,0.021252136217099128,0.2583691511219575,0.28537507740869034,0.0,0.0,0.0,0.0,0.0,0.0,0.0,0.0,1.0,0.0,1.0,1.0,0.0,0.0,0.0,0.0,12
LEFT,RIGHT,False,0.2,weak,1.2,pure_duplication,8,semantic_group_deduplication,0.23277834870847472,0.014262014050259217,0.22371669730065633,0.2418400001162931,0.004455936901324789,0.021452230385412163,-0.009174160011199386,0.018086033813848962,0.0,0.0,0.0,0.0,1.0,0.0,1.0,1.0,0.0,0.0,0.0,0.0,12
LEFT,RIGHT,False,0.2,weak,1.2,pure_duplication,8,single_trajectory_score_average,0.23419210695494388,0.009618306559252228,0.22808092652374157,0.2403032873861462,-2.3129646346357427e-18,8.012344526598183e-18,-7.403765471285793e-18,2.7778362020143068e-18,0.0,0.0,0.0,0.0,1.0,0.0,1.0,1.0,0.0,0.0,0.0,0.0,12
LEFT,RIGHT,False,0.2,weak,1.2,pure_duplication,8,source_group_average,0.23419210695494388,0.00961830655925223,0.22808092652374157,0.2403032873861462,0.0,0.0,0.0,0.0,0.0,0.0,0.0,0.0,1.0,0.0,1.0,1.0,0.0,0.0,0.0,0.0,12
LEFT,RIGHT,False,0.2,weak,1.2,pure_duplication,16,exact_deduplication,0.228453935896628,0.01544845884180365,0.21863845343257096,0.23826941836068502,0.00013152408947806013,0.010679504506024545,-0.006653909349360912,0.006916957528317033,0.0,0.0,0.0,0.0,1.0,0.0,1.0,1.0,0.0,0.0,0.0,0.0,12
LEFT,RIGHT,False,0.2,weak,1.2,pure_duplication,16,explicit_belief_mixing,0.21709605347747196,0.004809153279626117,0.2140404632618708,0.22015164369307313,-2.3129646346357427e-18,8.012344526598183e-18,-7.403765471285793e-18,2.7778362020143068e-18,0.0,0.0,0.0,0.0,1.0,0.0,1.0,1.0,0.0,0.0,0.0,0.0,12
LEFT,RIGHT,False,0.2,weak,1.2,pure_duplication,16,ordinary_flat_aggregation,0.9778239143168066,0.04654931237876322,0.9482478922652555,1.0073999363683577,0.7059518000514826,0.03513443925964664,0.6836284423645436,0.7282751577384217,1.0,0.0,1.0,1.0,0.0,0.0,0.0,0.0,1.0,0.0,1.0,1.0,12
LEFT,RIGHT,False,0.2,weak,1.2,pure_duplication,16,provenance_preserving,0.2718721142653239,0.021252136217099128,0.2583691511219575,0.28537507740869034,0.0,0.0,0.0,0.0,0.0,0.0,0.0,0.0,1.0,0.0,1.0,1.0,0.0,0.0,0.0,0.0,12
LEFT,RIGHT,False,0.2,weak,1.2,pure_duplication,16,semantic_group_deduplication,0.228453935896628,0.01544845884180365,0.21863845343257096,0.23826941836068502,0.00013152408947806013,0.010679504506024545,-0.006653909349360912,0.006916957528317033,0.0,0.0,0.0,0.0,1.0,0.0,1.0,1.0,0.0,0.0,0.0,0.0,12
LEFT,RIGHT,False,0.2,weak,1.2,pure_duplication,16,single_trajectory_score_average,0.23419210695494388,0.009618306559252228,0.22808092652374157,0.2403032873861462,-4.625929269271485e-18,1.080384315568121e-17,-1.1490363717065927e-17,2.238505178522956e-18,0.0,0.0,0.0,0.0,1.0,0.0,1.0,1.0,0.0,0.0,0.0,0.0,12
LEFT,RIGHT,False,0.2,weak,1.2,pure_duplication,16,source_group_average,0.23419210695494388,0.00961830655925223,0.22808092652374157,0.2403032873861462,0.0,0.0,0.0,0.0,0.0,0.0,0.0,0.0,1.0,0.0,1.0,1.0,0.0,0.0,0.0,0.0,12
LEFT,RIGHT,False,0.5,medium,1.5,independent_rollout,1,exact_deduplication,0.9999974763186509,9.015292955364439e-07,0.9999969035142643,0.9999980491230375,0.0,0.0,0.0,0.0,0.0,0.0,0.0,0.0,0.0,0.0,0.0,0.0,1.0,0.0,1.0,1.0,12
LEFT,RIGHT,False,0.5,medium,1.5,independent_rollout,1,explicit_belief_mixing,0.5498723093750153,0.001479757231464917,0.5489321164855342,0.5508125022644964,0.0,0.0,0.0,0.0,0.0,0.0,0.0,0.0,0.0,0.0,0.0,0.0,1.0,0.0,1.0,1.0,12
LEFT,RIGHT,False,0.5,medium,1.5,independent_rollout,1,ordinary_flat_aggregation,0.9999974763186509,9.015292955364439e-07,0.9999969035142643,0.9999980491230375,0.0,0.0,0.0,0.0,0.0,0.0,0.0,0.0,0.0,0.0,0.0,0.0,1.0,0.0,1.0,1.0,12
LEFT,RIGHT,False,0.5,medium,1.5,independent_rollout,1,provenance_preserving,0.9999974763186509,9.015292955364439e-07,0.9999969035142643,0.9999980491230375,0.0,0.0,0.0,0.0,0.0,0.0,0.0,0.0,0.0,0.0,0.0,0.0,1.0,0.0,1.0,1.0,12
LEFT,RIGHT,False,0.5,medium,1.5,independent_rollout,1,semantic_group_deduplication,0.6906483000642512,0.028615095322639714,0.6724671358961691,0.7088294642323332,0.0,0.0,0.0,0.0,0.0,0.0,0.0,0.0,0.0,0.0,0.0,0.0,1.0,0.0,1.0,1.0,12
LEFT,RIGHT,False,0.5,medium,1.5,independent_rollout,1,single_trajectory_score_average,0.5997446187500307,0.002959514462929813,0.5978642329710685,0.6016250045289929,0.0,0.0,0.0,0.0,0.0,0.0,0.0,0.0,0.0,0.0,0.0,0.0,1.0,0.0,1.0,1.0,12
LEFT,RIGHT,False,0.5,medium,1.5,independent_rollout,1,source_group_average,0.5997446187500307,0.002959514462929813,0.5978642329710685,0.6016250045289929,0.0,0.0,0.0,0.0,0.0,0.0,0.0,0.0,0.0,0.0,0.0,0.0,1.0,0.0,1.0,1.0,12
LEFT,RIGHT,False,0.5,medium,1.5,independent_rollout,2,exact_deduplication,0.9999974763186509,9.015292955364439e-07,0.9999969035142643,0.9999980491230375,0.0,0.0,0.0,0.0,0.0,0.0,0.0,0.0,0.0,0.0,0.0,0.0,1.0,0.0,1.0,1.0,12
LEFT,RIGHT,False,0.5,medium,1.5,independent_rollout,2,explicit_belief_mixing,0.5498723093750153,0.0014797572314649166,0.5489321164855342,0.5508125022644964,-9.25185853854297e-18,3.204937810639273e-17,-2.961506188514317e-17,1.1111344808057227e-17,0.0,0.0,0.0,0.0,0.0,0.0,0.0,0.0,1.0,0.0,1.0,1.0,12
LEFT,RIGHT,False,0.5,medium,1.5,independent_rollout,2,ordinary_flat_aggregation,0.9999974763186509,9.015292955364439e-07,0.9999969035142643,0.9999980491230375,0.0,0.0,0.0,0.0,0.0,0.0,0.0,0.0,0.0,0.0,0.0,0.0,1.0,0.0,1.0,1.0,12
LEFT,RIGHT,False,0.5,medium,1.5,independent_rollout,2,provenance_preserving,0.9999974763186509,9.015292955364439e-07,0.9999969035142643,0.9999980491230375,0.0,0.0,0.0,0.0,0.0,0.0,0.0,0.0,0.0,0.0,0.0,0.0,1.0,0.0,1.0,1.0,12
LEFT,RIGHT,False,0.5,medium,1.5,independent_rollout,2,semantic_group_deduplication,0.6931733913747719,0.03090766772483013,0.6735355961963272,0.7128111865532165,0.002525091310520459,0.03577854836987423,-0.020207513780390696,0.025257696401431617,0.0,0.0,0.0,0.0,0.0,0.0,0.0,0.0,1.0,0.0,1.0,1.0,12
LEFT,RIGHT,False,0.5,medium,1.5,independent_rollout,2,single_trajectory_score_average,0.5997446187500307,0.00295951446292983,0.5978642329710685,0.6016250045289929,-9.25185853854297e-18,5.716856438735953e-17,-4.557503141848113e-17,2.707131434139519e-17,0.0,0.0,0.0,0.0,0.0,0.0,0.0,0.0,1.0,0.0,1.0,1.0,12
LEFT,RIGHT,False,0.5,medium,1.5,independent_rollout,2,source_group_average,0.5997446187500307,0.00295951446292983,0.5978642329710685,0.6016250045289929,-9.25185853854297e-18,5.716856438735953e-17,-4.557503141848113e-17,2.707131434139519e-17,0.0,0.0,0.0,0.0,0.0,0.0,0.0,0.0,1.0,0.0,1.0,1.0,12
LEFT,RIGHT,False,0.5,medium,1.5,independent_rollout,4,exact_deduplication,0.9999974763186509,9.015292955364439e-07,0.9999969035142643,0.9999980491230375,0.0,0.0,0.0,0.0,0.0,0.0,0.0,0.0,0.0,0.0,0.0,0.0,1.0,0.0,1.0,1.0,12
LEFT,RIGHT,False,0.5,medium,1.5,independent_rollout,4,explicit_belief_mixing,0.5498723093750153,0.0014797572314649166,0.5489321164855342,0.5508125022644964,-9.25185853854297e-18,3.204937810639273e-17,-2.961506188514317e-17,1.1111344808057227e-17,0.0,0.0,0.0,0.0,0.0,0.0,0.0,0.0,1.0,0.0,1.0,1.0,12
LEFT,RIGHT,False,0.5,medium,1.5,independent_rollout,4,ordinary_flat_aggregation,0.9999974763186509,9.015292955364439e-07,0.9999969035142643,0.9999980491230375,0.0,0.0,0.0,0.0,0.0,0.0,0.0,0.0,0.0,0.0,0.0,0.0,1.0,0.0,1.0,1.0,12
LEFT,RIGHT,False,0.5,medium,1.5,independent_rollout,4,provenance_preserving,0.9999974763186509,9.015292955364439e-07,0.9999969035142643,0.9999980491230375,0.0,0.0,0.0,0.0,0.0,0.0,0.0,0.0,0.0,0.0,0.0,0.0,1.0,0.0,1.0,1.0,12
LEFT,RIGHT,False,0.5,medium,1.5,independent_rollout,4,semantic_group_deduplication,0.7028619053745819,0.017188050088746017,0.691941139363872,0.7137826713852918,0.01221360531033063,0.0293547219622868,-0.006437495204525393,0.030864705825186654,0.0,0.0,0.0,0.0,0.0,0.0,0.0,0.0,1.0,0.0,1.0,1.0,12
LEFT,RIGHT,False,0.5,medium,1.5,independent_rollout,4,single_trajectory_score_average,0.5997446187500307,0.002959514462929812,0.5978642329710685,0.6016250045289929,-9.25185853854297e-18,3.204937810639273e-17,-2.961506188514317e-17,1.1111344808057227e-17,0.0,0.0,0.0,0.0,0.0,0.0,0.0,0.0,1.0,0.0,1.0,1.0,12
LEFT,RIGHT,False,0.5,medium,1.5,independent_rollout,4,source_group_average,0.5997446187500307,0.002959514462929812,0.5978642329710685,0.6016250045289929,-9.25185853854297e-18,3.204937810639273e-17,-2.961506188514317e-17,1.1111344808057227e-17,0.0,0.0,0.0,0.0,0.0,0.0,0.0,0.0,1.0,0.0,1.0,1.0,12
LEFT,RIGHT,False,0.5,medium,1.5,independent_rollout,8,exact_deduplication,0.9999974763186509,9.015292955364439e-07,0.9999969035142643,0.9999980491230375,0.0,0.0,0.0,0.0,0.0,0.0,0.0,0.0,0.0,0.0,0.0,0.0,1.0,0.0,1.0,1.0,12
LEFT,RIGHT,False,0.5,medium,1.5,independent_rollout,8,explicit_belief_mixing,0.5498723093750153,0.0014797572314649056,0.5489321164855342,0.5508125022644964,-1.850371707708594e-17,4.321537262272485e-17,-4.596145486826371e-17,8.95402071409183e-18,0.0,0.0,0.0,0.0,0.0,0.0,0.0,0.0,1.0,0.0,1.0,1.0,12
LEFT,RIGHT,False,0.5,medium,1.5,independent_rollout,8,ordinary_flat_aggregation,0.9999974763186509,9.015292955364439e-07,0.9999969035142643,0.9999980491230375,0.0,0.0,0.0,0.0,0.0,0.0,0.0,0.0,0.0,0.0,0.0,0.0,1.0,0.0,1.0,1.0,12
LEFT,RIGHT,False,0.5,medium,1.5,independent_rollout,8,provenance_preserving,0.9999974763186509,9.015292955364439e-07,0.9999969035142643,0.9999980491230375,0.0,0.0,0.0,0.0,0.0,0.0,0.0,0.0,0.0,0.0,0.0,0.0,1.0,0.0,1.0,1.0,12
LEFT,RIGHT,False,0.5,medium,1.5,independent_rollout,8,semantic_group_deduplication,0.6979229329446729,0.016630801582543823,0.6873562257431142,0.7084896401462316,0.007274632880421683,0.029181372403536177,-0.011266326579492052,0.025815592340335418,0.0,0.0,0.0,0.0,0.0,0.0,0.0,0.0,1.0,0.0,1.0,1.0,12
LEFT,RIGHT,False,0.5,medium,1.5,independent_rollout,8,single_trajectory_score_average,0.5997446187500306,0.002959514462929801,0.5978642329710684,0.6016250045289928,-1.850371707708594e-17,4.321537262272485e-17,-4.596145486826371e-17,8.95402071409183e-18,0.0,0.0,0.0,0.0,0.0,0.0,0.0,0.0,1.0,0.0,1.0,1.0,12
LEFT,RIGHT,False,0.5,medium,1.5,independent_rollout,8,source_group_average,0.5997446187500306,0.002959514462929801,0.5978642329710684,0.6016250045289928,-1.850371707708594e-17,4.321537262272485e-17,-4.596145486826371e-17,8.95402071409183e-18,0.0,0.0,0.0,0.0,0.0,0.0,0.0,0.0,1.0,0.0,1.0,1.0,12
LEFT,RIGHT,False,0.5,medium,1.5,independent_rollout,16,exact_deduplication,0.9999974763186509,9.015292955364439e-07,0.9999969035142643,0.9999980491230375,0.0,0.0,0.0,0.0,0.0,0.0,0.0,0.0,0.0,0.0,0.0,0.0,1.0,0.0,1.0,1.0,12
LEFT,RIGHT,False,0.5,medium,1.5,independent_rollout,16,explicit_belief_mixing,0.5498723093750153,0.0014797572314649166,0.5489321164855342,0.5508125022644964,-9.25185853854297e-18,3.204937810639273e-17,-2.961506188514317e-17,1.1111344808057227e-17,0.0,0.0,0.0,0.0,0.0,0.0,0.0,0.0,1.0,0.0,1.0,1.0,12
LEFT,RIGHT,False,0.5,medium,1.5,independent_rollout,16,ordinary_flat_aggregation,0.9999974763186509,9.015292955364439e-07,0.9999969035142643,0.9999980491230375,0.0,0.0,0.0,0.0,0.0,0.0,0.0,0.0,0.0,0.0,0.0,0.0,1.0,0.0,1.0,1.0,12
LEFT,RIGHT,False,0.5,medium,1.5,independent_rollout,16,provenance_preserving,0.9999974763186509,9.015292955364439e-07,0.9999969035142643,0.9999980491230375,0.0,0.0,0.0,0.0,0.0,0.0,0.0,0.0,0.0,0.0,0.0,0.0,1.0,0.0,1.0,1.0,12
LEFT,RIGHT,False,0.5,medium,1.5,independent_rollout,16,semantic_group_deduplication,0.6862639763973082,0.01440933443950696,0.6771087220798361,0.6954192307147803,-0.004384323666943117,0.031995179308212655,-0.024713090740089944,0.01594444340620371,0.0,0.0,0.0,0.0,0.0,0.0,0.0,0.0,1.0,0.0,1.0,1.0,12
LEFT,RIGHT,False,0.5,medium,1.5,independent_rollout,16,single_trajectory_score_average,0.5997446187500307,0.002959514462929822,0.5978642329710685,0.6016250045289929,-9.25185853854297e-18,7.422483998781554e-17,-5.641207191376809e-17,3.790835483668215e-17,0.0,0.0,0.0,0.0,0.0,0.0,0.0,0.0,1.0,0.0,1.0,1.0,12
LEFT,RIGHT,False,0.5,medium,1.5,independent_rollout,16,source_group_average,0.5997446187500307,0.002959514462929822,0.5978642329710685,0.6016250045289929,-9.25185853854297e-18,7.422483998781554e-17,-5.641207191376809e-17,3.790835483668215e-17,0.0,0.0,0.0,0.0,0.0,0.0,0.0,0.0,1.0,0.0,1.0,1.0,12
LEFT,RIGHT,False,0.5,medium,1.5,pure_duplication,1,exact_deduplication,0.60183168747219,0.014380016506926697,0.5926950608803745,0.6109683140640054,0.0,0.0,0.0,0.0,0.0,0.0,0.0,0.0,0.0,0.0,0.0,0.0,1.0,0.0,1.0,1.0,12
LEFT,RIGHT,False,0.5,medium,1.5,pure_duplication,1,explicit_belief_mixing,0.5498884803126305,0.005758388707992858,0.5462297746797048,0.5535471859455562,0.0,0.0,0.0,0.0,0.0,0.0,0.0,0.0,0.0,0.0,0.0,0.0,1.0,0.0,1.0,1.0,12
LEFT,RIGHT,False,0.5,medium,1.5,pure_duplication,1,ordinary_flat_aggregation,0.69179509717608,0.02052223473690794,0.6787558913079648,0.7048343030441953,0.0,0.0,0.0,0.0,0.0,0.0,0.0,0.0,0.0,0.0,0.0,0.0,1.0,0.0,1.0,1.0,12
LEFT,RIGHT,False,0.5,medium,1.5,pure_duplication,1,provenance_preserving,0.69179509717608,0.02052223473690794,0.6787558913079648,0.7048343030441953,0.0,0.0,0.0,0.0,0.0,0.0,0.0,0.0,0.0,0.0,0.0,0.0,1.0,0.0,1.0,1.0,12
LEFT,RIGHT,False,0.5,medium,1.5,pure_duplication,1,semantic_group_deduplication,0.60183168747219,0.014380016506926697,0.5926950608803745,0.6109683140640054,0.0,0.0,0.0,0.0,0.0,0.0,0.0,0.0,0.0,0.0,0.0,0.0,1.0,0.0,1.0,1.0,12
LEFT,RIGHT,False,0.5,medium,1.5,pure_duplication,1,single_trajectory_score_average,0.5997769606252609,0.011516777415985738,0.5924595493594095,0.6070943718911123,0.0,0.0,0.0,0.0,0.0,0.0,0.0,0.0,0.0,0.0,0.0,0.0,1.0,0.0,1.0,1.0,12
LEFT,RIGHT,False,0.5,medium,1.5,pure_duplication,1,source_group_average,0.5997769606252609,0.011516777415985738,0.5924595493594095,0.6070943718911123,0.0,0.0,0.0,0.0,0.0,0.0,0.0,0.0,0.0,0.0,0.0,0.0,1.0,0.0,1.0,1.0,12
LEFT,RIGHT,False,0.5,medium,1.5,pure_duplication,2,exact_deduplication,0.5990329252915884,0.014995775550043371,0.5895050640690769,0.6085607865140998,-0.0027987621806014698,0.018642444884376757,-0.014643606557866612,0.009046082196663674,0.0,0.0,0.0,0.0,0.0,0.0,0.0,0.0,1.0,0.0,1.0,1.0,12
LEFT,RIGHT,False,0.5,medium,1.5,pure_duplication,2,explicit_belief_mixing,0.5498884803126305,0.005758388707992858,0.5462297746797048,0.5535471859455562,0.0,0.0,0.0,0.0,0.0,0.0,0.0,0.0,0.0,0.0,0.0,0.0,1.0,0.0,1.0,1.0,12
LEFT,RIGHT,False,0.5,medium,1.5,pure_duplication,2,ordinary_flat_aggregation,0.833274174727887,0.027149628751520462,0.8160241235968905,0.8505242258588835,0.14147907755180691,0.006696362285881036,0.137224411939974,0.14573374316363982,0.0,0.0,0.0,0.0,0.0,0.0,0.0,0.0,1.0,0.0,1.0,1.0,12
LEFT,RIGHT,False,0.5,medium,1.5,pure_duplication,2,provenance_preserving,0.69179509717608,0.02052223473690794,0.6787558913079648,0.7048343030441953,0.0,0.0,0.0,0.0,0.0,0.0,0.0,0.0,0.0,0.0,0.0,0.0,1.0,0.0,1.0,1.0,12
LEFT,RIGHT,False,0.5,medium,1.5,pure_duplication,2,semantic_group_deduplication,0.5990329252915884,0.014995775550043371,0.5895050640690769,0.6085607865140998,-0.0027987621806014698,0.018642444884376757,-0.014643606557866612,0.009046082196663674,0.0,0.0,0.0,0.0,0.0,0.0,0.0,0.0,1.0,0.0,1.0,1.0,12
LEFT,RIGHT,False,0.5,medium,1.5,pure_duplication,2,single_trajectory_score_average,0.5997769606252609,0.011516777415985738,0.5924595493594095,0.6070943718911123,0.0,0.0,0.0,0.0,0.0,0.0,0.0,0.0,0.0,0.0,0.0,0.0,1.0,0.0,1.0,1.0,12
LEFT,RIGHT,False,0.5,medium,1.5,pure_duplication,2,source_group_average,0.5997769606252609,0.011516777415985738,0.5924595493594095,0.6070943718911123,0.0,0.0,0.0,0.0,0.0,0.0,0.0,0.0,0.0,0.0,0.0,0.0,1.0,0.0,1.0,1.0,12
LEFT,RIGHT,False,0.5,medium,1.5,pure_duplication,4,exact_deduplication,0.5970948378097671,0.02298403821836274,0.5824914766333705,0.6116981989861637,-0.004736849662422836,0.023093111424717618,-0.01940951264783729,0.009935813322991618,0.0,0.0,0.0,0.0,0.0,0.0,0.0,0.0,1.0,0.0,1.0,1.0,12
LEFT,RIGHT,False,0.5,medium,1.5,pure_duplication,4,explicit_belief_mixing,0.5498884803126305,0.005758388707992858,0.5462297746797048,0.5535471859455562,0.0,0.0,0.0,0.0,0.0,0.0,0.0,0.0,0.0,0.0,0.0,0.0,1.0,0.0,1.0,1.0,12
LEFT,RIGHT,False,0.5,medium,1.5,pure_duplication,4,ordinary_flat_aggregation,0.9599529872319992,0.015574049832403918,0.950057708059513,0.9698482664044854,0.26815789005591917,0.005547601225630824,0.264633112399755,0.2716826677120833,0.0,0.0,0.0,0.0,0.0,0.0,0.0,0.0,1.0,0.0,1.0,1.0,12
LEFT,RIGHT,False,0.5,medium,1.5,pure_duplication,4,provenance_preserving,0.69179509717608,0.02052223473690794,0.6787558913079648,0.7048343030441953,0.0,0.0,0.0,0.0,0.0,0.0,0.0,0.0,0.0,0.0,0.0,0.0,1.0,0.0,1.0,1.0,12
LEFT,RIGHT,False,0.5,medium,1.5,pure_duplication,4,semantic_group_deduplication,0.5970948378097671,0.02298403821836274,0.5824914766333705,0.6116981989861637,-0.004736849662422836,0.023093111424717618,-0.01940951264783729,0.009935813322991618,0.0,0.0,0.0,0.0,0.0,0.0,0.0,0.0,1.0,0.0,1.0,1.0,12
LEFT,RIGHT,False,0.5,medium,1.5,pure_duplication,4,single_trajectory_score_average,0.5997769606252609,0.011516777415985738,0.5924595493594095,0.6070943718911123,0.0,0.0,0.0,0.0,0.0,0.0,0.0,0.0,0.0,0.0,0.0,0.0,1.0,0.0,1.0,1.0,12
LEFT,RIGHT,False,0.5,medium,1.5,pure_duplication,4,source_group_average,0.5997769606252609,0.011516777415985738,0.5924595493594095,0.6070943718911123,0.0,0.0,0.0,0.0,0.0,0.0,0.0,0.0,0.0,0.0,0.0,0.0,1.0,0.0,1.0,1.0,12
LEFT,RIGHT,False,0.5,medium,1.5,pure_duplication,8,exact_deduplication,0.5990978186272072,0.02214357109638003,0.5850284647833165,0.613167172471098,-0.0027338688449826585,0.028479744309170114,-0.020829035081956635,0.015361297391991319,0.0,0.0,0.0,0.0,0.0,0.0,0.0,0.0,1.0,0.0,1.0,1.0,12
LEFT,RIGHT,False,0.5,medium,1.5,pure_duplication,8,explicit_belief_mixing,0.5498884803126305,0.005758388707992858,0.5462297746797048,0.5535471859455562,0.0,0.0,0.0,0.0,0.0,0.0,0.0,0.0,0.0,0.0,0.0,0.0,1.0,0.0,1.0,1.0,12
LEFT,RIGHT,False,0.5,medium,1.5,pure_duplication,8,ordinary_flat_aggregation,0.9979757905563238,0.0017045494658433473,0.9968927714951713,0.9990588096174763,0.3061806933802438,0.01890633909624925,0.29416817862009287,0.3181932081403947,0.0,0.0,0.0,0.0,0.0,0.0,0.0,0.0,1.0,0.0,1.0,1.0,12
LEFT,RIGHT,False,0.5,medium,1.5,pure_duplication,8,provenance_preserving,0.69179509717608,0.02052223473690794,0.6787558913079648,0.7048343030441953,0.0,0.0,0.0,0.0,0.0,0.0,0.0,0.0,0.0,0.0,0.0,0.0,1.0,0.0,1.0,1.0,12
LEFT,RIGHT,False,0.5,medium,1.5,pure_duplication,8,semantic_group_deduplication,0.5990978186272072,0.02214357109638003,0.5850284647833165,0.613167172471098,-0.0027338688449826585,0.028479744309170114,-0.020829035081956635,0.015361297391991319,0.0,0.0,0.0,0.0,0.0,0.0,0.0,0.0,1.0,0.0,1.0,1.0,12
LEFT,RIGHT,False,0.5,medium,1.5,pure_duplication,8,single_trajectory_score_average,0.5997769606252609,0.011516777415985738,0.5924595493594095,0.6070943718911123,0.0,0.0,0.0,0.0,0.0,0.0,0.0,0.0,0.0,0.0,0.0,0.0,1.0,0.0,1.0,1.0,12
LEFT,RIGHT,False,0.5,medium,1.5,pure_duplication,8,source_group_average,0.5997769606252609,0.011516777415985738,0.5924595493594095,0.6070943718911123,0.0,0.0,0.0,0.0,0.0,0.0,0.0,0.0,0.0,0.0,0.0,0.0,1.0,0.0,1.0,1.0,12
LEFT,RIGHT,False,0.5,medium,1.5,pure_duplication,16,exact_deduplication,0.6046751682595598,0.014548562663742017,0.5954314525487878,0.6139188839703318,0.0028434807873698362,0.01140558975808229,-0.004403285211044454,0.010090246785784128,0.0,0.0,0.0,0.0,0.0,0.0,0.0,0.0,1.0,0.0,1.0,1.0,12
LEFT,RIGHT,False,0.5,medium,1.5,pure_duplication,16,explicit_belief_mixing,0.5498884803126305,0.005758388707992858,0.5462297746797048,0.5535471859455562,0.0,0.0,0.0,0.0,0.0,0.0,0.0,0.0,0.0,0.0,0.0,0.0,1.0,0.0,1.0,1.0,12
LEFT,RIGHT,False,0.5,medium,1.5,pure_duplication,16,ordinary_flat_aggregation,0.9999931781183281,1.1173412403390764e-05,0.999986078870783,1.0000002773658732,0.30819808094224826,0.020512729528812917,0.2951649143952284,0.3212312474892681,0.0,0.0,0.0,0.0,0.0,0.0,0.0,0.0,1.0,0.0,1.0,1.0,12
LEFT,RIGHT,False,0.5,medium,1.5,pure_duplication,16,provenance_preserving,0.69179509717608,0.02052223473690794,0.6787558913079648,0.7048343030441953,0.0,0.0,0.0,0.0,0.0,0.0,0.0,0.0,0.0,0.0,0.0,0.0,1.0,0.0,1.0,1.0,12
LEFT,RIGHT,False,0.5,medium,1.5,pure_duplication,16,semantic_group_deduplication,0.6046751682595598,0.014548562663742017,0.5954314525487878,0.6139188839703318,0.0028434807873698362,0.01140558975808229,-0.004403285211044454,0.010090246785784128,0.0,0.0,0.0,0.0,0.0,0.0,0.0,0.0,1.0,0.0,1.0,1.0,12
LEFT,RIGHT,False,0.5,medium,1.5,pure_duplication,16,single_trajectory_score_average,0.5997769606252609,0.011516777415985738,0.5924595493594095,0.6070943718911123,0.0,0.0,0.0,0.0,0.0,0.0,0.0,0.0,0.0,0.0,0.0,0.0,1.0,0.0,1.0,1.0,12
LEFT,RIGHT,False,0.5,medium,1.5,pure_duplication,16,source_group_average,0.5997769606252609,0.011516777415985738,0.5924595493594095,0.6070943718911123,0.0,0.0,0.0,0.0,0.0,0.0,0.0,0.0,0.0,0.0,0.0,0.0,1.0,0.0,1.0,1.0,12
LEFT,RIGHT,False,0.5,strong,2.0,independent_rollout,1,exact_deduplication,0.9999999997836726,4.8855833686114354e-11,0.9999999997526311,0.9999999998147141,0.0,0.0,0.0,0.0,0.0,0.0,0.0,0.0,0.0,0.0,0.0,0.0,1.0,0.0,1.0,1.0,12
LEFT,RIGHT,False,0.5,strong,2.0,independent_rollout,1,explicit_belief_mixing,0.583590276175952,0.0008305419698893202,0.5830625749842285,0.5841179773676756,0.0,0.0,0.0,0.0,0.0,0.0,0.0,0.0,0.0,0.0,0.0,0.0,1.0,0.0,1.0,1.0,12
LEFT,RIGHT,False,0.5,strong,2.0,independent_rollout,1,ordinary_flat_aggregation,0.9999999997836726,4.8855833686114354e-11,0.9999999997526311,0.9999999998147141,0.0,0.0,0.0,0.0,0.0,0.0,0.0,0.0,0.0,0.0,0.0,0.0,1.0,0.0,1.0,1.0,12
LEFT,RIGHT,False,0.5,strong,2.0,independent_rollout,1,provenance_preserving,0.9999999997836726,4.8855833686114354e-11,0.9999999997526311,0.9999999998147141,0.0,0.0,0.0,0.0,0.0,0.0,0.0,0.0,0.0,0.0,0.0,0.0,1.0,0.0,1.0,1.0,12
LEFT,RIGHT,False,0.5,strong,2.0,independent_rollout,1,semantic_group_deduplication,0.7975731335620058,0.015006585105080543,0.7880384042758901,0.8071078628481214,0.0,0.0,0.0,0.0,0.0,0.0,0.0,0.0,0.0,0.0,0.0,0.0,1.0,0.0,1.0,1.0,12
LEFT,RIGHT,False,0.5,strong,2.0,independent_rollout,1,single_trajectory_score_average,0.6671805523519042,0.0016610839397786185,0.6661251499684572,0.6682359547353512,0.0,0.0,0.0,0.0,0.0,0.0,0.0,0.0,0.0,0.0,0.0,0.0,1.0,0.0,1.0,1.0,12
LEFT,RIGHT,False,0.5,strong,2.0,independent_rollout,1,source_group_average,0.6671805523519042,0.0016610839397786185,0.6661251499684572,0.6682359547353512,0.0,0.0,0.0,0.0,0.0,0.0,0.0,0.0,0.0,0.0,0.0,0.0,1.0,0.0,1.0,1.0,12
LEFT,RIGHT,False,0.5,strong,2.0,independent_rollout,2,exact_deduplication,0.9999999997836726,4.8855833686114354e-11,0.9999999997526311,0.9999999998147141,0.0,0.0,0.0,0.0,0.0,0.0,0.0,0.0,0.0,0.0,0.0,0.0,1.0,0.0,1.0,1.0,12
LEFT,RIGHT,False,0.5,strong,2.0,independent_rollout,2,explicit_belief_mixing,0.583590276175952,0.0008305419698893039,0.5830625749842285,0.5841179773676756,-1.850371707708594e-17,4.321537262272485e-17,-4.596145486826371e-17,8.95402071409183e-18,0.0,0.0,0.0,0.0,0.0,0.0,0.0,0.0,1.0,0.0,1.0,1.0,12
LEFT,RIGHT,False,0.5,strong,2.0,independent_rollout,2,ordinary_flat_aggregation,0.9999999997836726,4.8855833686114354e-11,0.9999999997526311,0.9999999998147141,0.0,0.0,0.0,0.0,0.0,0.0,0.0,0.0,0.0,0.0,0.0,0.0,1.0,0.0,1.0,1.0,12
LEFT,RIGHT,False,0.5,strong,2.0,independent_rollout,2,provenance_preserving,0.9999999997836726,4.8855833686114354e-11,0.9999999997526311,0.9999999998147141,0.0,0.0,0.0,0.0,0.0,0.0,0.0,0.0,0.0,0.0,0.0,0.0,1.0,0.0,1.0,1.0,12
LEFT,RIGHT,False,0.5,strong,2.0,independent_rollout,2,semantic_group_deduplication,0.795294282912987,0.013655485801655943,0.7866180011688408,0.8039705646571331,-0.0022788506490187175,0.023306787700605867,-0.017087277063034267,0.012529575764996831,0.0,0.0,0.0,0.0,0.0,0.0,0.0,0.0,1.0,0.0,1.0,1.0,12
LEFT,RIGHT,False,0.5,strong,2.0,independent_rollout,2,single_trajectory_score_average,0.6671805523519042,0.001661083939778612,0.6661251499684572,0.6682359547353512,-1.850371707708594e-17,6.409875621278547e-17,-5.923012377028634e-17,2.222268961611446e-17,0.0,0.0,0.0,0.0,0.0,0.0,0.0,0.0,1.0,0.0,1.0,1.0,12
LEFT,RIGHT,False,0.5,strong,2.0,independent_rollout,2,source_group_average,0.6671805523519042,0.001661083939778612,0.6661251499684572,0.6682359547353512,-1.850371707708594e-17,6.409875621278547e-17,-5.923012377028634e-17,2.222268961611446e-17,0.0,0.0,0.0,0.0,0.0,0.0,0.0,0.0,1.0,0.0,1.0,1.0,12
LEFT,RIGHT,False,0.5,strong,2.0,independent_rollout,4,exact_deduplication,0.9999999997836726,4.8855833686114354e-11,0.9999999997526311,0.9999999998147141,0.0,0.0,0.0,0.0,0.0,0.0,0.0,0.0,0.0,0.0,0.0,0.0,1.0,0.0,1.0,1.0,12
LEFT,RIGHT,False,0.5,strong,2.0,independent_rollout,4,explicit_belief_mixing,0.583590276175952,0.0008305419698893487,0.5830625749842285,0.5841179773676756,-9.25185853854297e-18,5.716856438735954e-17,-4.557503141848114e-17,2.7071314341395202e-17,0.0,0.0,0.0,0.0,0.0,0.0,0.0,0.0,1.0,0.0,1.0,1.0,12
LEFT,RIGHT,False,0.5,strong,2.0,independent_rollout,4,ordinary_flat_aggregation,0.9999999997836726,4.8855833686114354e-11,0.9999999997526311,0.9999999998147141,0.0,0.0,0.0,0.0,0.0,0.0,0.0,0.0,0.0,0.0,0.0,0.0,1.0,0.0,1.0,1.0,12
LEFT,RIGHT,False,0.5,strong,2.0,independent_rollout,4,provenance_preserving,0.9999999997836726,4.8855833686114354e-11,0.9999999997526311,0.9999999998147141,0.0,0.0,0.0,0.0,0.0,0.0,0.0,0.0,0.0,0.0,0.0,0.0,1.0,0.0,1.0,1.0,12
LEFT,RIGHT,False,0.5,strong,2.0,independent_rollout,4,semantic_group_deduplication,0.8013583508215402,0.01113313511883035,0.7942846942420791,0.8084320074010012,0.003785217259534355,0.018097062595620536,-0.0077131077434480794,0.015283542262516788,0.0,0.0,0.0,0.0,0.0,0.0,0.0,0.0,1.0,0.0,1.0,1.0,12
LEFT,RIGHT,False,0.5,strong,2.0,independent_rollout,4,single_trajectory_score_average,0.6671805523519042,0.0016610839397786614,0.6661251499684571,0.6682359547353514,-2.7755575615628914e-17,6.900941601584843e-17,-7.160206669248857e-17,1.6090915461230733e-17,0.0,0.0,0.0,0.0,0.0,0.0,0.0,0.0,1.0,0.0,1.0,1.0,12
LEFT,RIGHT,False,0.5,strong,2.0,independent_rollout,4,source_group_average,0.6671805523519042,0.0016610839397786614,0.6661251499684571,0.6682359547353514,-2.7755575615628914e-17,6.900941601584843e-17,-7.160206669248857e-17,1.6090915461230733e-17,0.0,0.0,0.0,0.0,0.0,0.0,0.0,0.0,1.0,0.0,1.0,1.0,12
LEFT,RIGHT,False,0.5,strong,2.0,independent_rollout,8,exact_deduplication,0.9999999997836726,4.8855833686114354e-11,0.9999999997526311,0.9999999998147141,0.0,0.0,0.0,0.0,0.0,0.0,0.0,0.0,0.0,0.0,0.0,0.0,1.0,0.0,1.0,1.0,12
LEFT,RIGHT,False,0.5,strong,2.0,independent_rollout,8,explicit_belief_mixing,0.583590276175952,0.0008305419698893278,0.5830625749842285,0.5841179773676756,0.0,4.734006883291518e-17,-3.007844473258028e-17,3.007844473258028e-17,0.0,0.0,0.0,0.0,0.0,0.0,0.0,0.0,1.0,0.0,1.0,1.0,12
LEFT,RIGHT,False,0.5,strong,2.0,independent_rollout,8,ordinary_flat_aggregation,0.9999999997836726,4.8855833686114354e-11,0.9999999997526311,0.9999999998147141,0.0,0.0,0.0,0.0,0.0,0.0,0.0,0.0,0.0,0.0,0.0,0.0,1.0,0.0,1.0,1.0,12
LEFT,RIGHT,False,0.5,strong,2.0,independent_rollout,8,provenance_preserving,0.9999999997836726,4.8855833686114354e-11,0.9999999997526311,0.9999999998147141,0.0,0.0,0.0,0.0,0.0,0.0,0.0,0.0,0.0,0.0,0.0,0.0,1.0,0.0,1.0,1.0,12
LEFT,RIGHT,False,0.5,strong,2.0,independent_rollout,8,semantic_group_deduplication,0.8036450142479835,0.014105181894510169,0.7946830092379268,0.8126070192580402,0.00607188068597786,0.02193268496743021,-0.007863482504099694,0.020007243876055413,0.0,0.0,0.0,0.0,0.0,0.0,0.0,0.0,1.0,0.0,1.0,1.0,12
LEFT,RIGHT,False,0.5,strong,2.0,independent_rollout,8,single_trajectory_score_average,0.667180552351904,0.0016610839397786406,0.6661251499684568,0.6682359547353511,-1.850371707708594e-17,6.409875621278547e-17,-5.923012377028634e-17,2.222268961611446e-17,0.0,0.0,0.0,0.0,0.0,0.0,0.0,0.0,1.0,0.0,1.0,1.0,12
LEFT,RIGHT,False,0.5,strong,2.0,independent_rollout,8,source_group_average,0.667180552351904,0.0016610839397786406,0.6661251499684568,0.6682359547353511,-1.850371707708594e-17,6.409875621278547e-17,-5.923012377028634e-17,2.222268961611446e-17,0.0,0.0,0.0,0.0,0.0,0.0,0.0,0.0,1.0,0.0,1.0,1.0,12
LEFT,RIGHT,False,0.5,strong,2.0,independent_rollout,16,exact_deduplication,0.9999999997836726,4.8855833686114354e-11,0.9999999997526311,0.9999999998147141,0.0,0.0,0.0,0.0,0.0,0.0,0.0,0.0,0.0,0.0,0.0,0.0,1.0,0.0,1.0,1.0,12
LEFT,RIGHT,False,0.5,strong,2.0,independent_rollout,16,explicit_belief_mixing,0.583590276175952,0.0008305419698893273,0.5830625749842285,0.5841179773676756,-9.25185853854297e-18,3.204937810639273e-17,-2.961506188514317e-17,1.1111344808057227e-17,0.0,0.0,0.0,0.0,0.0,0.0,0.0,0.0,1.0,0.0,1.0,1.0,12
LEFT,RIGHT,False,0.5,strong,2.0,independent_rollout,16,ordinary_flat_aggregation,0.9999999997836726,4.8855833686114354e-11,0.9999999997526311,0.9999999998147141,0.0,0.0,0.0,0.0,0.0,0.0,0.0,0.0,0.0,0.0,0.0,0.0,1.0,0.0,1.0,1.0,12
LEFT,RIGHT,False,0.5,strong,2.0,independent_rollout,16,provenance_preserving,0.9999999997836726,4.8855833686114354e-11,0.9999999997526311,0.9999999998147141,0.0,0.0,0.0,0.0,0.0,0.0,0.0,0.0,0.0,0.0,0.0,0.0,1.0,0.0,1.0,1.0,12
LEFT,RIGHT,False,0.5,strong,2.0,independent_rollout,16,semantic_group_deduplication,0.8009044253414744,0.018942448275332716,0.7888689679034995,0.8129398827794494,0.0033312917794688646,0.025470435847879655,-0.012851851081373548,0.019514434640311277,0.0,0.0,0.0,0.0,0.0,0.0,0.0,0.0,1.0,0.0,1.0,1.0,12
LEFT,RIGHT,False,0.5,strong,2.0,independent_rollout,16,single_trajectory_score_average,0.667180552351904,0.0016610839397786402,0.6661251499684568,0.6682359547353511,-2.7755575615628914e-17,5.021172554038838e-17,-5.965858397255737e-17,4.147432741299544e-18,0.0,0.0,0.0,0.0,0.0,0.0,0.0,0.0,1.0,0.0,1.0,1.0,12
LEFT,RIGHT,False,0.5,strong,2.0,independent_rollout,16,source_group_average,0.667180552351904,0.0016610839397786402,0.6661251499684568,0.6682359547353511,-2.7755575615628914e-17,5.021172554038838e-17,-5.965858397255737e-17,4.147432741299544e-18,0.0,0.0,0.0,0.0,0.0,0.0,0.0,0.0,1.0,0.0,1.0,1.0,12
LEFT,RIGHT,False,0.5,strong,2.0,pure_duplication,1,exact_deduplication,0.6650214757804456,0.017341123674818857,0.6540034514532139,0.6760395001076772,0.0,0.0,0.0,0.0,0.0,0.0,0.0,0.0,0.0,0.0,0.0,0.0,1.0,0.0,1.0,1.0,12
LEFT,RIGHT,False,0.5,strong,2.0,pure_duplication,1,explicit_belief_mixing,0.5834209317848588,0.0051833901413099875,0.5801275628114619,0.5867143007582556,0.0,0.0,0.0,0.0,0.0,0.0,0.0,0.0,0.0,0.0,0.0,0.0,1.0,0.0,1.0,1.0,12
LEFT,RIGHT,False,0.5,strong,2.0,pure_duplication,1,ordinary_flat_aggregation,0.8002076657485694,0.01509259235263997,0.7906182900644637,0.8097970414326751,0.0,0.0,0.0,0.0,0.0,0.0,0.0,0.0,0.0,0.0,0.0,0.0,1.0,0.0,1.0,1.0,12
LEFT,RIGHT,False,0.5,strong,2.0,pure_duplication,1,provenance_preserving,0.8002076657485694,0.01509259235263997,0.7906182900644637,0.8097970414326751,0.0,0.0,0.0,0.0,0.0,0.0,0.0,0.0,0.0,0.0,0.0,0.0,1.0,0.0,1.0,1.0,12
LEFT,RIGHT,False,0.5,strong,2.0,pure_duplication,1,semantic_group_deduplication,0.6650214757804456,0.017341123674818857,0.6540034514532139,0.6760395001076772,0.0,0.0,0.0,0.0,0.0,0.0,0.0,0.0,0.0,0.0,0.0,0.0,1.0,0.0,1.0,1.0,12
LEFT,RIGHT,False,0.5,strong,2.0,pure_duplication,1,single_trajectory_score_average,0.6668418635697176,0.010366780282620001,0.6602551256229239,0.6734286015165114,0.0,0.0,0.0,0.0,0.0,0.0,0.0,0.0,0.0,0.0,0.0,0.0,1.0,0.0,1.0,1.0,12
LEFT,RIGHT,False,0.5,strong,2.0,pure_duplication,1,source_group_average,0.6668418635697176,0.010366780282620001,0.6602551256229239,0.6734286015165114,0.0,0.0,0.0,0.0,0.0,0.0,0.0,0.0,0.0,0.0,0.0,0.0,1.0,0.0,1.0,1.0,12
LEFT,RIGHT,False,0.5,strong,2.0,pure_duplication,2,exact_deduplication,0.676008870523162,0.015694227497242363,0.6660372341053432,0.6859805069409809,0.010987394742716603,0.02189131428214825,-0.002921682767988697,0.024896472253421904,0.0,0.0,0.0,0.0,0.0,0.0,0.0,0.0,1.0,0.0,1.0,1.0,12
LEFT,RIGHT,False,0.5,strong,2.0,pure_duplication,2,explicit_belief_mixing,0.5834209317848588,0.0051833901413099875,0.5801275628114619,0.5867143007582556,0.0,0.0,0.0,0.0,0.0,0.0,0.0,0.0,0.0,0.0,0.0,0.0,1.0,0.0,1.0,1.0,12
LEFT,RIGHT,False,0.5,strong,2.0,pure_duplication,2,ordinary_flat_aggregation,0.9407888667208303,0.010934491345646216,0.9338414223734275,0.9477363110682331,0.140581200972261,0.004240216540212047,0.1378870959148923,0.14327530602962973,0.0,0.0,0.0,0.0,0.0,0.0,0.0,0.0,1.0,0.0,1.0,1.0,12
LEFT,RIGHT,False,0.5,strong,2.0,pure_duplication,2,provenance_preserving,0.8002076657485694,0.01509259235263997,0.7906182900644637,0.8097970414326751,0.0,0.0,0.0,0.0,0.0,0.0,0.0,0.0,0.0,0.0,0.0,0.0,1.0,0.0,1.0,1.0,12
LEFT,RIGHT,False,0.5,strong,2.0,pure_duplication,2,semantic_group_deduplication,0.676008870523162,0.015694227497242363,0.6660372341053432,0.6859805069409809,0.010987394742716603,0.02189131428214825,-0.002921682767988697,0.024896472253421904,0.0,0.0,0.0,0.0,0.0,0.0,0.0,0.0,1.0,0.0,1.0,1.0,12
LEFT,RIGHT,False,0.5,strong,2.0,pure_duplication,2,single_trajectory_score_average,0.6668418635697176,0.010366780282620006,0.6602551256229239,0.6734286015165114,-9.25185853854297e-18,3.204937810639273e-17,-2.961506188514317e-17,1.1111344808057227e-17,0.0,0.0,0.0,0.0,0.0,0.0,0.0,0.0,1.0,0.0,1.0,1.0,12
LEFT,RIGHT,False,0.5,strong,2.0,pure_duplication,2,source_group_average,0.6668418635697176,0.010366780282620001,0.6602551256229239,0.6734286015165114,0.0,0.0,0.0,0.0,0.0,0.0,0.0,0.0,0.0,0.0,0.0,0.0,1.0,0.0,1.0,1.0,12
LEFT,RIGHT,False,0.5,strong,2.0,pure_duplication,4,exact_deduplication,0.6621974045151129,0.016238762025106816,0.6518797873645841,0.6725150216656417,-0.0028240712653327484,0.006993383101302407,-0.007267454899790637,0.001619312369125141,0.0,0.0,0.0,0.0,0.0,0.0,0.0,0.0,1.0,0.0,1.0,1.0,12
LEFT,RIGHT,False,0.5,strong,2.0,pure_duplication,4,explicit_belief_mixing,0.5834209317848588,0.0051833901413099875,0.5801275628114619,0.5867143007582556,0.0,0.0,0.0,0.0,0.0,0.0,0.0,0.0,0.0,0.0,0.0,0.0,1.0,0.0,1.0,1.0,12
LEFT,RIGHT,False,0.5,strong,2.0,pure_duplication,4,ordinary_flat_aggregation,0.99589828997623,0.0017405569695338192,0.9947923928387161,0.9970041871137438,0.1956906242276605,0.013386396629516687,0.18718531358668056,0.20419593486864046,0.0,0.0,0.0,0.0,0.0,0.0,0.0,0.0,1.0,0.0,1.0,1.0,12
LEFT,RIGHT,False,0.5,strong,2.0,pure_duplication,4,provenance_preserving,0.8002076657485694,0.01509259235263997,0.7906182900644637,0.8097970414326751,0.0,0.0,0.0,0.0,0.0,0.0,0.0,0.0,0.0,0.0,0.0,0.0,1.0,0.0,1.0,1.0,12
LEFT,RIGHT,False,0.5,strong,2.0,pure_duplication,4,semantic_group_deduplication,0.6621974045151129,0.016238762025106816,0.6518797873645841,0.6725150216656417,-0.0028240712653327484,0.006993383101302407,-0.007267454899790637,0.001619312369125141,0.0,0.0,0.0,0.0,0.0,0.0,0.0,0.0,1.0,0.0,1.0,1.0,12
LEFT,RIGHT,False,0.5,strong,2.0,pure_duplication,4,single_trajectory_score_average,0.6668418635697176,0.010366780282620001,0.6602551256229239,0.6734286015165114,0.0,0.0,0.0,0.0,0.0,0.0,0.0,0.0,0.0,0.0,0.0,0.0,1.0,0.0,1.0,1.0,12
LEFT,RIGHT,False,0.5,strong,2.0,pure_duplication,4,source_group_average,0.6668418635697176,0.010366780282620001,0.6602551256229239,0.6734286015165114,0.0,0.0,0.0,0.0,0.0,0.0,0.0,0.0,0.0,0.0,0.0,0.0,1.0,0.0,1.0,1.0,12
LEFT,RIGHT,False,0.5,strong,2.0,pure_duplication,8,exact_deduplication,0.6677722107791716,0.02218607843318262,0.6536758490619873,0.6818685724963559,0.002750734998725977,0.025258842109310526,-0.013297967614600647,0.018799437612052602,0.0,0.0,0.0,0.0,0.0,0.0,0.0,0.0,1.0,0.0,1.0,1.0,12
LEFT,RIGHT,False,0.5,strong,2.0,pure_duplication,8,explicit_belief_mixing,0.5834209317848588,0.0051833901413099875,0.5801275628114619,0.5867143007582556,0.0,0.0,0.0,0.0,0.0,0.0,0.0,0.0,0.0,0.0,0.0,0.0,1.0,0.0,1.0,1.0,12
LEFT,RIGHT,False,0.5,strong,2.0,pure_duplication,8,ordinary_flat_aggregation,0.9999801766688133,1.9519845197704346e-05,0.9999677743508734,0.9999925789867533,0.19977251092024406,0.015074497291791597,0.19019463228929187,0.20935038955119625,0.0,0.0,0.0,0.0,0.0,0.0,0.0,0.0,1.0,0.0,1.0,1.0,12
LEFT,RIGHT,False,0.5,strong,2.0,pure_duplication,8,provenance_preserving,0.8002076657485694,0.01509259235263997,0.7906182900644637,0.8097970414326751,0.0,0.0,0.0,0.0,0.0,0.0,0.0,0.0,0.0,0.0,0.0,0.0,1.0,0.0,1.0,1.0,12
LEFT,RIGHT,False,0.5,strong,2.0,pure_duplication,8,semantic_group_deduplication,0.6677722107791716,0.02218607843318262,0.6536758490619873,0.6818685724963559,0.002750734998725977,0.025258842109310526,-0.013297967614600647,0.018799437612052602,0.0,0.0,0.0,0.0,0.0,0.0,0.0,0.0,1.0,0.0,1.0,1.0,12
LEFT,RIGHT,False,0.5,strong,2.0,pure_duplication,8,single_trajectory_score_average,0.6668418635697176,0.010366780282620001,0.6602551256229239,0.6734286015165114,0.0,0.0,0.0,0.0,0.0,0.0,0.0,0.0,0.0,0.0,0.0,0.0,1.0,0.0,1.0,1.0,12
LEFT,RIGHT,False,0.5,strong,2.0,pure_duplication,8,source_group_average,0.6668418635697176,0.010366780282620001,0.6602551256229239,0.6734286015165114,0.0,0.0,0.0,0.0,0.0,0.0,0.0,0.0,0.0,0.0,0.0,0.0,1.0,0.0,1.0,1.0,12
LEFT,RIGHT,False,0.5,strong,2.0,pure_duplication,16,exact_deduplication,0.660854783244231,0.021539137433497408,0.647169468227738,0.6745400982607239,-0.004166692536214545,0.023120324463588776,-0.018856645861627885,0.010523260789198796,0.0,0.0,0.0,0.0,0.0,0.0,0.0,0.0,1.0,0.0,1.0,1.0,12
LEFT,RIGHT,False,0.5,strong,2.0,pure_duplication,16,explicit_belief_mixing,0.5834209317848588,0.0051833901413099875,0.5801275628114619,0.5867143007582556,0.0,0.0,0.0,0.0,0.0,0.0,0.0,0.0,0.0,0.0,0.0,0.0,1.0,0.0,1.0,1.0,12
LEFT,RIGHT,False,0.5,strong,2.0,pure_duplication,16,ordinary_flat_aggregation,0.9999999992576766,1.6492984386767658e-09,0.9999999982097624,1.0000000003055909,0.19979233350910705,0.015092591009814176,0.1902029586781922,0.2093817083400219,0.0,0.0,0.0,0.0,0.0,0.0,0.0,0.0,1.0,0.0,1.0,1.0,12
LEFT,RIGHT,False,0.5,strong,2.0,pure_duplication,16,provenance_preserving,0.8002076657485694,0.01509259235263997,0.7906182900644637,0.8097970414326751,0.0,0.0,0.0,0.0,0.0,0.0,0.0,0.0,0.0,0.0,0.0,0.0,1.0,0.0,1.0,1.0,12
LEFT,RIGHT,False,0.5,strong,2.0,pure_duplication,16,semantic_group_deduplication,0.660854783244231,0.021539137433497408,0.647169468227738,0.6745400982607239,-0.004166692536214545,0.023120324463588776,-0.018856645861627885,0.010523260789198796,0.0,0.0,0.0,0.0,0.0,0.0,0.0,0.0,1.0,0.0,1.0,1.0,12
LEFT,RIGHT,False,0.5,strong,2.0,pure_duplication,16,single_trajectory_score_average,0.6668418635697176,0.010366780282620001,0.6602551256229239,0.6734286015165114,0.0,0.0,0.0,0.0,0.0,0.0,0.0,0.0,0.0,0.0,0.0,0.0,1.0,0.0,1.0,1.0,12
LEFT,RIGHT,False,0.5,strong,2.0,pure_duplication,16,source_group_average,0.6668418635697176,0.010366780282620001,0.6602551256229239,0.6734286015165114,0.0,0.0,0.0,0.0,0.0,0.0,0.0,0.0,0.0,0.0,0.0,0.0,1.0,0.0,1.0,1.0,12
LEFT,RIGHT,False,0.5,weak,1.2,independent_rollout,1,exact_deduplication,0.9969207349803274,0.001395820126671379,0.9960338731828744,0.9978075967777804,0.0,0.0,0.0,0.0,0.0,0.0,0.0,0.0,0.0,0.0,0.0,0.0,1.0,0.0,1.0,1.0,12
LEFT,RIGHT,False,0.5,weak,1.2,independent_rollout,1,explicit_belief_mixing,0.5228976851120388,0.0019080680401484358,0.5216853565179641,0.5241100137061135,0.0,0.0,0.0,0.0,0.0,0.0,0.0,0.0,0.0,0.0,0.0,0.0,1.0,0.0,1.0,1.0,12
LEFT,RIGHT,False,0.5,weak,1.2,independent_rollout,1,ordinary_flat_aggregation,0.9969207349803274,0.001395820126671379,0.9960338731828744,0.9978075967777804,0.0,0.0,0.0,0.0,0.0,0.0,0.0,0.0,0.0,0.0,0.0,0.0,1.0,0.0,1.0,1.0,12
LEFT,RIGHT,False,0.5,weak,1.2,independent_rollout,1,provenance_preserving,0.9969207349803274,0.001395820126671379,0.9960338731828744,0.9978075967777804,0.0,0.0,0.0,0.0,0.0,0.0,0.0,0.0,0.0,0.0,0.0,0.0,1.0,0.0,1.0,1.0,12
LEFT,RIGHT,False,0.5,weak,1.2,independent_rollout,1,semantic_group_deduplication,0.5898170513845953,0.019527342133803985,0.5774099701186418,0.6022241326505487,0.0,0.0,0.0,0.0,0.0,0.0,0.0,0.0,0.0,0.0,0.0,0.0,1.0,0.0,1.0,1.0,12
LEFT,RIGHT,False,0.5,weak,1.2,independent_rollout,1,single_trajectory_score_average,0.5457953702240775,0.0038161360802968685,0.5433707130359281,0.548220027412227,0.0,0.0,0.0,0.0,0.0,0.0,0.0,0.0,0.0,0.0,0.0,0.0,1.0,0.0,1.0,1.0,12
LEFT,RIGHT,False,0.5,weak,1.2,independent_rollout,1,source_group_average,0.5457953702240775,0.0038161360802968685,0.5433707130359281,0.548220027412227,0.0,0.0,0.0,0.0,0.0,0.0,0.0,0.0,0.0,0.0,0.0,0.0,1.0,0.0,1.0,1.0,12
LEFT,RIGHT,False,0.5,weak,1.2,independent_rollout,2,exact_deduplication,0.9969207349803274,0.001395820126671379,0.9960338731828744,0.9978075967777804,0.0,0.0,0.0,0.0,0.0,0.0,0.0,0.0,0.0,0.0,0.0,0.0,1.0,0.0,1.0,1.0,12
LEFT,RIGHT,False,0.5,weak,1.2,independent_rollout,2,explicit_belief_mixing,0.5228976851120388,0.0019080680401484492,0.5216853565179641,0.5241100137061135,1.850371707708594e-17,6.409875621278547e-17,-2.222268961611446e-17,5.923012377028634e-17,0.0,0.0,0.0,0.0,0.0,0.0,0.0,0.0,1.0,0.0,1.0,1.0,12
LEFT,RIGHT,False,0.5,weak,1.2,independent_rollout,2,ordinary_flat_aggregation,0.9969207349803274,0.001395820126671379,0.9960338731828744,0.9978075967777804,0.0,0.0,0.0,0.0,0.0,0.0,0.0,0.0,0.0,0.0,0.0,0.0,1.0,0.0,1.0,1.0,12
LEFT,RIGHT,False,0.5,weak,1.2,independent_rollout,2,provenance_preserving,0.9969207349803274,0.001395820126671379,0.9960338731828744,0.9978075967777804,0.0,0.0,0.0,0.0,0.0,0.0,0.0,0.0,0.0,0.0,0.0,0.0,1.0,0.0,1.0,1.0,12
LEFT,RIGHT,False,0.5,weak,1.2,independent_rollout,2,semantic_group_deduplication,0.5827472883429052,0.030152600787623055,0.5635892398082676,0.6019053368775429,-0.00706976304169014,0.026739133340980204,-0.024058997832041015,0.009919471748660733,0.0,0.0,0.0,0.0,0.0,0.0,0.0,0.0,1.0,0.0,1.0,1.0,12
LEFT,RIGHT,False,0.5,weak,1.2,independent_rollout,2,single_trajectory_score_average,0.5457953702240778,0.003816136080296875,0.5433707130359283,0.5482200274122272,2.7755575615628914e-17,6.900941601584843e-17,-1.6090915461230733e-17,7.160206669248857e-17,0.0,0.0,0.0,0.0,0.0,0.0,0.0,0.0,1.0,0.0,1.0,1.0,12
LEFT,RIGHT,False,0.5,weak,1.2,independent_rollout,2,source_group_average,0.5457953702240778,0.003816136080296875,0.5433707130359283,0.5482200274122272,2.7755575615628914e-17,6.900941601584843e-17,-1.6090915461230733e-17,7.160206669248857e-17,0.0,0.0,0.0,0.0,0.0,0.0,0.0,0.0,1.0,0.0,1.0,1.0,12
LEFT,RIGHT,False,0.5,weak,1.2,independent_rollout,4,exact_deduplication,0.9969207349803274,0.001395820126671379,0.9960338731828744,0.9978075967777804,0.0,0.0,0.0,0.0,0.0,0.0,0.0,0.0,0.0,0.0,0.0,0.0,1.0,0.0,1.0,1.0,12
LEFT,RIGHT,False,0.5,weak,1.2,independent_rollout,4,explicit_belief_mixing,0.5228976851120388,0.0019080680401484381,0.5216853565179641,0.5241100137061135,9.25185853854297e-18,5.716856438735954e-17,-2.7071314341395202e-17,4.557503141848114e-17,0.0,0.0,0.0,0.0,0.0,0.0,0.0,0.0,1.0,0.0,1.0,1.0,12
LEFT,RIGHT,False,0.5,weak,1.2,independent_rollout,4,ordinary_flat_aggregation,0.9969207349803274,0.001395820126671379,0.9960338731828744,0.9978075967777804,0.0,0.0,0.0,0.0,0.0,0.0,0.0,0.0,0.0,0.0,0.0,0.0,1.0,0.0,1.0,1.0,12
LEFT,RIGHT,False,0.5,weak,1.2,independent_rollout,4,provenance_preserving,0.9969207349803274,0.001395820126671379,0.9960338731828744,0.9978075967777804,0.0,0.0,0.0,0.0,0.0,0.0,0.0,0.0,0.0,0.0,0.0,0.0,1.0,0.0,1.0,1.0,12
LEFT,RIGHT,False,0.5,weak,1.2,independent_rollout,4,semantic_group_deduplication,0.5870498746754316,0.022629734707626758,0.5726716272098714,0.6014281221409917,-0.0027671767091638397,0.022007047486750326,-0.016749787589890933,0.011215434171563253,0.0,0.0,0.0,0.0,0.0,0.0,0.0,0.0,1.0,0.0,1.0,1.0,12
LEFT,RIGHT,False,0.5,weak,1.2,independent_rollout,4,single_trajectory_score_average,0.5457953702240778,0.003816136080296871,0.5433707130359283,0.5482200274122272,1.850371707708594e-17,7.968520982673792e-17,-3.212584977540495e-17,6.913328392957683e-17,0.0,0.0,0.0,0.0,0.0,0.0,0.0,0.0,1.0,0.0,1.0,1.0,12
LEFT,RIGHT,False,0.5,weak,1.2,independent_rollout,4,source_group_average,0.5457953702240778,0.003816136080296871,0.5433707130359283,0.5482200274122272,1.850371707708594e-17,7.968520982673792e-17,-3.212584977540495e-17,6.913328392957683e-17,0.0,0.0,0.0,0.0,0.0,0.0,0.0,0.0,1.0,0.0,1.0,1.0,12
LEFT,RIGHT,False,0.5,weak,1.2,independent_rollout,8,exact_deduplication,0.9969207349803274,0.001395820126671379,0.9960338731828744,0.9978075967777804,0.0,0.0,0.0,0.0,0.0,0.0,0.0,0.0,0.0,0.0,0.0,0.0,1.0,0.0,1.0,1.0,12
LEFT,RIGHT,False,0.5,weak,1.2,independent_rollout,8,explicit_belief_mixing,0.5228976851120389,0.0019080680401484384,0.5216853565179642,0.5241100137061137,2.7755575615628914e-17,6.900941601584843e-17,-1.6090915461230733e-17,7.160206669248857e-17,0.0,0.0,0.0,0.0,0.0,0.0,0.0,0.0,1.0,0.0,1.0,1.0,12
LEFT,RIGHT,False,0.5,weak,1.2,independent_rollout,8,ordinary_flat_aggregation,0.9969207349803274,0.001395820126671379,0.9960338731828744,0.9978075967777804,0.0,0.0,0.0,0.0,0.0,0.0,0.0,0.0,0.0,0.0,0.0,0.0,1.0,0.0,1.0,1.0,12
LEFT,RIGHT,False,0.5,weak,1.2,independent_rollout,8,provenance_preserving,0.9969207349803274,0.001395820126671379,0.9960338731828744,0.9978075967777804,0.0,0.0,0.0,0.0,0.0,0.0,0.0,0.0,0.0,0.0,0.0,0.0,1.0,0.0,1.0,1.0,12
LEFT,RIGHT,False,0.5,weak,1.2,independent_rollout,8,semantic_group_deduplication,0.5992101279077019,0.017295493028421628,0.5882210959100044,0.6101991599053994,0.009393076523106447,0.026542923507995596,-0.0074714924870098,0.026257645533222695,0.0,0.0,0.0,0.0,0.0,0.0,0.0,0.0,1.0,0.0,1.0,1.0,12
LEFT,RIGHT,False,0.5,weak,1.2,independent_rollout,8,single_trajectory_score_average,0.5457953702240778,0.003816136080296889,0.5433707130359283,0.5482200274122272,2.7755575615628914e-17,8.368620923398064e-17,-2.541610497925185e-17,8.092725621050968e-17,0.0,0.0,0.0,0.0,0.0,0.0,0.0,0.0,1.0,0.0,1.0,1.0,12
LEFT,RIGHT,False,0.5,weak,1.2,independent_rollout,8,source_group_average,0.5457953702240778,0.003816136080296889,0.5433707130359283,0.5482200274122272,2.7755575615628914e-17,8.368620923398064e-17,-2.541610497925185e-17,8.092725621050968e-17,0.0,0.0,0.0,0.0,0.0,0.0,0.0,0.0,1.0,0.0,1.0,1.0,12
LEFT,RIGHT,False,0.5,weak,1.2,independent_rollout,16,exact_deduplication,0.9969207349803274,0.001395820126671379,0.9960338731828744,0.9978075967777804,0.0,0.0,0.0,0.0,0.0,0.0,0.0,0.0,0.0,0.0,0.0,0.0,1.0,0.0,1.0,1.0,12
LEFT,RIGHT,False,0.5,weak,1.2,independent_rollout,16,explicit_belief_mixing,0.5228976851120388,0.0019080680401484258,0.5216853565179641,0.5241100137061135,1.850371707708594e-17,4.321537262272485e-17,-8.95402071409183e-18,4.596145486826371e-17,0.0,0.0,0.0,0.0,0.0,0.0,0.0,0.0,1.0,0.0,1.0,1.0,12
LEFT,RIGHT,False,0.5,weak,1.2,independent_rollout,16,ordinary_flat_aggregation,0.9969207349803274,0.001395820126671379,0.9960338731828744,0.9978075967777804,0.0,0.0,0.0,0.0,0.0,0.0,0.0,0.0,0.0,0.0,0.0,0.0,1.0,0.0,1.0,1.0,12
LEFT,RIGHT,False,0.5,weak,1.2,independent_rollout,16,provenance_preserving,0.9969207349803274,0.001395820126671379,0.9960338731828744,0.9978075967777804,0.0,0.0,0.0,0.0,0.0,0.0,0.0,0.0,0.0,0.0,0.0,0.0,1.0,0.0,1.0,1.0,12
LEFT,RIGHT,False,0.5,weak,1.2,independent_rollout,16,semantic_group_deduplication,0.595388587597975,0.020567627614366705,0.5823205404715017,0.6084566347244482,0.005571536213379524,0.029900244348370502,-0.013426172689354365,0.024569245116113414,0.0,0.0,0.0,0.0,0.0,0.0,0.0,0.0,1.0,0.0,1.0,1.0,12
LEFT,RIGHT,False,0.5,weak,1.2,independent_rollout,16,single_trajectory_score_average,0.5457953702240778,0.0038161360802968516,0.5433707130359283,0.5482200274122272,3.700743415417188e-17,7.231314961041786e-17,-8.938149103693081e-18,8.295301741203685e-17,0.0,0.0,0.0,0.0,0.0,0.0,0.0,0.0,1.0,0.0,1.0,1.0,12
LEFT,RIGHT,False,0.5,weak,1.2,independent_rollout,16,source_group_average,0.5457953702240778,0.0038161360802968516,0.5433707130359283,0.5482200274122272,3.700743415417188e-17,7.231314961041786e-17,-8.938149103693081e-18,8.295301741203685e-17,0.0,0.0,0.0,0.0,0.0,0.0,0.0,0.0,1.0,0.0,1.0,1.0,12
LEFT,RIGHT,False,0.5,weak,1.2,pure_duplication,1,exact_deduplication,0.5413007153366971,0.024700219628453708,0.5256069445143683,0.5569944861590259,0.0,0.0,0.0,0.0,0.0,0.0,0.0,0.0,0.0,0.0,0.0,0.0,1.0,0.0,1.0,1.0,12
LEFT,RIGHT,False,0.5,weak,1.2,pure_duplication,1,explicit_belief_mixing,0.5247903906099167,0.006635054679737334,0.5205746779926304,0.5290061032272031,0.0,0.0,0.0,0.0,0.0,0.0,0.0,0.0,0.0,0.0,0.0,0.0,1.0,0.0,1.0,1.0,12
LEFT,RIGHT,False,0.5,weak,1.2,pure_duplication,1,ordinary_flat_aggregation,0.5981367838928562,0.025722009127447907,0.5817937989960338,0.6144797687896786,0.0,0.0,0.0,0.0,0.0,0.0,0.0,0.0,0.0,0.0,0.0,0.0,1.0,0.0,1.0,1.0,12
LEFT,RIGHT,False,0.5,weak,1.2,pure_duplication,1,provenance_preserving,0.5981367838928562,0.025722009127447907,0.5817937989960338,0.6144797687896786,0.0,0.0,0.0,0.0,0.0,0.0,0.0,0.0,0.0,0.0,0.0,0.0,1.0,0.0,1.0,1.0,12
LEFT,RIGHT,False,0.5,weak,1.2,pure_duplication,1,semantic_group_deduplication,0.5413007153366971,0.024700219628453708,0.5256069445143683,0.5569944861590259,0.0,0.0,0.0,0.0,0.0,0.0,0.0,0.0,0.0,0.0,0.0,0.0,1.0,0.0,1.0,1.0,12
LEFT,RIGHT,False,0.5,weak,1.2,pure_duplication,1,single_trajectory_score_average,0.5495807812198333,0.013270109359474692,0.5411493559852605,0.5580122064544062,0.0,0.0,0.0,0.0,0.0,0.0,0.0,0.0,0.0,0.0,0.0,0.0,1.0,0.0,1.0,1.0,12
LEFT,RIGHT,False,0.5,weak,1.2,pure_duplication,1,source_group_average,0.5495807812198333,0.013270109359474692,0.5411493559852605,0.5580122064544062,0.0,0.0,0.0,0.0,0.0,0.0,0.0,0.0,0.0,0.0,0.0,0.0,1.0,0.0,1.0,1.0,12
LEFT,RIGHT,False,0.5,weak,1.2,pure_duplication,2,exact_deduplication,0.5486496535571043,0.020729185630267447,0.5354789573645824,0.5618203497496261,0.007348938220407025,0.01937993282586892,-0.004964483639654111,0.019662360080468164,0.0,0.0,0.0,0.0,0.0,0.0,0.0,0.0,1.0,0.0,1.0,1.0,12
LEFT,RIGHT,False,0.5,weak,1.2,pure_duplication,2,explicit_belief_mixing,0.5247903906099167,0.006635054679737334,0.5205746779926304,0.5290061032272031,0.0,0.0,0.0,0.0,0.0,0.0,0.0,0.0,0.0,0.0,0.0,0.0,1.0,0.0,1.0,1.0,12
LEFT,RIGHT,False,0.5,weak,1.2,pure_duplication,2,ordinary_flat_aggregation,0.6877471875800767,0.04563054284230811,0.658754923841632,0.7167394513185213,0.08961040368722044,0.01995661040571046,0.07693057837356479,0.10229022900087609,0.0,0.0,0.0,0.0,0.0,0.0,0.0,0.0,1.0,0.0,1.0,1.0,12
LEFT,RIGHT,False,0.5,weak,1.2,pure_duplication,2,provenance_preserving,0.5981367838928562,0.025722009127447907,0.5817937989960338,0.6144797687896786,0.0,0.0,0.0,0.0,0.0,0.0,0.0,0.0,0.0,0.0,0.0,0.0,1.0,0.0,1.0,1.0,12
LEFT,RIGHT,False,0.5,weak,1.2,pure_duplication,2,semantic_group_deduplication,0.5486496535571043,0.020729185630267447,0.5354789573645824,0.5618203497496261,0.007348938220407025,0.01937993282586892,-0.004964483639654111,0.019662360080468164,0.0,0.0,0.0,0.0,0.0,0.0,0.0,0.0,1.0,0.0,1.0,1.0,12
LEFT,RIGHT,False,0.5,weak,1.2,pure_duplication,2,single_trajectory_score_average,0.5495807812198333,0.013270109359474692,0.5411493559852605,0.5580122064544062,-9.25185853854297e-18,3.204937810639273e-17,-2.961506188514317e-17,1.1111344808057227e-17,0.0,0.0,0.0,0.0,0.0,0.0,0.0,0.0,1.0,0.0,1.0,1.0,12
LEFT,RIGHT,False,0.5,weak,1.2,pure_duplication,2,source_group_average,0.5495807812198333,0.013270109359474692,0.5411493559852605,0.5580122064544062,0.0,0.0,0.0,0.0,0.0,0.0,0.0,0.0,0.0,0.0,0.0,0.0,1.0,0.0,1.0,1.0,12
LEFT,RIGHT,False,0.5,weak,1.2,pure_duplication,4,exact_deduplication,0.5444866529396828,0.02241177874518365,0.530246888085832,0.5587264177935336,0.003185937602985661,0.028627881846233,-0.015003350734593898,0.02137522594056522,0.0,0.0,0.0,0.0,0.0,0.0,0.0,0.0,1.0,0.0,1.0,1.0,12
LEFT,RIGHT,False,0.5,weak,1.2,pure_duplication,4,explicit_belief_mixing,0.5247903906099167,0.006635054679737334,0.5205746779926304,0.5290061032272031,0.0,0.0,0.0,0.0,0.0,0.0,0.0,0.0,0.0,0.0,0.0,0.0,1.0,0.0,1.0,1.0,12
LEFT,RIGHT,False,0.5,weak,1.2,pure_duplication,4,ordinary_flat_aggregation,0.8237213743808631,0.061425526261845435,0.7846934569657544,0.8627492917959718,0.2255845904880068,0.03636976045860623,0.2024763471571319,0.24869283381888171,0.0,0.0,0.0,0.0,0.0,0.0,0.0,0.0,1.0,0.0,1.0,1.0,12
LEFT,RIGHT,False,0.5,weak,1.2,pure_duplication,4,provenance_preserving,0.5981367838928562,0.025722009127447907,0.5817937989960338,0.6144797687896786,0.0,0.0,0.0,0.0,0.0,0.0,0.0,0.0,0.0,0.0,0.0,0.0,1.0,0.0,1.0,1.0,12
LEFT,RIGHT,False,0.5,weak,1.2,pure_duplication,4,semantic_group_deduplication,0.5444866529396828,0.02241177874518365,0.530246888085832,0.5587264177935336,0.003185937602985661,0.028627881846233,-0.015003350734593898,0.02137522594056522,0.0,0.0,0.0,0.0,0.0,0.0,0.0,0.0,1.0,0.0,1.0,1.0,12
LEFT,RIGHT,False,0.5,weak,1.2,pure_duplication,4,single_trajectory_score_average,0.5495807812198333,0.013270109359474692,0.5411493559852605,0.5580122064544062,0.0,0.0,0.0,0.0,0.0,0.0,0.0,0.0,0.0,0.0,0.0,0.0,1.0,0.0,1.0,1.0,12
LEFT,RIGHT,False,0.5,weak,1.2,pure_duplication,4,source_group_average,0.5495807812198333,0.013270109359474692,0.5411493559852605,0.5580122064544062,0.0,0.0,0.0,0.0,0.0,0.0,0.0,0.0,0.0,0.0,0.0,0.0,1.0,0.0,1.0,1.0,12
LEFT,RIGHT,False,0.5,weak,1.2,pure_duplication,8,exact_deduplication,0.5477941409086751,0.019773901004583982,0.5352304036100856,0.5603578782072646,0.006493425571977907,0.029527049547098012,-0.012267166666558062,0.025254017810513875,0.0,0.0,0.0,0.0,0.0,0.0,0.0,0.0,1.0,0.0,1.0,1.0,12
LEFT,RIGHT,False,0.5,weak,1.2,pure_duplication,8,explicit_belief_mixing,0.5247903906099167,0.006635054679737334,0.5205746779926304,0.5290061032272031,0.0,0.0,0.0,0.0,0.0,0.0,0.0,0.0,0.0,0.0,0.0,0.0,1.0,0.0,1.0,1.0,12
LEFT,RIGHT,False,0.5,weak,1.2,pure_duplication,8,ordinary_flat_aggregation,0.9478458193104341,0.04590934312018784,0.9186764143266053,0.9770152242942629,0.3497090354175778,0.025788939848017348,0.33332352476975435,0.36609454606540126,0.0,0.0,0.0,0.0,0.0,0.0,0.0,0.0,1.0,0.0,1.0,1.0,12
LEFT,RIGHT,False,0.5,weak,1.2,pure_duplication,8,provenance_preserving,0.5981367838928562,0.025722009127447907,0.5817937989960338,0.6144797687896786,0.0,0.0,0.0,0.0,0.0,0.0,0.0,0.0,0.0,0.0,0.0,0.0,1.0,0.0,1.0,1.0,12
LEFT,RIGHT,False,0.5,weak,1.2,pure_duplication,8,semantic_group_deduplication,0.5477941409086751,0.019773901004583982,0.5352304036100856,0.5603578782072646,0.006493425571977907,0.029527049547098012,-0.012267166666558062,0.025254017810513875,0.0,0.0,0.0,0.0,0.0,0.0,0.0,0.0,1.0,0.0,1.0,1.0,12
LEFT,RIGHT,False,0.5,weak,1.2,pure_duplication,8,single_trajectory_score_average,0.5495807812198333,0.013270109359474692,0.5411493559852605,0.5580122064544062,0.0,0.0,0.0,0.0,0.0,0.0,0.0,0.0,0.0,0.0,0.0,0.0,1.0,0.0,1.0,1.0,12
LEFT,RIGHT,False,0.5,weak,1.2,pure_duplication,8,source_group_average,0.5495807812198333,0.013270109359474692,0.5411493559852605,0.5580122064544062,0.0,0.0,0.0,0.0,0.0,0.0,0.0,0.0,0.0,0.0,0.0,0.0,1.0,0.0,1.0,1.0,12
LEFT,RIGHT,False,0.5,weak,1.2,pure_duplication,16,exact_deduplication,0.5416618825615958,0.02164936239549934,0.5279065339454596,0.5554172311777319,0.0003611672248985398,0.014438191035847148,-0.008812421699167707,0.009534756148964787,0.0,0.0,0.0,0.0,0.0,0.0,0.0,0.0,1.0,0.0,1.0,1.0,12
LEFT,RIGHT,False,0.5,weak,1.2,pure_duplication,16,explicit_belief_mixing,0.5247903906099167,0.006635054679737334,0.5205746779926304,0.5290061032272031,-9.25185853854297e-18,3.204937810639273e-17,-2.961506188514317e-17,1.1111344808057227e-17,0.0,0.0,0.0,0.0,0.0,0.0,0.0,0.0,1.0,0.0,1.0,1.0,12
LEFT,RIGHT,False,0.5,weak,1.2,pure_duplication,16,ordinary_flat_aggregation,0.9939274938595125,0.013360238149557705,0.9854388035237651,1.00241618419526,0.3957907099666562,0.018565876021152585,0.38399451512407706,0.4075869048092354,0.0,0.0,0.0,0.0,0.0,0.0,0.0,0.0,1.0,0.0,1.0,1.0,12
LEFT,RIGHT,False,0.5,weak,1.2,pure_duplication,16,provenance_preserving,0.5981367838928562,0.025722009127447907,0.5817937989960338,0.6144797687896786,0.0,0.0,0.0,0.0,0.0,0.0,0.0,0.0,0.0,0.0,0.0,0.0,1.0,0.0,1.0,1.0,12
LEFT,RIGHT,False,0.5,weak,1.2,pure_duplication,16,semantic_group_deduplication,0.5416618825615958,0.02164936239549934,0.5279065339454596,0.5554172311777319,0.0003611672248985398,0.014438191035847148,-0.008812421699167707,0.009534756148964787,0.0,0.0,0.0,0.0,0.0,0.0,0.0,0.0,1.0,0.0,1.0,1.0,12
LEFT,RIGHT,False,0.5,weak,1.2,pure_duplication,16,single_trajectory_score_average,0.5495807812198333,0.013270109359474693,0.5411493559852605,0.5580122064544062,-9.25185853854297e-18,3.204937810639273e-17,-2.961506188514317e-17,1.1111344808057227e-17,0.0,0.0,0.0,0.0,0.0,0.0,0.0,0.0,1.0,0.0,1.0,1.0,12
LEFT,RIGHT,False,0.5,weak,1.2,pure_duplication,16,source_group_average,0.5495807812198333,0.013270109359474692,0.5411493559852605,0.5580122064544062,0.0,0.0,0.0,0.0,0.0,0.0,0.0,0.0,0.0,0.0,0.0,0.0,1.0,0.0,1.0,1.0,12
LEFT,RIGHT,False,0.8,medium,1.5,independent_rollout,1,exact_deduplication,0.9999993690783288,2.2538316108139847e-07,0.9999992258767002,0.9999995122799573,0.0,0.0,0.0,0.0,0.0,0.0,0.0,0.0,0.0,0.0,0.0,0.0,1.0,0.0,1.0,1.0,12
LEFT,RIGHT,False,0.8,medium,1.5,independent_rollout,1,explicit_belief_mixing,0.828428584113312,0.000757594229558191,0.8279472317045541,0.8289099365220699,0.0,0.0,0.0,0.0,0.0,0.0,0.0,0.0,0.0,0.0,0.0,0.0,1.0,0.0,1.0,1.0,12
LEFT,RIGHT,False,0.8,medium,1.5,independent_rollout,1,ordinary_flat_aggregation,0.9999993690783288,2.2538316108139847e-07,0.9999992258767002,0.9999995122799573,0.0,0.0,0.0,0.0,0.0,0.0,0.0,0.0,0.0,0.0,0.0,0.0,1.0,0.0,1.0,1.0,12
LEFT,RIGHT,False,0.8,medium,1.5,independent_rollout,1,provenance_preserving,0.9999993690783288,2.2538316108139847e-07,0.9999992258767002,0.9999995122799573,0.0,0.0,0.0,0.0,0.0,0.0,0.0,0.0,0.0,0.0,0.0,0.0,1.0,0.0,1.0,1.0,12
LEFT,RIGHT,False,0.8,medium,1.5,independent_rollout,1,semantic_group_deduplication,0.898980317126436,0.012398697197471028,0.8911025607647716,0.9068580734881004,0.0,0.0,0.0,0.0,0.0,0.0,0.0,0.0,0.0,0.0,0.0,0.0,1.0,0.0,1.0,1.0,12
LEFT,RIGHT,False,0.8,medium,1.5,independent_rollout,1,single_trajectory_score_average,0.856857168226624,0.00151518845911639,0.8558944634091082,0.8578198730441399,0.0,0.0,0.0,0.0,0.0,0.0,0.0,0.0,0.0,0.0,0.0,0.0,1.0,0.0,1.0,1.0,12
LEFT,RIGHT,False,0.8,medium,1.5,independent_rollout,1,source_group_average,0.856857168226624,0.00151518845911639,0.8558944634091082,0.8578198730441399,0.0,0.0,0.0,0.0,0.0,0.0,0.0,0.0,0.0,0.0,0.0,0.0,1.0,0.0,1.0,1.0,12
LEFT,RIGHT,False,0.8,medium,1.5,independent_rollout,2,exact_deduplication,0.9999993690783288,2.2538316108139847e-07,0.9999992258767002,0.9999995122799573,0.0,0.0,0.0,0.0,0.0,0.0,0.0,0.0,0.0,0.0,0.0,0.0,1.0,0.0,1.0,1.0,12
LEFT,RIGHT,False,0.8,medium,1.5,independent_rollout,2,explicit_belief_mixing,0.828428584113312,0.0007575942295581945,0.8279472317045541,0.8289099365220699,0.0,4.734006883291518e-17,-3.007844473258028e-17,3.007844473258028e-17,0.0,0.0,0.0,0.0,0.0,0.0,0.0,0.0,1.0,0.0,1.0,1.0,12
LEFT,RIGHT,False,0.8,medium,1.5,independent_rollout,2,ordinary_flat_aggregation,0.9999993690783288,2.2538316108139847e-07,0.9999992258767002,0.9999995122799573,0.0,0.0,0.0,0.0,0.0,0.0,0.0,0.0,0.0,0.0,0.0,0.0,1.0,0.0,1.0,1.0,12
LEFT,RIGHT,False,0.8,medium,1.5,independent_rollout,2,provenance_preserving,0.9999993690783288,2.2538316108139847e-07,0.9999992258767002,0.9999995122799573,0.0,0.0,0.0,0.0,0.0,0.0,0.0,0.0,0.0,0.0,0.0,0.0,1.0,0.0,1.0,1.0,12
LEFT,RIGHT,False,0.8,medium,1.5,independent_rollout,2,semantic_group_deduplication,0.9000021256159756,0.013173666446260071,0.8916319772850172,0.908372273946934,0.0010218084895396624,0.015201139221241286,-0.008636534584529936,0.010680151563609262,0.0,0.0,0.0,0.0,0.0,0.0,0.0,0.0,1.0,0.0,1.0,1.0,12
LEFT,RIGHT,False,0.8,medium,1.5,independent_rollout,2,single_trajectory_score_average,0.856857168226624,0.0015151884591164046,0.8558944634091082,0.8578198730441399,-9.25185853854297e-18,5.716856438735954e-17,-4.557503141848114e-17,2.7071314341395202e-17,0.0,0.0,0.0,0.0,0.0,0.0,0.0,0.0,1.0,0.0,1.0,1.0,12
LEFT,RIGHT,False,0.8,medium,1.5,independent_rollout,2,source_group_average,0.856857168226624,0.0015151884591164046,0.8558944634091082,0.8578198730441399,-9.25185853854297e-18,5.716856438735954e-17,-4.557503141848114e-17,2.7071314341395202e-17,0.0,0.0,0.0,0.0,0.0,0.0,0.0,0.0,1.0,0.0,1.0,1.0,12
LEFT,RIGHT,False,0.8,medium,1.5,independent_rollout,4,exact_deduplication,0.9999993690783288,2.2538316108139847e-07,0.9999992258767002,0.9999995122799573,0.0,0.0,0.0,0.0,0.0,0.0,0.0,0.0,0.0,0.0,0.0,0.0,1.0,0.0,1.0,1.0,12
LEFT,RIGHT,False,0.8,medium,1.5,independent_rollout,4,explicit_belief_mixing,0.828428584113312,0.000757594229558191,0.8279472317045541,0.8289099365220699,0.0,0.0,0.0,0.0,0.0,0.0,0.0,0.0,0.0,0.0,0.0,0.0,1.0,0.0,1.0,1.0,12
LEFT,RIGHT,False,0.8,medium,1.5,independent_rollout,4,ordinary_flat_aggregation,0.9999993690783288,2.2538316108139847e-07,0.9999992258767002,0.9999995122799573,0.0,0.0,0.0,0.0,0.0,0.0,0.0,0.0,0.0,0.0,0.0,0.0,1.0,0.0,1.0,1.0,12
LEFT,RIGHT,False,0.8,medium,1.5,independent_rollout,4,provenance_preserving,0.9999993690783288,2.2538316108139847e-07,0.9999992258767002,0.9999995122799573,0.0,0.0,0.0,0.0,0.0,0.0,0.0,0.0,0.0,0.0,0.0,0.0,1.0,0.0,1.0,1.0,12
LEFT,RIGHT,False,0.8,medium,1.5,independent_rollout,4,semantic_group_deduplication,0.9043060149613235,0.0070864208522068125,0.8998035179601634,0.9088085119624835,0.005325697834887483,0.01270979362996251,-0.0027497197698187533,0.013401115439593719,0.0,0.0,0.0,0.0,0.0,0.0,0.0,0.0,1.0,0.0,1.0,1.0,12
LEFT,RIGHT,False,0.8,medium,1.5,independent_rollout,4,single_trajectory_score_average,0.856857168226624,0.0015151884591163955,0.8558944634091082,0.8578198730441399,-9.25185853854297e-18,3.204937810639273e-17,-2.961506188514317e-17,1.1111344808057227e-17,0.0,0.0,0.0,0.0,0.0,0.0,0.0,0.0,1.0,0.0,1.0,1.0,12
LEFT,RIGHT,False,0.8,medium,1.5,independent_rollout,4,source_group_average,0.856857168226624,0.0015151884591163955,0.8558944634091082,0.8578198730441399,-9.25185853854297e-18,3.204937810639273e-17,-2.961506188514317e-17,1.1111344808057227e-17,0.0,0.0,0.0,0.0,0.0,0.0,0.0,0.0,1.0,0.0,1.0,1.0,12
LEFT,RIGHT,False,0.8,medium,1.5,independent_rollout,8,exact_deduplication,0.9999993690783288,2.2538316108139847e-07,0.9999992258767002,0.9999995122799573,0.0,0.0,0.0,0.0,0.0,0.0,0.0,0.0,0.0,0.0,0.0,0.0,1.0,0.0,1.0,1.0,12
LEFT,RIGHT,False,0.8,medium,1.5,independent_rollout,8,explicit_belief_mixing,0.828428584113312,0.0007575942295581908,0.8279472317045541,0.8289099365220699,-9.25185853854297e-18,3.204937810639273e-17,-2.961506188514317e-17,1.1111344808057227e-17,0.0,0.0,0.0,0.0,0.0,0.0,0.0,0.0,1.0,0.0,1.0,1.0,12
LEFT,RIGHT,False,0.8,medium,1.5,independent_rollout,8,ordinary_flat_aggregation,0.9999993690783288,2.2538316108139847e-07,0.9999992258767002,0.9999995122799573,0.0,0.0,0.0,0.0,0.0,0.0,0.0,0.0,0.0,0.0,0.0,0.0,1.0,0.0,1.0,1.0,12
LEFT,RIGHT,False,0.8,medium,1.5,independent_rollout,8,provenance_preserving,0.9999993690783288,2.2538316108139847e-07,0.9999992258767002,0.9999995122799573,0.0,0.0,0.0,0.0,0.0,0.0,0.0,0.0,0.0,0.0,0.0,0.0,1.0,0.0,1.0,1.0,12
LEFT,RIGHT,False,0.8,medium,1.5,independent_rollout,8,semantic_group_deduplication,0.9022570628755352,0.006931593881187202,0.8978529382385423,0.9066611875125281,0.003276745749099391,0.012540686681484219,-0.0046912264266267545,0.011244717924825537,0.0,0.0,0.0,0.0,0.0,0.0,0.0,0.0,1.0,0.0,1.0,1.0,12
LEFT,RIGHT,False,0.8,medium,1.5,independent_rollout,8,single_trajectory_score_average,0.856857168226624,0.001515188459116401,0.8558944634091082,0.8578198730441399,0.0,4.734006883291518e-17,-3.007844473258028e-17,3.007844473258028e-17,0.0,0.0,0.0,0.0,0.0,0.0,0.0,0.0,1.0,0.0,1.0,1.0,12
LEFT,RIGHT,False,0.8,medium,1.5,independent_rollout,8,source_group_average,0.856857168226624,0.001515188459116401,0.8558944634091082,0.8578198730441399,0.0,4.734006883291518e-17,-3.007844473258028e-17,3.007844473258028e-17,0.0,0.0,0.0,0.0,0.0,0.0,0.0,0.0,1.0,0.0,1.0,1.0,12
LEFT,RIGHT,False,0.8,medium,1.5,independent_rollout,16,exact_deduplication,0.9999993690783288,2.2538316108139847e-07,0.9999992258767002,0.9999995122799573,0.0,0.0,0.0,0.0,0.0,0.0,0.0,0.0,0.0,0.0,0.0,0.0,1.0,0.0,1.0,1.0,12
LEFT,RIGHT,False,0.8,medium,1.5,independent_rollout,16,explicit_belief_mixing,0.828428584113312,0.0007575942295581908,0.8279472317045541,0.8289099365220699,-9.25185853854297e-18,3.204937810639273e-17,-2.961506188514317e-17,1.1111344808057227e-17,0.0,0.0,0.0,0.0,0.0,0.0,0.0,0.0,1.0,0.0,1.0,1.0,12
LEFT,RIGHT,False,0.8,medium,1.5,independent_rollout,16,ordinary_flat_aggregation,0.9999993690783288,2.2538316108139847e-07,0.9999992258767002,0.9999995122799573,0.0,0.0,0.0,0.0,0.0,0.0,0.0,0.0,0.0,0.0,0.0,0.0,1.0,0.0,1.0,1.0,12
LEFT,RIGHT,False,0.8,medium,1.5,independent_rollout,16,provenance_preserving,0.9999993690783288,2.2538316108139847e-07,0.9999992258767002,0.9999995122799573,0.0,0.0,0.0,0.0,0.0,0.0,0.0,0.0,0.0,0.0,0.0,0.0,1.0,0.0,1.0,1.0,12
LEFT,RIGHT,False,0.8,medium,1.5,independent_rollout,16,semantic_group_deduplication,0.8973512469801334,0.006187362115418645,0.8934199846474584,0.9012825093128083,-0.0016290701463024804,0.013928630362666299,-0.010478899664773821,0.00722075937216886,0.0,0.0,0.0,0.0,0.0,0.0,0.0,0.0,1.0,0.0,1.0,1.0,12
LEFT,RIGHT,False,0.8,medium,1.5,independent_rollout,16,single_trajectory_score_average,0.856857168226624,0.001515188459116401,0.8558944634091082,0.8578198730441399,-1.850371707708594e-17,4.321537262272485e-17,-4.596145486826371e-17,8.95402071409183e-18,0.0,0.0,0.0,0.0,0.0,0.0,0.0,0.0,1.0,0.0,1.0,1.0,12
LEFT,RIGHT,False,0.8,medium,1.5,independent_rollout,16,source_group_average,0.856857168226624,0.001515188459116401,0.8558944634091082,0.8578198730441399,-1.850371707708594e-17,4.321537262272485e-17,-4.596145486826371e-17,8.95402071409183e-18,0.0,0.0,0.0,0.0,0.0,0.0,0.0,0.0,1.0,0.0,1.0,1.0,12
LEFT,RIGHT,False,0.8,medium,1.5,pure_duplication,1,exact_deduplication,0.8579728877423795,0.007284961791166502,0.8533442438469103,0.8626015316378486,0.0,0.0,0.0,0.0,0.0,0.0,0.0,0.0,0.0,0.0,0.0,0.0,1.0,0.0,1.0,1.0,12
LEFT,RIGHT,False,0.8,medium,1.5,pure_duplication,1,explicit_belief_mixing,0.8284280301725344,0.0029812599619906035,0.8265338279626331,0.8303222323824357,0.0,0.0,0.0,0.0,0.0,0.0,0.0,0.0,0.0,0.0,0.0,0.0,1.0,0.0,1.0,1.0,12
LEFT,RIGHT,False,0.8,medium,1.5,pure_duplication,1,ordinary_flat_aggregation,0.8996225087160584,0.008764600563990515,0.8940537471961378,0.905191270235979,0.0,0.0,0.0,0.0,0.0,0.0,0.0,0.0,0.0,0.0,0.0,0.0,1.0,0.0,1.0,1.0,12
LEFT,RIGHT,False,0.8,medium,1.5,pure_duplication,1,provenance_preserving,0.8996225087160584,0.008764600563990515,0.8940537471961378,0.905191270235979,0.0,0.0,0.0,0.0,0.0,0.0,0.0,0.0,0.0,0.0,0.0,0.0,1.0,0.0,1.0,1.0,12
LEFT,RIGHT,False,0.8,medium,1.5,pure_duplication,1,semantic_group_deduplication,0.8579728877423795,0.007284961791166502,0.8533442438469103,0.8626015316378486,0.0,0.0,0.0,0.0,0.0,0.0,0.0,0.0,0.0,0.0,0.0,0.0,1.0,0.0,1.0,1.0,12
LEFT,RIGHT,False,0.8,medium,1.5,pure_duplication,1,single_trajectory_score_average,0.8568560603450689,0.005962519923981251,0.8530676559252662,0.8606444647648716,0.0,0.0,0.0,0.0,0.0,0.0,0.0,0.0,0.0,0.0,0.0,0.0,1.0,0.0,1.0,1.0,12
LEFT,RIGHT,False,0.8,medium,1.5,pure_duplication,1,source_group_average,0.8568560603450689,0.005962519923981251,0.8530676559252662,0.8606444647648716,0.0,0.0,0.0,0.0,0.0,0.0,0.0,0.0,0.0,0.0,0.0,0.0,1.0,0.0,1.0,1.0,12
LEFT,RIGHT,False,0.8,medium,1.5,pure_duplication,2,exact_deduplication,0.8565345475799924,0.00776086606127307,0.8516035285372263,0.8614655666227584,-0.001438340162387151,0.009497574429084228,-0.007472811057793876,0.004596130733019573,0.0,0.0,0.0,0.0,0.0,0.0,0.0,0.0,1.0,0.0,1.0,1.0,12
LEFT,RIGHT,False,0.8,medium,1.5,pure_duplication,2,explicit_belief_mixing,0.8284280301725344,0.0029812599619906035,0.8265338279626331,0.8303222323824357,0.0,0.0,0.0,0.0,0.0,0.0,0.0,0.0,0.0,0.0,0.0,0.0,1.0,0.0,1.0,1.0,12
LEFT,RIGHT,False,0.8,medium,1.5,pure_duplication,2,ordinary_flat_aggregation,0.9521698432838589,0.008992413407988542,0.9464563363884774,0.9578833501792404,0.052547334567800606,0.0004486222644592461,0.05226229357990157,0.05283237555569964,0.0,0.0,0.0,0.0,0.0,0.0,0.0,0.0,1.0,0.0,1.0,1.0,12
LEFT,RIGHT,False,0.8,medium,1.5,pure_duplication,2,provenance_preserving,0.8996225087160584,0.008764600563990515,0.8940537471961378,0.905191270235979,0.0,0.0,0.0,0.0,0.0,0.0,0.0,0.0,0.0,0.0,0.0,0.0,1.0,0.0,1.0,1.0,12
LEFT,RIGHT,False,0.8,medium,1.5,pure_duplication,2,semantic_group_deduplication,0.8565345475799924,0.00776086606127307,0.8516035285372263,0.8614655666227584,-0.001438340162387151,0.009497574429084228,-0.007472811057793876,0.004596130733019573,0.0,0.0,0.0,0.0,0.0,0.0,0.0,0.0,1.0,0.0,1.0,1.0,12
LEFT,RIGHT,False,0.8,medium,1.5,pure_duplication,2,single_trajectory_score_average,0.8568560603450687,0.0059625199239812295,0.853067655925266,0.8606444647648713,-1.850371707708594e-17,4.321537262272485e-17,-4.596145486826371e-17,8.95402071409183e-18,0.0,0.0,0.0,0.0,0.0,0.0,0.0,0.0,1.0,0.0,1.0,1.0,12
LEFT,RIGHT,False,0.8,medium,1.5,pure_duplication,2,source_group_average,0.8568560603450689,0.005962519923981251,0.8530676559252662,0.8606444647648716,0.0,0.0,0.0,0.0,0.0,0.0,0.0,0.0,0.0,0.0,0.0,0.0,1.0,0.0,1.0,1.0,12
LEFT,RIGHT,False,0.8,medium,1.5,pure_duplication,4,exact_deduplication,0.8553864279275318,0.011910154479789511,0.8478190767996484,0.8629537790554153,-0.0025864598148476747,0.012028985652568217,-0.010229312667824692,0.005056393038129344,0.0,0.0,0.0,0.0,0.0,0.0,0.0,0.0,1.0,0.0,1.0,1.0,12
LEFT,RIGHT,False,0.8,medium,1.5,pure_duplication,4,explicit_belief_mixing,0.8284280301725344,0.0029812599619906035,0.8265338279626331,0.8303222323824357,0.0,0.0,0.0,0.0,0.0,0.0,0.0,0.0,0.0,0.0,0.0,0.0,1.0,0.0,1.0,1.0,12
LEFT,RIGHT,False,0.8,medium,1.5,pure_duplication,4,ordinary_flat_aggregation,0.9896320764113989,0.004181304206616916,0.9869754024650065,0.9922887503577914,0.09000956769534062,0.00465343762009592,0.08705291448964764,0.0929662209010336,0.0,0.0,0.0,0.0,0.0,0.0,0.0,0.0,1.0,0.0,1.0,1.0,12
LEFT,RIGHT,False,0.8,medium,1.5,pure_duplication,4,provenance_preserving,0.8996225087160584,0.008764600563990515,0.8940537471961378,0.905191270235979,0.0,0.0,0.0,0.0,0.0,0.0,0.0,0.0,0.0,0.0,0.0,0.0,1.0,0.0,1.0,1.0,12
LEFT,RIGHT,False,0.8,medium,1.5,pure_duplication,4,semantic_group_deduplication,0.8553864279275318,0.011910154479789511,0.8478190767996484,0.8629537790554153,-0.0025864598148476747,0.012028985652568217,-0.010229312667824692,0.005056393038129344,0.0,0.0,0.0,0.0,0.0,0.0,0.0,0.0,1.0,0.0,1.0,1.0,12
LEFT,RIGHT,False,0.8,medium,1.5,pure_duplication,4,single_trajectory_score_average,0.8568560603450689,0.005962519923981251,0.8530676559252662,0.8606444647648716,0.0,0.0,0.0,0.0,0.0,0.0,0.0,0.0,0.0,0.0,0.0,0.0,1.0,0.0,1.0,1.0,12
LEFT,RIGHT,False,0.8,medium,1.5,pure_duplication,4,source_group_average,0.8568560603450689,0.005962519923981251,0.8530676559252662,0.8606444647648716,0.0,0.0,0.0,0.0,0.0,0.0,0.0,0.0,0.0,0.0,0.0,0.0,1.0,0.0,1.0,1.0,12
LEFT,RIGHT,False,0.8,medium,1.5,pure_duplication,8,exact_deduplication,0.8564313486783988,0.011524063106742193,0.8491093083054894,0.8637533890513082,-0.0015415390639806996,0.014689913158136848,-0.010875064594180356,0.007791986466218957,0.0,0.0,0.0,0.0,0.0,0.0,0.0,0.0,1.0,0.0,1.0,1.0,12
LEFT,RIGHT,False,0.8,medium,1.5,pure_duplication,8,explicit_belief_mixing,0.8284280301725344,0.0029812599619906035,0.8265338279626331,0.8303222323824357,0.0,0.0,0.0,0.0,0.0,0.0,0.0,0.0,0.0,0.0,0.0,0.0,1.0,0.0,1.0,1.0,12
LEFT,RIGHT,False,0.8,medium,1.5,pure_duplication,8,ordinary_flat_aggregation,0.9994926757010664,0.0004281508072554054,0.9992206416565301,0.9997647097456026,0.0998701669850081,0.00835569159618126,0.09456121382811115,0.10517912014190504,0.0,0.0,0.0,0.0,0.0,0.0,0.0,0.0,1.0,0.0,1.0,1.0,12
LEFT,RIGHT,False,0.8,medium,1.5,pure_duplication,8,provenance_preserving,0.8996225087160584,0.008764600563990515,0.8940537471961378,0.905191270235979,0.0,0.0,0.0,0.0,0.0,0.0,0.0,0.0,0.0,0.0,0.0,0.0,1.0,0.0,1.0,1.0,12
LEFT,RIGHT,False,0.8,medium,1.5,pure_duplication,8,semantic_group_deduplication,0.8564313486783988,0.011524063106742193,0.8491093083054894,0.8637533890513082,-0.0015415390639806996,0.014689913158136848,-0.010875064594180356,0.007791986466218957,0.0,0.0,0.0,0.0,0.0,0.0,0.0,0.0,1.0,0.0,1.0,1.0,12
LEFT,RIGHT,False,0.8,medium,1.5,pure_duplication,8,single_trajectory_score_average,0.8568560603450689,0.005962519923981251,0.8530676559252662,0.8606444647648716,0.0,0.0,0.0,0.0,0.0,0.0,0.0,0.0,0.0,0.0,0.0,0.0,1.0,0.0,1.0,1.0,12
LEFT,RIGHT,False,0.8,medium,1.5,pure_duplication,8,source_group_average,0.8568560603450689,0.005962519923981251,0.8530676559252662,0.8606444647648716,0.0,0.0,0.0,0.0,0.0,0.0,0.0,0.0,0.0,0.0,0.0,0.0,1.0,0.0,1.0,1.0,12
LEFT,RIGHT,False,0.8,medium,1.5,pure_duplication,16,exact_deduplication,0.8594118601735184,0.007343711506512676,0.8547458884897791,0.8640778318572578,0.0014389724311390055,0.00577870828886643,-0.0022326436475330344,0.005110588509811045,0.0,0.0,0.0,0.0,0.0,0.0,0.0,0.0,1.0,0.0,1.0,1.0,12
LEFT,RIGHT,False,0.8,medium,1.5,pure_duplication,16,explicit_belief_mixing,0.8284280301725344,0.0029812599619906035,0.8265338279626331,0.8303222323824357,0.0,0.0,0.0,0.0,0.0,0.0,0.0,0.0,0.0,0.0,0.0,0.0,1.0,0.0,1.0,1.0,12
LEFT,RIGHT,False,0.8,medium,1.5,pure_duplication,16,ordinary_flat_aggregation,0.9999982944993976,2.7934289133758107e-06,0.9999965196393423,1.0000000693594528,0.10037578578333935,0.008762199481300342,0.09480854983857685,0.10594302172810184,0.0,0.0,0.0,0.0,0.0,0.0,0.0,0.0,1.0,0.0,1.0,1.0,12
LEFT,RIGHT,False,0.8,medium,1.5,pure_duplication,16,provenance_preserving,0.8996225087160584,0.008764600563990515,0.8940537471961378,0.905191270235979,0.0,0.0,0.0,0.0,0.0,0.0,0.0,0.0,0.0,0.0,0.0,0.0,1.0,0.0,1.0,1.0,12
LEFT,RIGHT,False,0.8,medium,1.5,pure_duplication,16,semantic_group_deduplication,0.8594118601735184,0.007343711506512676,0.8547458884897791,0.8640778318572578,0.0014389724311390055,0.00577870828886643,-0.0022326436475330344,0.005110588509811045,0.0,0.0,0.0,0.0,0.0,0.0,0.0,0.0,1.0,0.0,1.0,1.0,12
LEFT,RIGHT,False,0.8,medium,1.5,pure_duplication,16,single_trajectory_score_average,0.8568560603450687,0.005962519923981209,0.853067655925266,0.8606444647648713,-2.7755575615628914e-17,6.900941601584843e-17,-7.160206669248857e-17,1.6090915461230733e-17,0.0,0.0,0.0,0.0,0.0,0.0,0.0,0.0,1.0,0.0,1.0,1.0,12
LEFT,RIGHT,False,0.8,medium,1.5,pure_duplication,16,source_group_average,0.8568560603450689,0.005962519923981251,0.8530676559252662,0.8606444647648716,0.0,0.0,0.0,0.0,0.0,0.0,0.0,0.0,0.0,0.0,0.0,0.0,1.0,0.0,1.0,1.0,12
LEFT,RIGHT,False,0.8,strong,2.0,independent_rollout,1,exact_deduplication,0.999999999945918,1.2213971881729307e-11,0.9999999999381577,0.9999999999536784,0.0,0.0,0.0,0.0,0.0,0.0,0.0,0.0,0.0,0.0,0.0,0.0,1.0,0.0,1.0,1.0,12
LEFT,RIGHT,False,0.8,strong,2.0,independent_rollout,1,explicit_belief_mixing,0.8445079307850477,0.0003690107892096101,0.844273472515286,0.8447423890548095,0.0,0.0,0.0,0.0,0.0,0.0,0.0,0.0,0.0,0.0,0.0,0.0,1.0,0.0,1.0,1.0,12
LEFT,RIGHT,False,0.8,strong,2.0,independent_rollout,1,ordinary_flat_aggregation,0.999999999945918,1.2213971881729307e-11,0.9999999999381577,0.9999999999536784,0.0,0.0,0.0,0.0,0.0,0.0,0.0,0.0,0.0,0.0,0.0,0.0,1.0,0.0,1.0,1.0,12
LEFT,RIGHT,False,0.8,strong,2.0,independent_rollout,1,provenance_preserving,0.999999999945918,1.2213971881729307e-11,0.9999999999381577,0.9999999999536784,0.0,0.0,0.0,0.0,0.0,0.0,0.0,0.0,0.0,0.0,0.0,0.0,1.0,0.0,1.0,1.0,12
LEFT,RIGHT,False,0.8,strong,2.0,independent_rollout,1,semantic_group_deduplication,0.9402710516379073,0.00525159217077081,0.9369343491623766,0.9436077541134379,0.0,0.0,0.0,0.0,0.0,0.0,0.0,0.0,0.0,0.0,0.0,0.0,1.0,0.0,1.0,1.0,12
LEFT,RIGHT,False,0.8,strong,2.0,independent_rollout,1,single_trajectory_score_average,0.8890158615700953,0.0007380215784192071,0.8885469450305717,0.8894847781096188,0.0,0.0,0.0,0.0,0.0,0.0,0.0,0.0,0.0,0.0,0.0,0.0,1.0,0.0,1.0,1.0,12
LEFT,RIGHT,False,0.8,strong,2.0,independent_rollout,1,source_group_average,0.8890158615700953,0.0007380215784192071,0.8885469450305717,0.8894847781096188,0.0,0.0,0.0,0.0,0.0,0.0,0.0,0.0,0.0,0.0,0.0,0.0,1.0,0.0,1.0,1.0,12
LEFT,RIGHT,False,0.8,strong,2.0,independent_rollout,2,exact_deduplication,0.999999999945918,1.2213971881729307e-11,0.9999999999381577,0.9999999999536784,0.0,0.0,0.0,0.0,0.0,0.0,0.0,0.0,0.0,0.0,0.0,0.0,1.0,0.0,1.0,1.0,12
LEFT,RIGHT,False,0.8,strong,2.0,independent_rollout,2,explicit_belief_mixing,0.8445079307850477,0.0003690107892096101,0.844273472515286,0.8447423890548095,0.0,0.0,0.0,0.0,0.0,0.0,0.0,0.0,0.0,0.0,0.0,0.0,1.0,0.0,1.0,1.0,12
LEFT,RIGHT,False,0.8,strong,2.0,independent_rollout,2,ordinary_flat_aggregation,0.999999999945918,1.2213971881729307e-11,0.9999999999381577,0.9999999999536784,0.0,0.0,0.0,0.0,0.0,0.0,0.0,0.0,0.0,0.0,0.0,0.0,1.0,0.0,1.0,1.0,12
LEFT,RIGHT,False,0.8,strong,2.0,independent_rollout,2,provenance_preserving,0.999999999945918,1.2213971881729307e-11,0.9999999999381577,0.9999999999536784,0.0,0.0,0.0,0.0,0.0,0.0,0.0,0.0,0.0,0.0,0.0,0.0,1.0,0.0,1.0,1.0,12
LEFT,RIGHT,False,0.8,strong,2.0,independent_rollout,2,semantic_group_deduplication,0.9394890607278265,0.0047199737938557074,0.9364901324542155,0.9424879890014374,-0.0007819909100807246,0.008088918992763273,-0.005921444841355599,0.004357463021194149,0.0,0.0,0.0,0.0,0.0,0.0,0.0,0.0,1.0,0.0,1.0,1.0,12
LEFT,RIGHT,False,0.8,strong,2.0,independent_rollout,2,single_trajectory_score_average,0.8890158615700953,0.0007380215784192104,0.8885469450305717,0.8894847781096188,-9.25185853854297e-18,5.716856438735954e-17,-4.557503141848114e-17,2.7071314341395202e-17,0.0,0.0,0.0,0.0,0.0,0.0,0.0,0.0,1.0,0.0,1.0,1.0,12
LEFT,RIGHT,False,0.8,strong,2.0,independent_rollout,2,source_group_average,0.8890158615700953,0.0007380215784192104,0.8885469450305717,0.8894847781096188,-9.25185853854297e-18,5.716856438735954e-17,-4.557503141848114e-17,2.7071314341395202e-17,0.0,0.0,0.0,0.0,0.0,0.0,0.0,0.0,1.0,0.0,1.0,1.0,12
LEFT,RIGHT,False,0.8,strong,2.0,independent_rollout,4,exact_deduplication,0.999999999945918,1.2213971881729307e-11,0.9999999999381577,0.9999999999536784,0.0,0.0,0.0,0.0,0.0,0.0,0.0,0.0,0.0,0.0,0.0,0.0,1.0,0.0,1.0,1.0,12
LEFT,RIGHT,False,0.8,strong,2.0,independent_rollout,4,explicit_belief_mixing,0.8445079307850477,0.0003690107892096101,0.844273472515286,0.8447423890548095,0.0,0.0,0.0,0.0,0.0,0.0,0.0,0.0,0.0,0.0,0.0,0.0,1.0,0.0,1.0,1.0,12
LEFT,RIGHT,False,0.8,strong,2.0,independent_rollout,4,ordinary_flat_aggregation,0.999999999945918,1.2213971881729307e-11,0.9999999999381577,0.9999999999536784,0.0,0.0,0.0,0.0,0.0,0.0,0.0,0.0,0.0,0.0,0.0,0.0,1.0,0.0,1.0,1.0,12
LEFT,RIGHT,False,0.8,strong,2.0,independent_rollout,4,provenance_preserving,0.999999999945918,1.2213971881729307e-11,0.9999999999381577,0.9999999999536784,0.0,0.0,0.0,0.0,0.0,0.0,0.0,0.0,0.0,0.0,0.0,0.0,1.0,0.0,1.0,1.0,12
LEFT,RIGHT,False,0.8,strong,2.0,independent_rollout,4,semantic_group_deduplication,0.9416112504872561,0.0038555486411606344,0.9391615517526338,0.9440609492218784,0.001340198849348902,0.006313017507561101,-0.0026709011105430494,0.005351298809240853,0.0,0.0,0.0,0.0,0.0,0.0,0.0,0.0,1.0,0.0,1.0,1.0,12
LEFT,RIGHT,False,0.8,strong,2.0,independent_rollout,4,single_trajectory_score_average,0.8890158615700953,0.0007380215784192159,0.8885469450305717,0.8894847781096188,-1.850371707708594e-17,4.3215372622724845e-17,-4.596145486826371e-17,8.954020714091827e-18,0.0,0.0,0.0,0.0,0.0,0.0,0.0,0.0,1.0,0.0,1.0,1.0,12
LEFT,RIGHT,False,0.8,strong,2.0,independent_rollout,4,source_group_average,0.8890158615700953,0.0007380215784192159,0.8885469450305717,0.8894847781096188,-1.850371707708594e-17,4.3215372622724845e-17,-4.596145486826371e-17,8.954020714091827e-18,0.0,0.0,0.0,0.0,0.0,0.0,0.0,0.0,1.0,0.0,1.0,1.0,12
LEFT,RIGHT,False,0.8,strong,2.0,independent_rollout,8,exact_deduplication,0.999999999945918,1.2213971881729307e-11,0.9999999999381577,0.9999999999536784,0.0,0.0,0.0,0.0,0.0,0.0,0.0,0.0,0.0,0.0,0.0,0.0,1.0,0.0,1.0,1.0,12
LEFT,RIGHT,False,0.8,strong,2.0,independent_rollout,8,explicit_belief_mixing,0.8445079307850477,0.00036901078920960556,0.844273472515286,0.8447423890548095,-9.25185853854297e-18,3.204937810639273e-17,-2.961506188514317e-17,1.1111344808057227e-17,0.0,0.0,0.0,0.0,0.0,0.0,0.0,0.0,1.0,0.0,1.0,1.0,12
LEFT,RIGHT,False,0.8,strong,2.0,independent_rollout,8,ordinary_flat_aggregation,0.999999999945918,1.2213971881729307e-11,0.9999999999381577,0.9999999999536784,0.0,0.0,0.0,0.0,0.0,0.0,0.0,0.0,0.0,0.0,0.0,0.0,1.0,0.0,1.0,1.0,12
LEFT,RIGHT,False,0.8,strong,2.0,independent_rollout,8,provenance_preserving,0.999999999945918,1.2213971881729307e-11,0.9999999999381577,0.9999999999536784,0.0,0.0,0.0,0.0,0.0,0.0,0.0,0.0,0.0,0.0,0.0,0.0,1.0,0.0,1.0,1.0,12
LEFT,RIGHT,False,0.8,strong,2.0,independent_rollout,8,semantic_group_deduplication,0.9423784395504723,0.004857665753842871,0.9392920259792964,0.9454648531216482,0.0021073879125651416,0.007628016725043426,-0.0027392226889785902,0.006953998514108873,0.0,0.0,0.0,0.0,0.0,0.0,0.0,0.0,1.0,0.0,1.0,1.0,12
LEFT,RIGHT,False,0.8,strong,2.0,independent_rollout,8,single_trajectory_score_average,0.8890158615700953,0.0007380215784192246,0.8885469450305717,0.8894847781096188,-2.7755575615628914e-17,6.900941601584843e-17,-7.160206669248857e-17,1.6090915461230733e-17,0.0,0.0,0.0,0.0,0.0,0.0,0.0,0.0,1.0,0.0,1.0,1.0,12
LEFT,RIGHT,False,0.8,strong,2.0,independent_rollout,8,source_group_average,0.8890158615700953,0.0007380215784192246,0.8885469450305717,0.8894847781096188,-2.7755575615628914e-17,6.900941601584843e-17,-7.160206669248857e-17,1.6090915461230733e-17,0.0,0.0,0.0,0.0,0.0,0.0,0.0,0.0,1.0,0.0,1.0,1.0,12
LEFT,RIGHT,False,0.8,strong,2.0,independent_rollout,16,exact_deduplication,0.999999999945918,1.2213971881729307e-11,0.9999999999381577,0.9999999999536784,0.0,0.0,0.0,0.0,0.0,0.0,0.0,0.0,0.0,0.0,0.0,0.0,1.0,0.0,1.0,1.0,12
LEFT,RIGHT,False,0.8,strong,2.0,independent_rollout,16,explicit_belief_mixing,0.8445079307850477,0.0003690107892096101,0.844273472515286,0.8447423890548095,0.0,0.0,0.0,0.0,0.0,0.0,0.0,0.0,0.0,0.0,0.0,0.0,1.0,0.0,1.0,1.0,12
LEFT,RIGHT,False,0.8,strong,2.0,independent_rollout,16,ordinary_flat_aggregation,0.999999999945918,1.2213971881729307e-11,0.9999999999381577,0.9999999999536784,0.0,0.0,0.0,0.0,0.0,0.0,0.0,0.0,0.0,0.0,0.0,0.0,1.0,0.0,1.0,1.0,12
LEFT,RIGHT,False,0.8,strong,2.0,independent_rollout,16,provenance_preserving,0.999999999945918,1.2213971881729307e-11,0.9999999999381577,0.9999999999536784,0.0,0.0,0.0,0.0,0.0,0.0,0.0,0.0,0.0,0.0,0.0,0.0,1.0,0.0,1.0,1.0,12
LEFT,RIGHT,False,0.8,strong,2.0,independent_rollout,16,semantic_group_deduplication,0.9413881214773455,0.006602344179760521,0.9371931921202018,0.9455830508344892,0.0011170698394383043,0.008912752935302458,-0.004545823206320059,0.006779962885196668,0.0,0.0,0.0,0.0,0.0,0.0,0.0,0.0,1.0,0.0,1.0,1.0,12
LEFT,RIGHT,False,0.8,strong,2.0,independent_rollout,16,single_trajectory_score_average,0.8890158615700953,0.0007380215784192057,0.8885469450305717,0.8894847781096188,9.25185853854297e-18,5.716856438735954e-17,-2.7071314341395202e-17,4.557503141848114e-17,0.0,0.0,0.0,0.0,0.0,0.0,0.0,0.0,1.0,0.0,1.0,1.0,12
LEFT,RIGHT,False,0.8,strong,2.0,independent_rollout,16,source_group_average,0.8890158615700953,0.0007380215784192057,0.8885469450305717,0.8894847781096188,9.25185853854297e-18,5.716856438735954e-17,-2.7071314341395202e-17,4.557503141848114e-17,0.0,0.0,0.0,0.0,0.0,0.0,0.0,0.0,1.0,0.0,1.0,1.0,12
LEFT,RIGHT,False,0.8,strong,2.0,pure_duplication,1,exact_deduplication,0.8880313453254689,0.007861929251637095,0.8830361137950407,0.8930265768558971,0.0,0.0,0.0,0.0,0.0,0.0,0.0,0.0,0.0,0.0,0.0,0.0,1.0,0.0,1.0,1.0,12
LEFT,RIGHT,False,0.8,strong,2.0,pure_duplication,1,explicit_belief_mixing,0.8444131516839203,0.002334886408012699,0.8429296356369087,0.8458966677309319,0.0,0.0,0.0,0.0,0.0,0.0,0.0,0.0,0.0,0.0,0.0,0.0,1.0,0.0,1.0,1.0,12
LEFT,RIGHT,False,0.8,strong,2.0,pure_duplication,1,ordinary_flat_aggregation,0.9411838850485265,0.005279597148402436,0.9378293890591143,0.9445383810379386,0.0,0.0,0.0,0.0,0.0,0.0,0.0,0.0,0.0,0.0,0.0,0.0,1.0,0.0,1.0,1.0,12
LEFT,RIGHT,False,0.8,strong,2.0,pure_duplication,1,provenance_preserving,0.9411838850485265,0.005279597148402436,0.9378293890591143,0.9445383810379386,0.0,0.0,0.0,0.0,0.0,0.0,0.0,0.0,0.0,0.0,0.0,0.0,1.0,0.0,1.0,1.0,12
LEFT,RIGHT,False,0.8,strong,2.0,pure_duplication,1,semantic_group_deduplication,0.8880313453254689,0.007861929251637095,0.8830361137950407,0.8930265768558971,0.0,0.0,0.0,0.0,0.0,0.0,0.0,0.0,0.0,0.0,0.0,0.0,1.0,0.0,1.0,1.0,12
LEFT,RIGHT,False,0.8,strong,2.0,pure_duplication,1,single_trajectory_score_average,0.8888263033678404,0.00466977281602537,0.8858592712738173,0.8917933354618636,0.0,0.0,0.0,0.0,0.0,0.0,0.0,0.0,0.0,0.0,0.0,0.0,1.0,0.0,1.0,1.0,12
LEFT,RIGHT,False,0.8,strong,2.0,pure_duplication,1,source_group_average,0.8888263033678404,0.00466977281602537,0.8858592712738173,0.8917933354618636,0.0,0.0,0.0,0.0,0.0,0.0,0.0,0.0,0.0,0.0,0.0,0.0,1.0,0.0,1.0,1.0,12
LEFT,RIGHT,False,0.8,strong,2.0,pure_duplication,2,exact_deduplication,0.8929043700227141,0.0068888609642290795,0.8885273965858076,0.8972813434596205,0.00487302469724508,0.00978174744989057,-0.0013420011215391726,0.011088050516029332,0.0,0.0,0.0,0.0,0.0,0.0,0.0,0.0,1.0,0.0,1.0,1.0,12
LEFT,RIGHT,False,0.8,strong,2.0,pure_duplication,2,explicit_belief_mixing,0.8444131516839203,0.002334886408012709,0.8429296356369087,0.8458966677309319,9.25185853854297e-18,3.204937810639273e-17,-1.1111344808057227e-17,2.961506188514317e-17,0.0,0.0,0.0,0.0,0.0,0.0,0.0,0.0,1.0,0.0,1.0,1.0,12
LEFT,RIGHT,False,0.8,strong,2.0,pure_duplication,2,ordinary_flat_aggregation,0.9844855343376767,0.003021207111741588,0.9825659509197283,0.9864051177556251,0.04330164928915029,0.002270673132377128,0.041858932411001755,0.04474436616729883,0.0,0.0,0.0,0.0,0.0,0.0,0.0,0.0,1.0,0.0,1.0,1.0,12
LEFT,RIGHT,False,0.8,strong,2.0,pure_duplication,2,provenance_preserving,0.9411838850485265,0.005279597148402436,0.9378293890591143,0.9445383810379386,0.0,0.0,0.0,0.0,0.0,0.0,0.0,0.0,0.0,0.0,0.0,0.0,1.0,0.0,1.0,1.0,12
LEFT,RIGHT,False,0.8,strong,2.0,pure_duplication,2,semantic_group_deduplication,0.8929043700227141,0.0068888609642290795,0.8885273965858076,0.8972813434596205,0.00487302469724508,0.00978174744989057,-0.0013420011215391726,0.011088050516029332,0.0,0.0,0.0,0.0,0.0,0.0,0.0,0.0,1.0,0.0,1.0,1.0,12
LEFT,RIGHT,False,0.8,strong,2.0,pure_duplication,2,single_trajectory_score_average,0.8888263033678404,0.004669772816025395,0.8858592712738173,0.8917933354618636,-9.25185853854297e-18,5.716856438735954e-17,-4.557503141848114e-17,2.7071314341395202e-17,0.0,0.0,0.0,0.0,0.0,0.0,0.0,0.0,1.0,0.0,1.0,1.0,12
LEFT,RIGHT,False,0.8,strong,2.0,pure_duplication,2,source_group_average,0.8888263033678404,0.00466977281602537,0.8858592712738173,0.8917933354618636,0.0,0.0,0.0,0.0,0.0,0.0,0.0,0.0,0.0,0.0,0.0,0.0,1.0,0.0,1.0,1.0,12
LEFT,RIGHT,False,0.8,strong,2.0,pure_duplication,4,exact_deduplication,0.8867834166586048,0.007373629976833059,0.8820984356857325,0.8914683976314771,-0.0012479286668639993,0.003081586271220642,-0.00320587517249185,0.0007100178387638518,0.0,0.0,0.0,0.0,0.0,0.0,0.0,0.0,1.0,0.0,1.0,1.0,12
LEFT,RIGHT,False,0.8,strong,2.0,pure_duplication,4,explicit_belief_mixing,0.8444131516839203,0.002334886408012699,0.8429296356369087,0.8458966677309319,0.0,0.0,0.0,0.0,0.0,0.0,0.0,0.0,0.0,0.0,0.0,0.0,1.0,0.0,1.0,1.0,12
LEFT,RIGHT,False,0.8,strong,2.0,pure_duplication,4,ordinary_flat_aggregation,0.9989708816868391,0.0004386886021476646,0.998692152246857,0.9992496111268212,0.05778699663831275,0.004848018201694874,0.054706712829328624,0.060867280447296876,0.0,0.0,0.0,0.0,0.0,0.0,0.0,0.0,1.0,0.0,1.0,1.0,12
LEFT,RIGHT,False,0.8,strong,2.0,pure_duplication,4,provenance_preserving,0.9411838850485265,0.005279597148402436,0.9378293890591143,0.9445383810379386,0.0,0.0,0.0,0.0,0.0,0.0,0.0,0.0,0.0,0.0,0.0,0.0,1.0,0.0,1.0,1.0,12
LEFT,RIGHT,False,0.8,strong,2.0,pure_duplication,4,semantic_group_deduplication,0.8867834166586048,0.007373629976833059,0.8820984356857325,0.8914683976314771,-0.0012479286668639993,0.003081586271220642,-0.00320587517249185,0.0007100178387638518,0.0,0.0,0.0,0.0,0.0,0.0,0.0,0.0,1.0,0.0,1.0,1.0,12
LEFT,RIGHT,False,0.8,strong,2.0,pure_duplication,4,single_trajectory_score_average,0.8888263033678404,0.00466977281602537,0.8858592712738173,0.8917933354618636,0.0,0.0,0.0,0.0,0.0,0.0,0.0,0.0,0.0,0.0,0.0,0.0,1.0,0.0,1.0,1.0,12
LEFT,RIGHT,False,0.8,strong,2.0,pure_duplication,4,source_group_average,0.8888263033678404,0.00466977281602537,0.8858592712738173,0.8917933354618636,0.0,0.0,0.0,0.0,0.0,0.0,0.0,0.0,0.0,0.0,0.0,0.0,1.0,0.0,1.0,1.0,12
LEFT,RIGHT,False,0.8,strong,2.0,pure_duplication,8,exact_deduplication,0.8891768691046718,0.009987208481653973,0.8828312995743773,0.8955224386349662,0.0011455237792026747,0.011192861416953987,-0.00596608107962256,0.008257128638027909,0.0,0.0,0.0,0.0,0.0,0.0,0.0,0.0,1.0,0.0,1.0,1.0,12
LEFT,RIGHT,False,0.8,strong,2.0,pure_duplication,8,explicit_belief_mixing,0.8444131516839203,0.002334886408012699,0.8429296356369087,0.8458966677309319,0.0,0.0,0.0,0.0,0.0,0.0,0.0,0.0,0.0,0.0,0.0,0.0,1.0,0.0,1.0,1.0,12
LEFT,RIGHT,False,0.8,strong,2.0,pure_duplication,8,ordinary_flat_aggregation,0.9999950440280277,4.880261565942801e-06,0.9999919432577625,0.999998144798293,0.0588111589795014,0.005275044105272946,0.05545955585567879,0.062162762103324005,0.0,0.0,0.0,0.0,0.0,0.0,0.0,0.0,1.0,0.0,1.0,1.0,12
LEFT,RIGHT,False,0.8,strong,2.0,pure_duplication,8,provenance_preserving,0.9411838850485265,0.005279597148402436,0.9378293890591143,0.9445383810379386,0.0,0.0,0.0,0.0,0.0,0.0,0.0,0.0,0.0,0.0,0.0,0.0,1.0,0.0,1.0,1.0,12
LEFT,RIGHT,False,0.8,strong,2.0,pure_duplication,8,semantic_group_deduplication,0.8891768691046718,0.009987208481653973,0.8828312995743773,0.8955224386349662,0.0011455237792026747,0.011192861416953987,-0.00596608107962256,0.008257128638027909,0.0,0.0,0.0,0.0,0.0,0.0,0.0,0.0,1.0,0.0,1.0,1.0,12
LEFT,RIGHT,False,0.8,strong,2.0,pure_duplication,8,single_trajectory_score_average,0.8888263033678404,0.00466977281602537,0.8858592712738173,0.8917933354618636,0.0,0.0,0.0,0.0,0.0,0.0,0.0,0.0,0.0,0.0,0.0,0.0,1.0,0.0,1.0,1.0,12
LEFT,RIGHT,False,0.8,strong,2.0,pure_duplication,8,source_group_average,0.8888263033678404,0.00466977281602537,0.8858592712738173,0.8917933354618636,0.0,0.0,0.0,0.0,0.0,0.0,0.0,0.0,0.0,0.0,0.0,0.0,1.0,0.0,1.0,1.0,12
LEFT,RIGHT,False,0.8,strong,2.0,pure_duplication,16,exact_deduplication,0.8860984441992438,0.009685189464846342,0.8799447683972264,0.8922521200012612,-0.0019329011262250728,0.010252477022666292,-0.008447014246481123,0.004581211994030976,0.0,0.0,0.0,0.0,0.0,0.0,0.0,0.0,1.0,0.0,1.0,1.0,12
LEFT,RIGHT,False,0.8,strong,2.0,pure_duplication,16,explicit_belief_mixing,0.8444131516839203,0.002334886408012699,0.8429296356369087,0.8458966677309319,0.0,0.0,0.0,0.0,0.0,0.0,0.0,0.0,0.0,0.0,0.0,0.0,1.0,0.0,1.0,1.0,12
LEFT,RIGHT,False,0.8,strong,2.0,pure_duplication,16,ordinary_flat_aggregation,0.9999999998144191,4.123245931898834e-10,0.9999999995524406,1.0000000000763976,0.05881611476589269,0.005279596808959676,0.05546161899215214,0.06217061053963324,0.0,0.0,0.0,0.0,0.0,0.0,0.0,0.0,1.0,0.0,1.0,1.0,12
LEFT,RIGHT,False,0.8,strong,2.0,pure_duplication,16,provenance_preserving,0.9411838850485265,0.005279597148402436,0.9378293890591143,0.9445383810379386,0.0,0.0,0.0,0.0,0.0,0.0,0.0,0.0,0.0,0.0,0.0,0.0,1.0,0.0,1.0,1.0,12
LEFT,RIGHT,False,0.8,strong,2.0,pure_duplication,16,semantic_group_deduplication,0.8860984441992438,0.009685189464846342,0.8799447683972264,0.8922521200012612,-0.0019329011262250728,0.010252477022666292,-0.008447014246481123,0.004581211994030976,0.0,0.0,0.0,0.0,0.0,0.0,0.0,0.0,1.0,0.0,1.0,1.0,12
LEFT,RIGHT,False,0.8,strong,2.0,pure_duplication,16,single_trajectory_score_average,0.8888263033678404,0.004669772816025385,0.8858592712738173,0.8917933354618636,-1.850371707708594e-17,4.321537262272484e-17,-4.5961454868263707e-17,8.954020714091824e-18,0.0,0.0,0.0,0.0,0.0,0.0,0.0,0.0,1.0,0.0,1.0,1.0,12
LEFT,RIGHT,False,0.8,strong,2.0,pure_duplication,16,source_group_average,0.8888263033678404,0.00466977281602537,0.8858592712738173,0.8917933354618636,0.0,0.0,0.0,0.0,0.0,0.0,0.0,0.0,0.0,0.0,0.0,0.0,1.0,0.0,1.0,1.0,12
LEFT,RIGHT,False,0.8,weak,1.2,independent_rollout,1,exact_deduplication,0.9992280645519922,0.0003506029031369341,0.9990053020950489,0.9994508270089355,0.0,0.0,0.0,0.0,0.0,0.0,0.0,0.0,0.0,0.0,0.0,0.0,1.0,0.0,1.0,1.0,12
LEFT,RIGHT,False,0.8,weak,1.2,independent_rollout,1,explicit_belief_mixing,0.8137966051902307,0.001110979142520371,0.8130907227198166,0.8145024876606447,0.0,0.0,0.0,0.0,0.0,0.0,0.0,0.0,0.0,0.0,0.0,0.0,1.0,0.0,1.0,1.0,12
LEFT,RIGHT,False,0.8,weak,1.2,independent_rollout,1,ordinary_flat_aggregation,0.9992280645519922,0.0003506029031369341,0.9990053020950489,0.9994508270089355,0.0,0.0,0.0,0.0,0.0,0.0,0.0,0.0,0.0,0.0,0.0,0.0,1.0,0.0,1.0,1.0,12
LEFT,RIGHT,False,0.8,weak,1.2,independent_rollout,1,provenance_preserving,0.9992280645519922,0.0003506029031369341,0.9990053020950489,0.9994508270089355,0.0,0.0,0.0,0.0,0.0,0.0,0.0,0.0,0.0,0.0,0.0,0.0,1.0,0.0,1.0,1.0,12
LEFT,RIGHT,False,0.8,weak,1.2,independent_rollout,1,semantic_group_deduplication,0.8516923822538627,0.010202714487327279,0.8452098867401258,0.8581748777675996,0.0,0.0,0.0,0.0,0.0,0.0,0.0,0.0,0.0,0.0,0.0,0.0,1.0,0.0,1.0,1.0,12
LEFT,RIGHT,False,0.8,weak,1.2,independent_rollout,1,single_trajectory_score_average,0.8275932103804607,0.0022219582850407566,0.8261814454396327,0.8290049753212888,0.0,0.0,0.0,0.0,0.0,0.0,0.0,0.0,0.0,0.0,0.0,0.0,1.0,0.0,1.0,1.0,12
LEFT,RIGHT,False,0.8,weak,1.2,independent_rollout,1,source_group_average,0.8275932103804607,0.0022219582850407566,0.8261814454396327,0.8290049753212888,0.0,0.0,0.0,0.0,0.0,0.0,0.0,0.0,0.0,0.0,0.0,0.0,1.0,0.0,1.0,1.0,12
LEFT,RIGHT,False,0.8,weak,1.2,independent_rollout,2,exact_deduplication,0.9992280645519922,0.0003506029031369341,0.9990053020950489,0.9994508270089355,0.0,0.0,0.0,0.0,0.0,0.0,0.0,0.0,0.0,0.0,0.0,0.0,1.0,0.0,1.0,1.0,12
LEFT,RIGHT,False,0.8,weak,1.2,independent_rollout,2,explicit_belief_mixing,0.8137966051902307,0.0011109791425203662,0.8130907227198166,0.8145024876606447,0.0,4.734006883291518e-17,-3.007844473258028e-17,3.007844473258028e-17,0.0,0.0,0.0,0.0,0.0,0.0,0.0,0.0,1.0,0.0,1.0,1.0,12
LEFT,RIGHT,False,0.8,weak,1.2,independent_rollout,2,ordinary_flat_aggregation,0.9992280645519922,0.0003506029031369341,0.9990053020950489,0.9994508270089355,0.0,0.0,0.0,0.0,0.0,0.0,0.0,0.0,0.0,0.0,0.0,0.0,1.0,0.0,1.0,1.0,12
LEFT,RIGHT,False,0.8,weak,1.2,independent_rollout,2,provenance_preserving,0.9992280645519922,0.0003506029031369341,0.9990053020950489,0.9994508270089355,0.0,0.0,0.0,0.0,0.0,0.0,0.0,0.0,0.0,0.0,0.0,0.0,1.0,0.0,1.0,1.0,12
LEFT,RIGHT,False,0.8,weak,1.2,independent_rollout,2,semantic_group_deduplication,0.8476920349997265,0.016001028062435724,0.8375254668027279,0.857858603196725,-0.004000347254136107,0.014111968387271922,-0.012966664195976939,0.004965969687704726,0.0,0.0,0.0,0.0,0.0,0.0,0.0,0.0,1.0,0.0,1.0,1.0,12
LEFT,RIGHT,False,0.8,weak,1.2,independent_rollout,2,single_trajectory_score_average,0.8275932103804607,0.0022219582850407523,0.8261814454396327,0.8290049753212888,0.0,4.734006883291518e-17,-3.007844473258028e-17,3.007844473258028e-17,0.0,0.0,0.0,0.0,0.0,0.0,0.0,0.0,1.0,0.0,1.0,1.0,12
LEFT,RIGHT,False,0.8,weak,1.2,independent_rollout,2,source_group_average,0.8275932103804607,0.0022219582850407523,0.8261814454396327,0.8290049753212888,0.0,4.734006883291518e-17,-3.007844473258028e-17,3.007844473258028e-17,0.0,0.0,0.0,0.0,0.0,0.0,0.0,0.0,1.0,0.0,1.0,1.0,12
LEFT,RIGHT,False,0.8,weak,1.2,independent_rollout,4,exact_deduplication,0.9992280645519922,0.0003506029031369341,0.9990053020950489,0.9994508270089355,0.0,0.0,0.0,0.0,0.0,0.0,0.0,0.0,0.0,0.0,0.0,0.0,1.0,0.0,1.0,1.0,12
LEFT,RIGHT,False,0.8,weak,1.2,independent_rollout,4,explicit_belief_mixing,0.8137966051902307,0.0011109791425203575,0.8130907227198166,0.8145024876606447,2.7755575615628914e-17,5.021172554038838e-17,-4.147432741299544e-18,5.965858397255737e-17,0.0,0.0,0.0,0.0,0.0,0.0,0.0,0.0,1.0,0.0,1.0,1.0,12
LEFT,RIGHT,False,0.8,weak,1.2,independent_rollout,4,ordinary_flat_aggregation,0.9992280645519922,0.0003506029031369341,0.9990053020950489,0.9994508270089355,0.0,0.0,0.0,0.0,0.0,0.0,0.0,0.0,0.0,0.0,0.0,0.0,1.0,0.0,1.0,1.0,12
LEFT,RIGHT,False,0.8,weak,1.2,independent_rollout,4,provenance_preserving,0.9992280645519922,0.0003506029031369341,0.9990053020950489,0.9994508270089355,0.0,0.0,0.0,0.0,0.0,0.0,0.0,0.0,0.0,0.0,0.0,0.0,1.0,0.0,1.0,1.0,12
LEFT,RIGHT,False,0.8,weak,1.2,independent_rollout,4,semantic_group_deduplication,0.8501735376851928,0.011944532365855083,0.8425843438905887,0.8577627314797969,-0.001518844568669862,0.011748087180393081,-0.00898322304720931,0.005945533909869586,0.0,0.0,0.0,0.0,0.0,0.0,0.0,0.0,1.0,0.0,1.0,1.0,12
LEFT,RIGHT,False,0.8,weak,1.2,independent_rollout,4,single_trajectory_score_average,0.8275932103804607,0.002221958285040731,0.8261814454396327,0.8290049753212888,3.700743415417188e-17,7.231314961041786e-17,-8.938149103693081e-18,8.295301741203685e-17,0.0,0.0,0.0,0.0,0.0,0.0,0.0,0.0,1.0,0.0,1.0,1.0,12
LEFT,RIGHT,False,0.8,weak,1.2,independent_rollout,4,source_group_average,0.8275932103804607,0.002221958285040731,0.8261814454396327,0.8290049753212888,3.700743415417188e-17,7.231314961041786e-17,-8.938149103693081e-18,8.295301741203685e-17,0.0,0.0,0.0,0.0,0.0,0.0,0.0,0.0,1.0,0.0,1.0,1.0,12
LEFT,RIGHT,False,0.8,weak,1.2,independent_rollout,8,exact_deduplication,0.9992280645519922,0.0003506029031369341,0.9990053020950489,0.9994508270089355,0.0,0.0,0.0,0.0,0.0,0.0,0.0,0.0,0.0,0.0,0.0,0.0,1.0,0.0,1.0,1.0,12
LEFT,RIGHT,False,0.8,weak,1.2,independent_rollout,8,explicit_belief_mixing,0.8137966051902307,0.0011109791425203493,0.8130907227198166,0.8145024876606447,1.850371707708594e-17,4.321537262272484e-17,-8.954020714091824e-18,4.5961454868263707e-17,0.0,0.0,0.0,0.0,0.0,0.0,0.0,0.0,1.0,0.0,1.0,1.0,12
LEFT,RIGHT,False,0.8,weak,1.2,independent_rollout,8,ordinary_flat_aggregation,0.9992280645519922,0.0003506029031369341,0.9990053020950489,0.9994508270089355,0.0,0.0,0.0,0.0,0.0,0.0,0.0,0.0,0.0,0.0,0.0,0.0,1.0,0.0,1.0,1.0,12
LEFT,RIGHT,False,0.8,weak,1.2,independent_rollout,8,provenance_preserving,0.9992280645519922,0.0003506029031369341,0.9990053020950489,0.9994508270089355,0.0,0.0,0.0,0.0,0.0,0.0,0.0,0.0,0.0,0.0,0.0,0.0,1.0,0.0,1.0,1.0,12
LEFT,RIGHT,False,0.8,weak,1.2,independent_rollout,8,semantic_group_deduplication,0.8565920364999315,0.008678353734370313,0.85107807360118,0.862105999398683,0.004899654246068974,0.013627939618314542,-0.003759125488180373,0.013558433980318321,0.0,0.0,0.0,0.0,0.0,0.0,0.0,0.0,1.0,0.0,1.0,1.0,12
LEFT,RIGHT,False,0.8,weak,1.2,independent_rollout,8,single_trajectory_score_average,0.8275932103804607,0.0022219582850407445,0.8261814454396327,0.8290049753212888,2.7755575615628914e-17,5.021172554038838e-17,-4.147432741299544e-18,5.965858397255737e-17,0.0,0.0,0.0,0.0,0.0,0.0,0.0,0.0,1.0,0.0,1.0,1.0,12
LEFT,RIGHT,False,0.8,weak,1.2,independent_rollout,8,source_group_average,0.8275932103804607,0.0022219582850407445,0.8261814454396327,0.8290049753212888,2.7755575615628914e-17,5.021172554038838e-17,-4.147432741299544e-18,5.965858397255737e-17,0.0,0.0,0.0,0.0,0.0,0.0,0.0,0.0,1.0,0.0,1.0,1.0,12
LEFT,RIGHT,False,0.8,weak,1.2,independent_rollout,16,exact_deduplication,0.9992280645519922,0.0003506029031369341,0.9990053020950489,0.9994508270089355,0.0,0.0,0.0,0.0,0.0,0.0,0.0,0.0,0.0,0.0,0.0,0.0,1.0,0.0,1.0,1.0,12
LEFT,RIGHT,False,0.8,weak,1.2,independent_rollout,16,explicit_belief_mixing,0.8137966051902307,0.001110979142520371,0.8130907227198166,0.8145024876606447,1.850371707708594e-17,4.321537262272484e-17,-8.954020714091824e-18,4.5961454868263707e-17,0.0,0.0,0.0,0.0,0.0,0.0,0.0,0.0,1.0,0.0,1.0,1.0,12
LEFT,RIGHT,False,0.8,weak,1.2,independent_rollout,16,ordinary_flat_aggregation,0.9992280645519922,0.0003506029031369341,0.9990053020950489,0.9994508270089355,0.0,0.0,0.0,0.0,0.0,0.0,0.0,0.0,0.0,0.0,0.0,0.0,1.0,0.0,1.0,1.0,12
LEFT,RIGHT,False,0.8,weak,1.2,independent_rollout,16,provenance_preserving,0.9992280645519922,0.0003506029031369341,0.9990053020950489,0.9994508270089355,0.0,0.0,0.0,0.0,0.0,0.0,0.0,0.0,0.0,0.0,0.0,0.0,1.0,0.0,1.0,1.0,12
LEFT,RIGHT,False,0.8,weak,1.2,independent_rollout,16,semantic_group_deduplication,0.8545625128353042,0.010637062620052758,0.8478040456842848,0.8613209799863235,0.002870130581441773,0.015567935196549284,-0.007021263536773405,0.012761524699656952,0.0,0.0,0.0,0.0,0.0,0.0,0.0,0.0,1.0,0.0,1.0,1.0,12
LEFT,RIGHT,False,0.8,weak,1.2,independent_rollout,16,single_trajectory_score_average,0.8275932103804607,0.0022219582850407384,0.8261814454396327,0.8290049753212888,3.700743415417188e-17,5.4663602968277986e-17,2.2758378278508704e-18,7.17390304804929e-17,0.0,0.0,0.0,0.0,0.0,0.0,0.0,0.0,1.0,0.0,1.0,1.0,12
LEFT,RIGHT,False,0.8,weak,1.2,independent_rollout,16,source_group_average,0.8275932103804607,0.0022219582850407384,0.8261814454396327,0.8290049753212888,3.700743415417188e-17,5.4663602968277986e-17,2.2758378278508704e-18,7.17390304804929e-17,0.0,0.0,0.0,0.0,0.0,0.0,0.0,0.0,1.0,0.0,1.0,1.0,12
LEFT,RIGHT,False,0.8,weak,1.2,pure_duplication,1,exact_deduplication,0.8248191321798832,0.01411035661673175,0.8158538393081866,0.8337844250515799,0.0,0.0,0.0,0.0,0.0,0.0,0.0,0.0,0.0,0.0,0.0,0.0,1.0,0.0,1.0,1.0,12
LEFT,RIGHT,False,0.8,weak,1.2,pure_duplication,1,explicit_belief_mixing,0.8148162489759421,0.0037892604166849487,0.8124086677697786,0.8172238301821055,0.0,0.0,0.0,0.0,0.0,0.0,0.0,0.0,0.0,0.0,0.0,0.0,1.0,0.0,1.0,1.0,12
LEFT,RIGHT,False,0.8,weak,1.2,pure_duplication,1,ordinary_flat_aggregation,0.8558561140082727,0.013213469392267781,0.8474606760919545,0.8642515519245908,0.0,0.0,0.0,0.0,0.0,0.0,0.0,0.0,0.0,0.0,0.0,0.0,1.0,0.0,1.0,1.0,12
LEFT,RIGHT,False,0.8,weak,1.2,pure_duplication,1,provenance_preserving,0.8558561140082727,0.013213469392267781,0.8474606760919545,0.8642515519245908,0.0,0.0,0.0,0.0,0.0,0.0,0.0,0.0,0.0,0.0,0.0,0.0,1.0,0.0,1.0,1.0,12
LEFT,RIGHT,False,0.8,weak,1.2,pure_duplication,1,semantic_group_deduplication,0.8248191321798832,0.01411035661673175,0.8158538393081866,0.8337844250515799,0.0,0.0,0.0,0.0,0.0,0.0,0.0,0.0,0.0,0.0,0.0,0.0,1.0,0.0,1.0,1.0,12
LEFT,RIGHT,False,0.8,weak,1.2,pure_duplication,1,single_trajectory_score_average,0.8296324979518842,0.0075785208333699495,0.8248173355395572,0.8344476603642113,0.0,0.0,0.0,0.0,0.0,0.0,0.0,0.0,0.0,0.0,0.0,0.0,1.0,0.0,1.0,1.0,12
LEFT,RIGHT,False,0.8,weak,1.2,pure_duplication,1,source_group_average,0.8296324979518842,0.0075785208333699495,0.8248173355395572,0.8344476603642113,0.0,0.0,0.0,0.0,0.0,0.0,0.0,0.0,0.0,0.0,0.0,0.0,1.0,0.0,1.0,1.0,12
LEFT,RIGHT,False,0.8,weak,1.2,pure_duplication,2,exact_deduplication,0.8291614251156187,0.011927059506280424,0.8215833330463395,0.836739517184898,0.004342292935735598,0.01097890943975648,-0.002633373322233885,0.01131795919370508,0.0,0.0,0.0,0.0,0.0,0.0,0.0,0.0,1.0,0.0,1.0,1.0,12
LEFT,RIGHT,False,0.8,weak,1.2,pure_duplication,2,explicit_belief_mixing,0.8148162489759421,0.0037892604166849487,0.8124086677697786,0.8172238301821055,0.0,0.0,0.0,0.0,0.0,0.0,0.0,0.0,0.0,0.0,0.0,0.0,1.0,0.0,1.0,1.0,12
LEFT,RIGHT,False,0.8,weak,1.2,pure_duplication,2,ordinary_flat_aggregation,0.8972569787881696,0.01975608419937381,0.8847045617475356,0.9098093958288035,0.04140086477989674,0.006628723477403954,0.03718917481665732,0.04561255474313616,0.0,0.0,0.0,0.0,0.0,0.0,0.0,0.0,1.0,0.0,1.0,1.0,12
LEFT,RIGHT,False,0.8,weak,1.2,pure_duplication,2,provenance_preserving,0.8558561140082727,0.013213469392267781,0.8474606760919545,0.8642515519245908,0.0,0.0,0.0,0.0,0.0,0.0,0.0,0.0,0.0,0.0,0.0,0.0,1.0,0.0,1.0,1.0,12
LEFT,RIGHT,False,0.8,weak,1.2,pure_duplication,2,semantic_group_deduplication,0.8291614251156187,0.011927059506280424,0.8215833330463395,0.836739517184898,0.004342292935735598,0.01097890943975648,-0.002633373322233885,0.01131795919370508,0.0,0.0,0.0,0.0,0.0,0.0,0.0,0.0,1.0,0.0,1.0,1.0,12
LEFT,RIGHT,False,0.8,weak,1.2,pure_duplication,2,single_trajectory_score_average,0.8296324979518842,0.007578520833369935,0.8248173355395572,0.8344476603642113,0.0,4.734006883291518e-17,-3.007844473258028e-17,3.007844473258028e-17,0.0,0.0,0.0,0.0,0.0,0.0,0.0,0.0,1.0,0.0,1.0,1.0,12
LEFT,RIGHT,False,0.8,weak,1.2,pure_duplication,2,source_group_average,0.8296324979518842,0.0075785208333699495,0.8248173355395572,0.8344476603642113,0.0,0.0,0.0,0.0,0.0,0.0,0.0,0.0,0.0,0.0,0.0,0.0,1.0,0.0,1.0,1.0,12
LEFT,RIGHT,False,0.8,weak,1.2,pure_duplication,4,exact_deduplication,0.8267262828701307,0.012918759698999135,0.818518094559478,0.8349344711807835,0.00190715069024755,0.01625626216537371,-0.00842158551893085,0.01223588689942595,0.0,0.0,0.0,0.0,0.0,0.0,0.0,0.0,1.0,0.0,1.0,1.0,12
LEFT,RIGHT,False,0.8,weak,1.2,pure_duplication,4,explicit_belief_mixing,0.8148162489759421,0.0037892604166849487,0.8124086677697786,0.8172238301821055,0.0,0.0,0.0,0.0,0.0,0.0,0.0,0.0,0.0,0.0,0.0,0.0,1.0,0.0,1.0,1.0,12
LEFT,RIGHT,False,0.8,weak,1.2,pure_duplication,4,ordinary_flat_aggregation,0.9481736348744222,0.021492215122961067,0.9345181328717036,0.9618291368771408,0.09231752086614953,0.009021816217120511,0.08658533231712318,0.09804970941517588,0.0,0.0,0.0,0.0,0.0,0.0,0.0,0.0,1.0,0.0,1.0,1.0,12
LEFT,RIGHT,False,0.8,weak,1.2,pure_duplication,4,provenance_preserving,0.8558561140082727,0.013213469392267781,0.8474606760919545,0.8642515519245908,0.0,0.0,0.0,0.0,0.0,0.0,0.0,0.0,0.0,0.0,0.0,0.0,1.0,0.0,1.0,1.0,12
LEFT,RIGHT,False,0.8,weak,1.2,pure_duplication,4,semantic_group_deduplication,0.8267262828701307,0.012918759698999135,0.818518094559478,0.8349344711807835,0.00190715069024755,0.01625626216537371,-0.00842158551893085,0.01223588689942595,0.0,0.0,0.0,0.0,0.0,0.0,0.0,0.0,1.0,0.0,1.0,1.0,12
LEFT,RIGHT,False,0.8,weak,1.2,pure_duplication,4,single_trajectory_score_average,0.8296324979518842,0.0075785208333699495,0.8248173355395572,0.8344476603642113,0.0,0.0,0.0,0.0,0.0,0.0,0.0,0.0,0.0,0.0,0.0,0.0,1.0,0.0,1.0,1.0,12
LEFT,RIGHT,False,0.8,weak,1.2,pure_duplication,4,source_group_average,0.8296324979518842,0.0075785208333699495,0.8248173355395572,0.8344476603642113,0.0,0.0,0.0,0.0,0.0,0.0,0.0,0.0,0.0,0.0,0.0,0.0,1.0,0.0,1.0,1.0,12
LEFT,RIGHT,False,0.8,weak,1.2,pure_duplication,8,exact_deduplication,0.8286961053241462,0.011326852805304793,0.8214993663987995,0.8358928442494928,0.0038769731442631072,0.016820068037189474,-0.006809988225406054,0.014563934513932269,0.0,0.0,0.0,0.0,0.0,0.0,0.0,0.0,1.0,0.0,1.0,1.0,12
LEFT,RIGHT,False,0.8,weak,1.2,pure_duplication,8,explicit_belief_mixing,0.8148162489759421,0.0037892604166849487,0.8124086677697786,0.8172238301821055,0.0,0.0,0.0,0.0,0.0,0.0,0.0,0.0,0.0,0.0,0.0,0.0,1.0,0.0,1.0,1.0,12
LEFT,RIGHT,False,0.8,weak,1.2,pure_duplication,8,ordinary_flat_aggregation,0.9859899512523672,0.013430132473363643,0.9774568521819571,0.9945230503227773,0.13013383724409455,0.006251465138124505,0.126161845793926,0.1341058286942631,0.0,0.0,0.0,0.0,0.0,0.0,0.0,0.0,1.0,0.0,1.0,1.0,12
LEFT,RIGHT,False,0.8,weak,1.2,pure_duplication,8,provenance_preserving,0.8558561140082727,0.013213469392267781,0.8474606760919545,0.8642515519245908,0.0,0.0,0.0,0.0,0.0,0.0,0.0,0.0,0.0,0.0,0.0,0.0,1.0,0.0,1.0,1.0,12
LEFT,RIGHT,False,0.8,weak,1.2,pure_duplication,8,semantic_group_deduplication,0.8286961053241462,0.011326852805304793,0.8214993663987995,0.8358928442494928,0.0038769731442631072,0.016820068037189474,-0.006809988225406054,0.014563934513932269,0.0,0.0,0.0,0.0,0.0,0.0,0.0,0.0,1.0,0.0,1.0,1.0,12
LEFT,RIGHT,False,0.8,weak,1.2,pure_duplication,8,single_trajectory_score_average,0.8296324979518842,0.0075785208333699495,0.8248173355395572,0.8344476603642113,0.0,0.0,0.0,0.0,0.0,0.0,0.0,0.0,0.0,0.0,0.0,0.0,1.0,0.0,1.0,1.0,12
LEFT,RIGHT,False,0.8,weak,1.2,pure_duplication,8,source_group_average,0.8296324979518842,0.0075785208333699495,0.8248173355395572,0.8344476603642113,0.0,0.0,0.0,0.0,0.0,0.0,0.0,0.0,0.0,0.0,0.0,0.0,1.0,0.0,1.0,1.0,12
LEFT,RIGHT,False,0.8,weak,1.2,pure_duplication,16,exact_deduplication,0.8251099503984435,0.012528845769102332,0.8171495015795152,0.8330703992173718,0.0002908182185601034,0.008097917956383599,-0.004854353381416516,0.005435989818536722,0.0,0.0,0.0,0.0,0.0,0.0,0.0,0.0,1.0,0.0,1.0,1.0,12
LEFT,RIGHT,False,0.8,weak,1.2,pure_duplication,16,explicit_belief_mixing,0.8148162489759421,0.0037892604166849487,0.8124086677697786,0.8172238301821055,0.0,0.0,0.0,0.0,0.0,0.0,0.0,0.0,0.0,0.0,0.0,0.0,1.0,0.0,1.0,1.0,12
LEFT,RIGHT,False,0.8,weak,1.2,pure_duplication,16,ordinary_flat_aggregation,0.998442927457607,0.0034680795485750775,0.9962394148391911,1.0006464400760229,0.14258681344933444,0.010885187069796139,0.13567069554426253,0.14950293135440634,0.0,0.0,0.0,0.0,0.0,0.0,0.0,0.0,1.0,0.0,1.0,1.0,12
LEFT,RIGHT,False,0.8,weak,1.2,pure_duplication,16,provenance_preserving,0.8558561140082727,0.013213469392267781,0.8474606760919545,0.8642515519245908,0.0,0.0,0.0,0.0,0.0,0.0,0.0,0.0,0.0,0.0,0.0,0.0,1.0,0.0,1.0,1.0,12
LEFT,RIGHT,False,0.8,weak,1.2,pure_duplication,16,semantic_group_deduplication,0.8251099503984435,0.012528845769102332,0.8171495015795152,0.8330703992173718,0.0002908182185601034,0.008097917956383599,-0.004854353381416516,0.005435989818536722,0.0,0.0,0.0,0.0,0.0,0.0,0.0,0.0,1.0,0.0,1.0,1.0,12
LEFT,RIGHT,False,0.8,weak,1.2,pure_duplication,16,single_trajectory_score_average,0.8296324979518842,0.007578520833369931,0.8248173355395572,0.8344476603642113,-9.25185853854297e-18,3.204937810639273e-17,-2.961506188514317e-17,1.1111344808057227e-17,0.0,0.0,0.0,0.0,0.0,0.0,0.0,0.0,1.0,0.0,1.0,1.0,12
LEFT,RIGHT,False,0.8,weak,1.2,pure_duplication,16,source_group_average,0.8296324979518842,0.0075785208333699495,0.8248173355395572,0.8344476603642113,0.0,0.0,0.0,0.0,0.0,0.0,0.0,0.0,0.0,0.0,0.0,0.0,1.0,0.0,1.0,1.0,12
RIGHT,LEFT,False,0.2,medium,1.5,independent_rollout,1,exact_deduplication,0.9999899053599716,3.60606360291841e-06,0.9999876141764676,0.9999921965434755,0.0,0.0,0.0,0.0,0.0,0.0,0.0,0.0,0.0,0.0,0.0,0.0,1.0,0.0,1.0,1.0,12
RIGHT,LEFT,False,0.2,medium,1.5,independent_rollout,1,explicit_belief_mixing,0.23641718119107816,0.0012215576878143496,0.2356410404649152,0.2371933219172411,0.0,0.0,0.0,0.0,0.0,0.0,0.0,0.0,1.0,0.0,1.0,1.0,0.0,0.0,0.0,0.0,12
RIGHT,LEFT,False,0.2,medium,1.5,independent_rollout,1,ordinary_flat_aggregation,0.9999899053599716,3.60606360291841e-06,0.9999876141764676,0.9999921965434755,0.0,0.0,0.0,0.0,0.0,0.0,0.0,0.0,0.0,0.0,0.0,0.0,1.0,0.0,1.0,1.0,12
RIGHT,LEFT,False,0.2,medium,1.5,independent_rollout,1,provenance_preserving,0.9999899053599716,3.60606360291841e-06,0.9999876141764676,0.9999921965434755,0.0,0.0,0.0,0.0,0.0,0.0,0.0,0.0,0.0,0.0,0.0,0.0,1.0,0.0,1.0,1.0,12
RIGHT,LEFT,False,0.2,medium,1.5,independent_rollout,1,semantic_group_deduplication,0.3594334534440941,0.03001571477141107,0.340362378134777,0.37850452875341123,0.0,0.0,0.0,0.0,0.0,0.0,0.0,0.0,1.0,0.0,1.0,1.0,0.0,0.0,0.0,0.0,12
RIGHT,LEFT,False,0.2,medium,1.5,independent_rollout,1,single_trajectory_score_average,0.2728343623821564,0.002443115375628699,0.2712820809298305,0.2743866438344823,0.0,0.0,0.0,0.0,0.0,0.0,0.0,0.0,1.0,0.0,1.0,1.0,0.0,0.0,0.0,0.0,12
RIGHT,LEFT,False,0.2,medium,1.5,independent_rollout,1,source_group_average,0.2728343623821564,0.002443115375628699,0.2712820809298305,0.2743866438344823,0.0,0.0,0.0,0.0,0.0,0.0,0.0,0.0,1.0,0.0,1.0,1.0,0.0,0.0,0.0,0.0,12
RIGHT,LEFT,False,0.2,medium,1.5,independent_rollout,2,exact_deduplication,0.9999899053599716,3.60606360291841e-06,0.9999876141764676,0.9999921965434755,0.0,0.0,0.0,0.0,0.0,0.0,0.0,0.0,0.0,0.0,0.0,0.0,1.0,0.0,1.0,1.0,12
RIGHT,LEFT,False,0.2,medium,1.5,independent_rollout,2,explicit_belief_mixing,0.23641718119107816,0.0012215576878143511,0.2356410404649152,0.2371933219172411,-2.3129646346357427e-18,1.8556209996953883e-17,-1.4103017978442022e-17,9.477088709170535e-18,0.0,0.0,0.0,0.0,1.0,0.0,1.0,1.0,0.0,0.0,0.0,0.0,12
RIGHT,LEFT,False,0.2,medium,1.5,independent_rollout,2,ordinary_flat_aggregation,0.9999899053599716,3.60606360291841e-06,0.9999876141764676,0.9999921965434755,0.0,0.0,0.0,0.0,0.0,0.0,0.0,0.0,0.0,0.0,0.0,0.0,1.0,0.0,1.0,1.0,12
RIGHT,LEFT,False,0.2,medium,1.5,independent_rollout,2,provenance_preserving,0.9999899053599716,3.60606360291841e-06,0.9999876141764676,0.9999921965434755,0.0,0.0,0.0,0.0,0.0,0.0,0.0,0.0,0.0,0.0,0.0,0.0,1.0,0.0,1.0,1.0,12
RIGHT,LEFT,False,0.2,medium,1.5,independent_rollout,2,semantic_group_deduplication,0.36241280721745794,0.03339851495626204,0.34119240321239,0.38363321122252586,0.0029793537733638956,0.038912709720132464,-0.02174460243470461,0.0277033099814324,0.0,0.0,0.0,0.0,1.0,0.0,1.0,1.0,0.0,0.0,0.0,0.0,12
RIGHT,LEFT,False,0.2,medium,1.5,independent_rollout,2,single_trajectory_score_average,0.27283436238215636,0.002443115375628702,0.27128208092983047,0.27438664383448225,-4.625929269271485e-18,3.7112419993907765e-17,-2.8206035956884043e-17,1.895417741834107e-17,0.0,0.0,0.0,0.0,1.0,0.0,1.0,1.0,0.0,0.0,0.0,0.0,12
RIGHT,LEFT,False,0.2,medium,1.5,independent_rollout,2,source_group_average,0.27283436238215636,0.002443115375628702,0.27128208092983047,0.27438664383448225,-4.625929269271485e-18,3.7112419993907765e-17,-2.8206035956884043e-17,1.895417741834107e-17,0.0,0.0,0.0,0.0,1.0,0.0,1.0,1.0,0.0,0.0,0.0,0.0,12
RIGHT,LEFT,False,0.2,medium,1.5,independent_rollout,4,exact_deduplication,0.9999899053599716,3.60606360291841e-06,0.9999876141764676,0.9999921965434755,0.0,0.0,0.0,0.0,0.0,0.0,0.0,0.0,0.0,0.0,0.0,0.0,1.0,0.0,1.0,1.0,12
RIGHT,LEFT,False,0.2,medium,1.5,independent_rollout,4,explicit_belief_mixing,0.23641718119107816,0.001221557687814348,0.2356410404649152,0.2371933219172411,-6.938893903907228e-18,1.7252354003962106e-17,-1.7900516673122142e-17,4.022728865307683e-18,0.0,0.0,0.0,0.0,1.0,0.0,1.0,1.0,0.0,0.0,0.0,0.0,12
RIGHT,LEFT,False,0.2,medium,1.5,independent_rollout,4,ordinary_flat_aggregation,0.9999899053599716,3.60606360291841e-06,0.9999876141764676,0.9999921965434755,0.0,0.0,0.0,0.0,0.0,0.0,0.0,0.0,0.0,0.0,0.0,0.0,1.0,0.0,1.0,1.0,12
RIGHT,LEFT,False,0.2,medium,1.5,independent_rollout,4,provenance_preserving,0.9999899053599716,3.60606360291841e-06,0.9999876141764676,0.9999921965434755,0.0,0.0,0.0,0.0,0.0,0.0,0.0,0.0,0.0,0.0,0.0,0.0,1.0,0.0,1.0,1.0,12
RIGHT,LEFT,False,0.2,medium,1.5,independent_rollout,4,semantic_group_deduplication,0.3720919606313294,0.019439825936752742,0.3597404845041327,0.38444343675852605,0.012658507187235319,0.030858907110004816,-0.006948306974613695,0.03226532134908433,0.0,0.0,0.0,0.0,1.0,0.0,1.0,1.0,0.0,0.0,0.0,0.0,12
RIGHT,LEFT,False,0.2,medium,1.5,independent_rollout,4,single_trajectory_score_average,0.27283436238215636,0.002443115375628696,0.27128208092983047,0.27438664383448225,-1.3877787807814457e-17,3.450470800792421e-17,-3.5801033346244283e-17,8.045457730615367e-18,0.0,0.0,0.0,0.0,1.0,0.0,1.0,1.0,0.0,0.0,0.0,0.0,12
RIGHT,LEFT,False,0.2,medium,1.5,independent_rollout,4,source_group_average,0.27283436238215636,0.002443115375628696,0.27128208092983047,0.27438664383448225,-1.3877787807814457e-17,3.450470800792421e-17,-3.5801033346244283e-17,8.045457730615367e-18,0.0,0.0,0.0,0.0,1.0,0.0,1.0,1.0,0.0,0.0,0.0,0.0,12
RIGHT,LEFT,False,0.2,medium,1.5,independent_rollout,8,exact_deduplication,0.9999899053599716,3.60606360291841e-06,0.9999876141764676,0.9999921965434755,0.0,0.0,0.0,0.0,0.0,0.0,0.0,0.0,0.0,0.0,0.0,0.0,1.0,0.0,1.0,1.0,12
RIGHT,LEFT,False,0.2,medium,1.5,independent_rollout,8,explicit_belief_mixing,0.23641718119107816,0.0012215576878143463,0.2356410404649152,0.2371933219172411,-2.3129646346357427e-18,1.4292141096839885e-17,-1.1393757854620285e-17,6.767828585348801e-18,0.0,0.0,0.0,0.0,1.0,0.0,1.0,1.0,0.0,0.0,0.0,0.0,12
RIGHT,LEFT,False,0.2,medium,1.5,independent_rollout,8,ordinary_flat_aggregation,0.9999899053599716,3.60606360291841e-06,0.9999876141764676,0.9999921965434755,0.0,0.0,0.0,0.0,0.0,0.0,0.0,0.0,0.0,0.0,0.0,0.0,1.0,0.0,1.0,1.0,12
RIGHT,LEFT,False,0.2,medium,1.5,independent_rollout,8,provenance_preserving,0.9999899053599716,3.60606360291841e-06,0.9999876141764676,0.9999921965434755,0.0,0.0,0.0,0.0,0.0,0.0,0.0,0.0,0.0,0.0,0.0,0.0,1.0,0.0,1.0,1.0,12
RIGHT,LEFT,False,0.2,medium,1.5,independent_rollout,8,semantic_group_deduplication,0.366569177795175,0.01843014918902125,0.3548592196674895,0.3782791359228605,0.007135724351080873,0.031034320592344036,-0.01258254222019559,0.026853990922357334,0.0,0.0,0.0,0.0,1.0,0.0,1.0,1.0,0.0,0.0,0.0,0.0,12
RIGHT,LEFT,False,0.2,medium,1.5,independent_rollout,8,single_trajectory_score_average,0.27283436238215636,0.0024431153756286927,0.27128208092983047,0.27438664383448225,-4.625929269271485e-18,2.858428219367977e-17,-2.278751570924057e-17,1.3535657170697601e-17,0.0,0.0,0.0,0.0,1.0,0.0,1.0,1.0,0.0,0.0,0.0,0.0,12
RIGHT,LEFT,False,0.2,medium,1.5,independent_rollout,8,source_group_average,0.27283436238215636,0.0024431153756286927,0.27128208092983047,0.27438664383448225,-4.625929269271485e-18,2.858428219367977e-17,-2.278751570924057e-17,1.3535657170697601e-17,0.0,0.0,0.0,0.0,1.0,0.0,1.0,1.0,0.0,0.0,0.0,0.0,12
RIGHT,LEFT,False,0.2,medium,1.5,independent_rollout,16,exact_deduplication,0.9999899053599716,3.60606360291841e-06,0.9999876141764676,0.9999921965434755,0.0,0.0,0.0,0.0,0.0,0.0,0.0,0.0,0.0,0.0,0.0,0.0,1.0,0.0,1.0,1.0,12
RIGHT,LEFT,False,0.2,medium,1.5,independent_rollout,16,explicit_belief_mixing,0.23641718119107816,0.001221557687814354,0.2356410404649152,0.2371933219172411,-2.3129646346357427e-18,2.2009101793806193e-17,-1.6296880759794606e-17,1.167095149052312e-17,0.0,0.0,0.0,0.0,1.0,0.0,1.0,1.0,0.0,0.0,0.0,0.0,12
RIGHT,LEFT,False,0.2,medium,1.5,independent_rollout,16,ordinary_flat_aggregation,0.9999899053599716,3.60606360291841e-06,0.9999876141764676,0.9999921965434755,0.0,0.0,0.0,0.0,0.0,0.0,0.0,0.0,0.0,0.0,0.0,0.0,1.0,0.0,1.0,1.0,12
RIGHT,LEFT,False,0.2,medium,1.5,independent_rollout,16,provenance_preserving,0.9999899053599716,3.60606360291841e-06,0.9999876141764676,0.9999921965434755,0.0,0.0,0.0,0.0,0.0,0.0,0.0,0.0,0.0,0.0,0.0,0.0,1.0,0.0,1.0,1.0,12
RIGHT,LEFT,False,0.2,medium,1.5,independent_rollout,16,semantic_group_deduplication,0.35383478958215503,0.015220508644051058,0.34416413976397103,0.363505439400339,-0.005598663861939028,0.033255624564074375,-0.0267282796432001,0.015530951919322047,0.0,0.0,0.0,0.0,1.0,0.0,1.0,1.0,0.0,0.0,0.0,0.0,12
RIGHT,LEFT,False,0.2,medium,1.5,independent_rollout,16,single_trajectory_score_average,0.2728343623821564,0.002443115375628708,0.2712820809298305,0.2743866438344823,-4.625929269271485e-18,4.4018203587612386e-17,-3.259376151958921e-17,2.334190298104624e-17,0.0,0.0,0.0,0.0,1.0,0.0,1.0,1.0,0.0,0.0,0.0,0.0,12
RIGHT,LEFT,False,0.2,medium,1.5,independent_rollout,16,source_group_average,0.2728343623821564,0.002443115375628708,0.2712820809298305,0.2743866438344823,-4.625929269271485e-18,4.4018203587612386e-17,-3.259376151958921e-17,2.334190298104624e-17,0.0,0.0,0.0,0.0,1.0,0.0,1.0,1.0,0.0,0.0,0.0,0.0,12
RIGHT,LEFT,False,0.2,medium,1.5,pure_duplication,1,exact_deduplication,0.27446128360279026,0.012012900257590534,0.2668286509221908,0.2820939162833897,0.0,0.0,0.0,0.0,0.0,0.0,0.0,0.0,1.0,0.0,1.0,1.0,0.0,0.0,0.0,0.0,12
RIGHT,LEFT,False,0.2,medium,1.5,pure_duplication,1,explicit_belief_mixing,0.23644546795919555,0.004694800302940978,0.23346253415863616,0.23942840175975494,0.0,0.0,0.0,0.0,0.0,0.0,0.0,0.0,1.0,0.0,1.0,1.0,0.0,0.0,0.0,0.0,12
RIGHT,LEFT,False,0.2,medium,1.5,pure_duplication,1,ordinary_flat_aggregation,0.3600879169659366,0.02189946627439133,0.3461736599264687,0.37400217400540453,0.0,0.0,0.0,0.0,0.0,0.0,0.0,0.0,1.0,0.0,1.0,1.0,0.0,0.0,0.0,0.0,12
RIGHT,LEFT,False,0.2,medium,1.5,pure_duplication,1,provenance_preserving,0.3600879169659366,0.02189946627439133,0.3461736599264687,0.37400217400540453,0.0,0.0,0.0,0.0,0.0,0.0,0.0,0.0,1.0,0.0,1.0,1.0,0.0,0.0,0.0,0.0,12
RIGHT,LEFT,False,0.2,medium,1.5,pure_duplication,1,semantic_group_deduplication,0.27446128360279026,0.012012900257590534,0.2668286509221908,0.2820939162833897,0.0,0.0,0.0,0.0,0.0,0.0,0.0,0.0,1.0,0.0,1.0,1.0,0.0,0.0,0.0,0.0,12
RIGHT,LEFT,False,0.2,medium,1.5,pure_duplication,1,single_trajectory_score_average,0.2728909359183911,0.009389600605881955,0.2669250683172723,0.27885680351950987,0.0,0.0,0.0,0.0,0.0,0.0,0.0,0.0,1.0,0.0,1.0,1.0,0.0,0.0,0.0,0.0,12
RIGHT,LEFT,False,0.2,medium,1.5,pure_duplication,1,source_group_average,0.2728909359183911,0.009389600605881955,0.2669250683172723,0.27885680351950987,0.0,0.0,0.0,0.0,0.0,0.0,0.0,0.0,1.0,0.0,1.0,1.0,0.0,0.0,0.0,0.0,12
RIGHT,LEFT,False,0.2,medium,1.5,pure_duplication,2,exact_deduplication,0.27215751447661896,0.012206947662001429,0.26440158995735163,0.2799134389958863,-0.002303769126171346,0.015484096046583273,-0.012141894389886554,0.007534356137543861,0.0,0.0,0.0,0.0,1.0,0.0,1.0,1.0,0.0,0.0,0.0,0.0,12
RIGHT,LEFT,False,0.2,medium,1.5,pure_duplication,2,explicit_belief_mixing,0.23644546795919555,0.004694800302940976,0.23346253415863616,0.23942840175975494,2.3129646346357427e-18,8.012344526598183e-18,-2.7778362020143068e-18,7.403765471285793e-18,0.0,0.0,0.0,0.0,1.0,0.0,1.0,1.0,0.0,0.0,0.0,0.0,12
RIGHT,LEFT,False,0.2,medium,1.5,pure_duplication,2,ordinary_flat_aggregation,0.557793495459267,0.047135604574382324,0.527844961118701,0.587742029799833,0.19770557849333048,0.025245301035992308,0.18166547946752418,0.21374567751913678,0.8333333333333334,0.38924947208076144,0.5860160179637635,1.0806506487029033,0.16666666666666666,0.38924947208076144,-0.08065064870290328,0.4139839820362366,0.8333333333333334,0.38924947208076144,0.5860160179637635,1.0806506487029033,12
RIGHT,LEFT,False,0.2,medium,1.5,pure_duplication,2,provenance_preserving,0.3600879169659366,0.02189946627439133,0.3461736599264687,0.37400217400540453,0.0,0.0,0.0,0.0,0.0,0.0,0.0,0.0,1.0,0.0,1.0,1.0,0.0,0.0,0.0,0.0,12
RIGHT,LEFT,False,0.2,medium,1.5,pure_duplication,2,semantic_group_deduplication,0.27215751447661896,0.012206947662001429,0.26440158995735163,0.2799134389958863,-0.002303769126171346,0.015484096046583273,-0.012141894389886554,0.007534356137543861,0.0,0.0,0.0,0.0,1.0,0.0,1.0,1.0,0.0,0.0,0.0,0.0,12
RIGHT,LEFT,False,0.2,medium,1.5,pure_duplication,2,single_trajectory_score_average,0.2728909359183911,0.009389600605881952,0.2669250683172723,0.27885680351950987,4.625929269271485e-18,1.6024689053196365e-17,-5.5556724040286136e-18,1.4807530942571585e-17,0.0,0.0,0.0,0.0,1.0,0.0,1.0,1.0,0.0,0.0,0.0,0.0,12
RIGHT,LEFT,False,0.2,medium,1.5,pure_duplication,2,source_group_average,0.2728909359183911,0.009389600605881955,0.2669250683172723,0.27885680351950987,0.0,0.0,0.0,0.0,0.0,0.0,0.0,0.0,1.0,0.0,1.0,1.0,0.0,0.0,0.0,0.0,12
RIGHT,LEFT,False,0.2,medium,1.5,pure_duplication,4,exact_deduplication,0.27087131731804276,0.01872706184830188,0.25897270988686566,0.28276992474921986,-0.0035899662847475636,0.018688347319407442,-0.015463975677805868,0.00828404310831074,0.0,0.0,0.0,0.0,1.0,0.0,1.0,1.0,0.0,0.0,0.0,0.0,12
RIGHT,LEFT,False,0.2,medium,1.5,pure_duplication,4,explicit_belief_mixing,0.23644546795919555,0.004694800302940978,0.23346253415863616,0.23942840175975494,0.0,0.0,0.0,0.0,0.0,0.0,0.0,0.0,1.0,0.0,1.0,1.0,0.0,0.0,0.0,0.0,12
RIGHT,LEFT,False,0.2,medium,1.5,pure_duplication,4,ordinary_flat_aggregation,0.8588334551466209,0.04816998080131112,0.828227709506169,0.8894392007870728,0.4987455381806843,0.02662092950538895,0.4818314065243943,0.5156596698369743,1.0,0.0,1.0,1.0,0.0,0.0,0.0,0.0,1.0,0.0,1.0,1.0,12
RIGHT,LEFT,False,0.2,medium,1.5,pure_duplication,4,provenance_preserving,0.3600879169659366,0.02189946627439133,0.3461736599264687,0.37400217400540453,0.0,0.0,0.0,0.0,0.0,0.0,0.0,0.0,1.0,0.0,1.0,1.0,0.0,0.0,0.0,0.0,12
RIGHT,LEFT,False,0.2,medium,1.5,pure_duplication,4,semantic_group_deduplication,0.27087131731804276,0.01872706184830188,0.25897270988686566,0.28276992474921986,-0.0035899662847475636,0.018688347319407442,-0.015463975677805868,0.00828404310831074,0.0,0.0,0.0,0.0,1.0,0.0,1.0,1.0,0.0,0.0,0.0,0.0,12
RIGHT,LEFT,False,0.2,medium,1.5,pure_duplication,4,single_trajectory_score_average,0.2728909359183911,0.009389600605881955,0.2669250683172723,0.27885680351950987,0.0,0.0,0.0,0.0,0.0,0.0,0.0,0.0,1.0,0.0,1.0,1.0,0.0,0.0,0.0,0.0,12
RIGHT,LEFT,False,0.2,medium,1.5,pure_duplication,4,source_group_average,0.2728909359183911,0.009389600605881955,0.2669250683172723,0.27885680351950987,0.0,0.0,0.0,0.0,0.0,0.0,0.0,0.0,1.0,0.0,1.0,1.0,0.0,0.0,0.0,0.0,12
RIGHT,LEFT,False,0.2,medium,1.5,pure_duplication,8,exact_deduplication,0.27247827039301653,0.0179420871271917,0.26107841210495364,0.2838781286810794,-0.0019830132097737596,0.02332333346712267,-0.01680195230228773,0.012835925882740214,0.0,0.0,0.0,0.0,1.0,0.0,1.0,1.0,0.0,0.0,0.0,0.0,12
RIGHT,LEFT,False,0.2,medium,1.5,pure_duplication,8,explicit_belief_mixing,0.23644546795919555,0.004694800302940978,0.23346253415863616,0.23942840175975494,0.0,0.0,0.0,0.0,0.0,0.0,0.0,0.0,1.0,0.0,1.0,1.0,0.0,0.0,0.0,0.0,12
RIGHT,LEFT,False,0.2,medium,1.5,pure_duplication,8,ordinary_flat_aggregation,0.9919832144075699,0.006692162313382413,0.9877312173309502,0.9962352114841896,0.6318952974416333,0.015731633854254048,0.6218998941584558,0.6418907007248108,1.0,0.0,1.0,1.0,0.0,0.0,0.0,0.0,1.0,0.0,1.0,1.0,12
RIGHT,LEFT,False,0.2,medium,1.5,pure_duplication,8,provenance_preserving,0.3600879169659366,0.02189946627439133,0.3461736599264687,0.37400217400540453,0.0,0.0,0.0,0.0,0.0,0.0,0.0,0.0,1.0,0.0,1.0,1.0,0.0,0.0,0.0,0.0,12
RIGHT,LEFT,False,0.2,medium,1.5,pure_duplication,8,semantic_group_deduplication,0.27247827039301653,0.0179420871271917,0.26107841210495364,0.2838781286810794,-0.0019830132097737596,0.02332333346712267,-0.01680195230228773,0.012835925882740214,0.0,0.0,0.0,0.0,1.0,0.0,1.0,1.0,0.0,0.0,0.0,0.0,12
RIGHT,LEFT,False,0.2,medium,1.5,pure_duplication,8,single_trajectory_score_average,0.2728909359183911,0.009389600605881955,0.2669250683172723,0.27885680351950987,0.0,0.0,0.0,0.0,0.0,0.0,0.0,0.0,1.0,0.0,1.0,1.0,0.0,0.0,0.0,0.0,12
RIGHT,LEFT,False,0.2,medium,1.5,pure_duplication,8,source_group_average,0.2728909359183911,0.009389600605881955,0.2669250683172723,0.27885680351950987,0.0,0.0,0.0,0.0,0.0,0.0,0.0,0.0,1.0,0.0,1.0,1.0,0.0,0.0,0.0,0.0,12
RIGHT,LEFT,False,0.2,medium,1.5,pure_duplication,16,exact_deduplication,0.2768392553718846,0.012209167559730952,0.26908192039689094,0.28459659034687823,0.0023779717690942856,0.009522358472252718,-0.003672246156071191,0.008428189694259762,0.0,0.0,0.0,0.0,1.0,0.0,1.0,1.0,0.0,0.0,0.0,0.0,12
RIGHT,LEFT,False,0.2,medium,1.5,pure_duplication,16,explicit_belief_mixing,0.23644546795919555,0.004694800302940978,0.23346253415863616,0.23942840175975494,0.0,0.0,0.0,0.0,0.0,0.0,0.0,0.0,1.0,0.0,1.0,1.0,0.0,0.0,0.0,0.0,12
RIGHT,LEFT,False,0.2,medium,1.5,pure_duplication,16,ordinary_flat_aggregation,0.9999727144048781,4.468879830964446e-05,0.9999443204970689,1.0000011083126874,0.6398847974389416,0.021862096100466,0.6259942842751961,0.653775310602687,1.0,0.0,1.0,1.0,0.0,0.0,0.0,0.0,1.0,0.0,1.0,1.0,12
RIGHT,LEFT,False,0.2,medium,1.5,pure_duplication,16,provenance_preserving,0.3600879169659366,0.02189946627439133,0.3461736599264687,0.37400217400540453,0.0,0.0,0.0,0.0,0.0,0.0,0.0,0.0,1.0,0.0,1.0,1.0,0.0,0.0,0.0,0.0,12
RIGHT,LEFT,False,0.2,medium,1.5,pure_duplication,16,semantic_group_deduplication,0.2768392553718846,0.012209167559730952,0.26908192039689094,0.28459659034687823,0.0023779717690942856,0.009522358472252718,-0.003672246156071191,0.008428189694259762,0.0,0.0,0.0,0.0,1.0,0.0,1.0,1.0,0.0,0.0,0.0,0.0,12
RIGHT,LEFT,False,0.2,medium,1.5,pure_duplication,16,single_trajectory_score_average,0.2728909359183911,0.009389600605881955,0.2669250683172723,0.27885680351950987,0.0,0.0,0.0,0.0,0.0,0.0,0.0,0.0,1.0,0.0,1.0,1.0,0.0,0.0,0.0,0.0,12
RIGHT,LEFT,False,0.2,medium,1.5,pure_duplication,16,source_group_average,0.2728909359183911,0.009389600605881955,0.2669250683172723,0.27885680351950987,0.0,0.0,0.0,0.0,0.0,0.0,0.0,0.0,1.0,0.0,1.0,1.0,0.0,0.0,0.0,0.0,12
RIGHT,LEFT,False,0.2,strong,2.0,independent_rollout,1,exact_deduplication,0.9999999991346904,1.9542335891016117e-10,0.9999999990105243,0.9999999992588565,0.0,0.0,0.0,0.0,0.0,0.0,0.0,0.0,0.0,0.0,0.0,0.0,1.0,0.0,1.0,1.0,12
RIGHT,LEFT,False,0.2,strong,2.0,independent_rollout,1,explicit_belief_mixing,0.2670941148265542,0.0008322843431407849,0.26656530658368266,0.26762292306942576,0.0,0.0,0.0,0.0,0.0,0.0,0.0,0.0,1.0,0.0,1.0,1.0,0.0,0.0,0.0,0.0,12
RIGHT,LEFT,False,0.2,strong,2.0,independent_rollout,1,ordinary_flat_aggregation,0.9999999991346904,1.9542335891016117e-10,0.9999999990105243,0.9999999992588565,0.0,0.0,0.0,0.0,0.0,0.0,0.0,0.0,0.0,0.0,0.0,0.0,1.0,0.0,1.0,1.0,12
RIGHT,LEFT,False,0.2,strong,2.0,independent_rollout,1,provenance_preserving,0.9999999991346904,1.9542335891016117e-10,0.9999999990105243,0.9999999992588565,0.0,0.0,0.0,0.0,0.0,0.0,0.0,0.0,0.0,0.0,0.0,0.0,1.0,0.0,1.0,1.0,12
RIGHT,LEFT,False,0.2,strong,2.0,independent_rollout,1,semantic_group_deduplication,0.49681484558800815,0.02297749318419783,0.48221564292792246,0.5114140482480938,0.0,0.0,0.0,0.0,0.0,0.0,0.0,0.0,0.6666666666666666,0.49236596391733095,0.35383225812026303,0.9795010752130702,0.3333333333333333,0.49236596391733095,0.020498924786929718,0.6461677418797369,12
RIGHT,LEFT,False,0.2,strong,2.0,independent_rollout,1,single_trajectory_score_average,0.3341882296531084,0.0016645686862815801,0.3331306131673653,0.3352458461388515,0.0,0.0,0.0,0.0,0.0,0.0,0.0,0.0,1.0,0.0,1.0,1.0,0.0,0.0,0.0,0.0,12
RIGHT,LEFT,False,0.2,strong,2.0,independent_rollout,1,source_group_average,0.3341882296531084,0.0016645686862815801,0.3331306131673653,0.3352458461388515,0.0,0.0,0.0,0.0,0.0,0.0,0.0,0.0,1.0,0.0,1.0,1.0,0.0,0.0,0.0,0.0,12
RIGHT,LEFT,False,0.2,strong,2.0,independent_rollout,2,exact_deduplication,0.9999999991346904,1.9542335891016117e-10,0.9999999990105243,0.9999999992588565,0.0,0.0,0.0,0.0,0.0,0.0,0.0,0.0,0.0,0.0,0.0,0.0,1.0,0.0,1.0,1.0,12
RIGHT,LEFT,False,0.2,strong,2.0,independent_rollout,2,explicit_belief_mixing,0.2670941148265542,0.0008322843431407849,0.26656530658368266,0.26762292306942576,0.0,0.0,0.0,0.0,0.0,0.0,0.0,0.0,1.0,0.0,1.0,1.0,0.0,0.0,0.0,0.0,12
RIGHT,LEFT,False,0.2,strong,2.0,independent_rollout,2,ordinary_flat_aggregation,0.9999999991346904,1.9542335891016117e-10,0.9999999990105243,0.9999999992588565,0.0,0.0,0.0,0.0,0.0,0.0,0.0,0.0,0.0,0.0,0.0,0.0,1.0,0.0,1.0,1.0,12
RIGHT,LEFT,False,0.2,strong,2.0,independent_rollout,2,provenance_preserving,0.9999999991346904,1.9542335891016117e-10,0.9999999990105243,0.9999999992588565,0.0,0.0,0.0,0.0,0.0,0.0,0.0,0.0,0.0,0.0,0.0,0.0,1.0,0.0,1.0,1.0,12
RIGHT,LEFT,False,0.2,strong,2.0,independent_rollout,2,semantic_group_deduplication,0.4932102545865166,0.02143976910791554,0.4795880751919792,0.506832433981054,-0.0036045910014915147,0.036287584104105826,-0.026660621967701522,0.01945143996471849,0.6666666666666666,0.492365963917331,0.35383225812026303,0.9795010752130702,0.6666666666666666,0.49236596391733095,0.35383225812026303,0.9795010752130702,0.3333333333333333,0.49236596391733095,0.020498924786929718,0.6461677418797369,12
RIGHT,LEFT,False,0.2,strong,2.0,independent_rollout,2,single_trajectory_score_average,0.3341882296531084,0.0016645686862815801,0.3331306131673653,0.3352458461388515,0.0,0.0,0.0,0.0,0.0,0.0,0.0,0.0,1.0,0.0,1.0,1.0,0.0,0.0,0.0,0.0,12
RIGHT,LEFT,False,0.2,strong,2.0,independent_rollout,2,source_group_average,0.3341882296531084,0.0016645686862815801,0.3331306131673653,0.3352458461388515,0.0,0.0,0.0,0.0,0.0,0.0,0.0,0.0,1.0,0.0,1.0,1.0,0.0,0.0,0.0,0.0,12
RIGHT,LEFT,False,0.2,strong,2.0,independent_rollout,4,exact_deduplication,0.9999999991346904,1.9542335891016117e-10,0.9999999990105243,0.9999999992588565,0.0,0.0,0.0,0.0,0.0,0.0,0.0,0.0,0.0,0.0,0.0,0.0,1.0,0.0,1.0,1.0,12
RIGHT,LEFT,False,0.2,strong,2.0,independent_rollout,4,explicit_belief_mixing,0.2670941148265542,0.0008322843431407965,0.26656530658368266,0.26762292306942576,4.625929269271485e-18,1.6024689053196365e-17,-5.5556724040286136e-18,1.4807530942571585e-17,0.0,0.0,0.0,0.0,1.0,0.0,1.0,1.0,0.0,0.0,0.0,0.0,12
RIGHT,LEFT,False,0.2,strong,2.0,independent_rollout,4,ordinary_flat_aggregation,0.9999999991346904,1.9542335891016117e-10,0.9999999990105243,0.9999999992588565,0.0,0.0,0.0,0.0,0.0,0.0,0.0,0.0,0.0,0.0,0.0,0.0,1.0,0.0,1.0,1.0,12
RIGHT,LEFT,False,0.2,strong,2.0,independent_rollout,4,provenance_preserving,0.9999999991346904,1.9542335891016117e-10,0.9999999990105243,0.9999999992588565,0.0,0.0,0.0,0.0,0.0,0.0,0.0,0.0,0.0,0.0,0.0,0.0,1.0,0.0,1.0,1.0,12
RIGHT,LEFT,False,0.2,strong,2.0,independent_rollout,4,semantic_group_deduplication,0.5024614031957275,0.0173912477475978,0.4914115315520466,0.5135112748394084,0.005646557607719362,0.027890280282444436,-0.012074081054901264,0.023367196270339986,0.5833333333333334,0.5149286505444373,0.25616327763932606,0.9105033890273406,0.4166666666666667,0.5149286505444373,0.08949661097265937,0.743836722360674,0.5833333333333334,0.5149286505444373,0.25616327763932606,0.9105033890273406,12
RIGHT,LEFT,False,0.2,strong,2.0,independent_rollout,4,single_trajectory_score_average,0.3341882296531084,0.0016645686862815936,0.3331306131673653,0.3352458461388515,4.625929269271485e-18,2.858428219367977e-17,-1.3535657170697601e-17,2.278751570924057e-17,0.0,0.0,0.0,0.0,1.0,0.0,1.0,1.0,0.0,0.0,0.0,0.0,12
RIGHT,LEFT,False,0.2,strong,2.0,independent_rollout,4,source_group_average,0.3341882296531084,0.0016645686862815936,0.3331306131673653,0.3352458461388515,4.625929269271485e-18,2.858428219367977e-17,-1.3535657170697601e-17,2.278751570924057e-17,0.0,0.0,0.0,0.0,1.0,0.0,1.0,1.0,0.0,0.0,0.0,0.0,12
RIGHT,LEFT,False,0.2,strong,2.0,independent_rollout,8,exact_deduplication,0.9999999991346904,1.9542335891016117e-10,0.9999999990105243,0.9999999992588565,0.0,0.0,0.0,0.0,0.0,0.0,0.0,0.0,0.0,0.0,0.0,0.0,1.0,0.0,1.0,1.0,12
RIGHT,LEFT,False,0.2,strong,2.0,independent_rollout,8,explicit_belief_mixing,0.2670941148265542,0.0008322843431407895,0.26656530658368266,0.26762292306942576,-4.625929269271485e-18,1.6024689053196365e-17,-1.4807530942571585e-17,5.5556724040286136e-18,0.0,0.0,0.0,0.0,1.0,0.0,1.0,1.0,0.0,0.0,0.0,0.0,12
RIGHT,LEFT,False,0.2,strong,2.0,independent_rollout,8,ordinary_flat_aggregation,0.9999999991346904,1.9542335891016117e-10,0.9999999990105243,0.9999999992588565,0.0,0.0,0.0,0.0,0.0,0.0,0.0,0.0,0.0,0.0,0.0,0.0,1.0,0.0,1.0,1.0,12
RIGHT,LEFT,False,0.2,strong,2.0,independent_rollout,8,provenance_preserving,0.9999999991346904,1.9542335891016117e-10,0.9999999990105243,0.9999999992588565,0.0,0.0,0.0,0.0,0.0,0.0,0.0,0.0,0.0,0.0,0.0,0.0,1.0,0.0,1.0,1.0,12
RIGHT,LEFT,False,0.2,strong,2.0,independent_rollout,8,semantic_group_deduplication,0.5062789954918054,0.022311414962359815,0.49210299874326674,0.5204549922403442,0.009464149903797287,0.034010329192552105,-0.012144982321286671,0.031073282128881247,0.6666666666666666,0.4923659639173309,0.3538322581202631,0.9795010752130702,0.3333333333333333,0.49236596391733095,0.020498924786929718,0.6461677418797369,0.6666666666666666,0.4923659639173309,0.3538322581202631,0.9795010752130702,12
RIGHT,LEFT,False,0.2,strong,2.0,independent_rollout,8,single_trajectory_score_average,0.3341882296531084,0.0016645686862815864,0.3331306131673653,0.3352458461388515,-9.25185853854297e-18,2.1607686311362423e-17,-2.2980727434131856e-17,4.4770103570459136e-18,0.0,0.0,0.0,0.0,1.0,0.0,1.0,1.0,0.0,0.0,0.0,0.0,12
RIGHT,LEFT,False,0.2,strong,2.0,independent_rollout,8,source_group_average,0.3341882296531084,0.0016645686862815864,0.3331306131673653,0.3352458461388515,-9.25185853854297e-18,2.1607686311362423e-17,-2.2980727434131856e-17,4.4770103570459136e-18,0.0,0.0,0.0,0.0,1.0,0.0,1.0,1.0,0.0,0.0,0.0,0.0,12
RIGHT,LEFT,False,0.2,strong,2.0,independent_rollout,16,exact_deduplication,0.9999999991346904,1.9542335891016117e-10,0.9999999990105243,0.9999999992588565,0.0,0.0,0.0,0.0,0.0,0.0,0.0,0.0,0.0,0.0,0.0,0.0,1.0,0.0,1.0,1.0,12
RIGHT,LEFT,False,0.2,strong,2.0,independent_rollout,16,explicit_belief_mixing,0.2670941148265542,0.0008322843431407965,0.26656530658368266,0.26762292306942576,4.625929269271485e-18,1.6024689053196365e-17,-5.5556724040286136e-18,1.4807530942571585e-17,0.0,0.0,0.0,0.0,1.0,0.0,1.0,1.0,0.0,0.0,0.0,0.0,12
RIGHT,LEFT,False,0.2,strong,2.0,independent_rollout,16,ordinary_flat_aggregation,0.9999999991346904,1.9542335891016117e-10,0.9999999990105243,0.9999999992588565,0.0,0.0,0.0,0.0,0.0,0.0,0.0,0.0,0.0,0.0,0.0,0.0,1.0,0.0,1.0,1.0,12
RIGHT,LEFT,False,0.2,strong,2.0,independent_rollout,16,provenance_preserving,0.9999999991346904,1.9542335891016117e-10,0.9999999990105243,0.9999999992588565,0.0,0.0,0.0,0.0,0.0,0.0,0.0,0.0,0.0,0.0,0.0,0.0,1.0,0.0,1.0,1.0,12
RIGHT,LEFT,False,0.2,strong,2.0,independent_rollout,16,semantic_group_deduplication,0.5023713473791457,0.02933896475804366,0.4837302585142228,0.5210124362440686,0.0055565017911376234,0.039073706521222544,-0.01926974690410072,0.030382750486375964,0.5,0.5222329678670935,0.16818900249253282,0.8318109975074672,0.5,0.5222329678670935,0.16818900249253282,0.8318109975074672,0.5,0.5222329678670935,0.16818900249253282,0.8318109975074672,12
RIGHT,LEFT,False,0.2,strong,2.0,independent_rollout,16,single_trajectory_score_average,0.3341882296531084,0.0016645686862815966,0.3331306131673653,0.3352458461388515,4.625929269271485e-18,2.858428219367977e-17,-1.3535657170697601e-17,2.278751570924057e-17,0.0,0.0,0.0,0.0,1.0,0.0,1.0,1.0,0.0,0.0,0.0,0.0,12
RIGHT,LEFT,False,0.2,strong,2.0,independent_rollout,16,source_group_average,0.3341882296531084,0.0016645686862815966,0.3331306131673653,0.3352458461388515,4.625929269271485e-18,2.858428219367977e-17,-1.3535657170697601e-17,2.278751570924057e-17,0.0,0.0,0.0,0.0,1.0,0.0,1.0,1.0,0.0,0.0,0.0,0.0,12
RIGHT,LEFT,False,0.2,strong,2.0,pure_duplication,1,exact_deduplication,0.33209419785357264,0.01691201475800064,0.3213488163246506,0.34283957938249465,0.0,0.0,0.0,0.0,0.0,0.0,0.0,0.0,1.0,0.0,1.0,1.0,0.0,0.0,0.0,0.0,12
RIGHT,LEFT,False,0.2,strong,2.0,pure_duplication,1,explicit_belief_mixing,0.26698776559759846,0.005106995102591786,0.2637429357160656,0.2702325954791313,0.0,0.0,0.0,0.0,0.0,0.0,0.0,0.0,1.0,0.0,1.0,1.0,0.0,0.0,0.0,0.0,12
RIGHT,LEFT,False,0.2,strong,2.0,pure_duplication,1,ordinary_flat_aggregation,0.5009245904775915,0.023133422145559166,0.4862263152820799,0.5156228656731031,0.0,0.0,0.0,0.0,0.0,0.0,0.0,0.0,0.5,0.5222329678670935,0.16818900249253282,0.8318109975074672,0.5,0.5222329678670935,0.16818900249253282,0.8318109975074672,12
RIGHT,LEFT,False,0.2,strong,2.0,pure_duplication,1,provenance_preserving,0.5009245904775915,0.023133422145559166,0.4862263152820799,0.5156228656731031,0.0,0.0,0.0,0.0,0.0,0.0,0.0,0.0,0.5,0.5222329678670935,0.16818900249253282,0.8318109975074672,0.5,0.5222329678670935,0.16818900249253282,0.8318109975074672,12
RIGHT,LEFT,False,0.2,strong,2.0,pure_duplication,1,semantic_group_deduplication,0.33209419785357264,0.01691201475800064,0.3213488163246506,0.34283957938249465,0.0,0.0,0.0,0.0,0.0,0.0,0.0,0.0,1.0,0.0,1.0,1.0,0.0,0.0,0.0,0.0,12
RIGHT,LEFT,False,0.2,strong,2.0,pure_duplication,1,single_trajectory_score_average,0.33397553119519685,0.01021399020518359,0.32748587143213115,0.34046519095826255,0.0,0.0,0.0,0.0,0.0,0.0,0.0,0.0,1.0,0.0,1.0,1.0,0.0,0.0,0.0,0.0,12
RIGHT,LEFT,False,0.2,strong,2.0,pure_duplication,1,source_group_average,0.33397553119519685,0.01021399020518359,0.32748587143213115,0.34046519095826255,0.0,0.0,0.0,0.0,0.0,0.0,0.0,0.0,1.0,0.0,1.0,1.0,0.0,0.0,0.0,0.0,12
RIGHT,LEFT,False,0.2,strong,2.0,pure_duplication,2,exact_deduplication,0.3431589578070249,0.016024866989461397,0.3329772430784157,0.35334067253563406,0.01106475995345225,0.021819770689767964,-0.0027988609273318765,0.024928380834236374,0.0,0.0,0.0,0.0,1.0,0.0,1.0,1.0,0.0,0.0,0.0,0.0,12
RIGHT,LEFT,False,0.2,strong,2.0,pure_duplication,2,explicit_belief_mixing,0.26698776559759835,0.005106995102591782,0.2637429357160655,0.2702325954791312,-4.625929269271485e-18,1.6024689053196365e-17,-1.4807530942571585e-17,5.5556724040286136e-18,0.0,0.0,0.0,0.0,1.0,0.0,1.0,1.0,0.0,0.0,0.0,0.0,12
RIGHT,LEFT,False,0.2,strong,2.0,pure_duplication,2,ordinary_flat_aggregation,0.7996650496815455,0.03072616209982374,0.7801425776753099,0.8191875216877811,0.29874045920395365,0.007784869239099439,0.2937941892695971,0.3036867291383102,0.5,0.5222329678670935,0.16818900249253282,0.8318109975074672,0.0,0.0,0.0,0.0,1.0,0.0,1.0,1.0,12
RIGHT,LEFT,False,0.2,strong,2.0,pure_duplication,2,provenance_preserving,0.5009245904775915,0.023133422145559166,0.4862263152820799,0.5156228656731031,0.0,0.0,0.0,0.0,0.0,0.0,0.0,0.0,0.5,0.5222329678670935,0.16818900249253282,0.8318109975074672,0.5,0.5222329678670935,0.16818900249253282,0.8318109975074672,12
RIGHT,LEFT,False,0.2,strong,2.0,pure_duplication,2,semantic_group_deduplication,0.3431589578070249,0.016024866989461397,0.3329772430784157,0.35334067253563406,0.01106475995345225,0.021819770689767964,-0.0027988609273318765,0.024928380834236374,0.0,0.0,0.0,0.0,1.0,0.0,1.0,1.0,0.0,0.0,0.0,0.0,12
RIGHT,LEFT,False,0.2,strong,2.0,pure_duplication,2,single_trajectory_score_average,0.3339755311951968,0.010213990205183583,0.3274858714321311,0.3404651909582625,0.0,2.367003441645759e-17,-1.503922236629014e-17,1.503922236629014e-17,0.0,0.0,0.0,0.0,1.0,0.0,1.0,1.0,0.0,0.0,0.0,0.0,12
RIGHT,LEFT,False,0.2,strong,2.0,pure_duplication,2,source_group_average,0.33397553119519685,0.01021399020518359,0.32748587143213115,0.34046519095826255,0.0,0.0,0.0,0.0,0.0,0.0,0.0,0.0,1.0,0.0,1.0,1.0,0.0,0.0,0.0,0.0,12
RIGHT,LEFT,False,0.2,strong,2.0,pure_duplication,4,exact_deduplication,0.3292441201466338,0.01580460881461819,0.31920235078570675,0.33928588950756083,-0.0028500777069388147,0.007088620834155813,-0.007353972509941851,0.0016538170960642222,0.0,0.0,0.0,0.0,1.0,0.0,1.0,1.0,0.0,0.0,0.0,0.0,12
RIGHT,LEFT,False,0.2,strong,2.0,pure_duplication,4,explicit_belief_mixing,0.26698776559759846,0.005106995102591786,0.2637429357160656,0.2702325954791313,0.0,0.0,0.0,0.0,0.0,0.0,0.0,0.0,1.0,0.0,1.0,1.0,0.0,0.0,0.0,0.0,12
RIGHT,LEFT,False,0.2,strong,2.0,pure_duplication,4,ordinary_flat_aggregation,0.9838244751431975,0.006742657485283158,0.9795403949649956,0.9881085553213994,0.48289988466560585,0.01660741766228947,0.47234803489814764,0.49345173443306406,0.5,0.5222329678670935,0.16818900249253282,0.8318109975074672,0.0,0.0,0.0,0.0,1.0,0.0,1.0,1.0,12
RIGHT,LEFT,False,0.2,strong,2.0,pure_duplication,4,provenance_preserving,0.5009245904775915,0.023133422145559166,0.4862263152820799,0.5156228656731031,0.0,0.0,0.0,0.0,0.0,0.0,0.0,0.0,0.5,0.5222329678670935,0.16818900249253282,0.8318109975074672,0.5,0.5222329678670935,0.16818900249253282,0.8318109975074672,12
RIGHT,LEFT,False,0.2,strong,2.0,pure_duplication,4,semantic_group_deduplication,0.3292441201466338,0.01580460881461819,0.31920235078570675,0.33928588950756083,-0.0028500777069388147,0.007088620834155813,-0.007353972509941851,0.0016538170960642222,0.0,0.0,0.0,0.0,1.0,0.0,1.0,1.0,0.0,0.0,0.0,0.0,12
RIGHT,LEFT,False,0.2,strong,2.0,pure_duplication,4,single_trajectory_score_average,0.33397553119519685,0.01021399020518359,0.32748587143213115,0.34046519095826255,0.0,0.0,0.0,0.0,0.0,0.0,0.0,0.0,1.0,0.0,1.0,1.0,0.0,0.0,0.0,0.0,12
RIGHT,LEFT,False,0.2,strong,2.0,pure_duplication,4,source_group_average,0.33397553119519685,0.01021399020518359,0.32748587143213115,0.34046519095826255,0.0,0.0,0.0,0.0,0.0,0.0,0.0,0.0,1.0,0.0,1.0,1.0,0.0,0.0,0.0,0.0,12
RIGHT,LEFT,False,0.2,strong,2.0,pure_duplication,8,exact_deduplication,0.33510879203790256,0.021877524451577063,0.3212084761675356,0.3490091079082695,0.003014594184329908,0.025442114095193324,-0.013150553893363535,0.01917974226202335,0.0,0.0,0.0,0.0,1.0,0.0,1.0,1.0,0.0,0.0,0.0,0.0,12
RIGHT,LEFT,False,0.2,strong,2.0,pure_duplication,8,explicit_belief_mixing,0.26698776559759846,0.005106995102591786,0.2637429357160656,0.2702325954791313,0.0,0.0,0.0,0.0,0.0,0.0,0.0,0.0,1.0,0.0,1.0,1.0,0.0,0.0,0.0,0.0,12
RIGHT,LEFT,False,0.2,strong,2.0,pure_duplication,8,ordinary_flat_aggregation,0.9999207155805344,7.806016940441536e-05,0.9998711185151069,0.9999703126459619,0.49899612510294283,0.02306208327586034,0.48434317646276626,0.5136490737431194,0.5,0.5222329678670935,0.16818900249253282,0.8318109975074672,0.0,0.0,0.0,0.0,1.0,0.0,1.0,1.0,12
RIGHT,LEFT,False,0.2,strong,2.0,pure_duplication,8,provenance_preserving,0.5009245904775915,0.023133422145559166,0.4862263152820799,0.5156228656731031,0.0,0.0,0.0,0.0,0.0,0.0,0.0,0.0,0.5,0.5222329678670935,0.16818900249253282,0.8318109975074672,0.5,0.5222329678670935,0.16818900249253282,0.8318109975074672,12
RIGHT,LEFT,False,0.2,strong,2.0,pure_duplication,8,semantic_group_deduplication,0.33510879203790256,0.021877524451577063,0.3212084761675356,0.3490091079082695,0.003014594184329908,0.025442114095193324,-0.013150553893363535,0.01917974226202335,0.0,0.0,0.0,0.0,1.0,0.0,1.0,1.0,0.0,0.0,0.0,0.0,12
RIGHT,LEFT,False,0.2,strong,2.0,pure_duplication,8,single_trajectory_score_average,0.33397553119519685,0.01021399020518359,0.32748587143213115,0.34046519095826255,0.0,0.0,0.0,0.0,0.0,0.0,0.0,0.0,1.0,0.0,1.0,1.0,0.0,0.0,0.0,0.0,12
RIGHT,LEFT,False,0.2,strong,2.0,pure_duplication,8,source_group_average,0.33397553119519685,0.01021399020518359,0.32748587143213115,0.34046519095826255,0.0,0.0,0.0,0.0,0.0,0.0,0.0,0.0,1.0,0.0,1.0,1.0,0.0,0.0,0.0,0.0,12
RIGHT,LEFT,False,0.2,strong,2.0,pure_duplication,16,exact_deduplication,0.32819585959450387,0.021273461786773952,0.314679346830601,0.34171237235840674,-0.003898338259068735,0.023268683873344662,-0.018682554656271232,0.010885878138133761,0.0,0.0,0.0,0.0,1.0,0.0,1.0,1.0,0.0,0.0,0.0,0.0,12
RIGHT,LEFT,False,0.2,strong,2.0,pure_duplication,16,explicit_belief_mixing,0.26698776559759846,0.005106995102591785,0.2637429357160656,0.2702325954791313,4.625929269271485e-18,1.6024689053196365e-17,-5.5556724040286136e-18,1.4807530942571585e-17,0.0,0.0,0.0,0.0,1.0,0.0,1.0,1.0,0.0,0.0,0.0,0.0,12
RIGHT,LEFT,False,0.2,strong,2.0,pure_duplication,16,ordinary_flat_aggregation,0.9999999970307057,6.597193566022772e-09,0.999999992839049,1.0000000012223627,0.4990754065531144,0.02313341690138587,0.48437713468959154,0.5137736784166372,0.5,0.5222329678670935,0.16818900249253282,0.8318109975074672,0.0,0.0,0.0,0.0,1.0,0.0,1.0,1.0,12
RIGHT,LEFT,False,0.2,strong,2.0,pure_duplication,16,provenance_preserving,0.5009245904775915,0.023133422145559166,0.4862263152820799,0.5156228656731031,0.0,0.0,0.0,0.0,0.0,0.0,0.0,0.0,0.5,0.5222329678670935,0.16818900249253282,0.8318109975074672,0.5,0.5222329678670935,0.16818900249253282,0.8318109975074672,12
RIGHT,LEFT,False,0.2,strong,2.0,pure_duplication,16,semantic_group_deduplication,0.32819585959450387,0.021273461786773952,0.314679346830601,0.34171237235840674,-0.003898338259068735,0.023268683873344662,-0.018682554656271232,0.010885878138133761,0.0,0.0,0.0,0.0,1.0,0.0,1.0,1.0,0.0,0.0,0.0,0.0,12
RIGHT,LEFT,False,0.2,strong,2.0,pure_duplication,16,single_trajectory_score_average,0.33397553119519685,0.010213990205183593,0.32748587143213115,0.34046519095826255,9.25185853854297e-18,2.1607686311362426e-17,-4.477010357045915e-18,2.2980727434131856e-17,0.0,0.0,0.0,0.0,1.0,0.0,1.0,1.0,0.0,0.0,0.0,0.0,12
RIGHT,LEFT,False,0.2,strong,2.0,pure_duplication,16,source_group_average,0.33397553119519685,0.01021399020518359,0.32748587143213115,0.34046519095826255,0.0,0.0,0.0,0.0,0.0,0.0,0.0,0.0,1.0,0.0,1.0,1.0,0.0,0.0,0.0,0.0,12
RIGHT,LEFT,False,0.2,weak,1.2,independent_rollout,1,exact_deduplication,0.9878165226396863,0.005479817063318591,0.9843348129855365,0.9912982322938362,0.0,0.0,0.0,0.0,0.0,0.0,0.0,0.0,0.0,0.0,0.0,0.0,1.0,0.0,1.0,1.0,12
RIGHT,LEFT,False,0.2,weak,1.2,independent_rollout,1,explicit_belief_mixing,0.21563760877902402,0.0013511954074739577,0.2147791001754547,0.21649611738259333,0.0,0.0,0.0,0.0,0.0,0.0,0.0,0.0,1.0,0.0,1.0,1.0,0.0,0.0,0.0,0.0,12
RIGHT,LEFT,False,0.2,weak,1.2,independent_rollout,1,ordinary_flat_aggregation,0.9878165226396863,0.005479817063318591,0.9843348129855365,0.9912982322938362,0.0,0.0,0.0,0.0,0.0,0.0,0.0,0.0,0.0,0.0,0.0,0.0,1.0,0.0,1.0,1.0,12
RIGHT,LEFT,False,0.2,weak,1.2,independent_rollout,1,provenance_preserving,0.9878165226396863,0.005479817063318591,0.9843348129855365,0.9912982322938362,0.0,0.0,0.0,0.0,0.0,0.0,0.0,0.0,0.0,0.0,0.0,0.0,1.0,0.0,1.0,1.0,12
RIGHT,LEFT,False,0.2,weak,1.2,independent_rollout,1,semantic_group_deduplication,0.26480503283468654,0.015713881450743414,0.25482090889057696,0.2747891567787961,0.0,0.0,0.0,0.0,0.0,0.0,0.0,0.0,1.0,0.0,1.0,1.0,0.0,0.0,0.0,0.0,12
RIGHT,LEFT,False,0.2,weak,1.2,independent_rollout,1,single_trajectory_score_average,0.23127521755804795,0.0027023908149479193,0.2295582003509093,0.2329922347651866,0.0,0.0,0.0,0.0,0.0,0.0,0.0,0.0,1.0,0.0,1.0,1.0,0.0,0.0,0.0,0.0,12
RIGHT,LEFT,False,0.2,weak,1.2,independent_rollout,1,source_group_average,0.23127521755804795,0.0027023908149479193,0.2295582003509093,0.2329922347651866,0.0,0.0,0.0,0.0,0.0,0.0,0.0,0.0,1.0,0.0,1.0,1.0,0.0,0.0,0.0,0.0,12
RIGHT,LEFT,False,0.2,weak,1.2,independent_rollout,2,exact_deduplication,0.9878165226396863,0.005479817063318591,0.9843348129855365,0.9912982322938362,0.0,0.0,0.0,0.0,0.0,0.0,0.0,0.0,0.0,0.0,0.0,0.0,1.0,0.0,1.0,1.0,12
RIGHT,LEFT,False,0.2,weak,1.2,independent_rollout,2,explicit_belief_mixing,0.21563760877902402,0.00135119540747395,0.2147791001754547,0.21649611738259333,-4.625929269271485e-18,1.6024689053196368e-17,-1.4807530942571585e-17,5.555672404028615e-18,0.0,0.0,0.0,0.0,1.0,0.0,1.0,1.0,0.0,0.0,0.0,0.0,12
RIGHT,LEFT,False,0.2,weak,1.2,independent_rollout,2,ordinary_flat_aggregation,0.9878165226396863,0.005479817063318591,0.9843348129855365,0.9912982322938362,0.0,0.0,0.0,0.0,0.0,0.0,0.0,0.0,0.0,0.0,0.0,0.0,1.0,0.0,1.0,1.0,12
RIGHT,LEFT,False,0.2,weak,1.2,independent_rollout,2,provenance_preserving,0.9878165226396863,0.005479817063318591,0.9843348129855365,0.9912982322938362,0.0,0.0,0.0,0.0,0.0,0.0,0.0,0.0,0.0,0.0,0.0,0.0,1.0,0.0,1.0,1.0,12
RIGHT,LEFT,False,0.2,weak,1.2,independent_rollout,2,semantic_group_deduplication,0.2596744286686487,0.023849386742623952,0.24452125127096022,0.27482760606633716,-0.005130604166037817,0.021295490105724364,-0.018661113056064636,0.008399904723989,0.0,0.0,0.0,0.0,1.0,0.0,1.0,1.0,0.0,0.0,0.0,0.0,12
RIGHT,LEFT,False,0.2,weak,1.2,independent_rollout,2,single_trajectory_score_average,0.23127521755804795,0.0027023908149479076,0.2295582003509093,0.2329922347651866,-6.938893903907228e-18,1.7252354003962106e-17,-1.7900516673122142e-17,4.022728865307683e-18,0.0,0.0,0.0,0.0,1.0,0.0,1.0,1.0,0.0,0.0,0.0,0.0,12
RIGHT,LEFT,False,0.2,weak,1.2,independent_rollout,2,source_group_average,0.23127521755804795,0.0027023908149479076,0.2295582003509093,0.2329922347651866,-6.938893903907228e-18,1.7252354003962106e-17,-1.7900516673122142e-17,4.022728865307683e-18,0.0,0.0,0.0,0.0,1.0,0.0,1.0,1.0,0.0,0.0,0.0,0.0,12
RIGHT,LEFT,False,0.2,weak,1.2,independent_rollout,4,exact_deduplication,0.9878165226396863,0.005479817063318591,0.9843348129855365,0.9912982322938362,0.0,0.0,0.0,0.0,0.0,0.0,0.0,0.0,0.0,0.0,0.0,0.0,1.0,0.0,1.0,1.0,12
RIGHT,LEFT,False,0.2,weak,1.2,independent_rollout,4,explicit_belief_mixing,0.21563760877902402,0.0013511954074739544,0.2147791001754547,0.21649611738259333,-2.3129646346357427e-18,1.4292141096839885e-17,-1.1393757854620285e-17,6.767828585348801e-18,0.0,0.0,0.0,0.0,1.0,0.0,1.0,1.0,0.0,0.0,0.0,0.0,12
RIGHT,LEFT,False,0.2,weak,1.2,independent_rollout,4,ordinary_flat_aggregation,0.9878165226396863,0.005479817063318591,0.9843348129855365,0.9912982322938362,0.0,0.0,0.0,0.0,0.0,0.0,0.0,0.0,0.0,0.0,0.0,0.0,1.0,0.0,1.0,1.0,12
RIGHT,LEFT,False,0.2,weak,1.2,independent_rollout,4,provenance_preserving,0.9878165226396863,0.005479817063318591,0.9843348129855365,0.9912982322938362,0.0,0.0,0.0,0.0,0.0,0.0,0.0,0.0,0.0,0.0,0.0,0.0,1.0,0.0,1.0,1.0,12
RIGHT,LEFT,False,0.2,weak,1.2,independent_rollout,4,semantic_group_deduplication,0.26271022169580194,0.017987324628781453,0.2512816208704983,0.27413882252110555,-0.002094811138884584,0.017239664893094555,-0.013048371631695078,0.008858749353925909,0.0,0.0,0.0,0.0,1.0,0.0,1.0,1.0,0.0,0.0,0.0,0.0,12
RIGHT,LEFT,False,0.2,weak,1.2,independent_rollout,4,single_trajectory_score_average,0.23127521755804795,0.0027023908149479115,0.2295582003509093,0.2329922347651866,-4.625929269271485e-18,2.3171662087337948e-17,-1.9348500964634635e-17,1.0096642426091666e-17,0.0,0.0,0.0,0.0,1.0,0.0,1.0,1.0,0.0,0.0,0.0,0.0,12
RIGHT,LEFT,False,0.2,weak,1.2,independent_rollout,4,source_group_average,0.23127521755804795,0.0027023908149479115,0.2295582003509093,0.2329922347651866,-4.625929269271485e-18,2.3171662087337948e-17,-1.9348500964634635e-17,1.0096642426091666e-17,0.0,0.0,0.0,0.0,1.0,0.0,1.0,1.0,0.0,0.0,0.0,0.0,12
RIGHT,LEFT,False,0.2,weak,1.2,independent_rollout,8,exact_deduplication,0.9878165226396863,0.005479817063318591,0.9843348129855365,0.9912982322938362,0.0,0.0,0.0,0.0,0.0,0.0,0.0,0.0,0.0,0.0,0.0,0.0,1.0,0.0,1.0,1.0,12
RIGHT,LEFT,False,0.2,weak,1.2,independent_rollout,8,explicit_belief_mixing,0.21563760877902402,0.0013511954074739525,0.2147791001754547,0.21649611738259333,-4.625929269271485e-18,1.0803843155681211e-17,-1.1490363717065928e-17,2.2385051785229568e-18,0.0,0.0,0.0,0.0,1.0,0.0,1.0,1.0,0.0,0.0,0.0,0.0,12
RIGHT,LEFT,False,0.2,weak,1.2,independent_rollout,8,ordinary_flat_aggregation,0.9878165226396863,0.005479817063318591,0.9843348129855365,0.9912982322938362,0.0,0.0,0.0,0.0,0.0,0.0,0.0,0.0,0.0,0.0,0.0,0.0,1.0,0.0,1.0,1.0,12
RIGHT,LEFT,False,0.2,weak,1.2,independent_rollout,8,provenance_preserving,0.9878165226396863,0.005479817063318591,0.9843348129855365,0.9912982322938362,0.0,0.0,0.0,0.0,0.0,0.0,0.0,0.0,0.0,0.0,0.0,0.0,1.0,0.0,1.0,1.0,12
RIGHT,LEFT,False,0.2,weak,1.2,independent_rollout,8,semantic_group_deduplication,0.2723918333843351,0.014671463648038419,0.2630700301135981,0.2817136366550721,0.00758680054964854,0.021880725997118388,-0.006315549485707969,0.02148915058500505,0.0,0.0,0.0,0.0,1.0,0.0,1.0,1.0,0.0,0.0,0.0,0.0,12
RIGHT,LEFT,False,0.2,weak,1.2,independent_rollout,8,single_trajectory_score_average,0.23127521755804795,0.002702390814947908,0.2295582003509093,0.2329922347651866,-1.3877787807814457e-17,1.8712805262645128e-17,-2.5767337036620438e-17,-1.9882385790084738e-18,0.0,0.0,0.0,0.0,1.0,0.0,1.0,1.0,0.0,0.0,0.0,0.0,12
RIGHT,LEFT,False,0.2,weak,1.2,independent_rollout,8,source_group_average,0.23127521755804795,0.002702390814947908,0.2295582003509093,0.2329922347651866,-1.3877787807814457e-17,1.8712805262645128e-17,-2.5767337036620438e-17,-1.9882385790084738e-18,0.0,0.0,0.0,0.0,1.0,0.0,1.0,1.0,0.0,0.0,0.0,0.0,12
RIGHT,LEFT,False,0.2,weak,1.2,independent_rollout,16,exact_deduplication,0.9878165226396863,0.005479817063318591,0.9843348129855365,0.9912982322938362,0.0,0.0,0.0,0.0,0.0,0.0,0.0,0.0,0.0,0.0,0.0,0.0,1.0,0.0,1.0,1.0,12
RIGHT,LEFT,False,0.2,weak,1.2,independent_rollout,16,explicit_belief_mixing,0.21563760877902402,0.001351195407473954,0.2147791001754547,0.21649611738259333,-6.938893903907228e-18,1.2552931385097095e-17,-1.4914645993139343e-17,1.036858185324886e-18,0.0,0.0,0.0,0.0,1.0,0.0,1.0,1.0,0.0,0.0,0.0,0.0,12
RIGHT,LEFT,False,0.2,weak,1.2,independent_rollout,16,ordinary_flat_aggregation,0.9878165226396863,0.005479817063318591,0.9843348129855365,0.9912982322938362,0.0,0.0,0.0,0.0,0.0,0.0,0.0,0.0,0.0,0.0,0.0,0.0,1.0,0.0,1.0,1.0,12
RIGHT,LEFT,False,0.2,weak,1.2,independent_rollout,16,provenance_preserving,0.9878165226396863,0.005479817063318591,0.9843348129855365,0.9912982322938362,0.0,0.0,0.0,0.0,0.0,0.0,0.0,0.0,0.0,0.0,0.0,0.0,1.0,0.0,1.0,1.0,12
RIGHT,LEFT,False,0.2,weak,1.2,independent_rollout,16,semantic_group_deduplication,0.26936799415335644,0.016756866047348436,0.2587211894122112,0.28001479889450165,0.0045629613186699254,0.024159725643605478,-0.010787396009501724,0.019913318646841576,0.0,0.0,0.0,0.0,1.0,0.0,1.0,1.0,0.0,0.0,0.0,0.0,12
RIGHT,LEFT,False,0.2,weak,1.2,independent_rollout,16,single_trajectory_score_average,0.23127521755804795,0.0027023908149479132,0.2295582003509093,0.2329922347651866,-9.25185853854297e-18,1.8078287402604465e-17,-2.0738254353009213e-17,2.2345372759232704e-18,0.0,0.0,0.0,0.0,1.0,0.0,1.0,1.0,0.0,0.0,0.0,0.0,12
RIGHT,LEFT,False,0.2,weak,1.2,independent_rollout,16,source_group_average,0.23127521755804795,0.0027023908149479132,0.2295582003509093,0.2329922347651866,-9.25185853854297e-18,1.8078287402604465e-17,-2.0738254353009213e-17,2.2345372759232704e-18,0.0,0.0,0.0,0.0,1.0,0.0,1.0,1.0,0.0,0.0,0.0,0.0,12
RIGHT,LEFT,False,0.2,weak,1.2,pure_duplication,1,exact_deduplication,0.22832241180714993,0.017903731509881695,0.2169469235156647,0.23969790009863517,0.0,0.0,0.0,0.0,0.0,0.0,0.0,0.0,1.0,0.0,1.0,1.0,0.0,0.0,0.0,0.0,12
RIGHT,LEFT,False,0.2,weak,1.2,pure_duplication,1,explicit_belief_mixing,0.21709605347747196,0.0048091532796261174,0.2140404632618708,0.22015164369307313,0.0,0.0,0.0,0.0,0.0,0.0,0.0,0.0,1.0,0.0,1.0,1.0,0.0,0.0,0.0,0.0,12
RIGHT,LEFT,False,0.2,weak,1.2,pure_duplication,1,ordinary_flat_aggregation,0.2718721142653239,0.021252136217099128,0.2583691511219575,0.28537507740869034,0.0,0.0,0.0,0.0,0.0,0.0,0.0,0.0,1.0,0.0,1.0,1.0,0.0,0.0,0.0,0.0,12
RIGHT,LEFT,False,0.2,weak,1.2,pure_duplication,1,provenance_preserving,0.2718721142653239,0.021252136217099128,0.2583691511219575,0.28537507740869034,0.0,0.0,0.0,0.0,0.0,0.0,0.0,0.0,1.0,0.0,1.0,1.0,0.0,0.0,0.0,0.0,12
RIGHT,LEFT,False,0.2,weak,1.2,pure_duplication,1,semantic_group_deduplication,0.22832241180714993,0.017903731509881695,0.2169469235156647,0.23969790009863517,0.0,0.0,0.0,0.0,0.0,0.0,0.0,0.0,1.0,0.0,1.0,1.0,0.0,0.0,0.0,0.0,12
RIGHT,LEFT,False,0.2,weak,1.2,pure_duplication,1,single_trajectory_score_average,0.23419210695494388,0.00961830655925223,0.22808092652374157,0.2403032873861462,0.0,0.0,0.0,0.0,0.0,0.0,0.0,0.0,1.0,0.0,1.0,1.0,0.0,0.0,0.0,0.0,12
RIGHT,LEFT,False,0.2,weak,1.2,pure_duplication,1,source_group_average,0.23419210695494388,0.00961830655925223,0.22808092652374157,0.2403032873861462,0.0,0.0,0.0,0.0,0.0,0.0,0.0,0.0,1.0,0.0,1.0,1.0,0.0,0.0,0.0,0.0,12
RIGHT,LEFT,False,0.2,weak,1.2,pure_duplication,2,exact_deduplication,0.23342641236533893,0.014879136441094239,0.22397266009701094,0.2428801646336669,0.0051040005581889855,0.014180291928567288,-0.0039057270907220058,0.014113728207099977,0.0,0.0,0.0,0.0,1.0,0.0,1.0,1.0,0.0,0.0,0.0,0.0,12
RIGHT,LEFT,False,0.2,weak,1.2,pure_duplication,2,explicit_belief_mixing,0.21709605347747196,0.0048091532796261174,0.2140404632618708,0.22015164369307313,0.0,0.0,0.0,0.0,0.0,0.0,0.0,0.0,1.0,0.0,1.0,1.0,0.0,0.0,0.0,0.0,12
RIGHT,LEFT,False,0.2,weak,1.2,pure_duplication,2,ordinary_flat_aggregation,0.3582633967116487,0.04902470713806199,0.32711458386586206,0.38941220955743533,0.08639128244632484,0.02777427582175695,0.06874434950162017,0.1040382153910295,0.0,0.0,0.0,0.0,1.0,0.0,1.0,1.0,0.0,0.0,0.0,0.0,12
RIGHT,LEFT,False,0.2,weak,1.2,pure_duplication,2,provenance_preserving,0.2718721142653239,0.021252136217099128,0.2583691511219575,0.28537507740869034,0.0,0.0,0.0,0.0,0.0,0.0,0.0,0.0,1.0,0.0,1.0,1.0,0.0,0.0,0.0,0.0,12
RIGHT,LEFT,False,0.2,weak,1.2,pure_duplication,2,semantic_group_deduplication,0.23342641236533893,0.014879136441094239,0.22397266009701094,0.2428801646336669,0.0051040005581889855,0.014180291928567288,-0.0039057270907220058,0.014113728207099977,0.0,0.0,0.0,0.0,1.0,0.0,1.0,1.0,0.0,0.0,0.0,0.0,12
RIGHT,LEFT,False,0.2,weak,1.2,pure_duplication,2,single_trajectory_score_average,0.23419210695494388,0.00961830655925223,0.22808092652374157,0.2403032873861462,-2.3129646346357427e-18,8.012344526598183e-18,-7.403765471285793e-18,2.7778362020143068e-18,0.0,0.0,0.0,0.0,1.0,0.0,1.0,1.0,0.0,0.0,0.0,0.0,12
RIGHT,LEFT,False,0.2,weak,1.2,pure_duplication,2,source_group_average,0.23419210695494388,0.00961830655925223,0.22808092652374157,0.2403032873861462,0.0,0.0,0.0,0.0,0.0,0.0,0.0,0.0,1.0,0.0,1.0,1.0,0.0,0.0,0.0,0.0,12
RIGHT,LEFT,False,0.2,weak,1.2,pure_duplication,4,exact_deduplication,0.23049533592309715,0.016063628815765982,0.22028899310502847,0.24070167874116583,0.0021729241159472376,0.0208682867319689,-0.011086152700069976,0.015432000931964451,0.0,0.0,0.0,0.0,1.0,0.0,1.0,1.0,0.0,0.0,0.0,0.0,12
RIGHT,LEFT,False,0.2,weak,1.2,pure_duplication,4,explicit_belief_mixing,0.21709605347747196,0.0048091532796261174,0.2140404632618708,0.22015164369307313,0.0,0.0,0.0,0.0,0.0,0.0,0.0,0.0,1.0,0.0,1.0,1.0,0.0,0.0,0.0,0.0,12
RIGHT,LEFT,False,0.2,weak,1.2,pure_duplication,4,ordinary_flat_aggregation,0.5498825716185136,0.10181725110594825,0.48519097661846206,0.6145741666185651,0.2780104573531897,0.08061111059839467,0.22679260121691205,0.32922831348946735,0.75,0.45226701686664544,0.46264324690347836,1.0373567530965215,0.25,0.45226701686664544,-0.037356753096521644,0.5373567530965216,0.75,0.45226701686664544,0.46264324690347836,1.0373567530965215,12
RIGHT,LEFT,False,0.2,weak,1.2,pure_duplication,4,provenance_preserving,0.2718721142653239,0.021252136217099128,0.2583691511219575,0.28537507740869034,0.0,0.0,0.0,0.0,0.0,0.0,0.0,0.0,1.0,0.0,1.0,1.0,0.0,0.0,0.0,0.0,12
RIGHT,LEFT,False,0.2,weak,1.2,pure_duplication,4,semantic_group_deduplication,0.23049533592309715,0.016063628815765982,0.22028899310502847,0.24070167874116583,0.0021729241159472376,0.0208682867319689,-0.011086152700069976,0.015432000931964451,0.0,0.0,0.0,0.0,1.0,0.0,1.0,1.0,0.0,0.0,0.0,0.0,12
RIGHT,LEFT,False,0.2,weak,1.2,pure_duplication,4,single_trajectory_score_average,0.23419210695494388,0.00961830655925223,0.22808092652374157,0.2403032873861462,0.0,0.0,0.0,0.0,0.0,0.0,0.0,0.0,1.0,0.0,1.0,1.0,0.0,0.0,0.0,0.0,12
RIGHT,LEFT,False,0.2,weak,1.2,pure_duplication,4,source_group_average,0.23419210695494388,0.00961830655925223,0.22808092652374157,0.2403032873861462,0.0,0.0,0.0,0.0,0.0,0.0,0.0,0.0,1.0,0.0,1.0,1.0,0.0,0.0,0.0,0.0,12
RIGHT,LEFT,False,0.2,weak,1.2,pure_duplication,8,exact_deduplication,0.23277834870847472,0.014262014050259217,0.22371669730065633,0.2418400001162931,0.004455936901324789,0.021452230385412163,-0.009174160011199386,0.018086033813848962,0.0,0.0,0.0,0.0,1.0,0.0,1.0,1.0,0.0,0.0,0.0,0.0,12
RIGHT,LEFT,False,0.2,weak,1.2,pure_duplication,8,explicit_belief_mixing,0.21709605347747196,0.004809153279626117,0.2140404632618708,0.22015164369307313,-2.3129646346357427e-18,8.012344526598183e-18,-7.403765471285793e-18,2.7778362020143068e-18,0.0,0.0,0.0,0.0,1.0,0.0,1.0,1.0,0.0,0.0,0.0,0.0,12
RIGHT,LEFT,False,0.2,weak,1.2,pure_duplication,8,ordinary_flat_aggregation,0.8320855644781852,0.11540612880178608,0.7587600085053549,0.9054111204510155,0.5602134502128611,0.09608490233067053,0.4991640158618279,0.6212628845638942,1.0,0.0,1.0,1.0,0.0,0.0,0.0,0.0,1.0,0.0,1.0,1.0,12
RIGHT,LEFT,False,0.2,weak,1.2,pure_duplication,8,provenance_preserving,0.2718721142653239,0.021252136217099128,0.2583691511219575,0.28537507740869034,0.0,0.0,0.0,0.0,0.0,0.0,0.0,0.0,1.0,0.0,1.0,1.0,0.0,0.0,0.0,0.0,12
RIGHT,LEFT,False,0.2,weak,1.2,pure_duplication,8,semantic_group_deduplication,0.23277834870847472,0.014262014050259217,0.22371669730065633,0.2418400001162931,0.004455936901324789,0.021452230385412163,-0.009174160011199386,0.018086033813848962,0.0,0.0,0.0,0.0,1.0,0.0,1.0,1.0,0.0,0.0,0.0,0.0,12
RIGHT,LEFT,False,0.2,weak,1.2,pure_duplication,8,single_trajectory_score_average,0.23419210695494388,0.009618306559252228,0.22808092652374157,0.2403032873861462,-2.3129646346357427e-18,8.012344526598183e-18,-7.403765471285793e-18,2.7778362020143068e-18,0.0,0.0,0.0,0.0,1.0,0.0,1.0,1.0,0.0,0.0,0.0,0.0,12
RIGHT,LEFT,False,0.2,weak,1.2,pure_duplication,8,source_group_average,0.23419210695494388,0.00961830655925223,0.22808092652374157,0.2403032873861462,0.0,0.0,0.0,0.0,0.0,0.0,0.0,0.0,1.0,0.0,1.0,1.0,0.0,0.0,0.0,0.0,12
RIGHT,LEFT,False,0.2,weak,1.2,pure_duplication,16,exact_deduplication,0.228453935896628,0.01544845884180365,0.21863845343257096,0.23826941836068502,0.00013152408947806013,0.010679504506024545,-0.006653909349360912,0.006916957528317033,0.0,0.0,0.0,0.0,1.0,0.0,1.0,1.0,0.0,0.0,0.0,0.0,12
RIGHT,LEFT,False,0.2,weak,1.2,pure_duplication,16,explicit_belief_mixing,0.21709605347747196,0.004809153279626117,0.2140404632618708,0.22015164369307313,-2.3129646346357427e-18,8.012344526598183e-18,-7.403765471285793e-18,2.7778362020143068e-18,0.0,0.0,0.0,0.0,1.0,0.0,1.0,1.0,0.0,0.0,0.0,0.0,12
RIGHT,LEFT,False,0.2,weak,1.2,pure_duplication,16,ordinary_flat_aggregation,0.9778239143168066,0.04654931237876322,0.9482478922652555,1.0073999363683577,0.7059518000514826,0.03513443925964664,0.6836284423645436,0.7282751577384217,1.0,0.0,1.0,1.0,0.0,0.0,0.0,0.0,1.0,0.0,1.0,1.0,12
RIGHT,LEFT,False,0.2,weak,1.2,pure_duplication,16,provenance_preserving,0.2718721142653239,0.021252136217099128,0.2583691511219575,0.28537507740869034,0.0,0.0,0.0,0.0,0.0,0.0,0.0,0.0,1.0,0.0,1.0,1.0,0.0,0.0,0.0,0.0,12
RIGHT,LEFT,False,0.2,weak,1.2,pure_duplication,16,semantic_group_deduplication,0.228453935896628,0.01544845884180365,0.21863845343257096,0.23826941836068502,0.00013152408947806013,0.010679504506024545,-0.006653909349360912,0.006916957528317033,0.0,0.0,0.0,0.0,1.0,0.0,1.0,1.0,0.0,0.0,0.0,0.0,12
RIGHT,LEFT,False,0.2,weak,1.2,pure_duplication,16,single_trajectory_score_average,0.23419210695494388,0.009618306559252228,0.22808092652374157,0.2403032873861462,-4.625929269271485e-18,1.080384315568121e-17,-1.1490363717065927e-17,2.238505178522956e-18,0.0,0.0,0.0,0.0,1.0,0.0,1.0,1.0,0.0,0.0,0.0,0.0,12
RIGHT,LEFT,False,0.2,weak,1.2,pure_duplication,16,source_group_average,0.23419210695494388,0.00961830655925223,0.22808092652374157,0.2403032873861462,0.0,0.0,0.0,0.0,0.0,0.0,0.0,0.0,1.0,0.0,1.0,1.0,0.0,0.0,0.0,0.0,12
RIGHT,LEFT,False,0.5,medium,1.5,independent_rollout,1,exact_deduplication,0.9999974763186509,9.015292955364439e-07,0.9999969035142643,0.9999980491230375,0.0,0.0,0.0,0.0,0.0,0.0,0.0,0.0,0.0,0.0,0.0,0.0,1.0,0.0,1.0,1.0,12
RIGHT,LEFT,False,0.5,medium,1.5,independent_rollout,1,explicit_belief_mixing,0.5498723093750153,0.001479757231464917,0.5489321164855342,0.5508125022644964,0.0,0.0,0.0,0.0,0.0,0.0,0.0,0.0,0.0,0.0,0.0,0.0,1.0,0.0,1.0,1.0,12
RIGHT,LEFT,False,0.5,medium,1.5,independent_rollout,1,ordinary_flat_aggregation,0.9999974763186509,9.015292955364439e-07,0.9999969035142643,0.9999980491230375,0.0,0.0,0.0,0.0,0.0,0.0,0.0,0.0,0.0,0.0,0.0,0.0,1.0,0.0,1.0,1.0,12
RIGHT,LEFT,False,0.5,medium,1.5,independent_rollout,1,provenance_preserving,0.9999974763186509,9.015292955364439e-07,0.9999969035142643,0.9999980491230375,0.0,0.0,0.0,0.0,0.0,0.0,0.0,0.0,0.0,0.0,0.0,0.0,1.0,0.0,1.0,1.0,12
RIGHT,LEFT,False,0.5,medium,1.5,independent_rollout,1,semantic_group_deduplication,0.6906483000642512,0.028615095322639714,0.6724671358961691,0.7088294642323332,0.0,0.0,0.0,0.0,0.0,0.0,0.0,0.0,0.0,0.0,0.0,0.0,1.0,0.0,1.0,1.0,12
RIGHT,LEFT,False,0.5,medium,1.5,independent_rollout,1,single_trajectory_score_average,0.5997446187500307,0.002959514462929813,0.5978642329710685,0.6016250045289929,0.0,0.0,0.0,0.0,0.0,0.0,0.0,0.0,0.0,0.0,0.0,0.0,1.0,0.0,1.0,1.0,12
RIGHT,LEFT,False,0.5,medium,1.5,independent_rollout,1,source_group_average,0.5997446187500307,0.002959514462929813,0.5978642329710685,0.6016250045289929,0.0,0.0,0.0,0.0,0.0,0.0,0.0,0.0,0.0,0.0,0.0,0.0,1.0,0.0,1.0,1.0,12
RIGHT,LEFT,False,0.5,medium,1.5,independent_rollout,2,exact_deduplication,0.9999974763186509,9.015292955364439e-07,0.9999969035142643,0.9999980491230375,0.0,0.0,0.0,0.0,0.0,0.0,0.0,0.0,0.0,0.0,0.0,0.0,1.0,0.0,1.0,1.0,12
RIGHT,LEFT,False,0.5,medium,1.5,independent_rollout,2,explicit_belief_mixing,0.5498723093750153,0.0014797572314649166,0.5489321164855342,0.5508125022644964,-9.25185853854297e-18,3.204937810639273e-17,-2.961506188514317e-17,1.1111344808057227e-17,0.0,0.0,0.0,0.0,0.0,0.0,0.0,0.0,1.0,0.0,1.0,1.0,12
RIGHT,LEFT,False,0.5,medium,1.5,independent_rollout,2,ordinary_flat_aggregation,0.9999974763186509,9.015292955364439e-07,0.9999969035142643,0.9999980491230375,0.0,0.0,0.0,0.0,0.0,0.0,0.0,0.0,0.0,0.0,0.0,0.0,1.0,0.0,1.0,1.0,12
RIGHT,LEFT,False,0.5,medium,1.5,independent_rollout,2,provenance_preserving,0.9999974763186509,9.015292955364439e-07,0.9999969035142643,0.9999980491230375,0.0,0.0,0.0,0.0,0.0,0.0,0.0,0.0,0.0,0.0,0.0,0.0,1.0,0.0,1.0,1.0,12
RIGHT,LEFT,False,0.5,medium,1.5,independent_rollout,2,semantic_group_deduplication,0.6931733913747719,0.03090766772483013,0.6735355961963272,0.7128111865532165,0.002525091310520459,0.03577854836987423,-0.020207513780390696,0.025257696401431617,0.0,0.0,0.0,0.0,0.0,0.0,0.0,0.0,1.0,0.0,1.0,1.0,12
RIGHT,LEFT,False,0.5,medium,1.5,independent_rollout,2,single_trajectory_score_average,0.5997446187500307,0.00295951446292983,0.5978642329710685,0.6016250045289929,-9.25185853854297e-18,5.716856438735953e-17,-4.557503141848113e-17,2.707131434139519e-17,0.0,0.0,0.0,0.0,0.0,0.0,0.0,0.0,1.0,0.0,1.0,1.0,12
RIGHT,LEFT,False,0.5,medium,1.5,independent_rollout,2,source_group_average,0.5997446187500307,0.00295951446292983,0.5978642329710685,0.6016250045289929,-9.25185853854297e-18,5.716856438735953e-17,-4.557503141848113e-17,2.707131434139519e-17,0.0,0.0,0.0,0.0,0.0,0.0,0.0,0.0,1.0,0.0,1.0,1.0,12
RIGHT,LEFT,False,0.5,medium,1.5,independent_rollout,4,exact_deduplication,0.9999974763186509,9.015292955364439e-07,0.9999969035142643,0.9999980491230375,0.0,0.0,0.0,0.0,0.0,0.0,0.0,0.0,0.0,0.0,0.0,0.0,1.0,0.0,1.0,1.0,12
RIGHT,LEFT,False,0.5,medium,1.5,independent_rollout,4,explicit_belief_mixing,0.5498723093750153,0.0014797572314649166,0.5489321164855342,0.5508125022644964,-9.25185853854297e-18,3.204937810639273e-17,-2.961506188514317e-17,1.1111344808057227e-17,0.0,0.0,0.0,0.0,0.0,0.0,0.0,0.0,1.0,0.0,1.0,1.0,12
RIGHT,LEFT,False,0.5,medium,1.5,independent_rollout,4,ordinary_flat_aggregation,0.9999974763186509,9.015292955364439e-07,0.9999969035142643,0.9999980491230375,0.0,0.0,0.0,0.0,0.0,0.0,0.0,0.0,0.0,0.0,0.0,0.0,1.0,0.0,1.0,1.0,12
RIGHT,LEFT,False,0.5,medium,1.5,independent_rollout,4,provenance_preserving,0.9999974763186509,9.015292955364439e-07,0.9999969035142643,0.9999980491230375,0.0,0.0,0.0,0.0,0.0,0.0,0.0,0.0,0.0,0.0,0.0,0.0,1.0,0.0,1.0,1.0,12
RIGHT,LEFT,False,0.5,medium,1.5,independent_rollout,4,semantic_group_deduplication,0.7028619053745819,0.017188050088746017,0.691941139363872,0.7137826713852918,0.01221360531033063,0.0293547219622868,-0.006437495204525393,0.030864705825186654,0.0,0.0,0.0,0.0,0.0,0.0,0.0,0.0,1.0,0.0,1.0,1.0,12
RIGHT,LEFT,False,0.5,medium,1.5,independent_rollout,4,single_trajectory_score_average,0.5997446187500307,0.002959514462929812,0.5978642329710685,0.6016250045289929,-9.25185853854297e-18,3.204937810639273e-17,-2.961506188514317e-17,1.1111344808057227e-17,0.0,0.0,0.0,0.0,0.0,0.0,0.0,0.0,1.0,0.0,1.0,1.0,12
RIGHT,LEFT,False,0.5,medium,1.5,independent_rollout,4,source_group_average,0.5997446187500307,0.002959514462929812,0.5978642329710685,0.6016250045289929,-9.25185853854297e-18,3.204937810639273e-17,-2.961506188514317e-17,1.1111344808057227e-17,0.0,0.0,0.0,0.0,0.0,0.0,0.0,0.0,1.0,0.0,1.0,1.0,12
RIGHT,LEFT,False,0.5,medium,1.5,independent_rollout,8,exact_deduplication,0.9999974763186509,9.015292955364439e-07,0.9999969035142643,0.9999980491230375,0.0,0.0,0.0,0.0,0.0,0.0,0.0,0.0,0.0,0.0,0.0,0.0,1.0,0.0,1.0,1.0,12
RIGHT,LEFT,False,0.5,medium,1.5,independent_rollout,8,explicit_belief_mixing,0.5498723093750153,0.0014797572314649056,0.5489321164855342,0.5508125022644964,-1.850371707708594e-17,4.321537262272485e-17,-4.596145486826371e-17,8.95402071409183e-18,0.0,0.0,0.0,0.0,0.0,0.0,0.0,0.0,1.0,0.0,1.0,1.0,12
RIGHT,LEFT,False,0.5,medium,1.5,independent_rollout,8,ordinary_flat_aggregation,0.9999974763186509,9.015292955364439e-07,0.9999969035142643,0.9999980491230375,0.0,0.0,0.0,0.0,0.0,0.0,0.0,0.0,0.0,0.0,0.0,0.0,1.0,0.0,1.0,1.0,12
RIGHT,LEFT,False,0.5,medium,1.5,independent_rollout,8,provenance_preserving,0.9999974763186509,9.015292955364439e-07,0.9999969035142643,0.9999980491230375,0.0,0.0,0.0,0.0,0.0,0.0,0.0,0.0,0.0,0.0,0.0,0.0,1.0,0.0,1.0,1.0,12
RIGHT,LEFT,False,0.5,medium,1.5,independent_rollout,8,semantic_group_deduplication,0.6979229329446729,0.016630801582543823,0.6873562257431142,0.7084896401462316,0.007274632880421683,0.029181372403536177,-0.011266326579492052,0.025815592340335418,0.0,0.0,0.0,0.0,0.0,0.0,0.0,0.0,1.0,0.0,1.0,1.0,12
RIGHT,LEFT,False,0.5,medium,1.5,independent_rollout,8,single_trajectory_score_average,0.5997446187500306,0.002959514462929801,0.5978642329710684,0.6016250045289928,-1.850371707708594e-17,4.321537262272485e-17,-4.596145486826371e-17,8.95402071409183e-18,0.0,0.0,0.0,0.0,0.0,0.0,0.0,0.0,1.0,0.0,1.0,1.0,12
RIGHT,LEFT,False,0.5,medium,1.5,independent_rollout,8,source_group_average,0.5997446187500306,0.002959514462929801,0.5978642329710684,0.6016250045289928,-1.850371707708594e-17,4.321537262272485e-17,-4.596145486826371e-17,8.95402071409183e-18,0.0,0.0,0.0,0.0,0.0,0.0,0.0,0.0,1.0,0.0,1.0,1.0,12
RIGHT,LEFT,False,0.5,medium,1.5,independent_rollout,16,exact_deduplication,0.9999974763186509,9.015292955364439e-07,0.9999969035142643,0.9999980491230375,0.0,0.0,0.0,0.0,0.0,0.0,0.0,0.0,0.0,0.0,0.0,0.0,1.0,0.0,1.0,1.0,12
RIGHT,LEFT,False,0.5,medium,1.5,independent_rollout,16,explicit_belief_mixing,0.5498723093750153,0.0014797572314649166,0.5489321164855342,0.5508125022644964,-9.25185853854297e-18,3.204937810639273e-17,-2.961506188514317e-17,1.1111344808057227e-17,0.0,0.0,0.0,0.0,0.0,0.0,0.0,0.0,1.0,0.0,1.0,1.0,12
RIGHT,LEFT,False,0.5,medium,1.5,independent_rollout,16,ordinary_flat_aggregation,0.9999974763186509,9.015292955364439e-07,0.9999969035142643,0.9999980491230375,0.0,0.0,0.0,0.0,0.0,0.0,0.0,0.0,0.0,0.0,0.0,0.0,1.0,0.0,1.0,1.0,12
RIGHT,LEFT,False,0.5,medium,1.5,independent_rollout,16,provenance_preserving,0.9999974763186509,9.015292955364439e-07,0.9999969035142643,0.9999980491230375,0.0,0.0,0.0,0.0,0.0,0.0,0.0,0.0,0.0,0.0,0.0,0.0,1.0,0.0,1.0,1.0,12
RIGHT,LEFT,False,0.5,medium,1.5,independent_rollout,16,semantic_group_deduplication,0.6862639763973082,0.01440933443950696,0.6771087220798361,0.6954192307147803,-0.004384323666943117,0.031995179308212655,-0.024713090740089944,0.01594444340620371,0.0,0.0,0.0,0.0,0.0,0.0,0.0,0.0,1.0,0.0,1.0,1.0,12
RIGHT,LEFT,False,0.5,medium,1.5,independent_rollout,16,single_trajectory_score_average,0.5997446187500307,0.002959514462929822,0.5978642329710685,0.6016250045289929,-9.25185853854297e-18,7.422483998781554e-17,-5.641207191376809e-17,3.790835483668215e-17,0.0,0.0,0.0,0.0,0.0,0.0,0.0,0.0,1.0,0.0,1.0,1.0,12
RIGHT,LEFT,False,0.5,medium,1.5,independent_rollout,16,source_group_average,0.5997446187500307,0.002959514462929822,0.5978642329710685,0.6016250045289929,-9.25185853854297e-18,7.422483998781554e-17,-5.641207191376809e-17,3.790835483668215e-17,0.0,0.0,0.0,0.0,0.0,0.0,0.0,0.0,1.0,0.0,1.0,1.0,12
RIGHT,LEFT,False,0.5,medium,1.5,pure_duplication,1,exact_deduplication,0.60183168747219,0.014380016506926697,0.5926950608803745,0.6109683140640054,0.0,0.0,0.0,0.0,0.0,0.0,0.0,0.0,0.0,0.0,0.0,0.0,1.0,0.0,1.0,1.0,12
RIGHT,LEFT,False,0.5,medium,1.5,pure_duplication,1,explicit_belief_mixing,0.5498884803126305,0.005758388707992858,0.5462297746797048,0.5535471859455562,0.0,0.0,0.0,0.0,0.0,0.0,0.0,0.0,0.0,0.0,0.0,0.0,1.0,0.0,1.0,1.0,12
RIGHT,LEFT,False,0.5,medium,1.5,pure_duplication,1,ordinary_flat_aggregation,0.69179509717608,0.02052223473690794,0.6787558913079648,0.7048343030441953,0.0,0.0,0.0,0.0,0.0,0.0,0.0,0.0,0.0,0.0,0.0,0.0,1.0,0.0,1.0,1.0,12
RIGHT,LEFT,False,0.5,medium,1.5,pure_duplication,1,provenance_preserving,0.69179509717608,0.02052223473690794,0.6787558913079648,0.7048343030441953,0.0,0.0,0.0,0.0,0.0,0.0,0.0,0.0,0.0,0.0,0.0,0.0,1.0,0.0,1.0,1.0,12
RIGHT,LEFT,False,0.5,medium,1.5,pure_duplication,1,semantic_group_deduplication,0.60183168747219,0.014380016506926697,0.5926950608803745,0.6109683140640054,0.0,0.0,0.0,0.0,0.0,0.0,0.0,0.0,0.0,0.0,0.0,0.0,1.0,0.0,1.0,1.0,12
RIGHT,LEFT,False,0.5,medium,1.5,pure_duplication,1,single_trajectory_score_average,0.5997769606252609,0.011516777415985738,0.5924595493594095,0.6070943718911123,0.0,0.0,0.0,0.0,0.0,0.0,0.0,0.0,0.0,0.0,0.0,0.0,1.0,0.0,1.0,1.0,12
RIGHT,LEFT,False,0.5,medium,1.5,pure_duplication,1,source_group_average,0.5997769606252609,0.011516777415985738,0.5924595493594095,0.6070943718911123,0.0,0.0,0.0,0.0,0.0,0.0,0.0,0.0,0.0,0.0,0.0,0.0,1.0,0.0,1.0,1.0,12
RIGHT,LEFT,False,0.5,medium,1.5,pure_duplication,2,exact_deduplication,0.5990329252915884,0.014995775550043371,0.5895050640690769,0.6085607865140998,-0.0027987621806014698,0.018642444884376757,-0.014643606557866612,0.009046082196663674,0.0,0.0,0.0,0.0,0.0,0.0,0.0,0.0,1.0,0.0,1.0,1.0,12
RIGHT,LEFT,False,0.5,medium,1.5,pure_duplication,2,explicit_belief_mixing,0.5498884803126305,0.005758388707992858,0.5462297746797048,0.5535471859455562,0.0,0.0,0.0,0.0,0.0,0.0,0.0,0.0,0.0,0.0,0.0,0.0,1.0,0.0,1.0,1.0,12
RIGHT,LEFT,False,0.5,medium,1.5,pure_duplication,2,ordinary_flat_aggregation,0.833274174727887,0.027149628751520462,0.8160241235968905,0.8505242258588835,0.14147907755180691,0.006696362285881036,0.137224411939974,0.14573374316363982,0.0,0.0,0.0,0.0,0.0,0.0,0.0,0.0,1.0,0.0,1.0,1.0,12
RIGHT,LEFT,False,0.5,medium,1.5,pure_duplication,2,provenance_preserving,0.69179509717608,0.02052223473690794,0.6787558913079648,0.7048343030441953,0.0,0.0,0.0,0.0,0.0,0.0,0.0,0.0,0.0,0.0,0.0,0.0,1.0,0.0,1.0,1.0,12
RIGHT,LEFT,False,0.5,medium,1.5,pure_duplication,2,semantic_group_deduplication,0.5990329252915884,0.014995775550043371,0.5895050640690769,0.6085607865140998,-0.0027987621806014698,0.018642444884376757,-0.014643606557866612,0.009046082196663674,0.0,0.0,0.0,0.0,0.0,0.0,0.0,0.0,1.0,0.0,1.0,1.0,12
RIGHT,LEFT,False,0.5,medium,1.5,pure_duplication,2,single_trajectory_score_average,0.5997769606252609,0.011516777415985738,0.5924595493594095,0.6070943718911123,0.0,0.0,0.0,0.0,0.0,0.0,0.0,0.0,0.0,0.0,0.0,0.0,1.0,0.0,1.0,1.0,12
RIGHT,LEFT,False,0.5,medium,1.5,pure_duplication,2,source_group_average,0.5997769606252609,0.011516777415985738,0.5924595493594095,0.6070943718911123,0.0,0.0,0.0,0.0,0.0,0.0,0.0,0.0,0.0,0.0,0.0,0.0,1.0,0.0,1.0,1.0,12
RIGHT,LEFT,False,0.5,medium,1.5,pure_duplication,4,exact_deduplication,0.5970948378097671,0.02298403821836274,0.5824914766333705,0.6116981989861637,-0.004736849662422836,0.023093111424717618,-0.01940951264783729,0.009935813322991618,0.0,0.0,0.0,0.0,0.0,0.0,0.0,0.0,1.0,0.0,1.0,1.0,12
RIGHT,LEFT,False,0.5,medium,1.5,pure_duplication,4,explicit_belief_mixing,0.5498884803126305,0.005758388707992858,0.5462297746797048,0.5535471859455562,0.0,0.0,0.0,0.0,0.0,0.0,0.0,0.0,0.0,0.0,0.0,0.0,1.0,0.0,1.0,1.0,12
RIGHT,LEFT,False,0.5,medium,1.5,pure_duplication,4,ordinary_flat_aggregation,0.9599529872319992,0.015574049832403918,0.950057708059513,0.9698482664044854,0.26815789005591917,0.005547601225630824,0.264633112399755,0.2716826677120833,0.0,0.0,0.0,0.0,0.0,0.0,0.0,0.0,1.0,0.0,1.0,1.0,12
RIGHT,LEFT,False,0.5,medium,1.5,pure_duplication,4,provenance_preserving,0.69179509717608,0.02052223473690794,0.6787558913079648,0.7048343030441953,0.0,0.0,0.0,0.0,0.0,0.0,0.0,0.0,0.0,0.0,0.0,0.0,1.0,0.0,1.0,1.0,12
RIGHT,LEFT,False,0.5,medium,1.5,pure_duplication,4,semantic_group_deduplication,0.5970948378097671,0.02298403821836274,0.5824914766333705,0.6116981989861637,-0.004736849662422836,0.023093111424717618,-0.01940951264783729,0.009935813322991618,0.0,0.0,0.0,0.0,0.0,0.0,0.0,0.0,1.0,0.0,1.0,1.0,12
RIGHT,LEFT,False,0.5,medium,1.5,pure_duplication,4,single_trajectory_score_average,0.5997769606252609,0.011516777415985738,0.5924595493594095,0.6070943718911123,0.0,0.0,0.0,0.0,0.0,0.0,0.0,0.0,0.0,0.0,0.0,0.0,1.0,0.0,1.0,1.0,12
RIGHT,LEFT,False,0.5,medium,1.5,pure_duplication,4,source_group_average,0.5997769606252609,0.011516777415985738,0.5924595493594095,0.6070943718911123,0.0,0.0,0.0,0.0,0.0,0.0,0.0,0.0,0.0,0.0,0.0,0.0,1.0,0.0,1.0,1.0,12
RIGHT,LEFT,False,0.5,medium,1.5,pure_duplication,8,exact_deduplication,0.5990978186272072,0.02214357109638003,0.5850284647833165,0.613167172471098,-0.0027338688449826585,0.028479744309170114,-0.020829035081956635,0.015361297391991319,0.0,0.0,0.0,0.0,0.0,0.0,0.0,0.0,1.0,0.0,1.0,1.0,12
RIGHT,LEFT,False,0.5,medium,1.5,pure_duplication,8,explicit_belief_mixing,0.5498884803126305,0.005758388707992858,0.5462297746797048,0.5535471859455562,0.0,0.0,0.0,0.0,0.0,0.0,0.0,0.0,0.0,0.0,0.0,0.0,1.0,0.0,1.0,1.0,12
RIGHT,LEFT,False,0.5,medium,1.5,pure_duplication,8,ordinary_flat_aggregation,0.9979757905563238,0.0017045494658433473,0.9968927714951713,0.9990588096174763,0.3061806933802438,0.01890633909624925,0.29416817862009287,0.3181932081403947,0.0,0.0,0.0,0.0,0.0,0.0,0.0,0.0,1.0,0.0,1.0,1.0,12
RIGHT,LEFT,False,0.5,medium,1.5,pure_duplication,8,provenance_preserving,0.69179509717608,0.02052223473690794,0.6787558913079648,0.7048343030441953,0.0,0.0,0.0,0.0,0.0,0.0,0.0,0.0,0.0,0.0,0.0,0.0,1.0,0.0,1.0,1.0,12
RIGHT,LEFT,False,0.5,medium,1.5,pure_duplication,8,semantic_group_deduplication,0.5990978186272072,0.02214357109638003,0.5850284647833165,0.613167172471098,-0.0027338688449826585,0.028479744309170114,-0.020829035081956635,0.015361297391991319,0.0,0.0,0.0,0.0,0.0,0.0,0.0,0.0,1.0,0.0,1.0,1.0,12
RIGHT,LEFT,False,0.5,medium,1.5,pure_duplication,8,single_trajectory_score_average,0.5997769606252609,0.011516777415985738,0.5924595493594095,0.6070943718911123,0.0,0.0,0.0,0.0,0.0,0.0,0.0,0.0,0.0,0.0,0.0,0.0,1.0,0.0,1.0,1.0,12
RIGHT,LEFT,False,0.5,medium,1.5,pure_duplication,8,source_group_average,0.5997769606252609,0.011516777415985738,0.5924595493594095,0.6070943718911123,0.0,0.0,0.0,0.0,0.0,0.0,0.0,0.0,0.0,0.0,0.0,0.0,1.0,0.0,1.0,1.0,12
RIGHT,LEFT,False,0.5,medium,1.5,pure_duplication,16,exact_deduplication,0.6046751682595598,0.014548562663742017,0.5954314525487878,0.6139188839703318,0.0028434807873698362,0.01140558975808229,-0.004403285211044454,0.010090246785784128,0.0,0.0,0.0,0.0,0.0,0.0,0.0,0.0,1.0,0.0,1.0,1.0,12
RIGHT,LEFT,False,0.5,medium,1.5,pure_duplication,16,explicit_belief_mixing,0.5498884803126305,0.005758388707992858,0.5462297746797048,0.5535471859455562,0.0,0.0,0.0,0.0,0.0,0.0,0.0,0.0,0.0,0.0,0.0,0.0,1.0,0.0,1.0,1.0,12
RIGHT,LEFT,False,0.5,medium,1.5,pure_duplication,16,ordinary_flat_aggregation,0.9999931781183281,1.1173412403390764e-05,0.999986078870783,1.0000002773658732,0.30819808094224826,0.020512729528812917,0.2951649143952284,0.3212312474892681,0.0,0.0,0.0,0.0,0.0,0.0,0.0,0.0,1.0,0.0,1.0,1.0,12
RIGHT,LEFT,False,0.5,medium,1.5,pure_duplication,16,provenance_preserving,0.69179509717608,0.02052223473690794,0.6787558913079648,0.7048343030441953,0.0,0.0,0.0,0.0,0.0,0.0,0.0,0.0,0.0,0.0,0.0,0.0,1.0,0.0,1.0,1.0,12
RIGHT,LEFT,False,0.5,medium,1.5,pure_duplication,16,semantic_group_deduplication,0.6046751682595598,0.014548562663742017,0.5954314525487878,0.6139188839703318,0.0028434807873698362,0.01140558975808229,-0.004403285211044454,0.010090246785784128,0.0,0.0,0.0,0.0,0.0,0.0,0.0,0.0,1.0,0.0,1.0,1.0,12
RIGHT,LEFT,False,0.5,medium,1.5,pure_duplication,16,single_trajectory_score_average,0.5997769606252609,0.011516777415985738,0.5924595493594095,0.6070943718911123,0.0,0.0,0.0,0.0,0.0,0.0,0.0,0.0,0.0,0.0,0.0,0.0,1.0,0.0,1.0,1.0,12
RIGHT,LEFT,False,0.5,medium,1.5,pure_duplication,16,source_group_average,0.5997769606252609,0.011516777415985738,0.5924595493594095,0.6070943718911123,0.0,0.0,0.0,0.0,0.0,0.0,0.0,0.0,0.0,0.0,0.0,0.0,1.0,0.0,1.0,1.0,12
RIGHT,LEFT,False,0.5,strong,2.0,independent_rollout,1,exact_deduplication,0.9999999997836726,4.8855833686114354e-11,0.9999999997526311,0.9999999998147141,0.0,0.0,0.0,0.0,0.0,0.0,0.0,0.0,0.0,0.0,0.0,0.0,1.0,0.0,1.0,1.0,12
RIGHT,LEFT,False,0.5,strong,2.0,independent_rollout,1,explicit_belief_mixing,0.583590276175952,0.0008305419698893202,0.5830625749842285,0.5841179773676756,0.0,0.0,0.0,0.0,0.0,0.0,0.0,0.0,0.0,0.0,0.0,0.0,1.0,0.0,1.0,1.0,12
RIGHT,LEFT,False,0.5,strong,2.0,independent_rollout,1,ordinary_flat_aggregation,0.9999999997836726,4.8855833686114354e-11,0.9999999997526311,0.9999999998147141,0.0,0.0,0.0,0.0,0.0,0.0,0.0,0.0,0.0,0.0,0.0,0.0,1.0,0.0,1.0,1.0,12
RIGHT,LEFT,False,0.5,strong,2.0,independent_rollout,1,provenance_preserving,0.9999999997836726,4.8855833686114354e-11,0.9999999997526311,0.9999999998147141,0.0,0.0,0.0,0.0,0.0,0.0,0.0,0.0,0.0,0.0,0.0,0.0,1.0,0.0,1.0,1.0,12
RIGHT,LEFT,False,0.5,strong,2.0,independent_rollout,1,semantic_group_deduplication,0.7975731335620058,0.015006585105080543,0.7880384042758901,0.8071078628481214,0.0,0.0,0.0,0.0,0.0,0.0,0.0,0.0,0.0,0.0,0.0,0.0,1.0,0.0,1.0,1.0,12
RIGHT,LEFT,False,0.5,strong,2.0,independent_rollout,1,single_trajectory_score_average,0.6671805523519042,0.0016610839397786185,0.6661251499684572,0.6682359547353512,0.0,0.0,0.0,0.0,0.0,0.0,0.0,0.0,0.0,0.0,0.0,0.0,1.0,0.0,1.0,1.0,12
RIGHT,LEFT,False,0.5,strong,2.0,independent_rollout,1,source_group_average,0.6671805523519042,0.0016610839397786185,0.6661251499684572,0.6682359547353512,0.0,0.0,0.0,0.0,0.0,0.0,0.0,0.0,0.0,0.0,0.0,0.0,1.0,0.0,1.0,1.0,12
RIGHT,LEFT,False,0.5,strong,2.0,independent_rollout,2,exact_deduplication,0.9999999997836726,4.8855833686114354e-11,0.9999999997526311,0.9999999998147141,0.0,0.0,0.0,0.0,0.0,0.0,0.0,0.0,0.0,0.0,0.0,0.0,1.0,0.0,1.0,1.0,12
RIGHT,LEFT,False,0.5,strong,2.0,independent_rollout,2,explicit_belief_mixing,0.583590276175952,0.0008305419698893039,0.5830625749842285,0.5841179773676756,-1.850371707708594e-17,4.321537262272485e-17,-4.596145486826371e-17,8.95402071409183e-18,0.0,0.0,0.0,0.0,0.0,0.0,0.0,0.0,1.0,0.0,1.0,1.0,12
RIGHT,LEFT,False,0.5,strong,2.0,independent_rollout,2,ordinary_flat_aggregation,0.9999999997836726,4.8855833686114354e-11,0.9999999997526311,0.9999999998147141,0.0,0.0,0.0,0.0,0.0,0.0,0.0,0.0,0.0,0.0,0.0,0.0,1.0,0.0,1.0,1.0,12
RIGHT,LEFT,False,0.5,strong,2.0,independent_rollout,2,provenance_preserving,0.9999999997836726,4.8855833686114354e-11,0.9999999997526311,0.9999999998147141,0.0,0.0,0.0,0.0,0.0,0.0,0.0,0.0,0.0,0.0,0.0,0.0,1.0,0.0,1.0,1.0,12
RIGHT,LEFT,False,0.5,strong,2.0,independent_rollout,2,semantic_group_deduplication,0.795294282912987,0.013655485801655943,0.7866180011688408,0.8039705646571331,-0.0022788506490187175,0.023306787700605867,-0.017087277063034267,0.012529575764996831,0.0,0.0,0.0,0.0,0.0,0.0,0.0,0.0,1.0,0.0,1.0,1.0,12
RIGHT,LEFT,False,0.5,strong,2.0,independent_rollout,2,single_trajectory_score_average,0.6671805523519042,0.001661083939778612,0.6661251499684572,0.6682359547353512,-1.850371707708594e-17,6.409875621278547e-17,-5.923012377028634e-17,2.222268961611446e-17,0.0,0.0,0.0,0.0,0.0,0.0,0.0,0.0,1.0,0.0,1.0,1.0,12
RIGHT,LEFT,False,0.5,strong,2.0,independent_rollout,2,source_group_average,0.6671805523519042,0.001661083939778612,0.6661251499684572,0.6682359547353512,-1.850371707708594e-17,6.409875621278547e-17,-5.923012377028634e-17,2.222268961611446e-17,0.0,0.0,0.0,0.0,0.0,0.0,0.0,0.0,1.0,0.0,1.0,1.0,12
RIGHT,LEFT,False,0.5,strong,2.0,independent_rollout,4,exact_deduplication,0.9999999997836726,4.8855833686114354e-11,0.9999999997526311,0.9999999998147141,0.0,0.0,0.0,0.0,0.0,0.0,0.0,0.0,0.0,0.0,0.0,0.0,1.0,0.0,1.0,1.0,12
RIGHT,LEFT,False,0.5,strong,2.0,independent_rollout,4,explicit_belief_mixing,0.583590276175952,0.0008305419698893487,0.5830625749842285,0.5841179773676756,-9.25185853854297e-18,5.716856438735954e-17,-4.557503141848114e-17,2.7071314341395202e-17,0.0,0.0,0.0,0.0,0.0,0.0,0.0,0.0,1.0,0.0,1.0,1.0,12
RIGHT,LEFT,False,0.5,strong,2.0,independent_rollout,4,ordinary_flat_aggregation,0.9999999997836726,4.8855833686114354e-11,0.9999999997526311,0.9999999998147141,0.0,0.0,0.0,0.0,0.0,0.0,0.0,0.0,0.0,0.0,0.0,0.0,1.0,0.0,1.0,1.0,12
RIGHT,LEFT,False,0.5,strong,2.0,independent_rollout,4,provenance_preserving,0.9999999997836726,4.8855833686114354e-11,0.9999999997526311,0.9999999998147141,0.0,0.0,0.0,0.0,0.0,0.0,0.0,0.0,0.0,0.0,0.0,0.0,1.0,0.0,1.0,1.0,12
RIGHT,LEFT,False,0.5,strong,2.0,independent_rollout,4,semantic_group_deduplication,0.8013583508215402,0.01113313511883035,0.7942846942420791,0.8084320074010012,0.003785217259534355,0.018097062595620536,-0.0077131077434480794,0.015283542262516788,0.0,0.0,0.0,0.0,0.0,0.0,0.0,0.0,1.0,0.0,1.0,1.0,12
RIGHT,LEFT,False,0.5,strong,2.0,independent_rollout,4,single_trajectory_score_average,0.6671805523519042,0.0016610839397786614,0.6661251499684571,0.6682359547353514,-2.7755575615628914e-17,6.900941601584843e-17,-7.160206669248857e-17,1.6090915461230733e-17,0.0,0.0,0.0,0.0,0.0,0.0,0.0,0.0,1.0,0.0,1.0,1.0,12
RIGHT,LEFT,False,0.5,strong,2.0,independent_rollout,4,source_group_average,0.6671805523519042,0.0016610839397786614,0.6661251499684571,0.6682359547353514,-2.7755575615628914e-17,6.900941601584843e-17,-7.160206669248857e-17,1.6090915461230733e-17,0.0,0.0,0.0,0.0,0.0,0.0,0.0,0.0,1.0,0.0,1.0,1.0,12
RIGHT,LEFT,False,0.5,strong,2.0,independent_rollout,8,exact_deduplication,0.9999999997836726,4.8855833686114354e-11,0.9999999997526311,0.9999999998147141,0.0,0.0,0.0,0.0,0.0,0.0,0.0,0.0,0.0,0.0,0.0,0.0,1.0,0.0,1.0,1.0,12
RIGHT,LEFT,False,0.5,strong,2.0,independent_rollout,8,explicit_belief_mixing,0.583590276175952,0.0008305419698893278,0.5830625749842285,0.5841179773676756,0.0,4.734006883291518e-17,-3.007844473258028e-17,3.007844473258028e-17,0.0,0.0,0.0,0.0,0.0,0.0,0.0,0.0,1.0,0.0,1.0,1.0,12
RIGHT,LEFT,False,0.5,strong,2.0,independent_rollout,8,ordinary_flat_aggregation,0.9999999997836726,4.8855833686114354e-11,0.9999999997526311,0.9999999998147141,0.0,0.0,0.0,0.0,0.0,0.0,0.0,0.0,0.0,0.0,0.0,0.0,1.0,0.0,1.0,1.0,12
RIGHT,LEFT,False,0.5,strong,2.0,independent_rollout,8,provenance_preserving,0.9999999997836726,4.8855833686114354e-11,0.9999999997526311,0.9999999998147141,0.0,0.0,0.0,0.0,0.0,0.0,0.0,0.0,0.0,0.0,0.0,0.0,1.0,0.0,1.0,1.0,12
RIGHT,LEFT,False,0.5,strong,2.0,independent_rollout,8,semantic_group_deduplication,0.8036450142479835,0.014105181894510169,0.7946830092379268,0.8126070192580402,0.00607188068597786,0.02193268496743021,-0.007863482504099694,0.020007243876055413,0.0,0.0,0.0,0.0,0.0,0.0,0.0,0.0,1.0,0.0,1.0,1.0,12
RIGHT,LEFT,False,0.5,strong,2.0,independent_rollout,8,single_trajectory_score_average,0.667180552351904,0.0016610839397786406,0.6661251499684568,0.6682359547353511,-1.850371707708594e-17,6.409875621278547e-17,-5.923012377028634e-17,2.222268961611446e-17,0.0,0.0,0.0,0.0,0.0,0.0,0.0,0.0,1.0,0.0,1.0,1.0,12
RIGHT,LEFT,False,0.5,strong,2.0,independent_rollout,8,source_group_average,0.667180552351904,0.0016610839397786406,0.6661251499684568,0.6682359547353511,-1.850371707708594e-17,6.409875621278547e-17,-5.923012377028634e-17,2.222268961611446e-17,0.0,0.0,0.0,0.0,0.0,0.0,0.0,0.0,1.0,0.0,1.0,1.0,12
RIGHT,LEFT,False,0.5,strong,2.0,independent_rollout,16,exact_deduplication,0.9999999997836726,4.8855833686114354e-11,0.9999999997526311,0.9999999998147141,0.0,0.0,0.0,0.0,0.0,0.0,0.0,0.0,0.0,0.0,0.0,0.0,1.0,0.0,1.0,1.0,12
RIGHT,LEFT,False,0.5,strong,2.0,independent_rollout,16,explicit_belief_mixing,0.583590276175952,0.0008305419698893273,0.5830625749842285,0.5841179773676756,-9.25185853854297e-18,3.204937810639273e-17,-2.961506188514317e-17,1.1111344808057227e-17,0.0,0.0,0.0,0.0,0.0,0.0,0.0,0.0,1.0,0.0,1.0,1.0,12
RIGHT,LEFT,False,0.5,strong,2.0,independent_rollout,16,ordinary_flat_aggregation,0.9999999997836726,4.8855833686114354e-11,0.9999999997526311,0.9999999998147141,0.0,0.0,0.0,0.0,0.0,0.0,0.0,0.0,0.0,0.0,0.0,0.0,1.0,0.0,1.0,1.0,12
RIGHT,LEFT,False,0.5,strong,2.0,independent_rollout,16,provenance_preserving,0.9999999997836726,4.8855833686114354e-11,0.9999999997526311,0.9999999998147141,0.0,0.0,0.0,0.0,0.0,0.0,0.0,0.0,0.0,0.0,0.0,0.0,1.0,0.0,1.0,1.0,12
RIGHT,LEFT,False,0.5,strong,2.0,independent_rollout,16,semantic_group_deduplication,0.8009044253414744,0.018942448275332716,0.7888689679034995,0.8129398827794494,0.0033312917794688646,0.025470435847879655,-0.012851851081373548,0.019514434640311277,0.0,0.0,0.0,0.0,0.0,0.0,0.0,0.0,1.0,0.0,1.0,1.0,12
RIGHT,LEFT,False,0.5,strong,2.0,independent_rollout,16,single_trajectory_score_average,0.667180552351904,0.0016610839397786402,0.6661251499684568,0.6682359547353511,-2.7755575615628914e-17,5.021172554038838e-17,-5.965858397255737e-17,4.147432741299544e-18,0.0,0.0,0.0,0.0,0.0,0.0,0.0,0.0,1.0,0.0,1.0,1.0,12
RIGHT,LEFT,False,0.5,strong,2.0,independent_rollout,16,source_group_average,0.667180552351904,0.0016610839397786402,0.6661251499684568,0.6682359547353511,-2.7755575615628914e-17,5.021172554038838e-17,-5.965858397255737e-17,4.147432741299544e-18,0.0,0.0,0.0,0.0,0.0,0.0,0.0,0.0,1.0,0.0,1.0,1.0,12
RIGHT,LEFT,False,0.5,strong,2.0,pure_duplication,1,exact_deduplication,0.6650214757804456,0.017341123674818857,0.6540034514532139,0.6760395001076772,0.0,0.0,0.0,0.0,0.0,0.0,0.0,0.0,0.0,0.0,0.0,0.0,1.0,0.0,1.0,1.0,12
RIGHT,LEFT,False,0.5,strong,2.0,pure_duplication,1,explicit_belief_mixing,0.5834209317848588,0.0051833901413099875,0.5801275628114619,0.5867143007582556,0.0,0.0,0.0,0.0,0.0,0.0,0.0,0.0,0.0,0.0,0.0,0.0,1.0,0.0,1.0,1.0,12
RIGHT,LEFT,False,0.5,strong,2.0,pure_duplication,1,ordinary_flat_aggregation,0.8002076657485694,0.01509259235263997,0.7906182900644637,0.8097970414326751,0.0,0.0,0.0,0.0,0.0,0.0,0.0,0.0,0.0,0.0,0.0,0.0,1.0,0.0,1.0,1.0,12
RIGHT,LEFT,False,0.5,strong,2.0,pure_duplication,1,provenance_preserving,0.8002076657485694,0.01509259235263997,0.7906182900644637,0.8097970414326751,0.0,0.0,0.0,0.0,0.0,0.0,0.0,0.0,0.0,0.0,0.0,0.0,1.0,0.0,1.0,1.0,12
RIGHT,LEFT,False,0.5,strong,2.0,pure_duplication,1,semantic_group_deduplication,0.6650214757804456,0.017341123674818857,0.6540034514532139,0.6760395001076772,0.0,0.0,0.0,0.0,0.0,0.0,0.0,0.0,0.0,0.0,0.0,0.0,1.0,0.0,1.0,1.0,12
RIGHT,LEFT,False,0.5,strong,2.0,pure_duplication,1,single_trajectory_score_average,0.6668418635697176,0.010366780282620001,0.6602551256229239,0.6734286015165114,0.0,0.0,0.0,0.0,0.0,0.0,0.0,0.0,0.0,0.0,0.0,0.0,1.0,0.0,1.0,1.0,12
RIGHT,LEFT,False,0.5,strong,2.0,pure_duplication,1,source_group_average,0.6668418635697176,0.010366780282620001,0.6602551256229239,0.6734286015165114,0.0,0.0,0.0,0.0,0.0,0.0,0.0,0.0,0.0,0.0,0.0,0.0,1.0,0.0,1.0,1.0,12
RIGHT,LEFT,False,0.5,strong,2.0,pure_duplication,2,exact_deduplication,0.676008870523162,0.015694227497242363,0.6660372341053432,0.6859805069409809,0.010987394742716603,0.02189131428214825,-0.002921682767988697,0.024896472253421904,0.0,0.0,0.0,0.0,0.0,0.0,0.0,0.0,1.0,0.0,1.0,1.0,12
RIGHT,LEFT,False,0.5,strong,2.0,pure_duplication,2,explicit_belief_mixing,0.5834209317848588,0.0051833901413099875,0.5801275628114619,0.5867143007582556,0.0,0.0,0.0,0.0,0.0,0.0,0.0,0.0,0.0,0.0,0.0,0.0,1.0,0.0,1.0,1.0,12
RIGHT,LEFT,False,0.5,strong,2.0,pure_duplication,2,ordinary_flat_aggregation,0.9407888667208303,0.010934491345646216,0.9338414223734275,0.9477363110682331,0.140581200972261,0.004240216540212047,0.1378870959148923,0.14327530602962973,0.0,0.0,0.0,0.0,0.0,0.0,0.0,0.0,1.0,0.0,1.0,1.0,12
RIGHT,LEFT,False,0.5,strong,2.0,pure_duplication,2,provenance_preserving,0.8002076657485694,0.01509259235263997,0.7906182900644637,0.8097970414326751,0.0,0.0,0.0,0.0,0.0,0.0,0.0,0.0,0.0,0.0,0.0,0.0,1.0,0.0,1.0,1.0,12
RIGHT,LEFT,False,0.5,strong,2.0,pure_duplication,2,semantic_group_deduplication,0.676008870523162,0.015694227497242363,0.6660372341053432,0.6859805069409809,0.010987394742716603,0.02189131428214825,-0.002921682767988697,0.024896472253421904,0.0,0.0,0.0,0.0,0.0,0.0,0.0,0.0,1.0,0.0,1.0,1.0,12
RIGHT,LEFT,False,0.5,strong,2.0,pure_duplication,2,single_trajectory_score_average,0.6668418635697176,0.010366780282620006,0.6602551256229239,0.6734286015165114,-9.25185853854297e-18,3.204937810639273e-17,-2.961506188514317e-17,1.1111344808057227e-17,0.0,0.0,0.0,0.0,0.0,0.0,0.0,0.0,1.0,0.0,1.0,1.0,12
RIGHT,LEFT,False,0.5,strong,2.0,pure_duplication,2,source_group_average,0.6668418635697176,0.010366780282620001,0.6602551256229239,0.6734286015165114,0.0,0.0,0.0,0.0,0.0,0.0,0.0,0.0,0.0,0.0,0.0,0.0,1.0,0.0,1.0,1.0,12
RIGHT,LEFT,False,0.5,strong,2.0,pure_duplication,4,exact_deduplication,0.6621974045151129,0.016238762025106816,0.6518797873645841,0.6725150216656417,-0.0028240712653327484,0.006993383101302407,-0.007267454899790637,0.001619312369125141,0.0,0.0,0.0,0.0,0.0,0.0,0.0,0.0,1.0,0.0,1.0,1.0,12
RIGHT,LEFT,False,0.5,strong,2.0,pure_duplication,4,explicit_belief_mixing,0.5834209317848588,0.0051833901413099875,0.5801275628114619,0.5867143007582556,0.0,0.0,0.0,0.0,0.0,0.0,0.0,0.0,0.0,0.0,0.0,0.0,1.0,0.0,1.0,1.0,12
RIGHT,LEFT,False,0.5,strong,2.0,pure_duplication,4,ordinary_flat_aggregation,0.99589828997623,0.0017405569695338192,0.9947923928387161,0.9970041871137438,0.1956906242276605,0.013386396629516687,0.18718531358668056,0.20419593486864046,0.0,0.0,0.0,0.0,0.0,0.0,0.0,0.0,1.0,0.0,1.0,1.0,12
RIGHT,LEFT,False,0.5,strong,2.0,pure_duplication,4,provenance_preserving,0.8002076657485694,0.01509259235263997,0.7906182900644637,0.8097970414326751,0.0,0.0,0.0,0.0,0.0,0.0,0.0,0.0,0.0,0.0,0.0,0.0,1.0,0.0,1.0,1.0,12
RIGHT,LEFT,False,0.5,strong,2.0,pure_duplication,4,semantic_group_deduplication,0.6621974045151129,0.016238762025106816,0.6518797873645841,0.6725150216656417,-0.0028240712653327484,0.006993383101302407,-0.007267454899790637,0.001619312369125141,0.0,0.0,0.0,0.0,0.0,0.0,0.0,0.0,1.0,0.0,1.0,1.0,12
RIGHT,LEFT,False,0.5,strong,2.0,pure_duplication,4,single_trajectory_score_average,0.6668418635697176,0.010366780282620001,0.6602551256229239,0.6734286015165114,0.0,0.0,0.0,0.0,0.0,0.0,0.0,0.0,0.0,0.0,0.0,0.0,1.0,0.0,1.0,1.0,12
RIGHT,LEFT,False,0.5,strong,2.0,pure_duplication,4,source_group_average,0.6668418635697176,0.010366780282620001,0.6602551256229239,0.6734286015165114,0.0,0.0,0.0,0.0,0.0,0.0,0.0,0.0,0.0,0.0,0.0,0.0,1.0,0.0,1.0,1.0,12
RIGHT,LEFT,False,0.5,strong,2.0,pure_duplication,8,exact_deduplication,0.6677722107791716,0.02218607843318262,0.6536758490619873,0.6818685724963559,0.002750734998725977,0.025258842109310526,-0.013297967614600647,0.018799437612052602,0.0,0.0,0.0,0.0,0.0,0.0,0.0,0.0,1.0,0.0,1.0,1.0,12
RIGHT,LEFT,False,0.5,strong,2.0,pure_duplication,8,explicit_belief_mixing,0.5834209317848588,0.0051833901413099875,0.5801275628114619,0.5867143007582556,0.0,0.0,0.0,0.0,0.0,0.0,0.0,0.0,0.0,0.0,0.0,0.0,1.0,0.0,1.0,1.0,12
RIGHT,LEFT,False,0.5,strong,2.0,pure_duplication,8,ordinary_flat_aggregation,0.9999801766688133,1.9519845197704346e-05,0.9999677743508734,0.9999925789867533,0.19977251092024406,0.015074497291791597,0.19019463228929187,0.20935038955119625,0.0,0.0,0.0,0.0,0.0,0.0,0.0,0.0,1.0,0.0,1.0,1.0,12
RIGHT,LEFT,False,0.5,strong,2.0,pure_duplication,8,provenance_preserving,0.8002076657485694,0.01509259235263997,0.7906182900644637,0.8097970414326751,0.0,0.0,0.0,0.0,0.0,0.0,0.0,0.0,0.0,0.0,0.0,0.0,1.0,0.0,1.0,1.0,12
RIGHT,LEFT,False,0.5,strong,2.0,pure_duplication,8,semantic_group_deduplication,0.6677722107791716,0.02218607843318262,0.6536758490619873,0.6818685724963559,0.002750734998725977,0.025258842109310526,-0.013297967614600647,0.018799437612052602,0.0,0.0,0.0,0.0,0.0,0.0,0.0,0.0,1.0,0.0,1.0,1.0,12
RIGHT,LEFT,False,0.5,strong,2.0,pure_duplication,8,single_trajectory_score_average,0.6668418635697176,0.010366780282620001,0.6602551256229239,0.6734286015165114,0.0,0.0,0.0,0.0,0.0,0.0,0.0,0.0,0.0,0.0,0.0,0.0,1.0,0.0,1.0,1.0,12
RIGHT,LEFT,False,0.5,strong,2.0,pure_duplication,8,source_group_average,0.6668418635697176,0.010366780282620001,0.6602551256229239,0.6734286015165114,0.0,0.0,0.0,0.0,0.0,0.0,0.0,0.0,0.0,0.0,0.0,0.0,1.0,0.0,1.0,1.0,12
RIGHT,LEFT,False,0.5,strong,2.0,pure_duplication,16,exact_deduplication,0.660854783244231,0.021539137433497408,0.647169468227738,0.6745400982607239,-0.004166692536214545,0.023120324463588776,-0.018856645861627885,0.010523260789198796,0.0,0.0,0.0,0.0,0.0,0.0,0.0,0.0,1.0,0.0,1.0,1.0,12
RIGHT,LEFT,False,0.5,strong,2.0,pure_duplication,16,explicit_belief_mixing,0.5834209317848588,0.0051833901413099875,0.5801275628114619,0.5867143007582556,0.0,0.0,0.0,0.0,0.0,0.0,0.0,0.0,0.0,0.0,0.0,0.0,1.0,0.0,1.0,1.0,12
RIGHT,LEFT,False,0.5,strong,2.0,pure_duplication,16,ordinary_flat_aggregation,0.9999999992576766,1.6492984386767658e-09,0.9999999982097624,1.0000000003055909,0.19979233350910705,0.015092591009814176,0.1902029586781922,0.2093817083400219,0.0,0.0,0.0,0.0,0.0,0.0,0.0,0.0,1.0,0.0,1.0,1.0,12
RIGHT,LEFT,False,0.5,strong,2.0,pure_duplication,16,provenance_preserving,0.8002076657485694,0.01509259235263997,0.7906182900644637,0.8097970414326751,0.0,0.0,0.0,0.0,0.0,0.0,0.0,0.0,0.0,0.0,0.0,0.0,1.0,0.0,1.0,1.0,12
RIGHT,LEFT,False,0.5,strong,2.0,pure_duplication,16,semantic_group_deduplication,0.660854783244231,0.021539137433497408,0.647169468227738,0.6745400982607239,-0.004166692536214545,0.023120324463588776,-0.018856645861627885,0.010523260789198796,0.0,0.0,0.0,0.0,0.0,0.0,0.0,0.0,1.0,0.0,1.0,1.0,12
RIGHT,LEFT,False,0.5,strong,2.0,pure_duplication,16,single_trajectory_score_average,0.6668418635697176,0.010366780282620001,0.6602551256229239,0.6734286015165114,0.0,0.0,0.0,0.0,0.0,0.0,0.0,0.0,0.0,0.0,0.0,0.0,1.0,0.0,1.0,1.0,12
RIGHT,LEFT,False,0.5,strong,2.0,pure_duplication,16,source_group_average,0.6668418635697176,0.010366780282620001,0.6602551256229239,0.6734286015165114,0.0,0.0,0.0,0.0,0.0,0.0,0.0,0.0,0.0,0.0,0.0,0.0,1.0,0.0,1.0,1.0,12
RIGHT,LEFT,False,0.5,weak,1.2,independent_rollout,1,exact_deduplication,0.9969207349803274,0.001395820126671379,0.9960338731828744,0.9978075967777804,0.0,0.0,0.0,0.0,0.0,0.0,0.0,0.0,0.0,0.0,0.0,0.0,1.0,0.0,1.0,1.0,12
RIGHT,LEFT,False,0.5,weak,1.2,independent_rollout,1,explicit_belief_mixing,0.5228976851120388,0.0019080680401484358,0.5216853565179641,0.5241100137061135,0.0,0.0,0.0,0.0,0.0,0.0,0.0,0.0,0.0,0.0,0.0,0.0,1.0,0.0,1.0,1.0,12
RIGHT,LEFT,False,0.5,weak,1.2,independent_rollout,1,ordinary_flat_aggregation,0.9969207349803274,0.001395820126671379,0.9960338731828744,0.9978075967777804,0.0,0.0,0.0,0.0,0.0,0.0,0.0,0.0,0.0,0.0,0.0,0.0,1.0,0.0,1.0,1.0,12
RIGHT,LEFT,False,0.5,weak,1.2,independent_rollout,1,provenance_preserving,0.9969207349803274,0.001395820126671379,0.9960338731828744,0.9978075967777804,0.0,0.0,0.0,0.0,0.0,0.0,0.0,0.0,0.0,0.0,0.0,0.0,1.0,0.0,1.0,1.0,12
RIGHT,LEFT,False,0.5,weak,1.2,independent_rollout,1,semantic_group_deduplication,0.5898170513845953,0.019527342133803985,0.5774099701186418,0.6022241326505487,0.0,0.0,0.0,0.0,0.0,0.0,0.0,0.0,0.0,0.0,0.0,0.0,1.0,0.0,1.0,1.0,12
RIGHT,LEFT,False,0.5,weak,1.2,independent_rollout,1,single_trajectory_score_average,0.5457953702240775,0.0038161360802968685,0.5433707130359281,0.548220027412227,0.0,0.0,0.0,0.0,0.0,0.0,0.0,0.0,0.0,0.0,0.0,0.0,1.0,0.0,1.0,1.0,12
RIGHT,LEFT,False,0.5,weak,1.2,independent_rollout,1,source_group_average,0.5457953702240775,0.0038161360802968685,0.5433707130359281,0.548220027412227,0.0,0.0,0.0,0.0,0.0,0.0,0.0,0.0,0.0,0.0,0.0,0.0,1.0,0.0,1.0,1.0,12
RIGHT,LEFT,False,0.5,weak,1.2,independent_rollout,2,exact_deduplication,0.9969207349803274,0.001395820126671379,0.9960338731828744,0.9978075967777804,0.0,0.0,0.0,0.0,0.0,0.0,0.0,0.0,0.0,0.0,0.0,0.0,1.0,0.0,1.0,1.0,12
RIGHT,LEFT,False,0.5,weak,1.2,independent_rollout,2,explicit_belief_mixing,0.5228976851120388,0.0019080680401484492,0.5216853565179641,0.5241100137061135,1.850371707708594e-17,6.409875621278547e-17,-2.222268961611446e-17,5.923012377028634e-17,0.0,0.0,0.0,0.0,0.0,0.0,0.0,0.0,1.0,0.0,1.0,1.0,12
RIGHT,LEFT,False,0.5,weak,1.2,independent_rollout,2,ordinary_flat_aggregation,0.9969207349803274,0.001395820126671379,0.9960338731828744,0.9978075967777804,0.0,0.0,0.0,0.0,0.0,0.0,0.0,0.0,0.0,0.0,0.0,0.0,1.0,0.0,1.0,1.0,12
RIGHT,LEFT,False,0.5,weak,1.2,independent_rollout,2,provenance_preserving,0.9969207349803274,0.001395820126671379,0.9960338731828744,0.9978075967777804,0.0,0.0,0.0,0.0,0.0,0.0,0.0,0.0,0.0,0.0,0.0,0.0,1.0,0.0,1.0,1.0,12
RIGHT,LEFT,False,0.5,weak,1.2,independent_rollout,2,semantic_group_deduplication,0.5827472883429052,0.030152600787623055,0.5635892398082676,0.6019053368775429,-0.00706976304169014,0.026739133340980204,-0.024058997832041015,0.009919471748660733,0.0,0.0,0.0,0.0,0.0,0.0,0.0,0.0,1.0,0.0,1.0,1.0,12
RIGHT,LEFT,False,0.5,weak,1.2,independent_rollout,2,single_trajectory_score_average,0.5457953702240778,0.003816136080296875,0.5433707130359283,0.5482200274122272,2.7755575615628914e-17,6.900941601584843e-17,-1.6090915461230733e-17,7.160206669248857e-17,0.0,0.0,0.0,0.0,0.0,0.0,0.0,0.0,1.0,0.0,1.0,1.0,12
RIGHT,LEFT,False,0.5,weak,1.2,independent_rollout,2,source_group_average,0.5457953702240778,0.003816136080296875,0.5433707130359283,0.5482200274122272,2.7755575615628914e-17,6.900941601584843e-17,-1.6090915461230733e-17,7.160206669248857e-17,0.0,0.0,0.0,0.0,0.0,0.0,0.0,0.0,1.0,0.0,1.0,1.0,12
RIGHT,LEFT,False,0.5,weak,1.2,independent_rollout,4,exact_deduplication,0.9969207349803274,0.001395820126671379,0.9960338731828744,0.9978075967777804,0.0,0.0,0.0,0.0,0.0,0.0,0.0,0.0,0.0,0.0,0.0,0.0,1.0,0.0,1.0,1.0,12
RIGHT,LEFT,False,0.5,weak,1.2,independent_rollout,4,explicit_belief_mixing,0.5228976851120388,0.0019080680401484381,0.5216853565179641,0.5241100137061135,9.25185853854297e-18,5.716856438735954e-17,-2.7071314341395202e-17,4.557503141848114e-17,0.0,0.0,0.0,0.0,0.0,0.0,0.0,0.0,1.0,0.0,1.0,1.0,12
RIGHT,LEFT,False,0.5,weak,1.2,independent_rollout,4,ordinary_flat_aggregation,0.9969207349803274,0.001395820126671379,0.9960338731828744,0.9978075967777804,0.0,0.0,0.0,0.0,0.0,0.0,0.0,0.0,0.0,0.0,0.0,0.0,1.0,0.0,1.0,1.0,12
RIGHT,LEFT,False,0.5,weak,1.2,independent_rollout,4,provenance_preserving,0.9969207349803274,0.001395820126671379,0.9960338731828744,0.9978075967777804,0.0,0.0,0.0,0.0,0.0,0.0,0.0,0.0,0.0,0.0,0.0,0.0,1.0,0.0,1.0,1.0,12
RIGHT,LEFT,False,0.5,weak,1.2,independent_rollout,4,semantic_group_deduplication,0.5870498746754316,0.022629734707626758,0.5726716272098714,0.6014281221409917,-0.0027671767091638397,0.022007047486750326,-0.016749787589890933,0.011215434171563253,0.0,0.0,0.0,0.0,0.0,0.0,0.0,0.0,1.0,0.0,1.0,1.0,12
RIGHT,LEFT,False,0.5,weak,1.2,independent_rollout,4,single_trajectory_score_average,0.5457953702240778,0.003816136080296871,0.5433707130359283,0.5482200274122272,1.850371707708594e-17,7.968520982673792e-17,-3.212584977540495e-17,6.913328392957683e-17,0.0,0.0,0.0,0.0,0.0,0.0,0.0,0.0,1.0,0.0,1.0,1.0,12
RIGHT,LEFT,False,0.5,weak,1.2,independent_rollout,4,source_group_average,0.5457953702240778,0.003816136080296871,0.5433707130359283,0.5482200274122272,1.850371707708594e-17,7.968520982673792e-17,-3.212584977540495e-17,6.913328392957683e-17,0.0,0.0,0.0,0.0,0.0,0.0,0.0,0.0,1.0,0.0,1.0,1.0,12
RIGHT,LEFT,False,0.5,weak,1.2,independent_rollout,8,exact_deduplication,0.9969207349803274,0.001395820126671379,0.9960338731828744,0.9978075967777804,0.0,0.0,0.0,0.0,0.0,0.0,0.0,0.0,0.0,0.0,0.0,0.0,1.0,0.0,1.0,1.0,12
RIGHT,LEFT,False,0.5,weak,1.2,independent_rollout,8,explicit_belief_mixing,0.5228976851120389,0.0019080680401484384,0.5216853565179642,0.5241100137061137,2.7755575615628914e-17,6.900941601584843e-17,-1.6090915461230733e-17,7.160206669248857e-17,0.0,0.0,0.0,0.0,0.0,0.0,0.0,0.0,1.0,0.0,1.0,1.0,12
RIGHT,LEFT,False,0.5,weak,1.2,independent_rollout,8,ordinary_flat_aggregation,0.9969207349803274,0.001395820126671379,0.9960338731828744,0.9978075967777804,0.0,0.0,0.0,0.0,0.0,0.0,0.0,0.0,0.0,0.0,0.0,0.0,1.0,0.0,1.0,1.0,12
RIGHT,LEFT,False,0.5,weak,1.2,independent_rollout,8,provenance_preserving,0.9969207349803274,0.001395820126671379,0.9960338731828744,0.9978075967777804,0.0,0.0,0.0,0.0,0.0,0.0,0.0,0.0,0.0,0.0,0.0,0.0,1.0,0.0,1.0,1.0,12
RIGHT,LEFT,False,0.5,weak,1.2,independent_rollout,8,semantic_group_deduplication,0.5992101279077019,0.017295493028421628,0.5882210959100044,0.6101991599053994,0.009393076523106447,0.026542923507995596,-0.0074714924870098,0.026257645533222695,0.0,0.0,0.0,0.0,0.0,0.0,0.0,0.0,1.0,0.0,1.0,1.0,12
RIGHT,LEFT,False,0.5,weak,1.2,independent_rollout,8,single_trajectory_score_average,0.5457953702240778,0.003816136080296889,0.5433707130359283,0.5482200274122272,2.7755575615628914e-17,8.368620923398064e-17,-2.541610497925185e-17,8.092725621050968e-17,0.0,0.0,0.0,0.0,0.0,0.0,0.0,0.0,1.0,0.0,1.0,1.0,12
RIGHT,LEFT,False,0.5,weak,1.2,independent_rollout,8,source_group_average,0.5457953702240778,0.003816136080296889,0.5433707130359283,0.5482200274122272,2.7755575615628914e-17,8.368620923398064e-17,-2.541610497925185e-17,8.092725621050968e-17,0.0,0.0,0.0,0.0,0.0,0.0,0.0,0.0,1.0,0.0,1.0,1.0,12
RIGHT,LEFT,False,0.5,weak,1.2,independent_rollout,16,exact_deduplication,0.9969207349803274,0.001395820126671379,0.9960338731828744,0.9978075967777804,0.0,0.0,0.0,0.0,0.0,0.0,0.0,0.0,0.0,0.0,0.0,0.0,1.0,0.0,1.0,1.0,12
RIGHT,LEFT,False,0.5,weak,1.2,independent_rollout,16,explicit_belief_mixing,0.5228976851120388,0.0019080680401484258,0.5216853565179641,0.5241100137061135,1.850371707708594e-17,4.321537262272485e-17,-8.95402071409183e-18,4.596145486826371e-17,0.0,0.0,0.0,0.0,0.0,0.0,0.0,0.0,1.0,0.0,1.0,1.0,12
RIGHT,LEFT,False,0.5,weak,1.2,independent_rollout,16,ordinary_flat_aggregation,0.9969207349803274,0.001395820126671379,0.9960338731828744,0.9978075967777804,0.0,0.0,0.0,0.0,0.0,0.0,0.0,0.0,0.0,0.0,0.0,0.0,1.0,0.0,1.0,1.0,12
RIGHT,LEFT,False,0.5,weak,1.2,independent_rollout,16,provenance_preserving,0.9969207349803274,0.001395820126671379,0.9960338731828744,0.9978075967777804,0.0,0.0,0.0,0.0,0.0,0.0,0.0,0.0,0.0,0.0,0.0,0.0,1.0,0.0,1.0,1.0,12
RIGHT,LEFT,False,0.5,weak,1.2,independent_rollout,16,semantic_group_deduplication,0.595388587597975,0.020567627614366705,0.5823205404715017,0.6084566347244482,0.005571536213379524,0.029900244348370502,-0.013426172689354365,0.024569245116113414,0.0,0.0,0.0,0.0,0.0,0.0,0.0,0.0,1.0,0.0,1.0,1.0,12
RIGHT,LEFT,False,0.5,weak,1.2,independent_rollout,16,single_trajectory_score_average,0.5457953702240778,0.0038161360802968516,0.5433707130359283,0.5482200274122272,3.700743415417188e-17,7.231314961041786e-17,-8.938149103693081e-18,8.295301741203685e-17,0.0,0.0,0.0,0.0,0.0,0.0,0.0,0.0,1.0,0.0,1.0,1.0,12
RIGHT,LEFT,False,0.5,weak,1.2,independent_rollout,16,source_group_average,0.5457953702240778,0.0038161360802968516,0.5433707130359283,0.5482200274122272,3.700743415417188e-17,7.231314961041786e-17,-8.938149103693081e-18,8.295301741203685e-17,0.0,0.0,0.0,0.0,0.0,0.0,0.0,0.0,1.0,0.0,1.0,1.0,12
RIGHT,LEFT,False,0.5,weak,1.2,pure_duplication,1,exact_deduplication,0.5413007153366971,0.024700219628453708,0.5256069445143683,0.5569944861590259,0.0,0.0,0.0,0.0,0.0,0.0,0.0,0.0,0.0,0.0,0.0,0.0,1.0,0.0,1.0,1.0,12
RIGHT,LEFT,False,0.5,weak,1.2,pure_duplication,1,explicit_belief_mixing,0.5247903906099167,0.006635054679737334,0.5205746779926304,0.5290061032272031,0.0,0.0,0.0,0.0,0.0,0.0,0.0,0.0,0.0,0.0,0.0,0.0,1.0,0.0,1.0,1.0,12
RIGHT,LEFT,False,0.5,weak,1.2,pure_duplication,1,ordinary_flat_aggregation,0.5981367838928562,0.025722009127447907,0.5817937989960338,0.6144797687896786,0.0,0.0,0.0,0.0,0.0,0.0,0.0,0.0,0.0,0.0,0.0,0.0,1.0,0.0,1.0,1.0,12
RIGHT,LEFT,False,0.5,weak,1.2,pure_duplication,1,provenance_preserving,0.5981367838928562,0.025722009127447907,0.5817937989960338,0.6144797687896786,0.0,0.0,0.0,0.0,0.0,0.0,0.0,0.0,0.0,0.0,0.0,0.0,1.0,0.0,1.0,1.0,12
RIGHT,LEFT,False,0.5,weak,1.2,pure_duplication,1,semantic_group_deduplication,0.5413007153366971,0.024700219628453708,0.5256069445143683,0.5569944861590259,0.0,0.0,0.0,0.0,0.0,0.0,0.0,0.0,0.0,0.0,0.0,0.0,1.0,0.0,1.0,1.0,12
RIGHT,LEFT,False,0.5,weak,1.2,pure_duplication,1,single_trajectory_score_average,0.5495807812198333,0.013270109359474692,0.5411493559852605,0.5580122064544062,0.0,0.0,0.0,0.0,0.0,0.0,0.0,0.0,0.0,0.0,0.0,0.0,1.0,0.0,1.0,1.0,12
RIGHT,LEFT,False,0.5,weak,1.2,pure_duplication,1,source_group_average,0.5495807812198333,0.013270109359474692,0.5411493559852605,0.5580122064544062,0.0,0.0,0.0,0.0,0.0,0.0,0.0,0.0,0.0,0.0,0.0,0.0,1.0,0.0,1.0,1.0,12
RIGHT,LEFT,False,0.5,weak,1.2,pure_duplication,2,exact_deduplication,0.5486496535571043,0.020729185630267447,0.5354789573645824,0.5618203497496261,0.007348938220407025,0.01937993282586892,-0.004964483639654111,0.019662360080468164,0.0,0.0,0.0,0.0,0.0,0.0,0.0,0.0,1.0,0.0,1.0,1.0,12
RIGHT,LEFT,False,0.5,weak,1.2,pure_duplication,2,explicit_belief_mixing,0.5247903906099167,0.006635054679737334,0.5205746779926304,0.5290061032272031,0.0,0.0,0.0,0.0,0.0,0.0,0.0,0.0,0.0,0.0,0.0,0.0,1.0,0.0,1.0,1.0,12
RIGHT,LEFT,False,0.5,weak,1.2,pure_duplication,2,ordinary_flat_aggregation,0.6877471875800767,0.04563054284230811,0.658754923841632,0.7167394513185213,0.08961040368722044,0.01995661040571046,0.07693057837356479,0.10229022900087609,0.0,0.0,0.0,0.0,0.0,0.0,0.0,0.0,1.0,0.0,1.0,1.0,12
RIGHT,LEFT,False,0.5,weak,1.2,pure_duplication,2,provenance_preserving,0.5981367838928562,0.025722009127447907,0.5817937989960338,0.6144797687896786,0.0,0.0,0.0,0.0,0.0,0.0,0.0,0.0,0.0,0.0,0.0,0.0,1.0,0.0,1.0,1.0,12
RIGHT,LEFT,False,0.5,weak,1.2,pure_duplication,2,semantic_group_deduplication,0.5486496535571043,0.020729185630267447,0.5354789573645824,0.5618203497496261,0.007348938220407025,0.01937993282586892,-0.004964483639654111,0.019662360080468164,0.0,0.0,0.0,0.0,0.0,0.0,0.0,0.0,1.0,0.0,1.0,1.0,12
RIGHT,LEFT,False,0.5,weak,1.2,pure_duplication,2,single_trajectory_score_average,0.5495807812198333,0.013270109359474692,0.5411493559852605,0.5580122064544062,-9.25185853854297e-18,3.204937810639273e-17,-2.961506188514317e-17,1.1111344808057227e-17,0.0,0.0,0.0,0.0,0.0,0.0,0.0,0.0,1.0,0.0,1.0,1.0,12
RIGHT,LEFT,False,0.5,weak,1.2,pure_duplication,2,source_group_average,0.5495807812198333,0.013270109359474692,0.5411493559852605,0.5580122064544062,0.0,0.0,0.0,0.0,0.0,0.0,0.0,0.0,0.0,0.0,0.0,0.0,1.0,0.0,1.0,1.0,12
RIGHT,LEFT,False,0.5,weak,1.2,pure_duplication,4,exact_deduplication,0.5444866529396828,0.02241177874518365,0.530246888085832,0.5587264177935336,0.003185937602985661,0.028627881846233,-0.015003350734593898,0.02137522594056522,0.0,0.0,0.0,0.0,0.0,0.0,0.0,0.0,1.0,0.0,1.0,1.0,12
RIGHT,LEFT,False,0.5,weak,1.2,pure_duplication,4,explicit_belief_mixing,0.5247903906099167,0.006635054679737334,0.5205746779926304,0.5290061032272031,0.0,0.0,0.0,0.0,0.0,0.0,0.0,0.0,0.0,0.0,0.0,0.0,1.0,0.0,1.0,1.0,12
RIGHT,LEFT,False,0.5,weak,1.2,pure_duplication,4,ordinary_flat_aggregation,0.8237213743808631,0.061425526261845435,0.7846934569657544,0.8627492917959718,0.2255845904880068,0.03636976045860623,0.2024763471571319,0.24869283381888171,0.0,0.0,0.0,0.0,0.0,0.0,0.0,0.0,1.0,0.0,1.0,1.0,12
RIGHT,LEFT,False,0.5,weak,1.2,pure_duplication,4,provenance_preserving,0.5981367838928562,0.025722009127447907,0.5817937989960338,0.6144797687896786,0.0,0.0,0.0,0.0,0.0,0.0,0.0,0.0,0.0,0.0,0.0,0.0,1.0,0.0,1.0,1.0,12
RIGHT,LEFT,False,0.5,weak,1.2,pure_duplication,4,semantic_group_deduplication,0.5444866529396828,0.02241177874518365,0.530246888085832,0.5587264177935336,0.003185937602985661,0.028627881846233,-0.015003350734593898,0.02137522594056522,0.0,0.0,0.0,0.0,0.0,0.0,0.0,0.0,1.0,0.0,1.0,1.0,12
RIGHT,LEFT,False,0.5,weak,1.2,pure_duplication,4,single_trajectory_score_average,0.5495807812198333,0.013270109359474692,0.5411493559852605,0.5580122064544062,0.0,0.0,0.0,0.0,0.0,0.0,0.0,0.0,0.0,0.0,0.0,0.0,1.0,0.0,1.0,1.0,12
RIGHT,LEFT,False,0.5,weak,1.2,pure_duplication,4,source_group_average,0.5495807812198333,0.013270109359474692,0.5411493559852605,0.5580122064544062,0.0,0.0,0.0,0.0,0.0,0.0,0.0,0.0,0.0,0.0,0.0,0.0,1.0,0.0,1.0,1.0,12
RIGHT,LEFT,False,0.5,weak,1.2,pure_duplication,8,exact_deduplication,0.5477941409086751,0.019773901004583982,0.5352304036100856,0.5603578782072646,0.006493425571977907,0.029527049547098012,-0.012267166666558062,0.025254017810513875,0.0,0.0,0.0,0.0,0.0,0.0,0.0,0.0,1.0,0.0,1.0,1.0,12
RIGHT,LEFT,False,0.5,weak,1.2,pure_duplication,8,explicit_belief_mixing,0.5247903906099167,0.006635054679737334,0.5205746779926304,0.5290061032272031,0.0,0.0,0.0,0.0,0.0,0.0,0.0,0.0,0.0,0.0,0.0,0.0,1.0,0.0,1.0,1.0,12
RIGHT,LEFT,False,0.5,weak,1.2,pure_duplication,8,ordinary_flat_aggregation,0.9478458193104341,0.04590934312018784,0.9186764143266053,0.9770152242942629,0.3497090354175778,0.025788939848017348,0.33332352476975435,0.36609454606540126,0.0,0.0,0.0,0.0,0.0,0.0,0.0,0.0,1.0,0.0,1.0,1.0,12
RIGHT,LEFT,False,0.5,weak,1.2,pure_duplication,8,provenance_preserving,0.5981367838928562,0.025722009127447907,0.5817937989960338,0.6144797687896786,0.0,0.0,0.0,0.0,0.0,0.0,0.0,0.0,0.0,0.0,0.0,0.0,1.0,0.0,1.0,1.0,12
RIGHT,LEFT,False,0.5,weak,1.2,pure_duplication,8,semantic_group_deduplication,0.5477941409086751,0.019773901004583982,0.5352304036100856,0.5603578782072646,0.006493425571977907,0.029527049547098012,-0.012267166666558062,0.025254017810513875,0.0,0.0,0.0,0.0,0.0,0.0,0.0,0.0,1.0,0.0,1.0,1.0,12
RIGHT,LEFT,False,0.5,weak,1.2,pure_duplication,8,single_trajectory_score_average,0.5495807812198333,0.013270109359474692,0.5411493559852605,0.5580122064544062,0.0,0.0,0.0,0.0,0.0,0.0,0.0,0.0,0.0,0.0,0.0,0.0,1.0,0.0,1.0,1.0,12
RIGHT,LEFT,False,0.5,weak,1.2,pure_duplication,8,source_group_average,0.5495807812198333,0.013270109359474692,0.5411493559852605,0.5580122064544062,0.0,0.0,0.0,0.0,0.0,0.0,0.0,0.0,0.0,0.0,0.0,0.0,1.0,0.0,1.0,1.0,12
RIGHT,LEFT,False,0.5,weak,1.2,pure_duplication,16,exact_deduplication,0.5416618825615958,0.02164936239549934,0.5279065339454596,0.5554172311777319,0.0003611672248985398,0.014438191035847148,-0.008812421699167707,0.009534756148964787,0.0,0.0,0.0,0.0,0.0,0.0,0.0,0.0,1.0,0.0,1.0,1.0,12
RIGHT,LEFT,False,0.5,weak,1.2,pure_duplication,16,explicit_belief_mixing,0.5247903906099167,0.006635054679737334,0.5205746779926304,0.5290061032272031,-9.25185853854297e-18,3.204937810639273e-17,-2.961506188514317e-17,1.1111344808057227e-17,0.0,0.0,0.0,0.0,0.0,0.0,0.0,0.0,1.0,0.0,1.0,1.0,12
RIGHT,LEFT,False,0.5,weak,1.2,pure_duplication,16,ordinary_flat_aggregation,0.9939274938595125,0.013360238149557705,0.9854388035237651,1.00241618419526,0.3957907099666562,0.018565876021152585,0.38399451512407706,0.4075869048092354,0.0,0.0,0.0,0.0,0.0,0.0,0.0,0.0,1.0,0.0,1.0,1.0,12
RIGHT,LEFT,False,0.5,weak,1.2,pure_duplication,16,provenance_preserving,0.5981367838928562,0.025722009127447907,0.5817937989960338,0.6144797687896786,0.0,0.0,0.0,0.0,0.0,0.0,0.0,0.0,0.0,0.0,0.0,0.0,1.0,0.0,1.0,1.0,12
RIGHT,LEFT,False,0.5,weak,1.2,pure_duplication,16,semantic_group_deduplication,0.5416618825615958,0.02164936239549934,0.5279065339454596,0.5554172311777319,0.0003611672248985398,0.014438191035847148,-0.008812421699167707,0.009534756148964787,0.0,0.0,0.0,0.0,0.0,0.0,0.0,0.0,1.0,0.0,1.0,1.0,12
RIGHT,LEFT,False,0.5,weak,1.2,pure_duplication,16,single_trajectory_score_average,0.5495807812198333,0.013270109359474693,0.5411493559852605,0.5580122064544062,-9.25185853854297e-18,3.204937810639273e-17,-2.961506188514317e-17,1.1111344808057227e-17,0.0,0.0,0.0,0.0,0.0,0.0,0.0,0.0,1.0,0.0,1.0,1.0,12
RIGHT,LEFT,False,0.5,weak,1.2,pure_duplication,16,source_group_average,0.5495807812198333,0.013270109359474692,0.5411493559852605,0.5580122064544062,0.0,0.0,0.0,0.0,0.0,0.0,0.0,0.0,0.0,0.0,0.0,0.0,1.0,0.0,1.0,1.0,12
RIGHT,LEFT,False,0.8,medium,1.5,independent_rollout,1,exact_deduplication,0.9999993690783288,2.2538316108139847e-07,0.9999992258767002,0.9999995122799573,0.0,0.0,0.0,0.0,0.0,0.0,0.0,0.0,0.0,0.0,0.0,0.0,1.0,0.0,1.0,1.0,12
RIGHT,LEFT,False,0.8,medium,1.5,independent_rollout,1,explicit_belief_mixing,0.828428584113312,0.000757594229558191,0.8279472317045541,0.8289099365220699,0.0,0.0,0.0,0.0,0.0,0.0,0.0,0.0,0.0,0.0,0.0,0.0,1.0,0.0,1.0,1.0,12
RIGHT,LEFT,False,0.8,medium,1.5,independent_rollout,1,ordinary_flat_aggregation,0.9999993690783288,2.2538316108139847e-07,0.9999992258767002,0.9999995122799573,0.0,0.0,0.0,0.0,0.0,0.0,0.0,0.0,0.0,0.0,0.0,0.0,1.0,0.0,1.0,1.0,12
RIGHT,LEFT,False,0.8,medium,1.5,independent_rollout,1,provenance_preserving,0.9999993690783288,2.2538316108139847e-07,0.9999992258767002,0.9999995122799573,0.0,0.0,0.0,0.0,0.0,0.0,0.0,0.0,0.0,0.0,0.0,0.0,1.0,0.0,1.0,1.0,12
RIGHT,LEFT,False,0.8,medium,1.5,independent_rollout,1,semantic_group_deduplication,0.898980317126436,0.012398697197471028,0.8911025607647716,0.9068580734881004,0.0,0.0,0.0,0.0,0.0,0.0,0.0,0.0,0.0,0.0,0.0,0.0,1.0,0.0,1.0,1.0,12
RIGHT,LEFT,False,0.8,medium,1.5,independent_rollout,1,single_trajectory_score_average,0.856857168226624,0.00151518845911639,0.8558944634091082,0.8578198730441399,0.0,0.0,0.0,0.0,0.0,0.0,0.0,0.0,0.0,0.0,0.0,0.0,1.0,0.0,1.0,1.0,12
RIGHT,LEFT,False,0.8,medium,1.5,independent_rollout,1,source_group_average,0.856857168226624,0.00151518845911639,0.8558944634091082,0.8578198730441399,0.0,0.0,0.0,0.0,0.0,0.0,0.0,0.0,0.0,0.0,0.0,0.0,1.0,0.0,1.0,1.0,12
RIGHT,LEFT,False,0.8,medium,1.5,independent_rollout,2,exact_deduplication,0.9999993690783288,2.2538316108139847e-07,0.9999992258767002,0.9999995122799573,0.0,0.0,0.0,0.0,0.0,0.0,0.0,0.0,0.0,0.0,0.0,0.0,1.0,0.0,1.0,1.0,12
RIGHT,LEFT,False,0.8,medium,1.5,independent_rollout,2,explicit_belief_mixing,0.828428584113312,0.0007575942295581945,0.8279472317045541,0.8289099365220699,0.0,4.734006883291518e-17,-3.007844473258028e-17,3.007844473258028e-17,0.0,0.0,0.0,0.0,0.0,0.0,0.0,0.0,1.0,0.0,1.0,1.0,12
RIGHT,LEFT,False,0.8,medium,1.5,independent_rollout,2,ordinary_flat_aggregation,0.9999993690783288,2.2538316108139847e-07,0.9999992258767002,0.9999995122799573,0.0,0.0,0.0,0.0,0.0,0.0,0.0,0.0,0.0,0.0,0.0,0.0,1.0,0.0,1.0,1.0,12
RIGHT,LEFT,False,0.8,medium,1.5,independent_rollout,2,provenance_preserving,0.9999993690783288,2.2538316108139847e-07,0.9999992258767002,0.9999995122799573,0.0,0.0,0.0,0.0,0.0,0.0,0.0,0.0,0.0,0.0,0.0,0.0,1.0,0.0,1.0,1.0,12
RIGHT,LEFT,False,0.8,medium,1.5,independent_rollout,2,semantic_group_deduplication,0.9000021256159756,0.013173666446260071,0.8916319772850172,0.908372273946934,0.0010218084895396624,0.015201139221241286,-0.008636534584529936,0.010680151563609262,0.0,0.0,0.0,0.0,0.0,0.0,0.0,0.0,1.0,0.0,1.0,1.0,12
RIGHT,LEFT,False,0.8,medium,1.5,independent_rollout,2,single_trajectory_score_average,0.856857168226624,0.0015151884591164046,0.8558944634091082,0.8578198730441399,-9.25185853854297e-18,5.716856438735954e-17,-4.557503141848114e-17,2.7071314341395202e-17,0.0,0.0,0.0,0.0,0.0,0.0,0.0,0.0,1.0,0.0,1.0,1.0,12
RIGHT,LEFT,False,0.8,medium,1.5,independent_rollout,2,source_group_average,0.856857168226624,0.0015151884591164046,0.8558944634091082,0.8578198730441399,-9.25185853854297e-18,5.716856438735954e-17,-4.557503141848114e-17,2.7071314341395202e-17,0.0,0.0,0.0,0.0,0.0,0.0,0.0,0.0,1.0,0.0,1.0,1.0,12
RIGHT,LEFT,False,0.8,medium,1.5,independent_rollout,4,exact_deduplication,0.9999993690783288,2.2538316108139847e-07,0.9999992258767002,0.9999995122799573,0.0,0.0,0.0,0.0,0.0,0.0,0.0,0.0,0.0,0.0,0.0,0.0,1.0,0.0,1.0,1.0,12
RIGHT,LEFT,False,0.8,medium,1.5,independent_rollout,4,explicit_belief_mixing,0.828428584113312,0.000757594229558191,0.8279472317045541,0.8289099365220699,0.0,0.0,0.0,0.0,0.0,0.0,0.0,0.0,0.0,0.0,0.0,0.0,1.0,0.0,1.0,1.0,12
RIGHT,LEFT,False,0.8,medium,1.5,independent_rollout,4,ordinary_flat_aggregation,0.9999993690783288,2.2538316108139847e-07,0.9999992258767002,0.9999995122799573,0.0,0.0,0.0,0.0,0.0,0.0,0.0,0.0,0.0,0.0,0.0,0.0,1.0,0.0,1.0,1.0,12
RIGHT,LEFT,False,0.8,medium,1.5,independent_rollout,4,provenance_preserving,0.9999993690783288,2.2538316108139847e-07,0.9999992258767002,0.9999995122799573,0.0,0.0,0.0,0.0,0.0,0.0,0.0,0.0,0.0,0.0,0.0,0.0,1.0,0.0,1.0,1.0,12
RIGHT,LEFT,False,0.8,medium,1.5,independent_rollout,4,semantic_group_deduplication,0.9043060149613235,0.0070864208522068125,0.8998035179601634,0.9088085119624835,0.005325697834887483,0.01270979362996251,-0.0027497197698187533,0.013401115439593719,0.0,0.0,0.0,0.0,0.0,0.0,0.0,0.0,1.0,0.0,1.0,1.0,12
RIGHT,LEFT,False,0.8,medium,1.5,independent_rollout,4,single_trajectory_score_average,0.856857168226624,0.0015151884591163955,0.8558944634091082,0.8578198730441399,-9.25185853854297e-18,3.204937810639273e-17,-2.961506188514317e-17,1.1111344808057227e-17,0.0,0.0,0.0,0.0,0.0,0.0,0.0,0.0,1.0,0.0,1.0,1.0,12
RIGHT,LEFT,False,0.8,medium,1.5,independent_rollout,4,source_group_average,0.856857168226624,0.0015151884591163955,0.8558944634091082,0.8578198730441399,-9.25185853854297e-18,3.204937810639273e-17,-2.961506188514317e-17,1.1111344808057227e-17,0.0,0.0,0.0,0.0,0.0,0.0,0.0,0.0,1.0,0.0,1.0,1.0,12
RIGHT,LEFT,False,0.8,medium,1.5,independent_rollout,8,exact_deduplication,0.9999993690783288,2.2538316108139847e-07,0.9999992258767002,0.9999995122799573,0.0,0.0,0.0,0.0,0.0,0.0,0.0,0.0,0.0,0.0,0.0,0.0,1.0,0.0,1.0,1.0,12
RIGHT,LEFT,False,0.8,medium,1.5,independent_rollout,8,explicit_belief_mixing,0.828428584113312,0.0007575942295581908,0.8279472317045541,0.8289099365220699,-9.25185853854297e-18,3.204937810639273e-17,-2.961506188514317e-17,1.1111344808057227e-17,0.0,0.0,0.0,0.0,0.0,0.0,0.0,0.0,1.0,0.0,1.0,1.0,12
RIGHT,LEFT,False,0.8,medium,1.5,independent_rollout,8,ordinary_flat_aggregation,0.9999993690783288,2.2538316108139847e-07,0.9999992258767002,0.9999995122799573,0.0,0.0,0.0,0.0,0.0,0.0,0.0,0.0,0.0,0.0,0.0,0.0,1.0,0.0,1.0,1.0,12
RIGHT,LEFT,False,0.8,medium,1.5,independent_rollout,8,provenance_preserving,0.9999993690783288,2.2538316108139847e-07,0.9999992258767002,0.9999995122799573,0.0,0.0,0.0,0.0,0.0,0.0,0.0,0.0,0.0,0.0,0.0,0.0,1.0,0.0,1.0,1.0,12
RIGHT,LEFT,False,0.8,medium,1.5,independent_rollout,8,semantic_group_deduplication,0.9022570628755352,0.006931593881187202,0.8978529382385423,0.9066611875125281,0.003276745749099391,0.012540686681484219,-0.0046912264266267545,0.011244717924825537,0.0,0.0,0.0,0.0,0.0,0.0,0.0,0.0,1.0,0.0,1.0,1.0,12
RIGHT,LEFT,False,0.8,medium,1.5,independent_rollout,8,single_trajectory_score_average,0.856857168226624,0.001515188459116401,0.8558944634091082,0.8578198730441399,0.0,4.734006883291518e-17,-3.007844473258028e-17,3.007844473258028e-17,0.0,0.0,0.0,0.0,0.0,0.0,0.0,0.0,1.0,0.0,1.0,1.0,12
RIGHT,LEFT,False,0.8,medium,1.5,independent_rollout,8,source_group_average,0.856857168226624,0.001515188459116401,0.8558944634091082,0.8578198730441399,0.0,4.734006883291518e-17,-3.007844473258028e-17,3.007844473258028e-17,0.0,0.0,0.0,0.0,0.0,0.0,0.0,0.0,1.0,0.0,1.0,1.0,12
RIGHT,LEFT,False,0.8,medium,1.5,independent_rollout,16,exact_deduplication,0.9999993690783288,2.2538316108139847e-07,0.9999992258767002,0.9999995122799573,0.0,0.0,0.0,0.0,0.0,0.0,0.0,0.0,0.0,0.0,0.0,0.0,1.0,0.0,1.0,1.0,12
RIGHT,LEFT,False,0.8,medium,1.5,independent_rollout,16,explicit_belief_mixing,0.828428584113312,0.0007575942295581908,0.8279472317045541,0.8289099365220699,-9.25185853854297e-18,3.204937810639273e-17,-2.961506188514317e-17,1.1111344808057227e-17,0.0,0.0,0.0,0.0,0.0,0.0,0.0,0.0,1.0,0.0,1.0,1.0,12
RIGHT,LEFT,False,0.8,medium,1.5,independent_rollout,16,ordinary_flat_aggregation,0.9999993690783288,2.2538316108139847e-07,0.9999992258767002,0.9999995122799573,0.0,0.0,0.0,0.0,0.0,0.0,0.0,0.0,0.0,0.0,0.0,0.0,1.0,0.0,1.0,1.0,12
RIGHT,LEFT,False,0.8,medium,1.5,independent_rollout,16,provenance_preserving,0.9999993690783288,2.2538316108139847e-07,0.9999992258767002,0.9999995122799573,0.0,0.0,0.0,0.0,0.0,0.0,0.0,0.0,0.0,0.0,0.0,0.0,1.0,0.0,1.0,1.0,12
RIGHT,LEFT,False,0.8,medium,1.5,independent_rollout,16,semantic_group_deduplication,0.8973512469801334,0.006187362115418645,0.8934199846474584,0.9012825093128083,-0.0016290701463024804,0.013928630362666299,-0.010478899664773821,0.00722075937216886,0.0,0.0,0.0,0.0,0.0,0.0,0.0,0.0,1.0,0.0,1.0,1.0,12
RIGHT,LEFT,False,0.8,medium,1.5,independent_rollout,16,single_trajectory_score_average,0.856857168226624,0.001515188459116401,0.8558944634091082,0.8578198730441399,-1.850371707708594e-17,4.321537262272485e-17,-4.596145486826371e-17,8.95402071409183e-18,0.0,0.0,0.0,0.0,0.0,0.0,0.0,0.0,1.0,0.0,1.0,1.0,12
RIGHT,LEFT,False,0.8,medium,1.5,independent_rollout,16,source_group_average,0.856857168226624,0.001515188459116401,0.8558944634091082,0.8578198730441399,-1.850371707708594e-17,4.321537262272485e-17,-4.596145486826371e-17,8.95402071409183e-18,0.0,0.0,0.0,0.0,0.0,0.0,0.0,0.0,1.0,0.0,1.0,1.0,12
RIGHT,LEFT,False,0.8,medium,1.5,pure_duplication,1,exact_deduplication,0.8579728877423795,0.007284961791166502,0.8533442438469103,0.8626015316378486,0.0,0.0,0.0,0.0,0.0,0.0,0.0,0.0,0.0,0.0,0.0,0.0,1.0,0.0,1.0,1.0,12
RIGHT,LEFT,False,0.8,medium,1.5,pure_duplication,1,explicit_belief_mixing,0.8284280301725344,0.0029812599619906035,0.8265338279626331,0.8303222323824357,0.0,0.0,0.0,0.0,0.0,0.0,0.0,0.0,0.0,0.0,0.0,0.0,1.0,0.0,1.0,1.0,12
RIGHT,LEFT,False,0.8,medium,1.5,pure_duplication,1,ordinary_flat_aggregation,0.8996225087160584,0.008764600563990515,0.8940537471961378,0.905191270235979,0.0,0.0,0.0,0.0,0.0,0.0,0.0,0.0,0.0,0.0,0.0,0.0,1.0,0.0,1.0,1.0,12
RIGHT,LEFT,False,0.8,medium,1.5,pure_duplication,1,provenance_preserving,0.8996225087160584,0.008764600563990515,0.8940537471961378,0.905191270235979,0.0,0.0,0.0,0.0,0.0,0.0,0.0,0.0,0.0,0.0,0.0,0.0,1.0,0.0,1.0,1.0,12
RIGHT,LEFT,False,0.8,medium,1.5,pure_duplication,1,semantic_group_deduplication,0.8579728877423795,0.007284961791166502,0.8533442438469103,0.8626015316378486,0.0,0.0,0.0,0.0,0.0,0.0,0.0,0.0,0.0,0.0,0.0,0.0,1.0,0.0,1.0,1.0,12
RIGHT,LEFT,False,0.8,medium,1.5,pure_duplication,1,single_trajectory_score_average,0.8568560603450689,0.005962519923981251,0.8530676559252662,0.8606444647648716,0.0,0.0,0.0,0.0,0.0,0.0,0.0,0.0,0.0,0.0,0.0,0.0,1.0,0.0,1.0,1.0,12
RIGHT,LEFT,False,0.8,medium,1.5,pure_duplication,1,source_group_average,0.8568560603450689,0.005962519923981251,0.8530676559252662,0.8606444647648716,0.0,0.0,0.0,0.0,0.0,0.0,0.0,0.0,0.0,0.0,0.0,0.0,1.0,0.0,1.0,1.0,12
RIGHT,LEFT,False,0.8,medium,1.5,pure_duplication,2,exact_deduplication,0.8565345475799924,0.00776086606127307,0.8516035285372263,0.8614655666227584,-0.001438340162387151,0.009497574429084228,-0.007472811057793876,0.004596130733019573,0.0,0.0,0.0,0.0,0.0,0.0,0.0,0.0,1.0,0.0,1.0,1.0,12
RIGHT,LEFT,False,0.8,medium,1.5,pure_duplication,2,explicit_belief_mixing,0.8284280301725344,0.0029812599619906035,0.8265338279626331,0.8303222323824357,0.0,0.0,0.0,0.0,0.0,0.0,0.0,0.0,0.0,0.0,0.0,0.0,1.0,0.0,1.0,1.0,12
RIGHT,LEFT,False,0.8,medium,1.5,pure_duplication,2,ordinary_flat_aggregation,0.9521698432838589,0.008992413407988542,0.9464563363884774,0.9578833501792404,0.052547334567800606,0.0004486222644592461,0.05226229357990157,0.05283237555569964,0.0,0.0,0.0,0.0,0.0,0.0,0.0,0.0,1.0,0.0,1.0,1.0,12
RIGHT,LEFT,False,0.8,medium,1.5,pure_duplication,2,provenance_preserving,0.8996225087160584,0.008764600563990515,0.8940537471961378,0.905191270235979,0.0,0.0,0.0,0.0,0.0,0.0,0.0,0.0,0.0,0.0,0.0,0.0,1.0,0.0,1.0,1.0,12
RIGHT,LEFT,False,0.8,medium,1.5,pure_duplication,2,semantic_group_deduplication,0.8565345475799924,0.00776086606127307,0.8516035285372263,0.8614655666227584,-0.001438340162387151,0.009497574429084228,-0.007472811057793876,0.004596130733019573,0.0,0.0,0.0,0.0,0.0,0.0,0.0,0.0,1.0,0.0,1.0,1.0,12
RIGHT,LEFT,False,0.8,medium,1.5,pure_duplication,2,single_trajectory_score_average,0.8568560603450687,0.0059625199239812295,0.853067655925266,0.8606444647648713,-1.850371707708594e-17,4.321537262272485e-17,-4.596145486826371e-17,8.95402071409183e-18,0.0,0.0,0.0,0.0,0.0,0.0,0.0,0.0,1.0,0.0,1.0,1.0,12
RIGHT,LEFT,False,0.8,medium,1.5,pure_duplication,2,source_group_average,0.8568560603450689,0.005962519923981251,0.8530676559252662,0.8606444647648716,0.0,0.0,0.0,0.0,0.0,0.0,0.0,0.0,0.0,0.0,0.0,0.0,1.0,0.0,1.0,1.0,12
RIGHT,LEFT,False,0.8,medium,1.5,pure_duplication,4,exact_deduplication,0.8553864279275318,0.011910154479789511,0.8478190767996484,0.8629537790554153,-0.0025864598148476747,0.012028985652568217,-0.010229312667824692,0.005056393038129344,0.0,0.0,0.0,0.0,0.0,0.0,0.0,0.0,1.0,0.0,1.0,1.0,12
RIGHT,LEFT,False,0.8,medium,1.5,pure_duplication,4,explicit_belief_mixing,0.8284280301725344,0.0029812599619906035,0.8265338279626331,0.8303222323824357,0.0,0.0,0.0,0.0,0.0,0.0,0.0,0.0,0.0,0.0,0.0,0.0,1.0,0.0,1.0,1.0,12
RIGHT,LEFT,False,0.8,medium,1.5,pure_duplication,4,ordinary_flat_aggregation,0.9896320764113989,0.004181304206616916,0.9869754024650065,0.9922887503577914,0.09000956769534062,0.00465343762009592,0.08705291448964764,0.0929662209010336,0.0,0.0,0.0,0.0,0.0,0.0,0.0,0.0,1.0,0.0,1.0,1.0,12
RIGHT,LEFT,False,0.8,medium,1.5,pure_duplication,4,provenance_preserving,0.8996225087160584,0.008764600563990515,0.8940537471961378,0.905191270235979,0.0,0.0,0.0,0.0,0.0,0.0,0.0,0.0,0.0,0.0,0.0,0.0,1.0,0.0,1.0,1.0,12
RIGHT,LEFT,False,0.8,medium,1.5,pure_duplication,4,semantic_group_deduplication,0.8553864279275318,0.011910154479789511,0.8478190767996484,0.8629537790554153,-0.0025864598148476747,0.012028985652568217,-0.010229312667824692,0.005056393038129344,0.0,0.0,0.0,0.0,0.0,0.0,0.0,0.0,1.0,0.0,1.0,1.0,12
RIGHT,LEFT,False,0.8,medium,1.5,pure_duplication,4,single_trajectory_score_average,0.8568560603450689,0.005962519923981251,0.8530676559252662,0.8606444647648716,0.0,0.0,0.0,0.0,0.0,0.0,0.0,0.0,0.0,0.0,0.0,0.0,1.0,0.0,1.0,1.0,12
RIGHT,LEFT,False,0.8,medium,1.5,pure_duplication,4,source_group_average,0.8568560603450689,0.005962519923981251,0.8530676559252662,0.8606444647648716,0.0,0.0,0.0,0.0,0.0,0.0,0.0,0.0,0.0,0.0,0.0,0.0,1.0,0.0,1.0,1.0,12
RIGHT,LEFT,False,0.8,medium,1.5,pure_duplication,8,exact_deduplication,0.8564313486783988,0.011524063106742193,0.8491093083054894,0.8637533890513082,-0.0015415390639806996,0.014689913158136848,-0.010875064594180356,0.007791986466218957,0.0,0.0,0.0,0.0,0.0,0.0,0.0,0.0,1.0,0.0,1.0,1.0,12
RIGHT,LEFT,False,0.8,medium,1.5,pure_duplication,8,explicit_belief_mixing,0.8284280301725344,0.0029812599619906035,0.8265338279626331,0.8303222323824357,0.0,0.0,0.0,0.0,0.0,0.0,0.0,0.0,0.0,0.0,0.0,0.0,1.0,0.0,1.0,1.0,12
RIGHT,LEFT,False,0.8,medium,1.5,pure_duplication,8,ordinary_flat_aggregation,0.9994926757010664,0.0004281508072554054,0.9992206416565301,0.9997647097456026,0.0998701669850081,0.00835569159618126,0.09456121382811115,0.10517912014190504,0.0,0.0,0.0,0.0,0.0,0.0,0.0,0.0,1.0,0.0,1.0,1.0,12
RIGHT,LEFT,False,0.8,medium,1.5,pure_duplication,8,provenance_preserving,0.8996225087160584,0.008764600563990515,0.8940537471961378,0.905191270235979,0.0,0.0,0.0,0.0,0.0,0.0,0.0,0.0,0.0,0.0,0.0,0.0,1.0,0.0,1.0,1.0,12
RIGHT,LEFT,False,0.8,medium,1.5,pure_duplication,8,semantic_group_deduplication,0.8564313486783988,0.011524063106742193,0.8491093083054894,0.8637533890513082,-0.0015415390639806996,0.014689913158136848,-0.010875064594180356,0.007791986466218957,0.0,0.0,0.0,0.0,0.0,0.0,0.0,0.0,1.0,0.0,1.0,1.0,12
RIGHT,LEFT,False,0.8,medium,1.5,pure_duplication,8,single_trajectory_score_average,0.8568560603450689,0.005962519923981251,0.8530676559252662,0.8606444647648716,0.0,0.0,0.0,0.0,0.0,0.0,0.0,0.0,0.0,0.0,0.0,0.0,1.0,0.0,1.0,1.0,12
RIGHT,LEFT,False,0.8,medium,1.5,pure_duplication,8,source_group_average,0.8568560603450689,0.005962519923981251,0.8530676559252662,0.8606444647648716,0.0,0.0,0.0,0.0,0.0,0.0,0.0,0.0,0.0,0.0,0.0,0.0,1.0,0.0,1.0,1.0,12
RIGHT,LEFT,False,0.8,medium,1.5,pure_duplication,16,exact_deduplication,0.8594118601735184,0.007343711506512676,0.8547458884897791,0.8640778318572578,0.0014389724311390055,0.00577870828886643,-0.0022326436475330344,0.005110588509811045,0.0,0.0,0.0,0.0,0.0,0.0,0.0,0.0,1.0,0.0,1.0,1.0,12
RIGHT,LEFT,False,0.8,medium,1.5,pure_duplication,16,explicit_belief_mixing,0.8284280301725344,0.0029812599619906035,0.8265338279626331,0.8303222323824357,0.0,0.0,0.0,0.0,0.0,0.0,0.0,0.0,0.0,0.0,0.0,0.0,1.0,0.0,1.0,1.0,12
RIGHT,LEFT,False,0.8,medium,1.5,pure_duplication,16,ordinary_flat_aggregation,0.9999982944993976,2.7934289133758107e-06,0.9999965196393423,1.0000000693594528,0.10037578578333935,0.008762199481300342,0.09480854983857685,0.10594302172810184,0.0,0.0,0.0,0.0,0.0,0.0,0.0,0.0,1.0,0.0,1.0,1.0,12
RIGHT,LEFT,False,0.8,medium,1.5,pure_duplication,16,provenance_preserving,0.8996225087160584,0.008764600563990515,0.8940537471961378,0.905191270235979,0.0,0.0,0.0,0.0,0.0,0.0,0.0,0.0,0.0,0.0,0.0,0.0,1.0,0.0,1.0,1.0,12
RIGHT,LEFT,False,0.8,medium,1.5,pure_duplication,16,semantic_group_deduplication,0.8594118601735184,0.007343711506512676,0.8547458884897791,0.8640778318572578,0.0014389724311390055,0.00577870828886643,-0.0022326436475330344,0.005110588509811045,0.0,0.0,0.0,0.0,0.0,0.0,0.0,0.0,1.0,0.0,1.0,1.0,12
RIGHT,LEFT,False,0.8,medium,1.5,pure_duplication,16,single_trajectory_score_average,0.8568560603450687,0.005962519923981209,0.853067655925266,0.8606444647648713,-2.7755575615628914e-17,6.900941601584843e-17,-7.160206669248857e-17,1.6090915461230733e-17,0.0,0.0,0.0,0.0,0.0,0.0,0.0,0.0,1.0,0.0,1.0,1.0,12
RIGHT,LEFT,False,0.8,medium,1.5,pure_duplication,16,source_group_average,0.8568560603450689,0.005962519923981251,0.8530676559252662,0.8606444647648716,0.0,0.0,0.0,0.0,0.0,0.0,0.0,0.0,0.0,0.0,0.0,0.0,1.0,0.0,1.0,1.0,12
RIGHT,LEFT,False,0.8,strong,2.0,independent_rollout,1,exact_deduplication,0.999999999945918,1.2213971881729307e-11,0.9999999999381577,0.9999999999536784,0.0,0.0,0.0,0.0,0.0,0.0,0.0,0.0,0.0,0.0,0.0,0.0,1.0,0.0,1.0,1.0,12
RIGHT,LEFT,False,0.8,strong,2.0,independent_rollout,1,explicit_belief_mixing,0.8445079307850477,0.0003690107892096101,0.844273472515286,0.8447423890548095,0.0,0.0,0.0,0.0,0.0,0.0,0.0,0.0,0.0,0.0,0.0,0.0,1.0,0.0,1.0,1.0,12
RIGHT,LEFT,False,0.8,strong,2.0,independent_rollout,1,ordinary_flat_aggregation,0.999999999945918,1.2213971881729307e-11,0.9999999999381577,0.9999999999536784,0.0,0.0,0.0,0.0,0.0,0.0,0.0,0.0,0.0,0.0,0.0,0.0,1.0,0.0,1.0,1.0,12
RIGHT,LEFT,False,0.8,strong,2.0,independent_rollout,1,provenance_preserving,0.999999999945918,1.2213971881729307e-11,0.9999999999381577,0.9999999999536784,0.0,0.0,0.0,0.0,0.0,0.0,0.0,0.0,0.0,0.0,0.0,0.0,1.0,0.0,1.0,1.0,12
RIGHT,LEFT,False,0.8,strong,2.0,independent_rollout,1,semantic_group_deduplication,0.9402710516379073,0.00525159217077081,0.9369343491623766,0.9436077541134379,0.0,0.0,0.0,0.0,0.0,0.0,0.0,0.0,0.0,0.0,0.0,0.0,1.0,0.0,1.0,1.0,12
RIGHT,LEFT,False,0.8,strong,2.0,independent_rollout,1,single_trajectory_score_average,0.8890158615700953,0.0007380215784192071,0.8885469450305717,0.8894847781096188,0.0,0.0,0.0,0.0,0.0,0.0,0.0,0.0,0.0,0.0,0.0,0.0,1.0,0.0,1.0,1.0,12
RIGHT,LEFT,False,0.8,strong,2.0,independent_rollout,1,source_group_average,0.8890158615700953,0.0007380215784192071,0.8885469450305717,0.8894847781096188,0.0,0.0,0.0,0.0,0.0,0.0,0.0,0.0,0.0,0.0,0.0,0.0,1.0,0.0,1.0,1.0,12
RIGHT,LEFT,False,0.8,strong,2.0,independent_rollout,2,exact_deduplication,0.999999999945918,1.2213971881729307e-11,0.9999999999381577,0.9999999999536784,0.0,0.0,0.0,0.0,0.0,0.0,0.0,0.0,0.0,0.0,0.0,0.0,1.0,0.0,1.0,1.0,12
RIGHT,LEFT,False,0.8,strong,2.0,independent_rollout,2,explicit_belief_mixing,0.8445079307850477,0.0003690107892096101,0.844273472515286,0.8447423890548095,0.0,0.0,0.0,0.0,0.0,0.0,0.0,0.0,0.0,0.0,0.0,0.0,1.0,0.0,1.0,1.0,12
RIGHT,LEFT,False,0.8,strong,2.0,independent_rollout,2,ordinary_flat_aggregation,0.999999999945918,1.2213971881729307e-11,0.9999999999381577,0.9999999999536784,0.0,0.0,0.0,0.0,0.0,0.0,0.0,0.0,0.0,0.0,0.0,0.0,1.0,0.0,1.0,1.0,12
RIGHT,LEFT,False,0.8,strong,2.0,independent_rollout,2,provenance_preserving,0.999999999945918,1.2213971881729307e-11,0.9999999999381577,0.9999999999536784,0.0,0.0,0.0,0.0,0.0,0.0,0.0,0.0,0.0,0.0,0.0,0.0,1.0,0.0,1.0,1.0,12
RIGHT,LEFT,False,0.8,strong,2.0,independent_rollout,2,semantic_group_deduplication,0.9394890607278265,0.0047199737938557074,0.9364901324542155,0.9424879890014374,-0.0007819909100807246,0.008088918992763273,-0.005921444841355599,0.004357463021194149,0.0,0.0,0.0,0.0,0.0,0.0,0.0,0.0,1.0,0.0,1.0,1.0,12
RIGHT,LEFT,False,0.8,strong,2.0,independent_rollout,2,single_trajectory_score_average,0.8890158615700953,0.0007380215784192104,0.8885469450305717,0.8894847781096188,-9.25185853854297e-18,5.716856438735954e-17,-4.557503141848114e-17,2.7071314341395202e-17,0.0,0.0,0.0,0.0,0.0,0.0,0.0,0.0,1.0,0.0,1.0,1.0,12
RIGHT,LEFT,False,0.8,strong,2.0,independent_rollout,2,source_group_average,0.8890158615700953,0.0007380215784192104,0.8885469450305717,0.8894847781096188,-9.25185853854297e-18,5.716856438735954e-17,-4.557503141848114e-17,2.7071314341395202e-17,0.0,0.0,0.0,0.0,0.0,0.0,0.0,0.0,1.0,0.0,1.0,1.0,12
RIGHT,LEFT,False,0.8,strong,2.0,independent_rollout,4,exact_deduplication,0.999999999945918,1.2213971881729307e-11,0.9999999999381577,0.9999999999536784,0.0,0.0,0.0,0.0,0.0,0.0,0.0,0.0,0.0,0.0,0.0,0.0,1.0,0.0,1.0,1.0,12
RIGHT,LEFT,False,0.8,strong,2.0,independent_rollout,4,explicit_belief_mixing,0.8445079307850477,0.0003690107892096101,0.844273472515286,0.8447423890548095,0.0,0.0,0.0,0.0,0.0,0.0,0.0,0.0,0.0,0.0,0.0,0.0,1.0,0.0,1.0,1.0,12
RIGHT,LEFT,False,0.8,strong,2.0,independent_rollout,4,ordinary_flat_aggregation,0.999999999945918,1.2213971881729307e-11,0.9999999999381577,0.9999999999536784,0.0,0.0,0.0,0.0,0.0,0.0,0.0,0.0,0.0,0.0,0.0,0.0,1.0,0.0,1.0,1.0,12
RIGHT,LEFT,False,0.8,strong,2.0,independent_rollout,4,provenance_preserving,0.999999999945918,1.2213971881729307e-11,0.9999999999381577,0.9999999999536784,0.0,0.0,0.0,0.0,0.0,0.0,0.0,0.0,0.0,0.0,0.0,0.0,1.0,0.0,1.0,1.0,12
RIGHT,LEFT,False,0.8,strong,2.0,independent_rollout,4,semantic_group_deduplication,0.9416112504872561,0.0038555486411606344,0.9391615517526338,0.9440609492218784,0.001340198849348902,0.006313017507561101,-0.0026709011105430494,0.005351298809240853,0.0,0.0,0.0,0.0,0.0,0.0,0.0,0.0,1.0,0.0,1.0,1.0,12
RIGHT,LEFT,False,0.8,strong,2.0,independent_rollout,4,single_trajectory_score_average,0.8890158615700953,0.0007380215784192159,0.8885469450305717,0.8894847781096188,-1.850371707708594e-17,4.3215372622724845e-17,-4.596145486826371e-17,8.954020714091827e-18,0.0,0.0,0.0,0.0,0.0,0.0,0.0,0.0,1.0,0.0,1.0,1.0,12
RIGHT,LEFT,False,0.8,strong,2.0,independent_rollout,4,source_group_average,0.8890158615700953,0.0007380215784192159,0.8885469450305717,0.8894847781096188,-1.850371707708594e-17,4.3215372622724845e-17,-4.596145486826371e-17,8.954020714091827e-18,0.0,0.0,0.0,0.0,0.0,0.0,0.0,0.0,1.0,0.0,1.0,1.0,12
RIGHT,LEFT,False,0.8,strong,2.0,independent_rollout,8,exact_deduplication,0.999999999945918,1.2213971881729307e-11,0.9999999999381577,0.9999999999536784,0.0,0.0,0.0,0.0,0.0,0.0,0.0,0.0,0.0,0.0,0.0,0.0,1.0,0.0,1.0,1.0,12
RIGHT,LEFT,False,0.8,strong,2.0,independent_rollout,8,explicit_belief_mixing,0.8445079307850477,0.00036901078920960556,0.844273472515286,0.8447423890548095,-9.25185853854297e-18,3.204937810639273e-17,-2.961506188514317e-17,1.1111344808057227e-17,0.0,0.0,0.0,0.0,0.0,0.0,0.0,0.0,1.0,0.0,1.0,1.0,12
RIGHT,LEFT,False,0.8,strong,2.0,independent_rollout,8,ordinary_flat_aggregation,0.999999999945918,1.2213971881729307e-11,0.9999999999381577,0.9999999999536784,0.0,0.0,0.0,0.0,0.0,0.0,0.0,0.0,0.0,0.0,0.0,0.0,1.0,0.0,1.0,1.0,12
RIGHT,LEFT,False,0.8,strong,2.0,independent_rollout,8,provenance_preserving,0.999999999945918,1.2213971881729307e-11,0.9999999999381577,0.9999999999536784,0.0,0.0,0.0,0.0,0.0,0.0,0.0,0.0,0.0,0.0,0.0,0.0,1.0,0.0,1.0,1.0,12
RIGHT,LEFT,False,0.8,strong,2.0,independent_rollout,8,semantic_group_deduplication,0.9423784395504723,0.004857665753842871,0.9392920259792964,0.9454648531216482,0.0021073879125651416,0.007628016725043426,-0.0027392226889785902,0.006953998514108873,0.0,0.0,0.0,0.0,0.0,0.0,0.0,0.0,1.0,0.0,1.0,1.0,12
RIGHT,LEFT,False,0.8,strong,2.0,independent_rollout,8,single_trajectory_score_average,0.8890158615700953,0.0007380215784192246,0.8885469450305717,0.8894847781096188,-2.7755575615628914e-17,6.900941601584843e-17,-7.160206669248857e-17,1.6090915461230733e-17,0.0,0.0,0.0,0.0,0.0,0.0,0.0,0.0,1.0,0.0,1.0,1.0,12
RIGHT,LEFT,False,0.8,strong,2.0,independent_rollout,8,source_group_average,0.8890158615700953,0.0007380215784192246,0.8885469450305717,0.8894847781096188,-2.7755575615628914e-17,6.900941601584843e-17,-7.160206669248857e-17,1.6090915461230733e-17,0.0,0.0,0.0,0.0,0.0,0.0,0.0,0.0,1.0,0.0,1.0,1.0,12
RIGHT,LEFT,False,0.8,strong,2.0,independent_rollout,16,exact_deduplication,0.999999999945918,1.2213971881729307e-11,0.9999999999381577,0.9999999999536784,0.0,0.0,0.0,0.0,0.0,0.0,0.0,0.0,0.0,0.0,0.0,0.0,1.0,0.0,1.0,1.0,12
RIGHT,LEFT,False,0.8,strong,2.0,independent_rollout,16,explicit_belief_mixing,0.8445079307850477,0.0003690107892096101,0.844273472515286,0.8447423890548095,0.0,0.0,0.0,0.0,0.0,0.0,0.0,0.0,0.0,0.0,0.0,0.0,1.0,0.0,1.0,1.0,12
RIGHT,LEFT,False,0.8,strong,2.0,independent_rollout,16,ordinary_flat_aggregation,0.999999999945918,1.2213971881729307e-11,0.9999999999381577,0.9999999999536784,0.0,0.0,0.0,0.0,0.0,0.0,0.0,0.0,0.0,0.0,0.0,0.0,1.0,0.0,1.0,1.0,12
RIGHT,LEFT,False,0.8,strong,2.0,independent_rollout,16,provenance_preserving,0.999999999945918,1.2213971881729307e-11,0.9999999999381577,0.9999999999536784,0.0,0.0,0.0,0.0,0.0,0.0,0.0,0.0,0.0,0.0,0.0,0.0,1.0,0.0,1.0,1.0,12
RIGHT,LEFT,False,0.8,strong,2.0,independent_rollout,16,semantic_group_deduplication,0.9413881214773455,0.006602344179760521,0.9371931921202018,0.9455830508344892,0.0011170698394383043,0.008912752935302458,-0.004545823206320059,0.006779962885196668,0.0,0.0,0.0,0.0,0.0,0.0,0.0,0.0,1.0,0.0,1.0,1.0,12
RIGHT,LEFT,False,0.8,strong,2.0,independent_rollout,16,single_trajectory_score_average,0.8890158615700953,0.0007380215784192057,0.8885469450305717,0.8894847781096188,9.25185853854297e-18,5.716856438735954e-17,-2.7071314341395202e-17,4.557503141848114e-17,0.0,0.0,0.0,0.0,0.0,0.0,0.0,0.0,1.0,0.0,1.0,1.0,12
RIGHT,LEFT,False,0.8,strong,2.0,independent_rollout,16,source_group_average,0.8890158615700953,0.0007380215784192057,0.8885469450305717,0.8894847781096188,9.25185853854297e-18,5.716856438735954e-17,-2.7071314341395202e-17,4.557503141848114e-17,0.0,0.0,0.0,0.0,0.0,0.0,0.0,0.0,1.0,0.0,1.0,1.0,12
RIGHT,LEFT,False,0.8,strong,2.0,pure_duplication,1,exact_deduplication,0.8880313453254689,0.007861929251637095,0.8830361137950407,0.8930265768558971,0.0,0.0,0.0,0.0,0.0,0.0,0.0,0.0,0.0,0.0,0.0,0.0,1.0,0.0,1.0,1.0,12
RIGHT,LEFT,False,0.8,strong,2.0,pure_duplication,1,explicit_belief_mixing,0.8444131516839203,0.002334886408012699,0.8429296356369087,0.8458966677309319,0.0,0.0,0.0,0.0,0.0,0.0,0.0,0.0,0.0,0.0,0.0,0.0,1.0,0.0,1.0,1.0,12
RIGHT,LEFT,False,0.8,strong,2.0,pure_duplication,1,ordinary_flat_aggregation,0.9411838850485265,0.005279597148402436,0.9378293890591143,0.9445383810379386,0.0,0.0,0.0,0.0,0.0,0.0,0.0,0.0,0.0,0.0,0.0,0.0,1.0,0.0,1.0,1.0,12
RIGHT,LEFT,False,0.8,strong,2.0,pure_duplication,1,provenance_preserving,0.9411838850485265,0.005279597148402436,0.9378293890591143,0.9445383810379386,0.0,0.0,0.0,0.0,0.0,0.0,0.0,0.0,0.0,0.0,0.0,0.0,1.0,0.0,1.0,1.0,12
RIGHT,LEFT,False,0.8,strong,2.0,pure_duplication,1,semantic_group_deduplication,0.8880313453254689,0.007861929251637095,0.8830361137950407,0.8930265768558971,0.0,0.0,0.0,0.0,0.0,0.0,0.0,0.0,0.0,0.0,0.0,0.0,1.0,0.0,1.0,1.0,12
RIGHT,LEFT,False,0.8,strong,2.0,pure_duplication,1,single_trajectory_score_average,0.8888263033678404,0.00466977281602537,0.8858592712738173,0.8917933354618636,0.0,0.0,0.0,0.0,0.0,0.0,0.0,0.0,0.0,0.0,0.0,0.0,1.0,0.0,1.0,1.0,12
RIGHT,LEFT,False,0.8,strong,2.0,pure_duplication,1,source_group_average,0.8888263033678404,0.00466977281602537,0.8858592712738173,0.8917933354618636,0.0,0.0,0.0,0.0,0.0,0.0,0.0,0.0,0.0,0.0,0.0,0.0,1.0,0.0,1.0,1.0,12
RIGHT,LEFT,False,0.8,strong,2.0,pure_duplication,2,exact_deduplication,0.8929043700227141,0.0068888609642290795,0.8885273965858076,0.8972813434596205,0.00487302469724508,0.00978174744989057,-0.0013420011215391726,0.011088050516029332,0.0,0.0,0.0,0.0,0.0,0.0,0.0,0.0,1.0,0.0,1.0,1.0,12
RIGHT,LEFT,False,0.8,strong,2.0,pure_duplication,2,explicit_belief_mixing,0.8444131516839203,0.002334886408012709,0.8429296356369087,0.8458966677309319,9.25185853854297e-18,3.204937810639273e-17,-1.1111344808057227e-17,2.961506188514317e-17,0.0,0.0,0.0,0.0,0.0,0.0,0.0,0.0,1.0,0.0,1.0,1.0,12
RIGHT,LEFT,False,0.8,strong,2.0,pure_duplication,2,ordinary_flat_aggregation,0.9844855343376767,0.003021207111741588,0.9825659509197283,0.9864051177556251,0.04330164928915029,0.002270673132377128,0.041858932411001755,0.04474436616729883,0.0,0.0,0.0,0.0,0.0,0.0,0.0,0.0,1.0,0.0,1.0,1.0,12
RIGHT,LEFT,False,0.8,strong,2.0,pure_duplication,2,provenance_preserving,0.9411838850485265,0.005279597148402436,0.9378293890591143,0.9445383810379386,0.0,0.0,0.0,0.0,0.0,0.0,0.0,0.0,0.0,0.0,0.0,0.0,1.0,0.0,1.0,1.0,12
RIGHT,LEFT,False,0.8,strong,2.0,pure_duplication,2,semantic_group_deduplication,0.8929043700227141,0.0068888609642290795,0.8885273965858076,0.8972813434596205,0.00487302469724508,0.00978174744989057,-0.0013420011215391726,0.011088050516029332,0.0,0.0,0.0,0.0,0.0,0.0,0.0,0.0,1.0,0.0,1.0,1.0,12
RIGHT,LEFT,False,0.8,strong,2.0,pure_duplication,2,single_trajectory_score_average,0.8888263033678404,0.004669772816025395,0.8858592712738173,0.8917933354618636,-9.25185853854297e-18,5.716856438735954e-17,-4.557503141848114e-17,2.7071314341395202e-17,0.0,0.0,0.0,0.0,0.0,0.0,0.0,0.0,1.0,0.0,1.0,1.0,12
RIGHT,LEFT,False,0.8,strong,2.0,pure_duplication,2,source_group_average,0.8888263033678404,0.00466977281602537,0.8858592712738173,0.8917933354618636,0.0,0.0,0.0,0.0,0.0,0.0,0.0,0.0,0.0,0.0,0.0,0.0,1.0,0.0,1.0,1.0,12
RIGHT,LEFT,False,0.8,strong,2.0,pure_duplication,4,exact_deduplication,0.8867834166586048,0.007373629976833059,0.8820984356857325,0.8914683976314771,-0.0012479286668639993,0.003081586271220642,-0.00320587517249185,0.0007100178387638518,0.0,0.0,0.0,0.0,0.0,0.0,0.0,0.0,1.0,0.0,1.0,1.0,12
RIGHT,LEFT,False,0.8,strong,2.0,pure_duplication,4,explicit_belief_mixing,0.8444131516839203,0.002334886408012699,0.8429296356369087,0.8458966677309319,0.0,0.0,0.0,0.0,0.0,0.0,0.0,0.0,0.0,0.0,0.0,0.0,1.0,0.0,1.0,1.0,12
RIGHT,LEFT,False,0.8,strong,2.0,pure_duplication,4,ordinary_flat_aggregation,0.9989708816868391,0.0004386886021476646,0.998692152246857,0.9992496111268212,0.05778699663831275,0.004848018201694874,0.054706712829328624,0.060867280447296876,0.0,0.0,0.0,0.0,0.0,0.0,0.0,0.0,1.0,0.0,1.0,1.0,12
RIGHT,LEFT,False,0.8,strong,2.0,pure_duplication,4,provenance_preserving,0.9411838850485265,0.005279597148402436,0.9378293890591143,0.9445383810379386,0.0,0.0,0.0,0.0,0.0,0.0,0.0,0.0,0.0,0.0,0.0,0.0,1.0,0.0,1.0,1.0,12
RIGHT,LEFT,False,0.8,strong,2.0,pure_duplication,4,semantic_group_deduplication,0.8867834166586048,0.007373629976833059,0.8820984356857325,0.8914683976314771,-0.0012479286668639993,0.003081586271220642,-0.00320587517249185,0.0007100178387638518,0.0,0.0,0.0,0.0,0.0,0.0,0.0,0.0,1.0,0.0,1.0,1.0,12
RIGHT,LEFT,False,0.8,strong,2.0,pure_duplication,4,single_trajectory_score_average,0.8888263033678404,0.00466977281602537,0.8858592712738173,0.8917933354618636,0.0,0.0,0.0,0.0,0.0,0.0,0.0,0.0,0.0,0.0,0.0,0.0,1.0,0.0,1.0,1.0,12
RIGHT,LEFT,False,0.8,strong,2.0,pure_duplication,4,source_group_average,0.8888263033678404,0.00466977281602537,0.8858592712738173,0.8917933354618636,0.0,0.0,0.0,0.0,0.0,0.0,0.0,0.0,0.0,0.0,0.0,0.0,1.0,0.0,1.0,1.0,12
RIGHT,LEFT,False,0.8,strong,2.0,pure_duplication,8,exact_deduplication,0.8891768691046718,0.009987208481653973,0.8828312995743773,0.8955224386349662,0.0011455237792026747,0.011192861416953987,-0.00596608107962256,0.008257128638027909,0.0,0.0,0.0,0.0,0.0,0.0,0.0,0.0,1.0,0.0,1.0,1.0,12
RIGHT,LEFT,False,0.8,strong,2.0,pure_duplication,8,explicit_belief_mixing,0.8444131516839203,0.002334886408012699,0.8429296356369087,0.8458966677309319,0.0,0.0,0.0,0.0,0.0,0.0,0.0,0.0,0.0,0.0,0.0,0.0,1.0,0.0,1.0,1.0,12
RIGHT,LEFT,False,0.8,strong,2.0,pure_duplication,8,ordinary_flat_aggregation,0.9999950440280277,4.880261565942801e-06,0.9999919432577625,0.999998144798293,0.0588111589795014,0.005275044105272946,0.05545955585567879,0.062162762103324005,0.0,0.0,0.0,0.0,0.0,0.0,0.0,0.0,1.0,0.0,1.0,1.0,12
RIGHT,LEFT,False,0.8,strong,2.0,pure_duplication,8,provenance_preserving,0.9411838850485265,0.005279597148402436,0.9378293890591143,0.9445383810379386,0.0,0.0,0.0,0.0,0.0,0.0,0.0,0.0,0.0,0.0,0.0,0.0,1.0,0.0,1.0,1.0,12
RIGHT,LEFT,False,0.8,strong,2.0,pure_duplication,8,semantic_group_deduplication,0.8891768691046718,0.009987208481653973,0.8828312995743773,0.8955224386349662,0.0011455237792026747,0.011192861416953987,-0.00596608107962256,0.008257128638027909,0.0,0.0,0.0,0.0,0.0,0.0,0.0,0.0,1.0,0.0,1.0,1.0,12
RIGHT,LEFT,False,0.8,strong,2.0,pure_duplication,8,single_trajectory_score_average,0.8888263033678404,0.00466977281602537,0.8858592712738173,0.8917933354618636,0.0,0.0,0.0,0.0,0.0,0.0,0.0,0.0,0.0,0.0,0.0,0.0,1.0,0.0,1.0,1.0,12
RIGHT,LEFT,False,0.8,strong,2.0,pure_duplication,8,source_group_average,0.8888263033678404,0.00466977281602537,0.8858592712738173,0.8917933354618636,0.0,0.0,0.0,0.0,0.0,0.0,0.0,0.0,0.0,0.0,0.0,0.0,1.0,0.0,1.0,1.0,12
RIGHT,LEFT,False,0.8,strong,2.0,pure_duplication,16,exact_deduplication,0.8860984441992438,0.009685189464846342,0.8799447683972264,0.8922521200012612,-0.0019329011262250728,0.010252477022666292,-0.008447014246481123,0.004581211994030976,0.0,0.0,0.0,0.0,0.0,0.0,0.0,0.0,1.0,0.0,1.0,1.0,12
RIGHT,LEFT,False,0.8,strong,2.0,pure_duplication,16,explicit_belief_mixing,0.8444131516839203,0.002334886408012699,0.8429296356369087,0.8458966677309319,0.0,0.0,0.0,0.0,0.0,0.0,0.0,0.0,0.0,0.0,0.0,0.0,1.0,0.0,1.0,1.0,12
RIGHT,LEFT,False,0.8,strong,2.0,pure_duplication,16,ordinary_flat_aggregation,0.9999999998144191,4.123245931898834e-10,0.9999999995524406,1.0000000000763976,0.05881611476589269,0.005279596808959676,0.05546161899215214,0.06217061053963324,0.0,0.0,0.0,0.0,0.0,0.0,0.0,0.0,1.0,0.0,1.0,1.0,12
RIGHT,LEFT,False,0.8,strong,2.0,pure_duplication,16,provenance_preserving,0.9411838850485265,0.005279597148402436,0.9378293890591143,0.9445383810379386,0.0,0.0,0.0,0.0,0.0,0.0,0.0,0.0,0.0,0.0,0.0,0.0,1.0,0.0,1.0,1.0,12
RIGHT,LEFT,False,0.8,strong,2.0,pure_duplication,16,semantic_group_deduplication,0.8860984441992438,0.009685189464846342,0.8799447683972264,0.8922521200012612,-0.0019329011262250728,0.010252477022666292,-0.008447014246481123,0.004581211994030976,0.0,0.0,0.0,0.0,0.0,0.0,0.0,0.0,1.0,0.0,1.0,1.0,12
RIGHT,LEFT,False,0.8,strong,2.0,pure_duplication,16,single_trajectory_score_average,0.8888263033678404,0.004669772816025385,0.8858592712738173,0.8917933354618636,-1.850371707708594e-17,4.321537262272484e-17,-4.5961454868263707e-17,8.954020714091824e-18,0.0,0.0,0.0,0.0,0.0,0.0,0.0,0.0,1.0,0.0,1.0,1.0,12
RIGHT,LEFT,False,0.8,strong,2.0,pure_duplication,16,source_group_average,0.8888263033678404,0.00466977281602537,0.8858592712738173,0.8917933354618636,0.0,0.0,0.0,0.0,0.0,0.0,0.0,0.0,0.0,0.0,0.0,0.0,1.0,0.0,1.0,1.0,12
RIGHT,LEFT,False,0.8,weak,1.2,independent_rollout,1,exact_deduplication,0.9992280645519922,0.0003506029031369341,0.9990053020950489,0.9994508270089355,0.0,0.0,0.0,0.0,0.0,0.0,0.0,0.0,0.0,0.0,0.0,0.0,1.0,0.0,1.0,1.0,12
RIGHT,LEFT,False,0.8,weak,1.2,independent_rollout,1,explicit_belief_mixing,0.8137966051902307,0.001110979142520371,0.8130907227198166,0.8145024876606447,0.0,0.0,0.0,0.0,0.0,0.0,0.0,0.0,0.0,0.0,0.0,0.0,1.0,0.0,1.0,1.0,12
RIGHT,LEFT,False,0.8,weak,1.2,independent_rollout,1,ordinary_flat_aggregation,0.9992280645519922,0.0003506029031369341,0.9990053020950489,0.9994508270089355,0.0,0.0,0.0,0.0,0.0,0.0,0.0,0.0,0.0,0.0,0.0,0.0,1.0,0.0,1.0,1.0,12
RIGHT,LEFT,False,0.8,weak,1.2,independent_rollout,1,provenance_preserving,0.9992280645519922,0.0003506029031369341,0.9990053020950489,0.9994508270089355,0.0,0.0,0.0,0.0,0.0,0.0,0.0,0.0,0.0,0.0,0.0,0.0,1.0,0.0,1.0,1.0,12
RIGHT,LEFT,False,0.8,weak,1.2,independent_rollout,1,semantic_group_deduplication,0.8516923822538627,0.010202714487327279,0.8452098867401258,0.8581748777675996,0.0,0.0,0.0,0.0,0.0,0.0,0.0,0.0,0.0,0.0,0.0,0.0,1.0,0.0,1.0,1.0,12
RIGHT,LEFT,False,0.8,weak,1.2,independent_rollout,1,single_trajectory_score_average,0.8275932103804607,0.0022219582850407566,0.8261814454396327,0.8290049753212888,0.0,0.0,0.0,0.0,0.0,0.0,0.0,0.0,0.0,0.0,0.0,0.0,1.0,0.0,1.0,1.0,12
RIGHT,LEFT,False,0.8,weak,1.2,independent_rollout,1,source_group_average,0.8275932103804607,0.0022219582850407566,0.8261814454396327,0.8290049753212888,0.0,0.0,0.0,0.0,0.0,0.0,0.0,0.0,0.0,0.0,0.0,0.0,1.0,0.0,1.0,1.0,12
RIGHT,LEFT,False,0.8,weak,1.2,independent_rollout,2,exact_deduplication,0.9992280645519922,0.0003506029031369341,0.9990053020950489,0.9994508270089355,0.0,0.0,0.0,0.0,0.0,0.0,0.0,0.0,0.0,0.0,0.0,0.0,1.0,0.0,1.0,1.0,12
RIGHT,LEFT,False,0.8,weak,1.2,independent_rollout,2,explicit_belief_mixing,0.8137966051902307,0.0011109791425203662,0.8130907227198166,0.8145024876606447,0.0,4.734006883291518e-17,-3.007844473258028e-17,3.007844473258028e-17,0.0,0.0,0.0,0.0,0.0,0.0,0.0,0.0,1.0,0.0,1.0,1.0,12
RIGHT,LEFT,False,0.8,weak,1.2,independent_rollout,2,ordinary_flat_aggregation,0.9992280645519922,0.0003506029031369341,0.9990053020950489,0.9994508270089355,0.0,0.0,0.0,0.0,0.0,0.0,0.0,0.0,0.0,0.0,0.0,0.0,1.0,0.0,1.0,1.0,12
RIGHT,LEFT,False,0.8,weak,1.2,independent_rollout,2,provenance_preserving,0.9992280645519922,0.0003506029031369341,0.9990053020950489,0.9994508270089355,0.0,0.0,0.0,0.0,0.0,0.0,0.0,0.0,0.0,0.0,0.0,0.0,1.0,0.0,1.0,1.0,12
RIGHT,LEFT,False,0.8,weak,1.2,independent_rollout,2,semantic_group_deduplication,0.8476920349997265,0.016001028062435724,0.8375254668027279,0.857858603196725,-0.004000347254136107,0.014111968387271922,-0.012966664195976939,0.004965969687704726,0.0,0.0,0.0,0.0,0.0,0.0,0.0,0.0,1.0,0.0,1.0,1.0,12
RIGHT,LEFT,False,0.8,weak,1.2,independent_rollout,2,single_trajectory_score_average,0.8275932103804607,0.0022219582850407523,0.8261814454396327,0.8290049753212888,0.0,4.734006883291518e-17,-3.007844473258028e-17,3.007844473258028e-17,0.0,0.0,0.0,0.0,0.0,0.0,0.0,0.0,1.0,0.0,1.0,1.0,12
RIGHT,LEFT,False,0.8,weak,1.2,independent_rollout,2,source_group_average,0.8275932103804607,0.0022219582850407523,0.8261814454396327,0.8290049753212888,0.0,4.734006883291518e-17,-3.007844473258028e-17,3.007844473258028e-17,0.0,0.0,0.0,0.0,0.0,0.0,0.0,0.0,1.0,0.0,1.0,1.0,12
RIGHT,LEFT,False,0.8,weak,1.2,independent_rollout,4,exact_deduplication,0.9992280645519922,0.0003506029031369341,0.9990053020950489,0.9994508270089355,0.0,0.0,0.0,0.0,0.0,0.0,0.0,0.0,0.0,0.0,0.0,0.0,1.0,0.0,1.0,1.0,12
RIGHT,LEFT,False,0.8,weak,1.2,independent_rollout,4,explicit_belief_mixing,0.8137966051902307,0.0011109791425203575,0.8130907227198166,0.8145024876606447,2.7755575615628914e-17,5.021172554038838e-17,-4.147432741299544e-18,5.965858397255737e-17,0.0,0.0,0.0,0.0,0.0,0.0,0.0,0.0,1.0,0.0,1.0,1.0,12
RIGHT,LEFT,False,0.8,weak,1.2,independent_rollout,4,ordinary_flat_aggregation,0.9992280645519922,0.0003506029031369341,0.9990053020950489,0.9994508270089355,0.0,0.0,0.0,0.0,0.0,0.0,0.0,0.0,0.0,0.0,0.0,0.0,1.0,0.0,1.0,1.0,12
RIGHT,LEFT,False,0.8,weak,1.2,independent_rollout,4,provenance_preserving,0.9992280645519922,0.0003506029031369341,0.9990053020950489,0.9994508270089355,0.0,0.0,0.0,0.0,0.0,0.0,0.0,0.0,0.0,0.0,0.0,0.0,1.0,0.0,1.0,1.0,12
RIGHT,LEFT,False,0.8,weak,1.2,independent_rollout,4,semantic_group_deduplication,0.8501735376851928,0.011944532365855083,0.8425843438905887,0.8577627314797969,-0.001518844568669862,0.011748087180393081,-0.00898322304720931,0.005945533909869586,0.0,0.0,0.0,0.0,0.0,0.0,0.0,0.0,1.0,0.0,1.0,1.0,12
RIGHT,LEFT,False,0.8,weak,1.2,independent_rollout,4,single_trajectory_score_average,0.8275932103804607,0.002221958285040731,0.8261814454396327,0.8290049753212888,3.700743415417188e-17,7.231314961041786e-17,-8.938149103693081e-18,8.295301741203685e-17,0.0,0.0,0.0,0.0,0.0,0.0,0.0,0.0,1.0,0.0,1.0,1.0,12
RIGHT,LEFT,False,0.8,weak,1.2,independent_rollout,4,source_group_average,0.8275932103804607,0.002221958285040731,0.8261814454396327,0.8290049753212888,3.700743415417188e-17,7.231314961041786e-17,-8.938149103693081e-18,8.295301741203685e-17,0.0,0.0,0.0,0.0,0.0,0.0,0.0,0.0,1.0,0.0,1.0,1.0,12
RIGHT,LEFT,False,0.8,weak,1.2,independent_rollout,8,exact_deduplication,0.9992280645519922,0.0003506029031369341,0.9990053020950489,0.9994508270089355,0.0,0.0,0.0,0.0,0.0,0.0,0.0,0.0,0.0,0.0,0.0,0.0,1.0,0.0,1.0,1.0,12
RIGHT,LEFT,False,0.8,weak,1.2,independent_rollout,8,explicit_belief_mixing,0.8137966051902307,0.0011109791425203493,0.8130907227198166,0.8145024876606447,1.850371707708594e-17,4.321537262272484e-17,-8.954020714091824e-18,4.5961454868263707e-17,0.0,0.0,0.0,0.0,0.0,0.0,0.0,0.0,1.0,0.0,1.0,1.0,12
RIGHT,LEFT,False,0.8,weak,1.2,independent_rollout,8,ordinary_flat_aggregation,0.9992280645519922,0.0003506029031369341,0.9990053020950489,0.9994508270089355,0.0,0.0,0.0,0.0,0.0,0.0,0.0,0.0,0.0,0.0,0.0,0.0,1.0,0.0,1.0,1.0,12
RIGHT,LEFT,False,0.8,weak,1.2,independent_rollout,8,provenance_preserving,0.9992280645519922,0.0003506029031369341,0.9990053020950489,0.9994508270089355,0.0,0.0,0.0,0.0,0.0,0.0,0.0,0.0,0.0,0.0,0.0,0.0,1.0,0.0,1.0,1.0,12
RIGHT,LEFT,False,0.8,weak,1.2,independent_rollout,8,semantic_group_deduplication,0.8565920364999315,0.008678353734370313,0.85107807360118,0.862105999398683,0.004899654246068974,0.013627939618314542,-0.003759125488180373,0.013558433980318321,0.0,0.0,0.0,0.0,0.0,0.0,0.0,0.0,1.0,0.0,1.0,1.0,12
RIGHT,LEFT,False,0.8,weak,1.2,independent_rollout,8,single_trajectory_score_average,0.8275932103804607,0.0022219582850407445,0.8261814454396327,0.8290049753212888,2.7755575615628914e-17,5.021172554038838e-17,-4.147432741299544e-18,5.965858397255737e-17,0.0,0.0,0.0,0.0,0.0,0.0,0.0,0.0,1.0,0.0,1.0,1.0,12
RIGHT,LEFT,False,0.8,weak,1.2,independent_rollout,8,source_group_average,0.8275932103804607,0.0022219582850407445,0.8261814454396327,0.8290049753212888,2.7755575615628914e-17,5.021172554038838e-17,-4.147432741299544e-18,5.965858397255737e-17,0.0,0.0,0.0,0.0,0.0,0.0,0.0,0.0,1.0,0.0,1.0,1.0,12
RIGHT,LEFT,False,0.8,weak,1.2,independent_rollout,16,exact_deduplication,0.9992280645519922,0.0003506029031369341,0.9990053020950489,0.9994508270089355,0.0,0.0,0.0,0.0,0.0,0.0,0.0,0.0,0.0,0.0,0.0,0.0,1.0,0.0,1.0,1.0,12
RIGHT,LEFT,False,0.8,weak,1.2,independent_rollout,16,explicit_belief_mixing,0.8137966051902307,0.001110979142520371,0.8130907227198166,0.8145024876606447,1.850371707708594e-17,4.321537262272484e-17,-8.954020714091824e-18,4.5961454868263707e-17,0.0,0.0,0.0,0.0,0.0,0.0,0.0,0.0,1.0,0.0,1.0,1.0,12
RIGHT,LEFT,False,0.8,weak,1.2,independent_rollout,16,ordinary_flat_aggregation,0.9992280645519922,0.0003506029031369341,0.9990053020950489,0.9994508270089355,0.0,0.0,0.0,0.0,0.0,0.0,0.0,0.0,0.0,0.0,0.0,0.0,1.0,0.0,1.0,1.0,12
RIGHT,LEFT,False,0.8,weak,1.2,independent_rollout,16,provenance_preserving,0.9992280645519922,0.0003506029031369341,0.9990053020950489,0.9994508270089355,0.0,0.0,0.0,0.0,0.0,0.0,0.0,0.0,0.0,0.0,0.0,0.0,1.0,0.0,1.0,1.0,12
RIGHT,LEFT,False,0.8,weak,1.2,independent_rollout,16,semantic_group_deduplication,0.8545625128353042,0.010637062620052758,0.8478040456842848,0.8613209799863235,0.002870130581441773,0.015567935196549284,-0.007021263536773405,0.012761524699656952,0.0,0.0,0.0,0.0,0.0,0.0,0.0,0.0,1.0,0.0,1.0,1.0,12
RIGHT,LEFT,False,0.8,weak,1.2,independent_rollout,16,single_trajectory_score_average,0.8275932103804607,0.0022219582850407384,0.8261814454396327,0.8290049753212888,3.700743415417188e-17,5.4663602968277986e-17,2.2758378278508704e-18,7.17390304804929e-17,0.0,0.0,0.0,0.0,0.0,0.0,0.0,0.0,1.0,0.0,1.0,1.0,12
RIGHT,LEFT,False,0.8,weak,1.2,independent_rollout,16,source_group_average,0.8275932103804607,0.0022219582850407384,0.8261814454396327,0.8290049753212888,3.700743415417188e-17,5.4663602968277986e-17,2.2758378278508704e-18,7.17390304804929e-17,0.0,0.0,0.0,0.0,0.0,0.0,0.0,0.0,1.0,0.0,1.0,1.0,12
RIGHT,LEFT,False,0.8,weak,1.2,pure_duplication,1,exact_deduplication,0.8248191321798832,0.01411035661673175,0.8158538393081866,0.8337844250515799,0.0,0.0,0.0,0.0,0.0,0.0,0.0,0.0,0.0,0.0,0.0,0.0,1.0,0.0,1.0,1.0,12
RIGHT,LEFT,False,0.8,weak,1.2,pure_duplication,1,explicit_belief_mixing,0.8148162489759421,0.0037892604166849487,0.8124086677697786,0.8172238301821055,0.0,0.0,0.0,0.0,0.0,0.0,0.0,0.0,0.0,0.0,0.0,0.0,1.0,0.0,1.0,1.0,12
RIGHT,LEFT,False,0.8,weak,1.2,pure_duplication,1,ordinary_flat_aggregation,0.8558561140082727,0.013213469392267781,0.8474606760919545,0.8642515519245908,0.0,0.0,0.0,0.0,0.0,0.0,0.0,0.0,0.0,0.0,0.0,0.0,1.0,0.0,1.0,1.0,12
RIGHT,LEFT,False,0.8,weak,1.2,pure_duplication,1,provenance_preserving,0.8558561140082727,0.013213469392267781,0.8474606760919545,0.8642515519245908,0.0,0.0,0.0,0.0,0.0,0.0,0.0,0.0,0.0,0.0,0.0,0.0,1.0,0.0,1.0,1.0,12
RIGHT,LEFT,False,0.8,weak,1.2,pure_duplication,1,semantic_group_deduplication,0.8248191321798832,0.01411035661673175,0.8158538393081866,0.8337844250515799,0.0,0.0,0.0,0.0,0.0,0.0,0.0,0.0,0.0,0.0,0.0,0.0,1.0,0.0,1.0,1.0,12
RIGHT,LEFT,False,0.8,weak,1.2,pure_duplication,1,single_trajectory_score_average,0.8296324979518842,0.0075785208333699495,0.8248173355395572,0.8344476603642113,0.0,0.0,0.0,0.0,0.0,0.0,0.0,0.0,0.0,0.0,0.0,0.0,1.0,0.0,1.0,1.0,12
RIGHT,LEFT,False,0.8,weak,1.2,pure_duplication,1,source_group_average,0.8296324979518842,0.0075785208333699495,0.8248173355395572,0.8344476603642113,0.0,0.0,0.0,0.0,0.0,0.0,0.0,0.0,0.0,0.0,0.0,0.0,1.0,0.0,1.0,1.0,12
RIGHT,LEFT,False,0.8,weak,1.2,pure_duplication,2,exact_deduplication,0.8291614251156187,0.011927059506280424,0.8215833330463395,0.836739517184898,0.004342292935735598,0.01097890943975648,-0.002633373322233885,0.01131795919370508,0.0,0.0,0.0,0.0,0.0,0.0,0.0,0.0,1.0,0.0,1.0,1.0,12
RIGHT,LEFT,False,0.8,weak,1.2,pure_duplication,2,explicit_belief_mixing,0.8148162489759421,0.0037892604166849487,0.8124086677697786,0.8172238301821055,0.0,0.0,0.0,0.0,0.0,0.0,0.0,0.0,0.0,0.0,0.0,0.0,1.0,0.0,1.0,1.0,12
RIGHT,LEFT,False,0.8,weak,1.2,pure_duplication,2,ordinary_flat_aggregation,0.8972569787881696,0.01975608419937381,0.8847045617475356,0.9098093958288035,0.04140086477989674,0.006628723477403954,0.03718917481665732,0.04561255474313616,0.0,0.0,0.0,0.0,0.0,0.0,0.0,0.0,1.0,0.0,1.0,1.0,12
RIGHT,LEFT,False,0.8,weak,1.2,pure_duplication,2,provenance_preserving,0.8558561140082727,0.013213469392267781,0.8474606760919545,0.8642515519245908,0.0,0.0,0.0,0.0,0.0,0.0,0.0,0.0,0.0,0.0,0.0,0.0,1.0,0.0,1.0,1.0,12
RIGHT,LEFT,False,0.8,weak,1.2,pure_duplication,2,semantic_group_deduplication,0.8291614251156187,0.011927059506280424,0.8215833330463395,0.836739517184898,0.004342292935735598,0.01097890943975648,-0.002633373322233885,0.01131795919370508,0.0,0.0,0.0,0.0,0.0,0.0,0.0,0.0,1.0,0.0,1.0,1.0,12
RIGHT,LEFT,False,0.8,weak,1.2,pure_duplication,2,single_trajectory_score_average,0.8296324979518842,0.007578520833369935,0.8248173355395572,0.8344476603642113,0.0,4.734006883291518e-17,-3.007844473258028e-17,3.007844473258028e-17,0.0,0.0,0.0,0.0,0.0,0.0,0.0,0.0,1.0,0.0,1.0,1.0,12
RIGHT,LEFT,False,0.8,weak,1.2,pure_duplication,2,source_group_average,0.8296324979518842,0.0075785208333699495,0.8248173355395572,0.8344476603642113,0.0,0.0,0.0,0.0,0.0,0.0,0.0,0.0,0.0,0.0,0.0,0.0,1.0,0.0,1.0,1.0,12
RIGHT,LEFT,False,0.8,weak,1.2,pure_duplication,4,exact_deduplication,0.8267262828701307,0.012918759698999135,0.818518094559478,0.8349344711807835,0.00190715069024755,0.01625626216537371,-0.00842158551893085,0.01223588689942595,0.0,0.0,0.0,0.0,0.0,0.0,0.0,0.0,1.0,0.0,1.0,1.0,12
RIGHT,LEFT,False,0.8,weak,1.2,pure_duplication,4,explicit_belief_mixing,0.8148162489759421,0.0037892604166849487,0.8124086677697786,0.8172238301821055,0.0,0.0,0.0,0.0,0.0,0.0,0.0,0.0,0.0,0.0,0.0,0.0,1.0,0.0,1.0,1.0,12
RIGHT,LEFT,False,0.8,weak,1.2,pure_duplication,4,ordinary_flat_aggregation,0.9481736348744222,0.021492215122961067,0.9345181328717036,0.9618291368771408,0.09231752086614953,0.009021816217120511,0.08658533231712318,0.09804970941517588,0.0,0.0,0.0,0.0,0.0,0.0,0.0,0.0,1.0,0.0,1.0,1.0,12
RIGHT,LEFT,False,0.8,weak,1.2,pure_duplication,4,provenance_preserving,0.8558561140082727,0.013213469392267781,0.8474606760919545,0.8642515519245908,0.0,0.0,0.0,0.0,0.0,0.0,0.0,0.0,0.0,0.0,0.0,0.0,1.0,0.0,1.0,1.0,12
RIGHT,LEFT,False,0.8,weak,1.2,pure_duplication,4,semantic_group_deduplication,0.8267262828701307,0.012918759698999135,0.818518094559478,0.8349344711807835,0.00190715069024755,0.01625626216537371,-0.00842158551893085,0.01223588689942595,0.0,0.0,0.0,0.0,0.0,0.0,0.0,0.0,1.0,0.0,1.0,1.0,12
RIGHT,LEFT,False,0.8,weak,1.2,pure_duplication,4,single_trajectory_score_average,0.8296324979518842,0.0075785208333699495,0.8248173355395572,0.8344476603642113,0.0,0.0,0.0,0.0,0.0,0.0,0.0,0.0,0.0,0.0,0.0,0.0,1.0,0.0,1.0,1.0,12
RIGHT,LEFT,False,0.8,weak,1.2,pure_duplication,4,source_group_average,0.8296324979518842,0.0075785208333699495,0.8248173355395572,0.8344476603642113,0.0,0.0,0.0,0.0,0.0,0.0,0.0,0.0,0.0,0.0,0.0,0.0,1.0,0.0,1.0,1.0,12
RIGHT,LEFT,False,0.8,weak,1.2,pure_duplication,8,exact_deduplication,0.8286961053241462,0.011326852805304793,0.8214993663987995,0.8358928442494928,0.0038769731442631072,0.016820068037189474,-0.006809988225406054,0.014563934513932269,0.0,0.0,0.0,0.0,0.0,0.0,0.0,0.0,1.0,0.0,1.0,1.0,12
RIGHT,LEFT,False,0.8,weak,1.2,pure_duplication,8,explicit_belief_mixing,0.8148162489759421,0.0037892604166849487,0.8124086677697786,0.8172238301821055,0.0,0.0,0.0,0.0,0.0,0.0,0.0,0.0,0.0,0.0,0.0,0.0,1.0,0.0,1.0,1.0,12
RIGHT,LEFT,False,0.8,weak,1.2,pure_duplication,8,ordinary_flat_aggregation,0.9859899512523672,0.013430132473363643,0.9774568521819571,0.9945230503227773,0.13013383724409455,0.006251465138124505,0.126161845793926,0.1341058286942631,0.0,0.0,0.0,0.0,0.0,0.0,0.0,0.0,1.0,0.0,1.0,1.0,12
RIGHT,LEFT,False,0.8,weak,1.2,pure_duplication,8,provenance_preserving,0.8558561140082727,0.013213469392267781,0.8474606760919545,0.8642515519245908,0.0,0.0,0.0,0.0,0.0,0.0,0.0,0.0,0.0,0.0,0.0,0.0,1.0,0.0,1.0,1.0,12
RIGHT,LEFT,False,0.8,weak,1.2,pure_duplication,8,semantic_group_deduplication,0.8286961053241462,0.011326852805304793,0.8214993663987995,0.8358928442494928,0.0038769731442631072,0.016820068037189474,-0.006809988225406054,0.014563934513932269,0.0,0.0,0.0,0.0,0.0,0.0,0.0,0.0,1.0,0.0,1.0,1.0,12
RIGHT,LEFT,False,0.8,weak,1.2,pure_duplication,8,single_trajectory_score_average,0.8296324979518842,0.0075785208333699495,0.8248173355395572,0.8344476603642113,0.0,0.0,0.0,0.0,0.0,0.0,0.0,0.0,0.0,0.0,0.0,0.0,1.0,0.0,1.0,1.0,12
RIGHT,LEFT,False,0.8,weak,1.2,pure_duplication,8,source_group_average,0.8296324979518842,0.0075785208333699495,0.8248173355395572,0.8344476603642113,0.0,0.0,0.0,0.0,0.0,0.0,0.0,0.0,0.0,0.0,0.0,0.0,1.0,0.0,1.0,1.0,12
RIGHT,LEFT,False,0.8,weak,1.2,pure_duplication,16,exact_deduplication,0.8251099503984435,0.012528845769102332,0.8171495015795152,0.8330703992173718,0.0002908182185601034,0.008097917956383599,-0.004854353381416516,0.005435989818536722,0.0,0.0,0.0,0.0,0.0,0.0,0.0,0.0,1.0,0.0,1.0,1.0,12
RIGHT,LEFT,False,0.8,weak,1.2,pure_duplication,16,explicit_belief_mixing,0.8148162489759421,0.0037892604166849487,0.8124086677697786,0.8172238301821055,0.0,0.0,0.0,0.0,0.0,0.0,0.0,0.0,0.0,0.0,0.0,0.0,1.0,0.0,1.0,1.0,12
RIGHT,LEFT,False,0.8,weak,1.2,pure_duplication,16,ordinary_flat_aggregation,0.998442927457607,0.0034680795485750775,0.9962394148391911,1.0006464400760229,0.14258681344933444,0.010885187069796139,0.13567069554426253,0.14950293135440634,0.0,0.0,0.0,0.0,0.0,0.0,0.0,0.0,1.0,0.0,1.0,1.0,12
RIGHT,LEFT,False,0.8,weak,1.2,pure_duplication,16,provenance_preserving,0.8558561140082727,0.013213469392267781,0.8474606760919545,0.8642515519245908,0.0,0.0,0.0,0.0,0.0,0.0,0.0,0.0,0.0,0.0,0.0,0.0,1.0,0.0,1.0,1.0,12
RIGHT,LEFT,False,0.8,weak,1.2,pure_duplication,16,semantic_group_deduplication,0.8251099503984435,0.012528845769102332,0.8171495015795152,0.8330703992173718,0.0002908182185601034,0.008097917956383599,-0.004854353381416516,0.005435989818536722,0.0,0.0,0.0,0.0,0.0,0.0,0.0,0.0,1.0,0.0,1.0,1.0,12
RIGHT,LEFT,False,0.8,weak,1.2,pure_duplication,16,single_trajectory_score_average,0.8296324979518842,0.007578520833369931,0.8248173355395572,0.8344476603642113,-9.25185853854297e-18,3.204937810639273e-17,-2.961506188514317e-17,1.1111344808057227e-17,0.0,0.0,0.0,0.0,0.0,0.0,0.0,0.0,1.0,0.0,1.0,1.0,12
RIGHT,LEFT,False,0.8,weak,1.2,pure_duplication,16,source_group_average,0.8296324979518842,0.0075785208333699495,0.8248173355395572,0.8344476603642113,0.0,0.0,0.0,0.0,0.0,0.0,0.0,0.0,0.0,0.0,0.0,0.0,1.0,0.0,1.0,1.0,12
RIGHT,RIGHT,True,0.2,medium,1.5,independent_rollout,1,exact_deduplication,0.9999899053599716,3.60606360291841e-06,0.9999876141764676,0.9999921965434755,0.0,0.0,0.0,0.0,0.0,0.0,0.0,0.0,1.0,0.0,1.0,1.0,0.0,0.0,0.0,0.0,12
RIGHT,RIGHT,True,0.2,medium,1.5,independent_rollout,1,explicit_belief_mixing,0.23641718119107816,0.0012215576878143496,0.2356410404649152,0.2371933219172411,0.0,0.0,0.0,0.0,0.0,0.0,0.0,0.0,0.0,0.0,0.0,0.0,1.0,0.0,1.0,1.0,12
RIGHT,RIGHT,True,0.2,medium,1.5,independent_rollout,1,ordinary_flat_aggregation,0.9999899053599716,3.60606360291841e-06,0.9999876141764676,0.9999921965434755,0.0,0.0,0.0,0.0,0.0,0.0,0.0,0.0,1.0,0.0,1.0,1.0,0.0,0.0,0.0,0.0,12
RIGHT,RIGHT,True,0.2,medium,1.5,independent_rollout,1,provenance_preserving,0.9999899053599716,3.60606360291841e-06,0.9999876141764676,0.9999921965434755,0.0,0.0,0.0,0.0,0.0,0.0,0.0,0.0,1.0,0.0,1.0,1.0,0.0,0.0,0.0,0.0,12
RIGHT,RIGHT,True,0.2,medium,1.5,independent_rollout,1,semantic_group_deduplication,0.3594334534440941,0.03001571477141107,0.340362378134777,0.37850452875341123,0.0,0.0,0.0,0.0,0.0,0.0,0.0,0.0,0.0,0.0,0.0,0.0,1.0,0.0,1.0,1.0,12
RIGHT,RIGHT,True,0.2,medium,1.5,independent_rollout,1,single_trajectory_score_average,0.2728343623821564,0.002443115375628699,0.2712820809298305,0.2743866438344823,0.0,0.0,0.0,0.0,0.0,0.0,0.0,0.0,0.0,0.0,0.0,0.0,1.0,0.0,1.0,1.0,12
RIGHT,RIGHT,True,0.2,medium,1.5,independent_rollout,1,source_group_average,0.2728343623821564,0.002443115375628699,0.2712820809298305,0.2743866438344823,0.0,0.0,0.0,0.0,0.0,0.0,0.0,0.0,0.0,0.0,0.0,0.0,1.0,0.0,1.0,1.0,12
RIGHT,RIGHT,True,0.2,medium,1.5,independent_rollout,2,exact_deduplication,0.9999899053599716,3.60606360291841e-06,0.9999876141764676,0.9999921965434755,0.0,0.0,0.0,0.0,0.0,0.0,0.0,0.0,1.0,0.0,1.0,1.0,0.0,0.0,0.0,0.0,12
RIGHT,RIGHT,True,0.2,medium,1.5,independent_rollout,2,explicit_belief_mixing,0.23641718119107816,0.0012215576878143511,0.2356410404649152,0.2371933219172411,-2.3129646346357427e-18,1.8556209996953883e-17,-1.4103017978442022e-17,9.477088709170535e-18,0.0,0.0,0.0,0.0,0.0,0.0,0.0,0.0,1.0,0.0,1.0,1.0,12
RIGHT,RIGHT,True,0.2,medium,1.5,independent_rollout,2,ordinary_flat_aggregation,0.9999899053599716,3.60606360291841e-06,0.9999876141764676,0.9999921965434755,0.0,0.0,0.0,0.0,0.0,0.0,0.0,0.0,1.0,0.0,1.0,1.0,0.0,0.0,0.0,0.0,12
RIGHT,RIGHT,True,0.2,medium,1.5,independent_rollout,2,provenance_preserving,0.9999899053599716,3.60606360291841e-06,0.9999876141764676,0.9999921965434755,0.0,0.0,0.0,0.0,0.0,0.0,0.0,0.0,1.0,0.0,1.0,1.0,0.0,0.0,0.0,0.0,12
RIGHT,RIGHT,True,0.2,medium,1.5,independent_rollout,2,semantic_group_deduplication,0.36241280721745794,0.03339851495626204,0.34119240321239,0.38363321122252586,0.0029793537733638956,0.038912709720132464,-0.02174460243470461,0.0277033099814324,0.0,0.0,0.0,0.0,0.0,0.0,0.0,0.0,1.0,0.0,1.0,1.0,12
RIGHT,RIGHT,True,0.2,medium,1.5,independent_rollout,2,single_trajectory_score_average,0.27283436238215636,0.002443115375628702,0.27128208092983047,0.27438664383448225,-4.625929269271485e-18,3.7112419993907765e-17,-2.8206035956884043e-17,1.895417741834107e-17,0.0,0.0,0.0,0.0,0.0,0.0,0.0,0.0,1.0,0.0,1.0,1.0,12
RIGHT,RIGHT,True,0.2,medium,1.5,independent_rollout,2,source_group_average,0.27283436238215636,0.002443115375628702,0.27128208092983047,0.27438664383448225,-4.625929269271485e-18,3.7112419993907765e-17,-2.8206035956884043e-17,1.895417741834107e-17,0.0,0.0,0.0,0.0,0.0,0.0,0.0,0.0,1.0,0.0,1.0,1.0,12
RIGHT,RIGHT,True,0.2,medium,1.5,independent_rollout,4,exact_deduplication,0.9999899053599716,3.60606360291841e-06,0.9999876141764676,0.9999921965434755,0.0,0.0,0.0,0.0,0.0,0.0,0.0,0.0,1.0,0.0,1.0,1.0,0.0,0.0,0.0,0.0,12
RIGHT,RIGHT,True,0.2,medium,1.5,independent_rollout,4,explicit_belief_mixing,0.23641718119107816,0.001221557687814348,0.2356410404649152,0.2371933219172411,-6.938893903907228e-18,1.7252354003962106e-17,-1.7900516673122142e-17,4.022728865307683e-18,0.0,0.0,0.0,0.0,0.0,0.0,0.0,0.0,1.0,0.0,1.0,1.0,12
RIGHT,RIGHT,True,0.2,medium,1.5,independent_rollout,4,ordinary_flat_aggregation,0.9999899053599716,3.60606360291841e-06,0.9999876141764676,0.9999921965434755,0.0,0.0,0.0,0.0,0.0,0.0,0.0,0.0,1.0,0.0,1.0,1.0,0.0,0.0,0.0,0.0,12
RIGHT,RIGHT,True,0.2,medium,1.5,independent_rollout,4,provenance_preserving,0.9999899053599716,3.60606360291841e-06,0.9999876141764676,0.9999921965434755,0.0,0.0,0.0,0.0,0.0,0.0,0.0,0.0,1.0,0.0,1.0,1.0,0.0,0.0,0.0,0.0,12
RIGHT,RIGHT,True,0.2,medium,1.5,independent_rollout,4,semantic_group_deduplication,0.3720919606313294,0.019439825936752742,0.3597404845041327,0.38444343675852605,0.012658507187235319,0.030858907110004816,-0.006948306974613695,0.03226532134908433,0.0,0.0,0.0,0.0,0.0,0.0,0.0,0.0,1.0,0.0,1.0,1.0,12
RIGHT,RIGHT,True,0.2,medium,1.5,independent_rollout,4,single_trajectory_score_average,0.27283436238215636,0.002443115375628696,0.27128208092983047,0.27438664383448225,-1.3877787807814457e-17,3.450470800792421e-17,-3.5801033346244283e-17,8.045457730615367e-18,0.0,0.0,0.0,0.0,0.0,0.0,0.0,0.0,1.0,0.0,1.0,1.0,12
RIGHT,RIGHT,True,0.2,medium,1.5,independent_rollout,4,source_group_average,0.27283436238215636,0.002443115375628696,0.27128208092983047,0.27438664383448225,-1.3877787807814457e-17,3.450470800792421e-17,-3.5801033346244283e-17,8.045457730615367e-18,0.0,0.0,0.0,0.0,0.0,0.0,0.0,0.0,1.0,0.0,1.0,1.0,12
RIGHT,RIGHT,True,0.2,medium,1.5,independent_rollout,8,exact_deduplication,0.9999899053599716,3.60606360291841e-06,0.9999876141764676,0.9999921965434755,0.0,0.0,0.0,0.0,0.0,0.0,0.0,0.0,1.0,0.0,1.0,1.0,0.0,0.0,0.0,0.0,12
RIGHT,RIGHT,True,0.2,medium,1.5,independent_rollout,8,explicit_belief_mixing,0.23641718119107816,0.0012215576878143463,0.2356410404649152,0.2371933219172411,-2.3129646346357427e-18,1.4292141096839885e-17,-1.1393757854620285e-17,6.767828585348801e-18,0.0,0.0,0.0,0.0,0.0,0.0,0.0,0.0,1.0,0.0,1.0,1.0,12
RIGHT,RIGHT,True,0.2,medium,1.5,independent_rollout,8,ordinary_flat_aggregation,0.9999899053599716,3.60606360291841e-06,0.9999876141764676,0.9999921965434755,0.0,0.0,0.0,0.0,0.0,0.0,0.0,0.0,1.0,0.0,1.0,1.0,0.0,0.0,0.0,0.0,12
RIGHT,RIGHT,True,0.2,medium,1.5,independent_rollout,8,provenance_preserving,0.9999899053599716,3.60606360291841e-06,0.9999876141764676,0.9999921965434755,0.0,0.0,0.0,0.0,0.0,0.0,0.0,0.0,1.0,0.0,1.0,1.0,0.0,0.0,0.0,0.0,12
RIGHT,RIGHT,True,0.2,medium,1.5,independent_rollout,8,semantic_group_deduplication,0.366569177795175,0.01843014918902125,0.3548592196674895,0.3782791359228605,0.007135724351080873,0.031034320592344036,-0.01258254222019559,0.026853990922357334,0.0,0.0,0.0,0.0,0.0,0.0,0.0,0.0,1.0,0.0,1.0,1.0,12
RIGHT,RIGHT,True,0.2,medium,1.5,independent_rollout,8,single_trajectory_score_average,0.27283436238215636,0.0024431153756286927,0.27128208092983047,0.27438664383448225,-4.625929269271485e-18,2.858428219367977e-17,-2.278751570924057e-17,1.3535657170697601e-17,0.0,0.0,0.0,0.0,0.0,0.0,0.0,0.0,1.0,0.0,1.0,1.0,12
RIGHT,RIGHT,True,0.2,medium,1.5,independent_rollout,8,source_group_average,0.27283436238215636,0.0024431153756286927,0.27128208092983047,0.27438664383448225,-4.625929269271485e-18,2.858428219367977e-17,-2.278751570924057e-17,1.3535657170697601e-17,0.0,0.0,0.0,0.0,0.0,0.0,0.0,0.0,1.0,0.0,1.0,1.0,12
RIGHT,RIGHT,True,0.2,medium,1.5,independent_rollout,16,exact_deduplication,0.9999899053599716,3.60606360291841e-06,0.9999876141764676,0.9999921965434755,0.0,0.0,0.0,0.0,0.0,0.0,0.0,0.0,1.0,0.0,1.0,1.0,0.0,0.0,0.0,0.0,12
RIGHT,RIGHT,True,0.2,medium,1.5,independent_rollout,16,explicit_belief_mixing,0.23641718119107816,0.001221557687814354,0.2356410404649152,0.2371933219172411,-2.3129646346357427e-18,2.2009101793806193e-17,-1.6296880759794606e-17,1.167095149052312e-17,0.0,0.0,0.0,0.0,0.0,0.0,0.0,0.0,1.0,0.0,1.0,1.0,12
RIGHT,RIGHT,True,0.2,medium,1.5,independent_rollout,16,ordinary_flat_aggregation,0.9999899053599716,3.60606360291841e-06,0.9999876141764676,0.9999921965434755,0.0,0.0,0.0,0.0,0.0,0.0,0.0,0.0,1.0,0.0,1.0,1.0,0.0,0.0,0.0,0.0,12
RIGHT,RIGHT,True,0.2,medium,1.5,independent_rollout,16,provenance_preserving,0.9999899053599716,3.60606360291841e-06,0.9999876141764676,0.9999921965434755,0.0,0.0,0.0,0.0,0.0,0.0,0.0,0.0,1.0,0.0,1.0,1.0,0.0,0.0,0.0,0.0,12
RIGHT,RIGHT,True,0.2,medium,1.5,independent_rollout,16,semantic_group_deduplication,0.35383478958215503,0.015220508644051058,0.34416413976397103,0.363505439400339,-0.005598663861939028,0.033255624564074375,-0.0267282796432001,0.015530951919322047,0.0,0.0,0.0,0.0,0.0,0.0,0.0,0.0,1.0,0.0,1.0,1.0,12
RIGHT,RIGHT,True,0.2,medium,1.5,independent_rollout,16,single_trajectory_score_average,0.2728343623821564,0.002443115375628708,0.2712820809298305,0.2743866438344823,-4.625929269271485e-18,4.4018203587612386e-17,-3.259376151958921e-17,2.334190298104624e-17,0.0,0.0,0.0,0.0,0.0,0.0,0.0,0.0,1.0,0.0,1.0,1.0,12
RIGHT,RIGHT,True,0.2,medium,1.5,independent_rollout,16,source_group_average,0.2728343623821564,0.002443115375628708,0.2712820809298305,0.2743866438344823,-4.625929269271485e-18,4.4018203587612386e-17,-3.259376151958921e-17,2.334190298104624e-17,0.0,0.0,0.0,0.0,0.0,0.0,0.0,0.0,1.0,0.0,1.0,1.0,12
RIGHT,RIGHT,True,0.2,medium,1.5,pure_duplication,1,exact_deduplication,0.27446128360279026,0.012012900257590534,0.2668286509221908,0.2820939162833897,0.0,0.0,0.0,0.0,0.0,0.0,0.0,0.0,0.0,0.0,0.0,0.0,1.0,0.0,1.0,1.0,12
RIGHT,RIGHT,True,0.2,medium,1.5,pure_duplication,1,explicit_belief_mixing,0.23644546795919555,0.004694800302940978,0.23346253415863616,0.23942840175975494,0.0,0.0,0.0,0.0,0.0,0.0,0.0,0.0,0.0,0.0,0.0,0.0,1.0,0.0,1.0,1.0,12
RIGHT,RIGHT,True,0.2,medium,1.5,pure_duplication,1,ordinary_flat_aggregation,0.3600879169659366,0.02189946627439133,0.3461736599264687,0.37400217400540453,0.0,0.0,0.0,0.0,0.0,0.0,0.0,0.0,0.0,0.0,0.0,0.0,1.0,0.0,1.0,1.0,12
RIGHT,RIGHT,True,0.2,medium,1.5,pure_duplication,1,provenance_preserving,0.3600879169659366,0.02189946627439133,0.3461736599264687,0.37400217400540453,0.0,0.0,0.0,0.0,0.0,0.0,0.0,0.0,0.0,0.0,0.0,0.0,1.0,0.0,1.0,1.0,12
RIGHT,RIGHT,True,0.2,medium,1.5,pure_duplication,1,semantic_group_deduplication,0.27446128360279026,0.012012900257590534,0.2668286509221908,0.2820939162833897,0.0,0.0,0.0,0.0,0.0,0.0,0.0,0.0,0.0,0.0,0.0,0.0,1.0,0.0,1.0,1.0,12
RIGHT,RIGHT,True,0.2,medium,1.5,pure_duplication,1,single_trajectory_score_average,0.2728909359183911,0.009389600605881955,0.2669250683172723,0.27885680351950987,0.0,0.0,0.0,0.0,0.0,0.0,0.0,0.0,0.0,0.0,0.0,0.0,1.0,0.0,1.0,1.0,12
RIGHT,RIGHT,True,0.2,medium,1.5,pure_duplication,1,source_group_average,0.2728909359183911,0.009389600605881955,0.2669250683172723,0.27885680351950987,0.0,0.0,0.0,0.0,0.0,0.0,0.0,0.0,0.0,0.0,0.0,0.0,1.0,0.0,1.0,1.0,12
RIGHT,RIGHT,True,0.2,medium,1.5,pure_duplication,2,exact_deduplication,0.27215751447661896,0.012206947662001429,0.26440158995735163,0.2799134389958863,-0.002303769126171346,0.015484096046583273,-0.012141894389886554,0.007534356137543861,0.0,0.0,0.0,0.0,0.0,0.0,0.0,0.0,1.0,0.0,1.0,1.0,12
RIGHT,RIGHT,True,0.2,medium,1.5,pure_duplication,2,explicit_belief_mixing,0.23644546795919555,0.004694800302940976,0.23346253415863616,0.23942840175975494,2.3129646346357427e-18,8.012344526598183e-18,-2.7778362020143068e-18,7.403765471285793e-18,0.0,0.0,0.0,0.0,0.0,0.0,0.0,0.0,1.0,0.0,1.0,1.0,12
RIGHT,RIGHT,True,0.2,medium,1.5,pure_duplication,2,ordinary_flat_aggregation,0.557793495459267,0.047135604574382324,0.527844961118701,0.587742029799833,0.19770557849333048,0.025245301035992308,0.18166547946752418,0.21374567751913678,0.8333333333333334,0.38924947208076144,0.5860160179637635,1.0806506487029033,0.8333333333333334,0.38924947208076144,0.5860160179637635,1.0806506487029033,0.16666666666666666,0.38924947208076144,-0.08065064870290328,0.4139839820362366,12
RIGHT,RIGHT,True,0.2,medium,1.5,pure_duplication,2,provenance_preserving,0.3600879169659366,0.02189946627439133,0.3461736599264687,0.37400217400540453,0.0,0.0,0.0,0.0,0.0,0.0,0.0,0.0,0.0,0.0,0.0,0.0,1.0,0.0,1.0,1.0,12
RIGHT,RIGHT,True,0.2,medium,1.5,pure_duplication,2,semantic_group_deduplication,0.27215751447661896,0.012206947662001429,0.26440158995735163,0.2799134389958863,-0.002303769126171346,0.015484096046583273,-0.012141894389886554,0.007534356137543861,0.0,0.0,0.0,0.0,0.0,0.0,0.0,0.0,1.0,0.0,1.0,1.0,12
RIGHT,RIGHT,True,0.2,medium,1.5,pure_duplication,2,single_trajectory_score_average,0.2728909359183911,0.009389600605881952,0.2669250683172723,0.27885680351950987,4.625929269271485e-18,1.6024689053196365e-17,-5.5556724040286136e-18,1.4807530942571585e-17,0.0,0.0,0.0,0.0,0.0,0.0,0.0,0.0,1.0,0.0,1.0,1.0,12
RIGHT,RIGHT,True,0.2,medium,1.5,pure_duplication,2,source_group_average,0.2728909359183911,0.009389600605881955,0.2669250683172723,0.27885680351950987,0.0,0.0,0.0,0.0,0.0,0.0,0.0,0.0,0.0,0.0,0.0,0.0,1.0,0.0,1.0,1.0,12
RIGHT,RIGHT,True,0.2,medium,1.5,pure_duplication,4,exact_deduplication,0.27087131731804276,0.01872706184830188,0.25897270988686566,0.28276992474921986,-0.0035899662847475636,0.018688347319407442,-0.015463975677805868,0.00828404310831074,0.0,0.0,0.0,0.0,0.0,0.0,0.0,0.0,1.0,0.0,1.0,1.0,12
RIGHT,RIGHT,True,0.2,medium,1.5,pure_duplication,4,explicit_belief_mixing,0.23644546795919555,0.004694800302940978,0.23346253415863616,0.23942840175975494,0.0,0.0,0.0,0.0,0.0,0.0,0.0,0.0,0.0,0.0,0.0,0.0,1.0,0.0,1.0,1.0,12
RIGHT,RIGHT,True,0.2,medium,1.5,pure_duplication,4,ordinary_flat_aggregation,0.8588334551466209,0.04816998080131112,0.828227709506169,0.8894392007870728,0.4987455381806843,0.02662092950538895,0.4818314065243943,0.5156596698369743,1.0,0.0,1.0,1.0,1.0,0.0,1.0,1.0,0.0,0.0,0.0,0.0,12
RIGHT,RIGHT,True,0.2,medium,1.5,pure_duplication,4,provenance_preserving,0.3600879169659366,0.02189946627439133,0.3461736599264687,0.37400217400540453,0.0,0.0,0.0,0.0,0.0,0.0,0.0,0.0,0.0,0.0,0.0,0.0,1.0,0.0,1.0,1.0,12
RIGHT,RIGHT,True,0.2,medium,1.5,pure_duplication,4,semantic_group_deduplication,0.27087131731804276,0.01872706184830188,0.25897270988686566,0.28276992474921986,-0.0035899662847475636,0.018688347319407442,-0.015463975677805868,0.00828404310831074,0.0,0.0,0.0,0.0,0.0,0.0,0.0,0.0,1.0,0.0,1.0,1.0,12
RIGHT,RIGHT,True,0.2,medium,1.5,pure_duplication,4,single_trajectory_score_average,0.2728909359183911,0.009389600605881955,0.2669250683172723,0.27885680351950987,0.0,0.0,0.0,0.0,0.0,0.0,0.0,0.0,0.0,0.0,0.0,0.0,1.0,0.0,1.0,1.0,12
RIGHT,RIGHT,True,0.2,medium,1.5,pure_duplication,4,source_group_average,0.2728909359183911,0.009389600605881955,0.2669250683172723,0.27885680351950987,0.0,0.0,0.0,0.0,0.0,0.0,0.0,0.0,0.0,0.0,0.0,0.0,1.0,0.0,1.0,1.0,12
RIGHT,RIGHT,True,0.2,medium,1.5,pure_duplication,8,exact_deduplication,0.27247827039301653,0.0179420871271917,0.26107841210495364,0.2838781286810794,-0.0019830132097737596,0.02332333346712267,-0.01680195230228773,0.012835925882740214,0.0,0.0,0.0,0.0,0.0,0.0,0.0,0.0,1.0,0.0,1.0,1.0,12
RIGHT,RIGHT,True,0.2,medium,1.5,pure_duplication,8,explicit_belief_mixing,0.23644546795919555,0.004694800302940978,0.23346253415863616,0.23942840175975494,0.0,0.0,0.0,0.0,0.0,0.0,0.0,0.0,0.0,0.0,0.0,0.0,1.0,0.0,1.0,1.0,12
RIGHT,RIGHT,True,0.2,medium,1.5,pure_duplication,8,ordinary_flat_aggregation,0.9919832144075699,0.006692162313382413,0.9877312173309502,0.9962352114841896,0.6318952974416333,0.015731633854254048,0.6218998941584558,0.6418907007248108,1.0,0.0,1.0,1.0,1.0,0.0,1.0,1.0,0.0,0.0,0.0,0.0,12
RIGHT,RIGHT,True,0.2,medium,1.5,pure_duplication,8,provenance_preserving,0.3600879169659366,0.02189946627439133,0.3461736599264687,0.37400217400540453,0.0,0.0,0.0,0.0,0.0,0.0,0.0,0.0,0.0,0.0,0.0,0.0,1.0,0.0,1.0,1.0,12
RIGHT,RIGHT,True,0.2,medium,1.5,pure_duplication,8,semantic_group_deduplication,0.27247827039301653,0.0179420871271917,0.26107841210495364,0.2838781286810794,-0.0019830132097737596,0.02332333346712267,-0.01680195230228773,0.012835925882740214,0.0,0.0,0.0,0.0,0.0,0.0,0.0,0.0,1.0,0.0,1.0,1.0,12
RIGHT,RIGHT,True,0.2,medium,1.5,pure_duplication,8,single_trajectory_score_average,0.2728909359183911,0.009389600605881955,0.2669250683172723,0.27885680351950987,0.0,0.0,0.0,0.0,0.0,0.0,0.0,0.0,0.0,0.0,0.0,0.0,1.0,0.0,1.0,1.0,12
RIGHT,RIGHT,True,0.2,medium,1.5,pure_duplication,8,source_group_average,0.2728909359183911,0.009389600605881955,0.2669250683172723,0.27885680351950987,0.0,0.0,0.0,0.0,0.0,0.0,0.0,0.0,0.0,0.0,0.0,0.0,1.0,0.0,1.0,1.0,12
RIGHT,RIGHT,True,0.2,medium,1.5,pure_duplication,16,exact_deduplication,0.2768392553718846,0.012209167559730952,0.26908192039689094,0.28459659034687823,0.0023779717690942856,0.009522358472252718,-0.003672246156071191,0.008428189694259762,0.0,0.0,0.0,0.0,0.0,0.0,0.0,0.0,1.0,0.0,1.0,1.0,12
RIGHT,RIGHT,True,0.2,medium,1.5,pure_duplication,16,explicit_belief_mixing,0.23644546795919555,0.004694800302940978,0.23346253415863616,0.23942840175975494,0.0,0.0,0.0,0.0,0.0,0.0,0.0,0.0,0.0,0.0,0.0,0.0,1.0,0.0,1.0,1.0,12
RIGHT,RIGHT,True,0.2,medium,1.5,pure_duplication,16,ordinary_flat_aggregation,0.9999727144048781,4.468879830964446e-05,0.9999443204970689,1.0000011083126874,0.6398847974389416,0.021862096100466,0.6259942842751961,0.653775310602687,1.0,0.0,1.0,1.0,1.0,0.0,1.0,1.0,0.0,0.0,0.0,0.0,12
RIGHT,RIGHT,True,0.2,medium,1.5,pure_duplication,16,provenance_preserving,0.3600879169659366,0.02189946627439133,0.3461736599264687,0.37400217400540453,0.0,0.0,0.0,0.0,0.0,0.0,0.0,0.0,0.0,0.0,0.0,0.0,1.0,0.0,1.0,1.0,12
RIGHT,RIGHT,True,0.2,medium,1.5,pure_duplication,16,semantic_group_deduplication,0.2768392553718846,0.012209167559730952,0.26908192039689094,0.28459659034687823,0.0023779717690942856,0.009522358472252718,-0.003672246156071191,0.008428189694259762,0.0,0.0,0.0,0.0,0.0,0.0,0.0,0.0,1.0,0.0,1.0,1.0,12
RIGHT,RIGHT,True,0.2,medium,1.5,pure_duplication,16,single_trajectory_score_average,0.2728909359183911,0.009389600605881955,0.2669250683172723,0.27885680351950987,0.0,0.0,0.0,0.0,0.0,0.0,0.0,0.0,0.0,0.0,0.0,0.0,1.0,0.0,1.0,1.0,12
RIGHT,RIGHT,True,0.2,medium,1.5,pure_duplication,16,source_group_average,0.2728909359183911,0.009389600605881955,0.2669250683172723,0.27885680351950987,0.0,0.0,0.0,0.0,0.0,0.0,0.0,0.0,0.0,0.0,0.0,0.0,1.0,0.0,1.0,1.0,12
RIGHT,RIGHT,True,0.2,strong,2.0,independent_rollout,1,exact_deduplication,0.9999999991346904,1.9542335891016117e-10,0.9999999990105243,0.9999999992588565,0.0,0.0,0.0,0.0,0.0,0.0,0.0,0.0,1.0,0.0,1.0,1.0,0.0,0.0,0.0,0.0,12
RIGHT,RIGHT,True,0.2,strong,2.0,independent_rollout,1,explicit_belief_mixing,0.2670941148265542,0.0008322843431407849,0.26656530658368266,0.26762292306942576,0.0,0.0,0.0,0.0,0.0,0.0,0.0,0.0,0.0,0.0,0.0,0.0,1.0,0.0,1.0,1.0,12
RIGHT,RIGHT,True,0.2,strong,2.0,independent_rollout,1,ordinary_flat_aggregation,0.9999999991346904,1.9542335891016117e-10,0.9999999990105243,0.9999999992588565,0.0,0.0,0.0,0.0,0.0,0.0,0.0,0.0,1.0,0.0,1.0,1.0,0.0,0.0,0.0,0.0,12
RIGHT,RIGHT,True,0.2,strong,2.0,independent_rollout,1,provenance_preserving,0.9999999991346904,1.9542335891016117e-10,0.9999999990105243,0.9999999992588565,0.0,0.0,0.0,0.0,0.0,0.0,0.0,0.0,1.0,0.0,1.0,1.0,0.0,0.0,0.0,0.0,12
RIGHT,RIGHT,True,0.2,strong,2.0,independent_rollout,1,semantic_group_deduplication,0.49681484558800815,0.02297749318419783,0.48221564292792246,0.5114140482480938,0.0,0.0,0.0,0.0,0.0,0.0,0.0,0.0,0.3333333333333333,0.49236596391733095,0.020498924786929718,0.6461677418797369,0.6666666666666666,0.49236596391733095,0.35383225812026303,0.9795010752130702,12
RIGHT,RIGHT,True,0.2,strong,2.0,independent_rollout,1,single_trajectory_score_average,0.3341882296531084,0.0016645686862815801,0.3331306131673653,0.3352458461388515,0.0,0.0,0.0,0.0,0.0,0.0,0.0,0.0,0.0,0.0,0.0,0.0,1.0,0.0,1.0,1.0,12
RIGHT,RIGHT,True,0.2,strong,2.0,independent_rollout,1,source_group_average,0.3341882296531084,0.0016645686862815801,0.3331306131673653,0.3352458461388515,0.0,0.0,0.0,0.0,0.0,0.0,0.0,0.0,0.0,0.0,0.0,0.0,1.0,0.0,1.0,1.0,12
RIGHT,RIGHT,True,0.2,strong,2.0,independent_rollout,2,exact_deduplication,0.9999999991346904,1.9542335891016117e-10,0.9999999990105243,0.9999999992588565,0.0,0.0,0.0,0.0,0.0,0.0,0.0,0.0,1.0,0.0,1.0,1.0,0.0,0.0,0.0,0.0,12
RIGHT,RIGHT,True,0.2,strong,2.0,independent_rollout,2,explicit_belief_mixing,0.2670941148265542,0.0008322843431407849,0.26656530658368266,0.26762292306942576,0.0,0.0,0.0,0.0,0.0,0.0,0.0,0.0,0.0,0.0,0.0,0.0,1.0,0.0,1.0,1.0,12
RIGHT,RIGHT,True,0.2,strong,2.0,independent_rollout,2,ordinary_flat_aggregation,0.9999999991346904,1.9542335891016117e-10,0.9999999990105243,0.9999999992588565,0.0,0.0,0.0,0.0,0.0,0.0,0.0,0.0,1.0,0.0,1.0,1.0,0.0,0.0,0.0,0.0,12
RIGHT,RIGHT,True,0.2,strong,2.0,independent_rollout,2,provenance_preserving,0.9999999991346904,1.9542335891016117e-10,0.9999999990105243,0.9999999992588565,0.0,0.0,0.0,0.0,0.0,0.0,0.0,0.0,1.0,0.0,1.0,1.0,0.0,0.0,0.0,0.0,12
RIGHT,RIGHT,True,0.2,strong,2.0,independent_rollout,2,semantic_group_deduplication,0.4932102545865166,0.02143976910791554,0.4795880751919792,0.506832433981054,-0.0036045910014915147,0.036287584104105826,-0.026660621967701522,0.01945143996471849,0.6666666666666666,0.492365963917331,0.35383225812026303,0.9795010752130702,0.3333333333333333,0.49236596391733095,0.020498924786929718,0.6461677418797369,0.6666666666666666,0.49236596391733095,0.35383225812026303,0.9795010752130702,12
RIGHT,RIGHT,True,0.2,strong,2.0,independent_rollout,2,single_trajectory_score_average,0.3341882296531084,0.0016645686862815801,0.3331306131673653,0.3352458461388515,0.0,0.0,0.0,0.0,0.0,0.0,0.0,0.0,0.0,0.0,0.0,0.0,1.0,0.0,1.0,1.0,12
RIGHT,RIGHT,True,0.2,strong,2.0,independent_rollout,2,source_group_average,0.3341882296531084,0.0016645686862815801,0.3331306131673653,0.3352458461388515,0.0,0.0,0.0,0.0,0.0,0.0,0.0,0.0,0.0,0.0,0.0,0.0,1.0,0.0,1.0,1.0,12
RIGHT,RIGHT,True,0.2,strong,2.0,independent_rollout,4,exact_deduplication,0.9999999991346904,1.9542335891016117e-10,0.9999999990105243,0.9999999992588565,0.0,0.0,0.0,0.0,0.0,0.0,0.0,0.0,1.0,0.0,1.0,1.0,0.0,0.0,0.0,0.0,12
RIGHT,RIGHT,True,0.2,strong,2.0,independent_rollout,4,explicit_belief_mixing,0.2670941148265542,0.0008322843431407965,0.26656530658368266,0.26762292306942576,4.625929269271485e-18,1.6024689053196365e-17,-5.5556724040286136e-18,1.4807530942571585e-17,0.0,0.0,0.0,0.0,0.0,0.0,0.0,0.0,1.0,0.0,1.0,1.0,12
RIGHT,RIGHT,True,0.2,strong,2.0,independent_rollout,4,ordinary_flat_aggregation,0.9999999991346904,1.9542335891016117e-10,0.9999999990105243,0.9999999992588565,0.0,0.0,0.0,0.0,0.0,0.0,0.0,0.0,1.0,0.0,1.0,1.0,0.0,0.0,0.0,0.0,12
RIGHT,RIGHT,True,0.2,strong,2.0,independent_rollout,4,provenance_preserving,0.9999999991346904,1.9542335891016117e-10,0.9999999990105243,0.9999999992588565,0.0,0.0,0.0,0.0,0.0,0.0,0.0,0.0,1.0,0.0,1.0,1.0,0.0,0.0,0.0,0.0,12
RIGHT,RIGHT,True,0.2,strong,2.0,independent_rollout,4,semantic_group_deduplication,0.5024614031957275,0.0173912477475978,0.4914115315520466,0.5135112748394084,0.005646557607719362,0.027890280282444436,-0.012074081054901264,0.023367196270339986,0.5833333333333334,0.5149286505444373,0.25616327763932606,0.9105033890273406,0.5833333333333334,0.5149286505444373,0.25616327763932606,0.9105033890273406,0.4166666666666667,0.5149286505444373,0.08949661097265937,0.743836722360674,12
RIGHT,RIGHT,True,0.2,strong,2.0,independent_rollout,4,single_trajectory_score_average,0.3341882296531084,0.0016645686862815936,0.3331306131673653,0.3352458461388515,4.625929269271485e-18,2.858428219367977e-17,-1.3535657170697601e-17,2.278751570924057e-17,0.0,0.0,0.0,0.0,0.0,0.0,0.0,0.0,1.0,0.0,1.0,1.0,12
RIGHT,RIGHT,True,0.2,strong,2.0,independent_rollout,4,source_group_average,0.3341882296531084,0.0016645686862815936,0.3331306131673653,0.3352458461388515,4.625929269271485e-18,2.858428219367977e-17,-1.3535657170697601e-17,2.278751570924057e-17,0.0,0.0,0.0,0.0,0.0,0.0,0.0,0.0,1.0,0.0,1.0,1.0,12
RIGHT,RIGHT,True,0.2,strong,2.0,independent_rollout,8,exact_deduplication,0.9999999991346904,1.9542335891016117e-10,0.9999999990105243,0.9999999992588565,0.0,0.0,0.0,0.0,0.0,0.0,0.0,0.0,1.0,0.0,1.0,1.0,0.0,0.0,0.0,0.0,12
RIGHT,RIGHT,True,0.2,strong,2.0,independent_rollout,8,explicit_belief_mixing,0.2670941148265542,0.0008322843431407895,0.26656530658368266,0.26762292306942576,-4.625929269271485e-18,1.6024689053196365e-17,-1.4807530942571585e-17,5.5556724040286136e-18,0.0,0.0,0.0,0.0,0.0,0.0,0.0,0.0,1.0,0.0,1.0,1.0,12
RIGHT,RIGHT,True,0.2,strong,2.0,independent_rollout,8,ordinary_flat_aggregation,0.9999999991346904,1.9542335891016117e-10,0.9999999990105243,0.9999999992588565,0.0,0.0,0.0,0.0,0.0,0.0,0.0,0.0,1.0,0.0,1.0,1.0,0.0,0.0,0.0,0.0,12
RIGHT,RIGHT,True,0.2,strong,2.0,independent_rollout,8,provenance_preserving,0.9999999991346904,1.9542335891016117e-10,0.9999999990105243,0.9999999992588565,0.0,0.0,0.0,0.0,0.0,0.0,0.0,0.0,1.0,0.0,1.0,1.0,0.0,0.0,0.0,0.0,12
RIGHT,RIGHT,True,0.2,strong,2.0,independent_rollout,8,semantic_group_deduplication,0.5062789954918054,0.022311414962359815,0.49210299874326674,0.5204549922403442,0.009464149903797287,0.034010329192552105,-0.012144982321286671,0.031073282128881247,0.6666666666666666,0.4923659639173309,0.3538322581202631,0.9795010752130702,0.6666666666666666,0.4923659639173309,0.3538322581202631,0.9795010752130702,0.3333333333333333,0.49236596391733095,0.020498924786929718,0.6461677418797369,12
RIGHT,RIGHT,True,0.2,strong,2.0,independent_rollout,8,single_trajectory_score_average,0.3341882296531084,0.0016645686862815864,0.3331306131673653,0.3352458461388515,-9.25185853854297e-18,2.1607686311362423e-17,-2.2980727434131856e-17,4.4770103570459136e-18,0.0,0.0,0.0,0.0,0.0,0.0,0.0,0.0,1.0,0.0,1.0,1.0,12
RIGHT,RIGHT,True,0.2,strong,2.0,independent_rollout,8,source_group_average,0.3341882296531084,0.0016645686862815864,0.3331306131673653,0.3352458461388515,-9.25185853854297e-18,2.1607686311362423e-17,-2.2980727434131856e-17,4.4770103570459136e-18,0.0,0.0,0.0,0.0,0.0,0.0,0.0,0.0,1.0,0.0,1.0,1.0,12
RIGHT,RIGHT,True,0.2,strong,2.0,independent_rollout,16,exact_deduplication,0.9999999991346904,1.9542335891016117e-10,0.9999999990105243,0.9999999992588565,0.0,0.0,0.0,0.0,0.0,0.0,0.0,0.0,1.0,0.0,1.0,1.0,0.0,0.0,0.0,0.0,12
RIGHT,RIGHT,True,0.2,strong,2.0,independent_rollout,16,explicit_belief_mixing,0.2670941148265542,0.0008322843431407965,0.26656530658368266,0.26762292306942576,4.625929269271485e-18,1.6024689053196365e-17,-5.5556724040286136e-18,1.4807530942571585e-17,0.0,0.0,0.0,0.0,0.0,0.0,0.0,0.0,1.0,0.0,1.0,1.0,12
RIGHT,RIGHT,True,0.2,strong,2.0,independent_rollout,16,ordinary_flat_aggregation,0.9999999991346904,1.9542335891016117e-10,0.9999999990105243,0.9999999992588565,0.0,0.0,0.0,0.0,0.0,0.0,0.0,0.0,1.0,0.0,1.0,1.0,0.0,0.0,0.0,0.0,12
RIGHT,RIGHT,True,0.2,strong,2.0,independent_rollout,16,provenance_preserving,0.9999999991346904,1.9542335891016117e-10,0.9999999990105243,0.9999999992588565,0.0,0.0,0.0,0.0,0.0,0.0,0.0,0.0,1.0,0.0,1.0,1.0,0.0,0.0,0.0,0.0,12
RIGHT,RIGHT,True,0.2,strong,2.0,independent_rollout,16,semantic_group_deduplication,0.5023713473791457,0.02933896475804366,0.4837302585142228,0.5210124362440686,0.0055565017911376234,0.039073706521222544,-0.01926974690410072,0.030382750486375964,0.5,0.5222329678670935,0.16818900249253282,0.8318109975074672,0.5,0.5222329678670935,0.16818900249253282,0.8318109975074672,0.5,0.5222329678670935,0.16818900249253282,0.8318109975074672,12
RIGHT,RIGHT,True,0.2,strong,2.0,independent_rollout,16,single_trajectory_score_average,0.3341882296531084,0.0016645686862815966,0.3331306131673653,0.3352458461388515,4.625929269271485e-18,2.858428219367977e-17,-1.3535657170697601e-17,2.278751570924057e-17,0.0,0.0,0.0,0.0,0.0,0.0,0.0,0.0,1.0,0.0,1.0,1.0,12
RIGHT,RIGHT,True,0.2,strong,2.0,independent_rollout,16,source_group_average,0.3341882296531084,0.0016645686862815966,0.3331306131673653,0.3352458461388515,4.625929269271485e-18,2.858428219367977e-17,-1.3535657170697601e-17,2.278751570924057e-17,0.0,0.0,0.0,0.0,0.0,0.0,0.0,0.0,1.0,0.0,1.0,1.0,12
RIGHT,RIGHT,True,0.2,strong,2.0,pure_duplication,1,exact_deduplication,0.33209419785357264,0.01691201475800064,0.3213488163246506,0.34283957938249465,0.0,0.0,0.0,0.0,0.0,0.0,0.0,0.0,0.0,0.0,0.0,0.0,1.0,0.0,1.0,1.0,12
RIGHT,RIGHT,True,0.2,strong,2.0,pure_duplication,1,explicit_belief_mixing,0.26698776559759846,0.005106995102591786,0.2637429357160656,0.2702325954791313,0.0,0.0,0.0,0.0,0.0,0.0,0.0,0.0,0.0,0.0,0.0,0.0,1.0,0.0,1.0,1.0,12
RIGHT,RIGHT,True,0.2,strong,2.0,pure_duplication,1,ordinary_flat_aggregation,0.5009245904775915,0.023133422145559166,0.4862263152820799,0.5156228656731031,0.0,0.0,0.0,0.0,0.0,0.0,0.0,0.0,0.5,0.5222329678670935,0.16818900249253282,0.8318109975074672,0.5,0.5222329678670935,0.16818900249253282,0.8318109975074672,12
RIGHT,RIGHT,True,0.2,strong,2.0,pure_duplication,1,provenance_preserving,0.5009245904775915,0.023133422145559166,0.4862263152820799,0.5156228656731031,0.0,0.0,0.0,0.0,0.0,0.0,0.0,0.0,0.5,0.5222329678670935,0.16818900249253282,0.8318109975074672,0.5,0.5222329678670935,0.16818900249253282,0.8318109975074672,12
RIGHT,RIGHT,True,0.2,strong,2.0,pure_duplication,1,semantic_group_deduplication,0.33209419785357264,0.01691201475800064,0.3213488163246506,0.34283957938249465,0.0,0.0,0.0,0.0,0.0,0.0,0.0,0.0,0.0,0.0,0.0,0.0,1.0,0.0,1.0,1.0,12
RIGHT,RIGHT,True,0.2,strong,2.0,pure_duplication,1,single_trajectory_score_average,0.33397553119519685,0.01021399020518359,0.32748587143213115,0.34046519095826255,0.0,0.0,0.0,0.0,0.0,0.0,0.0,0.0,0.0,0.0,0.0,0.0,1.0,0.0,1.0,1.0,12
RIGHT,RIGHT,True,0.2,strong,2.0,pure_duplication,1,source_group_average,0.33397553119519685,0.01021399020518359,0.32748587143213115,0.34046519095826255,0.0,0.0,0.0,0.0,0.0,0.0,0.0,0.0,0.0,0.0,0.0,0.0,1.0,0.0,1.0,1.0,12
RIGHT,RIGHT,True,0.2,strong,2.0,pure_duplication,2,exact_deduplication,0.3431589578070249,0.016024866989461397,0.3329772430784157,0.35334067253563406,0.01106475995345225,0.021819770689767964,-0.0027988609273318765,0.024928380834236374,0.0,0.0,0.0,0.0,0.0,0.0,0.0,0.0,1.0,0.0,1.0,1.0,12
RIGHT,RIGHT,True,0.2,strong,2.0,pure_duplication,2,explicit_belief_mixing,0.26698776559759835,0.005106995102591782,0.2637429357160655,0.2702325954791312,-4.625929269271485e-18,1.6024689053196365e-17,-1.4807530942571585e-17,5.5556724040286136e-18,0.0,0.0,0.0,0.0,0.0,0.0,0.0,0.0,1.0,0.0,1.0,1.0,12
RIGHT,RIGHT,True,0.2,strong,2.0,pure_duplication,2,ordinary_flat_aggregation,0.7996650496815455,0.03072616209982374,0.7801425776753099,0.8191875216877811,0.29874045920395365,0.007784869239099439,0.2937941892695971,0.3036867291383102,0.5,0.5222329678670935,0.16818900249253282,0.8318109975074672,1.0,0.0,1.0,1.0,0.0,0.0,0.0,0.0,12
RIGHT,RIGHT,True,0.2,strong,2.0,pure_duplication,2,provenance_preserving,0.5009245904775915,0.023133422145559166,0.4862263152820799,0.5156228656731031,0.0,0.0,0.0,0.0,0.0,0.0,0.0,0.0,0.5,0.5222329678670935,0.16818900249253282,0.8318109975074672,0.5,0.5222329678670935,0.16818900249253282,0.8318109975074672,12
RIGHT,RIGHT,True,0.2,strong,2.0,pure_duplication,2,semantic_group_deduplication,0.3431589578070249,0.016024866989461397,0.3329772430784157,0.35334067253563406,0.01106475995345225,0.021819770689767964,-0.0027988609273318765,0.024928380834236374,0.0,0.0,0.0,0.0,0.0,0.0,0.0,0.0,1.0,0.0,1.0,1.0,12
RIGHT,RIGHT,True,0.2,strong,2.0,pure_duplication,2,single_trajectory_score_average,0.3339755311951968,0.010213990205183583,0.3274858714321311,0.3404651909582625,0.0,2.367003441645759e-17,-1.503922236629014e-17,1.503922236629014e-17,0.0,0.0,0.0,0.0,0.0,0.0,0.0,0.0,1.0,0.0,1.0,1.0,12
RIGHT,RIGHT,True,0.2,strong,2.0,pure_duplication,2,source_group_average,0.33397553119519685,0.01021399020518359,0.32748587143213115,0.34046519095826255,0.0,0.0,0.0,0.0,0.0,0.0,0.0,0.0,0.0,0.0,0.0,0.0,1.0,0.0,1.0,1.0,12
RIGHT,RIGHT,True,0.2,strong,2.0,pure_duplication,4,exact_deduplication,0.3292441201466338,0.01580460881461819,0.31920235078570675,0.33928588950756083,-0.0028500777069388147,0.007088620834155813,-0.007353972509941851,0.0016538170960642222,0.0,0.0,0.0,0.0,0.0,0.0,0.0,0.0,1.0,0.0,1.0,1.0,12
RIGHT,RIGHT,True,0.2,strong,2.0,pure_duplication,4,explicit_belief_mixing,0.26698776559759846,0.005106995102591786,0.2637429357160656,0.2702325954791313,0.0,0.0,0.0,0.0,0.0,0.0,0.0,0.0,0.0,0.0,0.0,0.0,1.0,0.0,1.0,1.0,12
RIGHT,RIGHT,True,0.2,strong,2.0,pure_duplication,4,ordinary_flat_aggregation,0.9838244751431975,0.006742657485283158,0.9795403949649956,0.9881085553213994,0.48289988466560585,0.01660741766228947,0.47234803489814764,0.49345173443306406,0.5,0.5222329678670935,0.16818900249253282,0.8318109975074672,1.0,0.0,1.0,1.0,0.0,0.0,0.0,0.0,12
RIGHT,RIGHT,True,0.2,strong,2.0,pure_duplication,4,provenance_preserving,0.5009245904775915,0.023133422145559166,0.4862263152820799,0.5156228656731031,0.0,0.0,0.0,0.0,0.0,0.0,0.0,0.0,0.5,0.5222329678670935,0.16818900249253282,0.8318109975074672,0.5,0.5222329678670935,0.16818900249253282,0.8318109975074672,12
RIGHT,RIGHT,True,0.2,strong,2.0,pure_duplication,4,semantic_group_deduplication,0.3292441201466338,0.01580460881461819,0.31920235078570675,0.33928588950756083,-0.0028500777069388147,0.007088620834155813,-0.007353972509941851,0.0016538170960642222,0.0,0.0,0.0,0.0,0.0,0.0,0.0,0.0,1.0,0.0,1.0,1.0,12
RIGHT,RIGHT,True,0.2,strong,2.0,pure_duplication,4,single_trajectory_score_average,0.33397553119519685,0.01021399020518359,0.32748587143213115,0.34046519095826255,0.0,0.0,0.0,0.0,0.0,0.0,0.0,0.0,0.0,0.0,0.0,0.0,1.0,0.0,1.0,1.0,12
RIGHT,RIGHT,True,0.2,strong,2.0,pure_duplication,4,source_group_average,0.33397553119519685,0.01021399020518359,0.32748587143213115,0.34046519095826255,0.0,0.0,0.0,0.0,0.0,0.0,0.0,0.0,0.0,0.0,0.0,0.0,1.0,0.0,1.0,1.0,12
RIGHT,RIGHT,True,0.2,strong,2.0,pure_duplication,8,exact_deduplication,0.33510879203790256,0.021877524451577063,0.3212084761675356,0.3490091079082695,0.003014594184329908,0.025442114095193324,-0.013150553893363535,0.01917974226202335,0.0,0.0,0.0,0.0,0.0,0.0,0.0,0.0,1.0,0.0,1.0,1.0,12
RIGHT,RIGHT,True,0.2,strong,2.0,pure_duplication,8,explicit_belief_mixing,0.26698776559759846,0.005106995102591786,0.2637429357160656,0.2702325954791313,0.0,0.0,0.0,0.0,0.0,0.0,0.0,0.0,0.0,0.0,0.0,0.0,1.0,0.0,1.0,1.0,12
RIGHT,RIGHT,True,0.2,strong,2.0,pure_duplication,8,ordinary_flat_aggregation,0.9999207155805344,7.806016940441536e-05,0.9998711185151069,0.9999703126459619,0.49899612510294283,0.02306208327586034,0.48434317646276626,0.5136490737431194,0.5,0.5222329678670935,0.16818900249253282,0.8318109975074672,1.0,0.0,1.0,1.0,0.0,0.0,0.0,0.0,12
RIGHT,RIGHT,True,0.2,strong,2.0,pure_duplication,8,provenance_preserving,0.5009245904775915,0.023133422145559166,0.4862263152820799,0.5156228656731031,0.0,0.0,0.0,0.0,0.0,0.0,0.0,0.0,0.5,0.5222329678670935,0.16818900249253282,0.8318109975074672,0.5,0.5222329678670935,0.16818900249253282,0.8318109975074672,12
RIGHT,RIGHT,True,0.2,strong,2.0,pure_duplication,8,semantic_group_deduplication,0.33510879203790256,0.021877524451577063,0.3212084761675356,0.3490091079082695,0.003014594184329908,0.025442114095193324,-0.013150553893363535,0.01917974226202335,0.0,0.0,0.0,0.0,0.0,0.0,0.0,0.0,1.0,0.0,1.0,1.0,12
RIGHT,RIGHT,True,0.2,strong,2.0,pure_duplication,8,single_trajectory_score_average,0.33397553119519685,0.01021399020518359,0.32748587143213115,0.34046519095826255,0.0,0.0,0.0,0.0,0.0,0.0,0.0,0.0,0.0,0.0,0.0,0.0,1.0,0.0,1.0,1.0,12
RIGHT,RIGHT,True,0.2,strong,2.0,pure_duplication,8,source_group_average,0.33397553119519685,0.01021399020518359,0.32748587143213115,0.34046519095826255,0.0,0.0,0.0,0.0,0.0,0.0,0.0,0.0,0.0,0.0,0.0,0.0,1.0,0.0,1.0,1.0,12
RIGHT,RIGHT,True,0.2,strong,2.0,pure_duplication,16,exact_deduplication,0.32819585959450387,0.021273461786773952,0.314679346830601,0.34171237235840674,-0.003898338259068735,0.023268683873344662,-0.018682554656271232,0.010885878138133761,0.0,0.0,0.0,0.0,0.0,0.0,0.0,0.0,1.0,0.0,1.0,1.0,12
RIGHT,RIGHT,True,0.2,strong,2.0,pure_duplication,16,explicit_belief_mixing,0.26698776559759846,0.005106995102591785,0.2637429357160656,0.2702325954791313,4.625929269271485e-18,1.6024689053196365e-17,-5.5556724040286136e-18,1.4807530942571585e-17,0.0,0.0,0.0,0.0,0.0,0.0,0.0,0.0,1.0,0.0,1.0,1.0,12
RIGHT,RIGHT,True,0.2,strong,2.0,pure_duplication,16,ordinary_flat_aggregation,0.9999999970307057,6.597193566022772e-09,0.999999992839049,1.0000000012223627,0.4990754065531144,0.02313341690138587,0.48437713468959154,0.5137736784166372,0.5,0.5222329678670935,0.16818900249253282,0.8318109975074672,1.0,0.0,1.0,1.0,0.0,0.0,0.0,0.0,12
RIGHT,RIGHT,True,0.2,strong,2.0,pure_duplication,16,provenance_preserving,0.5009245904775915,0.023133422145559166,0.4862263152820799,0.5156228656731031,0.0,0.0,0.0,0.0,0.0,0.0,0.0,0.0,0.5,0.5222329678670935,0.16818900249253282,0.8318109975074672,0.5,0.5222329678670935,0.16818900249253282,0.8318109975074672,12
RIGHT,RIGHT,True,0.2,strong,2.0,pure_duplication,16,semantic_group_deduplication,0.32819585959450387,0.021273461786773952,0.314679346830601,0.34171237235840674,-0.003898338259068735,0.023268683873344662,-0.018682554656271232,0.010885878138133761,0.0,0.0,0.0,0.0,0.0,0.0,0.0,0.0,1.0,0.0,1.0,1.0,12
RIGHT,RIGHT,True,0.2,strong,2.0,pure_duplication,16,single_trajectory_score_average,0.33397553119519685,0.010213990205183593,0.32748587143213115,0.34046519095826255,9.25185853854297e-18,2.1607686311362426e-17,-4.477010357045915e-18,2.2980727434131856e-17,0.0,0.0,0.0,0.0,0.0,0.0,0.0,0.0,1.0,0.0,1.0,1.0,12
RIGHT,RIGHT,True,0.2,strong,2.0,pure_duplication,16,source_group_average,0.33397553119519685,0.01021399020518359,0.32748587143213115,0.34046519095826255,0.0,0.0,0.0,0.0,0.0,0.0,0.0,0.0,0.0,0.0,0.0,0.0,1.0,0.0,1.0,1.0,12
RIGHT,RIGHT,True,0.2,weak,1.2,independent_rollout,1,exact_deduplication,0.9878165226396863,0.005479817063318591,0.9843348129855365,0.9912982322938362,0.0,0.0,0.0,0.0,0.0,0.0,0.0,0.0,1.0,0.0,1.0,1.0,0.0,0.0,0.0,0.0,12
RIGHT,RIGHT,True,0.2,weak,1.2,independent_rollout,1,explicit_belief_mixing,0.21563760877902402,0.0013511954074739577,0.2147791001754547,0.21649611738259333,0.0,0.0,0.0,0.0,0.0,0.0,0.0,0.0,0.0,0.0,0.0,0.0,1.0,0.0,1.0,1.0,12
RIGHT,RIGHT,True,0.2,weak,1.2,independent_rollout,1,ordinary_flat_aggregation,0.9878165226396863,0.005479817063318591,0.9843348129855365,0.9912982322938362,0.0,0.0,0.0,0.0,0.0,0.0,0.0,0.0,1.0,0.0,1.0,1.0,0.0,0.0,0.0,0.0,12
RIGHT,RIGHT,True,0.2,weak,1.2,independent_rollout,1,provenance_preserving,0.9878165226396863,0.005479817063318591,0.9843348129855365,0.9912982322938362,0.0,0.0,0.0,0.0,0.0,0.0,0.0,0.0,1.0,0.0,1.0,1.0,0.0,0.0,0.0,0.0,12
RIGHT,RIGHT,True,0.2,weak,1.2,independent_rollout,1,semantic_group_deduplication,0.26480503283468654,0.015713881450743414,0.25482090889057696,0.2747891567787961,0.0,0.0,0.0,0.0,0.0,0.0,0.0,0.0,0.0,0.0,0.0,0.0,1.0,0.0,1.0,1.0,12
RIGHT,RIGHT,True,0.2,weak,1.2,independent_rollout,1,single_trajectory_score_average,0.23127521755804795,0.0027023908149479193,0.2295582003509093,0.2329922347651866,0.0,0.0,0.0,0.0,0.0,0.0,0.0,0.0,0.0,0.0,0.0,0.0,1.0,0.0,1.0,1.0,12
RIGHT,RIGHT,True,0.2,weak,1.2,independent_rollout,1,source_group_average,0.23127521755804795,0.0027023908149479193,0.2295582003509093,0.2329922347651866,0.0,0.0,0.0,0.0,0.0,0.0,0.0,0.0,0.0,0.0,0.0,0.0,1.0,0.0,1.0,1.0,12
RIGHT,RIGHT,True,0.2,weak,1.2,independent_rollout,2,exact_deduplication,0.9878165226396863,0.005479817063318591,0.9843348129855365,0.9912982322938362,0.0,0.0,0.0,0.0,0.0,0.0,0.0,0.0,1.0,0.0,1.0,1.0,0.0,0.0,0.0,0.0,12
RIGHT,RIGHT,True,0.2,weak,1.2,independent_rollout,2,explicit_belief_mixing,0.21563760877902402,0.00135119540747395,0.2147791001754547,0.21649611738259333,-4.625929269271485e-18,1.6024689053196368e-17,-1.4807530942571585e-17,5.555672404028615e-18,0.0,0.0,0.0,0.0,0.0,0.0,0.0,0.0,1.0,0.0,1.0,1.0,12
RIGHT,RIGHT,True,0.2,weak,1.2,independent_rollout,2,ordinary_flat_aggregation,0.9878165226396863,0.005479817063318591,0.9843348129855365,0.9912982322938362,0.0,0.0,0.0,0.0,0.0,0.0,0.0,0.0,1.0,0.0,1.0,1.0,0.0,0.0,0.0,0.0,12
RIGHT,RIGHT,True,0.2,weak,1.2,independent_rollout,2,provenance_preserving,0.9878165226396863,0.005479817063318591,0.9843348129855365,0.9912982322938362,0.0,0.0,0.0,0.0,0.0,0.0,0.0,0.0,1.0,0.0,1.0,1.0,0.0,0.0,0.0,0.0,12
RIGHT,RIGHT,True,0.2,weak,1.2,independent_rollout,2,semantic_group_deduplication,0.2596744286686487,0.023849386742623952,0.24452125127096022,0.27482760606633716,-0.005130604166037817,0.021295490105724364,-0.018661113056064636,0.008399904723989,0.0,0.0,0.0,0.0,0.0,0.0,0.0,0.0,1.0,0.0,1.0,1.0,12
RIGHT,RIGHT,True,0.2,weak,1.2,independent_rollout,2,single_trajectory_score_average,0.23127521755804795,0.0027023908149479076,0.2295582003509093,0.2329922347651866,-6.938893903907228e-18,1.7252354003962106e-17,-1.7900516673122142e-17,4.022728865307683e-18,0.0,0.0,0.0,0.0,0.0,0.0,0.0,0.0,1.0,0.0,1.0,1.0,12
RIGHT,RIGHT,True,0.2,weak,1.2,independent_rollout,2,source_group_average,0.23127521755804795,0.0027023908149479076,0.2295582003509093,0.2329922347651866,-6.938893903907228e-18,1.7252354003962106e-17,-1.7900516673122142e-17,4.022728865307683e-18,0.0,0.0,0.0,0.0,0.0,0.0,0.0,0.0,1.0,0.0,1.0,1.0,12
RIGHT,RIGHT,True,0.2,weak,1.2,independent_rollout,4,exact_deduplication,0.9878165226396863,0.005479817063318591,0.9843348129855365,0.9912982322938362,0.0,0.0,0.0,0.0,0.0,0.0,0.0,0.0,1.0,0.0,1.0,1.0,0.0,0.0,0.0,0.0,12
RIGHT,RIGHT,True,0.2,weak,1.2,independent_rollout,4,explicit_belief_mixing,0.21563760877902402,0.0013511954074739544,0.2147791001754547,0.21649611738259333,-2.3129646346357427e-18,1.4292141096839885e-17,-1.1393757854620285e-17,6.767828585348801e-18,0.0,0.0,0.0,0.0,0.0,0.0,0.0,0.0,1.0,0.0,1.0,1.0,12
RIGHT,RIGHT,True,0.2,weak,1.2,independent_rollout,4,ordinary_flat_aggregation,0.9878165226396863,0.005479817063318591,0.9843348129855365,0.9912982322938362,0.0,0.0,0.0,0.0,0.0,0.0,0.0,0.0,1.0,0.0,1.0,1.0,0.0,0.0,0.0,0.0,12
RIGHT,RIGHT,True,0.2,weak,1.2,independent_rollout,4,provenance_preserving,0.9878165226396863,0.005479817063318591,0.9843348129855365,0.9912982322938362,0.0,0.0,0.0,0.0,0.0,0.0,0.0,0.0,1.0,0.0,1.0,1.0,0.0,0.0,0.0,0.0,12
RIGHT,RIGHT,True,0.2,weak,1.2,independent_rollout,4,semantic_group_deduplication,0.26271022169580194,0.017987324628781453,0.2512816208704983,0.27413882252110555,-0.002094811138884584,0.017239664893094555,-0.013048371631695078,0.008858749353925909,0.0,0.0,0.0,0.0,0.0,0.0,0.0,0.0,1.0,0.0,1.0,1.0,12
RIGHT,RIGHT,True,0.2,weak,1.2,independent_rollout,4,single_trajectory_score_average,0.23127521755804795,0.0027023908149479115,0.2295582003509093,0.2329922347651866,-4.625929269271485e-18,2.3171662087337948e-17,-1.9348500964634635e-17,1.0096642426091666e-17,0.0,0.0,0.0,0.0,0.0,0.0,0.0,0.0,1.0,0.0,1.0,1.0,12
RIGHT,RIGHT,True,0.2,weak,1.2,independent_rollout,4,source_group_average,0.23127521755804795,0.0027023908149479115,0.2295582003509093,0.2329922347651866,-4.625929269271485e-18,2.3171662087337948e-17,-1.9348500964634635e-17,1.0096642426091666e-17,0.0,0.0,0.0,0.0,0.0,0.0,0.0,0.0,1.0,0.0,1.0,1.0,12
RIGHT,RIGHT,True,0.2,weak,1.2,independent_rollout,8,exact_deduplication,0.9878165226396863,0.005479817063318591,0.9843348129855365,0.9912982322938362,0.0,0.0,0.0,0.0,0.0,0.0,0.0,0.0,1.0,0.0,1.0,1.0,0.0,0.0,0.0,0.0,12
RIGHT,RIGHT,True,0.2,weak,1.2,independent_rollout,8,explicit_belief_mixing,0.21563760877902402,0.0013511954074739525,0.2147791001754547,0.21649611738259333,-4.625929269271485e-18,1.0803843155681211e-17,-1.1490363717065928e-17,2.2385051785229568e-18,0.0,0.0,0.0,0.0,0.0,0.0,0.0,0.0,1.0,0.0,1.0,1.0,12
RIGHT,RIGHT,True,0.2,weak,1.2,independent_rollout,8,ordinary_flat_aggregation,0.9878165226396863,0.005479817063318591,0.9843348129855365,0.9912982322938362,0.0,0.0,0.0,0.0,0.0,0.0,0.0,0.0,1.0,0.0,1.0,1.0,0.0,0.0,0.0,0.0,12
RIGHT,RIGHT,True,0.2,weak,1.2,independent_rollout,8,provenance_preserving,0.9878165226396863,0.005479817063318591,0.9843348129855365,0.9912982322938362,0.0,0.0,0.0,0.0,0.0,0.0,0.0,0.0,1.0,0.0,1.0,1.0,0.0,0.0,0.0,0.0,12
RIGHT,RIGHT,True,0.2,weak,1.2,independent_rollout,8,semantic_group_deduplication,0.2723918333843351,0.014671463648038419,0.2630700301135981,0.2817136366550721,0.00758680054964854,0.021880725997118388,-0.006315549485707969,0.02148915058500505,0.0,0.0,0.0,0.0,0.0,0.0,0.0,0.0,1.0,0.0,1.0,1.0,12
RIGHT,RIGHT,True,0.2,weak,1.2,independent_rollout,8,single_trajectory_score_average,0.23127521755804795,0.002702390814947908,0.2295582003509093,0.2329922347651866,-1.3877787807814457e-17,1.8712805262645128e-17,-2.5767337036620438e-17,-1.9882385790084738e-18,0.0,0.0,0.0,0.0,0.0,0.0,0.0,0.0,1.0,0.0,1.0,1.0,12
RIGHT,RIGHT,True,0.2,weak,1.2,independent_rollout,8,source_group_average,0.23127521755804795,0.002702390814947908,0.2295582003509093,0.2329922347651866,-1.3877787807814457e-17,1.8712805262645128e-17,-2.5767337036620438e-17,-1.9882385790084738e-18,0.0,0.0,0.0,0.0,0.0,0.0,0.0,0.0,1.0,0.0,1.0,1.0,12
RIGHT,RIGHT,True,0.2,weak,1.2,independent_rollout,16,exact_deduplication,0.9878165226396863,0.005479817063318591,0.9843348129855365,0.9912982322938362,0.0,0.0,0.0,0.0,0.0,0.0,0.0,0.0,1.0,0.0,1.0,1.0,0.0,0.0,0.0,0.0,12
RIGHT,RIGHT,True,0.2,weak,1.2,independent_rollout,16,explicit_belief_mixing,0.21563760877902402,0.001351195407473954,0.2147791001754547,0.21649611738259333,-6.938893903907228e-18,1.2552931385097095e-17,-1.4914645993139343e-17,1.036858185324886e-18,0.0,0.0,0.0,0.0,0.0,0.0,0.0,0.0,1.0,0.0,1.0,1.0,12
RIGHT,RIGHT,True,0.2,weak,1.2,independent_rollout,16,ordinary_flat_aggregation,0.9878165226396863,0.005479817063318591,0.9843348129855365,0.9912982322938362,0.0,0.0,0.0,0.0,0.0,0.0,0.0,0.0,1.0,0.0,1.0,1.0,0.0,0.0,0.0,0.0,12
RIGHT,RIGHT,True,0.2,weak,1.2,independent_rollout,16,provenance_preserving,0.9878165226396863,0.005479817063318591,0.9843348129855365,0.9912982322938362,0.0,0.0,0.0,0.0,0.0,0.0,0.0,0.0,1.0,0.0,1.0,1.0,0.0,0.0,0.0,0.0,12
RIGHT,RIGHT,True,0.2,weak,1.2,independent_rollout,16,semantic_group_deduplication,0.26936799415335644,0.016756866047348436,0.2587211894122112,0.28001479889450165,0.0045629613186699254,0.024159725643605478,-0.010787396009501724,0.019913318646841576,0.0,0.0,0.0,0.0,0.0,0.0,0.0,0.0,1.0,0.0,1.0,1.0,12
RIGHT,RIGHT,True,0.2,weak,1.2,independent_rollout,16,single_trajectory_score_average,0.23127521755804795,0.0027023908149479132,0.2295582003509093,0.2329922347651866,-9.25185853854297e-18,1.8078287402604465e-17,-2.0738254353009213e-17,2.2345372759232704e-18,0.0,0.0,0.0,0.0,0.0,0.0,0.0,0.0,1.0,0.0,1.0,1.0,12
RIGHT,RIGHT,True,0.2,weak,1.2,independent_rollout,16,source_group_average,0.23127521755804795,0.0027023908149479132,0.2295582003509093,0.2329922347651866,-9.25185853854297e-18,1.8078287402604465e-17,-2.0738254353009213e-17,2.2345372759232704e-18,0.0,0.0,0.0,0.0,0.0,0.0,0.0,0.0,1.0,0.0,1.0,1.0,12
RIGHT,RIGHT,True,0.2,weak,1.2,pure_duplication,1,exact_deduplication,0.22832241180714993,0.017903731509881695,0.2169469235156647,0.23969790009863517,0.0,0.0,0.0,0.0,0.0,0.0,0.0,0.0,0.0,0.0,0.0,0.0,1.0,0.0,1.0,1.0,12
RIGHT,RIGHT,True,0.2,weak,1.2,pure_duplication,1,explicit_belief_mixing,0.21709605347747196,0.0048091532796261174,0.2140404632618708,0.22015164369307313,0.0,0.0,0.0,0.0,0.0,0.0,0.0,0.0,0.0,0.0,0.0,0.0,1.0,0.0,1.0,1.0,12
RIGHT,RIGHT,True,0.2,weak,1.2,pure_duplication,1,ordinary_flat_aggregation,0.2718721142653239,0.021252136217099128,0.2583691511219575,0.28537507740869034,0.0,0.0,0.0,0.0,0.0,0.0,0.0,0.0,0.0,0.0,0.0,0.0,1.0,0.0,1.0,1.0,12
RIGHT,RIGHT,True,0.2,weak,1.2,pure_duplication,1,provenance_preserving,0.2718721142653239,0.021252136217099128,0.2583691511219575,0.28537507740869034,0.0,0.0,0.0,0.0,0.0,0.0,0.0,0.0,0.0,0.0,0.0,0.0,1.0,0.0,1.0,1.0,12
RIGHT,RIGHT,True,0.2,weak,1.2,pure_duplication,1,semantic_group_deduplication,0.22832241180714993,0.017903731509881695,0.2169469235156647,0.23969790009863517,0.0,0.0,0.0,0.0,0.0,0.0,0.0,0.0,0.0,0.0,0.0,0.0,1.0,0.0,1.0,1.0,12
RIGHT,RIGHT,True,0.2,weak,1.2,pure_duplication,1,single_trajectory_score_average,0.23419210695494388,0.00961830655925223,0.22808092652374157,0.2403032873861462,0.0,0.0,0.0,0.0,0.0,0.0,0.0,0.0,0.0,0.0,0.0,0.0,1.0,0.0,1.0,1.0,12
RIGHT,RIGHT,True,0.2,weak,1.2,pure_duplication,1,source_group_average,0.23419210695494388,0.00961830655925223,0.22808092652374157,0.2403032873861462,0.0,0.0,0.0,0.0,0.0,0.0,0.0,0.0,0.0,0.0,0.0,0.0,1.0,0.0,1.0,1.0,12
RIGHT,RIGHT,True,0.2,weak,1.2,pure_duplication,2,exact_deduplication,0.23342641236533893,0.014879136441094239,0.22397266009701094,0.2428801646336669,0.0051040005581889855,0.014180291928567288,-0.0039057270907220058,0.014113728207099977,0.0,0.0,0.0,0.0,0.0,0.0,0.0,0.0,1.0,0.0,1.0,1.0,12
RIGHT,RIGHT,True,0.2,weak,1.2,pure_duplication,2,explicit_belief_mixing,0.21709605347747196,0.0048091532796261174,0.2140404632618708,0.22015164369307313,0.0,0.0,0.0,0.0,0.0,0.0,0.0,0.0,0.0,0.0,0.0,0.0,1.0,0.0,1.0,1.0,12
RIGHT,RIGHT,True,0.2,weak,1.2,pure_duplication,2,ordinary_flat_aggregation,0.3582633967116487,0.04902470713806199,0.32711458386586206,0.38941220955743533,0.08639128244632484,0.02777427582175695,0.06874434950162017,0.1040382153910295,0.0,0.0,0.0,0.0,0.0,0.0,0.0,0.0,1.0,0.0,1.0,1.0,12
RIGHT,RIGHT,True,0.2,weak,1.2,pure_duplication,2,provenance_preserving,0.2718721142653239,0.021252136217099128,0.2583691511219575,0.28537507740869034,0.0,0.0,0.0,0.0,0.0,0.0,0.0,0.0,0.0,0.0,0.0,0.0,1.0,0.0,1.0,1.0,12
RIGHT,RIGHT,True,0.2,weak,1.2,pure_duplication,2,semantic_group_deduplication,0.23342641236533893,0.014879136441094239,0.22397266009701094,0.2428801646336669,0.0051040005581889855,0.014180291928567288,-0.0039057270907220058,0.014113728207099977,0.0,0.0,0.0,0.0,0.0,0.0,0.0,0.0,1.0,0.0,1.0,1.0,12
RIGHT,RIGHT,True,0.2,weak,1.2,pure_duplication,2,single_trajectory_score_average,0.23419210695494388,0.00961830655925223,0.22808092652374157,0.2403032873861462,-2.3129646346357427e-18,8.012344526598183e-18,-7.403765471285793e-18,2.7778362020143068e-18,0.0,0.0,0.0,0.0,0.0,0.0,0.0,0.0,1.0,0.0,1.0,1.0,12
RIGHT,RIGHT,True,0.2,weak,1.2,pure_duplication,2,source_group_average,0.23419210695494388,0.00961830655925223,0.22808092652374157,0.2403032873861462,0.0,0.0,0.0,0.0,0.0,0.0,0.0,0.0,0.0,0.0,0.0,0.0,1.0,0.0,1.0,1.0,12
RIGHT,RIGHT,True,0.2,weak,1.2,pure_duplication,4,exact_deduplication,0.23049533592309715,0.016063628815765982,0.22028899310502847,0.24070167874116583,0.0021729241159472376,0.0208682867319689,-0.011086152700069976,0.015432000931964451,0.0,0.0,0.0,0.0,0.0,0.0,0.0,0.0,1.0,0.0,1.0,1.0,12
RIGHT,RIGHT,True,0.2,weak,1.2,pure_duplication,4,explicit_belief_mixing,0.21709605347747196,0.0048091532796261174,0.2140404632618708,0.22015164369307313,0.0,0.0,0.0,0.0,0.0,0.0,0.0,0.0,0.0,0.0,0.0,0.0,1.0,0.0,1.0,1.0,12
RIGHT,RIGHT,True,0.2,weak,1.2,pure_duplication,4,ordinary_flat_aggregation,0.5498825716185136,0.10181725110594825,0.48519097661846206,0.6145741666185651,0.2780104573531897,0.08061111059839467,0.22679260121691205,0.32922831348946735,0.75,0.45226701686664544,0.46264324690347836,1.0373567530965215,0.75,0.45226701686664544,0.46264324690347836,1.0373567530965215,0.25,0.45226701686664544,-0.037356753096521644,0.5373567530965216,12
RIGHT,RIGHT,True,0.2,weak,1.2,pure_duplication,4,provenance_preserving,0.2718721142653239,0.021252136217099128,0.2583691511219575,0.28537507740869034,0.0,0.0,0.0,0.0,0.0,0.0,0.0,0.0,0.0,0.0,0.0,0.0,1.0,0.0,1.0,1.0,12
RIGHT,RIGHT,True,0.2,weak,1.2,pure_duplication,4,semantic_group_deduplication,0.23049533592309715,0.016063628815765982,0.22028899310502847,0.24070167874116583,0.0021729241159472376,0.0208682867319689,-0.011086152700069976,0.015432000931964451,0.0,0.0,0.0,0.0,0.0,0.0,0.0,0.0,1.0,0.0,1.0,1.0,12
RIGHT,RIGHT,True,0.2,weak,1.2,pure_duplication,4,single_trajectory_score_average,0.23419210695494388,0.00961830655925223,0.22808092652374157,0.2403032873861462,0.0,0.0,0.0,0.0,0.0,0.0,0.0,0.0,0.0,0.0,0.0,0.0,1.0,0.0,1.0,1.0,12
RIGHT,RIGHT,True,0.2,weak,1.2,pure_duplication,4,source_group_average,0.23419210695494388,0.00961830655925223,0.22808092652374157,0.2403032873861462,0.0,0.0,0.0,0.0,0.0,0.0,0.0,0.0,0.0,0.0,0.0,0.0,1.0,0.0,1.0,1.0,12
RIGHT,RIGHT,True,0.2,weak,1.2,pure_duplication,8,exact_deduplication,0.23277834870847472,0.014262014050259217,0.22371669730065633,0.2418400001162931,0.004455936901324789,0.021452230385412163,-0.009174160011199386,0.018086033813848962,0.0,0.0,0.0,0.0,0.0,0.0,0.0,0.0,1.0,0.0,1.0,1.0,12
RIGHT,RIGHT,True,0.2,weak,1.2,pure_duplication,8,explicit_belief_mixing,0.21709605347747196,0.004809153279626117,0.2140404632618708,0.22015164369307313,-2.3129646346357427e-18,8.012344526598183e-18,-7.403765471285793e-18,2.7778362020143068e-18,0.0,0.0,0.0,0.0,0.0,0.0,0.0,0.0,1.0,0.0,1.0,1.0,12
RIGHT,RIGHT,True,0.2,weak,1.2,pure_duplication,8,ordinary_flat_aggregation,0.8320855644781852,0.11540612880178608,0.7587600085053549,0.9054111204510155,0.5602134502128611,0.09608490233067053,0.4991640158618279,0.6212628845638942,1.0,0.0,1.0,1.0,1.0,0.0,1.0,1.0,0.0,0.0,0.0,0.0,12
RIGHT,RIGHT,True,0.2,weak,1.2,pure_duplication,8,provenance_preserving,0.2718721142653239,0.021252136217099128,0.2583691511219575,0.28537507740869034,0.0,0.0,0.0,0.0,0.0,0.0,0.0,0.0,0.0,0.0,0.0,0.0,1.0,0.0,1.0,1.0,12
RIGHT,RIGHT,True,0.2,weak,1.2,pure_duplication,8,semantic_group_deduplication,0.23277834870847472,0.014262014050259217,0.22371669730065633,0.2418400001162931,0.004455936901324789,0.021452230385412163,-0.009174160011199386,0.018086033813848962,0.0,0.0,0.0,0.0,0.0,0.0,0.0,0.0,1.0,0.0,1.0,1.0,12
RIGHT,RIGHT,True,0.2,weak,1.2,pure_duplication,8,single_trajectory_score_average,0.23419210695494388,0.009618306559252228,0.22808092652374157,0.2403032873861462,-2.3129646346357427e-18,8.012344526598183e-18,-7.403765471285793e-18,2.7778362020143068e-18,0.0,0.0,0.0,0.0,0.0,0.0,0.0,0.0,1.0,0.0,1.0,1.0,12
RIGHT,RIGHT,True,0.2,weak,1.2,pure_duplication,8,source_group_average,0.23419210695494388,0.00961830655925223,0.22808092652374157,0.2403032873861462,0.0,0.0,0.0,0.0,0.0,0.0,0.0,0.0,0.0,0.0,0.0,0.0,1.0,0.0,1.0,1.0,12
RIGHT,RIGHT,True,0.2,weak,1.2,pure_duplication,16,exact_deduplication,0.228453935896628,0.01544845884180365,0.21863845343257096,0.23826941836068502,0.00013152408947806013,0.010679504506024545,-0.006653909349360912,0.006916957528317033,0.0,0.0,0.0,0.0,0.0,0.0,0.0,0.0,1.0,0.0,1.0,1.0,12
RIGHT,RIGHT,True,0.2,weak,1.2,pure_duplication,16,explicit_belief_mixing,0.21709605347747196,0.004809153279626117,0.2140404632618708,0.22015164369307313,-2.3129646346357427e-18,8.012344526598183e-18,-7.403765471285793e-18,2.7778362020143068e-18,0.0,0.0,0.0,0.0,0.0,0.0,0.0,0.0,1.0,0.0,1.0,1.0,12
RIGHT,RIGHT,True,0.2,weak,1.2,pure_duplication,16,ordinary_flat_aggregation,0.9778239143168066,0.04654931237876322,0.9482478922652555,1.0073999363683577,0.7059518000514826,0.03513443925964664,0.6836284423645436,0.7282751577384217,1.0,0.0,1.0,1.0,1.0,0.0,1.0,1.0,0.0,0.0,0.0,0.0,12
RIGHT,RIGHT,True,0.2,weak,1.2,pure_duplication,16,provenance_preserving,0.2718721142653239,0.021252136217099128,0.2583691511219575,0.28537507740869034,0.0,0.0,0.0,0.0,0.0,0.0,0.0,0.0,0.0,0.0,0.0,0.0,1.0,0.0,1.0,1.0,12
RIGHT,RIGHT,True,0.2,weak,1.2,pure_duplication,16,semantic_group_deduplication,0.228453935896628,0.01544845884180365,0.21863845343257096,0.23826941836068502,0.00013152408947806013,0.010679504506024545,-0.006653909349360912,0.006916957528317033,0.0,0.0,0.0,0.0,0.0,0.0,0.0,0.0,1.0,0.0,1.0,1.0,12
RIGHT,RIGHT,True,0.2,weak,1.2,pure_duplication,16,single_trajectory_score_average,0.23419210695494388,0.009618306559252228,0.22808092652374157,0.2403032873861462,-4.625929269271485e-18,1.080384315568121e-17,-1.1490363717065927e-17,2.238505178522956e-18,0.0,0.0,0.0,0.0,0.0,0.0,0.0,0.0,1.0,0.0,1.0,1.0,12
RIGHT,RIGHT,True,0.2,weak,1.2,pure_duplication,16,source_group_average,0.23419210695494388,0.00961830655925223,0.22808092652374157,0.2403032873861462,0.0,0.0,0.0,0.0,0.0,0.0,0.0,0.0,0.0,0.0,0.0,0.0,1.0,0.0,1.0,1.0,12
RIGHT,RIGHT,True,0.5,medium,1.5,independent_rollout,1,exact_deduplication,0.9999974763186509,9.015292955364439e-07,0.9999969035142643,0.9999980491230375,0.0,0.0,0.0,0.0,0.0,0.0,0.0,0.0,1.0,0.0,1.0,1.0,0.0,0.0,0.0,0.0,12
RIGHT,RIGHT,True,0.5,medium,1.5,independent_rollout,1,explicit_belief_mixing,0.5498723093750153,0.001479757231464917,0.5489321164855342,0.5508125022644964,0.0,0.0,0.0,0.0,0.0,0.0,0.0,0.0,1.0,0.0,1.0,1.0,0.0,0.0,0.0,0.0,12
RIGHT,RIGHT,True,0.5,medium,1.5,independent_rollout,1,ordinary_flat_aggregation,0.9999974763186509,9.015292955364439e-07,0.9999969035142643,0.9999980491230375,0.0,0.0,0.0,0.0,0.0,0.0,0.0,0.0,1.0,0.0,1.0,1.0,0.0,0.0,0.0,0.0,12
RIGHT,RIGHT,True,0.5,medium,1.5,independent_rollout,1,provenance_preserving,0.9999974763186509,9.015292955364439e-07,0.9999969035142643,0.9999980491230375,0.0,0.0,0.0,0.0,0.0,0.0,0.0,0.0,1.0,0.0,1.0,1.0,0.0,0.0,0.0,0.0,12
RIGHT,RIGHT,True,0.5,medium,1.5,independent_rollout,1,semantic_group_deduplication,0.6906483000642512,0.028615095322639714,0.6724671358961691,0.7088294642323332,0.0,0.0,0.0,0.0,0.0,0.0,0.0,0.0,1.0,0.0,1.0,1.0,0.0,0.0,0.0,0.0,12
RIGHT,RIGHT,True,0.5,medium,1.5,independent_rollout,1,single_trajectory_score_average,0.5997446187500307,0.002959514462929813,0.5978642329710685,0.6016250045289929,0.0,0.0,0.0,0.0,0.0,0.0,0.0,0.0,1.0,0.0,1.0,1.0,0.0,0.0,0.0,0.0,12
RIGHT,RIGHT,True,0.5,medium,1.5,independent_rollout,1,source_group_average,0.5997446187500307,0.002959514462929813,0.5978642329710685,0.6016250045289929,0.0,0.0,0.0,0.0,0.0,0.0,0.0,0.0,1.0,0.0,1.0,1.0,0.0,0.0,0.0,0.0,12
RIGHT,RIGHT,True,0.5,medium,1.5,independent_rollout,2,exact_deduplication,0.9999974763186509,9.015292955364439e-07,0.9999969035142643,0.9999980491230375,0.0,0.0,0.0,0.0,0.0,0.0,0.0,0.0,1.0,0.0,1.0,1.0,0.0,0.0,0.0,0.0,12
RIGHT,RIGHT,True,0.5,medium,1.5,independent_rollout,2,explicit_belief_mixing,0.5498723093750153,0.0014797572314649166,0.5489321164855342,0.5508125022644964,-9.25185853854297e-18,3.204937810639273e-17,-2.961506188514317e-17,1.1111344808057227e-17,0.0,0.0,0.0,0.0,1.0,0.0,1.0,1.0,0.0,0.0,0.0,0.0,12
RIGHT,RIGHT,True,0.5,medium,1.5,independent_rollout,2,ordinary_flat_aggregation,0.9999974763186509,9.015292955364439e-07,0.9999969035142643,0.9999980491230375,0.0,0.0,0.0,0.0,0.0,0.0,0.0,0.0,1.0,0.0,1.0,1.0,0.0,0.0,0.0,0.0,12
RIGHT,RIGHT,True,0.5,medium,1.5,independent_rollout,2,provenance_preserving,0.9999974763186509,9.015292955364439e-07,0.9999969035142643,0.9999980491230375,0.0,0.0,0.0,0.0,0.0,0.0,0.0,0.0,1.0,0.0,1.0,1.0,0.0,0.0,0.0,0.0,12
RIGHT,RIGHT,True,0.5,medium,1.5,independent_rollout,2,semantic_group_deduplication,0.6931733913747719,0.03090766772483013,0.6735355961963272,0.7128111865532165,0.002525091310520459,0.03577854836987423,-0.020207513780390696,0.025257696401431617,0.0,0.0,0.0,0.0,1.0,0.0,1.0,1.0,0.0,0.0,0.0,0.0,12
RIGHT,RIGHT,True,0.5,medium,1.5,independent_rollout,2,single_trajectory_score_average,0.5997446187500307,0.00295951446292983,0.5978642329710685,0.6016250045289929,-9.25185853854297e-18,5.716856438735953e-17,-4.557503141848113e-17,2.707131434139519e-17,0.0,0.0,0.0,0.0,1.0,0.0,1.0,1.0,0.0,0.0,0.0,0.0,12
RIGHT,RIGHT,True,0.5,medium,1.5,independent_rollout,2,source_group_average,0.5997446187500307,0.00295951446292983,0.5978642329710685,0.6016250045289929,-9.25185853854297e-18,5.716856438735953e-17,-4.557503141848113e-17,2.707131434139519e-17,0.0,0.0,0.0,0.0,1.0,0.0,1.0,1.0,0.0,0.0,0.0,0.0,12
RIGHT,RIGHT,True,0.5,medium,1.5,independent_rollout,4,exact_deduplication,0.9999974763186509,9.015292955364439e-07,0.9999969035142643,0.9999980491230375,0.0,0.0,0.0,0.0,0.0,0.0,0.0,0.0,1.0,0.0,1.0,1.0,0.0,0.0,0.0,0.0,12
RIGHT,RIGHT,True,0.5,medium,1.5,independent_rollout,4,explicit_belief_mixing,0.5498723093750153,0.0014797572314649166,0.5489321164855342,0.5508125022644964,-9.25185853854297e-18,3.204937810639273e-17,-2.961506188514317e-17,1.1111344808057227e-17,0.0,0.0,0.0,0.0,1.0,0.0,1.0,1.0,0.0,0.0,0.0,0.0,12
RIGHT,RIGHT,True,0.5,medium,1.5,independent_rollout,4,ordinary_flat_aggregation,0.9999974763186509,9.015292955364439e-07,0.9999969035142643,0.9999980491230375,0.0,0.0,0.0,0.0,0.0,0.0,0.0,0.0,1.0,0.0,1.0,1.0,0.0,0.0,0.0,0.0,12
RIGHT,RIGHT,True,0.5,medium,1.5,independent_rollout,4,provenance_preserving,0.9999974763186509,9.015292955364439e-07,0.9999969035142643,0.9999980491230375,0.0,0.0,0.0,0.0,0.0,0.0,0.0,0.0,1.0,0.0,1.0,1.0,0.0,0.0,0.0,0.0,12
RIGHT,RIGHT,True,0.5,medium,1.5,independent_rollout,4,semantic_group_deduplication,0.7028619053745819,0.017188050088746017,0.691941139363872,0.7137826713852918,0.01221360531033063,0.0293547219622868,-0.006437495204525393,0.030864705825186654,0.0,0.0,0.0,0.0,1.0,0.0,1.0,1.0,0.0,0.0,0.0,0.0,12
RIGHT,RIGHT,True,0.5,medium,1.5,independent_rollout,4,single_trajectory_score_average,0.5997446187500307,0.002959514462929812,0.5978642329710685,0.6016250045289929,-9.25185853854297e-18,3.204937810639273e-17,-2.961506188514317e-17,1.1111344808057227e-17,0.0,0.0,0.0,0.0,1.0,0.0,1.0,1.0,0.0,0.0,0.0,0.0,12
RIGHT,RIGHT,True,0.5,medium,1.5,independent_rollout,4,source_group_average,0.5997446187500307,0.002959514462929812,0.5978642329710685,0.6016250045289929,-9.25185853854297e-18,3.204937810639273e-17,-2.961506188514317e-17,1.1111344808057227e-17,0.0,0.0,0.0,0.0,1.0,0.0,1.0,1.0,0.0,0.0,0.0,0.0,12
RIGHT,RIGHT,True,0.5,medium,1.5,independent_rollout,8,exact_deduplication,0.9999974763186509,9.015292955364439e-07,0.9999969035142643,0.9999980491230375,0.0,0.0,0.0,0.0,0.0,0.0,0.0,0.0,1.0,0.0,1.0,1.0,0.0,0.0,0.0,0.0,12
RIGHT,RIGHT,True,0.5,medium,1.5,independent_rollout,8,explicit_belief_mixing,0.5498723093750153,0.0014797572314649056,0.5489321164855342,0.5508125022644964,-1.850371707708594e-17,4.321537262272485e-17,-4.596145486826371e-17,8.95402071409183e-18,0.0,0.0,0.0,0.0,1.0,0.0,1.0,1.0,0.0,0.0,0.0,0.0,12
RIGHT,RIGHT,True,0.5,medium,1.5,independent_rollout,8,ordinary_flat_aggregation,0.9999974763186509,9.015292955364439e-07,0.9999969035142643,0.9999980491230375,0.0,0.0,0.0,0.0,0.0,0.0,0.0,0.0,1.0,0.0,1.0,1.0,0.0,0.0,0.0,0.0,12
RIGHT,RIGHT,True,0.5,medium,1.5,independent_rollout,8,provenance_preserving,0.9999974763186509,9.015292955364439e-07,0.9999969035142643,0.9999980491230375,0.0,0.0,0.0,0.0,0.0,0.0,0.0,0.0,1.0,0.0,1.0,1.0,0.0,0.0,0.0,0.0,12
RIGHT,RIGHT,True,0.5,medium,1.5,independent_rollout,8,semantic_group_deduplication,0.6979229329446729,0.016630801582543823,0.6873562257431142,0.7084896401462316,0.007274632880421683,0.029181372403536177,-0.011266326579492052,0.025815592340335418,0.0,0.0,0.0,0.0,1.0,0.0,1.0,1.0,0.0,0.0,0.0,0.0,12
RIGHT,RIGHT,True,0.5,medium,1.5,independent_rollout,8,single_trajectory_score_average,0.5997446187500306,0.002959514462929801,0.5978642329710684,0.6016250045289928,-1.850371707708594e-17,4.321537262272485e-17,-4.596145486826371e-17,8.95402071409183e-18,0.0,0.0,0.0,0.0,1.0,0.0,1.0,1.0,0.0,0.0,0.0,0.0,12
RIGHT,RIGHT,True,0.5,medium,1.5,independent_rollout,8,source_group_average,0.5997446187500306,0.002959514462929801,0.5978642329710684,0.6016250045289928,-1.850371707708594e-17,4.321537262272485e-17,-4.596145486826371e-17,8.95402071409183e-18,0.0,0.0,0.0,0.0,1.0,0.0,1.0,1.0,0.0,0.0,0.0,0.0,12
RIGHT,RIGHT,True,0.5,medium,1.5,independent_rollout,16,exact_deduplication,0.9999974763186509,9.015292955364439e-07,0.9999969035142643,0.9999980491230375,0.0,0.0,0.0,0.0,0.0,0.0,0.0,0.0,1.0,0.0,1.0,1.0,0.0,0.0,0.0,0.0,12
RIGHT,RIGHT,True,0.5,medium,1.5,independent_rollout,16,explicit_belief_mixing,0.5498723093750153,0.0014797572314649166,0.5489321164855342,0.5508125022644964,-9.25185853854297e-18,3.204937810639273e-17,-2.961506188514317e-17,1.1111344808057227e-17,0.0,0.0,0.0,0.0,1.0,0.0,1.0,1.0,0.0,0.0,0.0,0.0,12
RIGHT,RIGHT,True,0.5,medium,1.5,independent_rollout,16,ordinary_flat_aggregation,0.9999974763186509,9.015292955364439e-07,0.9999969035142643,0.9999980491230375,0.0,0.0,0.0,0.0,0.0,0.0,0.0,0.0,1.0,0.0,1.0,1.0,0.0,0.0,0.0,0.0,12
RIGHT,RIGHT,True,0.5,medium,1.5,independent_rollout,16,provenance_preserving,0.9999974763186509,9.015292955364439e-07,0.9999969035142643,0.9999980491230375,0.0,0.0,0.0,0.0,0.0,0.0,0.0,0.0,1.0,0.0,1.0,1.0,0.0,0.0,0.0,0.0,12
RIGHT,RIGHT,True,0.5,medium,1.5,independent_rollout,16,semantic_group_deduplication,0.6862639763973082,0.01440933443950696,0.6771087220798361,0.6954192307147803,-0.004384323666943117,0.031995179308212655,-0.024713090740089944,0.01594444340620371,0.0,0.0,0.0,0.0,1.0,0.0,1.0,1.0,0.0,0.0,0.0,0.0,12
RIGHT,RIGHT,True,0.5,medium,1.5,independent_rollout,16,single_trajectory_score_average,0.5997446187500307,0.002959514462929822,0.5978642329710685,0.6016250045289929,-9.25185853854297e-18,7.422483998781554e-17,-5.641207191376809e-17,3.790835483668215e-17,0.0,0.0,0.0,0.0,1.0,0.0,1.0,1.0,0.0,0.0,0.0,0.0,12
RIGHT,RIGHT,True,0.5,medium,1.5,independent_rollout,16,source_group_average,0.5997446187500307,0.002959514462929822,0.5978642329710685,0.6016250045289929,-9.25185853854297e-18,7.422483998781554e-17,-5.641207191376809e-17,3.790835483668215e-17,0.0,0.0,0.0,0.0,1.0,0.0,1.0,1.0,0.0,0.0,0.0,0.0,12
RIGHT,RIGHT,True,0.5,medium,1.5,pure_duplication,1,exact_deduplication,0.60183168747219,0.014380016506926697,0.5926950608803745,0.6109683140640054,0.0,0.0,0.0,0.0,0.0,0.0,0.0,0.0,1.0,0.0,1.0,1.0,0.0,0.0,0.0,0.0,12
RIGHT,RIGHT,True,0.5,medium,1.5,pure_duplication,1,explicit_belief_mixing,0.5498884803126305,0.005758388707992858,0.5462297746797048,0.5535471859455562,0.0,0.0,0.0,0.0,0.0,0.0,0.0,0.0,1.0,0.0,1.0,1.0,0.0,0.0,0.0,0.0,12
RIGHT,RIGHT,True,0.5,medium,1.5,pure_duplication,1,ordinary_flat_aggregation,0.69179509717608,0.02052223473690794,0.6787558913079648,0.7048343030441953,0.0,0.0,0.0,0.0,0.0,0.0,0.0,0.0,1.0,0.0,1.0,1.0,0.0,0.0,0.0,0.0,12
RIGHT,RIGHT,True,0.5,medium,1.5,pure_duplication,1,provenance_preserving,0.69179509717608,0.02052223473690794,0.6787558913079648,0.7048343030441953,0.0,0.0,0.0,0.0,0.0,0.0,0.0,0.0,1.0,0.0,1.0,1.0,0.0,0.0,0.0,0.0,12
RIGHT,RIGHT,True,0.5,medium,1.5,pure_duplication,1,semantic_group_deduplication,0.60183168747219,0.014380016506926697,0.5926950608803745,0.6109683140640054,0.0,0.0,0.0,0.0,0.0,0.0,0.0,0.0,1.0,0.0,1.0,1.0,0.0,0.0,0.0,0.0,12
RIGHT,RIGHT,True,0.5,medium,1.5,pure_duplication,1,single_trajectory_score_average,0.5997769606252609,0.011516777415985738,0.5924595493594095,0.6070943718911123,0.0,0.0,0.0,0.0,0.0,0.0,0.0,0.0,1.0,0.0,1.0,1.0,0.0,0.0,0.0,0.0,12
RIGHT,RIGHT,True,0.5,medium,1.5,pure_duplication,1,source_group_average,0.5997769606252609,0.011516777415985738,0.5924595493594095,0.6070943718911123,0.0,0.0,0.0,0.0,0.0,0.0,0.0,0.0,1.0,0.0,1.0,1.0,0.0,0.0,0.0,0.0,12
RIGHT,RIGHT,True,0.5,medium,1.5,pure_duplication,2,exact_deduplication,0.5990329252915884,0.014995775550043371,0.5895050640690769,0.6085607865140998,-0.0027987621806014698,0.018642444884376757,-0.014643606557866612,0.009046082196663674,0.0,0.0,0.0,0.0,1.0,0.0,1.0,1.0,0.0,0.0,0.0,0.0,12
RIGHT,RIGHT,True,0.5,medium,1.5,pure_duplication,2,explicit_belief_mixing,0.5498884803126305,0.005758388707992858,0.5462297746797048,0.5535471859455562,0.0,0.0,0.0,0.0,0.0,0.0,0.0,0.0,1.0,0.0,1.0,1.0,0.0,0.0,0.0,0.0,12
RIGHT,RIGHT,True,0.5,medium,1.5,pure_duplication,2,ordinary_flat_aggregation,0.833274174727887,0.027149628751520462,0.8160241235968905,0.8505242258588835,0.14147907755180691,0.006696362285881036,0.137224411939974,0.14573374316363982,0.0,0.0,0.0,0.0,1.0,0.0,1.0,1.0,0.0,0.0,0.0,0.0,12
RIGHT,RIGHT,True,0.5,medium,1.5,pure_duplication,2,provenance_preserving,0.69179509717608,0.02052223473690794,0.6787558913079648,0.7048343030441953,0.0,0.0,0.0,0.0,0.0,0.0,0.0,0.0,1.0,0.0,1.0,1.0,0.0,0.0,0.0,0.0,12
RIGHT,RIGHT,True,0.5,medium,1.5,pure_duplication,2,semantic_group_deduplication,0.5990329252915884,0.014995775550043371,0.5895050640690769,0.6085607865140998,-0.0027987621806014698,0.018642444884376757,-0.014643606557866612,0.009046082196663674,0.0,0.0,0.0,0.0,1.0,0.0,1.0,1.0,0.0,0.0,0.0,0.0,12
RIGHT,RIGHT,True,0.5,medium,1.5,pure_duplication,2,single_trajectory_score_average,0.5997769606252609,0.011516777415985738,0.5924595493594095,0.6070943718911123,0.0,0.0,0.0,0.0,0.0,0.0,0.0,0.0,1.0,0.0,1.0,1.0,0.0,0.0,0.0,0.0,12
RIGHT,RIGHT,True,0.5,medium,1.5,pure_duplication,2,source_group_average,0.5997769606252609,0.011516777415985738,0.5924595493594095,0.6070943718911123,0.0,0.0,0.0,0.0,0.0,0.0,0.0,0.0,1.0,0.0,1.0,1.0,0.0,0.0,0.0,0.0,12
RIGHT,RIGHT,True,0.5,medium,1.5,pure_duplication,4,exact_deduplication,0.5970948378097671,0.02298403821836274,0.5824914766333705,0.6116981989861637,-0.004736849662422836,0.023093111424717618,-0.01940951264783729,0.009935813322991618,0.0,0.0,0.0,0.0,1.0,0.0,1.0,1.0,0.0,0.0,0.0,0.0,12
RIGHT,RIGHT,True,0.5,medium,1.5,pure_duplication,4,explicit_belief_mixing,0.5498884803126305,0.005758388707992858,0.5462297746797048,0.5535471859455562,0.0,0.0,0.0,0.0,0.0,0.0,0.0,0.0,1.0,0.0,1.0,1.0,0.0,0.0,0.0,0.0,12
RIGHT,RIGHT,True,0.5,medium,1.5,pure_duplication,4,ordinary_flat_aggregation,0.9599529872319992,0.015574049832403918,0.950057708059513,0.9698482664044854,0.26815789005591917,0.005547601225630824,0.264633112399755,0.2716826677120833,0.0,0.0,0.0,0.0,1.0,0.0,1.0,1.0,0.0,0.0,0.0,0.0,12
RIGHT,RIGHT,True,0.5,medium,1.5,pure_duplication,4,provenance_preserving,0.69179509717608,0.02052223473690794,0.6787558913079648,0.7048343030441953,0.0,0.0,0.0,0.0,0.0,0.0,0.0,0.0,1.0,0.0,1.0,1.0,0.0,0.0,0.0,0.0,12
RIGHT,RIGHT,True,0.5,medium,1.5,pure_duplication,4,semantic_group_deduplication,0.5970948378097671,0.02298403821836274,0.5824914766333705,0.6116981989861637,-0.004736849662422836,0.023093111424717618,-0.01940951264783729,0.009935813322991618,0.0,0.0,0.0,0.0,1.0,0.0,1.0,1.0,0.0,0.0,0.0,0.0,12
RIGHT,RIGHT,True,0.5,medium,1.5,pure_duplication,4,single_trajectory_score_average,0.5997769606252609,0.011516777415985738,0.5924595493594095,0.6070943718911123,0.0,0.0,0.0,0.0,0.0,0.0,0.0,0.0,1.0,0.0,1.0,1.0,0.0,0.0,0.0,0.0,12
RIGHT,RIGHT,True,0.5,medium,1.5,pure_duplication,4,source_group_average,0.5997769606252609,0.011516777415985738,0.5924595493594095,0.6070943718911123,0.0,0.0,0.0,0.0,0.0,0.0,0.0,0.0,1.0,0.0,1.0,1.0,0.0,0.0,0.0,0.0,12
RIGHT,RIGHT,True,0.5,medium,1.5,pure_duplication,8,exact_deduplication,0.5990978186272072,0.02214357109638003,0.5850284647833165,0.613167172471098,-0.0027338688449826585,0.028479744309170114,-0.020829035081956635,0.015361297391991319,0.0,0.0,0.0,0.0,1.0,0.0,1.0,1.0,0.0,0.0,0.0,0.0,12
RIGHT,RIGHT,True,0.5,medium,1.5,pure_duplication,8,explicit_belief_mixing,0.5498884803126305,0.005758388707992858,0.5462297746797048,0.5535471859455562,0.0,0.0,0.0,0.0,0.0,0.0,0.0,0.0,1.0,0.0,1.0,1.0,0.0,0.0,0.0,0.0,12
RIGHT,RIGHT,True,0.5,medium,1.5,pure_duplication,8,ordinary_flat_aggregation,0.9979757905563238,0.0017045494658433473,0.9968927714951713,0.9990588096174763,0.3061806933802438,0.01890633909624925,0.29416817862009287,0.3181932081403947,0.0,0.0,0.0,0.0,1.0,0.0,1.0,1.0,0.0,0.0,0.0,0.0,12
RIGHT,RIGHT,True,0.5,medium,1.5,pure_duplication,8,provenance_preserving,0.69179509717608,0.02052223473690794,0.6787558913079648,0.7048343030441953,0.0,0.0,0.0,0.0,0.0,0.0,0.0,0.0,1.0,0.0,1.0,1.0,0.0,0.0,0.0,0.0,12
RIGHT,RIGHT,True,0.5,medium,1.5,pure_duplication,8,semantic_group_deduplication,0.5990978186272072,0.02214357109638003,0.5850284647833165,0.613167172471098,-0.0027338688449826585,0.028479744309170114,-0.020829035081956635,0.015361297391991319,0.0,0.0,0.0,0.0,1.0,0.0,1.0,1.0,0.0,0.0,0.0,0.0,12
RIGHT,RIGHT,True,0.5,medium,1.5,pure_duplication,8,single_trajectory_score_average,0.5997769606252609,0.011516777415985738,0.5924595493594095,0.6070943718911123,0.0,0.0,0.0,0.0,0.0,0.0,0.0,0.0,1.0,0.0,1.0,1.0,0.0,0.0,0.0,0.0,12
RIGHT,RIGHT,True,0.5,medium,1.5,pure_duplication,8,source_group_average,0.5997769606252609,0.011516777415985738,0.5924595493594095,0.6070943718911123,0.0,0.0,0.0,0.0,0.0,0.0,0.0,0.0,1.0,0.0,1.0,1.0,0.0,0.0,0.0,0.0,12
RIGHT,RIGHT,True,0.5,medium,1.5,pure_duplication,16,exact_deduplication,0.6046751682595598,0.014548562663742017,0.5954314525487878,0.6139188839703318,0.0028434807873698362,0.01140558975808229,-0.004403285211044454,0.010090246785784128,0.0,0.0,0.0,0.0,1.0,0.0,1.0,1.0,0.0,0.0,0.0,0.0,12
RIGHT,RIGHT,True,0.5,medium,1.5,pure_duplication,16,explicit_belief_mixing,0.5498884803126305,0.005758388707992858,0.5462297746797048,0.5535471859455562,0.0,0.0,0.0,0.0,0.0,0.0,0.0,0.0,1.0,0.0,1.0,1.0,0.0,0.0,0.0,0.0,12
RIGHT,RIGHT,True,0.5,medium,1.5,pure_duplication,16,ordinary_flat_aggregation,0.9999931781183281,1.1173412403390764e-05,0.999986078870783,1.0000002773658732,0.30819808094224826,0.020512729528812917,0.2951649143952284,0.3212312474892681,0.0,0.0,0.0,0.0,1.0,0.0,1.0,1.0,0.0,0.0,0.0,0.0,12
RIGHT,RIGHT,True,0.5,medium,1.5,pure_duplication,16,provenance_preserving,0.69179509717608,0.02052223473690794,0.6787558913079648,0.7048343030441953,0.0,0.0,0.0,0.0,0.0,0.0,0.0,0.0,1.0,0.0,1.0,1.0,0.0,0.0,0.0,0.0,12
RIGHT,RIGHT,True,0.5,medium,1.5,pure_duplication,16,semantic_group_deduplication,0.6046751682595598,0.014548562663742017,0.5954314525487878,0.6139188839703318,0.0028434807873698362,0.01140558975808229,-0.004403285211044454,0.010090246785784128,0.0,0.0,0.0,0.0,1.0,0.0,1.0,1.0,0.0,0.0,0.0,0.0,12
RIGHT,RIGHT,True,0.5,medium,1.5,pure_duplication,16,single_trajectory_score_average,0.5997769606252609,0.011516777415985738,0.5924595493594095,0.6070943718911123,0.0,0.0,0.0,0.0,0.0,0.0,0.0,0.0,1.0,0.0,1.0,1.0,0.0,0.0,0.0,0.0,12
RIGHT,RIGHT,True,0.5,medium,1.5,pure_duplication,16,source_group_average,0.5997769606252609,0.011516777415985738,0.5924595493594095,0.6070943718911123,0.0,0.0,0.0,0.0,0.0,0.0,0.0,0.0,1.0,0.0,1.0,1.0,0.0,0.0,0.0,0.0,12
RIGHT,RIGHT,True,0.5,strong,2.0,independent_rollout,1,exact_deduplication,0.9999999997836726,4.8855833686114354e-11,0.9999999997526311,0.9999999998147141,0.0,0.0,0.0,0.0,0.0,0.0,0.0,0.0,1.0,0.0,1.0,1.0,0.0,0.0,0.0,0.0,12
RIGHT,RIGHT,True,0.5,strong,2.0,independent_rollout,1,explicit_belief_mixing,0.583590276175952,0.0008305419698893202,0.5830625749842285,0.5841179773676756,0.0,0.0,0.0,0.0,0.0,0.0,0.0,0.0,1.0,0.0,1.0,1.0,0.0,0.0,0.0,0.0,12
RIGHT,RIGHT,True,0.5,strong,2.0,independent_rollout,1,ordinary_flat_aggregation,0.9999999997836726,4.8855833686114354e-11,0.9999999997526311,0.9999999998147141,0.0,0.0,0.0,0.0,0.0,0.0,0.0,0.0,1.0,0.0,1.0,1.0,0.0,0.0,0.0,0.0,12
RIGHT,RIGHT,True,0.5,strong,2.0,independent_rollout,1,provenance_preserving,0.9999999997836726,4.8855833686114354e-11,0.9999999997526311,0.9999999998147141,0.0,0.0,0.0,0.0,0.0,0.0,0.0,0.0,1.0,0.0,1.0,1.0,0.0,0.0,0.0,0.0,12
RIGHT,RIGHT,True,0.5,strong,2.0,independent_rollout,1,semantic_group_deduplication,0.7975731335620058,0.015006585105080543,0.7880384042758901,0.8071078628481214,0.0,0.0,0.0,0.0,0.0,0.0,0.0,0.0,1.0,0.0,1.0,1.0,0.0,0.0,0.0,0.0,12
RIGHT,RIGHT,True,0.5,strong,2.0,independent_rollout,1,single_trajectory_score_average,0.6671805523519042,0.0016610839397786185,0.6661251499684572,0.6682359547353512,0.0,0.0,0.0,0.0,0.0,0.0,0.0,0.0,1.0,0.0,1.0,1.0,0.0,0.0,0.0,0.0,12
RIGHT,RIGHT,True,0.5,strong,2.0,independent_rollout,1,source_group_average,0.6671805523519042,0.0016610839397786185,0.6661251499684572,0.6682359547353512,0.0,0.0,0.0,0.0,0.0,0.0,0.0,0.0,1.0,0.0,1.0,1.0,0.0,0.0,0.0,0.0,12
RIGHT,RIGHT,True,0.5,strong,2.0,independent_rollout,2,exact_deduplication,0.9999999997836726,4.8855833686114354e-11,0.9999999997526311,0.9999999998147141,0.0,0.0,0.0,0.0,0.0,0.0,0.0,0.0,1.0,0.0,1.0,1.0,0.0,0.0,0.0,0.0,12
RIGHT,RIGHT,True,0.5,strong,2.0,independent_rollout,2,explicit_belief_mixing,0.583590276175952,0.0008305419698893039,0.5830625749842285,0.5841179773676756,-1.850371707708594e-17,4.321537262272485e-17,-4.596145486826371e-17,8.95402071409183e-18,0.0,0.0,0.0,0.0,1.0,0.0,1.0,1.0,0.0,0.0,0.0,0.0,12
RIGHT,RIGHT,True,0.5,strong,2.0,independent_rollout,2,ordinary_flat_aggregation,0.9999999997836726,4.8855833686114354e-11,0.9999999997526311,0.9999999998147141,0.0,0.0,0.0,0.0,0.0,0.0,0.0,0.0,1.0,0.0,1.0,1.0,0.0,0.0,0.0,0.0,12
RIGHT,RIGHT,True,0.5,strong,2.0,independent_rollout,2,provenance_preserving,0.9999999997836726,4.8855833686114354e-11,0.9999999997526311,0.9999999998147141,0.0,0.0,0.0,0.0,0.0,0.0,0.0,0.0,1.0,0.0,1.0,1.0,0.0,0.0,0.0,0.0,12
RIGHT,RIGHT,True,0.5,strong,2.0,independent_rollout,2,semantic_group_deduplication,0.795294282912987,0.013655485801655943,0.7866180011688408,0.8039705646571331,-0.0022788506490187175,0.023306787700605867,-0.017087277063034267,0.012529575764996831,0.0,0.0,0.0,0.0,1.0,0.0,1.0,1.0,0.0,0.0,0.0,0.0,12
RIGHT,RIGHT,True,0.5,strong,2.0,independent_rollout,2,single_trajectory_score_average,0.6671805523519042,0.001661083939778612,0.6661251499684572,0.6682359547353512,-1.850371707708594e-17,6.409875621278547e-17,-5.923012377028634e-17,2.222268961611446e-17,0.0,0.0,0.0,0.0,1.0,0.0,1.0,1.0,0.0,0.0,0.0,0.0,12
RIGHT,RIGHT,True,0.5,strong,2.0,independent_rollout,2,source_group_average,0.6671805523519042,0.001661083939778612,0.6661251499684572,0.6682359547353512,-1.850371707708594e-17,6.409875621278547e-17,-5.923012377028634e-17,2.222268961611446e-17,0.0,0.0,0.0,0.0,1.0,0.0,1.0,1.0,0.0,0.0,0.0,0.0,12
RIGHT,RIGHT,True,0.5,strong,2.0,independent_rollout,4,exact_deduplication,0.9999999997836726,4.8855833686114354e-11,0.9999999997526311,0.9999999998147141,0.0,0.0,0.0,0.0,0.0,0.0,0.0,0.0,1.0,0.0,1.0,1.0,0.0,0.0,0.0,0.0,12
RIGHT,RIGHT,True,0.5,strong,2.0,independent_rollout,4,explicit_belief_mixing,0.583590276175952,0.0008305419698893487,0.5830625749842285,0.5841179773676756,-9.25185853854297e-18,5.716856438735954e-17,-4.557503141848114e-17,2.7071314341395202e-17,0.0,0.0,0.0,0.0,1.0,0.0,1.0,1.0,0.0,0.0,0.0,0.0,12
RIGHT,RIGHT,True,0.5,strong,2.0,independent_rollout,4,ordinary_flat_aggregation,0.9999999997836726,4.8855833686114354e-11,0.9999999997526311,0.9999999998147141,0.0,0.0,0.0,0.0,0.0,0.0,0.0,0.0,1.0,0.0,1.0,1.0,0.0,0.0,0.0,0.0,12
RIGHT,RIGHT,True,0.5,strong,2.0,independent_rollout,4,provenance_preserving,0.9999999997836726,4.8855833686114354e-11,0.9999999997526311,0.9999999998147141,0.0,0.0,0.0,0.0,0.0,0.0,0.0,0.0,1.0,0.0,1.0,1.0,0.0,0.0,0.0,0.0,12
RIGHT,RIGHT,True,0.5,strong,2.0,independent_rollout,4,semantic_group_deduplication,0.8013583508215402,0.01113313511883035,0.7942846942420791,0.8084320074010012,0.003785217259534355,0.018097062595620536,-0.0077131077434480794,0.015283542262516788,0.0,0.0,0.0,0.0,1.0,0.0,1.0,1.0,0.0,0.0,0.0,0.0,12
RIGHT,RIGHT,True,0.5,strong,2.0,independent_rollout,4,single_trajectory_score_average,0.6671805523519042,0.0016610839397786614,0.6661251499684571,0.6682359547353514,-2.7755575615628914e-17,6.900941601584843e-17,-7.160206669248857e-17,1.6090915461230733e-17,0.0,0.0,0.0,0.0,1.0,0.0,1.0,1.0,0.0,0.0,0.0,0.0,12
RIGHT,RIGHT,True,0.5,strong,2.0,independent_rollout,4,source_group_average,0.6671805523519042,0.0016610839397786614,0.6661251499684571,0.6682359547353514,-2.7755575615628914e-17,6.900941601584843e-17,-7.160206669248857e-17,1.6090915461230733e-17,0.0,0.0,0.0,0.0,1.0,0.0,1.0,1.0,0.0,0.0,0.0,0.0,12
RIGHT,RIGHT,True,0.5,strong,2.0,independent_rollout,8,exact_deduplication,0.9999999997836726,4.8855833686114354e-11,0.9999999997526311,0.9999999998147141,0.0,0.0,0.0,0.0,0.0,0.0,0.0,0.0,1.0,0.0,1.0,1.0,0.0,0.0,0.0,0.0,12
RIGHT,RIGHT,True,0.5,strong,2.0,independent_rollout,8,explicit_belief_mixing,0.583590276175952,0.0008305419698893278,0.5830625749842285,0.5841179773676756,0.0,4.734006883291518e-17,-3.007844473258028e-17,3.007844473258028e-17,0.0,0.0,0.0,0.0,1.0,0.0,1.0,1.0,0.0,0.0,0.0,0.0,12
RIGHT,RIGHT,True,0.5,strong,2.0,independent_rollout,8,ordinary_flat_aggregation,0.9999999997836726,4.8855833686114354e-11,0.9999999997526311,0.9999999998147141,0.0,0.0,0.0,0.0,0.0,0.0,0.0,0.0,1.0,0.0,1.0,1.0,0.0,0.0,0.0,0.0,12
RIGHT,RIGHT,True,0.5,strong,2.0,independent_rollout,8,provenance_preserving,0.9999999997836726,4.8855833686114354e-11,0.9999999997526311,0.9999999998147141,0.0,0.0,0.0,0.0,0.0,0.0,0.0,0.0,1.0,0.0,1.0,1.0,0.0,0.0,0.0,0.0,12
RIGHT,RIGHT,True,0.5,strong,2.0,independent_rollout,8,semantic_group_deduplication,0.8036450142479835,0.014105181894510169,0.7946830092379268,0.8126070192580402,0.00607188068597786,0.02193268496743021,-0.007863482504099694,0.020007243876055413,0.0,0.0,0.0,0.0,1.0,0.0,1.0,1.0,0.0,0.0,0.0,0.0,12
RIGHT,RIGHT,True,0.5,strong,2.0,independent_rollout,8,single_trajectory_score_average,0.667180552351904,0.0016610839397786406,0.6661251499684568,0.6682359547353511,-1.850371707708594e-17,6.409875621278547e-17,-5.923012377028634e-17,2.222268961611446e-17,0.0,0.0,0.0,0.0,1.0,0.0,1.0,1.0,0.0,0.0,0.0,0.0,12
RIGHT,RIGHT,True,0.5,strong,2.0,independent_rollout,8,source_group_average,0.667180552351904,0.0016610839397786406,0.6661251499684568,0.6682359547353511,-1.850371707708594e-17,6.409875621278547e-17,-5.923012377028634e-17,2.222268961611446e-17,0.0,0.0,0.0,0.0,1.0,0.0,1.0,1.0,0.0,0.0,0.0,0.0,12
RIGHT,RIGHT,True,0.5,strong,2.0,independent_rollout,16,exact_deduplication,0.9999999997836726,4.8855833686114354e-11,0.9999999997526311,0.9999999998147141,0.0,0.0,0.0,0.0,0.0,0.0,0.0,0.0,1.0,0.0,1.0,1.0,0.0,0.0,0.0,0.0,12
RIGHT,RIGHT,True,0.5,strong,2.0,independent_rollout,16,explicit_belief_mixing,0.583590276175952,0.0008305419698893273,0.5830625749842285,0.5841179773676756,-9.25185853854297e-18,3.204937810639273e-17,-2.961506188514317e-17,1.1111344808057227e-17,0.0,0.0,0.0,0.0,1.0,0.0,1.0,1.0,0.0,0.0,0.0,0.0,12
RIGHT,RIGHT,True,0.5,strong,2.0,independent_rollout,16,ordinary_flat_aggregation,0.9999999997836726,4.8855833686114354e-11,0.9999999997526311,0.9999999998147141,0.0,0.0,0.0,0.0,0.0,0.0,0.0,0.0,1.0,0.0,1.0,1.0,0.0,0.0,0.0,0.0,12
RIGHT,RIGHT,True,0.5,strong,2.0,independent_rollout,16,provenance_preserving,0.9999999997836726,4.8855833686114354e-11,0.9999999997526311,0.9999999998147141,0.0,0.0,0.0,0.0,0.0,0.0,0.0,0.0,1.0,0.0,1.0,1.0,0.0,0.0,0.0,0.0,12
RIGHT,RIGHT,True,0.5,strong,2.0,independent_rollout,16,semantic_group_deduplication,0.8009044253414744,0.018942448275332716,0.7888689679034995,0.8129398827794494,0.0033312917794688646,0.025470435847879655,-0.012851851081373548,0.019514434640311277,0.0,0.0,0.0,0.0,1.0,0.0,1.0,1.0,0.0,0.0,0.0,0.0,12
RIGHT,RIGHT,True,0.5,strong,2.0,independent_rollout,16,single_trajectory_score_average,0.667180552351904,0.0016610839397786402,0.6661251499684568,0.6682359547353511,-2.7755575615628914e-17,5.021172554038838e-17,-5.965858397255737e-17,4.147432741299544e-18,0.0,0.0,0.0,0.0,1.0,0.0,1.0,1.0,0.0,0.0,0.0,0.0,12
RIGHT,RIGHT,True,0.5,strong,2.0,independent_rollout,16,source_group_average,0.667180552351904,0.0016610839397786402,0.6661251499684568,0.6682359547353511,-2.7755575615628914e-17,5.021172554038838e-17,-5.965858397255737e-17,4.147432741299544e-18,0.0,0.0,0.0,0.0,1.0,0.0,1.0,1.0,0.0,0.0,0.0,0.0,12
RIGHT,RIGHT,True,0.5,strong,2.0,pure_duplication,1,exact_deduplication,0.6650214757804456,0.017341123674818857,0.6540034514532139,0.6760395001076772,0.0,0.0,0.0,0.0,0.0,0.0,0.0,0.0,1.0,0.0,1.0,1.0,0.0,0.0,0.0,0.0,12
RIGHT,RIGHT,True,0.5,strong,2.0,pure_duplication,1,explicit_belief_mixing,0.5834209317848588,0.0051833901413099875,0.5801275628114619,0.5867143007582556,0.0,0.0,0.0,0.0,0.0,0.0,0.0,0.0,1.0,0.0,1.0,1.0,0.0,0.0,0.0,0.0,12
RIGHT,RIGHT,True,0.5,strong,2.0,pure_duplication,1,ordinary_flat_aggregation,0.8002076657485694,0.01509259235263997,0.7906182900644637,0.8097970414326751,0.0,0.0,0.0,0.0,0.0,0.0,0.0,0.0,1.0,0.0,1.0,1.0,0.0,0.0,0.0,0.0,12
RIGHT,RIGHT,True,0.5,strong,2.0,pure_duplication,1,provenance_preserving,0.8002076657485694,0.01509259235263997,0.7906182900644637,0.8097970414326751,0.0,0.0,0.0,0.0,0.0,0.0,0.0,0.0,1.0,0.0,1.0,1.0,0.0,0.0,0.0,0.0,12
RIGHT,RIGHT,True,0.5,strong,2.0,pure_duplication,1,semantic_group_deduplication,0.6650214757804456,0.017341123674818857,0.6540034514532139,0.6760395001076772,0.0,0.0,0.0,0.0,0.0,0.0,0.0,0.0,1.0,0.0,1.0,1.0,0.0,0.0,0.0,0.0,12
RIGHT,RIGHT,True,0.5,strong,2.0,pure_duplication,1,single_trajectory_score_average,0.6668418635697176,0.010366780282620001,0.6602551256229239,0.6734286015165114,0.0,0.0,0.0,0.0,0.0,0.0,0.0,0.0,1.0,0.0,1.0,1.0,0.0,0.0,0.0,0.0,12
RIGHT,RIGHT,True,0.5,strong,2.0,pure_duplication,1,source_group_average,0.6668418635697176,0.010366780282620001,0.6602551256229239,0.6734286015165114,0.0,0.0,0.0,0.0,0.0,0.0,0.0,0.0,1.0,0.0,1.0,1.0,0.0,0.0,0.0,0.0,12
RIGHT,RIGHT,True,0.5,strong,2.0,pure_duplication,2,exact_deduplication,0.676008870523162,0.015694227497242363,0.6660372341053432,0.6859805069409809,0.010987394742716603,0.02189131428214825,-0.002921682767988697,0.024896472253421904,0.0,0.0,0.0,0.0,1.0,0.0,1.0,1.0,0.0,0.0,0.0,0.0,12
RIGHT,RIGHT,True,0.5,strong,2.0,pure_duplication,2,explicit_belief_mixing,0.5834209317848588,0.0051833901413099875,0.5801275628114619,0.5867143007582556,0.0,0.0,0.0,0.0,0.0,0.0,0.0,0.0,1.0,0.0,1.0,1.0,0.0,0.0,0.0,0.0,12
RIGHT,RIGHT,True,0.5,strong,2.0,pure_duplication,2,ordinary_flat_aggregation,0.9407888667208303,0.010934491345646216,0.9338414223734275,0.9477363110682331,0.140581200972261,0.004240216540212047,0.1378870959148923,0.14327530602962973,0.0,0.0,0.0,0.0,1.0,0.0,1.0,1.0,0.0,0.0,0.0,0.0,12
RIGHT,RIGHT,True,0.5,strong,2.0,pure_duplication,2,provenance_preserving,0.8002076657485694,0.01509259235263997,0.7906182900644637,0.8097970414326751,0.0,0.0,0.0,0.0,0.0,0.0,0.0,0.0,1.0,0.0,1.0,1.0,0.0,0.0,0.0,0.0,12
RIGHT,RIGHT,True,0.5,strong,2.0,pure_duplication,2,semantic_group_deduplication,0.676008870523162,0.015694227497242363,0.6660372341053432,0.6859805069409809,0.010987394742716603,0.02189131428214825,-0.002921682767988697,0.024896472253421904,0.0,0.0,0.0,0.0,1.0,0.0,1.0,1.0,0.0,0.0,0.0,0.0,12
RIGHT,RIGHT,True,0.5,strong,2.0,pure_duplication,2,single_trajectory_score_average,0.6668418635697176,0.010366780282620006,0.6602551256229239,0.6734286015165114,-9.25185853854297e-18,3.204937810639273e-17,-2.961506188514317e-17,1.1111344808057227e-17,0.0,0.0,0.0,0.0,1.0,0.0,1.0,1.0,0.0,0.0,0.0,0.0,12
RIGHT,RIGHT,True,0.5,strong,2.0,pure_duplication,2,source_group_average,0.6668418635697176,0.010366780282620001,0.6602551256229239,0.6734286015165114,0.0,0.0,0.0,0.0,0.0,0.0,0.0,0.0,1.0,0.0,1.0,1.0,0.0,0.0,0.0,0.0,12
RIGHT,RIGHT,True,0.5,strong,2.0,pure_duplication,4,exact_deduplication,0.6621974045151129,0.016238762025106816,0.6518797873645841,0.6725150216656417,-0.0028240712653327484,0.006993383101302407,-0.007267454899790637,0.001619312369125141,0.0,0.0,0.0,0.0,1.0,0.0,1.0,1.0,0.0,0.0,0.0,0.0,12
RIGHT,RIGHT,True,0.5,strong,2.0,pure_duplication,4,explicit_belief_mixing,0.5834209317848588,0.0051833901413099875,0.5801275628114619,0.5867143007582556,0.0,0.0,0.0,0.0,0.0,0.0,0.0,0.0,1.0,0.0,1.0,1.0,0.0,0.0,0.0,0.0,12
RIGHT,RIGHT,True,0.5,strong,2.0,pure_duplication,4,ordinary_flat_aggregation,0.99589828997623,0.0017405569695338192,0.9947923928387161,0.9970041871137438,0.1956906242276605,0.013386396629516687,0.18718531358668056,0.20419593486864046,0.0,0.0,0.0,0.0,1.0,0.0,1.0,1.0,0.0,0.0,0.0,0.0,12
RIGHT,RIGHT,True,0.5,strong,2.0,pure_duplication,4,provenance_preserving,0.8002076657485694,0.01509259235263997,0.7906182900644637,0.8097970414326751,0.0,0.0,0.0,0.0,0.0,0.0,0.0,0.0,1.0,0.0,1.0,1.0,0.0,0.0,0.0,0.0,12
RIGHT,RIGHT,True,0.5,strong,2.0,pure_duplication,4,semantic_group_deduplication,0.6621974045151129,0.016238762025106816,0.6518797873645841,0.6725150216656417,-0.0028240712653327484,0.006993383101302407,-0.007267454899790637,0.001619312369125141,0.0,0.0,0.0,0.0,1.0,0.0,1.0,1.0,0.0,0.0,0.0,0.0,12
RIGHT,RIGHT,True,0.5,strong,2.0,pure_duplication,4,single_trajectory_score_average,0.6668418635697176,0.010366780282620001,0.6602551256229239,0.6734286015165114,0.0,0.0,0.0,0.0,0.0,0.0,0.0,0.0,1.0,0.0,1.0,1.0,0.0,0.0,0.0,0.0,12
RIGHT,RIGHT,True,0.5,strong,2.0,pure_duplication,4,source_group_average,0.6668418635697176,0.010366780282620001,0.6602551256229239,0.6734286015165114,0.0,0.0,0.0,0.0,0.0,0.0,0.0,0.0,1.0,0.0,1.0,1.0,0.0,0.0,0.0,0.0,12
RIGHT,RIGHT,True,0.5,strong,2.0,pure_duplication,8,exact_deduplication,0.6677722107791716,0.02218607843318262,0.6536758490619873,0.6818685724963559,0.002750734998725977,0.025258842109310526,-0.013297967614600647,0.018799437612052602,0.0,0.0,0.0,0.0,1.0,0.0,1.0,1.0,0.0,0.0,0.0,0.0,12
RIGHT,RIGHT,True,0.5,strong,2.0,pure_duplication,8,explicit_belief_mixing,0.5834209317848588,0.0051833901413099875,0.5801275628114619,0.5867143007582556,0.0,0.0,0.0,0.0,0.0,0.0,0.0,0.0,1.0,0.0,1.0,1.0,0.0,0.0,0.0,0.0,12
RIGHT,RIGHT,True,0.5,strong,2.0,pure_duplication,8,ordinary_flat_aggregation,0.9999801766688133,1.9519845197704346e-05,0.9999677743508734,0.9999925789867533,0.19977251092024406,0.015074497291791597,0.19019463228929187,0.20935038955119625,0.0,0.0,0.0,0.0,1.0,0.0,1.0,1.0,0.0,0.0,0.0,0.0,12
RIGHT,RIGHT,True,0.5,strong,2.0,pure_duplication,8,provenance_preserving,0.8002076657485694,0.01509259235263997,0.7906182900644637,0.8097970414326751,0.0,0.0,0.0,0.0,0.0,0.0,0.0,0.0,1.0,0.0,1.0,1.0,0.0,0.0,0.0,0.0,12
RIGHT,RIGHT,True,0.5,strong,2.0,pure_duplication,8,semantic_group_deduplication,0.6677722107791716,0.02218607843318262,0.6536758490619873,0.6818685724963559,0.002750734998725977,0.025258842109310526,-0.013297967614600647,0.018799437612052602,0.0,0.0,0.0,0.0,1.0,0.0,1.0,1.0,0.0,0.0,0.0,0.0,12
RIGHT,RIGHT,True,0.5,strong,2.0,pure_duplication,8,single_trajectory_score_average,0.6668418635697176,0.010366780282620001,0.6602551256229239,0.6734286015165114,0.0,0.0,0.0,0.0,0.0,0.0,0.0,0.0,1.0,0.0,1.0,1.0,0.0,0.0,0.0,0.0,12
RIGHT,RIGHT,True,0.5,strong,2.0,pure_duplication,8,source_group_average,0.6668418635697176,0.010366780282620001,0.6602551256229239,0.6734286015165114,0.0,0.0,0.0,0.0,0.0,0.0,0.0,0.0,1.0,0.0,1.0,1.0,0.0,0.0,0.0,0.0,12
RIGHT,RIGHT,True,0.5,strong,2.0,pure_duplication,16,exact_deduplication,0.660854783244231,0.021539137433497408,0.647169468227738,0.6745400982607239,-0.004166692536214545,0.023120324463588776,-0.018856645861627885,0.010523260789198796,0.0,0.0,0.0,0.0,1.0,0.0,1.0,1.0,0.0,0.0,0.0,0.0,12
RIGHT,RIGHT,True,0.5,strong,2.0,pure_duplication,16,explicit_belief_mixing,0.5834209317848588,0.0051833901413099875,0.5801275628114619,0.5867143007582556,0.0,0.0,0.0,0.0,0.0,0.0,0.0,0.0,1.0,0.0,1.0,1.0,0.0,0.0,0.0,0.0,12
RIGHT,RIGHT,True,0.5,strong,2.0,pure_duplication,16,ordinary_flat_aggregation,0.9999999992576766,1.6492984386767658e-09,0.9999999982097624,1.0000000003055909,0.19979233350910705,0.015092591009814176,0.1902029586781922,0.2093817083400219,0.0,0.0,0.0,0.0,1.0,0.0,1.0,1.0,0.0,0.0,0.0,0.0,12
RIGHT,RIGHT,True,0.5,strong,2.0,pure_duplication,16,provenance_preserving,0.8002076657485694,0.01509259235263997,0.7906182900644637,0.8097970414326751,0.0,0.0,0.0,0.0,0.0,0.0,0.0,0.0,1.0,0.0,1.0,1.0,0.0,0.0,0.0,0.0,12
RIGHT,RIGHT,True,0.5,strong,2.0,pure_duplication,16,semantic_group_deduplication,0.660854783244231,0.021539137433497408,0.647169468227738,0.6745400982607239,-0.004166692536214545,0.023120324463588776,-0.018856645861627885,0.010523260789198796,0.0,0.0,0.0,0.0,1.0,0.0,1.0,1.0,0.0,0.0,0.0,0.0,12
RIGHT,RIGHT,True,0.5,strong,2.0,pure_duplication,16,single_trajectory_score_average,0.6668418635697176,0.010366780282620001,0.6602551256229239,0.6734286015165114,0.0,0.0,0.0,0.0,0.0,0.0,0.0,0.0,1.0,0.0,1.0,1.0,0.0,0.0,0.0,0.0,12
RIGHT,RIGHT,True,0.5,strong,2.0,pure_duplication,16,source_group_average,0.6668418635697176,0.010366780282620001,0.6602551256229239,0.6734286015165114,0.0,0.0,0.0,0.0,0.0,0.0,0.0,0.0,1.0,0.0,1.0,1.0,0.0,0.0,0.0,0.0,12
RIGHT,RIGHT,True,0.5,weak,1.2,independent_rollout,1,exact_deduplication,0.9969207349803274,0.001395820126671379,0.9960338731828744,0.9978075967777804,0.0,0.0,0.0,0.0,0.0,0.0,0.0,0.0,1.0,0.0,1.0,1.0,0.0,0.0,0.0,0.0,12
RIGHT,RIGHT,True,0.5,weak,1.2,independent_rollout,1,explicit_belief_mixing,0.5228976851120388,0.0019080680401484358,0.5216853565179641,0.5241100137061135,0.0,0.0,0.0,0.0,0.0,0.0,0.0,0.0,1.0,0.0,1.0,1.0,0.0,0.0,0.0,0.0,12
RIGHT,RIGHT,True,0.5,weak,1.2,independent_rollout,1,ordinary_flat_aggregation,0.9969207349803274,0.001395820126671379,0.9960338731828744,0.9978075967777804,0.0,0.0,0.0,0.0,0.0,0.0,0.0,0.0,1.0,0.0,1.0,1.0,0.0,0.0,0.0,0.0,12
RIGHT,RIGHT,True,0.5,weak,1.2,independent_rollout,1,provenance_preserving,0.9969207349803274,0.001395820126671379,0.9960338731828744,0.9978075967777804,0.0,0.0,0.0,0.0,0.0,0.0,0.0,0.0,1.0,0.0,1.0,1.0,0.0,0.0,0.0,0.0,12
RIGHT,RIGHT,True,0.5,weak,1.2,independent_rollout,1,semantic_group_deduplication,0.5898170513845953,0.019527342133803985,0.5774099701186418,0.6022241326505487,0.0,0.0,0.0,0.0,0.0,0.0,0.0,0.0,1.0,0.0,1.0,1.0,0.0,0.0,0.0,0.0,12
RIGHT,RIGHT,True,0.5,weak,1.2,independent_rollout,1,single_trajectory_score_average,0.5457953702240775,0.0038161360802968685,0.5433707130359281,0.548220027412227,0.0,0.0,0.0,0.0,0.0,0.0,0.0,0.0,1.0,0.0,1.0,1.0,0.0,0.0,0.0,0.0,12
RIGHT,RIGHT,True,0.5,weak,1.2,independent_rollout,1,source_group_average,0.5457953702240775,0.0038161360802968685,0.5433707130359281,0.548220027412227,0.0,0.0,0.0,0.0,0.0,0.0,0.0,0.0,1.0,0.0,1.0,1.0,0.0,0.0,0.0,0.0,12
RIGHT,RIGHT,True,0.5,weak,1.2,independent_rollout,2,exact_deduplication,0.9969207349803274,0.001395820126671379,0.9960338731828744,0.9978075967777804,0.0,0.0,0.0,0.0,0.0,0.0,0.0,0.0,1.0,0.0,1.0,1.0,0.0,0.0,0.0,0.0,12
RIGHT,RIGHT,True,0.5,weak,1.2,independent_rollout,2,explicit_belief_mixing,0.5228976851120388,0.0019080680401484492,0.5216853565179641,0.5241100137061135,1.850371707708594e-17,6.409875621278547e-17,-2.222268961611446e-17,5.923012377028634e-17,0.0,0.0,0.0,0.0,1.0,0.0,1.0,1.0,0.0,0.0,0.0,0.0,12
RIGHT,RIGHT,True,0.5,weak,1.2,independent_rollout,2,ordinary_flat_aggregation,0.9969207349803274,0.001395820126671379,0.9960338731828744,0.9978075967777804,0.0,0.0,0.0,0.0,0.0,0.0,0.0,0.0,1.0,0.0,1.0,1.0,0.0,0.0,0.0,0.0,12
RIGHT,RIGHT,True,0.5,weak,1.2,independent_rollout,2,provenance_preserving,0.9969207349803274,0.001395820126671379,0.9960338731828744,0.9978075967777804,0.0,0.0,0.0,0.0,0.0,0.0,0.0,0.0,1.0,0.0,1.0,1.0,0.0,0.0,0.0,0.0,12
RIGHT,RIGHT,True,0.5,weak,1.2,independent_rollout,2,semantic_group_deduplication,0.5827472883429052,0.030152600787623055,0.5635892398082676,0.6019053368775429,-0.00706976304169014,0.026739133340980204,-0.024058997832041015,0.009919471748660733,0.0,0.0,0.0,0.0,1.0,0.0,1.0,1.0,0.0,0.0,0.0,0.0,12
RIGHT,RIGHT,True,0.5,weak,1.2,independent_rollout,2,single_trajectory_score_average,0.5457953702240778,0.003816136080296875,0.5433707130359283,0.5482200274122272,2.7755575615628914e-17,6.900941601584843e-17,-1.6090915461230733e-17,7.160206669248857e-17,0.0,0.0,0.0,0.0,1.0,0.0,1.0,1.0,0.0,0.0,0.0,0.0,12
RIGHT,RIGHT,True,0.5,weak,1.2,independent_rollout,2,source_group_average,0.5457953702240778,0.003816136080296875,0.5433707130359283,0.5482200274122272,2.7755575615628914e-17,6.900941601584843e-17,-1.6090915461230733e-17,7.160206669248857e-17,0.0,0.0,0.0,0.0,1.0,0.0,1.0,1.0,0.0,0.0,0.0,0.0,12
RIGHT,RIGHT,True,0.5,weak,1.2,independent_rollout,4,exact_deduplication,0.9969207349803274,0.001395820126671379,0.9960338731828744,0.9978075967777804,0.0,0.0,0.0,0.0,0.0,0.0,0.0,0.0,1.0,0.0,1.0,1.0,0.0,0.0,0.0,0.0,12
RIGHT,RIGHT,True,0.5,weak,1.2,independent_rollout,4,explicit_belief_mixing,0.5228976851120388,0.0019080680401484381,0.5216853565179641,0.5241100137061135,9.25185853854297e-18,5.716856438735954e-17,-2.7071314341395202e-17,4.557503141848114e-17,0.0,0.0,0.0,0.0,1.0,0.0,1.0,1.0,0.0,0.0,0.0,0.0,12
RIGHT,RIGHT,True,0.5,weak,1.2,independent_rollout,4,ordinary_flat_aggregation,0.9969207349803274,0.001395820126671379,0.9960338731828744,0.9978075967777804,0.0,0.0,0.0,0.0,0.0,0.0,0.0,0.0,1.0,0.0,1.0,1.0,0.0,0.0,0.0,0.0,12
RIGHT,RIGHT,True,0.5,weak,1.2,independent_rollout,4,provenance_preserving,0.9969207349803274,0.001395820126671379,0.9960338731828744,0.9978075967777804,0.0,0.0,0.0,0.0,0.0,0.0,0.0,0.0,1.0,0.0,1.0,1.0,0.0,0.0,0.0,0.0,12
RIGHT,RIGHT,True,0.5,weak,1.2,independent_rollout,4,semantic_group_deduplication,0.5870498746754316,0.022629734707626758,0.5726716272098714,0.6014281221409917,-0.0027671767091638397,0.022007047486750326,-0.016749787589890933,0.011215434171563253,0.0,0.0,0.0,0.0,1.0,0.0,1.0,1.0,0.0,0.0,0.0,0.0,12
RIGHT,RIGHT,True,0.5,weak,1.2,independent_rollout,4,single_trajectory_score_average,0.5457953702240778,0.003816136080296871,0.5433707130359283,0.5482200274122272,1.850371707708594e-17,7.968520982673792e-17,-3.212584977540495e-17,6.913328392957683e-17,0.0,0.0,0.0,0.0,1.0,0.0,1.0,1.0,0.0,0.0,0.0,0.0,12
RIGHT,RIGHT,True,0.5,weak,1.2,independent_rollout,4,source_group_average,0.5457953702240778,0.003816136080296871,0.5433707130359283,0.5482200274122272,1.850371707708594e-17,7.968520982673792e-17,-3.212584977540495e-17,6.913328392957683e-17,0.0,0.0,0.0,0.0,1.0,0.0,1.0,1.0,0.0,0.0,0.0,0.0,12
RIGHT,RIGHT,True,0.5,weak,1.2,independent_rollout,8,exact_deduplication,0.9969207349803274,0.001395820126671379,0.9960338731828744,0.9978075967777804,0.0,0.0,0.0,0.0,0.0,0.0,0.0,0.0,1.0,0.0,1.0,1.0,0.0,0.0,0.0,0.0,12
RIGHT,RIGHT,True,0.5,weak,1.2,independent_rollout,8,explicit_belief_mixing,0.5228976851120389,0.0019080680401484384,0.5216853565179642,0.5241100137061137,2.7755575615628914e-17,6.900941601584843e-17,-1.6090915461230733e-17,7.160206669248857e-17,0.0,0.0,0.0,0.0,1.0,0.0,1.0,1.0,0.0,0.0,0.0,0.0,12
RIGHT,RIGHT,True,0.5,weak,1.2,independent_rollout,8,ordinary_flat_aggregation,0.9969207349803274,0.001395820126671379,0.9960338731828744,0.9978075967777804,0.0,0.0,0.0,0.0,0.0,0.0,0.0,0.0,1.0,0.0,1.0,1.0,0.0,0.0,0.0,0.0,12
RIGHT,RIGHT,True,0.5,weak,1.2,independent_rollout,8,provenance_preserving,0.9969207349803274,0.001395820126671379,0.9960338731828744,0.9978075967777804,0.0,0.0,0.0,0.0,0.0,0.0,0.0,0.0,1.0,0.0,1.0,1.0,0.0,0.0,0.0,0.0,12
RIGHT,RIGHT,True,0.5,weak,1.2,independent_rollout,8,semantic_group_deduplication,0.5992101279077019,0.017295493028421628,0.5882210959100044,0.6101991599053994,0.009393076523106447,0.026542923507995596,-0.0074714924870098,0.026257645533222695,0.0,0.0,0.0,0.0,1.0,0.0,1.0,1.0,0.0,0.0,0.0,0.0,12
RIGHT,RIGHT,True,0.5,weak,1.2,independent_rollout,8,single_trajectory_score_average,0.5457953702240778,0.003816136080296889,0.5433707130359283,0.5482200274122272,2.7755575615628914e-17,8.368620923398064e-17,-2.541610497925185e-17,8.092725621050968e-17,0.0,0.0,0.0,0.0,1.0,0.0,1.0,1.0,0.0,0.0,0.0,0.0,12
RIGHT,RIGHT,True,0.5,weak,1.2,independent_rollout,8,source_group_average,0.5457953702240778,0.003816136080296889,0.5433707130359283,0.5482200274122272,2.7755575615628914e-17,8.368620923398064e-17,-2.541610497925185e-17,8.092725621050968e-17,0.0,0.0,0.0,0.0,1.0,0.0,1.0,1.0,0.0,0.0,0.0,0.0,12
RIGHT,RIGHT,True,0.5,weak,1.2,independent_rollout,16,exact_deduplication,0.9969207349803274,0.001395820126671379,0.9960338731828744,0.9978075967777804,0.0,0.0,0.0,0.0,0.0,0.0,0.0,0.0,1.0,0.0,1.0,1.0,0.0,0.0,0.0,0.0,12
RIGHT,RIGHT,True,0.5,weak,1.2,independent_rollout,16,explicit_belief_mixing,0.5228976851120388,0.0019080680401484258,0.5216853565179641,0.5241100137061135,1.850371707708594e-17,4.321537262272485e-17,-8.95402071409183e-18,4.596145486826371e-17,0.0,0.0,0.0,0.0,1.0,0.0,1.0,1.0,0.0,0.0,0.0,0.0,12
RIGHT,RIGHT,True,0.5,weak,1.2,independent_rollout,16,ordinary_flat_aggregation,0.9969207349803274,0.001395820126671379,0.9960338731828744,0.9978075967777804,0.0,0.0,0.0,0.0,0.0,0.0,0.0,0.0,1.0,0.0,1.0,1.0,0.0,0.0,0.0,0.0,12
RIGHT,RIGHT,True,0.5,weak,1.2,independent_rollout,16,provenance_preserving,0.9969207349803274,0.001395820126671379,0.9960338731828744,0.9978075967777804,0.0,0.0,0.0,0.0,0.0,0.0,0.0,0.0,1.0,0.0,1.0,1.0,0.0,0.0,0.0,0.0,12
RIGHT,RIGHT,True,0.5,weak,1.2,independent_rollout,16,semantic_group_deduplication,0.595388587597975,0.020567627614366705,0.5823205404715017,0.6084566347244482,0.005571536213379524,0.029900244348370502,-0.013426172689354365,0.024569245116113414,0.0,0.0,0.0,0.0,1.0,0.0,1.0,1.0,0.0,0.0,0.0,0.0,12
RIGHT,RIGHT,True,0.5,weak,1.2,independent_rollout,16,single_trajectory_score_average,0.5457953702240778,0.0038161360802968516,0.5433707130359283,0.5482200274122272,3.700743415417188e-17,7.231314961041786e-17,-8.938149103693081e-18,8.295301741203685e-17,0.0,0.0,0.0,0.0,1.0,0.0,1.0,1.0,0.0,0.0,0.0,0.0,12
RIGHT,RIGHT,True,0.5,weak,1.2,independent_rollout,16,source_group_average,0.5457953702240778,0.0038161360802968516,0.5433707130359283,0.5482200274122272,3.700743415417188e-17,7.231314961041786e-17,-8.938149103693081e-18,8.295301741203685e-17,0.0,0.0,0.0,0.0,1.0,0.0,1.0,1.0,0.0,0.0,0.0,0.0,12
RIGHT,RIGHT,True,0.5,weak,1.2,pure_duplication,1,exact_deduplication,0.5413007153366971,0.024700219628453708,0.5256069445143683,0.5569944861590259,0.0,0.0,0.0,0.0,0.0,0.0,0.0,0.0,1.0,0.0,1.0,1.0,0.0,0.0,0.0,0.0,12
RIGHT,RIGHT,True,0.5,weak,1.2,pure_duplication,1,explicit_belief_mixing,0.5247903906099167,0.006635054679737334,0.5205746779926304,0.5290061032272031,0.0,0.0,0.0,0.0,0.0,0.0,0.0,0.0,1.0,0.0,1.0,1.0,0.0,0.0,0.0,0.0,12
RIGHT,RIGHT,True,0.5,weak,1.2,pure_duplication,1,ordinary_flat_aggregation,0.5981367838928562,0.025722009127447907,0.5817937989960338,0.6144797687896786,0.0,0.0,0.0,0.0,0.0,0.0,0.0,0.0,1.0,0.0,1.0,1.0,0.0,0.0,0.0,0.0,12
RIGHT,RIGHT,True,0.5,weak,1.2,pure_duplication,1,provenance_preserving,0.5981367838928562,0.025722009127447907,0.5817937989960338,0.6144797687896786,0.0,0.0,0.0,0.0,0.0,0.0,0.0,0.0,1.0,0.0,1.0,1.0,0.0,0.0,0.0,0.0,12
RIGHT,RIGHT,True,0.5,weak,1.2,pure_duplication,1,semantic_group_deduplication,0.5413007153366971,0.024700219628453708,0.5256069445143683,0.5569944861590259,0.0,0.0,0.0,0.0,0.0,0.0,0.0,0.0,1.0,0.0,1.0,1.0,0.0,0.0,0.0,0.0,12
RIGHT,RIGHT,True,0.5,weak,1.2,pure_duplication,1,single_trajectory_score_average,0.5495807812198333,0.013270109359474692,0.5411493559852605,0.5580122064544062,0.0,0.0,0.0,0.0,0.0,0.0,0.0,0.0,1.0,0.0,1.0,1.0,0.0,0.0,0.0,0.0,12
RIGHT,RIGHT,True,0.5,weak,1.2,pure_duplication,1,source_group_average,0.5495807812198333,0.013270109359474692,0.5411493559852605,0.5580122064544062,0.0,0.0,0.0,0.0,0.0,0.0,0.0,0.0,1.0,0.0,1.0,1.0,0.0,0.0,0.0,0.0,12
RIGHT,RIGHT,True,0.5,weak,1.2,pure_duplication,2,exact_deduplication,0.5486496535571043,0.020729185630267447,0.5354789573645824,0.5618203497496261,0.007348938220407025,0.01937993282586892,-0.004964483639654111,0.019662360080468164,0.0,0.0,0.0,0.0,1.0,0.0,1.0,1.0,0.0,0.0,0.0,0.0,12
RIGHT,RIGHT,True,0.5,weak,1.2,pure_duplication,2,explicit_belief_mixing,0.5247903906099167,0.006635054679737334,0.5205746779926304,0.5290061032272031,0.0,0.0,0.0,0.0,0.0,0.0,0.0,0.0,1.0,0.0,1.0,1.0,0.0,0.0,0.0,0.0,12
RIGHT,RIGHT,True,0.5,weak,1.2,pure_duplication,2,ordinary_flat_aggregation,0.6877471875800767,0.04563054284230811,0.658754923841632,0.7167394513185213,0.08961040368722044,0.01995661040571046,0.07693057837356479,0.10229022900087609,0.0,0.0,0.0,0.0,1.0,0.0,1.0,1.0,0.0,0.0,0.0,0.0,12
RIGHT,RIGHT,True,0.5,weak,1.2,pure_duplication,2,provenance_preserving,0.5981367838928562,0.025722009127447907,0.5817937989960338,0.6144797687896786,0.0,0.0,0.0,0.0,0.0,0.0,0.0,0.0,1.0,0.0,1.0,1.0,0.0,0.0,0.0,0.0,12
RIGHT,RIGHT,True,0.5,weak,1.2,pure_duplication,2,semantic_group_deduplication,0.5486496535571043,0.020729185630267447,0.5354789573645824,0.5618203497496261,0.007348938220407025,0.01937993282586892,-0.004964483639654111,0.019662360080468164,0.0,0.0,0.0,0.0,1.0,0.0,1.0,1.0,0.0,0.0,0.0,0.0,12
RIGHT,RIGHT,True,0.5,weak,1.2,pure_duplication,2,single_trajectory_score_average,0.5495807812198333,0.013270109359474692,0.5411493559852605,0.5580122064544062,-9.25185853854297e-18,3.204937810639273e-17,-2.961506188514317e-17,1.1111344808057227e-17,0.0,0.0,0.0,0.0,1.0,0.0,1.0,1.0,0.0,0.0,0.0,0.0,12
RIGHT,RIGHT,True,0.5,weak,1.2,pure_duplication,2,source_group_average,0.5495807812198333,0.013270109359474692,0.5411493559852605,0.5580122064544062,0.0,0.0,0.0,0.0,0.0,0.0,0.0,0.0,1.0,0.0,1.0,1.0,0.0,0.0,0.0,0.0,12
RIGHT,RIGHT,True,0.5,weak,1.2,pure_duplication,4,exact_deduplication,0.5444866529396828,0.02241177874518365,0.530246888085832,0.5587264177935336,0.003185937602985661,0.028627881846233,-0.015003350734593898,0.02137522594056522,0.0,0.0,0.0,0.0,1.0,0.0,1.0,1.0,0.0,0.0,0.0,0.0,12
RIGHT,RIGHT,True,0.5,weak,1.2,pure_duplication,4,explicit_belief_mixing,0.5247903906099167,0.006635054679737334,0.5205746779926304,0.5290061032272031,0.0,0.0,0.0,0.0,0.0,0.0,0.0,0.0,1.0,0.0,1.0,1.0,0.0,0.0,0.0,0.0,12
RIGHT,RIGHT,True,0.5,weak,1.2,pure_duplication,4,ordinary_flat_aggregation,0.8237213743808631,0.061425526261845435,0.7846934569657544,0.8627492917959718,0.2255845904880068,0.03636976045860623,0.2024763471571319,0.24869283381888171,0.0,0.0,0.0,0.0,1.0,0.0,1.0,1.0,0.0,0.0,0.0,0.0,12
RIGHT,RIGHT,True,0.5,weak,1.2,pure_duplication,4,provenance_preserving,0.5981367838928562,0.025722009127447907,0.5817937989960338,0.6144797687896786,0.0,0.0,0.0,0.0,0.0,0.0,0.0,0.0,1.0,0.0,1.0,1.0,0.0,0.0,0.0,0.0,12
RIGHT,RIGHT,True,0.5,weak,1.2,pure_duplication,4,semantic_group_deduplication,0.5444866529396828,0.02241177874518365,0.530246888085832,0.5587264177935336,0.003185937602985661,0.028627881846233,-0.015003350734593898,0.02137522594056522,0.0,0.0,0.0,0.0,1.0,0.0,1.0,1.0,0.0,0.0,0.0,0.0,12
RIGHT,RIGHT,True,0.5,weak,1.2,pure_duplication,4,single_trajectory_score_average,0.5495807812198333,0.013270109359474692,0.5411493559852605,0.5580122064544062,0.0,0.0,0.0,0.0,0.0,0.0,0.0,0.0,1.0,0.0,1.0,1.0,0.0,0.0,0.0,0.0,12
RIGHT,RIGHT,True,0.5,weak,1.2,pure_duplication,4,source_group_average,0.5495807812198333,0.013270109359474692,0.5411493559852605,0.5580122064544062,0.0,0.0,0.0,0.0,0.0,0.0,0.0,0.0,1.0,0.0,1.0,1.0,0.0,0.0,0.0,0.0,12
RIGHT,RIGHT,True,0.5,weak,1.2,pure_duplication,8,exact_deduplication,0.5477941409086751,0.019773901004583982,0.5352304036100856,0.5603578782072646,0.006493425571977907,0.029527049547098012,-0.012267166666558062,0.025254017810513875,0.0,0.0,0.0,0.0,1.0,0.0,1.0,1.0,0.0,0.0,0.0,0.0,12
RIGHT,RIGHT,True,0.5,weak,1.2,pure_duplication,8,explicit_belief_mixing,0.5247903906099167,0.006635054679737334,0.5205746779926304,0.5290061032272031,0.0,0.0,0.0,0.0,0.0,0.0,0.0,0.0,1.0,0.0,1.0,1.0,0.0,0.0,0.0,0.0,12
RIGHT,RIGHT,True,0.5,weak,1.2,pure_duplication,8,ordinary_flat_aggregation,0.9478458193104341,0.04590934312018784,0.9186764143266053,0.9770152242942629,0.3497090354175778,0.025788939848017348,0.33332352476975435,0.36609454606540126,0.0,0.0,0.0,0.0,1.0,0.0,1.0,1.0,0.0,0.0,0.0,0.0,12
RIGHT,RIGHT,True,0.5,weak,1.2,pure_duplication,8,provenance_preserving,0.5981367838928562,0.025722009127447907,0.5817937989960338,0.6144797687896786,0.0,0.0,0.0,0.0,0.0,0.0,0.0,0.0,1.0,0.0,1.0,1.0,0.0,0.0,0.0,0.0,12
RIGHT,RIGHT,True,0.5,weak,1.2,pure_duplication,8,semantic_group_deduplication,0.5477941409086751,0.019773901004583982,0.5352304036100856,0.5603578782072646,0.006493425571977907,0.029527049547098012,-0.012267166666558062,0.025254017810513875,0.0,0.0,0.0,0.0,1.0,0.0,1.0,1.0,0.0,0.0,0.0,0.0,12
RIGHT,RIGHT,True,0.5,weak,1.2,pure_duplication,8,single_trajectory_score_average,0.5495807812198333,0.013270109359474692,0.5411493559852605,0.5580122064544062,0.0,0.0,0.0,0.0,0.0,0.0,0.0,0.0,1.0,0.0,1.0,1.0,0.0,0.0,0.0,0.0,12
RIGHT,RIGHT,True,0.5,weak,1.2,pure_duplication,8,source_group_average,0.5495807812198333,0.013270109359474692,0.5411493559852605,0.5580122064544062,0.0,0.0,0.0,0.0,0.0,0.0,0.0,0.0,1.0,0.0,1.0,1.0,0.0,0.0,0.0,0.0,12
RIGHT,RIGHT,True,0.5,weak,1.2,pure_duplication,16,exact_deduplication,0.5416618825615958,0.02164936239549934,0.5279065339454596,0.5554172311777319,0.0003611672248985398,0.014438191035847148,-0.008812421699167707,0.009534756148964787,0.0,0.0,0.0,0.0,1.0,0.0,1.0,1.0,0.0,0.0,0.0,0.0,12
RIGHT,RIGHT,True,0.5,weak,1.2,pure_duplication,16,explicit_belief_mixing,0.5247903906099167,0.006635054679737334,0.5205746779926304,0.5290061032272031,-9.25185853854297e-18,3.204937810639273e-17,-2.961506188514317e-17,1.1111344808057227e-17,0.0,0.0,0.0,0.0,1.0,0.0,1.0,1.0,0.0,0.0,0.0,0.0,12
RIGHT,RIGHT,True,0.5,weak,1.2,pure_duplication,16,ordinary_flat_aggregation,0.9939274938595125,0.013360238149557705,0.9854388035237651,1.00241618419526,0.3957907099666562,0.018565876021152585,0.38399451512407706,0.4075869048092354,0.0,0.0,0.0,0.0,1.0,0.0,1.0,1.0,0.0,0.0,0.0,0.0,12
RIGHT,RIGHT,True,0.5,weak,1.2,pure_duplication,16,provenance_preserving,0.5981367838928562,0.025722009127447907,0.5817937989960338,0.6144797687896786,0.0,0.0,0.0,0.0,0.0,0.0,0.0,0.0,1.0,0.0,1.0,1.0,0.0,0.0,0.0,0.0,12
RIGHT,RIGHT,True,0.5,weak,1.2,pure_duplication,16,semantic_group_deduplication,0.5416618825615958,0.02164936239549934,0.5279065339454596,0.5554172311777319,0.0003611672248985398,0.014438191035847148,-0.008812421699167707,0.009534756148964787,0.0,0.0,0.0,0.0,1.0,0.0,1.0,1.0,0.0,0.0,0.0,0.0,12
RIGHT,RIGHT,True,0.5,weak,1.2,pure_duplication,16,single_trajectory_score_average,0.5495807812198333,0.013270109359474693,0.5411493559852605,0.5580122064544062,-9.25185853854297e-18,3.204937810639273e-17,-2.961506188514317e-17,1.1111344808057227e-17,0.0,0.0,0.0,0.0,1.0,0.0,1.0,1.0,0.0,0.0,0.0,0.0,12
RIGHT,RIGHT,True,0.5,weak,1.2,pure_duplication,16,source_group_average,0.5495807812198333,0.013270109359474692,0.5411493559852605,0.5580122064544062,0.0,0.0,0.0,0.0,0.0,0.0,0.0,0.0,1.0,0.0,1.0,1.0,0.0,0.0,0.0,0.0,12
RIGHT,RIGHT,True,0.8,medium,1.5,independent_rollout,1,exact_deduplication,0.9999993690783288,2.2538316108139847e-07,0.9999992258767002,0.9999995122799573,0.0,0.0,0.0,0.0,0.0,0.0,0.0,0.0,1.0,0.0,1.0,1.0,0.0,0.0,0.0,0.0,12
RIGHT,RIGHT,True,0.8,medium,1.5,independent_rollout,1,explicit_belief_mixing,0.828428584113312,0.000757594229558191,0.8279472317045541,0.8289099365220699,0.0,0.0,0.0,0.0,0.0,0.0,0.0,0.0,1.0,0.0,1.0,1.0,0.0,0.0,0.0,0.0,12
RIGHT,RIGHT,True,0.8,medium,1.5,independent_rollout,1,ordinary_flat_aggregation,0.9999993690783288,2.2538316108139847e-07,0.9999992258767002,0.9999995122799573,0.0,0.0,0.0,0.0,0.0,0.0,0.0,0.0,1.0,0.0,1.0,1.0,0.0,0.0,0.0,0.0,12
RIGHT,RIGHT,True,0.8,medium,1.5,independent_rollout,1,provenance_preserving,0.9999993690783288,2.2538316108139847e-07,0.9999992258767002,0.9999995122799573,0.0,0.0,0.0,0.0,0.0,0.0,0.0,0.0,1.0,0.0,1.0,1.0,0.0,0.0,0.0,0.0,12
RIGHT,RIGHT,True,0.8,medium,1.5,independent_rollout,1,semantic_group_deduplication,0.898980317126436,0.012398697197471028,0.8911025607647716,0.9068580734881004,0.0,0.0,0.0,0.0,0.0,0.0,0.0,0.0,1.0,0.0,1.0,1.0,0.0,0.0,0.0,0.0,12
RIGHT,RIGHT,True,0.8,medium,1.5,independent_rollout,1,single_trajectory_score_average,0.856857168226624,0.00151518845911639,0.8558944634091082,0.8578198730441399,0.0,0.0,0.0,0.0,0.0,0.0,0.0,0.0,1.0,0.0,1.0,1.0,0.0,0.0,0.0,0.0,12
RIGHT,RIGHT,True,0.8,medium,1.5,independent_rollout,1,source_group_average,0.856857168226624,0.00151518845911639,0.8558944634091082,0.8578198730441399,0.0,0.0,0.0,0.0,0.0,0.0,0.0,0.0,1.0,0.0,1.0,1.0,0.0,0.0,0.0,0.0,12
RIGHT,RIGHT,True,0.8,medium,1.5,independent_rollout,2,exact_deduplication,0.9999993690783288,2.2538316108139847e-07,0.9999992258767002,0.9999995122799573,0.0,0.0,0.0,0.0,0.0,0.0,0.0,0.0,1.0,0.0,1.0,1.0,0.0,0.0,0.0,0.0,12
RIGHT,RIGHT,True,0.8,medium,1.5,independent_rollout,2,explicit_belief_mixing,0.828428584113312,0.0007575942295581945,0.8279472317045541,0.8289099365220699,0.0,4.734006883291518e-17,-3.007844473258028e-17,3.007844473258028e-17,0.0,0.0,0.0,0.0,1.0,0.0,1.0,1.0,0.0,0.0,0.0,0.0,12
RIGHT,RIGHT,True,0.8,medium,1.5,independent_rollout,2,ordinary_flat_aggregation,0.9999993690783288,2.2538316108139847e-07,0.9999992258767002,0.9999995122799573,0.0,0.0,0.0,0.0,0.0,0.0,0.0,0.0,1.0,0.0,1.0,1.0,0.0,0.0,0.0,0.0,12
RIGHT,RIGHT,True,0.8,medium,1.5,independent_rollout,2,provenance_preserving,0.9999993690783288,2.2538316108139847e-07,0.9999992258767002,0.9999995122799573,0.0,0.0,0.0,0.0,0.0,0.0,0.0,0.0,1.0,0.0,1.0,1.0,0.0,0.0,0.0,0.0,12
RIGHT,RIGHT,True,0.8,medium,1.5,independent_rollout,2,semantic_group_deduplication,0.9000021256159756,0.013173666446260071,0.8916319772850172,0.908372273946934,0.0010218084895396624,0.015201139221241286,-0.008636534584529936,0.010680151563609262,0.0,0.0,0.0,0.0,1.0,0.0,1.0,1.0,0.0,0.0,0.0,0.0,12
RIGHT,RIGHT,True,0.8,medium,1.5,independent_rollout,2,single_trajectory_score_average,0.856857168226624,0.0015151884591164046,0.8558944634091082,0.8578198730441399,-9.25185853854297e-18,5.716856438735954e-17,-4.557503141848114e-17,2.7071314341395202e-17,0.0,0.0,0.0,0.0,1.0,0.0,1.0,1.0,0.0,0.0,0.0,0.0,12
RIGHT,RIGHT,True,0.8,medium,1.5,independent_rollout,2,source_group_average,0.856857168226624,0.0015151884591164046,0.8558944634091082,0.8578198730441399,-9.25185853854297e-18,5.716856438735954e-17,-4.557503141848114e-17,2.7071314341395202e-17,0.0,0.0,0.0,0.0,1.0,0.0,1.0,1.0,0.0,0.0,0.0,0.0,12
RIGHT,RIGHT,True,0.8,medium,1.5,independent_rollout,4,exact_deduplication,0.9999993690783288,2.2538316108139847e-07,0.9999992258767002,0.9999995122799573,0.0,0.0,0.0,0.0,0.0,0.0,0.0,0.0,1.0,0.0,1.0,1.0,0.0,0.0,0.0,0.0,12
RIGHT,RIGHT,True,0.8,medium,1.5,independent_rollout,4,explicit_belief_mixing,0.828428584113312,0.000757594229558191,0.8279472317045541,0.8289099365220699,0.0,0.0,0.0,0.0,0.0,0.0,0.0,0.0,1.0,0.0,1.0,1.0,0.0,0.0,0.0,0.0,12
RIGHT,RIGHT,True,0.8,medium,1.5,independent_rollout,4,ordinary_flat_aggregation,0.9999993690783288,2.2538316108139847e-07,0.9999992258767002,0.9999995122799573,0.0,0.0,0.0,0.0,0.0,0.0,0.0,0.0,1.0,0.0,1.0,1.0,0.0,0.0,0.0,0.0,12
RIGHT,RIGHT,True,0.8,medium,1.5,independent_rollout,4,provenance_preserving,0.9999993690783288,2.2538316108139847e-07,0.9999992258767002,0.9999995122799573,0.0,0.0,0.0,0.0,0.0,0.0,0.0,0.0,1.0,0.0,1.0,1.0,0.0,0.0,0.0,0.0,12
RIGHT,RIGHT,True,0.8,medium,1.5,independent_rollout,4,semantic_group_deduplication,0.9043060149613235,0.0070864208522068125,0.8998035179601634,0.9088085119624835,0.005325697834887483,0.01270979362996251,-0.0027497197698187533,0.013401115439593719,0.0,0.0,0.0,0.0,1.0,0.0,1.0,1.0,0.0,0.0,0.0,0.0,12
RIGHT,RIGHT,True,0.8,medium,1.5,independent_rollout,4,single_trajectory_score_average,0.856857168226624,0.0015151884591163955,0.8558944634091082,0.8578198730441399,-9.25185853854297e-18,3.204937810639273e-17,-2.961506188514317e-17,1.1111344808057227e-17,0.0,0.0,0.0,0.0,1.0,0.0,1.0,1.0,0.0,0.0,0.0,0.0,12
RIGHT,RIGHT,True,0.8,medium,1.5,independent_rollout,4,source_group_average,0.856857168226624,0.0015151884591163955,0.8558944634091082,0.8578198730441399,-9.25185853854297e-18,3.204937810639273e-17,-2.961506188514317e-17,1.1111344808057227e-17,0.0,0.0,0.0,0.0,1.0,0.0,1.0,1.0,0.0,0.0,0.0,0.0,12
RIGHT,RIGHT,True,0.8,medium,1.5,independent_rollout,8,exact_deduplication,0.9999993690783288,2.2538316108139847e-07,0.9999992258767002,0.9999995122799573,0.0,0.0,0.0,0.0,0.0,0.0,0.0,0.0,1.0,0.0,1.0,1.0,0.0,0.0,0.0,0.0,12
RIGHT,RIGHT,True,0.8,medium,1.5,independent_rollout,8,explicit_belief_mixing,0.828428584113312,0.0007575942295581908,0.8279472317045541,0.8289099365220699,-9.25185853854297e-18,3.204937810639273e-17,-2.961506188514317e-17,1.1111344808057227e-17,0.0,0.0,0.0,0.0,1.0,0.0,1.0,1.0,0.0,0.0,0.0,0.0,12
RIGHT,RIGHT,True,0.8,medium,1.5,independent_rollout,8,ordinary_flat_aggregation,0.9999993690783288,2.2538316108139847e-07,0.9999992258767002,0.9999995122799573,0.0,0.0,0.0,0.0,0.0,0.0,0.0,0.0,1.0,0.0,1.0,1.0,0.0,0.0,0.0,0.0,12
RIGHT,RIGHT,True,0.8,medium,1.5,independent_rollout,8,provenance_preserving,0.9999993690783288,2.2538316108139847e-07,0.9999992258767002,0.9999995122799573,0.0,0.0,0.0,0.0,0.0,0.0,0.0,0.0,1.0,0.0,1.0,1.0,0.0,0.0,0.0,0.0,12
RIGHT,RIGHT,True,0.8,medium,1.5,independent_rollout,8,semantic_group_deduplication,0.9022570628755352,0.006931593881187202,0.8978529382385423,0.9066611875125281,0.003276745749099391,0.012540686681484219,-0.0046912264266267545,0.011244717924825537,0.0,0.0,0.0,0.0,1.0,0.0,1.0,1.0,0.0,0.0,0.0,0.0,12
RIGHT,RIGHT,True,0.8,medium,1.5,independent_rollout,8,single_trajectory_score_average,0.856857168226624,0.001515188459116401,0.8558944634091082,0.8578198730441399,0.0,4.734006883291518e-17,-3.007844473258028e-17,3.007844473258028e-17,0.0,0.0,0.0,0.0,1.0,0.0,1.0,1.0,0.0,0.0,0.0,0.0,12
RIGHT,RIGHT,True,0.8,medium,1.5,independent_rollout,8,source_group_average,0.856857168226624,0.001515188459116401,0.8558944634091082,0.8578198730441399,0.0,4.734006883291518e-17,-3.007844473258028e-17,3.007844473258028e-17,0.0,0.0,0.0,0.0,1.0,0.0,1.0,1.0,0.0,0.0,0.0,0.0,12
RIGHT,RIGHT,True,0.8,medium,1.5,independent_rollout,16,exact_deduplication,0.9999993690783288,2.2538316108139847e-07,0.9999992258767002,0.9999995122799573,0.0,0.0,0.0,0.0,0.0,0.0,0.0,0.0,1.0,0.0,1.0,1.0,0.0,0.0,0.0,0.0,12
RIGHT,RIGHT,True,0.8,medium,1.5,independent_rollout,16,explicit_belief_mixing,0.828428584113312,0.0007575942295581908,0.8279472317045541,0.8289099365220699,-9.25185853854297e-18,3.204937810639273e-17,-2.961506188514317e-17,1.1111344808057227e-17,0.0,0.0,0.0,0.0,1.0,0.0,1.0,1.0,0.0,0.0,0.0,0.0,12
RIGHT,RIGHT,True,0.8,medium,1.5,independent_rollout,16,ordinary_flat_aggregation,0.9999993690783288,2.2538316108139847e-07,0.9999992258767002,0.9999995122799573,0.0,0.0,0.0,0.0,0.0,0.0,0.0,0.0,1.0,0.0,1.0,1.0,0.0,0.0,0.0,0.0,12
RIGHT,RIGHT,True,0.8,medium,1.5,independent_rollout,16,provenance_preserving,0.9999993690783288,2.2538316108139847e-07,0.9999992258767002,0.9999995122799573,0.0,0.0,0.0,0.0,0.0,0.0,0.0,0.0,1.0,0.0,1.0,1.0,0.0,0.0,0.0,0.0,12
RIGHT,RIGHT,True,0.8,medium,1.5,independent_rollout,16,semantic_group_deduplication,0.8973512469801334,0.006187362115418645,0.8934199846474584,0.9012825093128083,-0.0016290701463024804,0.013928630362666299,-0.010478899664773821,0.00722075937216886,0.0,0.0,0.0,0.0,1.0,0.0,1.0,1.0,0.0,0.0,0.0,0.0,12
RIGHT,RIGHT,True,0.8,medium,1.5,independent_rollout,16,single_trajectory_score_average,0.856857168226624,0.001515188459116401,0.8558944634091082,0.8578198730441399,-1.850371707708594e-17,4.321537262272485e-17,-4.596145486826371e-17,8.95402071409183e-18,0.0,0.0,0.0,0.0,1.0,0.0,1.0,1.0,0.0,0.0,0.0,0.0,12
RIGHT,RIGHT,True,0.8,medium,1.5,independent_rollout,16,source_group_average,0.856857168226624,0.001515188459116401,0.8558944634091082,0.8578198730441399,-1.850371707708594e-17,4.321537262272485e-17,-4.596145486826371e-17,8.95402071409183e-18,0.0,0.0,0.0,0.0,1.0,0.0,1.0,1.0,0.0,0.0,0.0,0.0,12
RIGHT,RIGHT,True,0.8,medium,1.5,pure_duplication,1,exact_deduplication,0.8579728877423795,0.007284961791166502,0.8533442438469103,0.8626015316378486,0.0,0.0,0.0,0.0,0.0,0.0,0.0,0.0,1.0,0.0,1.0,1.0,0.0,0.0,0.0,0.0,12
RIGHT,RIGHT,True,0.8,medium,1.5,pure_duplication,1,explicit_belief_mixing,0.8284280301725344,0.0029812599619906035,0.8265338279626331,0.8303222323824357,0.0,0.0,0.0,0.0,0.0,0.0,0.0,0.0,1.0,0.0,1.0,1.0,0.0,0.0,0.0,0.0,12
RIGHT,RIGHT,True,0.8,medium,1.5,pure_duplication,1,ordinary_flat_aggregation,0.8996225087160584,0.008764600563990515,0.8940537471961378,0.905191270235979,0.0,0.0,0.0,0.0,0.0,0.0,0.0,0.0,1.0,0.0,1.0,1.0,0.0,0.0,0.0,0.0,12
RIGHT,RIGHT,True,0.8,medium,1.5,pure_duplication,1,provenance_preserving,0.8996225087160584,0.008764600563990515,0.8940537471961378,0.905191270235979,0.0,0.0,0.0,0.0,0.0,0.0,0.0,0.0,1.0,0.0,1.0,1.0,0.0,0.0,0.0,0.0,12
RIGHT,RIGHT,True,0.8,medium,1.5,pure_duplication,1,semantic_group_deduplication,0.8579728877423795,0.007284961791166502,0.8533442438469103,0.8626015316378486,0.0,0.0,0.0,0.0,0.0,0.0,0.0,0.0,1.0,0.0,1.0,1.0,0.0,0.0,0.0,0.0,12
RIGHT,RIGHT,True,0.8,medium,1.5,pure_duplication,1,single_trajectory_score_average,0.8568560603450689,0.005962519923981251,0.8530676559252662,0.8606444647648716,0.0,0.0,0.0,0.0,0.0,0.0,0.0,0.0,1.0,0.0,1.0,1.0,0.0,0.0,0.0,0.0,12
RIGHT,RIGHT,True,0.8,medium,1.5,pure_duplication,1,source_group_average,0.8568560603450689,0.005962519923981251,0.8530676559252662,0.8606444647648716,0.0,0.0,0.0,0.0,0.0,0.0,0.0,0.0,1.0,0.0,1.0,1.0,0.0,0.0,0.0,0.0,12
RIGHT,RIGHT,True,0.8,medium,1.5,pure_duplication,2,exact_deduplication,0.8565345475799924,0.00776086606127307,0.8516035285372263,0.8614655666227584,-0.001438340162387151,0.009497574429084228,-0.007472811057793876,0.004596130733019573,0.0,0.0,0.0,0.0,1.0,0.0,1.0,1.0,0.0,0.0,0.0,0.0,12
RIGHT,RIGHT,True,0.8,medium,1.5,pure_duplication,2,explicit_belief_mixing,0.8284280301725344,0.0029812599619906035,0.8265338279626331,0.8303222323824357,0.0,0.0,0.0,0.0,0.0,0.0,0.0,0.0,1.0,0.0,1.0,1.0,0.0,0.0,0.0,0.0,12
RIGHT,RIGHT,True,0.8,medium,1.5,pure_duplication,2,ordinary_flat_aggregation,0.9521698432838589,0.008992413407988542,0.9464563363884774,0.9578833501792404,0.052547334567800606,0.0004486222644592461,0.05226229357990157,0.05283237555569964,0.0,0.0,0.0,0.0,1.0,0.0,1.0,1.0,0.0,0.0,0.0,0.0,12
RIGHT,RIGHT,True,0.8,medium,1.5,pure_duplication,2,provenance_preserving,0.8996225087160584,0.008764600563990515,0.8940537471961378,0.905191270235979,0.0,0.0,0.0,0.0,0.0,0.0,0.0,0.0,1.0,0.0,1.0,1.0,0.0,0.0,0.0,0.0,12
RIGHT,RIGHT,True,0.8,medium,1.5,pure_duplication,2,semantic_group_deduplication,0.8565345475799924,0.00776086606127307,0.8516035285372263,0.8614655666227584,-0.001438340162387151,0.009497574429084228,-0.007472811057793876,0.004596130733019573,0.0,0.0,0.0,0.0,1.0,0.0,1.0,1.0,0.0,0.0,0.0,0.0,12
RIGHT,RIGHT,True,0.8,medium,1.5,pure_duplication,2,single_trajectory_score_average,0.8568560603450687,0.0059625199239812295,0.853067655925266,0.8606444647648713,-1.850371707708594e-17,4.321537262272485e-17,-4.596145486826371e-17,8.95402071409183e-18,0.0,0.0,0.0,0.0,1.0,0.0,1.0,1.0,0.0,0.0,0.0,0.0,12
RIGHT,RIGHT,True,0.8,medium,1.5,pure_duplication,2,source_group_average,0.8568560603450689,0.005962519923981251,0.8530676559252662,0.8606444647648716,0.0,0.0,0.0,0.0,0.0,0.0,0.0,0.0,1.0,0.0,1.0,1.0,0.0,0.0,0.0,0.0,12
RIGHT,RIGHT,True,0.8,medium,1.5,pure_duplication,4,exact_deduplication,0.8553864279275318,0.011910154479789511,0.8478190767996484,0.8629537790554153,-0.0025864598148476747,0.012028985652568217,-0.010229312667824692,0.005056393038129344,0.0,0.0,0.0,0.0,1.0,0.0,1.0,1.0,0.0,0.0,0.0,0.0,12
RIGHT,RIGHT,True,0.8,medium,1.5,pure_duplication,4,explicit_belief_mixing,0.8284280301725344,0.0029812599619906035,0.8265338279626331,0.8303222323824357,0.0,0.0,0.0,0.0,0.0,0.0,0.0,0.0,1.0,0.0,1.0,1.0,0.0,0.0,0.0,0.0,12
RIGHT,RIGHT,True,0.8,medium,1.5,pure_duplication,4,ordinary_flat_aggregation,0.9896320764113989,0.004181304206616916,0.9869754024650065,0.9922887503577914,0.09000956769534062,0.00465343762009592,0.08705291448964764,0.0929662209010336,0.0,0.0,0.0,0.0,1.0,0.0,1.0,1.0,0.0,0.0,0.0,0.0,12
RIGHT,RIGHT,True,0.8,medium,1.5,pure_duplication,4,provenance_preserving,0.8996225087160584,0.008764600563990515,0.8940537471961378,0.905191270235979,0.0,0.0,0.0,0.0,0.0,0.0,0.0,0.0,1.0,0.0,1.0,1.0,0.0,0.0,0.0,0.0,12
RIGHT,RIGHT,True,0.8,medium,1.5,pure_duplication,4,semantic_group_deduplication,0.8553864279275318,0.011910154479789511,0.8478190767996484,0.8629537790554153,-0.0025864598148476747,0.012028985652568217,-0.010229312667824692,0.005056393038129344,0.0,0.0,0.0,0.0,1.0,0.0,1.0,1.0,0.0,0.0,0.0,0.0,12
RIGHT,RIGHT,True,0.8,medium,1.5,pure_duplication,4,single_trajectory_score_average,0.8568560603450689,0.005962519923981251,0.8530676559252662,0.8606444647648716,0.0,0.0,0.0,0.0,0.0,0.0,0.0,0.0,1.0,0.0,1.0,1.0,0.0,0.0,0.0,0.0,12
RIGHT,RIGHT,True,0.8,medium,1.5,pure_duplication,4,source_group_average,0.8568560603450689,0.005962519923981251,0.8530676559252662,0.8606444647648716,0.0,0.0,0.0,0.0,0.0,0.0,0.0,0.0,1.0,0.0,1.0,1.0,0.0,0.0,0.0,0.0,12
RIGHT,RIGHT,True,0.8,medium,1.5,pure_duplication,8,exact_deduplication,0.8564313486783988,0.011524063106742193,0.8491093083054894,0.8637533890513082,-0.0015415390639806996,0.014689913158136848,-0.010875064594180356,0.007791986466218957,0.0,0.0,0.0,0.0,1.0,0.0,1.0,1.0,0.0,0.0,0.0,0.0,12
RIGHT,RIGHT,True,0.8,medium,1.5,pure_duplication,8,explicit_belief_mixing,0.8284280301725344,0.0029812599619906035,0.8265338279626331,0.8303222323824357,0.0,0.0,0.0,0.0,0.0,0.0,0.0,0.0,1.0,0.0,1.0,1.0,0.0,0.0,0.0,0.0,12
RIGHT,RIGHT,True,0.8,medium,1.5,pure_duplication,8,ordinary_flat_aggregation,0.9994926757010664,0.0004281508072554054,0.9992206416565301,0.9997647097456026,0.0998701669850081,0.00835569159618126,0.09456121382811115,0.10517912014190504,0.0,0.0,0.0,0.0,1.0,0.0,1.0,1.0,0.0,0.0,0.0,0.0,12
RIGHT,RIGHT,True,0.8,medium,1.5,pure_duplication,8,provenance_preserving,0.8996225087160584,0.008764600563990515,0.8940537471961378,0.905191270235979,0.0,0.0,0.0,0.0,0.0,0.0,0.0,0.0,1.0,0.0,1.0,1.0,0.0,0.0,0.0,0.0,12
RIGHT,RIGHT,True,0.8,medium,1.5,pure_duplication,8,semantic_group_deduplication,0.8564313486783988,0.011524063106742193,0.8491093083054894,0.8637533890513082,-0.0015415390639806996,0.014689913158136848,-0.010875064594180356,0.007791986466218957,0.0,0.0,0.0,0.0,1.0,0.0,1.0,1.0,0.0,0.0,0.0,0.0,12
RIGHT,RIGHT,True,0.8,medium,1.5,pure_duplication,8,single_trajectory_score_average,0.8568560603450689,0.005962519923981251,0.8530676559252662,0.8606444647648716,0.0,0.0,0.0,0.0,0.0,0.0,0.0,0.0,1.0,0.0,1.0,1.0,0.0,0.0,0.0,0.0,12
RIGHT,RIGHT,True,0.8,medium,1.5,pure_duplication,8,source_group_average,0.8568560603450689,0.005962519923981251,0.8530676559252662,0.8606444647648716,0.0,0.0,0.0,0.0,0.0,0.0,0.0,0.0,1.0,0.0,1.0,1.0,0.0,0.0,0.0,0.0,12
RIGHT,RIGHT,True,0.8,medium,1.5,pure_duplication,16,exact_deduplication,0.8594118601735184,0.007343711506512676,0.8547458884897791,0.8640778318572578,0.0014389724311390055,0.00577870828886643,-0.0022326436475330344,0.005110588509811045,0.0,0.0,0.0,0.0,1.0,0.0,1.0,1.0,0.0,0.0,0.0,0.0,12
RIGHT,RIGHT,True,0.8,medium,1.5,pure_duplication,16,explicit_belief_mixing,0.8284280301725344,0.0029812599619906035,0.8265338279626331,0.8303222323824357,0.0,0.0,0.0,0.0,0.0,0.0,0.0,0.0,1.0,0.0,1.0,1.0,0.0,0.0,0.0,0.0,12
RIGHT,RIGHT,True,0.8,medium,1.5,pure_duplication,16,ordinary_flat_aggregation,0.9999982944993976,2.7934289133758107e-06,0.9999965196393423,1.0000000693594528,0.10037578578333935,0.008762199481300342,0.09480854983857685,0.10594302172810184,0.0,0.0,0.0,0.0,1.0,0.0,1.0,1.0,0.0,0.0,0.0,0.0,12
RIGHT,RIGHT,True,0.8,medium,1.5,pure_duplication,16,provenance_preserving,0.8996225087160584,0.008764600563990515,0.8940537471961378,0.905191270235979,0.0,0.0,0.0,0.0,0.0,0.0,0.0,0.0,1.0,0.0,1.0,1.0,0.0,0.0,0.0,0.0,12
RIGHT,RIGHT,True,0.8,medium,1.5,pure_duplication,16,semantic_group_deduplication,0.8594118601735184,0.007343711506512676,0.8547458884897791,0.8640778318572578,0.0014389724311390055,0.00577870828886643,-0.0022326436475330344,0.005110588509811045,0.0,0.0,0.0,0.0,1.0,0.0,1.0,1.0,0.0,0.0,0.0,0.0,12
RIGHT,RIGHT,True,0.8,medium,1.5,pure_duplication,16,single_trajectory_score_average,0.8568560603450687,0.005962519923981209,0.853067655925266,0.8606444647648713,-2.7755575615628914e-17,6.900941601584843e-17,-7.160206669248857e-17,1.6090915461230733e-17,0.0,0.0,0.0,0.0,1.0,0.0,1.0,1.0,0.0,0.0,0.0,0.0,12
RIGHT,RIGHT,True,0.8,medium,1.5,pure_duplication,16,source_group_average,0.8568560603450689,0.005962519923981251,0.8530676559252662,0.8606444647648716,0.0,0.0,0.0,0.0,0.0,0.0,0.0,0.0,1.0,0.0,1.0,1.0,0.0,0.0,0.0,0.0,12
RIGHT,RIGHT,True,0.8,strong,2.0,independent_rollout,1,exact_deduplication,0.999999999945918,1.2213971881729307e-11,0.9999999999381577,0.9999999999536784,0.0,0.0,0.0,0.0,0.0,0.0,0.0,0.0,1.0,0.0,1.0,1.0,0.0,0.0,0.0,0.0,12
RIGHT,RIGHT,True,0.8,strong,2.0,independent_rollout,1,explicit_belief_mixing,0.8445079307850477,0.0003690107892096101,0.844273472515286,0.8447423890548095,0.0,0.0,0.0,0.0,0.0,0.0,0.0,0.0,1.0,0.0,1.0,1.0,0.0,0.0,0.0,0.0,12
RIGHT,RIGHT,True,0.8,strong,2.0,independent_rollout,1,ordinary_flat_aggregation,0.999999999945918,1.2213971881729307e-11,0.9999999999381577,0.9999999999536784,0.0,0.0,0.0,0.0,0.0,0.0,0.0,0.0,1.0,0.0,1.0,1.0,0.0,0.0,0.0,0.0,12
RIGHT,RIGHT,True,0.8,strong,2.0,independent_rollout,1,provenance_preserving,0.999999999945918,1.2213971881729307e-11,0.9999999999381577,0.9999999999536784,0.0,0.0,0.0,0.0,0.0,0.0,0.0,0.0,1.0,0.0,1.0,1.0,0.0,0.0,0.0,0.0,12
RIGHT,RIGHT,True,0.8,strong,2.0,independent_rollout,1,semantic_group_deduplication,0.9402710516379073,0.00525159217077081,0.9369343491623766,0.9436077541134379,0.0,0.0,0.0,0.0,0.0,0.0,0.0,0.0,1.0,0.0,1.0,1.0,0.0,0.0,0.0,0.0,12
RIGHT,RIGHT,True,0.8,strong,2.0,independent_rollout,1,single_trajectory_score_average,0.8890158615700953,0.0007380215784192071,0.8885469450305717,0.8894847781096188,0.0,0.0,0.0,0.0,0.0,0.0,0.0,0.0,1.0,0.0,1.0,1.0,0.0,0.0,0.0,0.0,12
RIGHT,RIGHT,True,0.8,strong,2.0,independent_rollout,1,source_group_average,0.8890158615700953,0.0007380215784192071,0.8885469450305717,0.8894847781096188,0.0,0.0,0.0,0.0,0.0,0.0,0.0,0.0,1.0,0.0,1.0,1.0,0.0,0.0,0.0,0.0,12
RIGHT,RIGHT,True,0.8,strong,2.0,independent_rollout,2,exact_deduplication,0.999999999945918,1.2213971881729307e-11,0.9999999999381577,0.9999999999536784,0.0,0.0,0.0,0.0,0.0,0.0,0.0,0.0,1.0,0.0,1.0,1.0,0.0,0.0,0.0,0.0,12
RIGHT,RIGHT,True,0.8,strong,2.0,independent_rollout,2,explicit_belief_mixing,0.8445079307850477,0.0003690107892096101,0.844273472515286,0.8447423890548095,0.0,0.0,0.0,0.0,0.0,0.0,0.0,0.0,1.0,0.0,1.0,1.0,0.0,0.0,0.0,0.0,12
RIGHT,RIGHT,True,0.8,strong,2.0,independent_rollout,2,ordinary_flat_aggregation,0.999999999945918,1.2213971881729307e-11,0.9999999999381577,0.9999999999536784,0.0,0.0,0.0,0.0,0.0,0.0,0.0,0.0,1.0,0.0,1.0,1.0,0.0,0.0,0.0,0.0,12
RIGHT,RIGHT,True,0.8,strong,2.0,independent_rollout,2,provenance_preserving,0.999999999945918,1.2213971881729307e-11,0.9999999999381577,0.9999999999536784,0.0,0.0,0.0,0.0,0.0,0.0,0.0,0.0,1.0,0.0,1.0,1.0,0.0,0.0,0.0,0.0,12
RIGHT,RIGHT,True,0.8,strong,2.0,independent_rollout,2,semantic_group_deduplication,0.9394890607278265,0.0047199737938557074,0.9364901324542155,0.9424879890014374,-0.0007819909100807246,0.008088918992763273,-0.005921444841355599,0.004357463021194149,0.0,0.0,0.0,0.0,1.0,0.0,1.0,1.0,0.0,0.0,0.0,0.0,12
RIGHT,RIGHT,True,0.8,strong,2.0,independent_rollout,2,single_trajectory_score_average,0.8890158615700953,0.0007380215784192104,0.8885469450305717,0.8894847781096188,-9.25185853854297e-18,5.716856438735954e-17,-4.557503141848114e-17,2.7071314341395202e-17,0.0,0.0,0.0,0.0,1.0,0.0,1.0,1.0,0.0,0.0,0.0,0.0,12
RIGHT,RIGHT,True,0.8,strong,2.0,independent_rollout,2,source_group_average,0.8890158615700953,0.0007380215784192104,0.8885469450305717,0.8894847781096188,-9.25185853854297e-18,5.716856438735954e-17,-4.557503141848114e-17,2.7071314341395202e-17,0.0,0.0,0.0,0.0,1.0,0.0,1.0,1.0,0.0,0.0,0.0,0.0,12
RIGHT,RIGHT,True,0.8,strong,2.0,independent_rollout,4,exact_deduplication,0.999999999945918,1.2213971881729307e-11,0.9999999999381577,0.9999999999536784,0.0,0.0,0.0,0.0,0.0,0.0,0.0,0.0,1.0,0.0,1.0,1.0,0.0,0.0,0.0,0.0,12
RIGHT,RIGHT,True,0.8,strong,2.0,independent_rollout,4,explicit_belief_mixing,0.8445079307850477,0.0003690107892096101,0.844273472515286,0.8447423890548095,0.0,0.0,0.0,0.0,0.0,0.0,0.0,0.0,1.0,0.0,1.0,1.0,0.0,0.0,0.0,0.0,12
RIGHT,RIGHT,True,0.8,strong,2.0,independent_rollout,4,ordinary_flat_aggregation,0.999999999945918,1.2213971881729307e-11,0.9999999999381577,0.9999999999536784,0.0,0.0,0.0,0.0,0.0,0.0,0.0,0.0,1.0,0.0,1.0,1.0,0.0,0.0,0.0,0.0,12
RIGHT,RIGHT,True,0.8,strong,2.0,independent_rollout,4,provenance_preserving,0.999999999945918,1.2213971881729307e-11,0.9999999999381577,0.9999999999536784,0.0,0.0,0.0,0.0,0.0,0.0,0.0,0.0,1.0,0.0,1.0,1.0,0.0,0.0,0.0,0.0,12
RIGHT,RIGHT,True,0.8,strong,2.0,independent_rollout,4,semantic_group_deduplication,0.9416112504872561,0.0038555486411606344,0.9391615517526338,0.9440609492218784,0.001340198849348902,0.006313017507561101,-0.0026709011105430494,0.005351298809240853,0.0,0.0,0.0,0.0,1.0,0.0,1.0,1.0,0.0,0.0,0.0,0.0,12
RIGHT,RIGHT,True,0.8,strong,2.0,independent_rollout,4,single_trajectory_score_average,0.8890158615700953,0.0007380215784192159,0.8885469450305717,0.8894847781096188,-1.850371707708594e-17,4.3215372622724845e-17,-4.596145486826371e-17,8.954020714091827e-18,0.0,0.0,0.0,0.0,1.0,0.0,1.0,1.0,0.0,0.0,0.0,0.0,12
RIGHT,RIGHT,True,0.8,strong,2.0,independent_rollout,4,source_group_average,0.8890158615700953,0.0007380215784192159,0.8885469450305717,0.8894847781096188,-1.850371707708594e-17,4.3215372622724845e-17,-4.596145486826371e-17,8.954020714091827e-18,0.0,0.0,0.0,0.0,1.0,0.0,1.0,1.0,0.0,0.0,0.0,0.0,12
RIGHT,RIGHT,True,0.8,strong,2.0,independent_rollout,8,exact_deduplication,0.999999999945918,1.2213971881729307e-11,0.9999999999381577,0.9999999999536784,0.0,0.0,0.0,0.0,0.0,0.0,0.0,0.0,1.0,0.0,1.0,1.0,0.0,0.0,0.0,0.0,12
RIGHT,RIGHT,True,0.8,strong,2.0,independent_rollout,8,explicit_belief_mixing,0.8445079307850477,0.00036901078920960556,0.844273472515286,0.8447423890548095,-9.25185853854297e-18,3.204937810639273e-17,-2.961506188514317e-17,1.1111344808057227e-17,0.0,0.0,0.0,0.0,1.0,0.0,1.0,1.0,0.0,0.0,0.0,0.0,12
RIGHT,RIGHT,True,0.8,strong,2.0,independent_rollout,8,ordinary_flat_aggregation,0.999999999945918,1.2213971881729307e-11,0.9999999999381577,0.9999999999536784,0.0,0.0,0.0,0.0,0.0,0.0,0.0,0.0,1.0,0.0,1.0,1.0,0.0,0.0,0.0,0.0,12
RIGHT,RIGHT,True,0.8,strong,2.0,independent_rollout,8,provenance_preserving,0.999999999945918,1.2213971881729307e-11,0.9999999999381577,0.9999999999536784,0.0,0.0,0.0,0.0,0.0,0.0,0.0,0.0,1.0,0.0,1.0,1.0,0.0,0.0,0.0,0.0,12
RIGHT,RIGHT,True,0.8,strong,2.0,independent_rollout,8,semantic_group_deduplication,0.9423784395504723,0.004857665753842871,0.9392920259792964,0.9454648531216482,0.0021073879125651416,0.007628016725043426,-0.0027392226889785902,0.006953998514108873,0.0,0.0,0.0,0.0,1.0,0.0,1.0,1.0,0.0,0.0,0.0,0.0,12
RIGHT,RIGHT,True,0.8,strong,2.0,independent_rollout,8,single_trajectory_score_average,0.8890158615700953,0.0007380215784192246,0.8885469450305717,0.8894847781096188,-2.7755575615628914e-17,6.900941601584843e-17,-7.160206669248857e-17,1.6090915461230733e-17,0.0,0.0,0.0,0.0,1.0,0.0,1.0,1.0,0.0,0.0,0.0,0.0,12
RIGHT,RIGHT,True,0.8,strong,2.0,independent_rollout,8,source_group_average,0.8890158615700953,0.0007380215784192246,0.8885469450305717,0.8894847781096188,-2.7755575615628914e-17,6.900941601584843e-17,-7.160206669248857e-17,1.6090915461230733e-17,0.0,0.0,0.0,0.0,1.0,0.0,1.0,1.0,0.0,0.0,0.0,0.0,12
RIGHT,RIGHT,True,0.8,strong,2.0,independent_rollout,16,exact_deduplication,0.999999999945918,1.2213971881729307e-11,0.9999999999381577,0.9999999999536784,0.0,0.0,0.0,0.0,0.0,0.0,0.0,0.0,1.0,0.0,1.0,1.0,0.0,0.0,0.0,0.0,12
RIGHT,RIGHT,True,0.8,strong,2.0,independent_rollout,16,explicit_belief_mixing,0.8445079307850477,0.0003690107892096101,0.844273472515286,0.8447423890548095,0.0,0.0,0.0,0.0,0.0,0.0,0.0,0.0,1.0,0.0,1.0,1.0,0.0,0.0,0.0,0.0,12
RIGHT,RIGHT,True,0.8,strong,2.0,independent_rollout,16,ordinary_flat_aggregation,0.999999999945918,1.2213971881729307e-11,0.9999999999381577,0.9999999999536784,0.0,0.0,0.0,0.0,0.0,0.0,0.0,0.0,1.0,0.0,1.0,1.0,0.0,0.0,0.0,0.0,12
RIGHT,RIGHT,True,0.8,strong,2.0,independent_rollout,16,provenance_preserving,0.999999999945918,1.2213971881729307e-11,0.9999999999381577,0.9999999999536784,0.0,0.0,0.0,0.0,0.0,0.0,0.0,0.0,1.0,0.0,1.0,1.0,0.0,0.0,0.0,0.0,12
RIGHT,RIGHT,True,0.8,strong,2.0,independent_rollout,16,semantic_group_deduplication,0.9413881214773455,0.006602344179760521,0.9371931921202018,0.9455830508344892,0.0011170698394383043,0.008912752935302458,-0.004545823206320059,0.006779962885196668,0.0,0.0,0.0,0.0,1.0,0.0,1.0,1.0,0.0,0.0,0.0,0.0,12
RIGHT,RIGHT,True,0.8,strong,2.0,independent_rollout,16,single_trajectory_score_average,0.8890158615700953,0.0007380215784192057,0.8885469450305717,0.8894847781096188,9.25185853854297e-18,5.716856438735954e-17,-2.7071314341395202e-17,4.557503141848114e-17,0.0,0.0,0.0,0.0,1.0,0.0,1.0,1.0,0.0,0.0,0.0,0.0,12
RIGHT,RIGHT,True,0.8,strong,2.0,independent_rollout,16,source_group_average,0.8890158615700953,0.0007380215784192057,0.8885469450305717,0.8894847781096188,9.25185853854297e-18,5.716856438735954e-17,-2.7071314341395202e-17,4.557503141848114e-17,0.0,0.0,0.0,0.0,1.0,0.0,1.0,1.0,0.0,0.0,0.0,0.0,12
RIGHT,RIGHT,True,0.8,strong,2.0,pure_duplication,1,exact_deduplication,0.8880313453254689,0.007861929251637095,0.8830361137950407,0.8930265768558971,0.0,0.0,0.0,0.0,0.0,0.0,0.0,0.0,1.0,0.0,1.0,1.0,0.0,0.0,0.0,0.0,12
RIGHT,RIGHT,True,0.8,strong,2.0,pure_duplication,1,explicit_belief_mixing,0.8444131516839203,0.002334886408012699,0.8429296356369087,0.8458966677309319,0.0,0.0,0.0,0.0,0.0,0.0,0.0,0.0,1.0,0.0,1.0,1.0,0.0,0.0,0.0,0.0,12
RIGHT,RIGHT,True,0.8,strong,2.0,pure_duplication,1,ordinary_flat_aggregation,0.9411838850485265,0.005279597148402436,0.9378293890591143,0.9445383810379386,0.0,0.0,0.0,0.0,0.0,0.0,0.0,0.0,1.0,0.0,1.0,1.0,0.0,0.0,0.0,0.0,12
RIGHT,RIGHT,True,0.8,strong,2.0,pure_duplication,1,provenance_preserving,0.9411838850485265,0.005279597148402436,0.9378293890591143,0.9445383810379386,0.0,0.0,0.0,0.0,0.0,0.0,0.0,0.0,1.0,0.0,1.0,1.0,0.0,0.0,0.0,0.0,12
RIGHT,RIGHT,True,0.8,strong,2.0,pure_duplication,1,semantic_group_deduplication,0.8880313453254689,0.007861929251637095,0.8830361137950407,0.8930265768558971,0.0,0.0,0.0,0.0,0.0,0.0,0.0,0.0,1.0,0.0,1.0,1.0,0.0,0.0,0.0,0.0,12
RIGHT,RIGHT,True,0.8,strong,2.0,pure_duplication,1,single_trajectory_score_average,0.8888263033678404,0.00466977281602537,0.8858592712738173,0.8917933354618636,0.0,0.0,0.0,0.0,0.0,0.0,0.0,0.0,1.0,0.0,1.0,1.0,0.0,0.0,0.0,0.0,12
RIGHT,RIGHT,True,0.8,strong,2.0,pure_duplication,1,source_group_average,0.8888263033678404,0.00466977281602537,0.8858592712738173,0.8917933354618636,0.0,0.0,0.0,0.0,0.0,0.0,0.0,0.0,1.0,0.0,1.0,1.0,0.0,0.0,0.0,0.0,12
RIGHT,RIGHT,True,0.8,strong,2.0,pure_duplication,2,exact_deduplication,0.8929043700227141,0.0068888609642290795,0.8885273965858076,0.8972813434596205,0.00487302469724508,0.00978174744989057,-0.0013420011215391726,0.011088050516029332,0.0,0.0,0.0,0.0,1.0,0.0,1.0,1.0,0.0,0.0,0.0,0.0,12
RIGHT,RIGHT,True,0.8,strong,2.0,pure_duplication,2,explicit_belief_mixing,0.8444131516839203,0.002334886408012709,0.8429296356369087,0.8458966677309319,9.25185853854297e-18,3.204937810639273e-17,-1.1111344808057227e-17,2.961506188514317e-17,0.0,0.0,0.0,0.0,1.0,0.0,1.0,1.0,0.0,0.0,0.0,0.0,12
RIGHT,RIGHT,True,0.8,strong,2.0,pure_duplication,2,ordinary_flat_aggregation,0.9844855343376767,0.003021207111741588,0.9825659509197283,0.9864051177556251,0.04330164928915029,0.002270673132377128,0.041858932411001755,0.04474436616729883,0.0,0.0,0.0,0.0,1.0,0.0,1.0,1.0,0.0,0.0,0.0,0.0,12
RIGHT,RIGHT,True,0.8,strong,2.0,pure_duplication,2,provenance_preserving,0.9411838850485265,0.005279597148402436,0.9378293890591143,0.9445383810379386,0.0,0.0,0.0,0.0,0.0,0.0,0.0,0.0,1.0,0.0,1.0,1.0,0.0,0.0,0.0,0.0,12
RIGHT,RIGHT,True,0.8,strong,2.0,pure_duplication,2,semantic_group_deduplication,0.8929043700227141,0.0068888609642290795,0.8885273965858076,0.8972813434596205,0.00487302469724508,0.00978174744989057,-0.0013420011215391726,0.011088050516029332,0.0,0.0,0.0,0.0,1.0,0.0,1.0,1.0,0.0,0.0,0.0,0.0,12
RIGHT,RIGHT,True,0.8,strong,2.0,pure_duplication,2,single_trajectory_score_average,0.8888263033678404,0.004669772816025395,0.8858592712738173,0.8917933354618636,-9.25185853854297e-18,5.716856438735954e-17,-4.557503141848114e-17,2.7071314341395202e-17,0.0,0.0,0.0,0.0,1.0,0.0,1.0,1.0,0.0,0.0,0.0,0.0,12
RIGHT,RIGHT,True,0.8,strong,2.0,pure_duplication,2,source_group_average,0.8888263033678404,0.00466977281602537,0.8858592712738173,0.8917933354618636,0.0,0.0,0.0,0.0,0.0,0.0,0.0,0.0,1.0,0.0,1.0,1.0,0.0,0.0,0.0,0.0,12
RIGHT,RIGHT,True,0.8,strong,2.0,pure_duplication,4,exact_deduplication,0.8867834166586048,0.007373629976833059,0.8820984356857325,0.8914683976314771,-0.0012479286668639993,0.003081586271220642,-0.00320587517249185,0.0007100178387638518,0.0,0.0,0.0,0.0,1.0,0.0,1.0,1.0,0.0,0.0,0.0,0.0,12
RIGHT,RIGHT,True,0.8,strong,2.0,pure_duplication,4,explicit_belief_mixing,0.8444131516839203,0.002334886408012699,0.8429296356369087,0.8458966677309319,0.0,0.0,0.0,0.0,0.0,0.0,0.0,0.0,1.0,0.0,1.0,1.0,0.0,0.0,0.0,0.0,12
RIGHT,RIGHT,True,0.8,strong,2.0,pure_duplication,4,ordinary_flat_aggregation,0.9989708816868391,0.0004386886021476646,0.998692152246857,0.9992496111268212,0.05778699663831275,0.004848018201694874,0.054706712829328624,0.060867280447296876,0.0,0.0,0.0,0.0,1.0,0.0,1.0,1.0,0.0,0.0,0.0,0.0,12
RIGHT,RIGHT,True,0.8,strong,2.0,pure_duplication,4,provenance_preserving,0.9411838850485265,0.005279597148402436,0.9378293890591143,0.9445383810379386,0.0,0.0,0.0,0.0,0.0,0.0,0.0,0.0,1.0,0.0,1.0,1.0,0.0,0.0,0.0,0.0,12
RIGHT,RIGHT,True,0.8,strong,2.0,pure_duplication,4,semantic_group_deduplication,0.8867834166586048,0.007373629976833059,0.8820984356857325,0.8914683976314771,-0.0012479286668639993,0.003081586271220642,-0.00320587517249185,0.0007100178387638518,0.0,0.0,0.0,0.0,1.0,0.0,1.0,1.0,0.0,0.0,0.0,0.0,12
RIGHT,RIGHT,True,0.8,strong,2.0,pure_duplication,4,single_trajectory_score_average,0.8888263033678404,0.00466977281602537,0.8858592712738173,0.8917933354618636,0.0,0.0,0.0,0.0,0.0,0.0,0.0,0.0,1.0,0.0,1.0,1.0,0.0,0.0,0.0,0.0,12
RIGHT,RIGHT,True,0.8,strong,2.0,pure_duplication,4,source_group_average,0.8888263033678404,0.00466977281602537,0.8858592712738173,0.8917933354618636,0.0,0.0,0.0,0.0,0.0,0.0,0.0,0.0,1.0,0.0,1.0,1.0,0.0,0.0,0.0,0.0,12
RIGHT,RIGHT,True,0.8,strong,2.0,pure_duplication,8,exact_deduplication,0.8891768691046718,0.009987208481653973,0.8828312995743773,0.8955224386349662,0.0011455237792026747,0.011192861416953987,-0.00596608107962256,0.008257128638027909,0.0,0.0,0.0,0.0,1.0,0.0,1.0,1.0,0.0,0.0,0.0,0.0,12
RIGHT,RIGHT,True,0.8,strong,2.0,pure_duplication,8,explicit_belief_mixing,0.8444131516839203,0.002334886408012699,0.8429296356369087,0.8458966677309319,0.0,0.0,0.0,0.0,0.0,0.0,0.0,0.0,1.0,0.0,1.0,1.0,0.0,0.0,0.0,0.0,12
RIGHT,RIGHT,True,0.8,strong,2.0,pure_duplication,8,ordinary_flat_aggregation,0.9999950440280277,4.880261565942801e-06,0.9999919432577625,0.999998144798293,0.0588111589795014,0.005275044105272946,0.05545955585567879,0.062162762103324005,0.0,0.0,0.0,0.0,1.0,0.0,1.0,1.0,0.0,0.0,0.0,0.0,12
RIGHT,RIGHT,True,0.8,strong,2.0,pure_duplication,8,provenance_preserving,0.9411838850485265,0.005279597148402436,0.9378293890591143,0.9445383810379386,0.0,0.0,0.0,0.0,0.0,0.0,0.0,0.0,1.0,0.0,1.0,1.0,0.0,0.0,0.0,0.0,12
RIGHT,RIGHT,True,0.8,strong,2.0,pure_duplication,8,semantic_group_deduplication,0.8891768691046718,0.009987208481653973,0.8828312995743773,0.8955224386349662,0.0011455237792026747,0.011192861416953987,-0.00596608107962256,0.008257128638027909,0.0,0.0,0.0,0.0,1.0,0.0,1.0,1.0,0.0,0.0,0.0,0.0,12
RIGHT,RIGHT,True,0.8,strong,2.0,pure_duplication,8,single_trajectory_score_average,0.8888263033678404,0.00466977281602537,0.8858592712738173,0.8917933354618636,0.0,0.0,0.0,0.0,0.0,0.0,0.0,0.0,1.0,0.0,1.0,1.0,0.0,0.0,0.0,0.0,12
RIGHT,RIGHT,True,0.8,strong,2.0,pure_duplication,8,source_group_average,0.8888263033678404,0.00466977281602537,0.8858592712738173,0.8917933354618636,0.0,0.0,0.0,0.0,0.0,0.0,0.0,0.0,1.0,0.0,1.0,1.0,0.0,0.0,0.0,0.0,12
RIGHT,RIGHT,True,0.8,strong,2.0,pure_duplication,16,exact_deduplication,0.8860984441992438,0.009685189464846342,0.8799447683972264,0.8922521200012612,-0.0019329011262250728,0.010252477022666292,-0.008447014246481123,0.004581211994030976,0.0,0.0,0.0,0.0,1.0,0.0,1.0,1.0,0.0,0.0,0.0,0.0,12
RIGHT,RIGHT,True,0.8,strong,2.0,pure_duplication,16,explicit_belief_mixing,0.8444131516839203,0.002334886408012699,0.8429296356369087,0.8458966677309319,0.0,0.0,0.0,0.0,0.0,0.0,0.0,0.0,1.0,0.0,1.0,1.0,0.0,0.0,0.0,0.0,12
RIGHT,RIGHT,True,0.8,strong,2.0,pure_duplication,16,ordinary_flat_aggregation,0.9999999998144191,4.123245931898834e-10,0.9999999995524406,1.0000000000763976,0.05881611476589269,0.005279596808959676,0.05546161899215214,0.06217061053963324,0.0,0.0,0.0,0.0,1.0,0.0,1.0,1.0,0.0,0.0,0.0,0.0,12
RIGHT,RIGHT,True,0.8,strong,2.0,pure_duplication,16,provenance_preserving,0.9411838850485265,0.005279597148402436,0.9378293890591143,0.9445383810379386,0.0,0.0,0.0,0.0,0.0,0.0,0.0,0.0,1.0,0.0,1.0,1.0,0.0,0.0,0.0,0.0,12
RIGHT,RIGHT,True,0.8,strong,2.0,pure_duplication,16,semantic_group_deduplication,0.8860984441992438,0.009685189464846342,0.8799447683972264,0.8922521200012612,-0.0019329011262250728,0.010252477022666292,-0.008447014246481123,0.004581211994030976,0.0,0.0,0.0,0.0,1.0,0.0,1.0,1.0,0.0,0.0,0.0,0.0,12
RIGHT,RIGHT,True,0.8,strong,2.0,pure_duplication,16,single_trajectory_score_average,0.8888263033678404,0.004669772816025385,0.8858592712738173,0.8917933354618636,-1.850371707708594e-17,4.321537262272484e-17,-4.5961454868263707e-17,8.954020714091824e-18,0.0,0.0,0.0,0.0,1.0,0.0,1.0,1.0,0.0,0.0,0.0,0.0,12
RIGHT,RIGHT,True,0.8,strong,2.0,pure_duplication,16,source_group_average,0.8888263033678404,0.00466977281602537,0.8858592712738173,0.8917933354618636,0.0,0.0,0.0,0.0,0.0,0.0,0.0,0.0,1.0,0.0,1.0,1.0,0.0,0.0,0.0,0.0,12
RIGHT,RIGHT,True,0.8,weak,1.2,independent_rollout,1,exact_deduplication,0.9992280645519922,0.0003506029031369341,0.9990053020950489,0.9994508270089355,0.0,0.0,0.0,0.0,0.0,0.0,0.0,0.0,1.0,0.0,1.0,1.0,0.0,0.0,0.0,0.0,12
RIGHT,RIGHT,True,0.8,weak,1.2,independent_rollout,1,explicit_belief_mixing,0.8137966051902307,0.001110979142520371,0.8130907227198166,0.8145024876606447,0.0,0.0,0.0,0.0,0.0,0.0,0.0,0.0,1.0,0.0,1.0,1.0,0.0,0.0,0.0,0.0,12
RIGHT,RIGHT,True,0.8,weak,1.2,independent_rollout,1,ordinary_flat_aggregation,0.9992280645519922,0.0003506029031369341,0.9990053020950489,0.9994508270089355,0.0,0.0,0.0,0.0,0.0,0.0,0.0,0.0,1.0,0.0,1.0,1.0,0.0,0.0,0.0,0.0,12
RIGHT,RIGHT,True,0.8,weak,1.2,independent_rollout,1,provenance_preserving,0.9992280645519922,0.0003506029031369341,0.9990053020950489,0.9994508270089355,0.0,0.0,0.0,0.0,0.0,0.0,0.0,0.0,1.0,0.0,1.0,1.0,0.0,0.0,0.0,0.0,12
RIGHT,RIGHT,True,0.8,weak,1.2,independent_rollout,1,semantic_group_deduplication,0.8516923822538627,0.010202714487327279,0.8452098867401258,0.8581748777675996,0.0,0.0,0.0,0.0,0.0,0.0,0.0,0.0,1.0,0.0,1.0,1.0,0.0,0.0,0.0,0.0,12
RIGHT,RIGHT,True,0.8,weak,1.2,independent_rollout,1,single_trajectory_score_average,0.8275932103804607,0.0022219582850407566,0.8261814454396327,0.8290049753212888,0.0,0.0,0.0,0.0,0.0,0.0,0.0,0.0,1.0,0.0,1.0,1.0,0.0,0.0,0.0,0.0,12
RIGHT,RIGHT,True,0.8,weak,1.2,independent_rollout,1,source_group_average,0.8275932103804607,0.0022219582850407566,0.8261814454396327,0.8290049753212888,0.0,0.0,0.0,0.0,0.0,0.0,0.0,0.0,1.0,0.0,1.0,1.0,0.0,0.0,0.0,0.0,12
RIGHT,RIGHT,True,0.8,weak,1.2,independent_rollout,2,exact_deduplication,0.9992280645519922,0.0003506029031369341,0.9990053020950489,0.9994508270089355,0.0,0.0,0.0,0.0,0.0,0.0,0.0,0.0,1.0,0.0,1.0,1.0,0.0,0.0,0.0,0.0,12
RIGHT,RIGHT,True,0.8,weak,1.2,independent_rollout,2,explicit_belief_mixing,0.8137966051902307,0.0011109791425203662,0.8130907227198166,0.8145024876606447,0.0,4.734006883291518e-17,-3.007844473258028e-17,3.007844473258028e-17,0.0,0.0,0.0,0.0,1.0,0.0,1.0,1.0,0.0,0.0,0.0,0.0,12
RIGHT,RIGHT,True,0.8,weak,1.2,independent_rollout,2,ordinary_flat_aggregation,0.9992280645519922,0.0003506029031369341,0.9990053020950489,0.9994508270089355,0.0,0.0,0.0,0.0,0.0,0.0,0.0,0.0,1.0,0.0,1.0,1.0,0.0,0.0,0.0,0.0,12
RIGHT,RIGHT,True,0.8,weak,1.2,independent_rollout,2,provenance_preserving,0.9992280645519922,0.0003506029031369341,0.9990053020950489,0.9994508270089355,0.0,0.0,0.0,0.0,0.0,0.0,0.0,0.0,1.0,0.0,1.0,1.0,0.0,0.0,0.0,0.0,12
RIGHT,RIGHT,True,0.8,weak,1.2,independent_rollout,2,semantic_group_deduplication,0.8476920349997265,0.016001028062435724,0.8375254668027279,0.857858603196725,-0.004000347254136107,0.014111968387271922,-0.012966664195976939,0.004965969687704726,0.0,0.0,0.0,0.0,1.0,0.0,1.0,1.0,0.0,0.0,0.0,0.0,12
RIGHT,RIGHT,True,0.8,weak,1.2,independent_rollout,2,single_trajectory_score_average,0.8275932103804607,0.0022219582850407523,0.8261814454396327,0.8290049753212888,0.0,4.734006883291518e-17,-3.007844473258028e-17,3.007844473258028e-17,0.0,0.0,0.0,0.0,1.0,0.0,1.0,1.0,0.0,0.0,0.0,0.0,12
RIGHT,RIGHT,True,0.8,weak,1.2,independent_rollout,2,source_group_average,0.8275932103804607,0.0022219582850407523,0.8261814454396327,0.8290049753212888,0.0,4.734006883291518e-17,-3.007844473258028e-17,3.007844473258028e-17,0.0,0.0,0.0,0.0,1.0,0.0,1.0,1.0,0.0,0.0,0.0,0.0,12
RIGHT,RIGHT,True,0.8,weak,1.2,independent_rollout,4,exact_deduplication,0.9992280645519922,0.0003506029031369341,0.9990053020950489,0.9994508270089355,0.0,0.0,0.0,0.0,0.0,0.0,0.0,0.0,1.0,0.0,1.0,1.0,0.0,0.0,0.0,0.0,12
RIGHT,RIGHT,True,0.8,weak,1.2,independent_rollout,4,explicit_belief_mixing,0.8137966051902307,0.0011109791425203575,0.8130907227198166,0.8145024876606447,2.7755575615628914e-17,5.021172554038838e-17,-4.147432741299544e-18,5.965858397255737e-17,0.0,0.0,0.0,0.0,1.0,0.0,1.0,1.0,0.0,0.0,0.0,0.0,12
RIGHT,RIGHT,True,0.8,weak,1.2,independent_rollout,4,ordinary_flat_aggregation,0.9992280645519922,0.0003506029031369341,0.9990053020950489,0.9994508270089355,0.0,0.0,0.0,0.0,0.0,0.0,0.0,0.0,1.0,0.0,1.0,1.0,0.0,0.0,0.0,0.0,12
RIGHT,RIGHT,True,0.8,weak,1.2,independent_rollout,4,provenance_preserving,0.9992280645519922,0.0003506029031369341,0.9990053020950489,0.9994508270089355,0.0,0.0,0.0,0.0,0.0,0.0,0.0,0.0,1.0,0.0,1.0,1.0,0.0,0.0,0.0,0.0,12
RIGHT,RIGHT,True,0.8,weak,1.2,independent_rollout,4,semantic_group_deduplication,0.8501735376851928,0.011944532365855083,0.8425843438905887,0.8577627314797969,-0.001518844568669862,0.011748087180393081,-0.00898322304720931,0.005945533909869586,0.0,0.0,0.0,0.0,1.0,0.0,1.0,1.0,0.0,0.0,0.0,0.0,12
RIGHT,RIGHT,True,0.8,weak,1.2,independent_rollout,4,single_trajectory_score_average,0.8275932103804607,0.002221958285040731,0.8261814454396327,0.8290049753212888,3.700743415417188e-17,7.231314961041786e-17,-8.938149103693081e-18,8.295301741203685e-17,0.0,0.0,0.0,0.0,1.0,0.0,1.0,1.0,0.0,0.0,0.0,0.0,12
RIGHT,RIGHT,True,0.8,weak,1.2,independent_rollout,4,source_group_average,0.8275932103804607,0.002221958285040731,0.8261814454396327,0.8290049753212888,3.700743415417188e-17,7.231314961041786e-17,-8.938149103693081e-18,8.295301741203685e-17,0.0,0.0,0.0,0.0,1.0,0.0,1.0,1.0,0.0,0.0,0.0,0.0,12
RIGHT,RIGHT,True,0.8,weak,1.2,independent_rollout,8,exact_deduplication,0.9992280645519922,0.0003506029031369341,0.9990053020950489,0.9994508270089355,0.0,0.0,0.0,0.0,0.0,0.0,0.0,0.0,1.0,0.0,1.0,1.0,0.0,0.0,0.0,0.0,12
RIGHT,RIGHT,True,0.8,weak,1.2,independent_rollout,8,explicit_belief_mixing,0.8137966051902307,0.0011109791425203493,0.8130907227198166,0.8145024876606447,1.850371707708594e-17,4.321537262272484e-17,-8.954020714091824e-18,4.5961454868263707e-17,0.0,0.0,0.0,0.0,1.0,0.0,1.0,1.0,0.0,0.0,0.0,0.0,12
RIGHT,RIGHT,True,0.8,weak,1.2,independent_rollout,8,ordinary_flat_aggregation,0.9992280645519922,0.0003506029031369341,0.9990053020950489,0.9994508270089355,0.0,0.0,0.0,0.0,0.0,0.0,0.0,0.0,1.0,0.0,1.0,1.0,0.0,0.0,0.0,0.0,12
RIGHT,RIGHT,True,0.8,weak,1.2,independent_rollout,8,provenance_preserving,0.9992280645519922,0.0003506029031369341,0.9990053020950489,0.9994508270089355,0.0,0.0,0.0,0.0,0.0,0.0,0.0,0.0,1.0,0.0,1.0,1.0,0.0,0.0,0.0,0.0,12
RIGHT,RIGHT,True,0.8,weak,1.2,independent_rollout,8,semantic_group_deduplication,0.8565920364999315,0.008678353734370313,0.85107807360118,0.862105999398683,0.004899654246068974,0.013627939618314542,-0.003759125488180373,0.013558433980318321,0.0,0.0,0.0,0.0,1.0,0.0,1.0,1.0,0.0,0.0,0.0,0.0,12
RIGHT,RIGHT,True,0.8,weak,1.2,independent_rollout,8,single_trajectory_score_average,0.8275932103804607,0.0022219582850407445,0.8261814454396327,0.8290049753212888,2.7755575615628914e-17,5.021172554038838e-17,-4.147432741299544e-18,5.965858397255737e-17,0.0,0.0,0.0,0.0,1.0,0.0,1.0,1.0,0.0,0.0,0.0,0.0,12
RIGHT,RIGHT,True,0.8,weak,1.2,independent_rollout,8,source_group_average,0.8275932103804607,0.0022219582850407445,0.8261814454396327,0.8290049753212888,2.7755575615628914e-17,5.021172554038838e-17,-4.147432741299544e-18,5.965858397255737e-17,0.0,0.0,0.0,0.0,1.0,0.0,1.0,1.0,0.0,0.0,0.0,0.0,12
RIGHT,RIGHT,True,0.8,weak,1.2,independent_rollout,16,exact_deduplication,0.9992280645519922,0.0003506029031369341,0.9990053020950489,0.9994508270089355,0.0,0.0,0.0,0.0,0.0,0.0,0.0,0.0,1.0,0.0,1.0,1.0,0.0,0.0,0.0,0.0,12
RIGHT,RIGHT,True,0.8,weak,1.2,independent_rollout,16,explicit_belief_mixing,0.8137966051902307,0.001110979142520371,0.8130907227198166,0.8145024876606447,1.850371707708594e-17,4.321537262272484e-17,-8.954020714091824e-18,4.5961454868263707e-17,0.0,0.0,0.0,0.0,1.0,0.0,1.0,1.0,0.0,0.0,0.0,0.0,12
RIGHT,RIGHT,True,0.8,weak,1.2,independent_rollout,16,ordinary_flat_aggregation,0.9992280645519922,0.0003506029031369341,0.9990053020950489,0.9994508270089355,0.0,0.0,0.0,0.0,0.0,0.0,0.0,0.0,1.0,0.0,1.0,1.0,0.0,0.0,0.0,0.0,12
RIGHT,RIGHT,True,0.8,weak,1.2,independent_rollout,16,provenance_preserving,0.9992280645519922,0.0003506029031369341,0.9990053020950489,0.9994508270089355,0.0,0.0,0.0,0.0,0.0,0.0,0.0,0.0,1.0,0.0,1.0,1.0,0.0,0.0,0.0,0.0,12
RIGHT,RIGHT,True,0.8,weak,1.2,independent_rollout,16,semantic_group_deduplication,0.8545625128353042,0.010637062620052758,0.8478040456842848,0.8613209799863235,0.002870130581441773,0.015567935196549284,-0.007021263536773405,0.012761524699656952,0.0,0.0,0.0,0.0,1.0,0.0,1.0,1.0,0.0,0.0,0.0,0.0,12
RIGHT,RIGHT,True,0.8,weak,1.2,independent_rollout,16,single_trajectory_score_average,0.8275932103804607,0.0022219582850407384,0.8261814454396327,0.8290049753212888,3.700743415417188e-17,5.4663602968277986e-17,2.2758378278508704e-18,7.17390304804929e-17,0.0,0.0,0.0,0.0,1.0,0.0,1.0,1.0,0.0,0.0,0.0,0.0,12
RIGHT,RIGHT,True,0.8,weak,1.2,independent_rollout,16,source_group_average,0.8275932103804607,0.0022219582850407384,0.8261814454396327,0.8290049753212888,3.700743415417188e-17,5.4663602968277986e-17,2.2758378278508704e-18,7.17390304804929e-17,0.0,0.0,0.0,0.0,1.0,0.0,1.0,1.0,0.0,0.0,0.0,0.0,12
RIGHT,RIGHT,True,0.8,weak,1.2,pure_duplication,1,exact_deduplication,0.8248191321798832,0.01411035661673175,0.8158538393081866,0.8337844250515799,0.0,0.0,0.0,0.0,0.0,0.0,0.0,0.0,1.0,0.0,1.0,1.0,0.0,0.0,0.0,0.0,12
RIGHT,RIGHT,True,0.8,weak,1.2,pure_duplication,1,explicit_belief_mixing,0.8148162489759421,0.0037892604166849487,0.8124086677697786,0.8172238301821055,0.0,0.0,0.0,0.0,0.0,0.0,0.0,0.0,1.0,0.0,1.0,1.0,0.0,0.0,0.0,0.0,12
RIGHT,RIGHT,True,0.8,weak,1.2,pure_duplication,1,ordinary_flat_aggregation,0.8558561140082727,0.013213469392267781,0.8474606760919545,0.8642515519245908,0.0,0.0,0.0,0.0,0.0,0.0,0.0,0.0,1.0,0.0,1.0,1.0,0.0,0.0,0.0,0.0,12
RIGHT,RIGHT,True,0.8,weak,1.2,pure_duplication,1,provenance_preserving,0.8558561140082727,0.013213469392267781,0.8474606760919545,0.8642515519245908,0.0,0.0,0.0,0.0,0.0,0.0,0.0,0.0,1.0,0.0,1.0,1.0,0.0,0.0,0.0,0.0,12
RIGHT,RIGHT,True,0.8,weak,1.2,pure_duplication,1,semantic_group_deduplication,0.8248191321798832,0.01411035661673175,0.8158538393081866,0.8337844250515799,0.0,0.0,0.0,0.0,0.0,0.0,0.0,0.0,1.0,0.0,1.0,1.0,0.0,0.0,0.0,0.0,12
RIGHT,RIGHT,True,0.8,weak,1.2,pure_duplication,1,single_trajectory_score_average,0.8296324979518842,0.0075785208333699495,0.8248173355395572,0.8344476603642113,0.0,0.0,0.0,0.0,0.0,0.0,0.0,0.0,1.0,0.0,1.0,1.0,0.0,0.0,0.0,0.0,12
RIGHT,RIGHT,True,0.8,weak,1.2,pure_duplication,1,source_group_average,0.8296324979518842,0.0075785208333699495,0.8248173355395572,0.8344476603642113,0.0,0.0,0.0,0.0,0.0,0.0,0.0,0.0,1.0,0.0,1.0,1.0,0.0,0.0,0.0,0.0,12
RIGHT,RIGHT,True,0.8,weak,1.2,pure_duplication,2,exact_deduplication,0.8291614251156187,0.011927059506280424,0.8215833330463395,0.836739517184898,0.004342292935735598,0.01097890943975648,-0.002633373322233885,0.01131795919370508,0.0,0.0,0.0,0.0,1.0,0.0,1.0,1.0,0.0,0.0,0.0,0.0,12
RIGHT,RIGHT,True,0.8,weak,1.2,pure_duplication,2,explicit_belief_mixing,0.8148162489759421,0.0037892604166849487,0.8124086677697786,0.8172238301821055,0.0,0.0,0.0,0.0,0.0,0.0,0.0,0.0,1.0,0.0,1.0,1.0,0.0,0.0,0.0,0.0,12
RIGHT,RIGHT,True,0.8,weak,1.2,pure_duplication,2,ordinary_flat_aggregation,0.8972569787881696,0.01975608419937381,0.8847045617475356,0.9098093958288035,0.04140086477989674,0.006628723477403954,0.03718917481665732,0.04561255474313616,0.0,0.0,0.0,0.0,1.0,0.0,1.0,1.0,0.0,0.0,0.0,0.0,12
RIGHT,RIGHT,True,0.8,weak,1.2,pure_duplication,2,provenance_preserving,0.8558561140082727,0.013213469392267781,0.8474606760919545,0.8642515519245908,0.0,0.0,0.0,0.0,0.0,0.0,0.0,0.0,1.0,0.0,1.0,1.0,0.0,0.0,0.0,0.0,12
RIGHT,RIGHT,True,0.8,weak,1.2,pure_duplication,2,semantic_group_deduplication,0.8291614251156187,0.011927059506280424,0.8215833330463395,0.836739517184898,0.004342292935735598,0.01097890943975648,-0.002633373322233885,0.01131795919370508,0.0,0.0,0.0,0.0,1.0,0.0,1.0,1.0,0.0,0.0,0.0,0.0,12
RIGHT,RIGHT,True,0.8,weak,1.2,pure_duplication,2,single_trajectory_score_average,0.8296324979518842,0.007578520833369935,0.8248173355395572,0.8344476603642113,0.0,4.734006883291518e-17,-3.007844473258028e-17,3.007844473258028e-17,0.0,0.0,0.0,0.0,1.0,0.0,1.0,1.0,0.0,0.0,0.0,0.0,12
RIGHT,RIGHT,True,0.8,weak,1.2,pure_duplication,2,source_group_average,0.8296324979518842,0.0075785208333699495,0.8248173355395572,0.8344476603642113,0.0,0.0,0.0,0.0,0.0,0.0,0.0,0.0,1.0,0.0,1.0,1.0,0.0,0.0,0.0,0.0,12
RIGHT,RIGHT,True,0.8,weak,1.2,pure_duplication,4,exact_deduplication,0.8267262828701307,0.012918759698999135,0.818518094559478,0.8349344711807835,0.00190715069024755,0.01625626216537371,-0.00842158551893085,0.01223588689942595,0.0,0.0,0.0,0.0,1.0,0.0,1.0,1.0,0.0,0.0,0.0,0.0,12
RIGHT,RIGHT,True,0.8,weak,1.2,pure_duplication,4,explicit_belief_mixing,0.8148162489759421,0.0037892604166849487,0.8124086677697786,0.8172238301821055,0.0,0.0,0.0,0.0,0.0,0.0,0.0,0.0,1.0,0.0,1.0,1.0,0.0,0.0,0.0,0.0,12
RIGHT,RIGHT,True,0.8,weak,1.2,pure_duplication,4,ordinary_flat_aggregation,0.9481736348744222,0.021492215122961067,0.9345181328717036,0.9618291368771408,0.09231752086614953,0.009021816217120511,0.08658533231712318,0.09804970941517588,0.0,0.0,0.0,0.0,1.0,0.0,1.0,1.0,0.0,0.0,0.0,0.0,12
RIGHT,RIGHT,True,0.8,weak,1.2,pure_duplication,4,provenance_preserving,0.8558561140082727,0.013213469392267781,0.8474606760919545,0.8642515519245908,0.0,0.0,0.0,0.0,0.0,0.0,0.0,0.0,1.0,0.0,1.0,1.0,0.0,0.0,0.0,0.0,12
RIGHT,RIGHT,True,0.8,weak,1.2,pure_duplication,4,semantic_group_deduplication,0.8267262828701307,0.012918759698999135,0.818518094559478,0.8349344711807835,0.00190715069024755,0.01625626216537371,-0.00842158551893085,0.01223588689942595,0.0,0.0,0.0,0.0,1.0,0.0,1.0,1.0,0.0,0.0,0.0,0.0,12
RIGHT,RIGHT,True,0.8,weak,1.2,pure_duplication,4,single_trajectory_score_average,0.8296324979518842,0.0075785208333699495,0.8248173355395572,0.8344476603642113,0.0,0.0,0.0,0.0,0.0,0.0,0.0,0.0,1.0,0.0,1.0,1.0,0.0,0.0,0.0,0.0,12
RIGHT,RIGHT,True,0.8,weak,1.2,pure_duplication,4,source_group_average,0.8296324979518842,0.0075785208333699495,0.8248173355395572,0.8344476603642113,0.0,0.0,0.0,0.0,0.0,0.0,0.0,0.0,1.0,0.0,1.0,1.0,0.0,0.0,0.0,0.0,12
RIGHT,RIGHT,True,0.8,weak,1.2,pure_duplication,8,exact_deduplication,0.8286961053241462,0.011326852805304793,0.8214993663987995,0.8358928442494928,0.0038769731442631072,0.016820068037189474,-0.006809988225406054,0.014563934513932269,0.0,0.0,0.0,0.0,1.0,0.0,1.0,1.0,0.0,0.0,0.0,0.0,12
RIGHT,RIGHT,True,0.8,weak,1.2,pure_duplication,8,explicit_belief_mixing,0.8148162489759421,0.0037892604166849487,0.8124086677697786,0.8172238301821055,0.0,0.0,0.0,0.0,0.0,0.0,0.0,0.0,1.0,0.0,1.0,1.0,0.0,0.0,0.0,0.0,12
RIGHT,RIGHT,True,0.8,weak,1.2,pure_duplication,8,ordinary_flat_aggregation,0.9859899512523672,0.013430132473363643,0.9774568521819571,0.9945230503227773,0.13013383724409455,0.006251465138124505,0.126161845793926,0.1341058286942631,0.0,0.0,0.0,0.0,1.0,0.0,1.0,1.0,0.0,0.0,0.0,0.0,12
RIGHT,RIGHT,True,0.8,weak,1.2,pure_duplication,8,provenance_preserving,0.8558561140082727,0.013213469392267781,0.8474606760919545,0.8642515519245908,0.0,0.0,0.0,0.0,0.0,0.0,0.0,0.0,1.0,0.0,1.0,1.0,0.0,0.0,0.0,0.0,12
RIGHT,RIGHT,True,0.8,weak,1.2,pure_duplication,8,semantic_group_deduplication,0.8286961053241462,0.011326852805304793,0.8214993663987995,0.8358928442494928,0.0038769731442631072,0.016820068037189474,-0.006809988225406054,0.014563934513932269,0.0,0.0,0.0,0.0,1.0,0.0,1.0,1.0,0.0,0.0,0.0,0.0,12
RIGHT,RIGHT,True,0.8,weak,1.2,pure_duplication,8,single_trajectory_score_average,0.8296324979518842,0.0075785208333699495,0.8248173355395572,0.8344476603642113,0.0,0.0,0.0,0.0,0.0,0.0,0.0,0.0,1.0,0.0,1.0,1.0,0.0,0.0,0.0,0.0,12
RIGHT,RIGHT,True,0.8,weak,1.2,pure_duplication,8,source_group_average,0.8296324979518842,0.0075785208333699495,0.8248173355395572,0.8344476603642113,0.0,0.0,0.0,0.0,0.0,0.0,0.0,0.0,1.0,0.0,1.0,1.0,0.0,0.0,0.0,0.0,12
RIGHT,RIGHT,True,0.8,weak,1.2,pure_duplication,16,exact_deduplication,0.8251099503984435,0.012528845769102332,0.8171495015795152,0.8330703992173718,0.0002908182185601034,0.008097917956383599,-0.004854353381416516,0.005435989818536722,0.0,0.0,0.0,0.0,1.0,0.0,1.0,1.0,0.0,0.0,0.0,0.0,12
RIGHT,RIGHT,True,0.8,weak,1.2,pure_duplication,16,explicit_belief_mixing,0.8148162489759421,0.0037892604166849487,0.8124086677697786,0.8172238301821055,0.0,0.0,0.0,0.0,0.0,0.0,0.0,0.0,1.0,0.0,1.0,1.0,0.0,0.0,0.0,0.0,12
RIGHT,RIGHT,True,0.8,weak,1.2,pure_duplication,16,ordinary_flat_aggregation,0.998442927457607,0.0034680795485750775,0.9962394148391911,1.0006464400760229,0.14258681344933444,0.010885187069796139,0.13567069554426253,0.14950293135440634,0.0,0.0,0.0,0.0,1.0,0.0,1.0,1.0,0.0,0.0,0.0,0.0,12
RIGHT,RIGHT,True,0.8,weak,1.2,pure_duplication,16,provenance_preserving,0.8558561140082727,0.013213469392267781,0.8474606760919545,0.8642515519245908,0.0,0.0,0.0,0.0,0.0,0.0,0.0,0.0,1.0,0.0,1.0,1.0,0.0,0.0,0.0,0.0,12
RIGHT,RIGHT,True,0.8,weak,1.2,pure_duplication,16,semantic_group_deduplication,0.8251099503984435,0.012528845769102332,0.8171495015795152,0.8330703992173718,0.0002908182185601034,0.008097917956383599,-0.004854353381416516,0.005435989818536722,0.0,0.0,0.0,0.0,1.0,0.0,1.0,1.0,0.0,0.0,0.0,0.0,12
RIGHT,RIGHT,True,0.8,weak,1.2,pure_duplication,16,single_trajectory_score_average,0.8296324979518842,0.007578520833369931,0.8248173355395572,0.8344476603642113,-9.25185853854297e-18,3.204937810639273e-17,-2.961506188514317e-17,1.1111344808057227e-17,0.0,0.0,0.0,0.0,1.0,0.0,1.0,1.0,0.0,0.0,0.0,0.0,12
RIGHT,RIGHT,True,0.8,weak,1.2,pure_duplication,16,source_group_average,0.8296324979518842,0.0075785208333699495,0.8248173355395572,0.8344476603642113,0.0,0.0,0.0,0.0,0.0,0.0,0.0,0.0,1.0,0.0,1.0,1.0,0.0,0.0,0.0,0.0,12
